#-----------------------------------------------------------
# Vivado v2022.2 (64-bit)
# SW Build 3671981 on Fri Oct 14 05:00:03 MDT 2022
# IP Build 3669848 on Fri Oct 14 08:30:02 MDT 2022
# Start of session at: Tue Jun 16 11:50:07 2026
# Process ID: 28396
# Current directory: D:/DOAN/DATN_RTL/DATN_VIVADO/manual_sim
# Command line: vivado.exe -mode batch -source .\run_current_256_impl.tcl -nojournal -log .\current_256_impl.log
# Log file: D:/DOAN/DATN_RTL/DATN_VIVADO/manual_sim/./current_256_impl.log
# Journal file: 
# Running On: Cuong-Desktop, OS: Windows, CPU Frequency: 2496 MHz, CPU Physical cores: 6, Host memory: 16984 MB
#-----------------------------------------------------------
source {.\run_current_256_impl.tcl}
# set script_dir [file normalize [file dirname [info script]]]
# set repo_root [file normalize [file join $script_dir ".." ".."]]
# set project_dir [file join $script_dir "current_256_impl_project"]
# set part_name "xczu7ev-ffvc1156-2-e"
# proc report_weight_address_fanout {path label} {
#     set fp [open $path "w"]
#     puts $fp "Weight address fanout report: $label"
#     set source_pins [get_pins -hier -quiet -filter {
#         DIRECTION == OUT &&
#         (NAME =~ *weight_compute_addr_leaf_reg*/Q ||
#          NAME =~ *weight_wr_addr_leaf_reg*/Q)
#     }]
#     foreach driver [lsort $source_pins] {
#         foreach net [get_nets -quiet -of_objects $driver] {
#             set loads [get_pins -quiet -of_objects $net -filter {DIRECTION == IN}]
#             puts $fp [format "fanout=%4d driver=%s net=%s" \
#                 [llength $loads] $driver $net]
#         }
#     }
#     close $fp
# }
# proc report_weight_address_paths {path} {
#     set source_pins [get_pins -hier -quiet -filter {
#         DIRECTION == OUT &&
#         (NAME =~ *weight_compute_addr_leaf_reg*/Q ||
#          NAME =~ *weight_wr_addr_leaf_reg*/Q)
#     }]
#     set ram_addr_pins [get_pins -hier -quiet -filter {
#         REF_NAME == RAMB36E2 &&
#         (REF_PIN_NAME =~ ADDRARDADDR* || REF_PIN_NAME =~ ADDRBWRADDR*)
#     }]
#     report_timing -from $source_pins -to $ram_addr_pins -max_paths 50 \
#         -path_type full -file $path
# }
# create_project current_256_impl $project_dir -part $part_name -force
create_project: Time (s): cpu = 00:00:04 ; elapsed = 00:00:05 . Memory (MB): peak = 1003.570 ; gain = 119.656
# add_files [file join $repo_root "RTL" "Dual_Port_BRAM.v"]
# add_files [file join $repo_root "RTL" "PMAU_Full.v"]
# add_files [file join $repo_root "RTL" "Matrix_Vector_Multiplication.v"]
# add_files [file join $repo_root "RTL" "AXI4_Mapping.v"]
# add_files [file join $repo_root "RTL" "MY_IP.v"]
# add_files [file join $repo_root "RTL" "VPU_Top.v"]
# add_files [file join $repo_root "DATN_VIVADO" "project_1" "project_1.srcs" "sources_1" "ip" "mult_gen_0" "mult_gen_0.xci"]
INFO: [IP_Flow 19-234] Refreshing IP repositories
INFO: [IP_Flow 19-1704] No user IP repositories specified
INFO: [IP_Flow 19-2313] Loaded Vivado IP repository 'D:/Xlinx/Vivado/2022.2/data/ip'.
WARNING: [Vivado 12-13650] The IP file 'D:/DOAN/DATN_RTL/DATN_VIVADO/project_1/project_1.srcs/sources_1/ip/mult_gen_0/mult_gen_0.xci' has been moved from its original location, as a result the outputs for this IP will now be generated in 'd:/doan/datn_rtl/datn_vivado/project_1/tmp_edit_project.gen/sources_1/ip/mult_gen_0'. Alternatively a copy of the IP can be imported into the project using one of the 'import_ip' or 'import_files' commands.
# generate_target all [get_ips mult_gen_0]
# update_compile_order -fileset sources_1
# synth_design -top VPU_Top -part $part_name -mode out_of_context -generic {MAX_COL_BEATS=256}
Command: synth_design -top VPU_Top -part xczu7ev-ffvc1156-2-e -mode out_of_context -generic MAX_COL_BEATS=256
Starting synth_design
Attempting to get a license for feature 'Synthesis' and/or device 'xczu7ev'
INFO: [Common 17-349] Got license for feature 'Synthesis' and/or device 'xczu7ev'
INFO: [Synth 8-7079] Multithreading enabled for synth_design using a maximum of 2 processes.
INFO: [Synth 8-7078] Launching helper process for spawning children vivado processes
INFO: [Synth 8-7075] Helper process launched with PID 21760
INFO: [Synth 8-11241] undeclared symbol 'REGCCE', assumed default net type 'wire' [D:/Xlinx/Vivado/2022.2/data/verilog/src/unimacro/BRAM_SINGLE_MACRO.v:2170]
---------------------------------------------------------------------------------
Starting Synthesize : Time (s): cpu = 00:00:05 ; elapsed = 00:00:05 . Memory (MB): peak = 1451.160 ; gain = 375.523
---------------------------------------------------------------------------------
INFO: [Synth 8-6157] synthesizing module 'VPU_Top' [D:/DOAN/DATN_RTL/RTL/VPU_Top.v:14]
	Parameter MAX_COL_BEATS bound to: 256 - type: integer 
INFO: [Synth 8-6157] synthesizing module 'MY_IP' [D:/DOAN/DATN_RTL/RTL/MY_IP.v:3]
	Parameter C_S00_AXI_ID_WIDTH bound to: 1 - type: integer 
	Parameter C_S00_AXI_DATA_WIDTH bound to: 128 - type: integer 
	Parameter C_S00_AXI_ADDR_WIDTH bound to: 40 - type: integer 
	Parameter C_S00_AXI_AWUSER_WIDTH bound to: 1 - type: integer 
	Parameter C_S00_AXI_ARUSER_WIDTH bound to: 1 - type: integer 
	Parameter C_S00_AXI_WUSER_WIDTH bound to: 1 - type: integer 
	Parameter C_S00_AXI_RUSER_WIDTH bound to: 1 - type: integer 
	Parameter C_S00_AXI_BUSER_WIDTH bound to: 1 - type: integer 
	Parameter NUM_LANES bound to: 16 - type: integer 
	Parameter ACT_WIDTH bound to: 8 - type: integer 
	Parameter WEIGHT_WIDTH bound to: 8 - type: integer 
	Parameter ACC_WIDTH bound to: 32 - type: integer 
	Parameter SCALE_WIDTH bound to: 16 - type: integer 
	Parameter SCALE_FRAC_BITS bound to: 15 - type: integer 
	Parameter RESULT_FIFO_DEPTH bound to: 8 - type: integer 
	Parameter MAX_ROWS bound to: 256 - type: integer 
	Parameter MAX_COL_BEATS bound to: 256 - type: integer 
INFO: [Synth 8-6157] synthesizing module 'AXI4_Mapping' [D:/DOAN/DATN_RTL/RTL/AXI4_Mapping.v:17]
	Parameter AXI_DATA_WIDTH bound to: 128 - type: integer 
	Parameter AXI_ADDR_WIDTH bound to: 40 - type: integer 
	Parameter NUM_LANES bound to: 16 - type: integer 
	Parameter ACT_WIDTH bound to: 8 - type: integer 
	Parameter WEIGHT_WIDTH bound to: 8 - type: integer 
	Parameter ACC_WIDTH bound to: 32 - type: integer 
	Parameter SCALE_WIDTH bound to: 16 - type: integer 
	Parameter SCALE_FRAC_BITS bound to: 15 - type: integer 
	Parameter RESULT_FIFO_DEPTH bound to: 8 - type: integer 
	Parameter MAX_ROWS bound to: 256 - type: integer 
	Parameter MAX_COL_BEATS bound to: 256 - type: integer 
INFO: [Synth 8-6157] synthesizing module 'Matrix_Vector_Multiplication' [D:/DOAN/DATN_RTL/RTL/Matrix_Vector_Multiplication.v:32]
	Parameter NUM_LANES bound to: 16 - type: integer 
	Parameter ACT_WIDTH bound to: 8 - type: integer 
	Parameter WEIGHT_WIDTH bound to: 8 - type: integer 
	Parameter ACC_WIDTH bound to: 32 - type: integer 
	Parameter SCALE_WIDTH bound to: 16 - type: integer 
	Parameter SCALE_FRAC_BITS bound to: 15 - type: integer 
	Parameter RESULT_FIFO_DEPTH bound to: 8 - type: integer 
	Parameter AXI_DATA_WIDTH bound to: 128 - type: integer 
	Parameter MAX_ROWS bound to: 256 - type: integer 
	Parameter MAX_COL_BEATS bound to: 256 - type: integer 
INFO: [Synth 8-6157] synthesizing module 'Dual_Port_BRAM' [D:/DOAN/DATN_RTL/RTL/Dual_Port_BRAM.v:21]
	Parameter AWIDTH bound to: 13 - type: integer 
	Parameter DWIDTH bound to: 32 - type: integer 
	Parameter OUTPUT_REG bound to: 1 - type: integer 
INFO: [Synth 8-6155] done synthesizing module 'Dual_Port_BRAM' (0#1) [D:/DOAN/DATN_RTL/RTL/Dual_Port_BRAM.v:21]
INFO: [Synth 8-6157] synthesizing module 'PMAU_Full' [D:/DOAN/DATN_RTL/RTL/PMAU_Full.v:33]
	Parameter NUM_LANES bound to: 16 - type: integer 
	Parameter ACT_WIDTH bound to: 8 - type: integer 
	Parameter WEIGHT_WIDTH bound to: 8 - type: integer 
	Parameter ACC_WIDTH bound to: 32 - type: integer 
	Parameter SCALE_WIDTH bound to: 16 - type: integer 
	Parameter SCALE_FRAC_BITS bound to: 15 - type: integer 
	Parameter RESULT_FIFO_DEPTH bound to: 8 - type: integer 
INFO: [Synth 8-638] synthesizing module 'mult_gen_0' [d:/doan/datn_rtl/datn_vivado/project_1/tmp_edit_project.gen/sources_1/ip/mult_gen_0/synth/mult_gen_0.vhd:68]
WARNING: [Synth 8-5640] Port 'zero_detect' is missing in component declaration [d:/doan/datn_rtl/datn_vivado/project_1/tmp_edit_project.gen/sources_1/ip/mult_gen_0/synth/mult_gen_0.vhd:71]
WARNING: [Synth 8-5640] Port 'pcasc' is missing in component declaration [d:/doan/datn_rtl/datn_vivado/project_1/tmp_edit_project.gen/sources_1/ip/mult_gen_0/synth/mult_gen_0.vhd:71]
	Parameter C_VERBOSITY bound to: 0 - type: integer 
	Parameter C_MODEL_TYPE bound to: 0 - type: integer 
	Parameter C_OPTIMIZE_GOAL bound to: 1 - type: integer 
	Parameter C_XDEVICEFAMILY bound to: zynquplus - type: string 
	Parameter C_HAS_CE bound to: 0 - type: integer 
	Parameter C_HAS_SCLR bound to: 0 - type: integer 
	Parameter C_LATENCY bound to: 3 - type: integer 
	Parameter C_A_WIDTH bound to: 8 - type: integer 
	Parameter C_A_TYPE bound to: 0 - type: integer 
	Parameter C_B_WIDTH bound to: 8 - type: integer 
	Parameter C_B_TYPE bound to: 0 - type: integer 
	Parameter C_OUT_HIGH bound to: 15 - type: integer 
	Parameter C_OUT_LOW bound to: 0 - type: integer 
	Parameter C_MULT_TYPE bound to: 1 - type: integer 
	Parameter C_CE_OVERRIDES_SCLR bound to: 0 - type: integer 
	Parameter C_CCM_IMP bound to: 0 - type: integer 
	Parameter C_B_VALUE bound to: 10000001 - type: string 
	Parameter C_HAS_ZERO_DETECT bound to: 0 - type: integer 
	Parameter C_ROUND_OUTPUT bound to: 0 - type: integer 
	Parameter C_ROUND_PT bound to: 0 - type: integer 
INFO: [Synth 8-3491] module 'mult_gen_v12_0_18' declared at 'd:/doan/datn_rtl/datn_vivado/project_1/tmp_edit_project.gen/sources_1/ip/mult_gen_0/hdl/mult_gen_v12_0_vh_rfs.vhd:21010' bound to instance 'U0' of component 'mult_gen_v12_0_18' [d:/doan/datn_rtl/datn_vivado/project_1/tmp_edit_project.gen/sources_1/ip/mult_gen_0/synth/mult_gen_0.vhd:120]
WARNING: [Synth 8-5974] attribute "use_dsp48" has been deprecated, please use "use_dsp" instead 
INFO: [Synth 8-256] done synthesizing module 'mult_gen_0' (0#1) [d:/doan/datn_rtl/datn_vivado/project_1/tmp_edit_project.gen/sources_1/ip/mult_gen_0/synth/mult_gen_0.vhd:68]
INFO: [Synth 8-6155] done synthesizing module 'PMAU_Full' (0#1) [D:/DOAN/DATN_RTL/RTL/PMAU_Full.v:33]
INFO: [Synth 8-6157] synthesizing module 'Dual_Port_BRAM__parameterized0' [D:/DOAN/DATN_RTL/RTL/Dual_Port_BRAM.v:21]
	Parameter AWIDTH bound to: 8 - type: integer 
	Parameter DWIDTH bound to: 128 - type: integer 
	Parameter OUTPUT_REG bound to: 1 - type: integer 
INFO: [Synth 8-6155] done synthesizing module 'Dual_Port_BRAM__parameterized0' (0#1) [D:/DOAN/DATN_RTL/RTL/Dual_Port_BRAM.v:21]
INFO: [Synth 8-6157] synthesizing module 'Dual_Port_BRAM__parameterized1' [D:/DOAN/DATN_RTL/RTL/Dual_Port_BRAM.v:21]
	Parameter AWIDTH bound to: 10 - type: integer 
	Parameter DWIDTH bound to: 128 - type: integer 
INFO: [Synth 8-6155] done synthesizing module 'Dual_Port_BRAM__parameterized1' (0#1) [D:/DOAN/DATN_RTL/RTL/Dual_Port_BRAM.v:21]
INFO: [Synth 8-6155] done synthesizing module 'Matrix_Vector_Multiplication' (0#1) [D:/DOAN/DATN_RTL/RTL/Matrix_Vector_Multiplication.v:32]
INFO: [Synth 8-6155] done synthesizing module 'AXI4_Mapping' (0#1) [D:/DOAN/DATN_RTL/RTL/AXI4_Mapping.v:17]
INFO: [Synth 8-6155] done synthesizing module 'MY_IP' (0#1) [D:/DOAN/DATN_RTL/RTL/MY_IP.v:3]
INFO: [Synth 8-6155] done synthesizing module 'VPU_Top' (0#1) [D:/DOAN/DATN_RTL/RTL/VPU_Top.v:14]
WARNING: [Synth 8-6014] Unused sequential element sum_pipe_reg[1][4] was removed.  [D:/DOAN/DATN_RTL/RTL/PMAU_Full.v:200]
WARNING: [Synth 8-6014] Unused sequential element sum_pipe_reg[1][5] was removed.  [D:/DOAN/DATN_RTL/RTL/PMAU_Full.v:200]
WARNING: [Synth 8-6014] Unused sequential element sum_pipe_reg[1][6] was removed.  [D:/DOAN/DATN_RTL/RTL/PMAU_Full.v:200]
WARNING: [Synth 8-6014] Unused sequential element sum_pipe_reg[1][7] was removed.  [D:/DOAN/DATN_RTL/RTL/PMAU_Full.v:200]
WARNING: [Synth 8-6014] Unused sequential element sum_pipe_reg[2][2] was removed.  [D:/DOAN/DATN_RTL/RTL/PMAU_Full.v:200]
WARNING: [Synth 8-6014] Unused sequential element sum_pipe_reg[2][3] was removed.  [D:/DOAN/DATN_RTL/RTL/PMAU_Full.v:200]
WARNING: [Synth 8-6014] Unused sequential element sum_pipe_reg[2][4] was removed.  [D:/DOAN/DATN_RTL/RTL/PMAU_Full.v:200]
WARNING: [Synth 8-6014] Unused sequential element sum_pipe_reg[2][5] was removed.  [D:/DOAN/DATN_RTL/RTL/PMAU_Full.v:200]
WARNING: [Synth 8-6014] Unused sequential element sum_pipe_reg[2][6] was removed.  [D:/DOAN/DATN_RTL/RTL/PMAU_Full.v:200]
WARNING: [Synth 8-6014] Unused sequential element sum_pipe_reg[2][7] was removed.  [D:/DOAN/DATN_RTL/RTL/PMAU_Full.v:200]
WARNING: [Synth 8-6014] Unused sequential element sum_pipe_reg[3][1] was removed.  [D:/DOAN/DATN_RTL/RTL/PMAU_Full.v:200]
WARNING: [Synth 8-6014] Unused sequential element sum_pipe_reg[3][2] was removed.  [D:/DOAN/DATN_RTL/RTL/PMAU_Full.v:200]
WARNING: [Synth 8-6014] Unused sequential element sum_pipe_reg[3][3] was removed.  [D:/DOAN/DATN_RTL/RTL/PMAU_Full.v:200]
WARNING: [Synth 8-6014] Unused sequential element sum_pipe_reg[3][4] was removed.  [D:/DOAN/DATN_RTL/RTL/PMAU_Full.v:200]
WARNING: [Synth 8-6014] Unused sequential element sum_pipe_reg[3][5] was removed.  [D:/DOAN/DATN_RTL/RTL/PMAU_Full.v:200]
WARNING: [Synth 8-6014] Unused sequential element sum_pipe_reg[3][6] was removed.  [D:/DOAN/DATN_RTL/RTL/PMAU_Full.v:200]
WARNING: [Synth 8-6014] Unused sequential element sum_pipe_reg[3][7] was removed.  [D:/DOAN/DATN_RTL/RTL/PMAU_Full.v:200]
WARNING: [Synth 8-6014] Unused sequential element deq_s1_last_reg was removed.  [D:/DOAN/DATN_RTL/RTL/PMAU_Full.v:309]
WARNING: [Synth 8-6014] Unused sequential element deq_s2_last_reg was removed.  [D:/DOAN/DATN_RTL/RTL/PMAU_Full.v:313]
WARNING: [Synth 8-6014] Unused sequential element compute_rd_en_reg was removed.  [D:/DOAN/DATN_RTL/RTL/Matrix_Vector_Multiplication.v:414]
WARNING: [Synth 8-7129] Port CLK in module delay_line is either unconnected or has no load
WARNING: [Synth 8-7129] Port CE in module delay_line is either unconnected or has no load
WARNING: [Synth 8-7129] Port SCLR in module delay_line is either unconnected or has no load
WARNING: [Synth 8-7129] Port C_PORT[47] in module dsp is either unconnected or has no load
WARNING: [Synth 8-7129] Port C_PORT[46] in module dsp is either unconnected or has no load
WARNING: [Synth 8-7129] Port C_PORT[45] in module dsp is either unconnected or has no load
WARNING: [Synth 8-7129] Port C_PORT[44] in module dsp is either unconnected or has no load
WARNING: [Synth 8-7129] Port C_PORT[43] in module dsp is either unconnected or has no load
WARNING: [Synth 8-7129] Port C_PORT[42] in module dsp is either unconnected or has no load
WARNING: [Synth 8-7129] Port C_PORT[41] in module dsp is either unconnected or has no load
WARNING: [Synth 8-7129] Port C_PORT[40] in module dsp is either unconnected or has no load
WARNING: [Synth 8-7129] Port C_PORT[39] in module dsp is either unconnected or has no load
WARNING: [Synth 8-7129] Port C_PORT[38] in module dsp is either unconnected or has no load
WARNING: [Synth 8-7129] Port C_PORT[37] in module dsp is either unconnected or has no load
WARNING: [Synth 8-7129] Port C_PORT[36] in module dsp is either unconnected or has no load
WARNING: [Synth 8-7129] Port C_PORT[35] in module dsp is either unconnected or has no load
WARNING: [Synth 8-7129] Port C_PORT[34] in module dsp is either unconnected or has no load
WARNING: [Synth 8-7129] Port C_PORT[33] in module dsp is either unconnected or has no load
WARNING: [Synth 8-7129] Port C_PORT[32] in module dsp is either unconnected or has no load
WARNING: [Synth 8-7129] Port C_PORT[31] in module dsp is either unconnected or has no load
WARNING: [Synth 8-7129] Port C_PORT[30] in module dsp is either unconnected or has no load
WARNING: [Synth 8-7129] Port C_PORT[29] in module dsp is either unconnected or has no load
WARNING: [Synth 8-7129] Port C_PORT[28] in module dsp is either unconnected or has no load
WARNING: [Synth 8-7129] Port C_PORT[27] in module dsp is either unconnected or has no load
WARNING: [Synth 8-7129] Port C_PORT[26] in module dsp is either unconnected or has no load
WARNING: [Synth 8-7129] Port C_PORT[25] in module dsp is either unconnected or has no load
WARNING: [Synth 8-7129] Port C_PORT[24] in module dsp is either unconnected or has no load
WARNING: [Synth 8-7129] Port C_PORT[23] in module dsp is either unconnected or has no load
WARNING: [Synth 8-7129] Port C_PORT[22] in module dsp is either unconnected or has no load
WARNING: [Synth 8-7129] Port C_PORT[21] in module dsp is either unconnected or has no load
WARNING: [Synth 8-7129] Port C_PORT[20] in module dsp is either unconnected or has no load
WARNING: [Synth 8-7129] Port C_PORT[19] in module dsp is either unconnected or has no load
WARNING: [Synth 8-7129] Port C_PORT[18] in module dsp is either unconnected or has no load
WARNING: [Synth 8-7129] Port C_PORT[17] in module dsp is either unconnected or has no load
WARNING: [Synth 8-7129] Port C_PORT[16] in module dsp is either unconnected or has no load
WARNING: [Synth 8-7129] Port C_PORT[15] in module dsp is either unconnected or has no load
WARNING: [Synth 8-7129] Port C_PORT[14] in module dsp is either unconnected or has no load
WARNING: [Synth 8-7129] Port C_PORT[13] in module dsp is either unconnected or has no load
WARNING: [Synth 8-7129] Port C_PORT[12] in module dsp is either unconnected or has no load
WARNING: [Synth 8-7129] Port C_PORT[11] in module dsp is either unconnected or has no load
WARNING: [Synth 8-7129] Port C_PORT[10] in module dsp is either unconnected or has no load
WARNING: [Synth 8-7129] Port C_PORT[9] in module dsp is either unconnected or has no load
WARNING: [Synth 8-7129] Port C_PORT[8] in module dsp is either unconnected or has no load
WARNING: [Synth 8-7129] Port C_PORT[7] in module dsp is either unconnected or has no load
WARNING: [Synth 8-7129] Port C_PORT[6] in module dsp is either unconnected or has no load
WARNING: [Synth 8-7129] Port C_PORT[5] in module dsp is either unconnected or has no load
WARNING: [Synth 8-7129] Port C_PORT[4] in module dsp is either unconnected or has no load
WARNING: [Synth 8-7129] Port C_PORT[3] in module dsp is either unconnected or has no load
WARNING: [Synth 8-7129] Port C_PORT[2] in module dsp is either unconnected or has no load
WARNING: [Synth 8-7129] Port C_PORT[1] in module dsp is either unconnected or has no load
WARNING: [Synth 8-7129] Port C_PORT[0] in module dsp is either unconnected or has no load
WARNING: [Synth 8-7129] Port D_PORT[24] in module dsp is either unconnected or has no load
WARNING: [Synth 8-7129] Port D_PORT[23] in module dsp is either unconnected or has no load
WARNING: [Synth 8-7129] Port D_PORT[22] in module dsp is either unconnected or has no load
WARNING: [Synth 8-7129] Port D_PORT[21] in module dsp is either unconnected or has no load
WARNING: [Synth 8-7129] Port D_PORT[20] in module dsp is either unconnected or has no load
WARNING: [Synth 8-7129] Port D_PORT[19] in module dsp is either unconnected or has no load
WARNING: [Synth 8-7129] Port D_PORT[18] in module dsp is either unconnected or has no load
WARNING: [Synth 8-7129] Port D_PORT[17] in module dsp is either unconnected or has no load
WARNING: [Synth 8-7129] Port D_PORT[16] in module dsp is either unconnected or has no load
WARNING: [Synth 8-7129] Port D_PORT[15] in module dsp is either unconnected or has no load
WARNING: [Synth 8-7129] Port D_PORT[14] in module dsp is either unconnected or has no load
WARNING: [Synth 8-7129] Port D_PORT[13] in module dsp is either unconnected or has no load
WARNING: [Synth 8-7129] Port D_PORT[12] in module dsp is either unconnected or has no load
WARNING: [Synth 8-7129] Port D_PORT[11] in module dsp is either unconnected or has no load
WARNING: [Synth 8-7129] Port D_PORT[10] in module dsp is either unconnected or has no load
WARNING: [Synth 8-7129] Port D_PORT[9] in module dsp is either unconnected or has no load
WARNING: [Synth 8-7129] Port D_PORT[8] in module dsp is either unconnected or has no load
WARNING: [Synth 8-7129] Port D_PORT[7] in module dsp is either unconnected or has no load
WARNING: [Synth 8-7129] Port D_PORT[6] in module dsp is either unconnected or has no load
WARNING: [Synth 8-7129] Port D_PORT[5] in module dsp is either unconnected or has no load
WARNING: [Synth 8-7129] Port D_PORT[4] in module dsp is either unconnected or has no load
WARNING: [Synth 8-7129] Port D_PORT[3] in module dsp is either unconnected or has no load
WARNING: [Synth 8-7129] Port D_PORT[2] in module dsp is either unconnected or has no load
WARNING: [Synth 8-7129] Port D_PORT[1] in module dsp is either unconnected or has no load
WARNING: [Synth 8-7129] Port D_PORT[0] in module dsp is either unconnected or has no load
WARNING: [Synth 8-7129] Port SUBTRACT in module dsp is either unconnected or has no load
WARNING: [Synth 8-7129] Port CARRY_IN in module dsp is either unconnected or has no load
WARNING: [Synth 8-7129] Port PCASC_IN[47] in module dsp is either unconnected or has no load
WARNING: [Synth 8-7129] Port PCASC_IN[46] in module dsp is either unconnected or has no load
WARNING: [Synth 8-7129] Port PCASC_IN[45] in module dsp is either unconnected or has no load
WARNING: [Synth 8-7129] Port PCASC_IN[44] in module dsp is either unconnected or has no load
WARNING: [Synth 8-7129] Port PCASC_IN[43] in module dsp is either unconnected or has no load
WARNING: [Synth 8-7129] Port PCASC_IN[42] in module dsp is either unconnected or has no load
WARNING: [Synth 8-7129] Port PCASC_IN[41] in module dsp is either unconnected or has no load
WARNING: [Synth 8-7129] Port PCASC_IN[40] in module dsp is either unconnected or has no load
WARNING: [Synth 8-7129] Port PCASC_IN[39] in module dsp is either unconnected or has no load
WARNING: [Synth 8-7129] Port PCASC_IN[38] in module dsp is either unconnected or has no load
WARNING: [Synth 8-7129] Port PCASC_IN[37] in module dsp is either unconnected or has no load
WARNING: [Synth 8-7129] Port PCASC_IN[36] in module dsp is either unconnected or has no load
WARNING: [Synth 8-7129] Port PCASC_IN[35] in module dsp is either unconnected or has no load
WARNING: [Synth 8-7129] Port PCASC_IN[34] in module dsp is either unconnected or has no load
WARNING: [Synth 8-7129] Port PCASC_IN[33] in module dsp is either unconnected or has no load
WARNING: [Synth 8-7129] Port PCASC_IN[32] in module dsp is either unconnected or has no load
WARNING: [Synth 8-7129] Port PCASC_IN[31] in module dsp is either unconnected or has no load
WARNING: [Synth 8-7129] Port PCASC_IN[30] in module dsp is either unconnected or has no load
WARNING: [Synth 8-7129] Port PCASC_IN[29] in module dsp is either unconnected or has no load
WARNING: [Synth 8-7129] Port PCASC_IN[28] in module dsp is either unconnected or has no load
WARNING: [Synth 8-7129] Port PCASC_IN[27] in module dsp is either unconnected or has no load
WARNING: [Synth 8-7129] Port PCASC_IN[26] in module dsp is either unconnected or has no load
INFO: [Common 17-14] Message 'Synth 8-7129' appears 100 times and further instances of the messages will be disabled. Use the Tcl command set_msg_config to change the current settings.
---------------------------------------------------------------------------------
Finished Synthesize : Time (s): cpu = 00:00:07 ; elapsed = 00:00:08 . Memory (MB): peak = 1602.613 ; gain = 526.977
---------------------------------------------------------------------------------
---------------------------------------------------------------------------------
Finished Constraint Validation : Time (s): cpu = 00:00:08 ; elapsed = 00:00:09 . Memory (MB): peak = 1602.613 ; gain = 526.977
---------------------------------------------------------------------------------
---------------------------------------------------------------------------------
Start Loading Part and Timing Information
---------------------------------------------------------------------------------
Loading part: xczu7ev-ffvc1156-2-e
INFO: [Synth 8-6742] Reading net delay rules and data
---------------------------------------------------------------------------------
INFO: [Device 21-403] Loading part xczu7ev-ffvc1156-2-e
Finished Loading Part and Timing Information : Time (s): cpu = 00:00:08 ; elapsed = 00:00:09 . Memory (MB): peak = 1602.613 ; gain = 526.977
---------------------------------------------------------------------------------
WARNING: [Synth 8-6841] Block RAM (mem_reg) originally specified as a Byte Wide Write Enable RAM cannot take advantage of ByteWide feature and is implemented with single write enable per RAM due to following reason.
(address width (13) is more than optimal threshold of 12. Implementing using BWWE will require more logic and timing would be suboptimal. Please use attribute ram_decomp = power if BWWE is desired.)
INFO: [Synth 8-5555] Implemented Block Ram Cascade chain of height 2 and width 8 for RAM "Dual_Port_BRAM:/mem_reg"
INFO: [Synth 8-5555] Implemented Block Ram Cascade chain of height 2 and width 8 for RAM "Dual_Port_BRAM:/mem_reg"
INFO: [Synth 8-5555] Implemented Block Ram Cascade chain of height 2 and width 8 for RAM "Dual_Port_BRAM:/mem_reg"
INFO: [Synth 8-5555] Implemented Block Ram Cascade chain of height 2 and width 8 for RAM "Dual_Port_BRAM:/mem_reg"
INFO: [Synth 8-3971] The signal "Dual_Port_BRAM:/mem_reg" was recognized as a true dual port RAM template.
INFO: [Synth 8-3971] The signal "Dual_Port_BRAM__parameterized0:/mem_reg" was recognized as a true dual port RAM template.
INFO: [Synth 8-3971] The signal "Dual_Port_BRAM__parameterized1:/mem_reg" was recognized as a true dual port RAM template.
---------------------------------------------------------------------------------
Finished RTL Optimization Phase 2 : Time (s): cpu = 00:00:11 ; elapsed = 00:00:11 . Memory (MB): peak = 1655.949 ; gain = 580.312
---------------------------------------------------------------------------------
No constraint files found.
---------------------------------------------------------------------------------
Start RTL Component Statistics 
---------------------------------------------------------------------------------
---------------------------------------------------------------------------------
Finished RTL Component Statistics 
---------------------------------------------------------------------------------
---------------------------------------------------------------------------------
Start Part Resource Summary
---------------------------------------------------------------------------------
Part Resources:
DSPs: 1728 (col length:144)
BRAMs: 624 (col length: RAMB18 144 RAMB36 72)
---------------------------------------------------------------------------------
Finished Part Resource Summary
---------------------------------------------------------------------------------
No constraint files found.
---------------------------------------------------------------------------------
Start Cross Boundary and Area Optimization
---------------------------------------------------------------------------------
WARNING: [Synth 8-7080] Parallel synthesis criteria is not met
WARNING: [Synth 8-3936] Found unconnected internal register 'wr_pipe_index_r_reg' and it is trimmed from '32' to '16' bits. [D:/DOAN/DATN_RTL/RTL/Matrix_Vector_Multiplication.v:315]
WARNING: [Synth 8-3917] design VPU_Top has port s00_axi_bresp[1] driven by constant 0
WARNING: [Synth 8-3917] design VPU_Top has port s00_axi_bresp[0] driven by constant 0
WARNING: [Synth 8-3917] design VPU_Top has port s00_axi_buser[0] driven by constant 0
WARNING: [Synth 8-3917] design VPU_Top has port s00_axi_ruser[0] driven by constant 0
WARNING: [Synth 8-6841] Block RAM (mem_reg) originally specified as a Byte Wide Write Enable RAM cannot take advantage of ByteWide feature and is implemented with single write enable per RAM due to following reason.
(address width (13) is more than optimal threshold of 12. Implementing using BWWE will require more logic and timing would be suboptimal. Please use attribute ram_decomp = power if BWWE is desired.)
INFO: [Synth 8-5555] Implemented Block Ram Cascade chain of height 2 and width 8 for RAM "Dual_Port_BRAM:/mem_reg"
INFO: [Synth 8-5555] Implemented Block Ram Cascade chain of height 2 and width 8 for RAM "Dual_Port_BRAM:/mem_reg"
INFO: [Synth 8-5555] Implemented Block Ram Cascade chain of height 2 and width 8 for RAM "Dual_Port_BRAM:/mem_reg"
INFO: [Synth 8-5555] Implemented Block Ram Cascade chain of height 2 and width 8 for RAM "Dual_Port_BRAM:/mem_reg"
INFO: [Synth 8-3971] The signal "Dual_Port_BRAM:/mem_reg" was recognized as a true dual port RAM template.
INFO: [Synth 8-3971] The signal "\u_my_ip/u_axi4_mapping/u_gemv /u_act_bram/mem_reg" was recognized as a true dual port RAM template.
INFO: [Synth 8-3971] The signal "\u_my_ip/u_axi4_mapping/u_gemv /u_result_bram/mem_reg" was recognized as a true dual port RAM template.
---------------------------------------------------------------------------------
Finished Cross Boundary and Area Optimization : Time (s): cpu = 00:00:25 ; elapsed = 00:00:27 . Memory (MB): peak = 2571.738 ; gain = 1496.102
---------------------------------------------------------------------------------
No constraint files found.
---------------------------------------------------------------------------------
Start Timing Optimization
---------------------------------------------------------------------------------
---------------------------------------------------------------------------------
Finished Timing Optimization : Time (s): cpu = 00:00:26 ; elapsed = 00:00:28 . Memory (MB): peak = 2571.738 ; gain = 1496.102
---------------------------------------------------------------------------------
---------------------------------------------------------------------------------
Start Technology Mapping
---------------------------------------------------------------------------------
INFO: [Synth 8-7052] The timing for the instance u_my_ip/u_axi4_mapping/u_gemv/u_result_bram/mem_reg_0 (implemented as a Block RAM) might be sub-optimal as no optional output register could be merged into the ram block. Providing additional output register may help in improving timing.
INFO: [Synth 8-7052] The timing for the instance u_my_ip/u_axi4_mapping/u_gemv/u_result_bram/mem_reg_1 (implemented as a Block RAM) might be sub-optimal as no optional output register could be merged into the ram block. Providing additional output register may help in improving timing.
INFO: [Synth 8-7052] The timing for the instance u_my_ip/u_axi4_mapping/u_gemv/u_result_bram/mem_reg_2 (implemented as a Block RAM) might be sub-optimal as no optional output register could be merged into the ram block. Providing additional output register may help in improving timing.
INFO: [Synth 8-7052] The timing for the instance u_my_ip/u_axi4_mapping/u_gemv/u_result_bram/mem_reg_3 (implemented as a Block RAM) might be sub-optimal as no optional output register could be merged into the ram block. Providing additional output register may help in improving timing.
---------------------------------------------------------------------------------
Finished Technology Mapping : Time (s): cpu = 00:00:28 ; elapsed = 00:00:29 . Memory (MB): peak = 2571.738 ; gain = 1496.102
---------------------------------------------------------------------------------
---------------------------------------------------------------------------------
Start IO Insertion
---------------------------------------------------------------------------------
---------------------------------------------------------------------------------
Start Flattening Before IO Insertion
---------------------------------------------------------------------------------
---------------------------------------------------------------------------------
Finished Flattening Before IO Insertion
---------------------------------------------------------------------------------
---------------------------------------------------------------------------------
Start Final Netlist Cleanup
---------------------------------------------------------------------------------
---------------------------------------------------------------------------------
Finished Final Netlist Cleanup
---------------------------------------------------------------------------------
---------------------------------------------------------------------------------
Finished IO Insertion : Time (s): cpu = 00:00:31 ; elapsed = 00:00:33 . Memory (MB): peak = 2571.738 ; gain = 1496.102
---------------------------------------------------------------------------------
---------------------------------------------------------------------------------
Start Renaming Generated Instances
---------------------------------------------------------------------------------
---------------------------------------------------------------------------------
Finished Renaming Generated Instances : Time (s): cpu = 00:00:31 ; elapsed = 00:00:33 . Memory (MB): peak = 2571.738 ; gain = 1496.102
---------------------------------------------------------------------------------
---------------------------------------------------------------------------------
Start Rebuilding User Hierarchy
---------------------------------------------------------------------------------
---------------------------------------------------------------------------------
Finished Rebuilding User Hierarchy : Time (s): cpu = 00:00:31 ; elapsed = 00:00:33 . Memory (MB): peak = 2571.738 ; gain = 1496.102
---------------------------------------------------------------------------------
---------------------------------------------------------------------------------
Start Renaming Generated Ports
---------------------------------------------------------------------------------
---------------------------------------------------------------------------------
Finished Renaming Generated Ports : Time (s): cpu = 00:00:31 ; elapsed = 00:00:33 . Memory (MB): peak = 2571.738 ; gain = 1496.102
---------------------------------------------------------------------------------
---------------------------------------------------------------------------------
Start Handling Custom Attributes
---------------------------------------------------------------------------------
---------------------------------------------------------------------------------
Finished Handling Custom Attributes : Time (s): cpu = 00:00:31 ; elapsed = 00:00:33 . Memory (MB): peak = 2571.738 ; gain = 1496.102
---------------------------------------------------------------------------------
---------------------------------------------------------------------------------
Start Renaming Generated Nets
---------------------------------------------------------------------------------
---------------------------------------------------------------------------------
Finished Renaming Generated Nets : Time (s): cpu = 00:00:31 ; elapsed = 00:00:33 . Memory (MB): peak = 2571.738 ; gain = 1496.102
---------------------------------------------------------------------------------
---------------------------------------------------------------------------------
Start Writing Synthesis Report
---------------------------------------------------------------------------------

DSP Final Report (the ' indicates corresponding REG is set)
+------------+-----------------+--------+--------+--------+--------+--------+------+------+------+------+-------+------+------+
|Module Name | DSP Mapping     | A Size | B Size | C Size | D Size | P Size | AREG | BREG | CREG | DREG | ADREG | MREG | PREG | 
+------------+-----------------+--------+--------+--------+--------+--------+------+------+------+------+-------+------+------+
|PMAU_Full   | A'*B''          | 17     | 16     | -      | -      | 48     | 1    | 2    | -    | -    | -     | 0    | 0    | 
|PMAU_Full   | PCIN>>17+A''*B' | 16     | 18     | -      | -      | 48     | 2    | 1    | -    | -    | -     | 0    | 0    | 
|dsp         | ((A'*B')')'     | 30     | 18     | -      | -      | 16     | 1    | 1    | -    | -    | -     | 1    | 1    | 
|dsp         | ((A'*B')')'     | 30     | 18     | -      | -      | 16     | 1    | 1    | -    | -    | -     | 1    | 1    | 
|dsp         | ((A'*B')')'     | 30     | 18     | -      | -      | 16     | 1    | 1    | -    | -    | -     | 1    | 1    | 
|dsp         | ((A'*B')')'     | 30     | 18     | -      | -      | 16     | 1    | 1    | -    | -    | -     | 1    | 1    | 
|dsp         | ((A'*B')')'     | 30     | 18     | -      | -      | 16     | 1    | 1    | -    | -    | -     | 1    | 1    | 
|dsp         | ((A'*B')')'     | 30     | 18     | -      | -      | 16     | 1    | 1    | -    | -    | -     | 1    | 1    | 
|dsp         | ((A'*B')')'     | 30     | 18     | -      | -      | 16     | 1    | 1    | -    | -    | -     | 1    | 1    | 
|dsp         | ((A'*B')')'     | 30     | 18     | -      | -      | 16     | 1    | 1    | -    | -    | -     | 1    | 1    | 
|dsp         | ((A'*B')')'     | 30     | 18     | -      | -      | 16     | 1    | 1    | -    | -    | -     | 1    | 1    | 
|dsp         | ((A'*B')')'     | 30     | 18     | -      | -      | 16     | 1    | 1    | -    | -    | -     | 1    | 1    | 
|dsp         | ((A'*B')')'     | 30     | 18     | -      | -      | 16     | 1    | 1    | -    | -    | -     | 1    | 1    | 
|dsp         | ((A'*B')')'     | 30     | 18     | -      | -      | 16     | 1    | 1    | -    | -    | -     | 1    | 1    | 
|dsp         | ((A'*B')')'     | 30     | 18     | -      | -      | 16     | 1    | 1    | -    | -    | -     | 1    | 1    | 
|dsp         | ((A'*B')')'     | 30     | 18     | -      | -      | 16     | 1    | 1    | -    | -    | -     | 1    | 1    | 
|dsp         | ((A'*B')')'     | 30     | 18     | -      | -      | 16     | 1    | 1    | -    | -    | -     | 1    | 1    | 
|dsp         | ((A'*B')')'     | 30     | 18     | -      | -      | 16     | 1    | 1    | -    | -    | -     | 1    | 1    | 
+------------+-----------------+--------+--------+--------+--------+--------+------+------+------+------+-------+------+------+


Report BlackBoxes: 
+-+--------------+----------+
| |BlackBox name |Instances |
+-+--------------+----------+
+-+--------------+----------+

Report Cell Usage: 
+------+---------+------+
|      |Cell     |Count |
+------+---------+------+
|1     |CARRY8   |   104|
|2     |DSP48E2  |    18|
|3     |LUT1     |   158|
|4     |LUT2     |  1421|
|5     |LUT3     |   358|
|6     |LUT4     |   322|
|7     |LUT5     |   276|
|8     |LUT6     |   597|
|9     |MUXF7    |   130|
|10    |RAMB36E2 |   264|
|11    |SRL16E   |    19|
|12    |FDRE     |  5124|
|13    |FDSE     |    10|
+------+---------+------+
---------------------------------------------------------------------------------
Finished Writing Synthesis Report : Time (s): cpu = 00:00:31 ; elapsed = 00:00:33 . Memory (MB): peak = 2571.738 ; gain = 1496.102
---------------------------------------------------------------------------------
Synthesis finished with 0 errors, 0 critical warnings and 313 warnings.
Synthesis Optimization Runtime : Time (s): cpu = 00:00:31 ; elapsed = 00:00:33 . Memory (MB): peak = 2571.738 ; gain = 1496.102
Synthesis Optimization Complete : Time (s): cpu = 00:00:31 ; elapsed = 00:00:33 . Memory (MB): peak = 2571.738 ; gain = 1496.102
INFO: [Project 1-571] Translating synthesized netlist
Netlist sorting complete. Time (s): cpu = 00:00:00 ; elapsed = 00:00:00.121 . Memory (MB): peak = 2571.738 ; gain = 0.000
INFO: [Netlist 29-17] Analyzing 252 Unisim elements for replacement
INFO: [Netlist 29-28] Unisim Transformation completed in 0 CPU seconds
INFO: [Project 1-570] Preparing netlist for logic optimization
INFO: [Opt 31-138] Pushed 0 inverter(s) to 0 load pin(s).
INFO: [Opt 31-422] The CLOCK_DOMAINS attribute on the BRAM cell u_my_ip/u_axi4_mapping/u_gemv/GEN_WEIGHT_BANK[0].GEN_WEIGHT_SHARD[0].u_weight_bram_shard/mem_reg_0_bram_0 has been changed from INDEPENDENT to COMMON to match the clocking topology used for the BRAM.
INFO: [Opt 31-422] The CLOCK_DOMAINS attribute on the BRAM cell u_my_ip/u_axi4_mapping/u_gemv/GEN_WEIGHT_BANK[0].GEN_WEIGHT_SHARD[0].u_weight_bram_shard/mem_reg_0_bram_1 has been changed from INDEPENDENT to COMMON to match the clocking topology used for the BRAM.
INFO: [Opt 31-422] The CLOCK_DOMAINS attribute on the BRAM cell u_my_ip/u_axi4_mapping/u_gemv/GEN_WEIGHT_BANK[0].GEN_WEIGHT_SHARD[0].u_weight_bram_shard/mem_reg_1_bram_0 has been changed from INDEPENDENT to COMMON to match the clocking topology used for the BRAM.
INFO: [Opt 31-422] The CLOCK_DOMAINS attribute on the BRAM cell u_my_ip/u_axi4_mapping/u_gemv/GEN_WEIGHT_BANK[0].GEN_WEIGHT_SHARD[0].u_weight_bram_shard/mem_reg_1_bram_1 has been changed from INDEPENDENT to COMMON to match the clocking topology used for the BRAM.
INFO: [Opt 31-422] The CLOCK_DOMAINS attribute on the BRAM cell u_my_ip/u_axi4_mapping/u_gemv/GEN_WEIGHT_BANK[0].GEN_WEIGHT_SHARD[0].u_weight_bram_shard/mem_reg_2_bram_0 has been changed from INDEPENDENT to COMMON to match the clocking topology used for the BRAM.
INFO: [Opt 31-422] The CLOCK_DOMAINS attribute on the BRAM cell u_my_ip/u_axi4_mapping/u_gemv/GEN_WEIGHT_BANK[0].GEN_WEIGHT_SHARD[0].u_weight_bram_shard/mem_reg_2_bram_1 has been changed from INDEPENDENT to COMMON to match the clocking topology used for the BRAM.
INFO: [Opt 31-422] The CLOCK_DOMAINS attribute on the BRAM cell u_my_ip/u_axi4_mapping/u_gemv/GEN_WEIGHT_BANK[0].GEN_WEIGHT_SHARD[0].u_weight_bram_shard/mem_reg_3_bram_0 has been changed from INDEPENDENT to COMMON to match the clocking topology used for the BRAM.
INFO: [Opt 31-422] The CLOCK_DOMAINS attribute on the BRAM cell u_my_ip/u_axi4_mapping/u_gemv/GEN_WEIGHT_BANK[0].GEN_WEIGHT_SHARD[0].u_weight_bram_shard/mem_reg_3_bram_1 has been changed from INDEPENDENT to COMMON to match the clocking topology used for the BRAM.
INFO: [Opt 31-422] The CLOCK_DOMAINS attribute on the BRAM cell u_my_ip/u_axi4_mapping/u_gemv/GEN_WEIGHT_BANK[0].GEN_WEIGHT_SHARD[1].u_weight_bram_shard/mem_reg_0_bram_0 has been changed from INDEPENDENT to COMMON to match the clocking topology used for the BRAM.
INFO: [Opt 31-422] The CLOCK_DOMAINS attribute on the BRAM cell u_my_ip/u_axi4_mapping/u_gemv/GEN_WEIGHT_BANK[0].GEN_WEIGHT_SHARD[1].u_weight_bram_shard/mem_reg_0_bram_1 has been changed from INDEPENDENT to COMMON to match the clocking topology used for the BRAM.
INFO: [Opt 31-422] The CLOCK_DOMAINS attribute on the BRAM cell u_my_ip/u_axi4_mapping/u_gemv/GEN_WEIGHT_BANK[0].GEN_WEIGHT_SHARD[1].u_weight_bram_shard/mem_reg_1_bram_0 has been changed from INDEPENDENT to COMMON to match the clocking topology used for the BRAM.
INFO: [Opt 31-422] The CLOCK_DOMAINS attribute on the BRAM cell u_my_ip/u_axi4_mapping/u_gemv/GEN_WEIGHT_BANK[0].GEN_WEIGHT_SHARD[1].u_weight_bram_shard/mem_reg_1_bram_1 has been changed from INDEPENDENT to COMMON to match the clocking topology used for the BRAM.
INFO: [Opt 31-422] The CLOCK_DOMAINS attribute on the BRAM cell u_my_ip/u_axi4_mapping/u_gemv/GEN_WEIGHT_BANK[0].GEN_WEIGHT_SHARD[1].u_weight_bram_shard/mem_reg_2_bram_0 has been changed from INDEPENDENT to COMMON to match the clocking topology used for the BRAM.
INFO: [Opt 31-422] The CLOCK_DOMAINS attribute on the BRAM cell u_my_ip/u_axi4_mapping/u_gemv/GEN_WEIGHT_BANK[0].GEN_WEIGHT_SHARD[1].u_weight_bram_shard/mem_reg_2_bram_1 has been changed from INDEPENDENT to COMMON to match the clocking topology used for the BRAM.
INFO: [Opt 31-422] The CLOCK_DOMAINS attribute on the BRAM cell u_my_ip/u_axi4_mapping/u_gemv/GEN_WEIGHT_BANK[0].GEN_WEIGHT_SHARD[1].u_weight_bram_shard/mem_reg_3_bram_0 has been changed from INDEPENDENT to COMMON to match the clocking topology used for the BRAM.
INFO: [Opt 31-422] The CLOCK_DOMAINS attribute on the BRAM cell u_my_ip/u_axi4_mapping/u_gemv/GEN_WEIGHT_BANK[0].GEN_WEIGHT_SHARD[1].u_weight_bram_shard/mem_reg_3_bram_1 has been changed from INDEPENDENT to COMMON to match the clocking topology used for the BRAM.
INFO: [Opt 31-422] The CLOCK_DOMAINS attribute on the BRAM cell u_my_ip/u_axi4_mapping/u_gemv/GEN_WEIGHT_BANK[0].GEN_WEIGHT_SHARD[2].u_weight_bram_shard/mem_reg_0_bram_0 has been changed from INDEPENDENT to COMMON to match the clocking topology used for the BRAM.
INFO: [Opt 31-422] The CLOCK_DOMAINS attribute on the BRAM cell u_my_ip/u_axi4_mapping/u_gemv/GEN_WEIGHT_BANK[0].GEN_WEIGHT_SHARD[2].u_weight_bram_shard/mem_reg_0_bram_1 has been changed from INDEPENDENT to COMMON to match the clocking topology used for the BRAM.
INFO: [Opt 31-422] The CLOCK_DOMAINS attribute on the BRAM cell u_my_ip/u_axi4_mapping/u_gemv/GEN_WEIGHT_BANK[0].GEN_WEIGHT_SHARD[2].u_weight_bram_shard/mem_reg_1_bram_0 has been changed from INDEPENDENT to COMMON to match the clocking topology used for the BRAM.
INFO: [Opt 31-422] The CLOCK_DOMAINS attribute on the BRAM cell u_my_ip/u_axi4_mapping/u_gemv/GEN_WEIGHT_BANK[0].GEN_WEIGHT_SHARD[2].u_weight_bram_shard/mem_reg_1_bram_1 has been changed from INDEPENDENT to COMMON to match the clocking topology used for the BRAM.
INFO: [Opt 31-422] The CLOCK_DOMAINS attribute on the BRAM cell u_my_ip/u_axi4_mapping/u_gemv/GEN_WEIGHT_BANK[0].GEN_WEIGHT_SHARD[2].u_weight_bram_shard/mem_reg_2_bram_0 has been changed from INDEPENDENT to COMMON to match the clocking topology used for the BRAM.
INFO: [Opt 31-422] The CLOCK_DOMAINS attribute on the BRAM cell u_my_ip/u_axi4_mapping/u_gemv/GEN_WEIGHT_BANK[0].GEN_WEIGHT_SHARD[2].u_weight_bram_shard/mem_reg_2_bram_1 has been changed from INDEPENDENT to COMMON to match the clocking topology used for the BRAM.
INFO: [Opt 31-422] The CLOCK_DOMAINS attribute on the BRAM cell u_my_ip/u_axi4_mapping/u_gemv/GEN_WEIGHT_BANK[0].GEN_WEIGHT_SHARD[2].u_weight_bram_shard/mem_reg_3_bram_0 has been changed from INDEPENDENT to COMMON to match the clocking topology used for the BRAM.
INFO: [Opt 31-422] The CLOCK_DOMAINS attribute on the BRAM cell u_my_ip/u_axi4_mapping/u_gemv/GEN_WEIGHT_BANK[0].GEN_WEIGHT_SHARD[2].u_weight_bram_shard/mem_reg_3_bram_1 has been changed from INDEPENDENT to COMMON to match the clocking topology used for the BRAM.
INFO: [Opt 31-422] The CLOCK_DOMAINS attribute on the BRAM cell u_my_ip/u_axi4_mapping/u_gemv/GEN_WEIGHT_BANK[0].GEN_WEIGHT_SHARD[3].u_weight_bram_shard/mem_reg_0_bram_0 has been changed from INDEPENDENT to COMMON to match the clocking topology used for the BRAM.
INFO: [Opt 31-422] The CLOCK_DOMAINS attribute on the BRAM cell u_my_ip/u_axi4_mapping/u_gemv/GEN_WEIGHT_BANK[0].GEN_WEIGHT_SHARD[3].u_weight_bram_shard/mem_reg_0_bram_1 has been changed from INDEPENDENT to COMMON to match the clocking topology used for the BRAM.
INFO: [Opt 31-422] The CLOCK_DOMAINS attribute on the BRAM cell u_my_ip/u_axi4_mapping/u_gemv/GEN_WEIGHT_BANK[0].GEN_WEIGHT_SHARD[3].u_weight_bram_shard/mem_reg_1_bram_0 has been changed from INDEPENDENT to COMMON to match the clocking topology used for the BRAM.
INFO: [Opt 31-422] The CLOCK_DOMAINS attribute on the BRAM cell u_my_ip/u_axi4_mapping/u_gemv/GEN_WEIGHT_BANK[0].GEN_WEIGHT_SHARD[3].u_weight_bram_shard/mem_reg_1_bram_1 has been changed from INDEPENDENT to COMMON to match the clocking topology used for the BRAM.
INFO: [Opt 31-422] The CLOCK_DOMAINS attribute on the BRAM cell u_my_ip/u_axi4_mapping/u_gemv/GEN_WEIGHT_BANK[0].GEN_WEIGHT_SHARD[3].u_weight_bram_shard/mem_reg_2_bram_0 has been changed from INDEPENDENT to COMMON to match the clocking topology used for the BRAM.
INFO: [Opt 31-422] The CLOCK_DOMAINS attribute on the BRAM cell u_my_ip/u_axi4_mapping/u_gemv/GEN_WEIGHT_BANK[0].GEN_WEIGHT_SHARD[3].u_weight_bram_shard/mem_reg_2_bram_1 has been changed from INDEPENDENT to COMMON to match the clocking topology used for the BRAM.
INFO: [Opt 31-422] The CLOCK_DOMAINS attribute on the BRAM cell u_my_ip/u_axi4_mapping/u_gemv/GEN_WEIGHT_BANK[0].GEN_WEIGHT_SHARD[3].u_weight_bram_shard/mem_reg_3_bram_0 has been changed from INDEPENDENT to COMMON to match the clocking topology used for the BRAM.
INFO: [Opt 31-422] The CLOCK_DOMAINS attribute on the BRAM cell u_my_ip/u_axi4_mapping/u_gemv/GEN_WEIGHT_BANK[0].GEN_WEIGHT_SHARD[3].u_weight_bram_shard/mem_reg_3_bram_1 has been changed from INDEPENDENT to COMMON to match the clocking topology used for the BRAM.
INFO: [Opt 31-422] The CLOCK_DOMAINS attribute on the BRAM cell u_my_ip/u_axi4_mapping/u_gemv/GEN_WEIGHT_BANK[0].GEN_WEIGHT_SHARD[4].u_weight_bram_shard/mem_reg_0_bram_0 has been changed from INDEPENDENT to COMMON to match the clocking topology used for the BRAM.
INFO: [Opt 31-422] The CLOCK_DOMAINS attribute on the BRAM cell u_my_ip/u_axi4_mapping/u_gemv/GEN_WEIGHT_BANK[0].GEN_WEIGHT_SHARD[4].u_weight_bram_shard/mem_reg_0_bram_1 has been changed from INDEPENDENT to COMMON to match the clocking topology used for the BRAM.
INFO: [Opt 31-422] The CLOCK_DOMAINS attribute on the BRAM cell u_my_ip/u_axi4_mapping/u_gemv/GEN_WEIGHT_BANK[0].GEN_WEIGHT_SHARD[4].u_weight_bram_shard/mem_reg_1_bram_0 has been changed from INDEPENDENT to COMMON to match the clocking topology used for the BRAM.
INFO: [Opt 31-422] The CLOCK_DOMAINS attribute on the BRAM cell u_my_ip/u_axi4_mapping/u_gemv/GEN_WEIGHT_BANK[0].GEN_WEIGHT_SHARD[4].u_weight_bram_shard/mem_reg_1_bram_1 has been changed from INDEPENDENT to COMMON to match the clocking topology used for the BRAM.
INFO: [Opt 31-422] The CLOCK_DOMAINS attribute on the BRAM cell u_my_ip/u_axi4_mapping/u_gemv/GEN_WEIGHT_BANK[0].GEN_WEIGHT_SHARD[4].u_weight_bram_shard/mem_reg_2_bram_0 has been changed from INDEPENDENT to COMMON to match the clocking topology used for the BRAM.
INFO: [Opt 31-422] The CLOCK_DOMAINS attribute on the BRAM cell u_my_ip/u_axi4_mapping/u_gemv/GEN_WEIGHT_BANK[0].GEN_WEIGHT_SHARD[4].u_weight_bram_shard/mem_reg_2_bram_1 has been changed from INDEPENDENT to COMMON to match the clocking topology used for the BRAM.
INFO: [Opt 31-422] The CLOCK_DOMAINS attribute on the BRAM cell u_my_ip/u_axi4_mapping/u_gemv/GEN_WEIGHT_BANK[0].GEN_WEIGHT_SHARD[4].u_weight_bram_shard/mem_reg_3_bram_0 has been changed from INDEPENDENT to COMMON to match the clocking topology used for the BRAM.
INFO: [Opt 31-422] The CLOCK_DOMAINS attribute on the BRAM cell u_my_ip/u_axi4_mapping/u_gemv/GEN_WEIGHT_BANK[0].GEN_WEIGHT_SHARD[4].u_weight_bram_shard/mem_reg_3_bram_1 has been changed from INDEPENDENT to COMMON to match the clocking topology used for the BRAM.
INFO: [Opt 31-422] The CLOCK_DOMAINS attribute on the BRAM cell u_my_ip/u_axi4_mapping/u_gemv/GEN_WEIGHT_BANK[0].GEN_WEIGHT_SHARD[5].u_weight_bram_shard/mem_reg_0_bram_0 has been changed from INDEPENDENT to COMMON to match the clocking topology used for the BRAM.
INFO: [Opt 31-422] The CLOCK_DOMAINS attribute on the BRAM cell u_my_ip/u_axi4_mapping/u_gemv/GEN_WEIGHT_BANK[0].GEN_WEIGHT_SHARD[5].u_weight_bram_shard/mem_reg_0_bram_1 has been changed from INDEPENDENT to COMMON to match the clocking topology used for the BRAM.
INFO: [Opt 31-422] The CLOCK_DOMAINS attribute on the BRAM cell u_my_ip/u_axi4_mapping/u_gemv/GEN_WEIGHT_BANK[0].GEN_WEIGHT_SHARD[5].u_weight_bram_shard/mem_reg_1_bram_0 has been changed from INDEPENDENT to COMMON to match the clocking topology used for the BRAM.
INFO: [Opt 31-422] The CLOCK_DOMAINS attribute on the BRAM cell u_my_ip/u_axi4_mapping/u_gemv/GEN_WEIGHT_BANK[0].GEN_WEIGHT_SHARD[5].u_weight_bram_shard/mem_reg_1_bram_1 has been changed from INDEPENDENT to COMMON to match the clocking topology used for the BRAM.
INFO: [Opt 31-422] The CLOCK_DOMAINS attribute on the BRAM cell u_my_ip/u_axi4_mapping/u_gemv/GEN_WEIGHT_BANK[0].GEN_WEIGHT_SHARD[5].u_weight_bram_shard/mem_reg_2_bram_0 has been changed from INDEPENDENT to COMMON to match the clocking topology used for the BRAM.
INFO: [Opt 31-422] The CLOCK_DOMAINS attribute on the BRAM cell u_my_ip/u_axi4_mapping/u_gemv/GEN_WEIGHT_BANK[0].GEN_WEIGHT_SHARD[5].u_weight_bram_shard/mem_reg_2_bram_1 has been changed from INDEPENDENT to COMMON to match the clocking topology used for the BRAM.
INFO: [Opt 31-422] The CLOCK_DOMAINS attribute on the BRAM cell u_my_ip/u_axi4_mapping/u_gemv/GEN_WEIGHT_BANK[0].GEN_WEIGHT_SHARD[5].u_weight_bram_shard/mem_reg_3_bram_0 has been changed from INDEPENDENT to COMMON to match the clocking topology used for the BRAM.
INFO: [Opt 31-422] The CLOCK_DOMAINS attribute on the BRAM cell u_my_ip/u_axi4_mapping/u_gemv/GEN_WEIGHT_BANK[0].GEN_WEIGHT_SHARD[5].u_weight_bram_shard/mem_reg_3_bram_1 has been changed from INDEPENDENT to COMMON to match the clocking topology used for the BRAM.
INFO: [Opt 31-422] The CLOCK_DOMAINS attribute on the BRAM cell u_my_ip/u_axi4_mapping/u_gemv/GEN_WEIGHT_BANK[0].GEN_WEIGHT_SHARD[6].u_weight_bram_shard/mem_reg_0_bram_0 has been changed from INDEPENDENT to COMMON to match the clocking topology used for the BRAM.
INFO: [Opt 31-422] The CLOCK_DOMAINS attribute on the BRAM cell u_my_ip/u_axi4_mapping/u_gemv/GEN_WEIGHT_BANK[0].GEN_WEIGHT_SHARD[6].u_weight_bram_shard/mem_reg_0_bram_1 has been changed from INDEPENDENT to COMMON to match the clocking topology used for the BRAM.
INFO: [Opt 31-422] The CLOCK_DOMAINS attribute on the BRAM cell u_my_ip/u_axi4_mapping/u_gemv/GEN_WEIGHT_BANK[0].GEN_WEIGHT_SHARD[6].u_weight_bram_shard/mem_reg_1_bram_0 has been changed from INDEPENDENT to COMMON to match the clocking topology used for the BRAM.
INFO: [Opt 31-422] The CLOCK_DOMAINS attribute on the BRAM cell u_my_ip/u_axi4_mapping/u_gemv/GEN_WEIGHT_BANK[0].GEN_WEIGHT_SHARD[6].u_weight_bram_shard/mem_reg_1_bram_1 has been changed from INDEPENDENT to COMMON to match the clocking topology used for the BRAM.
INFO: [Opt 31-422] The CLOCK_DOMAINS attribute on the BRAM cell u_my_ip/u_axi4_mapping/u_gemv/GEN_WEIGHT_BANK[0].GEN_WEIGHT_SHARD[6].u_weight_bram_shard/mem_reg_2_bram_0 has been changed from INDEPENDENT to COMMON to match the clocking topology used for the BRAM.
INFO: [Opt 31-422] The CLOCK_DOMAINS attribute on the BRAM cell u_my_ip/u_axi4_mapping/u_gemv/GEN_WEIGHT_BANK[0].GEN_WEIGHT_SHARD[6].u_weight_bram_shard/mem_reg_2_bram_1 has been changed from INDEPENDENT to COMMON to match the clocking topology used for the BRAM.
INFO: [Opt 31-422] The CLOCK_DOMAINS attribute on the BRAM cell u_my_ip/u_axi4_mapping/u_gemv/GEN_WEIGHT_BANK[0].GEN_WEIGHT_SHARD[6].u_weight_bram_shard/mem_reg_3_bram_0 has been changed from INDEPENDENT to COMMON to match the clocking topology used for the BRAM.
INFO: [Opt 31-422] The CLOCK_DOMAINS attribute on the BRAM cell u_my_ip/u_axi4_mapping/u_gemv/GEN_WEIGHT_BANK[0].GEN_WEIGHT_SHARD[6].u_weight_bram_shard/mem_reg_3_bram_1 has been changed from INDEPENDENT to COMMON to match the clocking topology used for the BRAM.
INFO: [Opt 31-422] The CLOCK_DOMAINS attribute on the BRAM cell u_my_ip/u_axi4_mapping/u_gemv/GEN_WEIGHT_BANK[0].GEN_WEIGHT_SHARD[7].u_weight_bram_shard/mem_reg_0_bram_0 has been changed from INDEPENDENT to COMMON to match the clocking topology used for the BRAM.
INFO: [Opt 31-422] The CLOCK_DOMAINS attribute on the BRAM cell u_my_ip/u_axi4_mapping/u_gemv/GEN_WEIGHT_BANK[0].GEN_WEIGHT_SHARD[7].u_weight_bram_shard/mem_reg_0_bram_1 has been changed from INDEPENDENT to COMMON to match the clocking topology used for the BRAM.
INFO: [Opt 31-422] The CLOCK_DOMAINS attribute on the BRAM cell u_my_ip/u_axi4_mapping/u_gemv/GEN_WEIGHT_BANK[0].GEN_WEIGHT_SHARD[7].u_weight_bram_shard/mem_reg_1_bram_0 has been changed from INDEPENDENT to COMMON to match the clocking topology used for the BRAM.
INFO: [Opt 31-422] The CLOCK_DOMAINS attribute on the BRAM cell u_my_ip/u_axi4_mapping/u_gemv/GEN_WEIGHT_BANK[0].GEN_WEIGHT_SHARD[7].u_weight_bram_shard/mem_reg_1_bram_1 has been changed from INDEPENDENT to COMMON to match the clocking topology used for the BRAM.
INFO: [Opt 31-422] The CLOCK_DOMAINS attribute on the BRAM cell u_my_ip/u_axi4_mapping/u_gemv/GEN_WEIGHT_BANK[0].GEN_WEIGHT_SHARD[7].u_weight_bram_shard/mem_reg_2_bram_0 has been changed from INDEPENDENT to COMMON to match the clocking topology used for the BRAM.
INFO: [Opt 31-422] The CLOCK_DOMAINS attribute on the BRAM cell u_my_ip/u_axi4_mapping/u_gemv/GEN_WEIGHT_BANK[0].GEN_WEIGHT_SHARD[7].u_weight_bram_shard/mem_reg_2_bram_1 has been changed from INDEPENDENT to COMMON to match the clocking topology used for the BRAM.
INFO: [Opt 31-422] The CLOCK_DOMAINS attribute on the BRAM cell u_my_ip/u_axi4_mapping/u_gemv/GEN_WEIGHT_BANK[0].GEN_WEIGHT_SHARD[7].u_weight_bram_shard/mem_reg_3_bram_0 has been changed from INDEPENDENT to COMMON to match the clocking topology used for the BRAM.
INFO: [Opt 31-422] The CLOCK_DOMAINS attribute on the BRAM cell u_my_ip/u_axi4_mapping/u_gemv/GEN_WEIGHT_BANK[0].GEN_WEIGHT_SHARD[7].u_weight_bram_shard/mem_reg_3_bram_1 has been changed from INDEPENDENT to COMMON to match the clocking topology used for the BRAM.
INFO: [Opt 31-422] The CLOCK_DOMAINS attribute on the BRAM cell u_my_ip/u_axi4_mapping/u_gemv/GEN_WEIGHT_BANK[1].GEN_WEIGHT_SHARD[0].u_weight_bram_shard/mem_reg_0_bram_0 has been changed from INDEPENDENT to COMMON to match the clocking topology used for the BRAM.
INFO: [Opt 31-422] The CLOCK_DOMAINS attribute on the BRAM cell u_my_ip/u_axi4_mapping/u_gemv/GEN_WEIGHT_BANK[1].GEN_WEIGHT_SHARD[0].u_weight_bram_shard/mem_reg_0_bram_1 has been changed from INDEPENDENT to COMMON to match the clocking topology used for the BRAM.
INFO: [Opt 31-422] The CLOCK_DOMAINS attribute on the BRAM cell u_my_ip/u_axi4_mapping/u_gemv/GEN_WEIGHT_BANK[1].GEN_WEIGHT_SHARD[0].u_weight_bram_shard/mem_reg_1_bram_0 has been changed from INDEPENDENT to COMMON to match the clocking topology used for the BRAM.
INFO: [Opt 31-422] The CLOCK_DOMAINS attribute on the BRAM cell u_my_ip/u_axi4_mapping/u_gemv/GEN_WEIGHT_BANK[1].GEN_WEIGHT_SHARD[0].u_weight_bram_shard/mem_reg_1_bram_1 has been changed from INDEPENDENT to COMMON to match the clocking topology used for the BRAM.
INFO: [Opt 31-422] The CLOCK_DOMAINS attribute on the BRAM cell u_my_ip/u_axi4_mapping/u_gemv/GEN_WEIGHT_BANK[1].GEN_WEIGHT_SHARD[0].u_weight_bram_shard/mem_reg_2_bram_0 has been changed from INDEPENDENT to COMMON to match the clocking topology used for the BRAM.
INFO: [Opt 31-422] The CLOCK_DOMAINS attribute on the BRAM cell u_my_ip/u_axi4_mapping/u_gemv/GEN_WEIGHT_BANK[1].GEN_WEIGHT_SHARD[0].u_weight_bram_shard/mem_reg_2_bram_1 has been changed from INDEPENDENT to COMMON to match the clocking topology used for the BRAM.
INFO: [Opt 31-422] The CLOCK_DOMAINS attribute on the BRAM cell u_my_ip/u_axi4_mapping/u_gemv/GEN_WEIGHT_BANK[1].GEN_WEIGHT_SHARD[0].u_weight_bram_shard/mem_reg_3_bram_0 has been changed from INDEPENDENT to COMMON to match the clocking topology used for the BRAM.
INFO: [Opt 31-422] The CLOCK_DOMAINS attribute on the BRAM cell u_my_ip/u_axi4_mapping/u_gemv/GEN_WEIGHT_BANK[1].GEN_WEIGHT_SHARD[0].u_weight_bram_shard/mem_reg_3_bram_1 has been changed from INDEPENDENT to COMMON to match the clocking topology used for the BRAM.
INFO: [Opt 31-422] The CLOCK_DOMAINS attribute on the BRAM cell u_my_ip/u_axi4_mapping/u_gemv/GEN_WEIGHT_BANK[1].GEN_WEIGHT_SHARD[1].u_weight_bram_shard/mem_reg_0_bram_0 has been changed from INDEPENDENT to COMMON to match the clocking topology used for the BRAM.
INFO: [Opt 31-422] The CLOCK_DOMAINS attribute on the BRAM cell u_my_ip/u_axi4_mapping/u_gemv/GEN_WEIGHT_BANK[1].GEN_WEIGHT_SHARD[1].u_weight_bram_shard/mem_reg_0_bram_1 has been changed from INDEPENDENT to COMMON to match the clocking topology used for the BRAM.
INFO: [Opt 31-422] The CLOCK_DOMAINS attribute on the BRAM cell u_my_ip/u_axi4_mapping/u_gemv/GEN_WEIGHT_BANK[1].GEN_WEIGHT_SHARD[1].u_weight_bram_shard/mem_reg_1_bram_0 has been changed from INDEPENDENT to COMMON to match the clocking topology used for the BRAM.
INFO: [Opt 31-422] The CLOCK_DOMAINS attribute on the BRAM cell u_my_ip/u_axi4_mapping/u_gemv/GEN_WEIGHT_BANK[1].GEN_WEIGHT_SHARD[1].u_weight_bram_shard/mem_reg_1_bram_1 has been changed from INDEPENDENT to COMMON to match the clocking topology used for the BRAM.
INFO: [Opt 31-422] The CLOCK_DOMAINS attribute on the BRAM cell u_my_ip/u_axi4_mapping/u_gemv/GEN_WEIGHT_BANK[1].GEN_WEIGHT_SHARD[1].u_weight_bram_shard/mem_reg_2_bram_0 has been changed from INDEPENDENT to COMMON to match the clocking topology used for the BRAM.
INFO: [Opt 31-422] The CLOCK_DOMAINS attribute on the BRAM cell u_my_ip/u_axi4_mapping/u_gemv/GEN_WEIGHT_BANK[1].GEN_WEIGHT_SHARD[1].u_weight_bram_shard/mem_reg_2_bram_1 has been changed from INDEPENDENT to COMMON to match the clocking topology used for the BRAM.
INFO: [Opt 31-422] The CLOCK_DOMAINS attribute on the BRAM cell u_my_ip/u_axi4_mapping/u_gemv/GEN_WEIGHT_BANK[1].GEN_WEIGHT_SHARD[1].u_weight_bram_shard/mem_reg_3_bram_0 has been changed from INDEPENDENT to COMMON to match the clocking topology used for the BRAM.
INFO: [Opt 31-422] The CLOCK_DOMAINS attribute on the BRAM cell u_my_ip/u_axi4_mapping/u_gemv/GEN_WEIGHT_BANK[1].GEN_WEIGHT_SHARD[1].u_weight_bram_shard/mem_reg_3_bram_1 has been changed from INDEPENDENT to COMMON to match the clocking topology used for the BRAM.
INFO: [Opt 31-422] The CLOCK_DOMAINS attribute on the BRAM cell u_my_ip/u_axi4_mapping/u_gemv/GEN_WEIGHT_BANK[1].GEN_WEIGHT_SHARD[2].u_weight_bram_shard/mem_reg_0_bram_0 has been changed from INDEPENDENT to COMMON to match the clocking topology used for the BRAM.
INFO: [Opt 31-422] The CLOCK_DOMAINS attribute on the BRAM cell u_my_ip/u_axi4_mapping/u_gemv/GEN_WEIGHT_BANK[1].GEN_WEIGHT_SHARD[2].u_weight_bram_shard/mem_reg_0_bram_1 has been changed from INDEPENDENT to COMMON to match the clocking topology used for the BRAM.
INFO: [Opt 31-422] The CLOCK_DOMAINS attribute on the BRAM cell u_my_ip/u_axi4_mapping/u_gemv/GEN_WEIGHT_BANK[1].GEN_WEIGHT_SHARD[2].u_weight_bram_shard/mem_reg_1_bram_0 has been changed from INDEPENDENT to COMMON to match the clocking topology used for the BRAM.
INFO: [Opt 31-422] The CLOCK_DOMAINS attribute on the BRAM cell u_my_ip/u_axi4_mapping/u_gemv/GEN_WEIGHT_BANK[1].GEN_WEIGHT_SHARD[2].u_weight_bram_shard/mem_reg_1_bram_1 has been changed from INDEPENDENT to COMMON to match the clocking topology used for the BRAM.
INFO: [Opt 31-422] The CLOCK_DOMAINS attribute on the BRAM cell u_my_ip/u_axi4_mapping/u_gemv/GEN_WEIGHT_BANK[1].GEN_WEIGHT_SHARD[2].u_weight_bram_shard/mem_reg_2_bram_0 has been changed from INDEPENDENT to COMMON to match the clocking topology used for the BRAM.
INFO: [Opt 31-422] The CLOCK_DOMAINS attribute on the BRAM cell u_my_ip/u_axi4_mapping/u_gemv/GEN_WEIGHT_BANK[1].GEN_WEIGHT_SHARD[2].u_weight_bram_shard/mem_reg_2_bram_1 has been changed from INDEPENDENT to COMMON to match the clocking topology used for the BRAM.
INFO: [Opt 31-422] The CLOCK_DOMAINS attribute on the BRAM cell u_my_ip/u_axi4_mapping/u_gemv/GEN_WEIGHT_BANK[1].GEN_WEIGHT_SHARD[2].u_weight_bram_shard/mem_reg_3_bram_0 has been changed from INDEPENDENT to COMMON to match the clocking topology used for the BRAM.
INFO: [Opt 31-422] The CLOCK_DOMAINS attribute on the BRAM cell u_my_ip/u_axi4_mapping/u_gemv/GEN_WEIGHT_BANK[1].GEN_WEIGHT_SHARD[2].u_weight_bram_shard/mem_reg_3_bram_1 has been changed from INDEPENDENT to COMMON to match the clocking topology used for the BRAM.
INFO: [Opt 31-422] The CLOCK_DOMAINS attribute on the BRAM cell u_my_ip/u_axi4_mapping/u_gemv/GEN_WEIGHT_BANK[1].GEN_WEIGHT_SHARD[3].u_weight_bram_shard/mem_reg_0_bram_0 has been changed from INDEPENDENT to COMMON to match the clocking topology used for the BRAM.
INFO: [Opt 31-422] The CLOCK_DOMAINS attribute on the BRAM cell u_my_ip/u_axi4_mapping/u_gemv/GEN_WEIGHT_BANK[1].GEN_WEIGHT_SHARD[3].u_weight_bram_shard/mem_reg_0_bram_1 has been changed from INDEPENDENT to COMMON to match the clocking topology used for the BRAM.
INFO: [Opt 31-422] The CLOCK_DOMAINS attribute on the BRAM cell u_my_ip/u_axi4_mapping/u_gemv/GEN_WEIGHT_BANK[1].GEN_WEIGHT_SHARD[3].u_weight_bram_shard/mem_reg_1_bram_0 has been changed from INDEPENDENT to COMMON to match the clocking topology used for the BRAM.
INFO: [Opt 31-422] The CLOCK_DOMAINS attribute on the BRAM cell u_my_ip/u_axi4_mapping/u_gemv/GEN_WEIGHT_BANK[1].GEN_WEIGHT_SHARD[3].u_weight_bram_shard/mem_reg_1_bram_1 has been changed from INDEPENDENT to COMMON to match the clocking topology used for the BRAM.
INFO: [Opt 31-422] The CLOCK_DOMAINS attribute on the BRAM cell u_my_ip/u_axi4_mapping/u_gemv/GEN_WEIGHT_BANK[1].GEN_WEIGHT_SHARD[3].u_weight_bram_shard/mem_reg_2_bram_0 has been changed from INDEPENDENT to COMMON to match the clocking topology used for the BRAM.
INFO: [Opt 31-422] The CLOCK_DOMAINS attribute on the BRAM cell u_my_ip/u_axi4_mapping/u_gemv/GEN_WEIGHT_BANK[1].GEN_WEIGHT_SHARD[3].u_weight_bram_shard/mem_reg_2_bram_1 has been changed from INDEPENDENT to COMMON to match the clocking topology used for the BRAM.
INFO: [Opt 31-422] The CLOCK_DOMAINS attribute on the BRAM cell u_my_ip/u_axi4_mapping/u_gemv/GEN_WEIGHT_BANK[1].GEN_WEIGHT_SHARD[3].u_weight_bram_shard/mem_reg_3_bram_0 has been changed from INDEPENDENT to COMMON to match the clocking topology used for the BRAM.
INFO: [Opt 31-422] The CLOCK_DOMAINS attribute on the BRAM cell u_my_ip/u_axi4_mapping/u_gemv/GEN_WEIGHT_BANK[1].GEN_WEIGHT_SHARD[3].u_weight_bram_shard/mem_reg_3_bram_1 has been changed from INDEPENDENT to COMMON to match the clocking topology used for the BRAM.
INFO: [Opt 31-422] The CLOCK_DOMAINS attribute on the BRAM cell u_my_ip/u_axi4_mapping/u_gemv/GEN_WEIGHT_BANK[1].GEN_WEIGHT_SHARD[4].u_weight_bram_shard/mem_reg_0_bram_0 has been changed from INDEPENDENT to COMMON to match the clocking topology used for the BRAM.
INFO: [Opt 31-422] The CLOCK_DOMAINS attribute on the BRAM cell u_my_ip/u_axi4_mapping/u_gemv/GEN_WEIGHT_BANK[1].GEN_WEIGHT_SHARD[4].u_weight_bram_shard/mem_reg_0_bram_1 has been changed from INDEPENDENT to COMMON to match the clocking topology used for the BRAM.
INFO: [Opt 31-422] The CLOCK_DOMAINS attribute on the BRAM cell u_my_ip/u_axi4_mapping/u_gemv/GEN_WEIGHT_BANK[1].GEN_WEIGHT_SHARD[4].u_weight_bram_shard/mem_reg_1_bram_0 has been changed from INDEPENDENT to COMMON to match the clocking topology used for the BRAM.
INFO: [Opt 31-422] The CLOCK_DOMAINS attribute on the BRAM cell u_my_ip/u_axi4_mapping/u_gemv/GEN_WEIGHT_BANK[1].GEN_WEIGHT_SHARD[4].u_weight_bram_shard/mem_reg_1_bram_1 has been changed from INDEPENDENT to COMMON to match the clocking topology used for the BRAM.
INFO: [Common 17-14] Message 'Opt 31-422' appears 100 times and further instances of the messages will be disabled. Use the Tcl command set_msg_config to change the current settings.
Netlist sorting complete. Time (s): cpu = 00:00:00 ; elapsed = 00:00:00.001 . Memory (MB): peak = 2610.230 ; gain = 0.000
INFO: [Project 1-111] Unisim Transformation Summary:
  A total of 18 instances were transformed.
  DSP48E2 => DSP48E2 (DSP_ALU, DSP_A_B_DATA, DSP_C_DATA, DSP_MULTIPLIER, DSP_M_DATA, DSP_OUTPUT, DSP_PREADD, DSP_PREADD_DATA): 18 instances

Synth Design complete, checksum: 74d96be9
INFO: [Common 17-83] Releasing license: Synthesis
153 Infos, 131 Warnings, 0 Critical Warnings and 0 Errors encountered.
synth_design completed successfully
synth_design: Time (s): cpu = 00:00:35 ; elapsed = 00:00:38 . Memory (MB): peak = 2610.230 ; gain = 1534.594
# create_clock -period 5.000 -name s00_axi_aclk [get_ports s00_axi_aclk]
# report_utilization -file [file join $script_dir "current_256_synth_utilization.rpt"]
# report_timing_summary -delay_type min_max -max_paths 50 \
#     -file [file join $script_dir "current_256_synth_timing_200mhz.rpt"]
INFO: [Timing 38-35] Done setting XDC timing constraints.
INFO: [Timing 38-91] UpdateTimingParams: Speed grade: -2, Temperature grade: E, Delay Type: min_max.
INFO: [Timing 38-191] Multithreading enabled for timing update using a maximum of 2 CPUs
WARNING: [Timing 38-242] The property HD.CLK_SRC of clock port "s00_axi_aclk" is not set. In out-of-context mode, this prevents timing estimation for clock delay/skew
Resolution: Set the HD.CLK_SRC property of the out-of-context port to the location of the clock buffer instance in the top-level design
report_timing_summary: Time (s): cpu = 00:00:29 ; elapsed = 00:00:32 . Memory (MB): peak = 4214.797 ; gain = 1604.566
# report_weight_address_fanout \
#     [file join $script_dir "current_256_synth_weight_address_fanout.rpt"] "post-synthesis"
# opt_design
Command: opt_design
Attempting to get a license for feature 'Implementation' and/or device 'xczu7ev'
INFO: [Common 17-349] Got license for feature 'Implementation' and/or device 'xczu7ev'
Running DRC as a precondition to command opt_design

Starting DRC Task
INFO: [DRC 23-27] Running DRC with 2 threads
INFO: [Project 1-461] DRC finished with 0 Errors
INFO: [Project 1-462] Please refer to the DRC report (report_drc) for more information.

Time (s): cpu = 00:00:02 ; elapsed = 00:00:01 . Memory (MB): peak = 4214.797 ; gain = 0.000

Starting Cache Timing Information Task
Ending Cache Timing Information Task | Checksum: cbd215aa

Time (s): cpu = 00:00:00 ; elapsed = 00:00:00.130 . Memory (MB): peak = 4214.797 ; gain = 0.000

Starting Logic Optimization Task

Phase 1 Retarget
INFO: [Opt 31-1287] Pulled Inverter u_my_ip/core_wr_en_r_i_33 into driver instance u_my_ip/u_axi4_mapping/i__carry__0_i_13__0, which resulted in an inversion of 4 pins
INFO: [Opt 31-1287] Pulled Inverter u_my_ip/core_wr_en_r_i_34 into driver instance u_my_ip/u_axi4_mapping/i__carry__0_i_14__0, which resulted in an inversion of 4 pins
INFO: [Opt 31-1287] Pulled Inverter u_my_ip/core_wr_en_r_i_35 into driver instance u_my_ip/u_axi4_mapping/i__carry__0_i_15__0, which resulted in an inversion of 4 pins
INFO: [Opt 31-1287] Pulled Inverter u_my_ip/u_axi4_mapping/i__carry__0_i_4 into driver instance u_my_ip/u_axi4_mapping/u_gemv/i__carry__0_i_13, which resulted in an inversion of 8 pins
INFO: [Opt 31-1287] Pulled Inverter u_my_ip/u_axi4_mapping/i__carry__0_i_5 into driver instance u_my_ip/u_axi4_mapping/u_gemv/i__carry__0_i_14, which resulted in an inversion of 8 pins
INFO: [Opt 31-1287] Pulled Inverter u_my_ip/u_axi4_mapping/i__carry__0_i_6 into driver instance u_my_ip/u_axi4_mapping/u_gemv/i__carry__0_i_15, which resulted in an inversion of 9 pins
INFO: [Opt 31-1287] Pulled Inverter u_my_ip/u_axi4_mapping/u_gemv/i__carry__1_i_1 into driver instance u_my_ip/u_axi4_mapping/u_gemv/i__carry__1_i_2, which resulted in an inversion of 9 pins
INFO: [Opt 31-1287] Pulled Inverter u_my_ip/u_axi4_mapping/u_gemv/u_pmau/mult_scale_pipe[0][15]_i_1 into driver instance u_my_ip/u_axi4_mapping/u_gemv/u_pmau/mult_scale_pipe[0][15]_i_2, which resulted in an inversion of 92 pins
INFO: [Opt 31-138] Pushed 1 inverter(s) to 2316 load pin(s).
INFO: [Opt 31-49] Retargeted 0 cell(s).
Phase 1 Retarget | Checksum: 146b7e125

Time (s): cpu = 00:00:01 ; elapsed = 00:00:00.990 . Memory (MB): peak = 4214.797 ; gain = 0.000
INFO: [Opt 31-389] Phase Retarget created 0 cells and removed 23 cells

Phase 2 Constant propagation
INFO: [Opt 31-138] Pushed 0 inverter(s) to 0 load pin(s).
Phase 2 Constant propagation | Checksum: 131f70554

Time (s): cpu = 00:00:01 ; elapsed = 00:00:01 . Memory (MB): peak = 4214.797 ; gain = 0.000
INFO: [Opt 31-389] Phase Constant propagation created 0 cells and removed 0 cells

Phase 3 Sweep
Phase 3 Sweep | Checksum: 86d3dfaf

Time (s): cpu = 00:00:01 ; elapsed = 00:00:01 . Memory (MB): peak = 4214.797 ; gain = 0.000
INFO: [Opt 31-389] Phase Sweep created 0 cells and removed 0 cells

Phase 4 BUFG optimization
INFO: [Opt 31-1077] Phase BUFG optimization inserted 0 global clock buffer(s) for CLOCK_LOW_FANOUT.
Phase 4 BUFG optimization | Checksum: 86d3dfaf

Time (s): cpu = 00:00:01 ; elapsed = 00:00:01 . Memory (MB): peak = 4214.797 ; gain = 0.000
INFO: [Opt 31-662] Phase BUFG optimization created 0 cells of which 0 are BUFGs and removed 0 cells.

Phase 5 Shift Register Optimization
INFO: [Opt 31-1064] SRL Remap converted 0 SRLs to 0 registers and converted 0 registers of register chains to 0 SRLs
Phase 5 Shift Register Optimization | Checksum: 86d3dfaf

Time (s): cpu = 00:00:01 ; elapsed = 00:00:01 . Memory (MB): peak = 4214.797 ; gain = 0.000
INFO: [Opt 31-389] Phase Shift Register Optimization created 0 cells and removed 0 cells

Phase 6 Post Processing Netlist
Phase 6 Post Processing Netlist | Checksum: 86d3dfaf

Time (s): cpu = 00:00:01 ; elapsed = 00:00:01 . Memory (MB): peak = 4214.797 ; gain = 0.000
INFO: [Opt 31-389] Phase Post Processing Netlist created 0 cells and removed 0 cells
Opt_design Change Summary
=========================


-------------------------------------------------------------------------------------------------------------------------
|  Phase                        |  #Cells created  |  #Cells Removed  |  #Constrained objects preventing optimizations  |
-------------------------------------------------------------------------------------------------------------------------
|  Retarget                     |               0  |              23  |                                              0  |
|  Constant propagation         |               0  |               0  |                                              0  |
|  Sweep                        |               0  |               0  |                                              0  |
|  BUFG optimization            |               0  |               0  |                                              0  |
|  Shift Register Optimization  |               0  |               0  |                                              0  |
|  Post Processing Netlist      |               0  |               0  |                                              0  |
-------------------------------------------------------------------------------------------------------------------------



Starting Connectivity Check Task

Time (s): cpu = 00:00:00 ; elapsed = 00:00:00.007 . Memory (MB): peak = 4214.797 ; gain = 0.000
Ending Logic Optimization Task | Checksum: 10caefe19

Time (s): cpu = 00:00:02 ; elapsed = 00:00:02 . Memory (MB): peak = 4214.797 ; gain = 0.000

Starting Power Optimization Task
INFO: [Pwropt 34-132] Skipping clock gating for clocks with a period < 2.00 ns.
INFO: [Timing 38-35] Done setting XDC timing constraints.
Running Vector-less Activity Propagation...

Finished Running Vector-less Activity Propagation
INFO: [Pwropt 34-9] Applying IDT optimizations ...
INFO: [Pwropt 34-10] Applying ODC optimizations ...


Starting PowerOpt Patch Enables Task
INFO: [Pwropt 34-162] WRITE_MODE attribute of 0 BRAM(s) out of a total of 264 has been updated to save power. Run report_power_opt to get a complete listing of the BRAMs updated.
INFO: [Pwropt 34-201] Structural ODC has moved 4 WE to EN ports
Number of BRAM Ports augmented: 256 newly gated: 4 Total Ports: 528
Ending PowerOpt Patch Enables Task | Checksum: a4af809a

Time (s): cpu = 00:00:02 ; elapsed = 00:00:01 . Memory (MB): peak = 4247.543 ; gain = 0.000
Ending Power Optimization Task | Checksum: a4af809a

Time (s): cpu = 00:00:18 ; elapsed = 00:00:14 . Memory (MB): peak = 4247.543 ; gain = 32.746

Starting Final Cleanup Task

Starting Logic Optimization Task
INFO: [Timing 38-35] Done setting XDC timing constraints.
Ending Logic Optimization Task | Checksum: 768138e5

Time (s): cpu = 00:00:03 ; elapsed = 00:00:02 . Memory (MB): peak = 4247.543 ; gain = 0.000
Ending Final Cleanup Task | Checksum: 768138e5

Time (s): cpu = 00:00:05 ; elapsed = 00:00:04 . Memory (MB): peak = 4247.543 ; gain = 0.000

Starting Netlist Obfuscation Task
Netlist sorting complete. Time (s): cpu = 00:00:00 ; elapsed = 00:00:00.002 . Memory (MB): peak = 4247.543 ; gain = 0.000
Ending Netlist Obfuscation Task | Checksum: 768138e5

Time (s): cpu = 00:00:00 ; elapsed = 00:00:00.003 . Memory (MB): peak = 4247.543 ; gain = 0.000
INFO: [Common 17-83] Releasing license: Implementation
31 Infos, 0 Warnings, 0 Critical Warnings and 0 Errors encountered.
opt_design completed successfully
opt_design: Time (s): cpu = 00:00:29 ; elapsed = 00:00:23 . Memory (MB): peak = 4247.543 ; gain = 32.746
# place_design
Command: place_design
Attempting to get a license for feature 'Implementation' and/or device 'xczu7ev'
INFO: [Common 17-349] Got license for feature 'Implementation' and/or device 'xczu7ev'
INFO: [DRC 23-27] Running DRC with 2 threads
INFO: [Vivado_Tcl 4-198] DRC finished with 0 Errors
INFO: [Vivado_Tcl 4-199] Please refer to the DRC report (report_drc) for more information.
Running DRC as a precondition to command place_design
INFO: [DRC 23-27] Running DRC with 2 threads
INFO: [Vivado_Tcl 4-198] DRC finished with 0 Errors
INFO: [Vivado_Tcl 4-199] Please refer to the DRC report (report_drc) for more information.

Starting Placer Task
INFO: [Place 30-611] Multithreading enabled for place_design using a maximum of 2 CPUs

Phase 1 Placer Initialization

Phase 1.1 Placer Initialization Netlist Sorting
Netlist sorting complete. Time (s): cpu = 00:00:00 ; elapsed = 00:00:00.003 . Memory (MB): peak = 4247.543 ; gain = 0.000
Phase 1.1 Placer Initialization Netlist Sorting | Checksum: 32f29ed1

Time (s): cpu = 00:00:00 ; elapsed = 00:00:00.101 . Memory (MB): peak = 4247.543 ; gain = 0.000
Netlist sorting complete. Time (s): cpu = 00:00:00 ; elapsed = 00:00:00.001 . Memory (MB): peak = 4247.543 ; gain = 0.000

Phase 1.2 IO Placement/ Clock Placement/ Build Placer Device
INFO: [Timing 38-35] Done setting XDC timing constraints.
Phase 1.2 IO Placement/ Clock Placement/ Build Placer Device | Checksum: 183eed8e

Time (s): cpu = 00:00:03 ; elapsed = 00:00:03 . Memory (MB): peak = 4247.543 ; gain = 0.000

Phase 1.3 Build Placer Netlist Model
Phase 1.3 Build Placer Netlist Model | Checksum: 389ed83c

Time (s): cpu = 00:00:08 ; elapsed = 00:00:07 . Memory (MB): peak = 4247.543 ; gain = 0.000

Phase 1.4 Constrain Clocks/Macros
Phase 1.4 Constrain Clocks/Macros | Checksum: 389ed83c

Time (s): cpu = 00:00:08 ; elapsed = 00:00:07 . Memory (MB): peak = 4247.543 ; gain = 0.000
Phase 1 Placer Initialization | Checksum: 389ed83c

Time (s): cpu = 00:00:08 ; elapsed = 00:00:07 . Memory (MB): peak = 4247.543 ; gain = 0.000

Phase 2 Global Placement

Phase 2.1 Floorplanning

Phase 2.1.1 Partition Driven Placement

Phase 2.1.1.1 PBP: Partition Driven Placement
Phase 2.1.1.1 PBP: Partition Driven Placement | Checksum: 111dfdaeb

Time (s): cpu = 00:00:15 ; elapsed = 00:00:11 . Memory (MB): peak = 4247.543 ; gain = 0.000

Phase 2.1.1.2 PBP: Clock Region Placement
Phase 2.1.1.2 PBP: Clock Region Placement | Checksum: b52b49ac

Time (s): cpu = 00:00:15 ; elapsed = 00:00:12 . Memory (MB): peak = 4247.543 ; gain = 0.000

Phase 2.1.1.3 PBP: Discrete Incremental
Phase 2.1.1.3 PBP: Discrete Incremental | Checksum: 10d98d554

Time (s): cpu = 00:00:16 ; elapsed = 00:00:12 . Memory (MB): peak = 4247.543 ; gain = 0.000

Phase 2.1.1.4 PBP: Compute Congestion
Phase 2.1.1.4 PBP: Compute Congestion | Checksum: 10d98d554

Time (s): cpu = 00:00:16 ; elapsed = 00:00:12 . Memory (MB): peak = 4247.543 ; gain = 0.000

Phase 2.1.1.5 PBP: Macro Placement
Phase 2.1.1.5 PBP: Macro Placement | Checksum: 142559dbb

Time (s): cpu = 00:00:17 ; elapsed = 00:00:14 . Memory (MB): peak = 4247.543 ; gain = 0.000

Phase 2.1.1.6 PBP: UpdateTiming
Phase 2.1.1.6 PBP: UpdateTiming | Checksum: 10791c820

Time (s): cpu = 00:00:18 ; elapsed = 00:00:14 . Memory (MB): peak = 4247.543 ; gain = 0.000

Phase 2.1.1.7 PBP: Add part constraints
Phase 2.1.1.7 PBP: Add part constraints | Checksum: 10791c820

Time (s): cpu = 00:00:18 ; elapsed = 00:00:14 . Memory (MB): peak = 4247.543 ; gain = 0.000
Phase 2.1.1 Partition Driven Placement | Checksum: 10791c820

Time (s): cpu = 00:00:18 ; elapsed = 00:00:14 . Memory (MB): peak = 4247.543 ; gain = 0.000
Phase 2.1 Floorplanning | Checksum: ca477c10

Time (s): cpu = 00:00:18 ; elapsed = 00:00:14 . Memory (MB): peak = 4247.543 ; gain = 0.000

Phase 2.2 Update Timing before SLR Path Opt
Phase 2.2 Update Timing before SLR Path Opt | Checksum: ca477c10

Time (s): cpu = 00:00:18 ; elapsed = 00:00:14 . Memory (MB): peak = 4247.543 ; gain = 0.000

Phase 2.3 Post-Processing in Floorplanning
Phase 2.3 Post-Processing in Floorplanning | Checksum: ca477c10

Time (s): cpu = 00:00:18 ; elapsed = 00:00:14 . Memory (MB): peak = 4247.543 ; gain = 0.000

Phase 2.4 Global Placement Core

Phase 2.4.1 UpdateTiming Before Physical Synthesis
Phase 2.4.1 UpdateTiming Before Physical Synthesis | Checksum: 1826ad86e

Time (s): cpu = 00:00:28 ; elapsed = 00:00:21 . Memory (MB): peak = 4247.543 ; gain = 0.000

Phase 2.4.2 Physical Synthesis In Placer
INFO: [Physopt 32-1035] Found 0 LUTNM shape to break, 329 LUT instances to create LUTNM shape
INFO: [Physopt 32-1044] Break lutnm for timing: one critical 0, two critical 0, total 0, new lutff created 0
INFO: [Physopt 32-1138] End 1 Pass. Optimized 151 nets or LUTs. Breaked 0 LUT, combined 151 existing LUTs and moved 0 existing LUT
INFO: [Physopt 32-1030] Pass 1. Identified 28 candidate driver sets for equivalent driver rewiring.
INFO: [Physopt 32-661] Optimized 27 nets.  Re-placed 821 instances.
INFO: [Physopt 32-775] End 1 Pass. Optimized 27 nets or cells. Created 0 new cell, deleted 43 existing cells and moved 821 existing cells
Netlist sorting complete. Time (s): cpu = 00:00:00 ; elapsed = 00:00:00.074 . Memory (MB): peak = 4247.543 ; gain = 0.000
INFO: [Physopt 32-65] No nets found for high-fanout optimization.
INFO: [Physopt 32-232] Optimized 0 net. Created 0 new instance.
INFO: [Physopt 32-775] End 1 Pass. Optimized 0 net or cell. Created 0 new cell, deleted 0 existing cell and moved 0 existing cell
INFO: [Physopt 32-670] No setup violation found.  DSP Register Optimization was not performed.
INFO: [Physopt 32-670] No setup violation found.  Shift Register to Pipeline Optimization was not performed.
INFO: [Physopt 32-670] No setup violation found.  Shift Register Optimization was not performed.
INFO: [Physopt 32-670] No setup violation found.  BRAM Register Optimization was not performed.
INFO: [Physopt 32-670] No setup violation found.  URAM Register Optimization was not performed.
INFO: [Physopt 32-949] No candidate nets found for dynamic/static region interface net replication
INFO: [Physopt 32-775] End 1 Pass. Optimized 0 net or cell. Created 0 new cell, deleted 0 existing cell and moved 0 existing cell
Netlist sorting complete. Time (s): cpu = 00:00:00 ; elapsed = 00:00:00.002 . Memory (MB): peak = 4247.543 ; gain = 0.000

Summary of Physical Synthesis Optimizations
============================================


-----------------------------------------------------------------------------------------------------------------------------------------------------------
|  Optimization                                     |  Added Cells  |  Removed Cells  |  Optimized Cells/Nets  |  Dont Touch  |  Iterations  |  Elapsed   |
-----------------------------------------------------------------------------------------------------------------------------------------------------------
|  LUT Combining                                    |            0  |            151  |                   151  |           0  |           1  |  00:00:00  |
|  Retime                                           |            0  |              0  |                     0  |           0  |           1  |  00:00:00  |
|  Equivalent Driver Rewiring                       |            0  |             43  |                    27  |           0  |           1  |  00:00:10  |
|  Very High Fanout                                 |            0  |              0  |                     0  |           0  |           1  |  00:00:00  |
|  DSP Register                                     |            0  |              0  |                     0  |           0  |           0  |  00:00:00  |
|  Shift Register to Pipeline                       |            0  |              0  |                     0  |           0  |           0  |  00:00:00  |
|  Shift Register                                   |            0  |              0  |                     0  |           0  |           0  |  00:00:00  |
|  BRAM Register                                    |            0  |              0  |                     0  |           0  |           0  |  00:00:00  |
|  URAM Register                                    |            0  |              0  |                     0  |           0  |           0  |  00:00:00  |
|  Dynamic/Static Region Interface Net Replication  |            0  |              0  |                     0  |           0  |           1  |  00:00:00  |
|  Total                                            |            0  |            194  |                   178  |           0  |           5  |  00:00:11  |
-----------------------------------------------------------------------------------------------------------------------------------------------------------


Phase 2.4.2 Physical Synthesis In Placer | Checksum: 12969edcc

Time (s): cpu = 00:00:40 ; elapsed = 00:00:34 . Memory (MB): peak = 4247.543 ; gain = 0.000
Phase 2.4 Global Placement Core | Checksum: 2030487fa

Time (s): cpu = 00:00:41 ; elapsed = 00:00:35 . Memory (MB): peak = 4247.543 ; gain = 0.000
Phase 2 Global Placement | Checksum: 2030487fa

Time (s): cpu = 00:00:41 ; elapsed = 00:00:35 . Memory (MB): peak = 4247.543 ; gain = 0.000

Phase 3 Detail Placement

Phase 3.1 Commit Multi Column Macros
Phase 3.1 Commit Multi Column Macros | Checksum: 1477b3a6a

Time (s): cpu = 00:00:42 ; elapsed = 00:00:36 . Memory (MB): peak = 4247.543 ; gain = 0.000

Phase 3.2 Commit Most Macros & LUTRAMs
Phase 3.2 Commit Most Macros & LUTRAMs | Checksum: 140452d19

Time (s): cpu = 00:00:43 ; elapsed = 00:00:36 . Memory (MB): peak = 4247.543 ; gain = 0.000

Phase 3.3 Small Shape DP

Phase 3.3.1 Small Shape Clustering
Phase 3.3.1 Small Shape Clustering | Checksum: 9b7ff3e2

Time (s): cpu = 00:00:43 ; elapsed = 00:00:37 . Memory (MB): peak = 4247.543 ; gain = 0.000

Phase 3.3.2 Flow Legalize Slice Clusters
Phase 3.3.2 Flow Legalize Slice Clusters | Checksum: 18461c019

Time (s): cpu = 00:00:44 ; elapsed = 00:00:37 . Memory (MB): peak = 4247.543 ; gain = 0.000

Phase 3.3.3 Slice Area Swap

Phase 3.3.3.1 Slice Area Swap Initial
Phase 3.3.3.1 Slice Area Swap Initial | Checksum: b5275728

Time (s): cpu = 00:00:44 ; elapsed = 00:00:38 . Memory (MB): peak = 4247.543 ; gain = 0.000
Phase 3.3.3 Slice Area Swap | Checksum: b5275728

Time (s): cpu = 00:00:44 ; elapsed = 00:00:38 . Memory (MB): peak = 4247.543 ; gain = 0.000
Phase 3.3 Small Shape DP | Checksum: 131d169ef

Time (s): cpu = 00:00:46 ; elapsed = 00:00:39 . Memory (MB): peak = 4247.543 ; gain = 0.000

Phase 3.4 Re-assign LUT pins
Phase 3.4 Re-assign LUT pins | Checksum: 1c96a859e

Time (s): cpu = 00:00:46 ; elapsed = 00:00:39 . Memory (MB): peak = 4247.543 ; gain = 0.000

Phase 3.5 Pipeline Register Optimization
Phase 3.5 Pipeline Register Optimization | Checksum: 17943ae54

Time (s): cpu = 00:00:46 ; elapsed = 00:00:40 . Memory (MB): peak = 4247.543 ; gain = 0.000
Phase 3 Detail Placement | Checksum: 17943ae54

Time (s): cpu = 00:00:46 ; elapsed = 00:00:40 . Memory (MB): peak = 4247.543 ; gain = 0.000

Phase 4 Post Placement Optimization and Clean-Up

Phase 4.1 Post Commit Optimization
INFO: [Timing 38-35] Done setting XDC timing constraints.

Phase 4.1.1 Post Placement Optimization
Post Placement Optimization Initialization | Checksum: 1b477b69a

Phase 4.1.1.1 BUFG Insertion

Starting Physical Synthesis Task

Phase 1 Physical Synthesis Initialization
INFO: [Physopt 32-721] Multithreading enabled for phys_opt_design using a maximum of 2 CPUs
INFO: [Physopt 32-619] Estimated Timing Summary | WNS=1.488 | TNS=0.000 |
Phase 1 Physical Synthesis Initialization | Checksum: 20e79cfa2

Time (s): cpu = 00:00:01 ; elapsed = 00:00:00.325 . Memory (MB): peak = 4247.543 ; gain = 0.000
INFO: [Place 46-56] BUFG insertion identified 0 candidate nets. Inserted BUFG: 0, Replicated BUFG Driver: 0, Skipped due to Placement/Routing Conflicts: 0, Skipped due to Timing Degradation: 0, Skipped due to Illegal Netlist: 0.
Ending Physical Synthesis Task | Checksum: 16948358d

Time (s): cpu = 00:00:01 ; elapsed = 00:00:00.429 . Memory (MB): peak = 4247.543 ; gain = 0.000
Phase 4.1.1.1 BUFG Insertion | Checksum: 1b477b69a

Time (s): cpu = 00:00:53 ; elapsed = 00:00:45 . Memory (MB): peak = 4247.543 ; gain = 0.000

Phase 4.1.1.2 Post Placement Timing Optimization
INFO: [Place 30-746] Post Placement Timing Summary WNS=1.488. For the most accurate timing information please run report_timing.
Phase 4.1.1.2 Post Placement Timing Optimization | Checksum: 14e371b0c

Time (s): cpu = 00:00:53 ; elapsed = 00:00:45 . Memory (MB): peak = 4247.543 ; gain = 0.000

Time (s): cpu = 00:00:53 ; elapsed = 00:00:45 . Memory (MB): peak = 4247.543 ; gain = 0.000
Phase 4.1 Post Commit Optimization | Checksum: 14e371b0c

Time (s): cpu = 00:00:53 ; elapsed = 00:00:45 . Memory (MB): peak = 4247.543 ; gain = 0.000

Phase 4.2 Post Placement Cleanup
Phase 4.2 Post Placement Cleanup | Checksum: 14e371b0c

Time (s): cpu = 00:00:57 ; elapsed = 00:00:49 . Memory (MB): peak = 4247.543 ; gain = 0.000

Phase 4.3 Placer Reporting

Phase 4.3.1 Print Estimated Congestion
INFO: [Place 30-612] Post-Placement Estimated Congestion 
 ________________________________________________________________________
|           | Global Congestion | Long Congestion   | Short Congestion  |
| Direction | Region Size       | Region Size       | Region Size       |
|___________|___________________|___________________|___________________|
|      North|                1x1|                1x1|                1x1|
|___________|___________________|___________________|___________________|
|      South|                1x1|                1x1|                1x1|
|___________|___________________|___________________|___________________|
|       East|                1x1|                1x1|                2x2|
|___________|___________________|___________________|___________________|
|       West|                1x1|                1x1|                2x2|
|___________|___________________|___________________|___________________|

Phase 4.3.1 Print Estimated Congestion | Checksum: 14e371b0c

Time (s): cpu = 00:00:57 ; elapsed = 00:00:49 . Memory (MB): peak = 4247.543 ; gain = 0.000
Phase 4.3 Placer Reporting | Checksum: 14e371b0c

Time (s): cpu = 00:00:57 ; elapsed = 00:00:49 . Memory (MB): peak = 4247.543 ; gain = 0.000

Phase 4.4 Final Placement Cleanup
Netlist sorting complete. Time (s): cpu = 00:00:00 ; elapsed = 00:00:00.002 . Memory (MB): peak = 4247.543 ; gain = 0.000

Time (s): cpu = 00:00:57 ; elapsed = 00:00:49 . Memory (MB): peak = 4247.543 ; gain = 0.000
Phase 4 Post Placement Optimization and Clean-Up | Checksum: 120b7559a

Time (s): cpu = 00:00:57 ; elapsed = 00:00:49 . Memory (MB): peak = 4247.543 ; gain = 0.000
Ending Placer Task | Checksum: b4672af3

Time (s): cpu = 00:00:57 ; elapsed = 00:00:49 . Memory (MB): peak = 4247.543 ; gain = 0.000
INFO: [Common 17-83] Releasing license: Implementation
32 Infos, 0 Warnings, 0 Critical Warnings and 0 Errors encountered.
place_design completed successfully
place_design: Time (s): cpu = 00:00:59 ; elapsed = 00:00:51 . Memory (MB): peak = 4247.543 ; gain = 0.000
# phys_opt_design
Command: phys_opt_design
Attempting to get a license for feature 'Implementation' and/or device 'xczu7ev'
INFO: [Common 17-349] Got license for feature 'Implementation' and/or device 'xczu7ev'

Starting Initial Update Timing Task
WARNING: [Timing 38-242] The property HD.CLK_SRC of clock port "s00_axi_aclk" is not set. In out-of-context mode, this prevents timing estimation for clock delay/skew
Resolution: Set the HD.CLK_SRC property of the out-of-context port to the location of the clock buffer instance in the top-level design

Time (s): cpu = 00:00:04 ; elapsed = 00:00:02 . Memory (MB): peak = 4247.543 ; gain = 0.000
INFO: [Vivado_Tcl 4-383] Design worst setup slack (WNS) is greater than or equal to 0.000 ns. Skipping all physical synthesis optimizations.
INFO: [Vivado_Tcl 4-232] No setup violation found. The netlist was not modified.
INFO: [Common 17-83] Releasing license: Implementation
4 Infos, 1 Warnings, 0 Critical Warnings and 0 Errors encountered.
phys_opt_design completed successfully
# route_design
Command: route_design
Attempting to get a license for feature 'Implementation' and/or device 'xczu7ev'
INFO: [Common 17-349] Got license for feature 'Implementation' and/or device 'xczu7ev'
Running DRC as a precondition to command route_design
INFO: [DRC 23-27] Running DRC with 2 threads
INFO: [Vivado_Tcl 4-198] DRC finished with 0 Errors
INFO: [Vivado_Tcl 4-199] Please refer to the DRC report (report_drc) for more information.


Starting Routing Task
INFO: [Route 35-254] Multithreading enabled for route_design using a maximum of 2 CPUs

Phase 1 Build RT Design
Checksum: PlaceDB: 2d5f2c20 ConstDB: 0 ShapeSum: 8707fed3 RouteDB: 0
Nodegraph reading from file.  Time (s): cpu = 00:00:02 ; elapsed = 00:00:01 . Memory (MB): peak = 4247.543 ; gain = 0.000
WARNING: [Route 35-197] Clock port "s00_axi_aclk" does not have an associated HD.CLK_SRC. Without this constraint, timing analysis may not be accurate and upstream checks cannot be done to ensure correct clock placement.
WARNING: [Route 35-198] Port "s00_axi_aresetn" does not have an associated HD.PARTPIN_LOCS, which will prevent the partial routing of the signal "s00_axi_aresetn". Without this partial route, timing analysis to/from this port will not be accurate, and no routing information for this port can be exported.
WARNING: [Route 35-198] Port "s00_axi_arsize[0]" does not have an associated HD.PARTPIN_LOCS, which will prevent the partial routing of the signal "s00_axi_arsize[0]". Without this partial route, timing analysis to/from this port will not be accurate, and no routing information for this port can be exported.
WARNING: [Route 35-198] Port "s00_axi_arsize[1]" does not have an associated HD.PARTPIN_LOCS, which will prevent the partial routing of the signal "s00_axi_arsize[1]". Without this partial route, timing analysis to/from this port will not be accurate, and no routing information for this port can be exported.
WARNING: [Route 35-198] Port "s00_axi_arsize[2]" does not have an associated HD.PARTPIN_LOCS, which will prevent the partial routing of the signal "s00_axi_arsize[2]". Without this partial route, timing analysis to/from this port will not be accurate, and no routing information for this port can be exported.
WARNING: [Route 35-198] Port "s00_axi_araddr[28]" does not have an associated HD.PARTPIN_LOCS, which will prevent the partial routing of the signal "s00_axi_araddr[28]". Without this partial route, timing analysis to/from this port will not be accurate, and no routing information for this port can be exported.
WARNING: [Route 35-198] Port "s00_axi_araddr[29]" does not have an associated HD.PARTPIN_LOCS, which will prevent the partial routing of the signal "s00_axi_araddr[29]". Without this partial route, timing analysis to/from this port will not be accurate, and no routing information for this port can be exported.
WARNING: [Route 35-198] Port "s00_axi_araddr[30]" does not have an associated HD.PARTPIN_LOCS, which will prevent the partial routing of the signal "s00_axi_araddr[30]". Without this partial route, timing analysis to/from this port will not be accurate, and no routing information for this port can be exported.
WARNING: [Route 35-198] Port "s00_axi_araddr[31]" does not have an associated HD.PARTPIN_LOCS, which will prevent the partial routing of the signal "s00_axi_araddr[31]". Without this partial route, timing analysis to/from this port will not be accurate, and no routing information for this port can be exported.
WARNING: [Route 35-198] Port "s00_axi_araddr[32]" does not have an associated HD.PARTPIN_LOCS, which will prevent the partial routing of the signal "s00_axi_araddr[32]". Without this partial route, timing analysis to/from this port will not be accurate, and no routing information for this port can be exported.
WARNING: [Route 35-198] Port "s00_axi_araddr[33]" does not have an associated HD.PARTPIN_LOCS, which will prevent the partial routing of the signal "s00_axi_araddr[33]". Without this partial route, timing analysis to/from this port will not be accurate, and no routing information for this port can be exported.
WARNING: [Route 35-198] Port "s00_axi_araddr[34]" does not have an associated HD.PARTPIN_LOCS, which will prevent the partial routing of the signal "s00_axi_araddr[34]". Without this partial route, timing analysis to/from this port will not be accurate, and no routing information for this port can be exported.
WARNING: [Route 35-198] Port "s00_axi_araddr[35]" does not have an associated HD.PARTPIN_LOCS, which will prevent the partial routing of the signal "s00_axi_araddr[35]". Without this partial route, timing analysis to/from this port will not be accurate, and no routing information for this port can be exported.
WARNING: [Route 35-198] Port "s00_axi_araddr[36]" does not have an associated HD.PARTPIN_LOCS, which will prevent the partial routing of the signal "s00_axi_araddr[36]". Without this partial route, timing analysis to/from this port will not be accurate, and no routing information for this port can be exported.
WARNING: [Route 35-198] Port "s00_axi_araddr[37]" does not have an associated HD.PARTPIN_LOCS, which will prevent the partial routing of the signal "s00_axi_araddr[37]". Without this partial route, timing analysis to/from this port will not be accurate, and no routing information for this port can be exported.
WARNING: [Route 35-198] Port "s00_axi_araddr[38]" does not have an associated HD.PARTPIN_LOCS, which will prevent the partial routing of the signal "s00_axi_araddr[38]". Without this partial route, timing analysis to/from this port will not be accurate, and no routing information for this port can be exported.
WARNING: [Route 35-198] Port "s00_axi_araddr[39]" does not have an associated HD.PARTPIN_LOCS, which will prevent the partial routing of the signal "s00_axi_araddr[39]". Without this partial route, timing analysis to/from this port will not be accurate, and no routing information for this port can be exported.
WARNING: [Route 35-198] Port "s00_axi_wdata[22]" does not have an associated HD.PARTPIN_LOCS, which will prevent the partial routing of the signal "s00_axi_wdata[22]". Without this partial route, timing analysis to/from this port will not be accurate, and no routing information for this port can be exported.
WARNING: [Route 35-198] Port "s00_axi_wdata[31]" does not have an associated HD.PARTPIN_LOCS, which will prevent the partial routing of the signal "s00_axi_wdata[31]". Without this partial route, timing analysis to/from this port will not be accurate, and no routing information for this port can be exported.
WARNING: [Route 35-198] Port "s00_axi_araddr[14]" does not have an associated HD.PARTPIN_LOCS, which will prevent the partial routing of the signal "s00_axi_araddr[14]". Without this partial route, timing analysis to/from this port will not be accurate, and no routing information for this port can be exported.
WARNING: [Route 35-198] Port "s00_axi_araddr[15]" does not have an associated HD.PARTPIN_LOCS, which will prevent the partial routing of the signal "s00_axi_araddr[15]". Without this partial route, timing analysis to/from this port will not be accurate, and no routing information for this port can be exported.
WARNING: [Route 35-198] Port "s00_axi_araddr[4]" does not have an associated HD.PARTPIN_LOCS, which will prevent the partial routing of the signal "s00_axi_araddr[4]". Without this partial route, timing analysis to/from this port will not be accurate, and no routing information for this port can be exported.
WARNING: [Route 35-198] Port "s00_axi_araddr[5]" does not have an associated HD.PARTPIN_LOCS, which will prevent the partial routing of the signal "s00_axi_araddr[5]". Without this partial route, timing analysis to/from this port will not be accurate, and no routing information for this port can be exported.
WARNING: [Route 35-198] Port "s00_axi_araddr[6]" does not have an associated HD.PARTPIN_LOCS, which will prevent the partial routing of the signal "s00_axi_araddr[6]". Without this partial route, timing analysis to/from this port will not be accurate, and no routing information for this port can be exported.
WARNING: [Route 35-198] Port "s00_axi_araddr[7]" does not have an associated HD.PARTPIN_LOCS, which will prevent the partial routing of the signal "s00_axi_araddr[7]". Without this partial route, timing analysis to/from this port will not be accurate, and no routing information for this port can be exported.
WARNING: [Route 35-198] Port "s00_axi_wdata[21]" does not have an associated HD.PARTPIN_LOCS, which will prevent the partial routing of the signal "s00_axi_wdata[21]". Without this partial route, timing analysis to/from this port will not be accurate, and no routing information for this port can be exported.
WARNING: [Route 35-198] Port "s00_axi_wdata[28]" does not have an associated HD.PARTPIN_LOCS, which will prevent the partial routing of the signal "s00_axi_wdata[28]". Without this partial route, timing analysis to/from this port will not be accurate, and no routing information for this port can be exported.
WARNING: [Route 35-198] Port "s00_axi_araddr[18]" does not have an associated HD.PARTPIN_LOCS, which will prevent the partial routing of the signal "s00_axi_araddr[18]". Without this partial route, timing analysis to/from this port will not be accurate, and no routing information for this port can be exported.
WARNING: [Route 35-198] Port "s00_axi_araddr[19]" does not have an associated HD.PARTPIN_LOCS, which will prevent the partial routing of the signal "s00_axi_araddr[19]". Without this partial route, timing analysis to/from this port will not be accurate, and no routing information for this port can be exported.
WARNING: [Route 35-198] Port "s00_axi_araddr[20]" does not have an associated HD.PARTPIN_LOCS, which will prevent the partial routing of the signal "s00_axi_araddr[20]". Without this partial route, timing analysis to/from this port will not be accurate, and no routing information for this port can be exported.
WARNING: [Route 35-198] Port "s00_axi_araddr[21]" does not have an associated HD.PARTPIN_LOCS, which will prevent the partial routing of the signal "s00_axi_araddr[21]". Without this partial route, timing analysis to/from this port will not be accurate, and no routing information for this port can be exported.
WARNING: [Route 35-198] Port "s00_axi_araddr[22]" does not have an associated HD.PARTPIN_LOCS, which will prevent the partial routing of the signal "s00_axi_araddr[22]". Without this partial route, timing analysis to/from this port will not be accurate, and no routing information for this port can be exported.
WARNING: [Route 35-198] Port "s00_axi_araddr[23]" does not have an associated HD.PARTPIN_LOCS, which will prevent the partial routing of the signal "s00_axi_araddr[23]". Without this partial route, timing analysis to/from this port will not be accurate, and no routing information for this port can be exported.
WARNING: [Route 35-198] Port "s00_axi_arburst[0]" does not have an associated HD.PARTPIN_LOCS, which will prevent the partial routing of the signal "s00_axi_arburst[0]". Without this partial route, timing analysis to/from this port will not be accurate, and no routing information for this port can be exported.
WARNING: [Route 35-198] Port "s00_axi_arburst[1]" does not have an associated HD.PARTPIN_LOCS, which will prevent the partial routing of the signal "s00_axi_arburst[1]". Without this partial route, timing analysis to/from this port will not be accurate, and no routing information for this port can be exported.
WARNING: [Route 35-198] Port "s00_axi_arvalid" does not have an associated HD.PARTPIN_LOCS, which will prevent the partial routing of the signal "s00_axi_arvalid". Without this partial route, timing analysis to/from this port will not be accurate, and no routing information for this port can be exported.
WARNING: [Route 35-198] Port "s00_axi_rready" does not have an associated HD.PARTPIN_LOCS, which will prevent the partial routing of the signal "s00_axi_rready". Without this partial route, timing analysis to/from this port will not be accurate, and no routing information for this port can be exported.
WARNING: [Route 35-198] Port "s00_axi_arid[0]" does not have an associated HD.PARTPIN_LOCS, which will prevent the partial routing of the signal "s00_axi_arid[0]". Without this partial route, timing analysis to/from this port will not be accurate, and no routing information for this port can be exported.
WARNING: [Route 35-198] Port "s00_axi_wdata[19]" does not have an associated HD.PARTPIN_LOCS, which will prevent the partial routing of the signal "s00_axi_wdata[19]". Without this partial route, timing analysis to/from this port will not be accurate, and no routing information for this port can be exported.
WARNING: [Route 35-198] Port "s00_axi_wstrb[2]" does not have an associated HD.PARTPIN_LOCS, which will prevent the partial routing of the signal "s00_axi_wstrb[2]". Without this partial route, timing analysis to/from this port will not be accurate, and no routing information for this port can be exported.
WARNING: [Route 35-198] Port "s00_axi_wdata[17]" does not have an associated HD.PARTPIN_LOCS, which will prevent the partial routing of the signal "s00_axi_wdata[17]". Without this partial route, timing analysis to/from this port will not be accurate, and no routing information for this port can be exported.
WARNING: [Route 35-198] Port "s00_axi_araddr[3]" does not have an associated HD.PARTPIN_LOCS, which will prevent the partial routing of the signal "s00_axi_araddr[3]". Without this partial route, timing analysis to/from this port will not be accurate, and no routing information for this port can be exported.
WARNING: [Route 35-198] Port "s00_axi_araddr[2]" does not have an associated HD.PARTPIN_LOCS, which will prevent the partial routing of the signal "s00_axi_araddr[2]". Without this partial route, timing analysis to/from this port will not be accurate, and no routing information for this port can be exported.
WARNING: [Route 35-198] Port "s00_axi_araddr[1]" does not have an associated HD.PARTPIN_LOCS, which will prevent the partial routing of the signal "s00_axi_araddr[1]". Without this partial route, timing analysis to/from this port will not be accurate, and no routing information for this port can be exported.
WARNING: [Route 35-198] Port "s00_axi_araddr[0]" does not have an associated HD.PARTPIN_LOCS, which will prevent the partial routing of the signal "s00_axi_araddr[0]". Without this partial route, timing analysis to/from this port will not be accurate, and no routing information for this port can be exported.
WARNING: [Route 35-198] Port "s00_axi_araddr[13]" does not have an associated HD.PARTPIN_LOCS, which will prevent the partial routing of the signal "s00_axi_araddr[13]". Without this partial route, timing analysis to/from this port will not be accurate, and no routing information for this port can be exported.
WARNING: [Route 35-198] Port "s00_axi_araddr[12]" does not have an associated HD.PARTPIN_LOCS, which will prevent the partial routing of the signal "s00_axi_araddr[12]". Without this partial route, timing analysis to/from this port will not be accurate, and no routing information for this port can be exported.
WARNING: [Route 35-198] Port "s00_axi_araddr[11]" does not have an associated HD.PARTPIN_LOCS, which will prevent the partial routing of the signal "s00_axi_araddr[11]". Without this partial route, timing analysis to/from this port will not be accurate, and no routing information for this port can be exported.
WARNING: [Route 35-198] Port "s00_axi_araddr[10]" does not have an associated HD.PARTPIN_LOCS, which will prevent the partial routing of the signal "s00_axi_araddr[10]". Without this partial route, timing analysis to/from this port will not be accurate, and no routing information for this port can be exported.
WARNING: [Route 35-198] Port "s00_axi_araddr[9]" does not have an associated HD.PARTPIN_LOCS, which will prevent the partial routing of the signal "s00_axi_araddr[9]". Without this partial route, timing analysis to/from this port will not be accurate, and no routing information for this port can be exported.
WARNING: [Route 35-198] Port "s00_axi_araddr[8]" does not have an associated HD.PARTPIN_LOCS, which will prevent the partial routing of the signal "s00_axi_araddr[8]". Without this partial route, timing analysis to/from this port will not be accurate, and no routing information for this port can be exported.
WARNING: [Route 35-198] Port "s00_axi_araddr[17]" does not have an associated HD.PARTPIN_LOCS, which will prevent the partial routing of the signal "s00_axi_araddr[17]". Without this partial route, timing analysis to/from this port will not be accurate, and no routing information for this port can be exported.
WARNING: [Route 35-198] Port "s00_axi_araddr[16]" does not have an associated HD.PARTPIN_LOCS, which will prevent the partial routing of the signal "s00_axi_araddr[16]". Without this partial route, timing analysis to/from this port will not be accurate, and no routing information for this port can be exported.
WARNING: [Route 35-198] Port "s00_axi_araddr[27]" does not have an associated HD.PARTPIN_LOCS, which will prevent the partial routing of the signal "s00_axi_araddr[27]". Without this partial route, timing analysis to/from this port will not be accurate, and no routing information for this port can be exported.
WARNING: [Route 35-198] Port "s00_axi_araddr[26]" does not have an associated HD.PARTPIN_LOCS, which will prevent the partial routing of the signal "s00_axi_araddr[26]". Without this partial route, timing analysis to/from this port will not be accurate, and no routing information for this port can be exported.
WARNING: [Route 35-198] Port "s00_axi_araddr[25]" does not have an associated HD.PARTPIN_LOCS, which will prevent the partial routing of the signal "s00_axi_araddr[25]". Without this partial route, timing analysis to/from this port will not be accurate, and no routing information for this port can be exported.
WARNING: [Route 35-198] Port "s00_axi_araddr[24]" does not have an associated HD.PARTPIN_LOCS, which will prevent the partial routing of the signal "s00_axi_araddr[24]". Without this partial route, timing analysis to/from this port will not be accurate, and no routing information for this port can be exported.
WARNING: [Route 35-198] Port "s00_axi_arlen[0]" does not have an associated HD.PARTPIN_LOCS, which will prevent the partial routing of the signal "s00_axi_arlen[0]". Without this partial route, timing analysis to/from this port will not be accurate, and no routing information for this port can be exported.
WARNING: [Route 35-198] Port "s00_axi_arlen[1]" does not have an associated HD.PARTPIN_LOCS, which will prevent the partial routing of the signal "s00_axi_arlen[1]". Without this partial route, timing analysis to/from this port will not be accurate, and no routing information for this port can be exported.
WARNING: [Route 35-198] Port "s00_axi_arlen[2]" does not have an associated HD.PARTPIN_LOCS, which will prevent the partial routing of the signal "s00_axi_arlen[2]". Without this partial route, timing analysis to/from this port will not be accurate, and no routing information for this port can be exported.
WARNING: [Route 35-198] Port "s00_axi_arlen[3]" does not have an associated HD.PARTPIN_LOCS, which will prevent the partial routing of the signal "s00_axi_arlen[3]". Without this partial route, timing analysis to/from this port will not be accurate, and no routing information for this port can be exported.
WARNING: [Route 35-198] Port "s00_axi_arlen[4]" does not have an associated HD.PARTPIN_LOCS, which will prevent the partial routing of the signal "s00_axi_arlen[4]". Without this partial route, timing analysis to/from this port will not be accurate, and no routing information for this port can be exported.
WARNING: [Route 35-198] Port "s00_axi_arlen[5]" does not have an associated HD.PARTPIN_LOCS, which will prevent the partial routing of the signal "s00_axi_arlen[5]". Without this partial route, timing analysis to/from this port will not be accurate, and no routing information for this port can be exported.
WARNING: [Route 35-198] Port "s00_axi_arlen[6]" does not have an associated HD.PARTPIN_LOCS, which will prevent the partial routing of the signal "s00_axi_arlen[6]". Without this partial route, timing analysis to/from this port will not be accurate, and no routing information for this port can be exported.
WARNING: [Route 35-198] Port "s00_axi_arlen[7]" does not have an associated HD.PARTPIN_LOCS, which will prevent the partial routing of the signal "s00_axi_arlen[7]". Without this partial route, timing analysis to/from this port will not be accurate, and no routing information for this port can be exported.
WARNING: [Route 35-198] Port "s00_axi_bready" does not have an associated HD.PARTPIN_LOCS, which will prevent the partial routing of the signal "s00_axi_bready". Without this partial route, timing analysis to/from this port will not be accurate, and no routing information for this port can be exported.
WARNING: [Route 35-198] Port "s00_axi_awvalid" does not have an associated HD.PARTPIN_LOCS, which will prevent the partial routing of the signal "s00_axi_awvalid". Without this partial route, timing analysis to/from this port will not be accurate, and no routing information for this port can be exported.
WARNING: [Route 35-198] Port "s00_axi_wstrb[1]" does not have an associated HD.PARTPIN_LOCS, which will prevent the partial routing of the signal "s00_axi_wstrb[1]". Without this partial route, timing analysis to/from this port will not be accurate, and no routing information for this port can be exported.
WARNING: [Route 35-198] Port "s00_axi_wdata[20]" does not have an associated HD.PARTPIN_LOCS, which will prevent the partial routing of the signal "s00_axi_wdata[20]". Without this partial route, timing analysis to/from this port will not be accurate, and no routing information for this port can be exported.
WARNING: [Route 35-198] Port "s00_axi_wstrb[3]" does not have an associated HD.PARTPIN_LOCS, which will prevent the partial routing of the signal "s00_axi_wstrb[3]". Without this partial route, timing analysis to/from this port will not be accurate, and no routing information for this port can be exported.
WARNING: [Route 35-198] Port "s00_axi_wdata[26]" does not have an associated HD.PARTPIN_LOCS, which will prevent the partial routing of the signal "s00_axi_wdata[26]". Without this partial route, timing analysis to/from this port will not be accurate, and no routing information for this port can be exported.
WARNING: [Route 35-198] Port "s00_axi_wvalid" does not have an associated HD.PARTPIN_LOCS, which will prevent the partial routing of the signal "s00_axi_wvalid". Without this partial route, timing analysis to/from this port will not be accurate, and no routing information for this port can be exported.
WARNING: [Route 35-198] Port "s00_axi_wlast" does not have an associated HD.PARTPIN_LOCS, which will prevent the partial routing of the signal "s00_axi_wlast". Without this partial route, timing analysis to/from this port will not be accurate, and no routing information for this port can be exported.
WARNING: [Route 35-198] Port "s00_axi_awburst[0]" does not have an associated HD.PARTPIN_LOCS, which will prevent the partial routing of the signal "s00_axi_awburst[0]". Without this partial route, timing analysis to/from this port will not be accurate, and no routing information for this port can be exported.
WARNING: [Route 35-198] Port "s00_axi_awburst[1]" does not have an associated HD.PARTPIN_LOCS, which will prevent the partial routing of the signal "s00_axi_awburst[1]". Without this partial route, timing analysis to/from this port will not be accurate, and no routing information for this port can be exported.
WARNING: [Route 35-198] Port "s00_axi_awlen[0]" does not have an associated HD.PARTPIN_LOCS, which will prevent the partial routing of the signal "s00_axi_awlen[0]". Without this partial route, timing analysis to/from this port will not be accurate, and no routing information for this port can be exported.
WARNING: [Route 35-198] Port "s00_axi_awlen[1]" does not have an associated HD.PARTPIN_LOCS, which will prevent the partial routing of the signal "s00_axi_awlen[1]". Without this partial route, timing analysis to/from this port will not be accurate, and no routing information for this port can be exported.
WARNING: [Route 35-198] Port "s00_axi_awlen[2]" does not have an associated HD.PARTPIN_LOCS, which will prevent the partial routing of the signal "s00_axi_awlen[2]". Without this partial route, timing analysis to/from this port will not be accurate, and no routing information for this port can be exported.
WARNING: [Route 35-198] Port "s00_axi_awlen[3]" does not have an associated HD.PARTPIN_LOCS, which will prevent the partial routing of the signal "s00_axi_awlen[3]". Without this partial route, timing analysis to/from this port will not be accurate, and no routing information for this port can be exported.
WARNING: [Route 35-198] Port "s00_axi_awlen[6]" does not have an associated HD.PARTPIN_LOCS, which will prevent the partial routing of the signal "s00_axi_awlen[6]". Without this partial route, timing analysis to/from this port will not be accurate, and no routing information for this port can be exported.
WARNING: [Route 35-198] Port "s00_axi_awlen[7]" does not have an associated HD.PARTPIN_LOCS, which will prevent the partial routing of the signal "s00_axi_awlen[7]". Without this partial route, timing analysis to/from this port will not be accurate, and no routing information for this port can be exported.
WARNING: [Route 35-198] Port "s00_axi_awlen[4]" does not have an associated HD.PARTPIN_LOCS, which will prevent the partial routing of the signal "s00_axi_awlen[4]". Without this partial route, timing analysis to/from this port will not be accurate, and no routing information for this port can be exported.
WARNING: [Route 35-198] Port "s00_axi_awlen[5]" does not have an associated HD.PARTPIN_LOCS, which will prevent the partial routing of the signal "s00_axi_awlen[5]". Without this partial route, timing analysis to/from this port will not be accurate, and no routing information for this port can be exported.
WARNING: [Route 35-198] Port "s00_axi_awsize[1]" does not have an associated HD.PARTPIN_LOCS, which will prevent the partial routing of the signal "s00_axi_awsize[1]". Without this partial route, timing analysis to/from this port will not be accurate, and no routing information for this port can be exported.
WARNING: [Route 35-198] Port "s00_axi_awsize[2]" does not have an associated HD.PARTPIN_LOCS, which will prevent the partial routing of the signal "s00_axi_awsize[2]". Without this partial route, timing analysis to/from this port will not be accurate, and no routing information for this port can be exported.
WARNING: [Route 35-198] Port "s00_axi_awaddr[7]" does not have an associated HD.PARTPIN_LOCS, which will prevent the partial routing of the signal "s00_axi_awaddr[7]". Without this partial route, timing analysis to/from this port will not be accurate, and no routing information for this port can be exported.
WARNING: [Route 35-198] Port "s00_axi_awaddr[6]" does not have an associated HD.PARTPIN_LOCS, which will prevent the partial routing of the signal "s00_axi_awaddr[6]". Without this partial route, timing analysis to/from this port will not be accurate, and no routing information for this port can be exported.
WARNING: [Route 35-198] Port "s00_axi_awaddr[5]" does not have an associated HD.PARTPIN_LOCS, which will prevent the partial routing of the signal "s00_axi_awaddr[5]". Without this partial route, timing analysis to/from this port will not be accurate, and no routing information for this port can be exported.
WARNING: [Route 35-198] Port "s00_axi_awaddr[4]" does not have an associated HD.PARTPIN_LOCS, which will prevent the partial routing of the signal "s00_axi_awaddr[4]". Without this partial route, timing analysis to/from this port will not be accurate, and no routing information for this port can be exported.
WARNING: [Route 35-198] Port "s00_axi_awaddr[3]" does not have an associated HD.PARTPIN_LOCS, which will prevent the partial routing of the signal "s00_axi_awaddr[3]". Without this partial route, timing analysis to/from this port will not be accurate, and no routing information for this port can be exported.
WARNING: [Route 35-198] Port "s00_axi_awaddr[2]" does not have an associated HD.PARTPIN_LOCS, which will prevent the partial routing of the signal "s00_axi_awaddr[2]". Without this partial route, timing analysis to/from this port will not be accurate, and no routing information for this port can be exported.
WARNING: [Route 35-198] Port "s00_axi_awaddr[1]" does not have an associated HD.PARTPIN_LOCS, which will prevent the partial routing of the signal "s00_axi_awaddr[1]". Without this partial route, timing analysis to/from this port will not be accurate, and no routing information for this port can be exported.
WARNING: [Route 35-198] Port "s00_axi_awaddr[0]" does not have an associated HD.PARTPIN_LOCS, which will prevent the partial routing of the signal "s00_axi_awaddr[0]". Without this partial route, timing analysis to/from this port will not be accurate, and no routing information for this port can be exported.
WARNING: [Route 35-198] Port "s00_axi_awaddr[15]" does not have an associated HD.PARTPIN_LOCS, which will prevent the partial routing of the signal "s00_axi_awaddr[15]". Without this partial route, timing analysis to/from this port will not be accurate, and no routing information for this port can be exported.
WARNING: [Route 35-198] Port "s00_axi_awaddr[14]" does not have an associated HD.PARTPIN_LOCS, which will prevent the partial routing of the signal "s00_axi_awaddr[14]". Without this partial route, timing analysis to/from this port will not be accurate, and no routing information for this port can be exported.
WARNING: [Route 35-198] Port "s00_axi_awaddr[13]" does not have an associated HD.PARTPIN_LOCS, which will prevent the partial routing of the signal "s00_axi_awaddr[13]". Without this partial route, timing analysis to/from this port will not be accurate, and no routing information for this port can be exported.
WARNING: [Route 35-198] Port "s00_axi_awaddr[12]" does not have an associated HD.PARTPIN_LOCS, which will prevent the partial routing of the signal "s00_axi_awaddr[12]". Without this partial route, timing analysis to/from this port will not be accurate, and no routing information for this port can be exported.
WARNING: [Route 35-198] Port "s00_axi_awaddr[11]" does not have an associated HD.PARTPIN_LOCS, which will prevent the partial routing of the signal "s00_axi_awaddr[11]". Without this partial route, timing analysis to/from this port will not be accurate, and no routing information for this port can be exported.
WARNING: [Route 35-198] Port "s00_axi_awaddr[10]" does not have an associated HD.PARTPIN_LOCS, which will prevent the partial routing of the signal "s00_axi_awaddr[10]". Without this partial route, timing analysis to/from this port will not be accurate, and no routing information for this port can be exported.
WARNING: [Route 35-198] Port "s00_axi_awaddr[9]" does not have an associated HD.PARTPIN_LOCS, which will prevent the partial routing of the signal "s00_axi_awaddr[9]". Without this partial route, timing analysis to/from this port will not be accurate, and no routing information for this port can be exported.
WARNING: [Route 35-198] Port "s00_axi_awaddr[8]" does not have an associated HD.PARTPIN_LOCS, which will prevent the partial routing of the signal "s00_axi_awaddr[8]". Without this partial route, timing analysis to/from this port will not be accurate, and no routing information for this port can be exported.
INFO: [Common 17-14] Message 'Route 35-198' appears 100 times and further instances of the messages will be disabled. Use the Tcl command set_msg_config to change the current settings.
Post Restoration Checksum: NetGraph: e94c598e NumContArr: 7323425b Constraints: 0 Timing: 0
Phase 1 Build RT Design | Checksum: 15c6f9be9

Time (s): cpu = 00:00:07 ; elapsed = 00:00:06 . Memory (MB): peak = 4247.543 ; gain = 0.000

Phase 2 Router Initialization

Phase 2.1 Fix Topology Constraints
Phase 2.1 Fix Topology Constraints | Checksum: 15c6f9be9

Time (s): cpu = 00:00:07 ; elapsed = 00:00:06 . Memory (MB): peak = 4247.543 ; gain = 0.000

Phase 2.2 Pre Route Cleanup
Phase 2.2 Pre Route Cleanup | Checksum: 15c6f9be9

Time (s): cpu = 00:00:07 ; elapsed = 00:00:06 . Memory (MB): peak = 4247.543 ; gain = 0.000

Phase 2.3 Global Clock Net Routing
Phase 2.3 Global Clock Net Routing | Checksum: 15c6f9be9

Time (s): cpu = 00:00:08 ; elapsed = 00:00:07 . Memory (MB): peak = 4247.543 ; gain = 0.000

Phase 2.4 Update Timing
Phase 2.4 Update Timing | Checksum: 1a4b41402

Time (s): cpu = 00:00:09 ; elapsed = 00:00:08 . Memory (MB): peak = 4247.543 ; gain = 0.000
INFO: [Route 35-416] Intermediate Timing Summary | WNS=1.556  | TNS=0.000  | WHS=0.019  | THS=0.000  |


Router Utilization Summary
  Global Vertical Routing Utilization    = 0 %
  Global Horizontal Routing Utilization  = 0 %
  Routable Net Status*
  *Does not include unroutable nets such as driverless and loadless.
  Run report_route_status for detailed report.
  Number of Failed Nets               = 11775
    (Failed Nets is the sum of unrouted and partially routed nets)
  Number of Unrouted Nets             = 11358
  Number of Partially Routed Nets     = 417
  Number of Node Overlaps             = 0

Phase 2 Router Initialization | Checksum: 15eb50e18

Time (s): cpu = 00:00:13 ; elapsed = 00:00:10 . Memory (MB): peak = 4247.543 ; gain = 0.000

Phase 3 Initial Routing

Phase 3.1 Global Routing
Phase 3.1 Global Routing | Checksum: 15eb50e18

Time (s): cpu = 00:00:13 ; elapsed = 00:00:10 . Memory (MB): peak = 4247.543 ; gain = 0.000
Phase 3 Initial Routing | Checksum: 1a94e54cb

Time (s): cpu = 00:00:18 ; elapsed = 00:00:13 . Memory (MB): peak = 4247.543 ; gain = 0.000

Phase 4 Rip-up And Reroute

Phase 4.1 Global Iteration 0
 Number of Nodes with overlaps = 586
 Number of Nodes with overlaps = 28
 Number of Nodes with overlaps = 1
 Number of Nodes with overlaps = 0
INFO: [Route 35-416] Intermediate Timing Summary | WNS=0.432  | TNS=0.000  | WHS=0.045  | THS=0.000  |

Phase 4.1 Global Iteration 0 | Checksum: 1b13cb7ce

Time (s): cpu = 00:00:26 ; elapsed = 00:00:19 . Memory (MB): peak = 4247.543 ; gain = 0.000

Phase 4.2 Additional Iteration for Hold
Phase 4.2 Additional Iteration for Hold | Checksum: 2218b50a7

Time (s): cpu = 00:00:26 ; elapsed = 00:00:19 . Memory (MB): peak = 4247.543 ; gain = 0.000
Phase 4 Rip-up And Reroute | Checksum: 2218b50a7

Time (s): cpu = 00:00:26 ; elapsed = 00:00:19 . Memory (MB): peak = 4247.543 ; gain = 0.000

Phase 5 Delay and Skew Optimization

Phase 5.1 Delay CleanUp
Phase 5.1 Delay CleanUp | Checksum: 2218b50a7

Time (s): cpu = 00:00:26 ; elapsed = 00:00:19 . Memory (MB): peak = 4247.543 ; gain = 0.000

Phase 5.2 Clock Skew Optimization
Phase 5.2 Clock Skew Optimization | Checksum: 2218b50a7

Time (s): cpu = 00:00:27 ; elapsed = 00:00:19 . Memory (MB): peak = 4247.543 ; gain = 0.000
Phase 5 Delay and Skew Optimization | Checksum: 2218b50a7

Time (s): cpu = 00:00:27 ; elapsed = 00:00:19 . Memory (MB): peak = 4247.543 ; gain = 0.000

Phase 6 Post Hold Fix

Phase 6.1 Hold Fix Iter

Phase 6.1.1 Update Timing
Phase 6.1.1 Update Timing | Checksum: 1f7a757da

Time (s): cpu = 00:00:28 ; elapsed = 00:00:20 . Memory (MB): peak = 4247.543 ; gain = 0.000
INFO: [Route 35-416] Intermediate Timing Summary | WNS=0.432  | TNS=0.000  | WHS=0.045  | THS=0.000  |

Phase 6.1 Hold Fix Iter | Checksum: 1f7a757da

Time (s): cpu = 00:00:28 ; elapsed = 00:00:20 . Memory (MB): peak = 4247.543 ; gain = 0.000
Phase 6 Post Hold Fix | Checksum: 1f7a757da

Time (s): cpu = 00:00:29 ; elapsed = 00:00:20 . Memory (MB): peak = 4247.543 ; gain = 0.000

Phase 7 Route finalize

Router Utilization Summary
  Global Vertical Routing Utilization    = 1.78119 %
  Global Horizontal Routing Utilization  = 1.13658 %
  Routable Net Status*
  *Does not include unroutable nets such as driverless and loadless.
  Run report_route_status for detailed report.
  Number of Failed Nets               = 0
    (Failed Nets is the sum of unrouted and partially routed nets)
  Number of Unrouted Nets             = 0
  Number of Partially Routed Nets     = 0
  Number of Node Overlaps             = 0

Phase 7 Route finalize | Checksum: 1fc4343d5

Time (s): cpu = 00:00:29 ; elapsed = 00:00:20 . Memory (MB): peak = 4247.543 ; gain = 0.000

Phase 8 Verifying routed nets

 Verification completed successfully
Phase 8 Verifying routed nets | Checksum: 1fc4343d5

Time (s): cpu = 00:00:29 ; elapsed = 00:00:21 . Memory (MB): peak = 4247.543 ; gain = 0.000

Phase 9 Depositing Routes
Phase 9 Depositing Routes | Checksum: 1fc4343d5

Time (s): cpu = 00:00:30 ; elapsed = 00:00:21 . Memory (MB): peak = 4247.543 ; gain = 0.000

Phase 10 Resolve XTalk
Phase 10 Resolve XTalk | Checksum: 1fc4343d5

Time (s): cpu = 00:00:30 ; elapsed = 00:00:21 . Memory (MB): peak = 4247.543 ; gain = 0.000

Phase 11 Post Router Timing
INFO: [Route 35-57] Estimated Timing Summary | WNS=0.432  | TNS=0.000  | WHS=0.045  | THS=0.000  |

INFO: [Route 35-327] The final timing numbers are based on the router estimated timing analysis. For a complete and accurate timing signoff, please run report_timing_summary.
Phase 11 Post Router Timing | Checksum: 1fc4343d5

Time (s): cpu = 00:00:30 ; elapsed = 00:00:22 . Memory (MB): peak = 4247.543 ; gain = 0.000
INFO: [Route 35-16] Router Completed Successfully

Time (s): cpu = 00:00:30 ; elapsed = 00:00:22 . Memory (MB): peak = 4247.543 ; gain = 0.000

Routing Is Done.
INFO: [Common 17-83] Releasing license: Implementation
13 Infos, 101 Warnings, 0 Critical Warnings and 0 Errors encountered.
route_design completed successfully
route_design: Time (s): cpu = 00:00:32 ; elapsed = 00:00:24 . Memory (MB): peak = 4247.543 ; gain = 0.000
# phys_opt_design
Command: phys_opt_design
Attempting to get a license for feature 'Implementation' and/or device 'xczu7ev'
INFO: [Common 17-349] Got license for feature 'Implementation' and/or device 'xczu7ev'
INFO: [Vivado_Tcl 4-241] Physical synthesis in post route mode ( 100.0% nets are fully routed)

Starting Initial Update Timing Task
WARNING: [Timing 38-242] The property HD.CLK_SRC of clock port "s00_axi_aclk" is not set. In out-of-context mode, this prevents timing estimation for clock delay/skew
Resolution: Set the HD.CLK_SRC property of the out-of-context port to the location of the clock buffer instance in the top-level design

Time (s): cpu = 00:00:05 ; elapsed = 00:00:04 . Memory (MB): peak = 4247.543 ; gain = 0.000
INFO: [Vivado_Tcl 4-383] Design worst setup slack (WNS) is greater than or equal to 0.000 ns. Skipping all physical synthesis optimizations.
INFO: [Vivado_Tcl 4-232] No setup violation found. The netlist was not modified.
INFO: [Common 17-83] Releasing license: Implementation
5 Infos, 1 Warnings, 0 Critical Warnings and 0 Errors encountered.
phys_opt_design completed successfully
# report_utilization -file [file join $script_dir "current_256_impl_utilization.rpt"]
# report_timing_summary -delay_type min_max -max_paths 50 \
#     -file [file join $script_dir "current_256_impl_timing_200mhz.rpt"]
INFO: [Timing 38-91] UpdateTimingParams: Speed grade: -2, Temperature grade: E, Delay Type: min_max.
INFO: [Timing 38-191] Multithreading enabled for timing update using a maximum of 2 CPUs
# report_weight_address_fanout \
#     [file join $script_dir "current_256_impl_weight_address_fanout.rpt"] "post-route"
# report_weight_address_paths \
#     [file join $script_dir "current_256_impl_weight_address_paths.rpt"]
INFO: [Timing 38-91] UpdateTimingParams: Speed grade: -2, Temperature grade: E, Delay Type: max.
INFO: [Timing 38-191] Multithreading enabled for timing update using a maximum of 2 CPUs
INFO: [Timing 38-78] ReportTimingParams: -from_pins  -to_pins  -max_paths 50 -nworst 1 -delay_type max -sort_by slack.
# write_checkpoint -force [file join $script_dir "current_256_impl_route.dcp"]
INFO: [Timing 38-480] Writing timing data to binary archive.
Writing XDEF routing.
Writing XDEF routing logical nets.
Writing XDEF routing special nets.
Write XDEF Complete: Time (s): cpu = 00:00:02 ; elapsed = 00:00:01 . Memory (MB): peak = 4247.543 ; gain = 0.000
INFO: [Common 17-1381] The checkpoint 'D:/DOAN/DATN_RTL/DATN_VIVADO/manual_sim/current_256_impl_route.dcp' has been generated.
# close_project
INFO: [Common 17-206] Exiting Vivado at Tue Jun 16 11:53:23 2026...
