Copyright 1986-2022 Xilinx, Inc. All Rights Reserved.
---------------------------------------------------------------------------------------------------------------------------------------------------------------
| Tool Version      : Vivado v.2022.2 (win64) Build 3671981 Fri Oct 14 05:00:03 MDT 2022
| Date              : Mon Jun 15 12:01:20 2026
| Host              : Cuong-Desktop running 64-bit major release  (build 9200)
| Command           : report_timing_summary -delay_type min_max -max_paths 20 -file D:/DOAN/DATN_RTL/DATN_VIVADO/manual_sim/current_rtl_impl_timing_300mhz.rpt
| Design            : VPU_Top
| Device            : xczu7ev-ffvc1156
| Speed File        : -2  PRODUCTION 1.30 05-15-2022
| Temperature Grade : E
---------------------------------------------------------------------------------------------------------------------------------------------------------------

Timing Summary Report

------------------------------------------------------------------------------------------------
| Timer Settings
| --------------
------------------------------------------------------------------------------------------------

  Enable Multi Corner Analysis               :  Yes
  Enable Pessimism Removal                   :  Yes
  Pessimism Removal Resolution               :  Nearest Common Node
  Enable Input Delay Default Clock           :  No
  Enable Preset / Clear Arcs                 :  No
  Disable Flight Delays                      :  No
  Ignore I/O Paths                           :  No
  Timing Early Launch at Borrowing Latches   :  No
  Borrow Time for Max Delay Exceptions       :  Yes
  Merge Timing Exceptions                    :  Yes

  Corner  Analyze    Analyze    
  Name    Max Paths  Min Paths  
  ------  ---------  ---------  
  Slow    Yes        Yes        
  Fast    Yes        Yes        


------------------------------------------------------------------------------------------------
| Report Methodology
| ------------------
------------------------------------------------------------------------------------------------

No report available as report_methodology has not been run prior. Run report_methodology on the current design for the summary of methodology violations.



check_timing report

Table of Contents
-----------------
1. checking no_clock (0)
2. checking constant_clock (0)
3. checking pulse_width_clock (0)
4. checking unconstrained_internal_endpoints (0)
5. checking no_input_delay (259)
6. checking no_output_delay (137)
7. checking multiple_clock (0)
8. checking generated_clocks (0)
9. checking loops (0)
10. checking partial_input_delay (0)
11. checking partial_output_delay (0)
12. checking latch_loops (0)

1. checking no_clock (0)
------------------------
 There are 0 register/latch pins with no clock.


2. checking constant_clock (0)
------------------------------
 There are 0 register/latch pins with constant_clock.


3. checking pulse_width_clock (0)
---------------------------------
 There are 0 register/latch pins which need pulse_width check


4. checking unconstrained_internal_endpoints (0)
------------------------------------------------
 There are 0 pins that are not constrained for maximum delay.

 There are 0 pins that are not constrained for maximum delay due to constant clock.


5. checking no_input_delay (259)
--------------------------------
 There are 259 input ports with no input delay specified. (HIGH)

 There are 0 input ports with no input delay but user has a false path constraint.


6. checking no_output_delay (137)
---------------------------------
 There are 137 ports with no output delay specified. (HIGH)

 There are 0 ports with no output delay but user has a false path constraint

 There are 0 ports with no output delay but with a timing clock defined on it or propagating through it


7. checking multiple_clock (0)
------------------------------
 There are 0 register/latch pins with multiple clocks.


8. checking generated_clocks (0)
--------------------------------
 There are 0 generated clocks that are not connected to a clock source.


9. checking loops (0)
---------------------
 There are 0 combinational loops in the design.


10. checking partial_input_delay (0)
------------------------------------
 There are 0 input ports with partial input delay specified.


11. checking partial_output_delay (0)
-------------------------------------
 There are 0 ports with partial output delay specified.


12. checking latch_loops (0)
----------------------------
 There are 0 combinational latch loops in the design through latch input



------------------------------------------------------------------------------------------------
| Design Timing Summary
| ---------------------
------------------------------------------------------------------------------------------------

    WNS(ns)      TNS(ns)  TNS Failing Endpoints  TNS Total Endpoints      WHS(ns)      THS(ns)  THS Failing Endpoints  THS Total Endpoints     WPWS(ns)     TPWS(ns)  TPWS Failing Endpoints  TPWS Total Endpoints  
    -------      -------  ---------------------  -------------------      -------      -------  ---------------------  -------------------     --------     --------  ----------------------  --------------------  
      0.432        0.000                      0                10151        0.040        0.000                      0                10151        1.124        0.000                       0                  3266  


All user specified timing constraints are met.


------------------------------------------------------------------------------------------------
| Clock Summary
| -------------
------------------------------------------------------------------------------------------------

Clock         Waveform(ns)         Period(ns)      Frequency(MHz)
-----         ------------         ----------      --------------
s00_axi_aclk  {0.000 1.666}        3.333           300.030         


------------------------------------------------------------------------------------------------
| Intra Clock Table
| -----------------
------------------------------------------------------------------------------------------------

Clock             WNS(ns)      TNS(ns)  TNS Failing Endpoints  TNS Total Endpoints      WHS(ns)      THS(ns)  THS Failing Endpoints  THS Total Endpoints     WPWS(ns)     TPWS(ns)  TPWS Failing Endpoints  TPWS Total Endpoints  
-----             -------      -------  ---------------------  -------------------      -------      -------  ---------------------  -------------------     --------     --------  ----------------------  --------------------  
s00_axi_aclk        0.432        0.000                      0                10151        0.040        0.000                      0                10151        1.124        0.000                       0                  3266  


------------------------------------------------------------------------------------------------
| Inter Clock Table
| -----------------
------------------------------------------------------------------------------------------------

From Clock    To Clock          WNS(ns)      TNS(ns)  TNS Failing Endpoints  TNS Total Endpoints      WHS(ns)      THS(ns)  THS Failing Endpoints  THS Total Endpoints  
----------    --------          -------      -------  ---------------------  -------------------      -------      -------  ---------------------  -------------------  


------------------------------------------------------------------------------------------------
| Other Path Groups Table
| -----------------------
------------------------------------------------------------------------------------------------

Path Group    From Clock    To Clock          WNS(ns)      TNS(ns)  TNS Failing Endpoints  TNS Total Endpoints      WHS(ns)      THS(ns)  THS Failing Endpoints  THS Total Endpoints  
----------    ----------    --------          -------      -------  ---------------------  -------------------      -------      -------  ---------------------  -------------------  


------------------------------------------------------------------------------------------------
| Timing Details
| --------------
------------------------------------------------------------------------------------------------


---------------------------------------------------------------------------------------------------
From Clock:  s00_axi_aclk
  To Clock:  s00_axi_aclk

Setup :            0  Failing Endpoints,  Worst Slack        0.432ns,  Total Violation        0.000ns
Hold  :            0  Failing Endpoints,  Worst Slack        0.040ns,  Total Violation        0.000ns
PW    :            0  Failing Endpoints,  Worst Slack        1.124ns,  Total Violation        0.000ns
---------------------------------------------------------------------------------------------------


Max Delay Paths
--------------------------------------------------------------------------------------
Slack (MET) :             0.432ns  (required time - arrival time)
  Source:                 u_my_ip/u_axi4_mapping/u_gemv/block_idx_r_reg[1]/C
                            (rising edge-triggered cell FDRE clocked by s00_axi_aclk  {rise@0.000ns fall@1.666ns period=3.333ns})
  Destination:            u_my_ip/u_axi4_mapping/u_gemv/u_result_bram/mem_reg_3/ENARDEN
                            (rising edge-triggered cell RAMB36E2 clocked by s00_axi_aclk  {rise@0.000ns fall@1.666ns period=3.333ns})
  Path Group:             s00_axi_aclk
  Path Type:              Setup (Max at Slow Process Corner)
  Requirement:            3.333ns  (s00_axi_aclk rise@3.333ns - s00_axi_aclk rise@0.000ns)
  Data Path Delay:        2.533ns  (logic 1.045ns (41.257%)  route 1.488ns (58.743%))
  Logic Levels:           10  (CARRY8=4 LUT2=1 LUT4=2 LUT5=1 LUT6=2)
  Clock Path Skew:        0.009ns (DCD - SCD + CPR)
    Destination Clock Delay (DCD):    0.039ns = ( 3.372 - 3.333 ) 
    Source Clock Delay      (SCD):    0.030ns
    Clock Pessimism Removal (CPR):    0.000ns
  Clock Uncertainty:      0.035ns  ((TSJ^2 + TIJ^2)^1/2 + DJ) / 2 + PE
    Total System Jitter     (TSJ):    0.071ns
    Total Input Jitter      (TIJ):    0.000ns
    Discrete Jitter          (DJ):    0.000ns
    Phase Error              (PE):    0.000ns

    Location             Delay type                Incr(ns)  Path(ns)    Netlist Resource(s)
  -------------------------------------------------------------------    -------------------
                         (clock s00_axi_aclk rise edge)
                                                      0.000     0.000 r  
                                                      0.000     0.000 r  s00_axi_aclk (IN)
                         net (fo=3355, unset)         0.030     0.030    u_my_ip/u_axi4_mapping/u_gemv/s00_axi_aclk
    SLICE_X73Y173        FDRE                                         r  u_my_ip/u_axi4_mapping/u_gemv/block_idx_r_reg[1]/C
  -------------------------------------------------------------------    -------------------
    SLICE_X73Y173        FDRE (Prop_DFF2_SLICEM_C_Q)
                                                      0.080     0.110 r  u_my_ip/u_axi4_mapping/u_gemv/block_idx_r_reg[1]/Q
                         net (fo=12, routed)          0.138     0.248    u_my_ip/u_axi4_mapping/u_gemv/block_idx_r_reg_n_0_[1]
    SLICE_X71Y173        LUT2 (Prop_B6LUT_SLICEM_I1_O)
                                                      0.149     0.397 r  u_my_ip/u_axi4_mapping/u_gemv/mem_reg_0_i_104/O
                         net (fo=1, routed)           0.016     0.413    u_my_ip/u_axi4_mapping/u_gemv/mem_reg_0_i_104_n_0
    SLICE_X71Y173        CARRY8 (Prop_CARRY8_SLICEM_S[1]_CO[7])
                                                      0.190     0.603 r  u_my_ip/u_axi4_mapping/u_gemv/mem_reg_0_i_52/CO[7]
                         net (fo=1, routed)           0.026     0.629    u_my_ip/u_axi4_mapping/u_gemv/mem_reg_0_i_52_n_0
    SLICE_X71Y174        CARRY8 (Prop_CARRY8_SLICEM_CI_CO[7])
                                                      0.015     0.644 r  u_my_ip/u_axi4_mapping/u_gemv/mem_reg_0_i_51/CO[7]
                         net (fo=1, routed)           0.026     0.670    u_my_ip/u_axi4_mapping/u_gemv/mem_reg_0_i_51_n_0
    SLICE_X71Y175        CARRY8 (Prop_CARRY8_SLICEM_CI_CO[7])
                                                      0.015     0.685 r  u_my_ip/u_axi4_mapping/u_gemv/mem_reg_0_i_170/CO[7]
                         net (fo=1, routed)           0.026     0.711    u_my_ip/u_axi4_mapping/u_gemv/mem_reg_0_i_170_n_0
    SLICE_X71Y176        CARRY8 (Prop_CARRY8_SLICEM_CI_O[7])
                                                      0.116     0.827 f  u_my_ip/u_axi4_mapping/u_gemv/mem_reg_0_i_86/O[7]
                         net (fo=1, routed)           0.171     0.998    u_my_ip/u_axi4_mapping/u_gemv/u_result_bram/p_0_in__0[29]
    SLICE_X71Y177        LUT4 (Prop_G6LUT_SLICEM_I0_O)
                                                      0.090     1.088 f  u_my_ip/u_axi4_mapping/u_gemv/u_result_bram/mem_reg_0_i_171/O
                         net (fo=1, routed)           0.096     1.184    u_my_ip/u_axi4_mapping/u_gemv/u_result_bram/mem_reg_0_i_171_n_0
    SLICE_X71Y178        LUT5 (Prop_C6LUT_SLICEM_I4_O)
                                                      0.123     1.307 f  u_my_ip/u_axi4_mapping/u_gemv/u_result_bram/mem_reg_0_i_88/O
                         net (fo=1, routed)           0.059     1.366    u_my_ip/u_axi4_mapping/u_gemv/u_result_bram/mem_reg_0_i_88_n_0
    SLICE_X71Y178        LUT6 (Prop_F6LUT_SLICEM_I5_O)
                                                      0.148     1.514 r  u_my_ip/u_axi4_mapping/u_gemv/u_result_bram/mem_reg_0_i_46/O
                         net (fo=1, routed)           0.194     1.708    u_my_ip/u_axi4_mapping/u_gemv/u_pmau/mem_reg_3
    SLICE_X70Y181        LUT6 (Prop_F6LUT_SLICEM_I1_O)
                                                      0.051     1.759 r  u_my_ip/u_axi4_mapping/u_gemv/u_pmau/mem_reg_0_i_1/O
                         net (fo=133, routed)         0.241     2.000    u_my_ip/u_axi4_mapping/u_gemv/u_pmau/enb0
    SLICE_X69Y178        LUT4 (Prop_C5LUT_SLICEL_I0_O)
                                                      0.068     2.068 r  u_my_ip/u_axi4_mapping/u_gemv/u_pmau/mem_reg_3_i_33/O
                         net (fo=4, routed)           0.495     2.563    u_my_ip/u_axi4_mapping/u_gemv/u_result_bram/result_wr_strobe[3]
    RAMB36_X2Y37         RAMB36E2                                     r  u_my_ip/u_axi4_mapping/u_gemv/u_result_bram/mem_reg_3/ENARDEN
  -------------------------------------------------------------------    -------------------

                         (clock s00_axi_aclk rise edge)
                                                      3.333     3.333 r  
                                                      0.000     3.333 r  s00_axi_aclk (IN)
                         net (fo=3355, unset)         0.039     3.372    u_my_ip/u_axi4_mapping/u_gemv/u_result_bram/s00_axi_aclk
    RAMB36_X2Y37         RAMB36E2                                     r  u_my_ip/u_axi4_mapping/u_gemv/u_result_bram/mem_reg_3/CLKARDCLK
                         clock pessimism              0.000     3.372    
                         clock uncertainty           -0.035     3.337    
    RAMB36_X2Y37         RAMB36E2 (Setup_RAMB36E2_RAMB36_CLKARDCLK_ENARDEN)
                                                     -0.342     2.995    u_my_ip/u_axi4_mapping/u_gemv/u_result_bram/mem_reg_3
  -------------------------------------------------------------------
                         required time                          2.995    
                         arrival time                          -2.563    
  -------------------------------------------------------------------
                         slack                                  0.432    

Slack (MET) :             0.446ns  (required time - arrival time)
  Source:                 u_my_ip/u_axi4_mapping/u_gemv/block_idx_r_reg[1]/C
                            (rising edge-triggered cell FDRE clocked by s00_axi_aclk  {rise@0.000ns fall@1.666ns period=3.333ns})
  Destination:            u_my_ip/u_axi4_mapping/u_gemv/u_result_bram/mem_reg_1/DINADIN[27]
                            (rising edge-triggered cell RAMB36E2 clocked by s00_axi_aclk  {rise@0.000ns fall@1.666ns period=3.333ns})
  Path Group:             s00_axi_aclk
  Path Type:              Setup (Max at Slow Process Corner)
  Requirement:            3.333ns  (s00_axi_aclk rise@3.333ns - s00_axi_aclk rise@0.000ns)
  Data Path Delay:        2.599ns  (logic 1.087ns (41.817%)  route 1.512ns (58.183%))
  Logic Levels:           10  (CARRY8=4 LUT2=1 LUT4=1 LUT5=2 LUT6=2)
  Clock Path Skew:        0.009ns (DCD - SCD + CPR)
    Destination Clock Delay (DCD):    0.039ns = ( 3.372 - 3.333 ) 
    Source Clock Delay      (SCD):    0.030ns
    Clock Pessimism Removal (CPR):    0.000ns
  Clock Uncertainty:      0.035ns  ((TSJ^2 + TIJ^2)^1/2 + DJ) / 2 + PE
    Total System Jitter     (TSJ):    0.071ns
    Total Input Jitter      (TIJ):    0.000ns
    Discrete Jitter          (DJ):    0.000ns
    Phase Error              (PE):    0.000ns

    Location             Delay type                Incr(ns)  Path(ns)    Netlist Resource(s)
  -------------------------------------------------------------------    -------------------
                         (clock s00_axi_aclk rise edge)
                                                      0.000     0.000 r  
                                                      0.000     0.000 r  s00_axi_aclk (IN)
                         net (fo=3355, unset)         0.030     0.030    u_my_ip/u_axi4_mapping/u_gemv/s00_axi_aclk
    SLICE_X73Y173        FDRE                                         r  u_my_ip/u_axi4_mapping/u_gemv/block_idx_r_reg[1]/C
  -------------------------------------------------------------------    -------------------
    SLICE_X73Y173        FDRE (Prop_DFF2_SLICEM_C_Q)
                                                      0.080     0.110 r  u_my_ip/u_axi4_mapping/u_gemv/block_idx_r_reg[1]/Q
                         net (fo=12, routed)          0.138     0.248    u_my_ip/u_axi4_mapping/u_gemv/block_idx_r_reg_n_0_[1]
    SLICE_X71Y173        LUT2 (Prop_B6LUT_SLICEM_I1_O)
                                                      0.149     0.397 r  u_my_ip/u_axi4_mapping/u_gemv/mem_reg_0_i_104/O
                         net (fo=1, routed)           0.016     0.413    u_my_ip/u_axi4_mapping/u_gemv/mem_reg_0_i_104_n_0
    SLICE_X71Y173        CARRY8 (Prop_CARRY8_SLICEM_S[1]_CO[7])
                                                      0.190     0.603 r  u_my_ip/u_axi4_mapping/u_gemv/mem_reg_0_i_52/CO[7]
                         net (fo=1, routed)           0.026     0.629    u_my_ip/u_axi4_mapping/u_gemv/mem_reg_0_i_52_n_0
    SLICE_X71Y174        CARRY8 (Prop_CARRY8_SLICEM_CI_CO[7])
                                                      0.015     0.644 r  u_my_ip/u_axi4_mapping/u_gemv/mem_reg_0_i_51/CO[7]
                         net (fo=1, routed)           0.026     0.670    u_my_ip/u_axi4_mapping/u_gemv/mem_reg_0_i_51_n_0
    SLICE_X71Y175        CARRY8 (Prop_CARRY8_SLICEM_CI_CO[7])
                                                      0.015     0.685 r  u_my_ip/u_axi4_mapping/u_gemv/mem_reg_0_i_170/CO[7]
                         net (fo=1, routed)           0.026     0.711    u_my_ip/u_axi4_mapping/u_gemv/mem_reg_0_i_170_n_0
    SLICE_X71Y176        CARRY8 (Prop_CARRY8_SLICEM_CI_O[7])
                                                      0.116     0.827 f  u_my_ip/u_axi4_mapping/u_gemv/mem_reg_0_i_86/O[7]
                         net (fo=1, routed)           0.171     0.998    u_my_ip/u_axi4_mapping/u_gemv/u_result_bram/p_0_in__0[29]
    SLICE_X71Y177        LUT4 (Prop_G6LUT_SLICEM_I0_O)
                                                      0.090     1.088 f  u_my_ip/u_axi4_mapping/u_gemv/u_result_bram/mem_reg_0_i_171/O
                         net (fo=1, routed)           0.096     1.184    u_my_ip/u_axi4_mapping/u_gemv/u_result_bram/mem_reg_0_i_171_n_0
    SLICE_X71Y178        LUT5 (Prop_C6LUT_SLICEM_I4_O)
                                                      0.123     1.307 f  u_my_ip/u_axi4_mapping/u_gemv/u_result_bram/mem_reg_0_i_88/O
                         net (fo=1, routed)           0.059     1.366    u_my_ip/u_axi4_mapping/u_gemv/u_result_bram/mem_reg_0_i_88_n_0
    SLICE_X71Y178        LUT6 (Prop_F6LUT_SLICEM_I5_O)
                                                      0.148     1.514 r  u_my_ip/u_axi4_mapping/u_gemv/u_result_bram/mem_reg_0_i_46/O
                         net (fo=1, routed)           0.194     1.708    u_my_ip/u_axi4_mapping/u_gemv/u_pmau/mem_reg_3
    SLICE_X70Y181        LUT6 (Prop_F6LUT_SLICEM_I1_O)
                                                      0.051     1.759 r  u_my_ip/u_axi4_mapping/u_gemv/u_pmau/mem_reg_0_i_1/O
                         net (fo=133, routed)         0.365     2.123    u_my_ip/u_axi4_mapping/u_gemv/u_pmau/enb0
    SLICE_X68Y184        LUT5 (Prop_D5LUT_SLICEL_I3_O)
                                                      0.110     2.233 r  u_my_ip/u_axi4_mapping/u_gemv/u_pmau/mem_reg_1_i_5/O
                         net (fo=1, routed)           0.396     2.629    u_my_ip/u_axi4_mapping/u_gemv/u_result_bram/p_2_in[59]
    RAMB36_X2Y34         RAMB36E2                                     r  u_my_ip/u_axi4_mapping/u_gemv/u_result_bram/mem_reg_1/DINADIN[27]
  -------------------------------------------------------------------    -------------------

                         (clock s00_axi_aclk rise edge)
                                                      3.333     3.333 r  
                                                      0.000     3.333 r  s00_axi_aclk (IN)
                         net (fo=3355, unset)         0.039     3.372    u_my_ip/u_axi4_mapping/u_gemv/u_result_bram/s00_axi_aclk
    RAMB36_X2Y34         RAMB36E2                                     r  u_my_ip/u_axi4_mapping/u_gemv/u_result_bram/mem_reg_1/CLKARDCLK
                         clock pessimism              0.000     3.372    
                         clock uncertainty           -0.035     3.337    
    RAMB36_X2Y34         RAMB36E2 (Setup_RAMB36E2_RAMB36_CLKARDCLK_DINADIN[27])
                                                     -0.261     3.076    u_my_ip/u_axi4_mapping/u_gemv/u_result_bram/mem_reg_1
  -------------------------------------------------------------------
                         required time                          3.076    
                         arrival time                          -2.629    
  -------------------------------------------------------------------
                         slack                                  0.446    

Slack (MET) :             0.469ns  (required time - arrival time)
  Source:                 u_my_ip/u_axi4_mapping/u_gemv/block_idx_r_reg[1]/C
                            (rising edge-triggered cell FDRE clocked by s00_axi_aclk  {rise@0.000ns fall@1.666ns period=3.333ns})
  Destination:            u_my_ip/u_axi4_mapping/u_gemv/u_result_bram/mem_reg_3/WEA[2]
                            (rising edge-triggered cell RAMB36E2 clocked by s00_axi_aclk  {rise@0.000ns fall@1.666ns period=3.333ns})
  Path Group:             s00_axi_aclk
  Path Type:              Setup (Max at Slow Process Corner)
  Requirement:            3.333ns  (s00_axi_aclk rise@3.333ns - s00_axi_aclk rise@0.000ns)
  Data Path Delay:        2.444ns  (logic 1.045ns (42.761%)  route 1.399ns (57.239%))
  Logic Levels:           10  (CARRY8=4 LUT2=1 LUT4=2 LUT5=1 LUT6=2)
  Clock Path Skew:        0.009ns (DCD - SCD + CPR)
    Destination Clock Delay (DCD):    0.039ns = ( 3.372 - 3.333 ) 
    Source Clock Delay      (SCD):    0.030ns
    Clock Pessimism Removal (CPR):    0.000ns
  Clock Uncertainty:      0.035ns  ((TSJ^2 + TIJ^2)^1/2 + DJ) / 2 + PE
    Total System Jitter     (TSJ):    0.071ns
    Total Input Jitter      (TIJ):    0.000ns
    Discrete Jitter          (DJ):    0.000ns
    Phase Error              (PE):    0.000ns

    Location             Delay type                Incr(ns)  Path(ns)    Netlist Resource(s)
  -------------------------------------------------------------------    -------------------
                         (clock s00_axi_aclk rise edge)
                                                      0.000     0.000 r  
                                                      0.000     0.000 r  s00_axi_aclk (IN)
                         net (fo=3355, unset)         0.030     0.030    u_my_ip/u_axi4_mapping/u_gemv/s00_axi_aclk
    SLICE_X73Y173        FDRE                                         r  u_my_ip/u_axi4_mapping/u_gemv/block_idx_r_reg[1]/C
  -------------------------------------------------------------------    -------------------
    SLICE_X73Y173        FDRE (Prop_DFF2_SLICEM_C_Q)
                                                      0.080     0.110 r  u_my_ip/u_axi4_mapping/u_gemv/block_idx_r_reg[1]/Q
                         net (fo=12, routed)          0.138     0.248    u_my_ip/u_axi4_mapping/u_gemv/block_idx_r_reg_n_0_[1]
    SLICE_X71Y173        LUT2 (Prop_B6LUT_SLICEM_I1_O)
                                                      0.149     0.397 r  u_my_ip/u_axi4_mapping/u_gemv/mem_reg_0_i_104/O
                         net (fo=1, routed)           0.016     0.413    u_my_ip/u_axi4_mapping/u_gemv/mem_reg_0_i_104_n_0
    SLICE_X71Y173        CARRY8 (Prop_CARRY8_SLICEM_S[1]_CO[7])
                                                      0.190     0.603 r  u_my_ip/u_axi4_mapping/u_gemv/mem_reg_0_i_52/CO[7]
                         net (fo=1, routed)           0.026     0.629    u_my_ip/u_axi4_mapping/u_gemv/mem_reg_0_i_52_n_0
    SLICE_X71Y174        CARRY8 (Prop_CARRY8_SLICEM_CI_CO[7])
                                                      0.015     0.644 r  u_my_ip/u_axi4_mapping/u_gemv/mem_reg_0_i_51/CO[7]
                         net (fo=1, routed)           0.026     0.670    u_my_ip/u_axi4_mapping/u_gemv/mem_reg_0_i_51_n_0
    SLICE_X71Y175        CARRY8 (Prop_CARRY8_SLICEM_CI_CO[7])
                                                      0.015     0.685 r  u_my_ip/u_axi4_mapping/u_gemv/mem_reg_0_i_170/CO[7]
                         net (fo=1, routed)           0.026     0.711    u_my_ip/u_axi4_mapping/u_gemv/mem_reg_0_i_170_n_0
    SLICE_X71Y176        CARRY8 (Prop_CARRY8_SLICEM_CI_O[7])
                                                      0.116     0.827 f  u_my_ip/u_axi4_mapping/u_gemv/mem_reg_0_i_86/O[7]
                         net (fo=1, routed)           0.171     0.998    u_my_ip/u_axi4_mapping/u_gemv/u_result_bram/p_0_in__0[29]
    SLICE_X71Y177        LUT4 (Prop_G6LUT_SLICEM_I0_O)
                                                      0.090     1.088 f  u_my_ip/u_axi4_mapping/u_gemv/u_result_bram/mem_reg_0_i_171/O
                         net (fo=1, routed)           0.096     1.184    u_my_ip/u_axi4_mapping/u_gemv/u_result_bram/mem_reg_0_i_171_n_0
    SLICE_X71Y178        LUT5 (Prop_C6LUT_SLICEM_I4_O)
                                                      0.123     1.307 f  u_my_ip/u_axi4_mapping/u_gemv/u_result_bram/mem_reg_0_i_88/O
                         net (fo=1, routed)           0.059     1.366    u_my_ip/u_axi4_mapping/u_gemv/u_result_bram/mem_reg_0_i_88_n_0
    SLICE_X71Y178        LUT6 (Prop_F6LUT_SLICEM_I5_O)
                                                      0.148     1.514 r  u_my_ip/u_axi4_mapping/u_gemv/u_result_bram/mem_reg_0_i_46/O
                         net (fo=1, routed)           0.194     1.708    u_my_ip/u_axi4_mapping/u_gemv/u_pmau/mem_reg_3
    SLICE_X70Y181        LUT6 (Prop_F6LUT_SLICEM_I1_O)
                                                      0.051     1.759 r  u_my_ip/u_axi4_mapping/u_gemv/u_pmau/mem_reg_0_i_1/O
                         net (fo=133, routed)         0.241     2.000    u_my_ip/u_axi4_mapping/u_gemv/u_pmau/enb0
    SLICE_X69Y178        LUT4 (Prop_C5LUT_SLICEL_I0_O)
                                                      0.068     2.068 r  u_my_ip/u_axi4_mapping/u_gemv/u_pmau/mem_reg_3_i_33/O
                         net (fo=4, routed)           0.406     2.474    u_my_ip/u_axi4_mapping/u_gemv/u_result_bram/result_wr_strobe[3]
    RAMB36_X2Y37         RAMB36E2                                     r  u_my_ip/u_axi4_mapping/u_gemv/u_result_bram/mem_reg_3/WEA[2]
  -------------------------------------------------------------------    -------------------

                         (clock s00_axi_aclk rise edge)
                                                      3.333     3.333 r  
                                                      0.000     3.333 r  s00_axi_aclk (IN)
                         net (fo=3355, unset)         0.039     3.372    u_my_ip/u_axi4_mapping/u_gemv/u_result_bram/s00_axi_aclk
    RAMB36_X2Y37         RAMB36E2                                     r  u_my_ip/u_axi4_mapping/u_gemv/u_result_bram/mem_reg_3/CLKARDCLK
                         clock pessimism              0.000     3.372    
                         clock uncertainty           -0.035     3.337    
    RAMB36_X2Y37         RAMB36E2 (Setup_RAMB36E2_RAMB36_CLKARDCLK_WEA[2])
                                                     -0.394     2.943    u_my_ip/u_axi4_mapping/u_gemv/u_result_bram/mem_reg_3
  -------------------------------------------------------------------
                         required time                          2.943    
                         arrival time                          -2.474    
  -------------------------------------------------------------------
                         slack                                  0.469    

Slack (MET) :             0.470ns  (required time - arrival time)
  Source:                 u_my_ip/u_axi4_mapping/u_gemv/block_idx_r_reg[1]/C
                            (rising edge-triggered cell FDRE clocked by s00_axi_aclk  {rise@0.000ns fall@1.666ns period=3.333ns})
  Destination:            u_my_ip/u_axi4_mapping/u_gemv/u_result_bram/mem_reg_3/WEA[1]
                            (rising edge-triggered cell RAMB36E2 clocked by s00_axi_aclk  {rise@0.000ns fall@1.666ns period=3.333ns})
  Path Group:             s00_axi_aclk
  Path Type:              Setup (Max at Slow Process Corner)
  Requirement:            3.333ns  (s00_axi_aclk rise@3.333ns - s00_axi_aclk rise@0.000ns)
  Data Path Delay:        2.442ns  (logic 1.045ns (42.790%)  route 1.397ns (57.210%))
  Logic Levels:           10  (CARRY8=4 LUT2=1 LUT4=2 LUT5=1 LUT6=2)
  Clock Path Skew:        0.009ns (DCD - SCD + CPR)
    Destination Clock Delay (DCD):    0.039ns = ( 3.372 - 3.333 ) 
    Source Clock Delay      (SCD):    0.030ns
    Clock Pessimism Removal (CPR):    0.000ns
  Clock Uncertainty:      0.035ns  ((TSJ^2 + TIJ^2)^1/2 + DJ) / 2 + PE
    Total System Jitter     (TSJ):    0.071ns
    Total Input Jitter      (TIJ):    0.000ns
    Discrete Jitter          (DJ):    0.000ns
    Phase Error              (PE):    0.000ns

    Location             Delay type                Incr(ns)  Path(ns)    Netlist Resource(s)
  -------------------------------------------------------------------    -------------------
                         (clock s00_axi_aclk rise edge)
                                                      0.000     0.000 r  
                                                      0.000     0.000 r  s00_axi_aclk (IN)
                         net (fo=3355, unset)         0.030     0.030    u_my_ip/u_axi4_mapping/u_gemv/s00_axi_aclk
    SLICE_X73Y173        FDRE                                         r  u_my_ip/u_axi4_mapping/u_gemv/block_idx_r_reg[1]/C
  -------------------------------------------------------------------    -------------------
    SLICE_X73Y173        FDRE (Prop_DFF2_SLICEM_C_Q)
                                                      0.080     0.110 r  u_my_ip/u_axi4_mapping/u_gemv/block_idx_r_reg[1]/Q
                         net (fo=12, routed)          0.138     0.248    u_my_ip/u_axi4_mapping/u_gemv/block_idx_r_reg_n_0_[1]
    SLICE_X71Y173        LUT2 (Prop_B6LUT_SLICEM_I1_O)
                                                      0.149     0.397 r  u_my_ip/u_axi4_mapping/u_gemv/mem_reg_0_i_104/O
                         net (fo=1, routed)           0.016     0.413    u_my_ip/u_axi4_mapping/u_gemv/mem_reg_0_i_104_n_0
    SLICE_X71Y173        CARRY8 (Prop_CARRY8_SLICEM_S[1]_CO[7])
                                                      0.190     0.603 r  u_my_ip/u_axi4_mapping/u_gemv/mem_reg_0_i_52/CO[7]
                         net (fo=1, routed)           0.026     0.629    u_my_ip/u_axi4_mapping/u_gemv/mem_reg_0_i_52_n_0
    SLICE_X71Y174        CARRY8 (Prop_CARRY8_SLICEM_CI_CO[7])
                                                      0.015     0.644 r  u_my_ip/u_axi4_mapping/u_gemv/mem_reg_0_i_51/CO[7]
                         net (fo=1, routed)           0.026     0.670    u_my_ip/u_axi4_mapping/u_gemv/mem_reg_0_i_51_n_0
    SLICE_X71Y175        CARRY8 (Prop_CARRY8_SLICEM_CI_CO[7])
                                                      0.015     0.685 r  u_my_ip/u_axi4_mapping/u_gemv/mem_reg_0_i_170/CO[7]
                         net (fo=1, routed)           0.026     0.711    u_my_ip/u_axi4_mapping/u_gemv/mem_reg_0_i_170_n_0
    SLICE_X71Y176        CARRY8 (Prop_CARRY8_SLICEM_CI_O[7])
                                                      0.116     0.827 f  u_my_ip/u_axi4_mapping/u_gemv/mem_reg_0_i_86/O[7]
                         net (fo=1, routed)           0.171     0.998    u_my_ip/u_axi4_mapping/u_gemv/u_result_bram/p_0_in__0[29]
    SLICE_X71Y177        LUT4 (Prop_G6LUT_SLICEM_I0_O)
                                                      0.090     1.088 f  u_my_ip/u_axi4_mapping/u_gemv/u_result_bram/mem_reg_0_i_171/O
                         net (fo=1, routed)           0.096     1.184    u_my_ip/u_axi4_mapping/u_gemv/u_result_bram/mem_reg_0_i_171_n_0
    SLICE_X71Y178        LUT5 (Prop_C6LUT_SLICEM_I4_O)
                                                      0.123     1.307 f  u_my_ip/u_axi4_mapping/u_gemv/u_result_bram/mem_reg_0_i_88/O
                         net (fo=1, routed)           0.059     1.366    u_my_ip/u_axi4_mapping/u_gemv/u_result_bram/mem_reg_0_i_88_n_0
    SLICE_X71Y178        LUT6 (Prop_F6LUT_SLICEM_I5_O)
                                                      0.148     1.514 r  u_my_ip/u_axi4_mapping/u_gemv/u_result_bram/mem_reg_0_i_46/O
                         net (fo=1, routed)           0.194     1.708    u_my_ip/u_axi4_mapping/u_gemv/u_pmau/mem_reg_3
    SLICE_X70Y181        LUT6 (Prop_F6LUT_SLICEM_I1_O)
                                                      0.051     1.759 r  u_my_ip/u_axi4_mapping/u_gemv/u_pmau/mem_reg_0_i_1/O
                         net (fo=133, routed)         0.241     2.000    u_my_ip/u_axi4_mapping/u_gemv/u_pmau/enb0
    SLICE_X69Y178        LUT4 (Prop_C5LUT_SLICEL_I0_O)
                                                      0.068     2.068 r  u_my_ip/u_axi4_mapping/u_gemv/u_pmau/mem_reg_3_i_33/O
                         net (fo=4, routed)           0.404     2.472    u_my_ip/u_axi4_mapping/u_gemv/u_result_bram/result_wr_strobe[3]
    RAMB36_X2Y37         RAMB36E2                                     r  u_my_ip/u_axi4_mapping/u_gemv/u_result_bram/mem_reg_3/WEA[1]
  -------------------------------------------------------------------    -------------------

                         (clock s00_axi_aclk rise edge)
                                                      3.333     3.333 r  
                                                      0.000     3.333 r  s00_axi_aclk (IN)
                         net (fo=3355, unset)         0.039     3.372    u_my_ip/u_axi4_mapping/u_gemv/u_result_bram/s00_axi_aclk
    RAMB36_X2Y37         RAMB36E2                                     r  u_my_ip/u_axi4_mapping/u_gemv/u_result_bram/mem_reg_3/CLKARDCLK
                         clock pessimism              0.000     3.372    
                         clock uncertainty           -0.035     3.337    
    RAMB36_X2Y37         RAMB36E2 (Setup_RAMB36E2_RAMB36_CLKARDCLK_WEA[1])
                                                     -0.394     2.943    u_my_ip/u_axi4_mapping/u_gemv/u_result_bram/mem_reg_3
  -------------------------------------------------------------------
                         required time                          2.943    
                         arrival time                          -2.472    
  -------------------------------------------------------------------
                         slack                                  0.470    

Slack (MET) :             0.476ns  (required time - arrival time)
  Source:                 u_my_ip/u_axi4_mapping/u_gemv/block_idx_r_reg[1]/C
                            (rising edge-triggered cell FDRE clocked by s00_axi_aclk  {rise@0.000ns fall@1.666ns period=3.333ns})
  Destination:            u_my_ip/u_axi4_mapping/u_gemv/u_result_bram/mem_reg_3/WEA[0]
                            (rising edge-triggered cell RAMB36E2 clocked by s00_axi_aclk  {rise@0.000ns fall@1.666ns period=3.333ns})
  Path Group:             s00_axi_aclk
  Path Type:              Setup (Max at Slow Process Corner)
  Requirement:            3.333ns  (s00_axi_aclk rise@3.333ns - s00_axi_aclk rise@0.000ns)
  Data Path Delay:        2.436ns  (logic 1.045ns (42.895%)  route 1.391ns (57.105%))
  Logic Levels:           10  (CARRY8=4 LUT2=1 LUT4=2 LUT5=1 LUT6=2)
  Clock Path Skew:        0.009ns (DCD - SCD + CPR)
    Destination Clock Delay (DCD):    0.039ns = ( 3.372 - 3.333 ) 
    Source Clock Delay      (SCD):    0.030ns
    Clock Pessimism Removal (CPR):    0.000ns
  Clock Uncertainty:      0.035ns  ((TSJ^2 + TIJ^2)^1/2 + DJ) / 2 + PE
    Total System Jitter     (TSJ):    0.071ns
    Total Input Jitter      (TIJ):    0.000ns
    Discrete Jitter          (DJ):    0.000ns
    Phase Error              (PE):    0.000ns

    Location             Delay type                Incr(ns)  Path(ns)    Netlist Resource(s)
  -------------------------------------------------------------------    -------------------
                         (clock s00_axi_aclk rise edge)
                                                      0.000     0.000 r  
                                                      0.000     0.000 r  s00_axi_aclk (IN)
                         net (fo=3355, unset)         0.030     0.030    u_my_ip/u_axi4_mapping/u_gemv/s00_axi_aclk
    SLICE_X73Y173        FDRE                                         r  u_my_ip/u_axi4_mapping/u_gemv/block_idx_r_reg[1]/C
  -------------------------------------------------------------------    -------------------
    SLICE_X73Y173        FDRE (Prop_DFF2_SLICEM_C_Q)
                                                      0.080     0.110 r  u_my_ip/u_axi4_mapping/u_gemv/block_idx_r_reg[1]/Q
                         net (fo=12, routed)          0.138     0.248    u_my_ip/u_axi4_mapping/u_gemv/block_idx_r_reg_n_0_[1]
    SLICE_X71Y173        LUT2 (Prop_B6LUT_SLICEM_I1_O)
                                                      0.149     0.397 r  u_my_ip/u_axi4_mapping/u_gemv/mem_reg_0_i_104/O
                         net (fo=1, routed)           0.016     0.413    u_my_ip/u_axi4_mapping/u_gemv/mem_reg_0_i_104_n_0
    SLICE_X71Y173        CARRY8 (Prop_CARRY8_SLICEM_S[1]_CO[7])
                                                      0.190     0.603 r  u_my_ip/u_axi4_mapping/u_gemv/mem_reg_0_i_52/CO[7]
                         net (fo=1, routed)           0.026     0.629    u_my_ip/u_axi4_mapping/u_gemv/mem_reg_0_i_52_n_0
    SLICE_X71Y174        CARRY8 (Prop_CARRY8_SLICEM_CI_CO[7])
                                                      0.015     0.644 r  u_my_ip/u_axi4_mapping/u_gemv/mem_reg_0_i_51/CO[7]
                         net (fo=1, routed)           0.026     0.670    u_my_ip/u_axi4_mapping/u_gemv/mem_reg_0_i_51_n_0
    SLICE_X71Y175        CARRY8 (Prop_CARRY8_SLICEM_CI_CO[7])
                                                      0.015     0.685 r  u_my_ip/u_axi4_mapping/u_gemv/mem_reg_0_i_170/CO[7]
                         net (fo=1, routed)           0.026     0.711    u_my_ip/u_axi4_mapping/u_gemv/mem_reg_0_i_170_n_0
    SLICE_X71Y176        CARRY8 (Prop_CARRY8_SLICEM_CI_O[7])
                                                      0.116     0.827 f  u_my_ip/u_axi4_mapping/u_gemv/mem_reg_0_i_86/O[7]
                         net (fo=1, routed)           0.171     0.998    u_my_ip/u_axi4_mapping/u_gemv/u_result_bram/p_0_in__0[29]
    SLICE_X71Y177        LUT4 (Prop_G6LUT_SLICEM_I0_O)
                                                      0.090     1.088 f  u_my_ip/u_axi4_mapping/u_gemv/u_result_bram/mem_reg_0_i_171/O
                         net (fo=1, routed)           0.096     1.184    u_my_ip/u_axi4_mapping/u_gemv/u_result_bram/mem_reg_0_i_171_n_0
    SLICE_X71Y178        LUT5 (Prop_C6LUT_SLICEM_I4_O)
                                                      0.123     1.307 f  u_my_ip/u_axi4_mapping/u_gemv/u_result_bram/mem_reg_0_i_88/O
                         net (fo=1, routed)           0.059     1.366    u_my_ip/u_axi4_mapping/u_gemv/u_result_bram/mem_reg_0_i_88_n_0
    SLICE_X71Y178        LUT6 (Prop_F6LUT_SLICEM_I5_O)
                                                      0.148     1.514 r  u_my_ip/u_axi4_mapping/u_gemv/u_result_bram/mem_reg_0_i_46/O
                         net (fo=1, routed)           0.194     1.708    u_my_ip/u_axi4_mapping/u_gemv/u_pmau/mem_reg_3
    SLICE_X70Y181        LUT6 (Prop_F6LUT_SLICEM_I1_O)
                                                      0.051     1.759 r  u_my_ip/u_axi4_mapping/u_gemv/u_pmau/mem_reg_0_i_1/O
                         net (fo=133, routed)         0.241     2.000    u_my_ip/u_axi4_mapping/u_gemv/u_pmau/enb0
    SLICE_X69Y178        LUT4 (Prop_C5LUT_SLICEL_I0_O)
                                                      0.068     2.068 r  u_my_ip/u_axi4_mapping/u_gemv/u_pmau/mem_reg_3_i_33/O
                         net (fo=4, routed)           0.398     2.466    u_my_ip/u_axi4_mapping/u_gemv/u_result_bram/result_wr_strobe[3]
    RAMB36_X2Y37         RAMB36E2                                     r  u_my_ip/u_axi4_mapping/u_gemv/u_result_bram/mem_reg_3/WEA[0]
  -------------------------------------------------------------------    -------------------

                         (clock s00_axi_aclk rise edge)
                                                      3.333     3.333 r  
                                                      0.000     3.333 r  s00_axi_aclk (IN)
                         net (fo=3355, unset)         0.039     3.372    u_my_ip/u_axi4_mapping/u_gemv/u_result_bram/s00_axi_aclk
    RAMB36_X2Y37         RAMB36E2                                     r  u_my_ip/u_axi4_mapping/u_gemv/u_result_bram/mem_reg_3/CLKARDCLK
                         clock pessimism              0.000     3.372    
                         clock uncertainty           -0.035     3.337    
    RAMB36_X2Y37         RAMB36E2 (Setup_RAMB36E2_RAMB36_CLKARDCLK_WEA[0])
                                                     -0.394     2.943    u_my_ip/u_axi4_mapping/u_gemv/u_result_bram/mem_reg_3
  -------------------------------------------------------------------
                         required time                          2.943    
                         arrival time                          -2.466    
  -------------------------------------------------------------------
                         slack                                  0.476    

Slack (MET) :             0.488ns  (required time - arrival time)
  Source:                 u_my_ip/u_axi4_mapping/u_gemv/u_pmau/dequant_mul/DSP_A_B_DATA_INST/CLK
                            (rising edge-triggered cell DSP_A_B_DATA clocked by s00_axi_aclk  {rise@0.000ns fall@1.666ns period=3.333ns})
  Destination:            u_my_ip/u_axi4_mapping/u_gemv/u_pmau/deq_s2_value_reg[21]/D
                            (rising edge-triggered cell FDRE clocked by s00_axi_aclk  {rise@0.000ns fall@1.666ns period=3.333ns})
  Path Group:             s00_axi_aclk
  Path Type:              Setup (Max at Slow Process Corner)
  Requirement:            3.333ns  (s00_axi_aclk rise@3.333ns - s00_axi_aclk rise@0.000ns)
  Data Path Delay:        2.795ns  (logic 2.446ns (87.513%)  route 0.349ns (12.487%))
  Logic Levels:           8  (DSP_ALU=2 DSP_M_DATA=1 DSP_MULTIPLIER=1 DSP_OUTPUT=2 DSP_PREADD_DATA=1 LUT3=1)
  Clock Path Skew:        -0.040ns (DCD - SCD + CPR)
    Destination Clock Delay (DCD):    0.020ns = ( 3.353 - 3.333 ) 
    Source Clock Delay      (SCD):    0.060ns
    Clock Pessimism Removal (CPR):    0.000ns
  Clock Uncertainty:      0.035ns  ((TSJ^2 + TIJ^2)^1/2 + DJ) / 2 + PE
    Total System Jitter     (TSJ):    0.071ns
    Total Input Jitter      (TIJ):    0.000ns
    Discrete Jitter          (DJ):    0.000ns
    Phase Error              (PE):    0.000ns

    Location             Delay type                Incr(ns)  Path(ns)    Netlist Resource(s)
  -------------------------------------------------------------------    -------------------
                         (clock s00_axi_aclk rise edge)
                                                      0.000     0.000 r  
                                                      0.000     0.000 r  s00_axi_aclk (IN)
                         net (fo=3355, unset)         0.060     0.060    u_my_ip/u_axi4_mapping/u_gemv/u_pmau/dequant_mul/CLK
    DSP48E2_X6Y83        DSP_A_B_DATA                                 r  u_my_ip/u_axi4_mapping/u_gemv/u_pmau/dequant_mul/DSP_A_B_DATA_INST/CLK
  -------------------------------------------------------------------    -------------------
    DSP48E2_X6Y83        DSP_A_B_DATA (Prop_DSP_A_B_DATA_DSP48E2_CLK_B2_DATA[17])
                                                      0.212     0.272 r  u_my_ip/u_axi4_mapping/u_gemv/u_pmau/dequant_mul/DSP_A_B_DATA_INST/B2_DATA[17]
                         net (fo=1, routed)           0.000     0.272    u_my_ip/u_axi4_mapping/u_gemv/u_pmau/dequant_mul/DSP_A_B_DATA.B2_DATA<17>
    DSP48E2_X6Y83        DSP_PREADD_DATA (Prop_DSP_PREADD_DATA_DSP48E2_B2_DATA[17]_B2B1[17])
                                                      0.073     0.345 r  u_my_ip/u_axi4_mapping/u_gemv/u_pmau/dequant_mul/DSP_PREADD_DATA_INST/B2B1[17]
                         net (fo=1, routed)           0.000     0.345    u_my_ip/u_axi4_mapping/u_gemv/u_pmau/dequant_mul/DSP_PREADD_DATA.B2B1<17>
    DSP48E2_X6Y83        DSP_MULTIPLIER (Prop_DSP_MULTIPLIER_DSP48E2_B2B1[17]_V[43])
                                                      0.609     0.954 f  u_my_ip/u_axi4_mapping/u_gemv/u_pmau/dequant_mul/DSP_MULTIPLIER_INST/V[43]
                         net (fo=1, routed)           0.000     0.954    u_my_ip/u_axi4_mapping/u_gemv/u_pmau/dequant_mul/DSP_MULTIPLIER.V<43>
    DSP48E2_X6Y83        DSP_M_DATA (Prop_DSP_M_DATA_DSP48E2_V[43]_V_DATA[43])
                                                      0.046     1.000 r  u_my_ip/u_axi4_mapping/u_gemv/u_pmau/dequant_mul/DSP_M_DATA_INST/V_DATA[43]
                         net (fo=1, routed)           0.000     1.000    u_my_ip/u_axi4_mapping/u_gemv/u_pmau/dequant_mul/DSP_M_DATA.V_DATA<43>
    DSP48E2_X6Y83        DSP_ALU (Prop_DSP_ALU_DSP48E2_V_DATA[43]_ALU_OUT[47])
                                                      0.571     1.571 f  u_my_ip/u_axi4_mapping/u_gemv/u_pmau/dequant_mul/DSP_ALU_INST/ALU_OUT[47]
                         net (fo=1, routed)           0.000     1.571    u_my_ip/u_axi4_mapping/u_gemv/u_pmau/dequant_mul/DSP_ALU.ALU_OUT<47>
    DSP48E2_X6Y83        DSP_OUTPUT (Prop_DSP_OUTPUT_DSP48E2_ALU_OUT[47]_PCOUT[47])
                                                      0.122     1.693 r  u_my_ip/u_axi4_mapping/u_gemv/u_pmau/dequant_mul/DSP_OUTPUT_INST/PCOUT[47]
                         net (fo=1, routed)           0.073     1.766    u_my_ip/u_axi4_mapping/u_gemv/u_pmau/dequant_mul__0/PCIN[47]
    DSP48E2_X6Y84        DSP_ALU (Prop_DSP_ALU_DSP48E2_PCIN[47]_ALU_OUT[19])
                                                      0.546     2.312 f  u_my_ip/u_axi4_mapping/u_gemv/u_pmau/dequant_mul__0/DSP_ALU_INST/ALU_OUT[19]
                         net (fo=1, routed)           0.000     2.312    u_my_ip/u_axi4_mapping/u_gemv/u_pmau/dequant_mul__0/DSP_ALU.ALU_OUT<19>
    DSP48E2_X6Y84        DSP_OUTPUT (Prop_DSP_OUTPUT_DSP48E2_ALU_OUT[19]_P[19])
                                                      0.109     2.421 r  u_my_ip/u_axi4_mapping/u_gemv/u_pmau/dequant_mul__0/DSP_OUTPUT_INST/P[19]
                         net (fo=1, routed)           0.261     2.682    u_my_ip/u_axi4_mapping/u_gemv/u_pmau/dequant_mul__0_n_86
    SLICE_X65Y211        LUT3 (Prop_H5LUT_SLICEL_I2_O)
                                                      0.158     2.840 r  u_my_ip/u_axi4_mapping/u_gemv/u_pmau/deq_s2_value[21]_i_1/O
                         net (fo=1, routed)           0.015     2.855    u_my_ip/u_axi4_mapping/u_gemv/u_pmau/result_final_value[21]
    SLICE_X65Y211        FDRE                                         r  u_my_ip/u_axi4_mapping/u_gemv/u_pmau/deq_s2_value_reg[21]/D
  -------------------------------------------------------------------    -------------------

                         (clock s00_axi_aclk rise edge)
                                                      3.333     3.333 r  
                                                      0.000     3.333 r  s00_axi_aclk (IN)
                         net (fo=3355, unset)         0.020     3.353    u_my_ip/u_axi4_mapping/u_gemv/u_pmau/s00_axi_aclk
    SLICE_X65Y211        FDRE                                         r  u_my_ip/u_axi4_mapping/u_gemv/u_pmau/deq_s2_value_reg[21]/C
                         clock pessimism              0.000     3.353    
                         clock uncertainty           -0.035     3.318    
    SLICE_X65Y211        FDRE (Setup_HFF2_SLICEL_C_D)
                                                      0.025     3.343    u_my_ip/u_axi4_mapping/u_gemv/u_pmau/deq_s2_value_reg[21]
  -------------------------------------------------------------------
                         required time                          3.343    
                         arrival time                          -2.855    
  -------------------------------------------------------------------
                         slack                                  0.488    

Slack (MET) :             0.490ns  (required time - arrival time)
  Source:                 u_my_ip/u_axi4_mapping/u_gemv/block_idx_r_reg[1]/C
                            (rising edge-triggered cell FDRE clocked by s00_axi_aclk  {rise@0.000ns fall@1.666ns period=3.333ns})
  Destination:            u_my_ip/u_axi4_mapping/u_gemv/u_result_bram/mem_reg_1/WEA[1]
                            (rising edge-triggered cell RAMB36E2 clocked by s00_axi_aclk  {rise@0.000ns fall@1.666ns period=3.333ns})
  Path Group:             s00_axi_aclk
  Path Type:              Setup (Max at Slow Process Corner)
  Requirement:            3.333ns  (s00_axi_aclk rise@3.333ns - s00_axi_aclk rise@0.000ns)
  Data Path Delay:        2.422ns  (logic 1.043ns (43.061%)  route 1.379ns (56.939%))
  Logic Levels:           10  (CARRY8=4 LUT2=1 LUT4=2 LUT5=1 LUT6=2)
  Clock Path Skew:        0.009ns (DCD - SCD + CPR)
    Destination Clock Delay (DCD):    0.039ns = ( 3.372 - 3.333 ) 
    Source Clock Delay      (SCD):    0.030ns
    Clock Pessimism Removal (CPR):    0.000ns
  Clock Uncertainty:      0.035ns  ((TSJ^2 + TIJ^2)^1/2 + DJ) / 2 + PE
    Total System Jitter     (TSJ):    0.071ns
    Total Input Jitter      (TIJ):    0.000ns
    Discrete Jitter          (DJ):    0.000ns
    Phase Error              (PE):    0.000ns

    Location             Delay type                Incr(ns)  Path(ns)    Netlist Resource(s)
  -------------------------------------------------------------------    -------------------
                         (clock s00_axi_aclk rise edge)
                                                      0.000     0.000 r  
                                                      0.000     0.000 r  s00_axi_aclk (IN)
                         net (fo=3355, unset)         0.030     0.030    u_my_ip/u_axi4_mapping/u_gemv/s00_axi_aclk
    SLICE_X73Y173        FDRE                                         r  u_my_ip/u_axi4_mapping/u_gemv/block_idx_r_reg[1]/C
  -------------------------------------------------------------------    -------------------
    SLICE_X73Y173        FDRE (Prop_DFF2_SLICEM_C_Q)
                                                      0.080     0.110 r  u_my_ip/u_axi4_mapping/u_gemv/block_idx_r_reg[1]/Q
                         net (fo=12, routed)          0.138     0.248    u_my_ip/u_axi4_mapping/u_gemv/block_idx_r_reg_n_0_[1]
    SLICE_X71Y173        LUT2 (Prop_B6LUT_SLICEM_I1_O)
                                                      0.149     0.397 r  u_my_ip/u_axi4_mapping/u_gemv/mem_reg_0_i_104/O
                         net (fo=1, routed)           0.016     0.413    u_my_ip/u_axi4_mapping/u_gemv/mem_reg_0_i_104_n_0
    SLICE_X71Y173        CARRY8 (Prop_CARRY8_SLICEM_S[1]_CO[7])
                                                      0.190     0.603 r  u_my_ip/u_axi4_mapping/u_gemv/mem_reg_0_i_52/CO[7]
                         net (fo=1, routed)           0.026     0.629    u_my_ip/u_axi4_mapping/u_gemv/mem_reg_0_i_52_n_0
    SLICE_X71Y174        CARRY8 (Prop_CARRY8_SLICEM_CI_CO[7])
                                                      0.015     0.644 r  u_my_ip/u_axi4_mapping/u_gemv/mem_reg_0_i_51/CO[7]
                         net (fo=1, routed)           0.026     0.670    u_my_ip/u_axi4_mapping/u_gemv/mem_reg_0_i_51_n_0
    SLICE_X71Y175        CARRY8 (Prop_CARRY8_SLICEM_CI_CO[7])
                                                      0.015     0.685 r  u_my_ip/u_axi4_mapping/u_gemv/mem_reg_0_i_170/CO[7]
                         net (fo=1, routed)           0.026     0.711    u_my_ip/u_axi4_mapping/u_gemv/mem_reg_0_i_170_n_0
    SLICE_X71Y176        CARRY8 (Prop_CARRY8_SLICEM_CI_O[7])
                                                      0.116     0.827 f  u_my_ip/u_axi4_mapping/u_gemv/mem_reg_0_i_86/O[7]
                         net (fo=1, routed)           0.171     0.998    u_my_ip/u_axi4_mapping/u_gemv/u_result_bram/p_0_in__0[29]
    SLICE_X71Y177        LUT4 (Prop_G6LUT_SLICEM_I0_O)
                                                      0.090     1.088 f  u_my_ip/u_axi4_mapping/u_gemv/u_result_bram/mem_reg_0_i_171/O
                         net (fo=1, routed)           0.096     1.184    u_my_ip/u_axi4_mapping/u_gemv/u_result_bram/mem_reg_0_i_171_n_0
    SLICE_X71Y178        LUT5 (Prop_C6LUT_SLICEM_I4_O)
                                                      0.123     1.307 f  u_my_ip/u_axi4_mapping/u_gemv/u_result_bram/mem_reg_0_i_88/O
                         net (fo=1, routed)           0.059     1.366    u_my_ip/u_axi4_mapping/u_gemv/u_result_bram/mem_reg_0_i_88_n_0
    SLICE_X71Y178        LUT6 (Prop_F6LUT_SLICEM_I5_O)
                                                      0.148     1.514 r  u_my_ip/u_axi4_mapping/u_gemv/u_result_bram/mem_reg_0_i_46/O
                         net (fo=1, routed)           0.194     1.708    u_my_ip/u_axi4_mapping/u_gemv/u_pmau/mem_reg_3
    SLICE_X70Y181        LUT6 (Prop_F6LUT_SLICEM_I1_O)
                                                      0.051     1.759 r  u_my_ip/u_axi4_mapping/u_gemv/u_pmau/mem_reg_0_i_1/O
                         net (fo=133, routed)         0.240     1.999    u_my_ip/u_axi4_mapping/u_gemv/u_pmau/enb0
    SLICE_X69Y178        LUT4 (Prop_D5LUT_SLICEL_I0_O)
                                                      0.066     2.065 r  u_my_ip/u_axi4_mapping/u_gemv/u_pmau/mem_reg_1_i_33/O
                         net (fo=4, routed)           0.387     2.452    u_my_ip/u_axi4_mapping/u_gemv/u_result_bram/result_wr_strobe[1]
    RAMB36_X2Y34         RAMB36E2                                     r  u_my_ip/u_axi4_mapping/u_gemv/u_result_bram/mem_reg_1/WEA[1]
  -------------------------------------------------------------------    -------------------

                         (clock s00_axi_aclk rise edge)
                                                      3.333     3.333 r  
                                                      0.000     3.333 r  s00_axi_aclk (IN)
                         net (fo=3355, unset)         0.039     3.372    u_my_ip/u_axi4_mapping/u_gemv/u_result_bram/s00_axi_aclk
    RAMB36_X2Y34         RAMB36E2                                     r  u_my_ip/u_axi4_mapping/u_gemv/u_result_bram/mem_reg_1/CLKARDCLK
                         clock pessimism              0.000     3.372    
                         clock uncertainty           -0.035     3.337    
    RAMB36_X2Y34         RAMB36E2 (Setup_RAMB36E2_RAMB36_CLKARDCLK_WEA[1])
                                                     -0.394     2.943    u_my_ip/u_axi4_mapping/u_gemv/u_result_bram/mem_reg_1
  -------------------------------------------------------------------
                         required time                          2.943    
                         arrival time                          -2.452    
  -------------------------------------------------------------------
                         slack                                  0.490    

Slack (MET) :             0.495ns  (required time - arrival time)
  Source:                 u_my_ip/u_axi4_mapping/u_gemv/block_idx_r_reg[1]/C
                            (rising edge-triggered cell FDRE clocked by s00_axi_aclk  {rise@0.000ns fall@1.666ns period=3.333ns})
  Destination:            u_my_ip/u_axi4_mapping/u_gemv/u_result_bram/mem_reg_1/DINADIN[5]
                            (rising edge-triggered cell RAMB36E2 clocked by s00_axi_aclk  {rise@0.000ns fall@1.666ns period=3.333ns})
  Path Group:             s00_axi_aclk
  Path Type:              Setup (Max at Slow Process Corner)
  Requirement:            3.333ns  (s00_axi_aclk rise@3.333ns - s00_axi_aclk rise@0.000ns)
  Data Path Delay:        2.540ns  (logic 1.089ns (42.874%)  route 1.451ns (57.126%))
  Logic Levels:           10  (CARRY8=4 LUT2=1 LUT4=1 LUT5=2 LUT6=2)
  Clock Path Skew:        0.009ns (DCD - SCD + CPR)
    Destination Clock Delay (DCD):    0.039ns = ( 3.372 - 3.333 ) 
    Source Clock Delay      (SCD):    0.030ns
    Clock Pessimism Removal (CPR):    0.000ns
  Clock Uncertainty:      0.035ns  ((TSJ^2 + TIJ^2)^1/2 + DJ) / 2 + PE
    Total System Jitter     (TSJ):    0.071ns
    Total Input Jitter      (TIJ):    0.000ns
    Discrete Jitter          (DJ):    0.000ns
    Phase Error              (PE):    0.000ns

    Location             Delay type                Incr(ns)  Path(ns)    Netlist Resource(s)
  -------------------------------------------------------------------    -------------------
                         (clock s00_axi_aclk rise edge)
                                                      0.000     0.000 r  
                                                      0.000     0.000 r  s00_axi_aclk (IN)
                         net (fo=3355, unset)         0.030     0.030    u_my_ip/u_axi4_mapping/u_gemv/s00_axi_aclk
    SLICE_X73Y173        FDRE                                         r  u_my_ip/u_axi4_mapping/u_gemv/block_idx_r_reg[1]/C
  -------------------------------------------------------------------    -------------------
    SLICE_X73Y173        FDRE (Prop_DFF2_SLICEM_C_Q)
                                                      0.080     0.110 r  u_my_ip/u_axi4_mapping/u_gemv/block_idx_r_reg[1]/Q
                         net (fo=12, routed)          0.138     0.248    u_my_ip/u_axi4_mapping/u_gemv/block_idx_r_reg_n_0_[1]
    SLICE_X71Y173        LUT2 (Prop_B6LUT_SLICEM_I1_O)
                                                      0.149     0.397 r  u_my_ip/u_axi4_mapping/u_gemv/mem_reg_0_i_104/O
                         net (fo=1, routed)           0.016     0.413    u_my_ip/u_axi4_mapping/u_gemv/mem_reg_0_i_104_n_0
    SLICE_X71Y173        CARRY8 (Prop_CARRY8_SLICEM_S[1]_CO[7])
                                                      0.190     0.603 r  u_my_ip/u_axi4_mapping/u_gemv/mem_reg_0_i_52/CO[7]
                         net (fo=1, routed)           0.026     0.629    u_my_ip/u_axi4_mapping/u_gemv/mem_reg_0_i_52_n_0
    SLICE_X71Y174        CARRY8 (Prop_CARRY8_SLICEM_CI_CO[7])
                                                      0.015     0.644 r  u_my_ip/u_axi4_mapping/u_gemv/mem_reg_0_i_51/CO[7]
                         net (fo=1, routed)           0.026     0.670    u_my_ip/u_axi4_mapping/u_gemv/mem_reg_0_i_51_n_0
    SLICE_X71Y175        CARRY8 (Prop_CARRY8_SLICEM_CI_CO[7])
                                                      0.015     0.685 r  u_my_ip/u_axi4_mapping/u_gemv/mem_reg_0_i_170/CO[7]
                         net (fo=1, routed)           0.026     0.711    u_my_ip/u_axi4_mapping/u_gemv/mem_reg_0_i_170_n_0
    SLICE_X71Y176        CARRY8 (Prop_CARRY8_SLICEM_CI_O[7])
                                                      0.116     0.827 f  u_my_ip/u_axi4_mapping/u_gemv/mem_reg_0_i_86/O[7]
                         net (fo=1, routed)           0.171     0.998    u_my_ip/u_axi4_mapping/u_gemv/u_result_bram/p_0_in__0[29]
    SLICE_X71Y177        LUT4 (Prop_G6LUT_SLICEM_I0_O)
                                                      0.090     1.088 f  u_my_ip/u_axi4_mapping/u_gemv/u_result_bram/mem_reg_0_i_171/O
                         net (fo=1, routed)           0.096     1.184    u_my_ip/u_axi4_mapping/u_gemv/u_result_bram/mem_reg_0_i_171_n_0
    SLICE_X71Y178        LUT5 (Prop_C6LUT_SLICEM_I4_O)
                                                      0.123     1.307 f  u_my_ip/u_axi4_mapping/u_gemv/u_result_bram/mem_reg_0_i_88/O
                         net (fo=1, routed)           0.059     1.366    u_my_ip/u_axi4_mapping/u_gemv/u_result_bram/mem_reg_0_i_88_n_0
    SLICE_X71Y178        LUT6 (Prop_F6LUT_SLICEM_I5_O)
                                                      0.148     1.514 r  u_my_ip/u_axi4_mapping/u_gemv/u_result_bram/mem_reg_0_i_46/O
                         net (fo=1, routed)           0.194     1.708    u_my_ip/u_axi4_mapping/u_gemv/u_pmau/mem_reg_3
    SLICE_X70Y181        LUT6 (Prop_F6LUT_SLICEM_I1_O)
                                                      0.051     1.759 r  u_my_ip/u_axi4_mapping/u_gemv/u_pmau/mem_reg_0_i_1/O
                         net (fo=133, routed)         0.329     2.088    u_my_ip/u_axi4_mapping/u_gemv/u_pmau/enb0
    SLICE_X67Y183        LUT5 (Prop_G5LUT_SLICEM_I3_O)
                                                      0.112     2.200 r  u_my_ip/u_axi4_mapping/u_gemv/u_pmau/mem_reg_1_i_27/O
                         net (fo=1, routed)           0.370     2.570    u_my_ip/u_axi4_mapping/u_gemv/u_result_bram/p_2_in[37]
    RAMB36_X2Y34         RAMB36E2                                     r  u_my_ip/u_axi4_mapping/u_gemv/u_result_bram/mem_reg_1/DINADIN[5]
  -------------------------------------------------------------------    -------------------

                         (clock s00_axi_aclk rise edge)
                                                      3.333     3.333 r  
                                                      0.000     3.333 r  s00_axi_aclk (IN)
                         net (fo=3355, unset)         0.039     3.372    u_my_ip/u_axi4_mapping/u_gemv/u_result_bram/s00_axi_aclk
    RAMB36_X2Y34         RAMB36E2                                     r  u_my_ip/u_axi4_mapping/u_gemv/u_result_bram/mem_reg_1/CLKARDCLK
                         clock pessimism              0.000     3.372    
                         clock uncertainty           -0.035     3.337    
    RAMB36_X2Y34         RAMB36E2 (Setup_RAMB36E2_RAMB36_CLKARDCLK_DINADIN[5])
                                                     -0.272     3.065    u_my_ip/u_axi4_mapping/u_gemv/u_result_bram/mem_reg_1
  -------------------------------------------------------------------
                         required time                          3.065    
                         arrival time                          -2.570    
  -------------------------------------------------------------------
                         slack                                  0.495    

Slack (MET) :             0.495ns  (required time - arrival time)
  Source:                 u_my_ip/u_axi4_mapping/u_gemv/block_idx_r_reg[1]/C
                            (rising edge-triggered cell FDRE clocked by s00_axi_aclk  {rise@0.000ns fall@1.666ns period=3.333ns})
  Destination:            u_my_ip/u_axi4_mapping/u_gemv/u_result_bram/mem_reg_1/WEA[2]
                            (rising edge-triggered cell RAMB36E2 clocked by s00_axi_aclk  {rise@0.000ns fall@1.666ns period=3.333ns})
  Path Group:             s00_axi_aclk
  Path Type:              Setup (Max at Slow Process Corner)
  Requirement:            3.333ns  (s00_axi_aclk rise@3.333ns - s00_axi_aclk rise@0.000ns)
  Data Path Delay:        2.418ns  (logic 1.043ns (43.143%)  route 1.375ns (56.857%))
  Logic Levels:           10  (CARRY8=4 LUT2=1 LUT4=2 LUT5=1 LUT6=2)
  Clock Path Skew:        0.009ns (DCD - SCD + CPR)
    Destination Clock Delay (DCD):    0.039ns = ( 3.372 - 3.333 ) 
    Source Clock Delay      (SCD):    0.030ns
    Clock Pessimism Removal (CPR):    0.000ns
  Clock Uncertainty:      0.035ns  ((TSJ^2 + TIJ^2)^1/2 + DJ) / 2 + PE
    Total System Jitter     (TSJ):    0.071ns
    Total Input Jitter      (TIJ):    0.000ns
    Discrete Jitter          (DJ):    0.000ns
    Phase Error              (PE):    0.000ns

    Location             Delay type                Incr(ns)  Path(ns)    Netlist Resource(s)
  -------------------------------------------------------------------    -------------------
                         (clock s00_axi_aclk rise edge)
                                                      0.000     0.000 r  
                                                      0.000     0.000 r  s00_axi_aclk (IN)
                         net (fo=3355, unset)         0.030     0.030    u_my_ip/u_axi4_mapping/u_gemv/s00_axi_aclk
    SLICE_X73Y173        FDRE                                         r  u_my_ip/u_axi4_mapping/u_gemv/block_idx_r_reg[1]/C
  -------------------------------------------------------------------    -------------------
    SLICE_X73Y173        FDRE (Prop_DFF2_SLICEM_C_Q)
                                                      0.080     0.110 r  u_my_ip/u_axi4_mapping/u_gemv/block_idx_r_reg[1]/Q
                         net (fo=12, routed)          0.138     0.248    u_my_ip/u_axi4_mapping/u_gemv/block_idx_r_reg_n_0_[1]
    SLICE_X71Y173        LUT2 (Prop_B6LUT_SLICEM_I1_O)
                                                      0.149     0.397 r  u_my_ip/u_axi4_mapping/u_gemv/mem_reg_0_i_104/O
                         net (fo=1, routed)           0.016     0.413    u_my_ip/u_axi4_mapping/u_gemv/mem_reg_0_i_104_n_0
    SLICE_X71Y173        CARRY8 (Prop_CARRY8_SLICEM_S[1]_CO[7])
                                                      0.190     0.603 r  u_my_ip/u_axi4_mapping/u_gemv/mem_reg_0_i_52/CO[7]
                         net (fo=1, routed)           0.026     0.629    u_my_ip/u_axi4_mapping/u_gemv/mem_reg_0_i_52_n_0
    SLICE_X71Y174        CARRY8 (Prop_CARRY8_SLICEM_CI_CO[7])
                                                      0.015     0.644 r  u_my_ip/u_axi4_mapping/u_gemv/mem_reg_0_i_51/CO[7]
                         net (fo=1, routed)           0.026     0.670    u_my_ip/u_axi4_mapping/u_gemv/mem_reg_0_i_51_n_0
    SLICE_X71Y175        CARRY8 (Prop_CARRY8_SLICEM_CI_CO[7])
                                                      0.015     0.685 r  u_my_ip/u_axi4_mapping/u_gemv/mem_reg_0_i_170/CO[7]
                         net (fo=1, routed)           0.026     0.711    u_my_ip/u_axi4_mapping/u_gemv/mem_reg_0_i_170_n_0
    SLICE_X71Y176        CARRY8 (Prop_CARRY8_SLICEM_CI_O[7])
                                                      0.116     0.827 f  u_my_ip/u_axi4_mapping/u_gemv/mem_reg_0_i_86/O[7]
                         net (fo=1, routed)           0.171     0.998    u_my_ip/u_axi4_mapping/u_gemv/u_result_bram/p_0_in__0[29]
    SLICE_X71Y177        LUT4 (Prop_G6LUT_SLICEM_I0_O)
                                                      0.090     1.088 f  u_my_ip/u_axi4_mapping/u_gemv/u_result_bram/mem_reg_0_i_171/O
                         net (fo=1, routed)           0.096     1.184    u_my_ip/u_axi4_mapping/u_gemv/u_result_bram/mem_reg_0_i_171_n_0
    SLICE_X71Y178        LUT5 (Prop_C6LUT_SLICEM_I4_O)
                                                      0.123     1.307 f  u_my_ip/u_axi4_mapping/u_gemv/u_result_bram/mem_reg_0_i_88/O
                         net (fo=1, routed)           0.059     1.366    u_my_ip/u_axi4_mapping/u_gemv/u_result_bram/mem_reg_0_i_88_n_0
    SLICE_X71Y178        LUT6 (Prop_F6LUT_SLICEM_I5_O)
                                                      0.148     1.514 r  u_my_ip/u_axi4_mapping/u_gemv/u_result_bram/mem_reg_0_i_46/O
                         net (fo=1, routed)           0.194     1.708    u_my_ip/u_axi4_mapping/u_gemv/u_pmau/mem_reg_3
    SLICE_X70Y181        LUT6 (Prop_F6LUT_SLICEM_I1_O)
                                                      0.051     1.759 r  u_my_ip/u_axi4_mapping/u_gemv/u_pmau/mem_reg_0_i_1/O
                         net (fo=133, routed)         0.240     1.999    u_my_ip/u_axi4_mapping/u_gemv/u_pmau/enb0
    SLICE_X69Y178        LUT4 (Prop_D5LUT_SLICEL_I0_O)
                                                      0.066     2.065 r  u_my_ip/u_axi4_mapping/u_gemv/u_pmau/mem_reg_1_i_33/O
                         net (fo=4, routed)           0.382     2.448    u_my_ip/u_axi4_mapping/u_gemv/u_result_bram/result_wr_strobe[1]
    RAMB36_X2Y34         RAMB36E2                                     r  u_my_ip/u_axi4_mapping/u_gemv/u_result_bram/mem_reg_1/WEA[2]
  -------------------------------------------------------------------    -------------------

                         (clock s00_axi_aclk rise edge)
                                                      3.333     3.333 r  
                                                      0.000     3.333 r  s00_axi_aclk (IN)
                         net (fo=3355, unset)         0.039     3.372    u_my_ip/u_axi4_mapping/u_gemv/u_result_bram/s00_axi_aclk
    RAMB36_X2Y34         RAMB36E2                                     r  u_my_ip/u_axi4_mapping/u_gemv/u_result_bram/mem_reg_1/CLKARDCLK
                         clock pessimism              0.000     3.372    
                         clock uncertainty           -0.035     3.337    
    RAMB36_X2Y34         RAMB36E2 (Setup_RAMB36E2_RAMB36_CLKARDCLK_WEA[2])
                                                     -0.394     2.943    u_my_ip/u_axi4_mapping/u_gemv/u_result_bram/mem_reg_1
  -------------------------------------------------------------------
                         required time                          2.943    
                         arrival time                          -2.448    
  -------------------------------------------------------------------
                         slack                                  0.495    

Slack (MET) :             0.496ns  (required time - arrival time)
  Source:                 u_my_ip/u_axi4_mapping/u_gemv/block_idx_r_reg[1]/C
                            (rising edge-triggered cell FDRE clocked by s00_axi_aclk  {rise@0.000ns fall@1.666ns period=3.333ns})
  Destination:            u_my_ip/u_axi4_mapping/u_gemv/u_result_bram/mem_reg_1/WEA[0]
                            (rising edge-triggered cell RAMB36E2 clocked by s00_axi_aclk  {rise@0.000ns fall@1.666ns period=3.333ns})
  Path Group:             s00_axi_aclk
  Path Type:              Setup (Max at Slow Process Corner)
  Requirement:            3.333ns  (s00_axi_aclk rise@3.333ns - s00_axi_aclk rise@0.000ns)
  Data Path Delay:        2.416ns  (logic 1.043ns (43.168%)  route 1.373ns (56.832%))
  Logic Levels:           10  (CARRY8=4 LUT2=1 LUT4=2 LUT5=1 LUT6=2)
  Clock Path Skew:        0.009ns (DCD - SCD + CPR)
    Destination Clock Delay (DCD):    0.039ns = ( 3.372 - 3.333 ) 
    Source Clock Delay      (SCD):    0.030ns
    Clock Pessimism Removal (CPR):    0.000ns
  Clock Uncertainty:      0.035ns  ((TSJ^2 + TIJ^2)^1/2 + DJ) / 2 + PE
    Total System Jitter     (TSJ):    0.071ns
    Total Input Jitter      (TIJ):    0.000ns
    Discrete Jitter          (DJ):    0.000ns
    Phase Error              (PE):    0.000ns

    Location             Delay type                Incr(ns)  Path(ns)    Netlist Resource(s)
  -------------------------------------------------------------------    -------------------
                         (clock s00_axi_aclk rise edge)
                                                      0.000     0.000 r  
                                                      0.000     0.000 r  s00_axi_aclk (IN)
                         net (fo=3355, unset)         0.030     0.030    u_my_ip/u_axi4_mapping/u_gemv/s00_axi_aclk
    SLICE_X73Y173        FDRE                                         r  u_my_ip/u_axi4_mapping/u_gemv/block_idx_r_reg[1]/C
  -------------------------------------------------------------------    -------------------
    SLICE_X73Y173        FDRE (Prop_DFF2_SLICEM_C_Q)
                                                      0.080     0.110 r  u_my_ip/u_axi4_mapping/u_gemv/block_idx_r_reg[1]/Q
                         net (fo=12, routed)          0.138     0.248    u_my_ip/u_axi4_mapping/u_gemv/block_idx_r_reg_n_0_[1]
    SLICE_X71Y173        LUT2 (Prop_B6LUT_SLICEM_I1_O)
                                                      0.149     0.397 r  u_my_ip/u_axi4_mapping/u_gemv/mem_reg_0_i_104/O
                         net (fo=1, routed)           0.016     0.413    u_my_ip/u_axi4_mapping/u_gemv/mem_reg_0_i_104_n_0
    SLICE_X71Y173        CARRY8 (Prop_CARRY8_SLICEM_S[1]_CO[7])
                                                      0.190     0.603 r  u_my_ip/u_axi4_mapping/u_gemv/mem_reg_0_i_52/CO[7]
                         net (fo=1, routed)           0.026     0.629    u_my_ip/u_axi4_mapping/u_gemv/mem_reg_0_i_52_n_0
    SLICE_X71Y174        CARRY8 (Prop_CARRY8_SLICEM_CI_CO[7])
                                                      0.015     0.644 r  u_my_ip/u_axi4_mapping/u_gemv/mem_reg_0_i_51/CO[7]
                         net (fo=1, routed)           0.026     0.670    u_my_ip/u_axi4_mapping/u_gemv/mem_reg_0_i_51_n_0
    SLICE_X71Y175        CARRY8 (Prop_CARRY8_SLICEM_CI_CO[7])
                                                      0.015     0.685 r  u_my_ip/u_axi4_mapping/u_gemv/mem_reg_0_i_170/CO[7]
                         net (fo=1, routed)           0.026     0.711    u_my_ip/u_axi4_mapping/u_gemv/mem_reg_0_i_170_n_0
    SLICE_X71Y176        CARRY8 (Prop_CARRY8_SLICEM_CI_O[7])
                                                      0.116     0.827 f  u_my_ip/u_axi4_mapping/u_gemv/mem_reg_0_i_86/O[7]
                         net (fo=1, routed)           0.171     0.998    u_my_ip/u_axi4_mapping/u_gemv/u_result_bram/p_0_in__0[29]
    SLICE_X71Y177        LUT4 (Prop_G6LUT_SLICEM_I0_O)
                                                      0.090     1.088 f  u_my_ip/u_axi4_mapping/u_gemv/u_result_bram/mem_reg_0_i_171/O
                         net (fo=1, routed)           0.096     1.184    u_my_ip/u_axi4_mapping/u_gemv/u_result_bram/mem_reg_0_i_171_n_0
    SLICE_X71Y178        LUT5 (Prop_C6LUT_SLICEM_I4_O)
                                                      0.123     1.307 f  u_my_ip/u_axi4_mapping/u_gemv/u_result_bram/mem_reg_0_i_88/O
                         net (fo=1, routed)           0.059     1.366    u_my_ip/u_axi4_mapping/u_gemv/u_result_bram/mem_reg_0_i_88_n_0
    SLICE_X71Y178        LUT6 (Prop_F6LUT_SLICEM_I5_O)
                                                      0.148     1.514 r  u_my_ip/u_axi4_mapping/u_gemv/u_result_bram/mem_reg_0_i_46/O
                         net (fo=1, routed)           0.194     1.708    u_my_ip/u_axi4_mapping/u_gemv/u_pmau/mem_reg_3
    SLICE_X70Y181        LUT6 (Prop_F6LUT_SLICEM_I1_O)
                                                      0.051     1.759 r  u_my_ip/u_axi4_mapping/u_gemv/u_pmau/mem_reg_0_i_1/O
                         net (fo=133, routed)         0.240     1.999    u_my_ip/u_axi4_mapping/u_gemv/u_pmau/enb0
    SLICE_X69Y178        LUT4 (Prop_D5LUT_SLICEL_I0_O)
                                                      0.066     2.065 r  u_my_ip/u_axi4_mapping/u_gemv/u_pmau/mem_reg_1_i_33/O
                         net (fo=4, routed)           0.381     2.446    u_my_ip/u_axi4_mapping/u_gemv/u_result_bram/result_wr_strobe[1]
    RAMB36_X2Y34         RAMB36E2                                     r  u_my_ip/u_axi4_mapping/u_gemv/u_result_bram/mem_reg_1/WEA[0]
  -------------------------------------------------------------------    -------------------

                         (clock s00_axi_aclk rise edge)
                                                      3.333     3.333 r  
                                                      0.000     3.333 r  s00_axi_aclk (IN)
                         net (fo=3355, unset)         0.039     3.372    u_my_ip/u_axi4_mapping/u_gemv/u_result_bram/s00_axi_aclk
    RAMB36_X2Y34         RAMB36E2                                     r  u_my_ip/u_axi4_mapping/u_gemv/u_result_bram/mem_reg_1/CLKARDCLK
                         clock pessimism              0.000     3.372    
                         clock uncertainty           -0.035     3.337    
    RAMB36_X2Y34         RAMB36E2 (Setup_RAMB36E2_RAMB36_CLKARDCLK_WEA[0])
                                                     -0.394     2.943    u_my_ip/u_axi4_mapping/u_gemv/u_result_bram/mem_reg_1
  -------------------------------------------------------------------
                         required time                          2.943    
                         arrival time                          -2.446    
  -------------------------------------------------------------------
                         slack                                  0.496    

Slack (MET) :             0.498ns  (required time - arrival time)
  Source:                 u_my_ip/u_axi4_mapping/u_gemv/u_pmau/dequant_mul/DSP_A_B_DATA_INST/CLK
                            (rising edge-triggered cell DSP_A_B_DATA clocked by s00_axi_aclk  {rise@0.000ns fall@1.666ns period=3.333ns})
  Destination:            u_my_ip/u_axi4_mapping/u_gemv/u_pmau/deq_s2_value_reg[11]/D
                            (rising edge-triggered cell FDRE clocked by s00_axi_aclk  {rise@0.000ns fall@1.666ns period=3.333ns})
  Path Group:             s00_axi_aclk
  Path Type:              Setup (Max at Slow Process Corner)
  Requirement:            3.333ns  (s00_axi_aclk rise@3.333ns - s00_axi_aclk rise@0.000ns)
  Data Path Delay:        2.786ns  (logic 2.390ns (85.786%)  route 0.396ns (14.214%))
  Logic Levels:           8  (DSP_ALU=2 DSP_M_DATA=1 DSP_MULTIPLIER=1 DSP_OUTPUT=2 DSP_PREADD_DATA=1 LUT3=1)
  Clock Path Skew:        -0.039ns (DCD - SCD + CPR)
    Destination Clock Delay (DCD):    0.021ns = ( 3.354 - 3.333 ) 
    Source Clock Delay      (SCD):    0.060ns
    Clock Pessimism Removal (CPR):    0.000ns
  Clock Uncertainty:      0.035ns  ((TSJ^2 + TIJ^2)^1/2 + DJ) / 2 + PE
    Total System Jitter     (TSJ):    0.071ns
    Total Input Jitter      (TIJ):    0.000ns
    Discrete Jitter          (DJ):    0.000ns
    Phase Error              (PE):    0.000ns

    Location             Delay type                Incr(ns)  Path(ns)    Netlist Resource(s)
  -------------------------------------------------------------------    -------------------
                         (clock s00_axi_aclk rise edge)
                                                      0.000     0.000 r  
                                                      0.000     0.000 r  s00_axi_aclk (IN)
                         net (fo=3355, unset)         0.060     0.060    u_my_ip/u_axi4_mapping/u_gemv/u_pmau/dequant_mul/CLK
    DSP48E2_X6Y83        DSP_A_B_DATA                                 r  u_my_ip/u_axi4_mapping/u_gemv/u_pmau/dequant_mul/DSP_A_B_DATA_INST/CLK
  -------------------------------------------------------------------    -------------------
    DSP48E2_X6Y83        DSP_A_B_DATA (Prop_DSP_A_B_DATA_DSP48E2_CLK_B2_DATA[17])
                                                      0.212     0.272 r  u_my_ip/u_axi4_mapping/u_gemv/u_pmau/dequant_mul/DSP_A_B_DATA_INST/B2_DATA[17]
                         net (fo=1, routed)           0.000     0.272    u_my_ip/u_axi4_mapping/u_gemv/u_pmau/dequant_mul/DSP_A_B_DATA.B2_DATA<17>
    DSP48E2_X6Y83        DSP_PREADD_DATA (Prop_DSP_PREADD_DATA_DSP48E2_B2_DATA[17]_B2B1[17])
                                                      0.073     0.345 r  u_my_ip/u_axi4_mapping/u_gemv/u_pmau/dequant_mul/DSP_PREADD_DATA_INST/B2B1[17]
                         net (fo=1, routed)           0.000     0.345    u_my_ip/u_axi4_mapping/u_gemv/u_pmau/dequant_mul/DSP_PREADD_DATA.B2B1<17>
    DSP48E2_X6Y83        DSP_MULTIPLIER (Prop_DSP_MULTIPLIER_DSP48E2_B2B1[17]_V[43])
                                                      0.609     0.954 f  u_my_ip/u_axi4_mapping/u_gemv/u_pmau/dequant_mul/DSP_MULTIPLIER_INST/V[43]
                         net (fo=1, routed)           0.000     0.954    u_my_ip/u_axi4_mapping/u_gemv/u_pmau/dequant_mul/DSP_MULTIPLIER.V<43>
    DSP48E2_X6Y83        DSP_M_DATA (Prop_DSP_M_DATA_DSP48E2_V[43]_V_DATA[43])
                                                      0.046     1.000 r  u_my_ip/u_axi4_mapping/u_gemv/u_pmau/dequant_mul/DSP_M_DATA_INST/V_DATA[43]
                         net (fo=1, routed)           0.000     1.000    u_my_ip/u_axi4_mapping/u_gemv/u_pmau/dequant_mul/DSP_M_DATA.V_DATA<43>
    DSP48E2_X6Y83        DSP_ALU (Prop_DSP_ALU_DSP48E2_V_DATA[43]_ALU_OUT[47])
                                                      0.571     1.571 f  u_my_ip/u_axi4_mapping/u_gemv/u_pmau/dequant_mul/DSP_ALU_INST/ALU_OUT[47]
                         net (fo=1, routed)           0.000     1.571    u_my_ip/u_axi4_mapping/u_gemv/u_pmau/dequant_mul/DSP_ALU.ALU_OUT<47>
    DSP48E2_X6Y83        DSP_OUTPUT (Prop_DSP_OUTPUT_DSP48E2_ALU_OUT[47]_PCOUT[47])
                                                      0.122     1.693 r  u_my_ip/u_axi4_mapping/u_gemv/u_pmau/dequant_mul/DSP_OUTPUT_INST/PCOUT[47]
                         net (fo=1, routed)           0.073     1.766    u_my_ip/u_axi4_mapping/u_gemv/u_pmau/dequant_mul__0/PCIN[47]
    DSP48E2_X6Y84        DSP_ALU (Prop_DSP_ALU_DSP48E2_PCIN[47]_ALU_OUT[9])
                                                      0.546     2.312 f  u_my_ip/u_axi4_mapping/u_gemv/u_pmau/dequant_mul__0/DSP_ALU_INST/ALU_OUT[9]
                         net (fo=1, routed)           0.000     2.312    u_my_ip/u_axi4_mapping/u_gemv/u_pmau/dequant_mul__0/DSP_ALU.ALU_OUT<9>
    DSP48E2_X6Y84        DSP_OUTPUT (Prop_DSP_OUTPUT_DSP48E2_ALU_OUT[9]_P[9])
                                                      0.109     2.421 r  u_my_ip/u_axi4_mapping/u_gemv/u_pmau/dequant_mul__0/DSP_OUTPUT_INST/P[9]
                         net (fo=1, routed)           0.298     2.719    u_my_ip/u_axi4_mapping/u_gemv/u_pmau/dequant_mul__0_n_96
    SLICE_X64Y211        LUT3 (Prop_E5LUT_SLICEM_I2_O)
                                                      0.102     2.821 r  u_my_ip/u_axi4_mapping/u_gemv/u_pmau/deq_s2_value[11]_i_1/O
                         net (fo=1, routed)           0.025     2.846    u_my_ip/u_axi4_mapping/u_gemv/u_pmau/result_final_value[11]
    SLICE_X64Y211        FDRE                                         r  u_my_ip/u_axi4_mapping/u_gemv/u_pmau/deq_s2_value_reg[11]/D
  -------------------------------------------------------------------    -------------------

                         (clock s00_axi_aclk rise edge)
                                                      3.333     3.333 r  
                                                      0.000     3.333 r  s00_axi_aclk (IN)
                         net (fo=3355, unset)         0.021     3.354    u_my_ip/u_axi4_mapping/u_gemv/u_pmau/s00_axi_aclk
    SLICE_X64Y211        FDRE                                         r  u_my_ip/u_axi4_mapping/u_gemv/u_pmau/deq_s2_value_reg[11]/C
                         clock pessimism              0.000     3.354    
                         clock uncertainty           -0.035     3.319    
    SLICE_X64Y211        FDRE (Setup_EFF2_SLICEM_C_D)
                                                      0.025     3.344    u_my_ip/u_axi4_mapping/u_gemv/u_pmau/deq_s2_value_reg[11]
  -------------------------------------------------------------------
                         required time                          3.344    
                         arrival time                          -2.846    
  -------------------------------------------------------------------
                         slack                                  0.498    

Slack (MET) :             0.500ns  (required time - arrival time)
  Source:                 u_my_ip/u_axi4_mapping/u_gemv/block_idx_r_reg[1]/C
                            (rising edge-triggered cell FDRE clocked by s00_axi_aclk  {rise@0.000ns fall@1.666ns period=3.333ns})
  Destination:            u_my_ip/u_axi4_mapping/u_gemv/u_result_bram/mem_reg_1/DINADIN[24]
                            (rising edge-triggered cell RAMB36E2 clocked by s00_axi_aclk  {rise@0.000ns fall@1.666ns period=3.333ns})
  Path Group:             s00_axi_aclk
  Path Type:              Setup (Max at Slow Process Corner)
  Requirement:            3.333ns  (s00_axi_aclk rise@3.333ns - s00_axi_aclk rise@0.000ns)
  Data Path Delay:        2.541ns  (logic 1.110ns (43.681%)  route 1.431ns (56.319%))
  Logic Levels:           10  (CARRY8=4 LUT2=1 LUT4=1 LUT5=2 LUT6=2)
  Clock Path Skew:        0.009ns (DCD - SCD + CPR)
    Destination Clock Delay (DCD):    0.039ns = ( 3.372 - 3.333 ) 
    Source Clock Delay      (SCD):    0.030ns
    Clock Pessimism Removal (CPR):    0.000ns
  Clock Uncertainty:      0.035ns  ((TSJ^2 + TIJ^2)^1/2 + DJ) / 2 + PE
    Total System Jitter     (TSJ):    0.071ns
    Total Input Jitter      (TIJ):    0.000ns
    Discrete Jitter          (DJ):    0.000ns
    Phase Error              (PE):    0.000ns

    Location             Delay type                Incr(ns)  Path(ns)    Netlist Resource(s)
  -------------------------------------------------------------------    -------------------
                         (clock s00_axi_aclk rise edge)
                                                      0.000     0.000 r  
                                                      0.000     0.000 r  s00_axi_aclk (IN)
                         net (fo=3355, unset)         0.030     0.030    u_my_ip/u_axi4_mapping/u_gemv/s00_axi_aclk
    SLICE_X73Y173        FDRE                                         r  u_my_ip/u_axi4_mapping/u_gemv/block_idx_r_reg[1]/C
  -------------------------------------------------------------------    -------------------
    SLICE_X73Y173        FDRE (Prop_DFF2_SLICEM_C_Q)
                                                      0.080     0.110 r  u_my_ip/u_axi4_mapping/u_gemv/block_idx_r_reg[1]/Q
                         net (fo=12, routed)          0.138     0.248    u_my_ip/u_axi4_mapping/u_gemv/block_idx_r_reg_n_0_[1]
    SLICE_X71Y173        LUT2 (Prop_B6LUT_SLICEM_I1_O)
                                                      0.149     0.397 r  u_my_ip/u_axi4_mapping/u_gemv/mem_reg_0_i_104/O
                         net (fo=1, routed)           0.016     0.413    u_my_ip/u_axi4_mapping/u_gemv/mem_reg_0_i_104_n_0
    SLICE_X71Y173        CARRY8 (Prop_CARRY8_SLICEM_S[1]_CO[7])
                                                      0.190     0.603 r  u_my_ip/u_axi4_mapping/u_gemv/mem_reg_0_i_52/CO[7]
                         net (fo=1, routed)           0.026     0.629    u_my_ip/u_axi4_mapping/u_gemv/mem_reg_0_i_52_n_0
    SLICE_X71Y174        CARRY8 (Prop_CARRY8_SLICEM_CI_CO[7])
                                                      0.015     0.644 r  u_my_ip/u_axi4_mapping/u_gemv/mem_reg_0_i_51/CO[7]
                         net (fo=1, routed)           0.026     0.670    u_my_ip/u_axi4_mapping/u_gemv/mem_reg_0_i_51_n_0
    SLICE_X71Y175        CARRY8 (Prop_CARRY8_SLICEM_CI_CO[7])
                                                      0.015     0.685 r  u_my_ip/u_axi4_mapping/u_gemv/mem_reg_0_i_170/CO[7]
                         net (fo=1, routed)           0.026     0.711    u_my_ip/u_axi4_mapping/u_gemv/mem_reg_0_i_170_n_0
    SLICE_X71Y176        CARRY8 (Prop_CARRY8_SLICEM_CI_O[7])
                                                      0.116     0.827 f  u_my_ip/u_axi4_mapping/u_gemv/mem_reg_0_i_86/O[7]
                         net (fo=1, routed)           0.171     0.998    u_my_ip/u_axi4_mapping/u_gemv/u_result_bram/p_0_in__0[29]
    SLICE_X71Y177        LUT4 (Prop_G6LUT_SLICEM_I0_O)
                                                      0.090     1.088 f  u_my_ip/u_axi4_mapping/u_gemv/u_result_bram/mem_reg_0_i_171/O
                         net (fo=1, routed)           0.096     1.184    u_my_ip/u_axi4_mapping/u_gemv/u_result_bram/mem_reg_0_i_171_n_0
    SLICE_X71Y178        LUT5 (Prop_C6LUT_SLICEM_I4_O)
                                                      0.123     1.307 f  u_my_ip/u_axi4_mapping/u_gemv/u_result_bram/mem_reg_0_i_88/O
                         net (fo=1, routed)           0.059     1.366    u_my_ip/u_axi4_mapping/u_gemv/u_result_bram/mem_reg_0_i_88_n_0
    SLICE_X71Y178        LUT6 (Prop_F6LUT_SLICEM_I5_O)
                                                      0.148     1.514 r  u_my_ip/u_axi4_mapping/u_gemv/u_result_bram/mem_reg_0_i_46/O
                         net (fo=1, routed)           0.194     1.708    u_my_ip/u_axi4_mapping/u_gemv/u_pmau/mem_reg_3
    SLICE_X70Y181        LUT6 (Prop_F6LUT_SLICEM_I1_O)
                                                      0.051     1.759 r  u_my_ip/u_axi4_mapping/u_gemv/u_pmau/mem_reg_0_i_1/O
                         net (fo=133, routed)         0.247     2.006    u_my_ip/u_axi4_mapping/u_gemv/u_pmau/enb0
    SLICE_X68Y181        LUT5 (Prop_D5LUT_SLICEL_I3_O)
                                                      0.133     2.139 r  u_my_ip/u_axi4_mapping/u_gemv/u_pmau/mem_reg_1_i_8/O
                         net (fo=1, routed)           0.432     2.571    u_my_ip/u_axi4_mapping/u_gemv/u_result_bram/p_2_in[56]
    RAMB36_X2Y34         RAMB36E2                                     r  u_my_ip/u_axi4_mapping/u_gemv/u_result_bram/mem_reg_1/DINADIN[24]
  -------------------------------------------------------------------    -------------------

                         (clock s00_axi_aclk rise edge)
                                                      3.333     3.333 r  
                                                      0.000     3.333 r  s00_axi_aclk (IN)
                         net (fo=3355, unset)         0.039     3.372    u_my_ip/u_axi4_mapping/u_gemv/u_result_bram/s00_axi_aclk
    RAMB36_X2Y34         RAMB36E2                                     r  u_my_ip/u_axi4_mapping/u_gemv/u_result_bram/mem_reg_1/CLKARDCLK
                         clock pessimism              0.000     3.372    
                         clock uncertainty           -0.035     3.337    
    RAMB36_X2Y34         RAMB36E2 (Setup_RAMB36E2_RAMB36_CLKARDCLK_DINADIN[24])
                                                     -0.265     3.072    u_my_ip/u_axi4_mapping/u_gemv/u_result_bram/mem_reg_1
  -------------------------------------------------------------------
                         required time                          3.072    
                         arrival time                          -2.571    
  -------------------------------------------------------------------
                         slack                                  0.500    

Slack (MET) :             0.502ns  (required time - arrival time)
  Source:                 u_my_ip/u_axi4_mapping/u_gemv/block_idx_r_reg[1]/C
                            (rising edge-triggered cell FDRE clocked by s00_axi_aclk  {rise@0.000ns fall@1.666ns period=3.333ns})
  Destination:            u_my_ip/u_axi4_mapping/u_gemv/u_result_bram/mem_reg_2/ENARDEN
                            (rising edge-triggered cell RAMB36E2 clocked by s00_axi_aclk  {rise@0.000ns fall@1.666ns period=3.333ns})
  Path Group:             s00_axi_aclk
  Path Type:              Setup (Max at Slow Process Corner)
  Requirement:            3.333ns  (s00_axi_aclk rise@3.333ns - s00_axi_aclk rise@0.000ns)
  Data Path Delay:        2.463ns  (logic 1.027ns (41.695%)  route 1.436ns (58.305%))
  Logic Levels:           10  (CARRY8=4 LUT2=1 LUT4=2 LUT5=1 LUT6=2)
  Clock Path Skew:        0.009ns (DCD - SCD + CPR)
    Destination Clock Delay (DCD):    0.039ns = ( 3.372 - 3.333 ) 
    Source Clock Delay      (SCD):    0.030ns
    Clock Pessimism Removal (CPR):    0.000ns
  Clock Uncertainty:      0.035ns  ((TSJ^2 + TIJ^2)^1/2 + DJ) / 2 + PE
    Total System Jitter     (TSJ):    0.071ns
    Total Input Jitter      (TIJ):    0.000ns
    Discrete Jitter          (DJ):    0.000ns
    Phase Error              (PE):    0.000ns

    Location             Delay type                Incr(ns)  Path(ns)    Netlist Resource(s)
  -------------------------------------------------------------------    -------------------
                         (clock s00_axi_aclk rise edge)
                                                      0.000     0.000 r  
                                                      0.000     0.000 r  s00_axi_aclk (IN)
                         net (fo=3355, unset)         0.030     0.030    u_my_ip/u_axi4_mapping/u_gemv/s00_axi_aclk
    SLICE_X73Y173        FDRE                                         r  u_my_ip/u_axi4_mapping/u_gemv/block_idx_r_reg[1]/C
  -------------------------------------------------------------------    -------------------
    SLICE_X73Y173        FDRE (Prop_DFF2_SLICEM_C_Q)
                                                      0.080     0.110 r  u_my_ip/u_axi4_mapping/u_gemv/block_idx_r_reg[1]/Q
                         net (fo=12, routed)          0.138     0.248    u_my_ip/u_axi4_mapping/u_gemv/block_idx_r_reg_n_0_[1]
    SLICE_X71Y173        LUT2 (Prop_B6LUT_SLICEM_I1_O)
                                                      0.149     0.397 r  u_my_ip/u_axi4_mapping/u_gemv/mem_reg_0_i_104/O
                         net (fo=1, routed)           0.016     0.413    u_my_ip/u_axi4_mapping/u_gemv/mem_reg_0_i_104_n_0
    SLICE_X71Y173        CARRY8 (Prop_CARRY8_SLICEM_S[1]_CO[7])
                                                      0.190     0.603 r  u_my_ip/u_axi4_mapping/u_gemv/mem_reg_0_i_52/CO[7]
                         net (fo=1, routed)           0.026     0.629    u_my_ip/u_axi4_mapping/u_gemv/mem_reg_0_i_52_n_0
    SLICE_X71Y174        CARRY8 (Prop_CARRY8_SLICEM_CI_CO[7])
                                                      0.015     0.644 r  u_my_ip/u_axi4_mapping/u_gemv/mem_reg_0_i_51/CO[7]
                         net (fo=1, routed)           0.026     0.670    u_my_ip/u_axi4_mapping/u_gemv/mem_reg_0_i_51_n_0
    SLICE_X71Y175        CARRY8 (Prop_CARRY8_SLICEM_CI_CO[7])
                                                      0.015     0.685 r  u_my_ip/u_axi4_mapping/u_gemv/mem_reg_0_i_170/CO[7]
                         net (fo=1, routed)           0.026     0.711    u_my_ip/u_axi4_mapping/u_gemv/mem_reg_0_i_170_n_0
    SLICE_X71Y176        CARRY8 (Prop_CARRY8_SLICEM_CI_O[7])
                                                      0.116     0.827 f  u_my_ip/u_axi4_mapping/u_gemv/mem_reg_0_i_86/O[7]
                         net (fo=1, routed)           0.171     0.998    u_my_ip/u_axi4_mapping/u_gemv/u_result_bram/p_0_in__0[29]
    SLICE_X71Y177        LUT4 (Prop_G6LUT_SLICEM_I0_O)
                                                      0.090     1.088 f  u_my_ip/u_axi4_mapping/u_gemv/u_result_bram/mem_reg_0_i_171/O
                         net (fo=1, routed)           0.096     1.184    u_my_ip/u_axi4_mapping/u_gemv/u_result_bram/mem_reg_0_i_171_n_0
    SLICE_X71Y178        LUT5 (Prop_C6LUT_SLICEM_I4_O)
                                                      0.123     1.307 f  u_my_ip/u_axi4_mapping/u_gemv/u_result_bram/mem_reg_0_i_88/O
                         net (fo=1, routed)           0.059     1.366    u_my_ip/u_axi4_mapping/u_gemv/u_result_bram/mem_reg_0_i_88_n_0
    SLICE_X71Y178        LUT6 (Prop_F6LUT_SLICEM_I5_O)
                                                      0.148     1.514 r  u_my_ip/u_axi4_mapping/u_gemv/u_result_bram/mem_reg_0_i_46/O
                         net (fo=1, routed)           0.194     1.708    u_my_ip/u_axi4_mapping/u_gemv/u_pmau/mem_reg_3
    SLICE_X70Y181        LUT6 (Prop_F6LUT_SLICEM_I1_O)
                                                      0.051     1.759 r  u_my_ip/u_axi4_mapping/u_gemv/u_pmau/mem_reg_0_i_1/O
                         net (fo=133, routed)         0.241     2.000    u_my_ip/u_axi4_mapping/u_gemv/u_pmau/enb0
    SLICE_X69Y178        LUT4 (Prop_C6LUT_SLICEL_I0_O)
                                                      0.050     2.050 r  u_my_ip/u_axi4_mapping/u_gemv/u_pmau/mem_reg_2_i_33/O
                         net (fo=4, routed)           0.443     2.493    u_my_ip/u_axi4_mapping/u_gemv/u_result_bram/result_wr_strobe[2]
    RAMB36_X2Y35         RAMB36E2                                     r  u_my_ip/u_axi4_mapping/u_gemv/u_result_bram/mem_reg_2/ENARDEN
  -------------------------------------------------------------------    -------------------

                         (clock s00_axi_aclk rise edge)
                                                      3.333     3.333 r  
                                                      0.000     3.333 r  s00_axi_aclk (IN)
                         net (fo=3355, unset)         0.039     3.372    u_my_ip/u_axi4_mapping/u_gemv/u_result_bram/s00_axi_aclk
    RAMB36_X2Y35         RAMB36E2                                     r  u_my_ip/u_axi4_mapping/u_gemv/u_result_bram/mem_reg_2/CLKARDCLK
                         clock pessimism              0.000     3.372    
                         clock uncertainty           -0.035     3.337    
    RAMB36_X2Y35         RAMB36E2 (Setup_RAMB36E2_RAMB36_CLKARDCLK_ENARDEN)
                                                     -0.342     2.995    u_my_ip/u_axi4_mapping/u_gemv/u_result_bram/mem_reg_2
  -------------------------------------------------------------------
                         required time                          2.995    
                         arrival time                          -2.493    
  -------------------------------------------------------------------
                         slack                                  0.502    

Slack (MET) :             0.512ns  (required time - arrival time)
  Source:                 u_my_ip/u_axi4_mapping/u_gemv/u_pmau/dequant_mul/DSP_A_B_DATA_INST/CLK
                            (rising edge-triggered cell DSP_A_B_DATA clocked by s00_axi_aclk  {rise@0.000ns fall@1.666ns period=3.333ns})
  Destination:            u_my_ip/u_axi4_mapping/u_gemv/u_pmau/deq_s2_value_reg[16]/D
                            (rising edge-triggered cell FDRE clocked by s00_axi_aclk  {rise@0.000ns fall@1.666ns period=3.333ns})
  Path Group:             s00_axi_aclk
  Path Type:              Setup (Max at Slow Process Corner)
  Requirement:            3.333ns  (s00_axi_aclk rise@3.333ns - s00_axi_aclk rise@0.000ns)
  Data Path Delay:        2.771ns  (logic 2.434ns (87.838%)  route 0.337ns (12.162%))
  Logic Levels:           8  (DSP_ALU=2 DSP_M_DATA=1 DSP_MULTIPLIER=1 DSP_OUTPUT=2 DSP_PREADD_DATA=1 LUT3=1)
  Clock Path Skew:        -0.040ns (DCD - SCD + CPR)
    Destination Clock Delay (DCD):    0.020ns = ( 3.353 - 3.333 ) 
    Source Clock Delay      (SCD):    0.060ns
    Clock Pessimism Removal (CPR):    0.000ns
  Clock Uncertainty:      0.035ns  ((TSJ^2 + TIJ^2)^1/2 + DJ) / 2 + PE
    Total System Jitter     (TSJ):    0.071ns
    Total Input Jitter      (TIJ):    0.000ns
    Discrete Jitter          (DJ):    0.000ns
    Phase Error              (PE):    0.000ns

    Location             Delay type                Incr(ns)  Path(ns)    Netlist Resource(s)
  -------------------------------------------------------------------    -------------------
                         (clock s00_axi_aclk rise edge)
                                                      0.000     0.000 r  
                                                      0.000     0.000 r  s00_axi_aclk (IN)
                         net (fo=3355, unset)         0.060     0.060    u_my_ip/u_axi4_mapping/u_gemv/u_pmau/dequant_mul/CLK
    DSP48E2_X6Y83        DSP_A_B_DATA                                 r  u_my_ip/u_axi4_mapping/u_gemv/u_pmau/dequant_mul/DSP_A_B_DATA_INST/CLK
  -------------------------------------------------------------------    -------------------
    DSP48E2_X6Y83        DSP_A_B_DATA (Prop_DSP_A_B_DATA_DSP48E2_CLK_B2_DATA[17])
                                                      0.212     0.272 r  u_my_ip/u_axi4_mapping/u_gemv/u_pmau/dequant_mul/DSP_A_B_DATA_INST/B2_DATA[17]
                         net (fo=1, routed)           0.000     0.272    u_my_ip/u_axi4_mapping/u_gemv/u_pmau/dequant_mul/DSP_A_B_DATA.B2_DATA<17>
    DSP48E2_X6Y83        DSP_PREADD_DATA (Prop_DSP_PREADD_DATA_DSP48E2_B2_DATA[17]_B2B1[17])
                                                      0.073     0.345 r  u_my_ip/u_axi4_mapping/u_gemv/u_pmau/dequant_mul/DSP_PREADD_DATA_INST/B2B1[17]
                         net (fo=1, routed)           0.000     0.345    u_my_ip/u_axi4_mapping/u_gemv/u_pmau/dequant_mul/DSP_PREADD_DATA.B2B1<17>
    DSP48E2_X6Y83        DSP_MULTIPLIER (Prop_DSP_MULTIPLIER_DSP48E2_B2B1[17]_V[43])
                                                      0.609     0.954 f  u_my_ip/u_axi4_mapping/u_gemv/u_pmau/dequant_mul/DSP_MULTIPLIER_INST/V[43]
                         net (fo=1, routed)           0.000     0.954    u_my_ip/u_axi4_mapping/u_gemv/u_pmau/dequant_mul/DSP_MULTIPLIER.V<43>
    DSP48E2_X6Y83        DSP_M_DATA (Prop_DSP_M_DATA_DSP48E2_V[43]_V_DATA[43])
                                                      0.046     1.000 r  u_my_ip/u_axi4_mapping/u_gemv/u_pmau/dequant_mul/DSP_M_DATA_INST/V_DATA[43]
                         net (fo=1, routed)           0.000     1.000    u_my_ip/u_axi4_mapping/u_gemv/u_pmau/dequant_mul/DSP_M_DATA.V_DATA<43>
    DSP48E2_X6Y83        DSP_ALU (Prop_DSP_ALU_DSP48E2_V_DATA[43]_ALU_OUT[47])
                                                      0.571     1.571 f  u_my_ip/u_axi4_mapping/u_gemv/u_pmau/dequant_mul/DSP_ALU_INST/ALU_OUT[47]
                         net (fo=1, routed)           0.000     1.571    u_my_ip/u_axi4_mapping/u_gemv/u_pmau/dequant_mul/DSP_ALU.ALU_OUT<47>
    DSP48E2_X6Y83        DSP_OUTPUT (Prop_DSP_OUTPUT_DSP48E2_ALU_OUT[47]_PCOUT[47])
                                                      0.122     1.693 r  u_my_ip/u_axi4_mapping/u_gemv/u_pmau/dequant_mul/DSP_OUTPUT_INST/PCOUT[47]
                         net (fo=1, routed)           0.073     1.766    u_my_ip/u_axi4_mapping/u_gemv/u_pmau/dequant_mul__0/PCIN[47]
    DSP48E2_X6Y84        DSP_ALU (Prop_DSP_ALU_DSP48E2_PCIN[47]_ALU_OUT[14])
                                                      0.546     2.312 f  u_my_ip/u_axi4_mapping/u_gemv/u_pmau/dequant_mul__0/DSP_ALU_INST/ALU_OUT[14]
                         net (fo=1, routed)           0.000     2.312    u_my_ip/u_axi4_mapping/u_gemv/u_pmau/dequant_mul__0/DSP_ALU.ALU_OUT<14>
    DSP48E2_X6Y84        DSP_OUTPUT (Prop_DSP_OUTPUT_DSP48E2_ALU_OUT[14]_P[14])
                                                      0.109     2.421 r  u_my_ip/u_axi4_mapping/u_gemv/u_pmau/dequant_mul__0/DSP_OUTPUT_INST/P[14]
                         net (fo=1, routed)           0.215     2.636    u_my_ip/u_axi4_mapping/u_gemv/u_pmau/dequant_mul__0_n_91
    SLICE_X65Y210        LUT3 (Prop_D6LUT_SLICEL_I2_O)
                                                      0.146     2.782 r  u_my_ip/u_axi4_mapping/u_gemv/u_pmau/deq_s2_value[16]_i_1/O
                         net (fo=1, routed)           0.049     2.831    u_my_ip/u_axi4_mapping/u_gemv/u_pmau/result_final_value[16]
    SLICE_X65Y210        FDRE                                         r  u_my_ip/u_axi4_mapping/u_gemv/u_pmau/deq_s2_value_reg[16]/D
  -------------------------------------------------------------------    -------------------

                         (clock s00_axi_aclk rise edge)
                                                      3.333     3.333 r  
                                                      0.000     3.333 r  s00_axi_aclk (IN)
                         net (fo=3355, unset)         0.020     3.353    u_my_ip/u_axi4_mapping/u_gemv/u_pmau/s00_axi_aclk
    SLICE_X65Y210        FDRE                                         r  u_my_ip/u_axi4_mapping/u_gemv/u_pmau/deq_s2_value_reg[16]/C
                         clock pessimism              0.000     3.353    
                         clock uncertainty           -0.035     3.318    
    SLICE_X65Y210        FDRE (Setup_DFF_SLICEL_C_D)
                                                      0.025     3.343    u_my_ip/u_axi4_mapping/u_gemv/u_pmau/deq_s2_value_reg[16]
  -------------------------------------------------------------------
                         required time                          3.343    
                         arrival time                          -2.831    
  -------------------------------------------------------------------
                         slack                                  0.512    

Slack (MET) :             0.514ns  (required time - arrival time)
  Source:                 u_my_ip/map_wr_addr_r_reg[32]/C
                            (rising edge-triggered cell FDRE clocked by s00_axi_aclk  {rise@0.000ns fall@1.666ns period=3.333ns})
  Destination:            u_my_ip/u_axi4_mapping/core_wr_region_r_reg[1]/CE
                            (rising edge-triggered cell FDRE clocked by s00_axi_aclk  {rise@0.000ns fall@1.666ns period=3.333ns})
  Path Group:             s00_axi_aclk
  Path Type:              Setup (Max at Slow Process Corner)
  Requirement:            3.333ns  (s00_axi_aclk rise@3.333ns - s00_axi_aclk rise@0.000ns)
  Data Path Delay:        2.716ns  (logic 1.000ns (36.819%)  route 1.716ns (63.181%))
  Logic Levels:           10  (CARRY8=2 LUT2=1 LUT3=1 LUT4=2 LUT5=2 LUT6=2)
  Clock Path Skew:        -0.007ns (DCD - SCD + CPR)
    Destination Clock Delay (DCD):    0.021ns = ( 3.354 - 3.333 ) 
    Source Clock Delay      (SCD):    0.028ns
    Clock Pessimism Removal (CPR):    0.000ns
  Clock Uncertainty:      0.035ns  ((TSJ^2 + TIJ^2)^1/2 + DJ) / 2 + PE
    Total System Jitter     (TSJ):    0.071ns
    Total Input Jitter      (TIJ):    0.000ns
    Discrete Jitter          (DJ):    0.000ns
    Phase Error              (PE):    0.000ns

    Location             Delay type                Incr(ns)  Path(ns)    Netlist Resource(s)
  -------------------------------------------------------------------    -------------------
                         (clock s00_axi_aclk rise edge)
                                                      0.000     0.000 r  
                                                      0.000     0.000 r  s00_axi_aclk (IN)
                         net (fo=3355, unset)         0.028     0.028    u_my_ip/s00_axi_aclk
    SLICE_X72Y195        FDRE                                         r  u_my_ip/map_wr_addr_r_reg[32]/C
  -------------------------------------------------------------------    -------------------
    SLICE_X72Y195        FDRE (Prop_CFF2_SLICEL_C_Q)
                                                      0.080     0.108 f  u_my_ip/map_wr_addr_r_reg[32]/Q
                         net (fo=1, routed)           0.169     0.277    u_my_ip/u_axi4_mapping/i__carry__0_i_12__0_0[32]
    SLICE_X71Y195        LUT4 (Prop_G6LUT_SLICEM_I2_O)
                                                      0.150     0.427 f  u_my_ip/u_axi4_mapping/i__carry__0_i_17/O
                         net (fo=1, routed)           0.048     0.475    u_my_ip/u_axi4_mapping/i__carry__0_i_17_n_0
    SLICE_X71Y195        LUT5 (Prop_E6LUT_SLICEM_I4_O)
                                                      0.100     0.575 r  u_my_ip/u_axi4_mapping/i__carry__0_i_12__0/O
                         net (fo=16, routed)          0.097     0.672    u_my_ip/u_axi4_mapping/map_wr_addr_r_reg[30]
    SLICE_X71Y194        LUT3 (Prop_D5LUT_SLICEM_I1_O)
                                                      0.066     0.738 r  u_my_ip/u_axi4_mapping/i__carry__0_i_14__0/O
                         net (fo=4, routed)           0.455     1.193    u_my_ip/u_axi4_mapping/local32_return[1]
    SLICE_X70Y195        CARRY8 (Prop_CARRY8_SLICEM_S[6]_CO[7])
                                                      0.117     1.310 r  u_my_ip/u_axi4_mapping/mem_index1_inferred__4/i__carry__0/CO[7]
                         net (fo=1, routed)           0.026     1.336    u_my_ip/u_axi4_mapping/mem_index1_inferred__4/i__carry__0_n_0
    SLICE_X70Y196        CARRY8 (Prop_CARRY8_SLICEM_CI_O[0])
                                                      0.056     1.392 f  u_my_ip/u_axi4_mapping/mem_index1_inferred__4/i__carry__1/O[0]
                         net (fo=1, routed)           0.210     1.602    u_my_ip/u_axi4_mapping/mem_index1_inferred__4/i__carry__1_n_15
    SLICE_X70Y196        LUT4 (Prop_C6LUT_SLICEM_I0_O)
                                                      0.051     1.653 f  u_my_ip/u_axi4_mapping/core_wr_en_r_i_13/O
                         net (fo=1, routed)           0.071     1.724    u_my_ip/u_axi4_mapping/core_wr_en_r_i_13_n_0
    SLICE_X70Y196        LUT5 (Prop_G6LUT_SLICEM_I4_O)
                                                      0.150     1.874 f  u_my_ip/u_axi4_mapping/core_wr_en_r_i_8/O
                         net (fo=1, routed)           0.154     2.028    u_my_ip/u_axi4_mapping/core_wr_en_r_i_8_n_0
    SLICE_X71Y195        LUT6 (Prop_H6LUT_SLICEM_I5_O)
                                                      0.101     2.129 r  u_my_ip/u_axi4_mapping/core_wr_en_r_i_3/O
                         net (fo=1, routed)           0.091     2.220    u_my_ip/u_axi4_mapping/core_wr_en_r_i_3_n_0
    SLICE_X71Y194        LUT6 (Prop_H6LUT_SLICEM_I1_O)
                                                      0.039     2.259 r  u_my_ip/u_axi4_mapping/core_wr_en_r_i_1/O
                         net (fo=159, routed)         0.230     2.488    u_my_ip/u_axi4_mapping/core_wr_hit
    SLICE_X71Y193        LUT2 (Prop_G6LUT_SLICEM_I0_O)
                                                      0.090     2.578 r  u_my_ip/u_axi4_mapping/core_wr_region_r[1]_i_1/O
                         net (fo=2, routed)           0.166     2.744    u_my_ip/u_axi4_mapping/core_wr_region_r[1]_i_1_n_0
    SLICE_X71Y193        FDRE                                         r  u_my_ip/u_axi4_mapping/core_wr_region_r_reg[1]/CE
  -------------------------------------------------------------------    -------------------

                         (clock s00_axi_aclk rise edge)
                                                      3.333     3.333 r  
                                                      0.000     3.333 r  s00_axi_aclk (IN)
                         net (fo=3355, unset)         0.021     3.354    u_my_ip/u_axi4_mapping/s00_axi_aclk
    SLICE_X71Y193        FDRE                                         r  u_my_ip/u_axi4_mapping/core_wr_region_r_reg[1]/C
                         clock pessimism              0.000     3.354    
                         clock uncertainty           -0.035     3.319    
    SLICE_X71Y193        FDRE (Setup_HFF2_SLICEM_C_CE)
                                                     -0.061     3.258    u_my_ip/u_axi4_mapping/core_wr_region_r_reg[1]
  -------------------------------------------------------------------
                         required time                          3.258    
                         arrival time                          -2.744    
  -------------------------------------------------------------------
                         slack                                  0.514    

Slack (MET) :             0.516ns  (required time - arrival time)
  Source:                 u_my_ip/map_wr_addr_r_reg[32]/C
                            (rising edge-triggered cell FDRE clocked by s00_axi_aclk  {rise@0.000ns fall@1.666ns period=3.333ns})
  Destination:            u_my_ip/u_axi4_mapping/core_wr_region_r_reg[0]/CE
                            (rising edge-triggered cell FDRE clocked by s00_axi_aclk  {rise@0.000ns fall@1.666ns period=3.333ns})
  Path Group:             s00_axi_aclk
  Path Type:              Setup (Max at Slow Process Corner)
  Requirement:            3.333ns  (s00_axi_aclk rise@3.333ns - s00_axi_aclk rise@0.000ns)
  Data Path Delay:        2.714ns  (logic 1.000ns (36.846%)  route 1.714ns (63.154%))
  Logic Levels:           10  (CARRY8=2 LUT2=1 LUT3=1 LUT4=2 LUT5=2 LUT6=2)
  Clock Path Skew:        -0.007ns (DCD - SCD + CPR)
    Destination Clock Delay (DCD):    0.021ns = ( 3.354 - 3.333 ) 
    Source Clock Delay      (SCD):    0.028ns
    Clock Pessimism Removal (CPR):    0.000ns
  Clock Uncertainty:      0.035ns  ((TSJ^2 + TIJ^2)^1/2 + DJ) / 2 + PE
    Total System Jitter     (TSJ):    0.071ns
    Total Input Jitter      (TIJ):    0.000ns
    Discrete Jitter          (DJ):    0.000ns
    Phase Error              (PE):    0.000ns

    Location             Delay type                Incr(ns)  Path(ns)    Netlist Resource(s)
  -------------------------------------------------------------------    -------------------
                         (clock s00_axi_aclk rise edge)
                                                      0.000     0.000 r  
                                                      0.000     0.000 r  s00_axi_aclk (IN)
                         net (fo=3355, unset)         0.028     0.028    u_my_ip/s00_axi_aclk
    SLICE_X72Y195        FDRE                                         r  u_my_ip/map_wr_addr_r_reg[32]/C
  -------------------------------------------------------------------    -------------------
    SLICE_X72Y195        FDRE (Prop_CFF2_SLICEL_C_Q)
                                                      0.080     0.108 f  u_my_ip/map_wr_addr_r_reg[32]/Q
                         net (fo=1, routed)           0.169     0.277    u_my_ip/u_axi4_mapping/i__carry__0_i_12__0_0[32]
    SLICE_X71Y195        LUT4 (Prop_G6LUT_SLICEM_I2_O)
                                                      0.150     0.427 f  u_my_ip/u_axi4_mapping/i__carry__0_i_17/O
                         net (fo=1, routed)           0.048     0.475    u_my_ip/u_axi4_mapping/i__carry__0_i_17_n_0
    SLICE_X71Y195        LUT5 (Prop_E6LUT_SLICEM_I4_O)
                                                      0.100     0.575 r  u_my_ip/u_axi4_mapping/i__carry__0_i_12__0/O
                         net (fo=16, routed)          0.097     0.672    u_my_ip/u_axi4_mapping/map_wr_addr_r_reg[30]
    SLICE_X71Y194        LUT3 (Prop_D5LUT_SLICEM_I1_O)
                                                      0.066     0.738 r  u_my_ip/u_axi4_mapping/i__carry__0_i_14__0/O
                         net (fo=4, routed)           0.455     1.193    u_my_ip/u_axi4_mapping/local32_return[1]
    SLICE_X70Y195        CARRY8 (Prop_CARRY8_SLICEM_S[6]_CO[7])
                                                      0.117     1.310 r  u_my_ip/u_axi4_mapping/mem_index1_inferred__4/i__carry__0/CO[7]
                         net (fo=1, routed)           0.026     1.336    u_my_ip/u_axi4_mapping/mem_index1_inferred__4/i__carry__0_n_0
    SLICE_X70Y196        CARRY8 (Prop_CARRY8_SLICEM_CI_O[0])
                                                      0.056     1.392 f  u_my_ip/u_axi4_mapping/mem_index1_inferred__4/i__carry__1/O[0]
                         net (fo=1, routed)           0.210     1.602    u_my_ip/u_axi4_mapping/mem_index1_inferred__4/i__carry__1_n_15
    SLICE_X70Y196        LUT4 (Prop_C6LUT_SLICEM_I0_O)
                                                      0.051     1.653 f  u_my_ip/u_axi4_mapping/core_wr_en_r_i_13/O
                         net (fo=1, routed)           0.071     1.724    u_my_ip/u_axi4_mapping/core_wr_en_r_i_13_n_0
    SLICE_X70Y196        LUT5 (Prop_G6LUT_SLICEM_I4_O)
                                                      0.150     1.874 f  u_my_ip/u_axi4_mapping/core_wr_en_r_i_8/O
                         net (fo=1, routed)           0.154     2.028    u_my_ip/u_axi4_mapping/core_wr_en_r_i_8_n_0
    SLICE_X71Y195        LUT6 (Prop_H6LUT_SLICEM_I5_O)
                                                      0.101     2.129 r  u_my_ip/u_axi4_mapping/core_wr_en_r_i_3/O
                         net (fo=1, routed)           0.091     2.220    u_my_ip/u_axi4_mapping/core_wr_en_r_i_3_n_0
    SLICE_X71Y194        LUT6 (Prop_H6LUT_SLICEM_I1_O)
                                                      0.039     2.259 r  u_my_ip/u_axi4_mapping/core_wr_en_r_i_1/O
                         net (fo=159, routed)         0.230     2.488    u_my_ip/u_axi4_mapping/core_wr_hit
    SLICE_X71Y193        LUT2 (Prop_G6LUT_SLICEM_I0_O)
                                                      0.090     2.578 r  u_my_ip/u_axi4_mapping/core_wr_region_r[1]_i_1/O
                         net (fo=2, routed)           0.164     2.742    u_my_ip/u_axi4_mapping/core_wr_region_r[1]_i_1_n_0
    SLICE_X71Y193        FDRE                                         r  u_my_ip/u_axi4_mapping/core_wr_region_r_reg[0]/CE
  -------------------------------------------------------------------    -------------------

                         (clock s00_axi_aclk rise edge)
                                                      3.333     3.333 r  
                                                      0.000     3.333 r  s00_axi_aclk (IN)
                         net (fo=3355, unset)         0.021     3.354    u_my_ip/u_axi4_mapping/s00_axi_aclk
    SLICE_X71Y193        FDRE                                         r  u_my_ip/u_axi4_mapping/core_wr_region_r_reg[0]/C
                         clock pessimism              0.000     3.354    
                         clock uncertainty           -0.035     3.319    
    SLICE_X71Y193        FDRE (Setup_HFF_SLICEM_C_CE)
                                                     -0.061     3.258    u_my_ip/u_axi4_mapping/core_wr_region_r_reg[0]
  -------------------------------------------------------------------
                         required time                          3.258    
                         arrival time                          -2.742    
  -------------------------------------------------------------------
                         slack                                  0.516    

Slack (MET) :             0.516ns  (required time - arrival time)
  Source:                 u_my_ip/u_axi4_mapping/u_gemv/block_idx_r_reg[1]/C
                            (rising edge-triggered cell FDRE clocked by s00_axi_aclk  {rise@0.000ns fall@1.666ns period=3.333ns})
  Destination:            u_my_ip/u_axi4_mapping/u_gemv/u_result_bram/mem_reg_1/DINADIN[30]
                            (rising edge-triggered cell RAMB36E2 clocked by s00_axi_aclk  {rise@0.000ns fall@1.666ns period=3.333ns})
  Path Group:             s00_axi_aclk
  Path Type:              Setup (Max at Slow Process Corner)
  Requirement:            3.333ns  (s00_axi_aclk rise@3.333ns - s00_axi_aclk rise@0.000ns)
  Data Path Delay:        2.477ns  (logic 1.073ns (43.313%)  route 1.404ns (56.687%))
  Logic Levels:           10  (CARRY8=4 LUT2=1 LUT4=1 LUT5=2 LUT6=2)
  Clock Path Skew:        0.009ns (DCD - SCD + CPR)
    Destination Clock Delay (DCD):    0.039ns = ( 3.372 - 3.333 ) 
    Source Clock Delay      (SCD):    0.030ns
    Clock Pessimism Removal (CPR):    0.000ns
  Clock Uncertainty:      0.035ns  ((TSJ^2 + TIJ^2)^1/2 + DJ) / 2 + PE
    Total System Jitter     (TSJ):    0.071ns
    Total Input Jitter      (TIJ):    0.000ns
    Discrete Jitter          (DJ):    0.000ns
    Phase Error              (PE):    0.000ns

    Location             Delay type                Incr(ns)  Path(ns)    Netlist Resource(s)
  -------------------------------------------------------------------    -------------------
                         (clock s00_axi_aclk rise edge)
                                                      0.000     0.000 r  
                                                      0.000     0.000 r  s00_axi_aclk (IN)
                         net (fo=3355, unset)         0.030     0.030    u_my_ip/u_axi4_mapping/u_gemv/s00_axi_aclk
    SLICE_X73Y173        FDRE                                         r  u_my_ip/u_axi4_mapping/u_gemv/block_idx_r_reg[1]/C
  -------------------------------------------------------------------    -------------------
    SLICE_X73Y173        FDRE (Prop_DFF2_SLICEM_C_Q)
                                                      0.080     0.110 r  u_my_ip/u_axi4_mapping/u_gemv/block_idx_r_reg[1]/Q
                         net (fo=12, routed)          0.138     0.248    u_my_ip/u_axi4_mapping/u_gemv/block_idx_r_reg_n_0_[1]
    SLICE_X71Y173        LUT2 (Prop_B6LUT_SLICEM_I1_O)
                                                      0.149     0.397 r  u_my_ip/u_axi4_mapping/u_gemv/mem_reg_0_i_104/O
                         net (fo=1, routed)           0.016     0.413    u_my_ip/u_axi4_mapping/u_gemv/mem_reg_0_i_104_n_0
    SLICE_X71Y173        CARRY8 (Prop_CARRY8_SLICEM_S[1]_CO[7])
                                                      0.190     0.603 r  u_my_ip/u_axi4_mapping/u_gemv/mem_reg_0_i_52/CO[7]
                         net (fo=1, routed)           0.026     0.629    u_my_ip/u_axi4_mapping/u_gemv/mem_reg_0_i_52_n_0
    SLICE_X71Y174        CARRY8 (Prop_CARRY8_SLICEM_CI_CO[7])
                                                      0.015     0.644 r  u_my_ip/u_axi4_mapping/u_gemv/mem_reg_0_i_51/CO[7]
                         net (fo=1, routed)           0.026     0.670    u_my_ip/u_axi4_mapping/u_gemv/mem_reg_0_i_51_n_0
    SLICE_X71Y175        CARRY8 (Prop_CARRY8_SLICEM_CI_CO[7])
                                                      0.015     0.685 r  u_my_ip/u_axi4_mapping/u_gemv/mem_reg_0_i_170/CO[7]
                         net (fo=1, routed)           0.026     0.711    u_my_ip/u_axi4_mapping/u_gemv/mem_reg_0_i_170_n_0
    SLICE_X71Y176        CARRY8 (Prop_CARRY8_SLICEM_CI_O[7])
                                                      0.116     0.827 f  u_my_ip/u_axi4_mapping/u_gemv/mem_reg_0_i_86/O[7]
                         net (fo=1, routed)           0.171     0.998    u_my_ip/u_axi4_mapping/u_gemv/u_result_bram/p_0_in__0[29]
    SLICE_X71Y177        LUT4 (Prop_G6LUT_SLICEM_I0_O)
                                                      0.090     1.088 f  u_my_ip/u_axi4_mapping/u_gemv/u_result_bram/mem_reg_0_i_171/O
                         net (fo=1, routed)           0.096     1.184    u_my_ip/u_axi4_mapping/u_gemv/u_result_bram/mem_reg_0_i_171_n_0
    SLICE_X71Y178        LUT5 (Prop_C6LUT_SLICEM_I4_O)
                                                      0.123     1.307 f  u_my_ip/u_axi4_mapping/u_gemv/u_result_bram/mem_reg_0_i_88/O
                         net (fo=1, routed)           0.059     1.366    u_my_ip/u_axi4_mapping/u_gemv/u_result_bram/mem_reg_0_i_88_n_0
    SLICE_X71Y178        LUT6 (Prop_F6LUT_SLICEM_I5_O)
                                                      0.148     1.514 r  u_my_ip/u_axi4_mapping/u_gemv/u_result_bram/mem_reg_0_i_46/O
                         net (fo=1, routed)           0.194     1.708    u_my_ip/u_axi4_mapping/u_gemv/u_pmau/mem_reg_3
    SLICE_X70Y181        LUT6 (Prop_F6LUT_SLICEM_I1_O)
                                                      0.051     1.759 r  u_my_ip/u_axi4_mapping/u_gemv/u_pmau/mem_reg_0_i_1/O
                         net (fo=133, routed)         0.322     2.081    u_my_ip/u_axi4_mapping/u_gemv/u_pmau/enb0
    SLICE_X68Y182        LUT5 (Prop_D5LUT_SLICEL_I3_O)
                                                      0.096     2.177 r  u_my_ip/u_axi4_mapping/u_gemv/u_pmau/mem_reg_1_i_2/O
                         net (fo=1, routed)           0.330     2.507    u_my_ip/u_axi4_mapping/u_gemv/u_result_bram/p_2_in[62]
    RAMB36_X2Y34         RAMB36E2                                     r  u_my_ip/u_axi4_mapping/u_gemv/u_result_bram/mem_reg_1/DINADIN[30]
  -------------------------------------------------------------------    -------------------

                         (clock s00_axi_aclk rise edge)
                                                      3.333     3.333 r  
                                                      0.000     3.333 r  s00_axi_aclk (IN)
                         net (fo=3355, unset)         0.039     3.372    u_my_ip/u_axi4_mapping/u_gemv/u_result_bram/s00_axi_aclk
    RAMB36_X2Y34         RAMB36E2                                     r  u_my_ip/u_axi4_mapping/u_gemv/u_result_bram/mem_reg_1/CLKARDCLK
                         clock pessimism              0.000     3.372    
                         clock uncertainty           -0.035     3.337    
    RAMB36_X2Y34         RAMB36E2 (Setup_RAMB36E2_RAMB36_CLKARDCLK_DINADIN[30])
                                                     -0.313     3.024    u_my_ip/u_axi4_mapping/u_gemv/u_result_bram/mem_reg_1
  -------------------------------------------------------------------
                         required time                          3.024    
                         arrival time                          -2.507    
  -------------------------------------------------------------------
                         slack                                  0.516    

Slack (MET) :             0.520ns  (required time - arrival time)
  Source:                 u_my_ip/u_axi4_mapping/u_gemv/u_pmau/dequant_mul/DSP_A_B_DATA_INST/CLK
                            (rising edge-triggered cell DSP_A_B_DATA clocked by s00_axi_aclk  {rise@0.000ns fall@1.666ns period=3.333ns})
  Destination:            u_my_ip/u_axi4_mapping/u_gemv/u_pmau/deq_s2_value_reg[19]/D
                            (rising edge-triggered cell FDRE clocked by s00_axi_aclk  {rise@0.000ns fall@1.666ns period=3.333ns})
  Path Group:             s00_axi_aclk
  Path Type:              Setup (Max at Slow Process Corner)
  Requirement:            3.333ns  (s00_axi_aclk rise@3.333ns - s00_axi_aclk rise@0.000ns)
  Data Path Delay:        2.763ns  (logic 2.446ns (88.527%)  route 0.317ns (11.473%))
  Logic Levels:           8  (DSP_ALU=2 DSP_M_DATA=1 DSP_MULTIPLIER=1 DSP_OUTPUT=2 DSP_PREADD_DATA=1 LUT3=1)
  Clock Path Skew:        -0.040ns (DCD - SCD + CPR)
    Destination Clock Delay (DCD):    0.020ns = ( 3.353 - 3.333 ) 
    Source Clock Delay      (SCD):    0.060ns
    Clock Pessimism Removal (CPR):    0.000ns
  Clock Uncertainty:      0.035ns  ((TSJ^2 + TIJ^2)^1/2 + DJ) / 2 + PE
    Total System Jitter     (TSJ):    0.071ns
    Total Input Jitter      (TIJ):    0.000ns
    Discrete Jitter          (DJ):    0.000ns
    Phase Error              (PE):    0.000ns

    Location             Delay type                Incr(ns)  Path(ns)    Netlist Resource(s)
  -------------------------------------------------------------------    -------------------
                         (clock s00_axi_aclk rise edge)
                                                      0.000     0.000 r  
                                                      0.000     0.000 r  s00_axi_aclk (IN)
                         net (fo=3355, unset)         0.060     0.060    u_my_ip/u_axi4_mapping/u_gemv/u_pmau/dequant_mul/CLK
    DSP48E2_X6Y83        DSP_A_B_DATA                                 r  u_my_ip/u_axi4_mapping/u_gemv/u_pmau/dequant_mul/DSP_A_B_DATA_INST/CLK
  -------------------------------------------------------------------    -------------------
    DSP48E2_X6Y83        DSP_A_B_DATA (Prop_DSP_A_B_DATA_DSP48E2_CLK_B2_DATA[17])
                                                      0.212     0.272 r  u_my_ip/u_axi4_mapping/u_gemv/u_pmau/dequant_mul/DSP_A_B_DATA_INST/B2_DATA[17]
                         net (fo=1, routed)           0.000     0.272    u_my_ip/u_axi4_mapping/u_gemv/u_pmau/dequant_mul/DSP_A_B_DATA.B2_DATA<17>
    DSP48E2_X6Y83        DSP_PREADD_DATA (Prop_DSP_PREADD_DATA_DSP48E2_B2_DATA[17]_B2B1[17])
                                                      0.073     0.345 r  u_my_ip/u_axi4_mapping/u_gemv/u_pmau/dequant_mul/DSP_PREADD_DATA_INST/B2B1[17]
                         net (fo=1, routed)           0.000     0.345    u_my_ip/u_axi4_mapping/u_gemv/u_pmau/dequant_mul/DSP_PREADD_DATA.B2B1<17>
    DSP48E2_X6Y83        DSP_MULTIPLIER (Prop_DSP_MULTIPLIER_DSP48E2_B2B1[17]_V[43])
                                                      0.609     0.954 f  u_my_ip/u_axi4_mapping/u_gemv/u_pmau/dequant_mul/DSP_MULTIPLIER_INST/V[43]
                         net (fo=1, routed)           0.000     0.954    u_my_ip/u_axi4_mapping/u_gemv/u_pmau/dequant_mul/DSP_MULTIPLIER.V<43>
    DSP48E2_X6Y83        DSP_M_DATA (Prop_DSP_M_DATA_DSP48E2_V[43]_V_DATA[43])
                                                      0.046     1.000 r  u_my_ip/u_axi4_mapping/u_gemv/u_pmau/dequant_mul/DSP_M_DATA_INST/V_DATA[43]
                         net (fo=1, routed)           0.000     1.000    u_my_ip/u_axi4_mapping/u_gemv/u_pmau/dequant_mul/DSP_M_DATA.V_DATA<43>
    DSP48E2_X6Y83        DSP_ALU (Prop_DSP_ALU_DSP48E2_V_DATA[43]_ALU_OUT[47])
                                                      0.571     1.571 f  u_my_ip/u_axi4_mapping/u_gemv/u_pmau/dequant_mul/DSP_ALU_INST/ALU_OUT[47]
                         net (fo=1, routed)           0.000     1.571    u_my_ip/u_axi4_mapping/u_gemv/u_pmau/dequant_mul/DSP_ALU.ALU_OUT<47>
    DSP48E2_X6Y83        DSP_OUTPUT (Prop_DSP_OUTPUT_DSP48E2_ALU_OUT[47]_PCOUT[47])
                                                      0.122     1.693 r  u_my_ip/u_axi4_mapping/u_gemv/u_pmau/dequant_mul/DSP_OUTPUT_INST/PCOUT[47]
                         net (fo=1, routed)           0.073     1.766    u_my_ip/u_axi4_mapping/u_gemv/u_pmau/dequant_mul__0/PCIN[47]
    DSP48E2_X6Y84        DSP_ALU (Prop_DSP_ALU_DSP48E2_PCIN[47]_ALU_OUT[17])
                                                      0.546     2.312 f  u_my_ip/u_axi4_mapping/u_gemv/u_pmau/dequant_mul__0/DSP_ALU_INST/ALU_OUT[17]
                         net (fo=1, routed)           0.000     2.312    u_my_ip/u_axi4_mapping/u_gemv/u_pmau/dequant_mul__0/DSP_ALU.ALU_OUT<17>
    DSP48E2_X6Y84        DSP_OUTPUT (Prop_DSP_OUTPUT_DSP48E2_ALU_OUT[17]_P[17])
                                                      0.109     2.421 r  u_my_ip/u_axi4_mapping/u_gemv/u_pmau/dequant_mul__0/DSP_OUTPUT_INST/P[17]
                         net (fo=1, routed)           0.228     2.649    u_my_ip/u_axi4_mapping/u_gemv/u_pmau/dequant_mul__0_n_88
    SLICE_X65Y210        LUT3 (Prop_C5LUT_SLICEL_I2_O)
                                                      0.158     2.807 r  u_my_ip/u_axi4_mapping/u_gemv/u_pmau/deq_s2_value[19]_i_1/O
                         net (fo=1, routed)           0.016     2.823    u_my_ip/u_axi4_mapping/u_gemv/u_pmau/result_final_value[19]
    SLICE_X65Y210        FDRE                                         r  u_my_ip/u_axi4_mapping/u_gemv/u_pmau/deq_s2_value_reg[19]/D
  -------------------------------------------------------------------    -------------------

                         (clock s00_axi_aclk rise edge)
                                                      3.333     3.333 r  
                                                      0.000     3.333 r  s00_axi_aclk (IN)
                         net (fo=3355, unset)         0.020     3.353    u_my_ip/u_axi4_mapping/u_gemv/u_pmau/s00_axi_aclk
    SLICE_X65Y210        FDRE                                         r  u_my_ip/u_axi4_mapping/u_gemv/u_pmau/deq_s2_value_reg[19]/C
                         clock pessimism              0.000     3.353    
                         clock uncertainty           -0.035     3.318    
    SLICE_X65Y210        FDRE (Setup_CFF2_SLICEL_C_D)
                                                      0.025     3.343    u_my_ip/u_axi4_mapping/u_gemv/u_pmau/deq_s2_value_reg[19]
  -------------------------------------------------------------------
                         required time                          3.343    
                         arrival time                          -2.823    
  -------------------------------------------------------------------
                         slack                                  0.520    

Slack (MET) :             0.524ns  (required time - arrival time)
  Source:                 u_my_ip/u_axi4_mapping/u_gemv/block_idx_r_reg[1]/C
                            (rising edge-triggered cell FDRE clocked by s00_axi_aclk  {rise@0.000ns fall@1.666ns period=3.333ns})
  Destination:            u_my_ip/u_axi4_mapping/u_gemv/u_result_bram/mem_reg_1/DINADIN[29]
                            (rising edge-triggered cell RAMB36E2 clocked by s00_axi_aclk  {rise@0.000ns fall@1.666ns period=3.333ns})
  Path Group:             s00_axi_aclk
  Path Type:              Setup (Max at Slow Process Corner)
  Requirement:            3.333ns  (s00_axi_aclk rise@3.333ns - s00_axi_aclk rise@0.000ns)
  Data Path Delay:        2.514ns  (logic 1.110ns (44.155%)  route 1.404ns (55.845%))
  Logic Levels:           10  (CARRY8=4 LUT2=1 LUT4=1 LUT5=2 LUT6=2)
  Clock Path Skew:        0.009ns (DCD - SCD + CPR)
    Destination Clock Delay (DCD):    0.039ns = ( 3.372 - 3.333 ) 
    Source Clock Delay      (SCD):    0.030ns
    Clock Pessimism Removal (CPR):    0.000ns
  Clock Uncertainty:      0.035ns  ((TSJ^2 + TIJ^2)^1/2 + DJ) / 2 + PE
    Total System Jitter     (TSJ):    0.071ns
    Total Input Jitter      (TIJ):    0.000ns
    Discrete Jitter          (DJ):    0.000ns
    Phase Error              (PE):    0.000ns

    Location             Delay type                Incr(ns)  Path(ns)    Netlist Resource(s)
  -------------------------------------------------------------------    -------------------
                         (clock s00_axi_aclk rise edge)
                                                      0.000     0.000 r  
                                                      0.000     0.000 r  s00_axi_aclk (IN)
                         net (fo=3355, unset)         0.030     0.030    u_my_ip/u_axi4_mapping/u_gemv/s00_axi_aclk
    SLICE_X73Y173        FDRE                                         r  u_my_ip/u_axi4_mapping/u_gemv/block_idx_r_reg[1]/C
  -------------------------------------------------------------------    -------------------
    SLICE_X73Y173        FDRE (Prop_DFF2_SLICEM_C_Q)
                                                      0.080     0.110 r  u_my_ip/u_axi4_mapping/u_gemv/block_idx_r_reg[1]/Q
                         net (fo=12, routed)          0.138     0.248    u_my_ip/u_axi4_mapping/u_gemv/block_idx_r_reg_n_0_[1]
    SLICE_X71Y173        LUT2 (Prop_B6LUT_SLICEM_I1_O)
                                                      0.149     0.397 r  u_my_ip/u_axi4_mapping/u_gemv/mem_reg_0_i_104/O
                         net (fo=1, routed)           0.016     0.413    u_my_ip/u_axi4_mapping/u_gemv/mem_reg_0_i_104_n_0
    SLICE_X71Y173        CARRY8 (Prop_CARRY8_SLICEM_S[1]_CO[7])
                                                      0.190     0.603 r  u_my_ip/u_axi4_mapping/u_gemv/mem_reg_0_i_52/CO[7]
                         net (fo=1, routed)           0.026     0.629    u_my_ip/u_axi4_mapping/u_gemv/mem_reg_0_i_52_n_0
    SLICE_X71Y174        CARRY8 (Prop_CARRY8_SLICEM_CI_CO[7])
                                                      0.015     0.644 r  u_my_ip/u_axi4_mapping/u_gemv/mem_reg_0_i_51/CO[7]
                         net (fo=1, routed)           0.026     0.670    u_my_ip/u_axi4_mapping/u_gemv/mem_reg_0_i_51_n_0
    SLICE_X71Y175        CARRY8 (Prop_CARRY8_SLICEM_CI_CO[7])
                                                      0.015     0.685 r  u_my_ip/u_axi4_mapping/u_gemv/mem_reg_0_i_170/CO[7]
                         net (fo=1, routed)           0.026     0.711    u_my_ip/u_axi4_mapping/u_gemv/mem_reg_0_i_170_n_0
    SLICE_X71Y176        CARRY8 (Prop_CARRY8_SLICEM_CI_O[7])
                                                      0.116     0.827 f  u_my_ip/u_axi4_mapping/u_gemv/mem_reg_0_i_86/O[7]
                         net (fo=1, routed)           0.171     0.998    u_my_ip/u_axi4_mapping/u_gemv/u_result_bram/p_0_in__0[29]
    SLICE_X71Y177        LUT4 (Prop_G6LUT_SLICEM_I0_O)
                                                      0.090     1.088 f  u_my_ip/u_axi4_mapping/u_gemv/u_result_bram/mem_reg_0_i_171/O
                         net (fo=1, routed)           0.096     1.184    u_my_ip/u_axi4_mapping/u_gemv/u_result_bram/mem_reg_0_i_171_n_0
    SLICE_X71Y178        LUT5 (Prop_C6LUT_SLICEM_I4_O)
                                                      0.123     1.307 f  u_my_ip/u_axi4_mapping/u_gemv/u_result_bram/mem_reg_0_i_88/O
                         net (fo=1, routed)           0.059     1.366    u_my_ip/u_axi4_mapping/u_gemv/u_result_bram/mem_reg_0_i_88_n_0
    SLICE_X71Y178        LUT6 (Prop_F6LUT_SLICEM_I5_O)
                                                      0.148     1.514 r  u_my_ip/u_axi4_mapping/u_gemv/u_result_bram/mem_reg_0_i_46/O
                         net (fo=1, routed)           0.194     1.708    u_my_ip/u_axi4_mapping/u_gemv/u_pmau/mem_reg_3
    SLICE_X70Y181        LUT6 (Prop_F6LUT_SLICEM_I1_O)
                                                      0.051     1.759 r  u_my_ip/u_axi4_mapping/u_gemv/u_pmau/mem_reg_0_i_1/O
                         net (fo=133, routed)         0.309     2.068    u_my_ip/u_axi4_mapping/u_gemv/u_pmau/enb0
    SLICE_X68Y183        LUT5 (Prop_D5LUT_SLICEL_I3_O)
                                                      0.133     2.201 r  u_my_ip/u_axi4_mapping/u_gemv/u_pmau/mem_reg_1_i_3/O
                         net (fo=1, routed)           0.343     2.544    u_my_ip/u_axi4_mapping/u_gemv/u_result_bram/p_2_in[61]
    RAMB36_X2Y34         RAMB36E2                                     r  u_my_ip/u_axi4_mapping/u_gemv/u_result_bram/mem_reg_1/DINADIN[29]
  -------------------------------------------------------------------    -------------------

                         (clock s00_axi_aclk rise edge)
                                                      3.333     3.333 r  
                                                      0.000     3.333 r  s00_axi_aclk (IN)
                         net (fo=3355, unset)         0.039     3.372    u_my_ip/u_axi4_mapping/u_gemv/u_result_bram/s00_axi_aclk
    RAMB36_X2Y34         RAMB36E2                                     r  u_my_ip/u_axi4_mapping/u_gemv/u_result_bram/mem_reg_1/CLKARDCLK
                         clock pessimism              0.000     3.372    
                         clock uncertainty           -0.035     3.337    
    RAMB36_X2Y34         RAMB36E2 (Setup_RAMB36E2_RAMB36_CLKARDCLK_DINADIN[29])
                                                     -0.269     3.068    u_my_ip/u_axi4_mapping/u_gemv/u_result_bram/mem_reg_1
  -------------------------------------------------------------------
                         required time                          3.068    
                         arrival time                          -2.544    
  -------------------------------------------------------------------
                         slack                                  0.524    

Slack (MET) :             0.527ns  (required time - arrival time)
  Source:                 u_my_ip/u_axi4_mapping/u_gemv/u_pmau/dequant_mul/DSP_A_B_DATA_INST/CLK
                            (rising edge-triggered cell DSP_A_B_DATA clocked by s00_axi_aclk  {rise@0.000ns fall@1.666ns period=3.333ns})
  Destination:            u_my_ip/u_axi4_mapping/u_gemv/u_pmau/deq_s2_value_reg[17]/D
                            (rising edge-triggered cell FDRE clocked by s00_axi_aclk  {rise@0.000ns fall@1.666ns period=3.333ns})
  Path Group:             s00_axi_aclk
  Path Type:              Setup (Max at Slow Process Corner)
  Requirement:            3.333ns  (s00_axi_aclk rise@3.333ns - s00_axi_aclk rise@0.000ns)
  Data Path Delay:        2.756ns  (logic 2.421ns (87.845%)  route 0.335ns (12.155%))
  Logic Levels:           8  (DSP_ALU=2 DSP_M_DATA=1 DSP_MULTIPLIER=1 DSP_OUTPUT=2 DSP_PREADD_DATA=1 LUT3=1)
  Clock Path Skew:        -0.040ns (DCD - SCD + CPR)
    Destination Clock Delay (DCD):    0.020ns = ( 3.353 - 3.333 ) 
    Source Clock Delay      (SCD):    0.060ns
    Clock Pessimism Removal (CPR):    0.000ns
  Clock Uncertainty:      0.035ns  ((TSJ^2 + TIJ^2)^1/2 + DJ) / 2 + PE
    Total System Jitter     (TSJ):    0.071ns
    Total Input Jitter      (TIJ):    0.000ns
    Discrete Jitter          (DJ):    0.000ns
    Phase Error              (PE):    0.000ns

    Location             Delay type                Incr(ns)  Path(ns)    Netlist Resource(s)
  -------------------------------------------------------------------    -------------------
                         (clock s00_axi_aclk rise edge)
                                                      0.000     0.000 r  
                                                      0.000     0.000 r  s00_axi_aclk (IN)
                         net (fo=3355, unset)         0.060     0.060    u_my_ip/u_axi4_mapping/u_gemv/u_pmau/dequant_mul/CLK
    DSP48E2_X6Y83        DSP_A_B_DATA                                 r  u_my_ip/u_axi4_mapping/u_gemv/u_pmau/dequant_mul/DSP_A_B_DATA_INST/CLK
  -------------------------------------------------------------------    -------------------
    DSP48E2_X6Y83        DSP_A_B_DATA (Prop_DSP_A_B_DATA_DSP48E2_CLK_B2_DATA[17])
                                                      0.212     0.272 r  u_my_ip/u_axi4_mapping/u_gemv/u_pmau/dequant_mul/DSP_A_B_DATA_INST/B2_DATA[17]
                         net (fo=1, routed)           0.000     0.272    u_my_ip/u_axi4_mapping/u_gemv/u_pmau/dequant_mul/DSP_A_B_DATA.B2_DATA<17>
    DSP48E2_X6Y83        DSP_PREADD_DATA (Prop_DSP_PREADD_DATA_DSP48E2_B2_DATA[17]_B2B1[17])
                                                      0.073     0.345 r  u_my_ip/u_axi4_mapping/u_gemv/u_pmau/dequant_mul/DSP_PREADD_DATA_INST/B2B1[17]
                         net (fo=1, routed)           0.000     0.345    u_my_ip/u_axi4_mapping/u_gemv/u_pmau/dequant_mul/DSP_PREADD_DATA.B2B1<17>
    DSP48E2_X6Y83        DSP_MULTIPLIER (Prop_DSP_MULTIPLIER_DSP48E2_B2B1[17]_V[43])
                                                      0.609     0.954 f  u_my_ip/u_axi4_mapping/u_gemv/u_pmau/dequant_mul/DSP_MULTIPLIER_INST/V[43]
                         net (fo=1, routed)           0.000     0.954    u_my_ip/u_axi4_mapping/u_gemv/u_pmau/dequant_mul/DSP_MULTIPLIER.V<43>
    DSP48E2_X6Y83        DSP_M_DATA (Prop_DSP_M_DATA_DSP48E2_V[43]_V_DATA[43])
                                                      0.046     1.000 r  u_my_ip/u_axi4_mapping/u_gemv/u_pmau/dequant_mul/DSP_M_DATA_INST/V_DATA[43]
                         net (fo=1, routed)           0.000     1.000    u_my_ip/u_axi4_mapping/u_gemv/u_pmau/dequant_mul/DSP_M_DATA.V_DATA<43>
    DSP48E2_X6Y83        DSP_ALU (Prop_DSP_ALU_DSP48E2_V_DATA[43]_ALU_OUT[47])
                                                      0.571     1.571 f  u_my_ip/u_axi4_mapping/u_gemv/u_pmau/dequant_mul/DSP_ALU_INST/ALU_OUT[47]
                         net (fo=1, routed)           0.000     1.571    u_my_ip/u_axi4_mapping/u_gemv/u_pmau/dequant_mul/DSP_ALU.ALU_OUT<47>
    DSP48E2_X6Y83        DSP_OUTPUT (Prop_DSP_OUTPUT_DSP48E2_ALU_OUT[47]_PCOUT[47])
                                                      0.122     1.693 r  u_my_ip/u_axi4_mapping/u_gemv/u_pmau/dequant_mul/DSP_OUTPUT_INST/PCOUT[47]
                         net (fo=1, routed)           0.073     1.766    u_my_ip/u_axi4_mapping/u_gemv/u_pmau/dequant_mul__0/PCIN[47]
    DSP48E2_X6Y84        DSP_ALU (Prop_DSP_ALU_DSP48E2_PCIN[47]_ALU_OUT[15])
                                                      0.546     2.312 f  u_my_ip/u_axi4_mapping/u_gemv/u_pmau/dequant_mul__0/DSP_ALU_INST/ALU_OUT[15]
                         net (fo=1, routed)           0.000     2.312    u_my_ip/u_axi4_mapping/u_gemv/u_pmau/dequant_mul__0/DSP_ALU.ALU_OUT<15>
    DSP48E2_X6Y84        DSP_OUTPUT (Prop_DSP_OUTPUT_DSP48E2_ALU_OUT[15]_P[15])
                                                      0.109     2.421 r  u_my_ip/u_axi4_mapping/u_gemv/u_pmau/dequant_mul__0/DSP_OUTPUT_INST/P[15]
                         net (fo=1, routed)           0.247     2.668    u_my_ip/u_axi4_mapping/u_gemv/u_pmau/dequant_mul__0_n_90
    SLICE_X65Y210        LUT3 (Prop_D5LUT_SLICEL_I2_O)
                                                      0.133     2.801 r  u_my_ip/u_axi4_mapping/u_gemv/u_pmau/deq_s2_value[17]_i_1/O
                         net (fo=1, routed)           0.015     2.816    u_my_ip/u_axi4_mapping/u_gemv/u_pmau/result_final_value[17]
    SLICE_X65Y210        FDRE                                         r  u_my_ip/u_axi4_mapping/u_gemv/u_pmau/deq_s2_value_reg[17]/D
  -------------------------------------------------------------------    -------------------

                         (clock s00_axi_aclk rise edge)
                                                      3.333     3.333 r  
                                                      0.000     3.333 r  s00_axi_aclk (IN)
                         net (fo=3355, unset)         0.020     3.353    u_my_ip/u_axi4_mapping/u_gemv/u_pmau/s00_axi_aclk
    SLICE_X65Y210        FDRE                                         r  u_my_ip/u_axi4_mapping/u_gemv/u_pmau/deq_s2_value_reg[17]/C
                         clock pessimism              0.000     3.353    
                         clock uncertainty           -0.035     3.318    
    SLICE_X65Y210        FDRE (Setup_DFF2_SLICEL_C_D)
                                                      0.025     3.343    u_my_ip/u_axi4_mapping/u_gemv/u_pmau/deq_s2_value_reg[17]
  -------------------------------------------------------------------
                         required time                          3.343    
                         arrival time                          -2.816    
  -------------------------------------------------------------------
                         slack                                  0.527    





Min Delay Paths
--------------------------------------------------------------------------------------
Slack (MET) :             0.040ns  (arrival time - required time)
  Source:                 u_my_ip/u_axi4_mapping/map_rd_data_reg[104]/C
                            (rising edge-triggered cell FDRE clocked by s00_axi_aclk  {rise@0.000ns fall@1.666ns period=3.333ns})
  Destination:            u_my_ip/rdata_r_reg[104]/D
                            (rising edge-triggered cell FDRE clocked by s00_axi_aclk  {rise@0.000ns fall@1.666ns period=3.333ns})
  Path Group:             s00_axi_aclk
  Path Type:              Hold (Min at Fast Process Corner)
  Requirement:            0.000ns  (s00_axi_aclk rise@0.000ns - s00_axi_aclk rise@0.000ns)
  Data Path Delay:        0.094ns  (logic 0.039ns (41.489%)  route 0.055ns (58.511%))
  Logic Levels:           0  
  Clock Path Skew:        0.007ns (DCD - SCD - CPR)
    Destination Clock Delay (DCD):    0.019ns
    Source Clock Delay      (SCD):    0.012ns
    Clock Pessimism Removal (CPR):    -0.000ns

    Location             Delay type                Incr(ns)  Path(ns)    Netlist Resource(s)
  -------------------------------------------------------------------    -------------------
                         (clock s00_axi_aclk rise edge)
                                                      0.000     0.000 r  
                                                      0.000     0.000 r  s00_axi_aclk (IN)
                         net (fo=3355, unset)         0.012     0.012    u_my_ip/u_axi4_mapping/s00_axi_aclk
    SLICE_X66Y188        FDRE                                         r  u_my_ip/u_axi4_mapping/map_rd_data_reg[104]/C
  -------------------------------------------------------------------    -------------------
    SLICE_X66Y188        FDRE (Prop_DFF_SLICEL_C_Q)
                                                      0.039     0.051 r  u_my_ip/u_axi4_mapping/map_rd_data_reg[104]/Q
                         net (fo=1, routed)           0.055     0.106    u_my_ip/map_rd_data[104]
    SLICE_X66Y187        FDRE                                         r  u_my_ip/rdata_r_reg[104]/D
  -------------------------------------------------------------------    -------------------

                         (clock s00_axi_aclk rise edge)
                                                      0.000     0.000 r  
                                                      0.000     0.000 r  s00_axi_aclk (IN)
                         net (fo=3355, unset)         0.019     0.019    u_my_ip/s00_axi_aclk
    SLICE_X66Y187        FDRE                                         r  u_my_ip/rdata_r_reg[104]/C
                         clock pessimism              0.000     0.019    
    SLICE_X66Y187        FDRE (Hold_HFF2_SLICEL_C_D)
                                                      0.047     0.066    u_my_ip/rdata_r_reg[104]
  -------------------------------------------------------------------
                         required time                         -0.066    
                         arrival time                           0.106    
  -------------------------------------------------------------------
                         slack                                  0.040    

Slack (MET) :             0.043ns  (arrival time - required time)
  Source:                 u_my_ip/u_axi4_mapping/map_rd_data_reg[103]/C
                            (rising edge-triggered cell FDRE clocked by s00_axi_aclk  {rise@0.000ns fall@1.666ns period=3.333ns})
  Destination:            u_my_ip/rdata_r_reg[103]/D
                            (rising edge-triggered cell FDRE clocked by s00_axi_aclk  {rise@0.000ns fall@1.666ns period=3.333ns})
  Path Group:             s00_axi_aclk
  Path Type:              Hold (Min at Fast Process Corner)
  Requirement:            0.000ns  (s00_axi_aclk rise@0.000ns - s00_axi_aclk rise@0.000ns)
  Data Path Delay:        0.097ns  (logic 0.041ns (42.268%)  route 0.056ns (57.732%))
  Logic Levels:           0  
  Clock Path Skew:        0.007ns (DCD - SCD - CPR)
    Destination Clock Delay (DCD):    0.019ns
    Source Clock Delay      (SCD):    0.012ns
    Clock Pessimism Removal (CPR):    -0.000ns

    Location             Delay type                Incr(ns)  Path(ns)    Netlist Resource(s)
  -------------------------------------------------------------------    -------------------
                         (clock s00_axi_aclk rise edge)
                                                      0.000     0.000 r  
                                                      0.000     0.000 r  s00_axi_aclk (IN)
                         net (fo=3355, unset)         0.012     0.012    u_my_ip/u_axi4_mapping/s00_axi_aclk
    SLICE_X68Y190        FDRE                                         r  u_my_ip/u_axi4_mapping/map_rd_data_reg[103]/C
  -------------------------------------------------------------------    -------------------
    SLICE_X68Y190        FDRE (Prop_DFF2_SLICEL_C_Q)
                                                      0.041     0.053 r  u_my_ip/u_axi4_mapping/map_rd_data_reg[103]/Q
                         net (fo=1, routed)           0.056     0.109    u_my_ip/map_rd_data[103]
    SLICE_X68Y191        FDRE                                         r  u_my_ip/rdata_r_reg[103]/D
  -------------------------------------------------------------------    -------------------

                         (clock s00_axi_aclk rise edge)
                                                      0.000     0.000 r  
                                                      0.000     0.000 r  s00_axi_aclk (IN)
                         net (fo=3355, unset)         0.019     0.019    u_my_ip/s00_axi_aclk
    SLICE_X68Y191        FDRE                                         r  u_my_ip/rdata_r_reg[103]/C
                         clock pessimism              0.000     0.019    
    SLICE_X68Y191        FDRE (Hold_GFF2_SLICEL_C_D)
                                                      0.047     0.066    u_my_ip/rdata_r_reg[103]
  -------------------------------------------------------------------
                         required time                         -0.066    
                         arrival time                           0.109    
  -------------------------------------------------------------------
                         slack                                  0.043    

Slack (MET) :             0.044ns  (arrival time - required time)
  Source:                 u_my_ip/u_axi4_mapping/u_gemv/read_last_d_r_reg/C
                            (rising edge-triggered cell FDRE clocked by s00_axi_aclk  {rise@0.000ns fall@1.666ns period=3.333ns})
  Destination:            u_my_ip/u_axi4_mapping/u_gemv/read_last_q_r_reg/D
                            (rising edge-triggered cell FDRE clocked by s00_axi_aclk  {rise@0.000ns fall@1.666ns period=3.333ns})
  Path Group:             s00_axi_aclk
  Path Type:              Hold (Min at Fast Process Corner)
  Requirement:            0.000ns  (s00_axi_aclk rise@0.000ns - s00_axi_aclk rise@0.000ns)
  Data Path Delay:        0.096ns  (logic 0.039ns (40.625%)  route 0.057ns (59.375%))
  Logic Levels:           0  
  Clock Path Skew:        0.005ns (DCD - SCD - CPR)
    Destination Clock Delay (DCD):    0.018ns
    Source Clock Delay      (SCD):    0.013ns
    Clock Pessimism Removal (CPR):    -0.000ns

    Location             Delay type                Incr(ns)  Path(ns)    Netlist Resource(s)
  -------------------------------------------------------------------    -------------------
                         (clock s00_axi_aclk rise edge)
                                                      0.000     0.000 r  
                                                      0.000     0.000 r  s00_axi_aclk (IN)
                         net (fo=3355, unset)         0.013     0.013    u_my_ip/u_axi4_mapping/u_gemv/s00_axi_aclk
    SLICE_X72Y178        FDRE                                         r  u_my_ip/u_axi4_mapping/u_gemv/read_last_d_r_reg/C
  -------------------------------------------------------------------    -------------------
    SLICE_X72Y178        FDRE (Prop_HFF2_SLICEL_C_Q)
                                                      0.039     0.052 r  u_my_ip/u_axi4_mapping/u_gemv/read_last_d_r_reg/Q
                         net (fo=1, routed)           0.057     0.109    u_my_ip/u_axi4_mapping/u_gemv/read_last_d_r
    SLICE_X72Y179        FDRE                                         r  u_my_ip/u_axi4_mapping/u_gemv/read_last_q_r_reg/D
  -------------------------------------------------------------------    -------------------

                         (clock s00_axi_aclk rise edge)
                                                      0.000     0.000 r  
                                                      0.000     0.000 r  s00_axi_aclk (IN)
                         net (fo=3355, unset)         0.018     0.018    u_my_ip/u_axi4_mapping/u_gemv/s00_axi_aclk
    SLICE_X72Y179        FDRE                                         r  u_my_ip/u_axi4_mapping/u_gemv/read_last_q_r_reg/C
                         clock pessimism              0.000     0.018    
    SLICE_X72Y179        FDRE (Hold_DFF2_SLICEL_C_D)
                                                      0.047     0.065    u_my_ip/u_axi4_mapping/u_gemv/read_last_q_r_reg
  -------------------------------------------------------------------
                         required time                         -0.065    
                         arrival time                           0.109    
  -------------------------------------------------------------------
                         slack                                  0.044    

Slack (MET) :             0.045ns  (arrival time - required time)
  Source:                 u_my_ip/u_axi4_mapping/core_wr_data_r_reg[13]/C
                            (rising edge-triggered cell FDRE clocked by s00_axi_aclk  {rise@0.000ns fall@1.666ns period=3.333ns})
  Destination:            u_my_ip/u_axi4_mapping/u_gemv/wr_pipe_data_r_reg[13]/D
                            (rising edge-triggered cell FDRE clocked by s00_axi_aclk  {rise@0.000ns fall@1.666ns period=3.333ns})
  Path Group:             s00_axi_aclk
  Path Type:              Hold (Min at Fast Process Corner)
  Requirement:            0.000ns  (s00_axi_aclk rise@0.000ns - s00_axi_aclk rise@0.000ns)
  Data Path Delay:        0.097ns  (logic 0.040ns (41.237%)  route 0.057ns (58.763%))
  Logic Levels:           0  
  Clock Path Skew:        0.005ns (DCD - SCD - CPR)
    Destination Clock Delay (DCD):    0.018ns
    Source Clock Delay      (SCD):    0.013ns
    Clock Pessimism Removal (CPR):    -0.000ns

    Location             Delay type                Incr(ns)  Path(ns)    Netlist Resource(s)
  -------------------------------------------------------------------    -------------------
                         (clock s00_axi_aclk rise edge)
                                                      0.000     0.000 r  
                                                      0.000     0.000 r  s00_axi_aclk (IN)
                         net (fo=3355, unset)         0.013     0.013    u_my_ip/u_axi4_mapping/s00_axi_aclk
    SLICE_X72Y196        FDRE                                         r  u_my_ip/u_axi4_mapping/core_wr_data_r_reg[13]/C
  -------------------------------------------------------------------    -------------------
    SLICE_X72Y196        FDRE (Prop_GFF2_SLICEL_C_Q)
                                                      0.040     0.053 r  u_my_ip/u_axi4_mapping/core_wr_data_r_reg[13]/Q
                         net (fo=1, routed)           0.057     0.110    u_my_ip/u_axi4_mapping/u_gemv/wr_pipe_data_r_reg[127]_0[13]
    SLICE_X72Y197        FDRE                                         r  u_my_ip/u_axi4_mapping/u_gemv/wr_pipe_data_r_reg[13]/D
  -------------------------------------------------------------------    -------------------

                         (clock s00_axi_aclk rise edge)
                                                      0.000     0.000 r  
                                                      0.000     0.000 r  s00_axi_aclk (IN)
                         net (fo=3355, unset)         0.018     0.018    u_my_ip/u_axi4_mapping/u_gemv/s00_axi_aclk
    SLICE_X72Y197        FDRE                                         r  u_my_ip/u_axi4_mapping/u_gemv/wr_pipe_data_r_reg[13]/C
                         clock pessimism              0.000     0.018    
    SLICE_X72Y197        FDRE (Hold_CFF2_SLICEL_C_D)
                                                      0.047     0.065    u_my_ip/u_axi4_mapping/u_gemv/wr_pipe_data_r_reg[13]
  -------------------------------------------------------------------
                         required time                         -0.065    
                         arrival time                           0.110    
  -------------------------------------------------------------------
                         slack                                  0.045    

Slack (MET) :             0.045ns  (arrival time - required time)
  Source:                 u_my_ip/u_axi4_mapping/map_rd_data_reg[25]/C
                            (rising edge-triggered cell FDRE clocked by s00_axi_aclk  {rise@0.000ns fall@1.666ns period=3.333ns})
  Destination:            u_my_ip/rdata_r_reg[25]/D
                            (rising edge-triggered cell FDRE clocked by s00_axi_aclk  {rise@0.000ns fall@1.666ns period=3.333ns})
  Path Group:             s00_axi_aclk
  Path Type:              Hold (Min at Fast Process Corner)
  Requirement:            0.000ns  (s00_axi_aclk rise@0.000ns - s00_axi_aclk rise@0.000ns)
  Data Path Delay:        0.098ns  (logic 0.039ns (39.796%)  route 0.059ns (60.204%))
  Logic Levels:           0  
  Clock Path Skew:        0.007ns (DCD - SCD - CPR)
    Destination Clock Delay (DCD):    0.019ns
    Source Clock Delay      (SCD):    0.012ns
    Clock Pessimism Removal (CPR):    -0.000ns

    Location             Delay type                Incr(ns)  Path(ns)    Netlist Resource(s)
  -------------------------------------------------------------------    -------------------
                         (clock s00_axi_aclk rise edge)
                                                      0.000     0.000 r  
                                                      0.000     0.000 r  s00_axi_aclk (IN)
                         net (fo=3355, unset)         0.012     0.012    u_my_ip/u_axi4_mapping/s00_axi_aclk
    SLICE_X69Y180        FDRE                                         r  u_my_ip/u_axi4_mapping/map_rd_data_reg[25]/C
  -------------------------------------------------------------------    -------------------
    SLICE_X69Y180        FDRE (Prop_DFF_SLICEL_C_Q)
                                                      0.039     0.051 r  u_my_ip/u_axi4_mapping/map_rd_data_reg[25]/Q
                         net (fo=1, routed)           0.059     0.110    u_my_ip/map_rd_data[25]
    SLICE_X69Y180        FDRE                                         r  u_my_ip/rdata_r_reg[25]/D
  -------------------------------------------------------------------    -------------------

                         (clock s00_axi_aclk rise edge)
                                                      0.000     0.000 r  
                                                      0.000     0.000 r  s00_axi_aclk (IN)
                         net (fo=3355, unset)         0.019     0.019    u_my_ip/s00_axi_aclk
    SLICE_X69Y180        FDRE                                         r  u_my_ip/rdata_r_reg[25]/C
                         clock pessimism              0.000     0.019    
    SLICE_X69Y180        FDRE (Hold_HFF_SLICEL_C_D)
                                                      0.046     0.065    u_my_ip/rdata_r_reg[25]
  -------------------------------------------------------------------
                         required time                         -0.065    
                         arrival time                           0.110    
  -------------------------------------------------------------------
                         slack                                  0.045    

Slack (MET) :             0.046ns  (arrival time - required time)
  Source:                 u_my_ip/u_axi4_mapping/core_wr_data_r_reg[15]/C
                            (rising edge-triggered cell FDRE clocked by s00_axi_aclk  {rise@0.000ns fall@1.666ns period=3.333ns})
  Destination:            u_my_ip/u_axi4_mapping/u_gemv/wr_pipe_data_r_reg[15]/D
                            (rising edge-triggered cell FDRE clocked by s00_axi_aclk  {rise@0.000ns fall@1.666ns period=3.333ns})
  Path Group:             s00_axi_aclk
  Path Type:              Hold (Min at Fast Process Corner)
  Requirement:            0.000ns  (s00_axi_aclk rise@0.000ns - s00_axi_aclk rise@0.000ns)
  Data Path Delay:        0.098ns  (logic 0.040ns (40.816%)  route 0.058ns (59.184%))
  Logic Levels:           0  
  Clock Path Skew:        0.005ns (DCD - SCD - CPR)
    Destination Clock Delay (DCD):    0.018ns
    Source Clock Delay      (SCD):    0.013ns
    Clock Pessimism Removal (CPR):    -0.000ns

    Location             Delay type                Incr(ns)  Path(ns)    Netlist Resource(s)
  -------------------------------------------------------------------    -------------------
                         (clock s00_axi_aclk rise edge)
                                                      0.000     0.000 r  
                                                      0.000     0.000 r  s00_axi_aclk (IN)
                         net (fo=3355, unset)         0.013     0.013    u_my_ip/u_axi4_mapping/s00_axi_aclk
    SLICE_X72Y196        FDRE                                         r  u_my_ip/u_axi4_mapping/core_wr_data_r_reg[15]/C
  -------------------------------------------------------------------    -------------------
    SLICE_X72Y196        FDRE (Prop_FFF2_SLICEL_C_Q)
                                                      0.040     0.053 r  u_my_ip/u_axi4_mapping/core_wr_data_r_reg[15]/Q
                         net (fo=1, routed)           0.058     0.111    u_my_ip/u_axi4_mapping/u_gemv/wr_pipe_data_r_reg[127]_0[15]
    SLICE_X72Y197        FDRE                                         r  u_my_ip/u_axi4_mapping/u_gemv/wr_pipe_data_r_reg[15]/D
  -------------------------------------------------------------------    -------------------

                         (clock s00_axi_aclk rise edge)
                                                      0.000     0.000 r  
                                                      0.000     0.000 r  s00_axi_aclk (IN)
                         net (fo=3355, unset)         0.018     0.018    u_my_ip/u_axi4_mapping/u_gemv/s00_axi_aclk
    SLICE_X72Y197        FDRE                                         r  u_my_ip/u_axi4_mapping/u_gemv/wr_pipe_data_r_reg[15]/C
                         clock pessimism              0.000     0.018    
    SLICE_X72Y197        FDRE (Hold_BFF2_SLICEL_C_D)
                                                      0.047     0.065    u_my_ip/u_axi4_mapping/u_gemv/wr_pipe_data_r_reg[15]
  -------------------------------------------------------------------
                         required time                         -0.065    
                         arrival time                           0.111    
  -------------------------------------------------------------------
                         slack                                  0.046    

Slack (MET) :             0.046ns  (arrival time - required time)
  Source:                 u_my_ip/u_axi4_mapping/map_rd_data_reg[17]/C
                            (rising edge-triggered cell FDRE clocked by s00_axi_aclk  {rise@0.000ns fall@1.666ns period=3.333ns})
  Destination:            u_my_ip/rdata_r_reg[17]/D
                            (rising edge-triggered cell FDRE clocked by s00_axi_aclk  {rise@0.000ns fall@1.666ns period=3.333ns})
  Path Group:             s00_axi_aclk
  Path Type:              Hold (Min at Fast Process Corner)
  Requirement:            0.000ns  (s00_axi_aclk rise@0.000ns - s00_axi_aclk rise@0.000ns)
  Data Path Delay:        0.099ns  (logic 0.039ns (39.394%)  route 0.060ns (60.606%))
  Logic Levels:           0  
  Clock Path Skew:        0.006ns (DCD - SCD - CPR)
    Destination Clock Delay (DCD):    0.019ns
    Source Clock Delay      (SCD):    0.013ns
    Clock Pessimism Removal (CPR):    -0.000ns

    Location             Delay type                Incr(ns)  Path(ns)    Netlist Resource(s)
  -------------------------------------------------------------------    -------------------
                         (clock s00_axi_aclk rise edge)
                                                      0.000     0.000 r  
                                                      0.000     0.000 r  s00_axi_aclk (IN)
                         net (fo=3355, unset)         0.013     0.013    u_my_ip/u_axi4_mapping/s00_axi_aclk
    SLICE_X67Y184        FDRE                                         r  u_my_ip/u_axi4_mapping/map_rd_data_reg[17]/C
  -------------------------------------------------------------------    -------------------
    SLICE_X67Y184        FDRE (Prop_HFF_SLICEM_C_Q)
                                                      0.039     0.052 r  u_my_ip/u_axi4_mapping/map_rd_data_reg[17]/Q
                         net (fo=1, routed)           0.060     0.112    u_my_ip/map_rd_data[17]
    SLICE_X67Y184        FDRE                                         r  u_my_ip/rdata_r_reg[17]/D
  -------------------------------------------------------------------    -------------------

                         (clock s00_axi_aclk rise edge)
                                                      0.000     0.000 r  
                                                      0.000     0.000 r  s00_axi_aclk (IN)
                         net (fo=3355, unset)         0.019     0.019    u_my_ip/s00_axi_aclk
    SLICE_X67Y184        FDRE                                         r  u_my_ip/rdata_r_reg[17]/C
                         clock pessimism              0.000     0.019    
    SLICE_X67Y184        FDRE (Hold_GFF2_SLICEM_C_D)
                                                      0.047     0.066    u_my_ip/rdata_r_reg[17]
  -------------------------------------------------------------------
                         required time                         -0.066    
                         arrival time                           0.112    
  -------------------------------------------------------------------
                         slack                                  0.046    

Slack (MET) :             0.046ns  (arrival time - required time)
  Source:                 u_my_ip/u_axi4_mapping/core_wr_data_r_reg[19]/C
                            (rising edge-triggered cell FDRE clocked by s00_axi_aclk  {rise@0.000ns fall@1.666ns period=3.333ns})
  Destination:            u_my_ip/u_axi4_mapping/u_gemv/wr_pipe_data_r_reg[19]/D
                            (rising edge-triggered cell FDRE clocked by s00_axi_aclk  {rise@0.000ns fall@1.666ns period=3.333ns})
  Path Group:             s00_axi_aclk
  Path Type:              Hold (Min at Fast Process Corner)
  Requirement:            0.000ns  (s00_axi_aclk rise@0.000ns - s00_axi_aclk rise@0.000ns)
  Data Path Delay:        0.100ns  (logic 0.041ns (41.000%)  route 0.059ns (59.000%))
  Logic Levels:           0  
  Clock Path Skew:        0.007ns (DCD - SCD - CPR)
    Destination Clock Delay (DCD):    0.019ns
    Source Clock Delay      (SCD):    0.012ns
    Clock Pessimism Removal (CPR):    -0.000ns

    Location             Delay type                Incr(ns)  Path(ns)    Netlist Resource(s)
  -------------------------------------------------------------------    -------------------
                         (clock s00_axi_aclk rise edge)
                                                      0.000     0.000 r  
                                                      0.000     0.000 r  s00_axi_aclk (IN)
                         net (fo=3355, unset)         0.012     0.012    u_my_ip/u_axi4_mapping/s00_axi_aclk
    SLICE_X72Y196        FDRE                                         r  u_my_ip/u_axi4_mapping/core_wr_data_r_reg[19]/C
  -------------------------------------------------------------------    -------------------
    SLICE_X72Y196        FDRE (Prop_DFF2_SLICEL_C_Q)
                                                      0.041     0.053 r  u_my_ip/u_axi4_mapping/core_wr_data_r_reg[19]/Q
                         net (fo=1, routed)           0.059     0.112    u_my_ip/u_axi4_mapping/u_gemv/wr_pipe_data_r_reg[127]_0[19]
    SLICE_X72Y198        FDRE                                         r  u_my_ip/u_axi4_mapping/u_gemv/wr_pipe_data_r_reg[19]/D
  -------------------------------------------------------------------    -------------------

                         (clock s00_axi_aclk rise edge)
                                                      0.000     0.000 r  
                                                      0.000     0.000 r  s00_axi_aclk (IN)
                         net (fo=3355, unset)         0.019     0.019    u_my_ip/u_axi4_mapping/u_gemv/s00_axi_aclk
    SLICE_X72Y198        FDRE                                         r  u_my_ip/u_axi4_mapping/u_gemv/wr_pipe_data_r_reg[19]/C
                         clock pessimism              0.000     0.019    
    SLICE_X72Y198        FDRE (Hold_HFF2_SLICEL_C_D)
                                                      0.047     0.066    u_my_ip/u_axi4_mapping/u_gemv/wr_pipe_data_r_reg[19]
  -------------------------------------------------------------------
                         required time                         -0.066    
                         arrival time                           0.112    
  -------------------------------------------------------------------
                         slack                                  0.046    

Slack (MET) :             0.046ns  (arrival time - required time)
  Source:                 u_my_ip/u_axi4_mapping/map_rd_data_reg[127]/C
                            (rising edge-triggered cell FDRE clocked by s00_axi_aclk  {rise@0.000ns fall@1.666ns period=3.333ns})
  Destination:            u_my_ip/rdata_r_reg[127]/D
                            (rising edge-triggered cell FDRE clocked by s00_axi_aclk  {rise@0.000ns fall@1.666ns period=3.333ns})
  Path Group:             s00_axi_aclk
  Path Type:              Hold (Min at Fast Process Corner)
  Requirement:            0.000ns  (s00_axi_aclk rise@0.000ns - s00_axi_aclk rise@0.000ns)
  Data Path Delay:        0.100ns  (logic 0.040ns (40.000%)  route 0.060ns (60.000%))
  Logic Levels:           0  
  Clock Path Skew:        0.007ns (DCD - SCD - CPR)
    Destination Clock Delay (DCD):    0.019ns
    Source Clock Delay      (SCD):    0.012ns
    Clock Pessimism Removal (CPR):    -0.000ns

    Location             Delay type                Incr(ns)  Path(ns)    Netlist Resource(s)
  -------------------------------------------------------------------    -------------------
                         (clock s00_axi_aclk rise edge)
                                                      0.000     0.000 r  
                                                      0.000     0.000 r  s00_axi_aclk (IN)
                         net (fo=3355, unset)         0.012     0.012    u_my_ip/u_axi4_mapping/s00_axi_aclk
    SLICE_X66Y190        FDRE                                         r  u_my_ip/u_axi4_mapping/map_rd_data_reg[127]/C
  -------------------------------------------------------------------    -------------------
    SLICE_X66Y190        FDRE (Prop_AFF2_SLICEL_C_Q)
                                                      0.040     0.052 r  u_my_ip/u_axi4_mapping/map_rd_data_reg[127]/Q
                         net (fo=1, routed)           0.060     0.112    u_my_ip/map_rd_data[127]
    SLICE_X66Y191        FDRE                                         r  u_my_ip/rdata_r_reg[127]/D
  -------------------------------------------------------------------    -------------------

                         (clock s00_axi_aclk rise edge)
                                                      0.000     0.000 r  
                                                      0.000     0.000 r  s00_axi_aclk (IN)
                         net (fo=3355, unset)         0.019     0.019    u_my_ip/s00_axi_aclk
    SLICE_X66Y191        FDRE                                         r  u_my_ip/rdata_r_reg[127]/C
                         clock pessimism              0.000     0.019    
    SLICE_X66Y191        FDRE (Hold_EFF2_SLICEL_C_D)
                                                      0.047     0.066    u_my_ip/rdata_r_reg[127]
  -------------------------------------------------------------------
                         required time                         -0.066    
                         arrival time                           0.112    
  -------------------------------------------------------------------
                         slack                                  0.046    

Slack (MET) :             0.046ns  (arrival time - required time)
  Source:                 u_my_ip/u_axi4_mapping/map_rd_data_reg[82]/C
                            (rising edge-triggered cell FDRE clocked by s00_axi_aclk  {rise@0.000ns fall@1.666ns period=3.333ns})
  Destination:            u_my_ip/rdata_r_reg[82]/D
                            (rising edge-triggered cell FDRE clocked by s00_axi_aclk  {rise@0.000ns fall@1.666ns period=3.333ns})
  Path Group:             s00_axi_aclk
  Path Type:              Hold (Min at Fast Process Corner)
  Requirement:            0.000ns  (s00_axi_aclk rise@0.000ns - s00_axi_aclk rise@0.000ns)
  Data Path Delay:        0.099ns  (logic 0.039ns (39.394%)  route 0.060ns (60.606%))
  Logic Levels:           0  
  Clock Path Skew:        0.007ns (DCD - SCD - CPR)
    Destination Clock Delay (DCD):    0.019ns
    Source Clock Delay      (SCD):    0.012ns
    Clock Pessimism Removal (CPR):    -0.000ns

    Location             Delay type                Incr(ns)  Path(ns)    Netlist Resource(s)
  -------------------------------------------------------------------    -------------------
                         (clock s00_axi_aclk rise edge)
                                                      0.000     0.000 r  
                                                      0.000     0.000 r  s00_axi_aclk (IN)
                         net (fo=3355, unset)         0.012     0.012    u_my_ip/u_axi4_mapping/s00_axi_aclk
    SLICE_X66Y175        FDRE                                         r  u_my_ip/u_axi4_mapping/map_rd_data_reg[82]/C
  -------------------------------------------------------------------    -------------------
    SLICE_X66Y175        FDRE (Prop_BFF_SLICEL_C_Q)
                                                      0.039     0.051 r  u_my_ip/u_axi4_mapping/map_rd_data_reg[82]/Q
                         net (fo=1, routed)           0.060     0.111    u_my_ip/map_rd_data[82]
    SLICE_X66Y175        FDRE                                         r  u_my_ip/rdata_r_reg[82]/D
  -------------------------------------------------------------------    -------------------

                         (clock s00_axi_aclk rise edge)
                                                      0.000     0.000 r  
                                                      0.000     0.000 r  s00_axi_aclk (IN)
                         net (fo=3355, unset)         0.019     0.019    u_my_ip/s00_axi_aclk
    SLICE_X66Y175        FDRE                                         r  u_my_ip/rdata_r_reg[82]/C
                         clock pessimism              0.000     0.019    
    SLICE_X66Y175        FDRE (Hold_HFF_SLICEL_C_D)
                                                      0.046     0.065    u_my_ip/rdata_r_reg[82]
  -------------------------------------------------------------------
                         required time                         -0.065    
                         arrival time                           0.111    
  -------------------------------------------------------------------
                         slack                                  0.046    

Slack (MET) :             0.047ns  (arrival time - required time)
  Source:                 u_my_ip/u_axi4_mapping/map_rd_data_reg[118]/C
                            (rising edge-triggered cell FDRE clocked by s00_axi_aclk  {rise@0.000ns fall@1.666ns period=3.333ns})
  Destination:            u_my_ip/rdata_r_reg[118]/D
                            (rising edge-triggered cell FDRE clocked by s00_axi_aclk  {rise@0.000ns fall@1.666ns period=3.333ns})
  Path Group:             s00_axi_aclk
  Path Type:              Hold (Min at Fast Process Corner)
  Requirement:            0.000ns  (s00_axi_aclk rise@0.000ns - s00_axi_aclk rise@0.000ns)
  Data Path Delay:        0.100ns  (logic 0.039ns (39.000%)  route 0.061ns (61.000%))
  Logic Levels:           0  
  Clock Path Skew:        0.006ns (DCD - SCD - CPR)
    Destination Clock Delay (DCD):    0.019ns
    Source Clock Delay      (SCD):    0.013ns
    Clock Pessimism Removal (CPR):    -0.000ns

    Location             Delay type                Incr(ns)  Path(ns)    Netlist Resource(s)
  -------------------------------------------------------------------    -------------------
                         (clock s00_axi_aclk rise edge)
                                                      0.000     0.000 r  
                                                      0.000     0.000 r  s00_axi_aclk (IN)
                         net (fo=3355, unset)         0.013     0.013    u_my_ip/u_axi4_mapping/s00_axi_aclk
    SLICE_X67Y188        FDRE                                         r  u_my_ip/u_axi4_mapping/map_rd_data_reg[118]/C
  -------------------------------------------------------------------    -------------------
    SLICE_X67Y188        FDRE (Prop_DFF_SLICEM_C_Q)
                                                      0.039     0.052 r  u_my_ip/u_axi4_mapping/map_rd_data_reg[118]/Q
                         net (fo=1, routed)           0.061     0.113    u_my_ip/map_rd_data[118]
    SLICE_X67Y187        FDRE                                         r  u_my_ip/rdata_r_reg[118]/D
  -------------------------------------------------------------------    -------------------

                         (clock s00_axi_aclk rise edge)
                                                      0.000     0.000 r  
                                                      0.000     0.000 r  s00_axi_aclk (IN)
                         net (fo=3355, unset)         0.019     0.019    u_my_ip/s00_axi_aclk
    SLICE_X67Y187        FDRE                                         r  u_my_ip/rdata_r_reg[118]/C
                         clock pessimism              0.000     0.019    
    SLICE_X67Y187        FDRE (Hold_HFF2_SLICEM_C_D)
                                                      0.047     0.066    u_my_ip/rdata_r_reg[118]
  -------------------------------------------------------------------
                         required time                         -0.066    
                         arrival time                           0.113    
  -------------------------------------------------------------------
                         slack                                  0.047    

Slack (MET) :             0.047ns  (arrival time - required time)
  Source:                 u_my_ip/u_axi4_mapping/map_rd_data_reg[60]/C
                            (rising edge-triggered cell FDRE clocked by s00_axi_aclk  {rise@0.000ns fall@1.666ns period=3.333ns})
  Destination:            u_my_ip/rdata_r_reg[60]/D
                            (rising edge-triggered cell FDRE clocked by s00_axi_aclk  {rise@0.000ns fall@1.666ns period=3.333ns})
  Path Group:             s00_axi_aclk
  Path Type:              Hold (Min at Fast Process Corner)
  Requirement:            0.000ns  (s00_axi_aclk rise@0.000ns - s00_axi_aclk rise@0.000ns)
  Data Path Delay:        0.100ns  (logic 0.039ns (39.000%)  route 0.061ns (61.000%))
  Logic Levels:           0  
  Clock Path Skew:        0.006ns (DCD - SCD - CPR)
    Destination Clock Delay (DCD):    0.019ns
    Source Clock Delay      (SCD):    0.013ns
    Clock Pessimism Removal (CPR):    -0.000ns

    Location             Delay type                Incr(ns)  Path(ns)    Netlist Resource(s)
  -------------------------------------------------------------------    -------------------
                         (clock s00_axi_aclk rise edge)
                                                      0.000     0.000 r  
                                                      0.000     0.000 r  s00_axi_aclk (IN)
                         net (fo=3355, unset)         0.013     0.013    u_my_ip/u_axi4_mapping/s00_axi_aclk
    SLICE_X69Y170        FDRE                                         r  u_my_ip/u_axi4_mapping/map_rd_data_reg[60]/C
  -------------------------------------------------------------------    -------------------
    SLICE_X69Y170        FDRE (Prop_HFF_SLICEL_C_Q)
                                                      0.039     0.052 r  u_my_ip/u_axi4_mapping/map_rd_data_reg[60]/Q
                         net (fo=1, routed)           0.061     0.113    u_my_ip/map_rd_data[60]
    SLICE_X70Y170        FDRE                                         r  u_my_ip/rdata_r_reg[60]/D
  -------------------------------------------------------------------    -------------------

                         (clock s00_axi_aclk rise edge)
                                                      0.000     0.000 r  
                                                      0.000     0.000 r  s00_axi_aclk (IN)
                         net (fo=3355, unset)         0.019     0.019    u_my_ip/s00_axi_aclk
    SLICE_X70Y170        FDRE                                         r  u_my_ip/rdata_r_reg[60]/C
                         clock pessimism              0.000     0.019    
    SLICE_X70Y170        FDRE (Hold_HFF2_SLICEM_C_D)
                                                      0.047     0.066    u_my_ip/rdata_r_reg[60]
  -------------------------------------------------------------------
                         required time                         -0.066    
                         arrival time                           0.113    
  -------------------------------------------------------------------
                         slack                                  0.047    

Slack (MET) :             0.047ns  (arrival time - required time)
  Source:                 u_my_ip/u_axi4_mapping/u_gemv/read_group_last_q_r_reg/C
                            (rising edge-triggered cell FDRE clocked by s00_axi_aclk  {rise@0.000ns fall@1.666ns period=3.333ns})
  Destination:            u_my_ip/u_axi4_mapping/u_gemv/read_group_last_x_r_reg/D
                            (rising edge-triggered cell FDRE clocked by s00_axi_aclk  {rise@0.000ns fall@1.666ns period=3.333ns})
  Path Group:             s00_axi_aclk
  Path Type:              Hold (Min at Fast Process Corner)
  Requirement:            0.000ns  (s00_axi_aclk rise@0.000ns - s00_axi_aclk rise@0.000ns)
  Data Path Delay:        0.100ns  (logic 0.039ns (39.000%)  route 0.061ns (61.000%))
  Logic Levels:           0  
  Clock Path Skew:        0.006ns (DCD - SCD - CPR)
    Destination Clock Delay (DCD):    0.019ns
    Source Clock Delay      (SCD):    0.013ns
    Clock Pessimism Removal (CPR):    -0.000ns

    Location             Delay type                Incr(ns)  Path(ns)    Netlist Resource(s)
  -------------------------------------------------------------------    -------------------
                         (clock s00_axi_aclk rise edge)
                                                      0.000     0.000 r  
                                                      0.000     0.000 r  s00_axi_aclk (IN)
                         net (fo=3355, unset)         0.013     0.013    u_my_ip/u_axi4_mapping/u_gemv/s00_axi_aclk
    SLICE_X73Y178        FDRE                                         r  u_my_ip/u_axi4_mapping/u_gemv/read_group_last_q_r_reg/C
  -------------------------------------------------------------------    -------------------
    SLICE_X73Y178        FDRE (Prop_HFF_SLICEM_C_Q)
                                                      0.039     0.052 r  u_my_ip/u_axi4_mapping/u_gemv/read_group_last_q_r_reg/Q
                         net (fo=1, routed)           0.061     0.113    u_my_ip/u_axi4_mapping/u_gemv/read_group_last_q_r_reg_n_0
    SLICE_X73Y179        FDRE                                         r  u_my_ip/u_axi4_mapping/u_gemv/read_group_last_x_r_reg/D
  -------------------------------------------------------------------    -------------------

                         (clock s00_axi_aclk rise edge)
                                                      0.000     0.000 r  
                                                      0.000     0.000 r  s00_axi_aclk (IN)
                         net (fo=3355, unset)         0.019     0.019    u_my_ip/u_axi4_mapping/u_gemv/s00_axi_aclk
    SLICE_X73Y179        FDRE                                         r  u_my_ip/u_axi4_mapping/u_gemv/read_group_last_x_r_reg/C
                         clock pessimism              0.000     0.019    
    SLICE_X73Y179        FDRE (Hold_HFF2_SLICEM_C_D)
                                                      0.047     0.066    u_my_ip/u_axi4_mapping/u_gemv/read_group_last_x_r_reg
  -------------------------------------------------------------------
                         required time                         -0.066    
                         arrival time                           0.113    
  -------------------------------------------------------------------
                         slack                                  0.047    

Slack (MET) :             0.047ns  (arrival time - required time)
  Source:                 u_my_ip/u_axi4_mapping/core_wr_region_r_reg[0]/C
                            (rising edge-triggered cell FDRE clocked by s00_axi_aclk  {rise@0.000ns fall@1.666ns period=3.333ns})
  Destination:            u_my_ip/u_axi4_mapping/u_gemv/wr_pipe_region_r_reg[0]/D
                            (rising edge-triggered cell FDRE clocked by s00_axi_aclk  {rise@0.000ns fall@1.666ns period=3.333ns})
  Path Group:             s00_axi_aclk
  Path Type:              Hold (Min at Fast Process Corner)
  Requirement:            0.000ns  (s00_axi_aclk rise@0.000ns - s00_axi_aclk rise@0.000ns)
  Data Path Delay:        0.100ns  (logic 0.039ns (39.000%)  route 0.061ns (61.000%))
  Logic Levels:           0  
  Clock Path Skew:        0.006ns (DCD - SCD - CPR)
    Destination Clock Delay (DCD):    0.019ns
    Source Clock Delay      (SCD):    0.013ns
    Clock Pessimism Removal (CPR):    -0.000ns

    Location             Delay type                Incr(ns)  Path(ns)    Netlist Resource(s)
  -------------------------------------------------------------------    -------------------
                         (clock s00_axi_aclk rise edge)
                                                      0.000     0.000 r  
                                                      0.000     0.000 r  s00_axi_aclk (IN)
                         net (fo=3355, unset)         0.013     0.013    u_my_ip/u_axi4_mapping/s00_axi_aclk
    SLICE_X71Y193        FDRE                                         r  u_my_ip/u_axi4_mapping/core_wr_region_r_reg[0]/C
  -------------------------------------------------------------------    -------------------
    SLICE_X71Y193        FDRE (Prop_HFF_SLICEM_C_Q)
                                                      0.039     0.052 r  u_my_ip/u_axi4_mapping/core_wr_region_r_reg[0]/Q
                         net (fo=1, routed)           0.061     0.113    u_my_ip/u_axi4_mapping/u_gemv/wr_pipe_region_r_reg[1]_0[0]
    SLICE_X71Y194        FDRE                                         r  u_my_ip/u_axi4_mapping/u_gemv/wr_pipe_region_r_reg[0]/D
  -------------------------------------------------------------------    -------------------

                         (clock s00_axi_aclk rise edge)
                                                      0.000     0.000 r  
                                                      0.000     0.000 r  s00_axi_aclk (IN)
                         net (fo=3355, unset)         0.019     0.019    u_my_ip/u_axi4_mapping/u_gemv/s00_axi_aclk
    SLICE_X71Y194        FDRE                                         r  u_my_ip/u_axi4_mapping/u_gemv/wr_pipe_region_r_reg[0]/C
                         clock pessimism              0.000     0.019    
    SLICE_X71Y194        FDRE (Hold_BFF2_SLICEM_C_D)
                                                      0.047     0.066    u_my_ip/u_axi4_mapping/u_gemv/wr_pipe_region_r_reg[0]
  -------------------------------------------------------------------
                         required time                         -0.066    
                         arrival time                           0.113    
  -------------------------------------------------------------------
                         slack                                  0.047    

Slack (MET) :             0.048ns  (arrival time - required time)
  Source:                 u_my_ip/u_axi4_mapping/cfg_rows_reg_reg[6]/C
                            (rising edge-triggered cell FDRE clocked by s00_axi_aclk  {rise@0.000ns fall@1.666ns period=3.333ns})
  Destination:            u_my_ip/u_axi4_mapping/u_gemv/active_rows_r_reg[6]/D
                            (rising edge-triggered cell FDRE clocked by s00_axi_aclk  {rise@0.000ns fall@1.666ns period=3.333ns})
  Path Group:             s00_axi_aclk
  Path Type:              Hold (Min at Fast Process Corner)
  Requirement:            0.000ns  (s00_axi_aclk rise@0.000ns - s00_axi_aclk rise@0.000ns)
  Data Path Delay:        0.101ns  (logic 0.037ns (36.749%)  route 0.064ns (63.251%))
  Logic Levels:           0  
  Clock Path Skew:        0.006ns (DCD - SCD - CPR)
    Destination Clock Delay (DCD):    0.019ns
    Source Clock Delay      (SCD):    0.013ns
    Clock Pessimism Removal (CPR):    -0.000ns

    Location             Delay type                Incr(ns)  Path(ns)    Netlist Resource(s)
  -------------------------------------------------------------------    -------------------
                         (clock s00_axi_aclk rise edge)
                                                      0.000     0.000 r  
                                                      0.000     0.000 r  s00_axi_aclk (IN)
                         net (fo=3355, unset)         0.013     0.013    u_my_ip/u_axi4_mapping/s00_axi_aclk
    SLICE_X70Y185        FDRE                                         r  u_my_ip/u_axi4_mapping/cfg_rows_reg_reg[6]/C
  -------------------------------------------------------------------    -------------------
    SLICE_X70Y185        FDRE (Prop_FFF_SLICEM_C_Q)
                                                      0.037     0.050 r  u_my_ip/u_axi4_mapping/cfg_rows_reg_reg[6]/Q
                         net (fo=2, routed)           0.064     0.114    u_my_ip/u_axi4_mapping/u_gemv/rd_pending_reg_data_r_reg[31]_1[6]
    SLICE_X70Y185        FDRE                                         r  u_my_ip/u_axi4_mapping/u_gemv/active_rows_r_reg[6]/D
  -------------------------------------------------------------------    -------------------

                         (clock s00_axi_aclk rise edge)
                                                      0.000     0.000 r  
                                                      0.000     0.000 r  s00_axi_aclk (IN)
                         net (fo=3355, unset)         0.019     0.019    u_my_ip/u_axi4_mapping/u_gemv/s00_axi_aclk
    SLICE_X70Y185        FDRE                                         r  u_my_ip/u_axi4_mapping/u_gemv/active_rows_r_reg[6]/C
                         clock pessimism              0.000     0.019    
    SLICE_X70Y185        FDRE (Hold_AFF2_SLICEM_C_D)
                                                      0.047     0.066    u_my_ip/u_axi4_mapping/u_gemv/active_rows_r_reg[6]
  -------------------------------------------------------------------
                         required time                         -0.066    
                         arrival time                           0.114    
  -------------------------------------------------------------------
                         slack                                  0.048    

Slack (MET) :             0.048ns  (arrival time - required time)
  Source:                 u_my_ip/u_axi4_mapping/u_gemv/u_pmau/inflight_result_count_reg[3]/C
                            (rising edge-triggered cell FDRE clocked by s00_axi_aclk  {rise@0.000ns fall@1.666ns period=3.333ns})
  Destination:            u_my_ip/u_axi4_mapping/u_gemv/u_pmau/inflight_result_count_reg[3]/D
                            (rising edge-triggered cell FDRE clocked by s00_axi_aclk  {rise@0.000ns fall@1.666ns period=3.333ns})
  Path Group:             s00_axi_aclk
  Path Type:              Hold (Min at Fast Process Corner)
  Requirement:            0.000ns  (s00_axi_aclk rise@0.000ns - s00_axi_aclk rise@0.000ns)
  Data Path Delay:        0.100ns  (logic 0.052ns (52.079%)  route 0.048ns (47.921%))
  Logic Levels:           1  (LUT6=1)
  Clock Path Skew:        0.006ns (DCD - SCD - CPR)
    Destination Clock Delay (DCD):    0.019ns
    Source Clock Delay      (SCD):    0.013ns
    Clock Pessimism Removal (CPR):    -0.000ns

    Location             Delay type                Incr(ns)  Path(ns)    Netlist Resource(s)
  -------------------------------------------------------------------    -------------------
                         (clock s00_axi_aclk rise edge)
                                                      0.000     0.000 r  
                                                      0.000     0.000 r  s00_axi_aclk (IN)
                         net (fo=3355, unset)         0.013     0.013    u_my_ip/u_axi4_mapping/u_gemv/u_pmau/s00_axi_aclk
    SLICE_X71Y179        FDRE                                         r  u_my_ip/u_axi4_mapping/u_gemv/u_pmau/inflight_result_count_reg[3]/C
  -------------------------------------------------------------------    -------------------
    SLICE_X71Y179        FDRE (Prop_BFF_SLICEM_C_Q)
                                                      0.038     0.051 r  u_my_ip/u_axi4_mapping/u_gemv/u_pmau/inflight_result_count_reg[3]/Q
                         net (fo=2, routed)           0.027     0.078    u_my_ip/u_axi4_mapping/u_gemv/u_pmau/inflight_result_count_reg[3]
    SLICE_X71Y179        LUT6 (Prop_B6LUT_SLICEM_I4_O)
                                                      0.014     0.092 r  u_my_ip/u_axi4_mapping/u_gemv/u_pmau/inflight_result_count[3]_i_2/O
                         net (fo=1, routed)           0.021     0.113    u_my_ip/u_axi4_mapping/u_gemv/u_pmau/inflight_result_count[3]
    SLICE_X71Y179        FDRE                                         r  u_my_ip/u_axi4_mapping/u_gemv/u_pmau/inflight_result_count_reg[3]/D
  -------------------------------------------------------------------    -------------------

                         (clock s00_axi_aclk rise edge)
                                                      0.000     0.000 r  
                                                      0.000     0.000 r  s00_axi_aclk (IN)
                         net (fo=3355, unset)         0.019     0.019    u_my_ip/u_axi4_mapping/u_gemv/u_pmau/s00_axi_aclk
    SLICE_X71Y179        FDRE                                         r  u_my_ip/u_axi4_mapping/u_gemv/u_pmau/inflight_result_count_reg[3]/C
                         clock pessimism              0.000     0.019    
    SLICE_X71Y179        FDRE (Hold_BFF_SLICEM_C_D)
                                                      0.046     0.065    u_my_ip/u_axi4_mapping/u_gemv/u_pmau/inflight_result_count_reg[3]
  -------------------------------------------------------------------
                         required time                         -0.065    
                         arrival time                           0.113    
  -------------------------------------------------------------------
                         slack                                  0.048    

Slack (MET) :             0.048ns  (arrival time - required time)
  Source:                 u_my_ip/u_axi4_mapping/map_rd_data_reg[22]/C
                            (rising edge-triggered cell FDRE clocked by s00_axi_aclk  {rise@0.000ns fall@1.666ns period=3.333ns})
  Destination:            u_my_ip/rdata_r_reg[22]/D
                            (rising edge-triggered cell FDRE clocked by s00_axi_aclk  {rise@0.000ns fall@1.666ns period=3.333ns})
  Path Group:             s00_axi_aclk
  Path Type:              Hold (Min at Fast Process Corner)
  Requirement:            0.000ns  (s00_axi_aclk rise@0.000ns - s00_axi_aclk rise@0.000ns)
  Data Path Delay:        0.101ns  (logic 0.038ns (37.624%)  route 0.063ns (62.376%))
  Logic Levels:           0  
  Clock Path Skew:        0.006ns (DCD - SCD - CPR)
    Destination Clock Delay (DCD):    0.019ns
    Source Clock Delay      (SCD):    0.013ns
    Clock Pessimism Removal (CPR):    -0.000ns

    Location             Delay type                Incr(ns)  Path(ns)    Netlist Resource(s)
  -------------------------------------------------------------------    -------------------
                         (clock s00_axi_aclk rise edge)
                                                      0.000     0.000 r  
                                                      0.000     0.000 r  s00_axi_aclk (IN)
                         net (fo=3355, unset)         0.013     0.013    u_my_ip/u_axi4_mapping/s00_axi_aclk
    SLICE_X70Y186        FDRE                                         r  u_my_ip/u_axi4_mapping/map_rd_data_reg[22]/C
  -------------------------------------------------------------------    -------------------
    SLICE_X70Y186        FDRE (Prop_CFF_SLICEM_C_Q)
                                                      0.038     0.051 r  u_my_ip/u_axi4_mapping/map_rd_data_reg[22]/Q
                         net (fo=1, routed)           0.063     0.114    u_my_ip/map_rd_data[22]
    SLICE_X70Y186        FDRE                                         r  u_my_ip/rdata_r_reg[22]/D
  -------------------------------------------------------------------    -------------------

                         (clock s00_axi_aclk rise edge)
                                                      0.000     0.000 r  
                                                      0.000     0.000 r  s00_axi_aclk (IN)
                         net (fo=3355, unset)         0.019     0.019    u_my_ip/s00_axi_aclk
    SLICE_X70Y186        FDRE                                         r  u_my_ip/rdata_r_reg[22]/C
                         clock pessimism              0.000     0.019    
    SLICE_X70Y186        FDRE (Hold_HFF2_SLICEM_C_D)
                                                      0.047     0.066    u_my_ip/rdata_r_reg[22]
  -------------------------------------------------------------------
                         required time                         -0.066    
                         arrival time                           0.114    
  -------------------------------------------------------------------
                         slack                                  0.048    

Slack (MET) :             0.048ns  (arrival time - required time)
  Source:                 u_my_ip/map_wr_data_r_reg[74]/C
                            (rising edge-triggered cell FDRE clocked by s00_axi_aclk  {rise@0.000ns fall@1.666ns period=3.333ns})
  Destination:            u_my_ip/u_axi4_mapping/core_wr_data_r_reg[74]/D
                            (rising edge-triggered cell FDRE clocked by s00_axi_aclk  {rise@0.000ns fall@1.666ns period=3.333ns})
  Path Group:             s00_axi_aclk
  Path Type:              Hold (Min at Fast Process Corner)
  Requirement:            0.000ns  (s00_axi_aclk rise@0.000ns - s00_axi_aclk rise@0.000ns)
  Data Path Delay:        0.101ns  (logic 0.038ns (37.624%)  route 0.063ns (62.376%))
  Logic Levels:           0  
  Clock Path Skew:        0.006ns (DCD - SCD - CPR)
    Destination Clock Delay (DCD):    0.019ns
    Source Clock Delay      (SCD):    0.013ns
    Clock Pessimism Removal (CPR):    -0.000ns

    Location             Delay type                Incr(ns)  Path(ns)    Netlist Resource(s)
  -------------------------------------------------------------------    -------------------
                         (clock s00_axi_aclk rise edge)
                                                      0.000     0.000 r  
                                                      0.000     0.000 r  s00_axi_aclk (IN)
                         net (fo=3355, unset)         0.013     0.013    u_my_ip/s00_axi_aclk
    SLICE_X70Y192        FDRE                                         r  u_my_ip/map_wr_data_r_reg[74]/C
  -------------------------------------------------------------------    -------------------
    SLICE_X70Y192        FDRE (Prop_CFF_SLICEM_C_Q)
                                                      0.038     0.051 r  u_my_ip/map_wr_data_r_reg[74]/Q
                         net (fo=1, routed)           0.063     0.114    u_my_ip/u_axi4_mapping/core_wr_data_r_reg[127]_0[74]
    SLICE_X70Y192        FDRE                                         r  u_my_ip/u_axi4_mapping/core_wr_data_r_reg[74]/D
  -------------------------------------------------------------------    -------------------

                         (clock s00_axi_aclk rise edge)
                                                      0.000     0.000 r  
                                                      0.000     0.000 r  s00_axi_aclk (IN)
                         net (fo=3355, unset)         0.019     0.019    u_my_ip/u_axi4_mapping/s00_axi_aclk
    SLICE_X70Y192        FDRE                                         r  u_my_ip/u_axi4_mapping/core_wr_data_r_reg[74]/C
                         clock pessimism              0.000     0.019    
    SLICE_X70Y192        FDRE (Hold_HFF2_SLICEM_C_D)
                                                      0.047     0.066    u_my_ip/u_axi4_mapping/core_wr_data_r_reg[74]
  -------------------------------------------------------------------
                         required time                         -0.066    
                         arrival time                           0.114    
  -------------------------------------------------------------------
                         slack                                  0.048    

Slack (MET) :             0.048ns  (arrival time - required time)
  Source:                 u_my_ip/u_axi4_mapping/map_rd_data_reg[39]/C
                            (rising edge-triggered cell FDRE clocked by s00_axi_aclk  {rise@0.000ns fall@1.666ns period=3.333ns})
  Destination:            u_my_ip/rdata_r_reg[39]/D
                            (rising edge-triggered cell FDRE clocked by s00_axi_aclk  {rise@0.000ns fall@1.666ns period=3.333ns})
  Path Group:             s00_axi_aclk
  Path Type:              Hold (Min at Fast Process Corner)
  Requirement:            0.000ns  (s00_axi_aclk rise@0.000ns - s00_axi_aclk rise@0.000ns)
  Data Path Delay:        0.102ns  (logic 0.041ns (40.196%)  route 0.061ns (59.804%))
  Logic Levels:           0  
  Clock Path Skew:        0.007ns (DCD - SCD - CPR)
    Destination Clock Delay (DCD):    0.019ns
    Source Clock Delay      (SCD):    0.012ns
    Clock Pessimism Removal (CPR):    -0.000ns

    Location             Delay type                Incr(ns)  Path(ns)    Netlist Resource(s)
  -------------------------------------------------------------------    -------------------
                         (clock s00_axi_aclk rise edge)
                                                      0.000     0.000 r  
                                                      0.000     0.000 r  s00_axi_aclk (IN)
                         net (fo=3355, unset)         0.012     0.012    u_my_ip/u_axi4_mapping/s00_axi_aclk
    SLICE_X69Y171        FDRE                                         r  u_my_ip/u_axi4_mapping/map_rd_data_reg[39]/C
  -------------------------------------------------------------------    -------------------
    SLICE_X69Y171        FDRE (Prop_DFF2_SLICEL_C_Q)
                                                      0.041     0.053 r  u_my_ip/u_axi4_mapping/map_rd_data_reg[39]/Q
                         net (fo=1, routed)           0.061     0.114    u_my_ip/map_rd_data[39]
    SLICE_X69Y169        FDRE                                         r  u_my_ip/rdata_r_reg[39]/D
  -------------------------------------------------------------------    -------------------

                         (clock s00_axi_aclk rise edge)
                                                      0.000     0.000 r  
                                                      0.000     0.000 r  s00_axi_aclk (IN)
                         net (fo=3355, unset)         0.019     0.019    u_my_ip/s00_axi_aclk
    SLICE_X69Y169        FDRE                                         r  u_my_ip/rdata_r_reg[39]/C
                         clock pessimism              0.000     0.019    
    SLICE_X69Y169        FDRE (Hold_EFF2_SLICEL_C_D)
                                                      0.047     0.066    u_my_ip/rdata_r_reg[39]
  -------------------------------------------------------------------
                         required time                         -0.066    
                         arrival time                           0.114    
  -------------------------------------------------------------------
                         slack                                  0.048    

Slack (MET) :             0.048ns  (arrival time - required time)
  Source:                 u_my_ip/u_axi4_mapping/map_rd_data_reg[99]/C
                            (rising edge-triggered cell FDRE clocked by s00_axi_aclk  {rise@0.000ns fall@1.666ns period=3.333ns})
  Destination:            u_my_ip/rdata_r_reg[99]/D
                            (rising edge-triggered cell FDRE clocked by s00_axi_aclk  {rise@0.000ns fall@1.666ns period=3.333ns})
  Path Group:             s00_axi_aclk
  Path Type:              Hold (Min at Fast Process Corner)
  Requirement:            0.000ns  (s00_axi_aclk rise@0.000ns - s00_axi_aclk rise@0.000ns)
  Data Path Delay:        0.101ns  (logic 0.041ns (40.594%)  route 0.060ns (59.406%))
  Logic Levels:           0  
  Clock Path Skew:        0.006ns (DCD - SCD - CPR)
    Destination Clock Delay (DCD):    0.019ns
    Source Clock Delay      (SCD):    0.013ns
    Clock Pessimism Removal (CPR):    -0.000ns

    Location             Delay type                Incr(ns)  Path(ns)    Netlist Resource(s)
  -------------------------------------------------------------------    -------------------
                         (clock s00_axi_aclk rise edge)
                                                      0.000     0.000 r  
                                                      0.000     0.000 r  s00_axi_aclk (IN)
                         net (fo=3355, unset)         0.013     0.013    u_my_ip/u_axi4_mapping/s00_axi_aclk
    SLICE_X67Y190        FDRE                                         r  u_my_ip/u_axi4_mapping/map_rd_data_reg[99]/C
  -------------------------------------------------------------------    -------------------
    SLICE_X67Y190        FDRE (Prop_DFF2_SLICEM_C_Q)
                                                      0.041     0.054 r  u_my_ip/u_axi4_mapping/map_rd_data_reg[99]/Q
                         net (fo=1, routed)           0.060     0.114    u_my_ip/map_rd_data[99]
    SLICE_X66Y190        FDRE                                         r  u_my_ip/rdata_r_reg[99]/D
  -------------------------------------------------------------------    -------------------

                         (clock s00_axi_aclk rise edge)
                                                      0.000     0.000 r  
                                                      0.000     0.000 r  s00_axi_aclk (IN)
                         net (fo=3355, unset)         0.019     0.019    u_my_ip/s00_axi_aclk
    SLICE_X66Y190        FDRE                                         r  u_my_ip/rdata_r_reg[99]/C
                         clock pessimism              0.000     0.019    
    SLICE_X66Y190        FDRE (Hold_HFF2_SLICEL_C_D)
                                                      0.047     0.066    u_my_ip/rdata_r_reg[99]
  -------------------------------------------------------------------
                         required time                         -0.066    
                         arrival time                           0.114    
  -------------------------------------------------------------------
                         slack                                  0.048    





Pulse Width Checks
--------------------------------------------------------------------------------------
Clock Name:         s00_axi_aclk
Waveform(ns):       { 0.000 1.666 }
Period(ns):         3.333
Sources:            { s00_axi_aclk }

Check Type        Corner  Lib Pin             Reference Pin  Required(ns)  Actual(ns)  Slack(ns)  Location      Pin
Min Period        n/a     RAMB36E2/CLKARDCLK  n/a            1.569         3.333       1.764      RAMB36_X1Y41  u_my_ip/u_axi4_mapping/u_gemv/GEN_WEIGHT_BANK[0].u_weight_bram_bank/mem_reg_0_bram_0/CLKARDCLK
Min Period        n/a     RAMB36E2/CLKBWRCLK  n/a            1.569         3.333       1.764      RAMB36_X1Y41  u_my_ip/u_axi4_mapping/u_gemv/GEN_WEIGHT_BANK[0].u_weight_bram_bank/mem_reg_0_bram_0/CLKBWRCLK
Min Period        n/a     RAMB36E2/CLKARDCLK  n/a            1.569         3.333       1.764      RAMB36_X1Y42  u_my_ip/u_axi4_mapping/u_gemv/GEN_WEIGHT_BANK[0].u_weight_bram_bank/mem_reg_0_bram_1/CLKARDCLK
Min Period        n/a     RAMB36E2/CLKBWRCLK  n/a            1.569         3.333       1.764      RAMB36_X1Y42  u_my_ip/u_axi4_mapping/u_gemv/GEN_WEIGHT_BANK[0].u_weight_bram_bank/mem_reg_0_bram_1/CLKBWRCLK
Min Period        n/a     RAMB36E2/CLKARDCLK  n/a            1.569         3.333       1.764      RAMB36_X1Y39  u_my_ip/u_axi4_mapping/u_gemv/GEN_WEIGHT_BANK[0].u_weight_bram_bank/mem_reg_1_bram_0/CLKARDCLK
Min Period        n/a     RAMB36E2/CLKBWRCLK  n/a            1.569         3.333       1.764      RAMB36_X1Y39  u_my_ip/u_axi4_mapping/u_gemv/GEN_WEIGHT_BANK[0].u_weight_bram_bank/mem_reg_1_bram_0/CLKBWRCLK
Min Period        n/a     RAMB36E2/CLKARDCLK  n/a            1.569         3.333       1.764      RAMB36_X1Y40  u_my_ip/u_axi4_mapping/u_gemv/GEN_WEIGHT_BANK[0].u_weight_bram_bank/mem_reg_1_bram_1/CLKARDCLK
Min Period        n/a     RAMB36E2/CLKBWRCLK  n/a            1.569         3.333       1.764      RAMB36_X1Y40  u_my_ip/u_axi4_mapping/u_gemv/GEN_WEIGHT_BANK[0].u_weight_bram_bank/mem_reg_1_bram_1/CLKBWRCLK
Min Period        n/a     RAMB36E2/CLKARDCLK  n/a            1.569         3.333       1.764      RAMB36_X2Y40  u_my_ip/u_axi4_mapping/u_gemv/GEN_WEIGHT_BANK[0].u_weight_bram_bank/mem_reg_2_bram_0/CLKARDCLK
Min Period        n/a     RAMB36E2/CLKBWRCLK  n/a            1.569         3.333       1.764      RAMB36_X2Y40  u_my_ip/u_axi4_mapping/u_gemv/GEN_WEIGHT_BANK[0].u_weight_bram_bank/mem_reg_2_bram_0/CLKBWRCLK
Min Period        n/a     RAMB36E2/CLKARDCLK  n/a            1.569         3.333       1.764      RAMB36_X2Y41  u_my_ip/u_axi4_mapping/u_gemv/GEN_WEIGHT_BANK[0].u_weight_bram_bank/mem_reg_2_bram_1/CLKARDCLK
Min Period        n/a     RAMB36E2/CLKBWRCLK  n/a            1.569         3.333       1.764      RAMB36_X2Y41  u_my_ip/u_axi4_mapping/u_gemv/GEN_WEIGHT_BANK[0].u_weight_bram_bank/mem_reg_2_bram_1/CLKBWRCLK
Min Period        n/a     RAMB36E2/CLKARDCLK  n/a            1.569         3.333       1.764      RAMB36_X1Y37  u_my_ip/u_axi4_mapping/u_gemv/GEN_WEIGHT_BANK[0].u_weight_bram_bank/mem_reg_3_bram_0/CLKARDCLK
Min Period        n/a     RAMB36E2/CLKBWRCLK  n/a            1.569         3.333       1.764      RAMB36_X1Y37  u_my_ip/u_axi4_mapping/u_gemv/GEN_WEIGHT_BANK[0].u_weight_bram_bank/mem_reg_3_bram_0/CLKBWRCLK
Min Period        n/a     RAMB36E2/CLKARDCLK  n/a            1.569         3.333       1.764      RAMB36_X1Y38  u_my_ip/u_axi4_mapping/u_gemv/GEN_WEIGHT_BANK[0].u_weight_bram_bank/mem_reg_3_bram_1/CLKARDCLK
Min Period        n/a     RAMB36E2/CLKBWRCLK  n/a            1.569         3.333       1.764      RAMB36_X1Y38  u_my_ip/u_axi4_mapping/u_gemv/GEN_WEIGHT_BANK[0].u_weight_bram_bank/mem_reg_3_bram_1/CLKBWRCLK
Min Period        n/a     RAMB36E2/CLKARDCLK  n/a            1.569         3.333       1.764      RAMB36_X3Y41  u_my_ip/u_axi4_mapping/u_gemv/GEN_WEIGHT_BANK[1].u_weight_bram_bank/mem_reg_0_bram_0/CLKARDCLK
Min Period        n/a     RAMB36E2/CLKBWRCLK  n/a            1.569         3.333       1.764      RAMB36_X3Y41  u_my_ip/u_axi4_mapping/u_gemv/GEN_WEIGHT_BANK[1].u_weight_bram_bank/mem_reg_0_bram_0/CLKBWRCLK
Min Period        n/a     RAMB36E2/CLKARDCLK  n/a            1.569         3.333       1.764      RAMB36_X3Y42  u_my_ip/u_axi4_mapping/u_gemv/GEN_WEIGHT_BANK[1].u_weight_bram_bank/mem_reg_0_bram_1/CLKARDCLK
Min Period        n/a     RAMB36E2/CLKBWRCLK  n/a            1.569         3.333       1.764      RAMB36_X3Y42  u_my_ip/u_axi4_mapping/u_gemv/GEN_WEIGHT_BANK[1].u_weight_bram_bank/mem_reg_0_bram_1/CLKBWRCLK
Low Pulse Width   Slow    RAMB36E2/CLKARDCLK  n/a            0.542         1.666       1.124      RAMB36_X1Y41  u_my_ip/u_axi4_mapping/u_gemv/GEN_WEIGHT_BANK[0].u_weight_bram_bank/mem_reg_0_bram_0/CLKARDCLK
Low Pulse Width   Fast    RAMB36E2/CLKARDCLK  n/a            0.542         1.666       1.124      RAMB36_X1Y41  u_my_ip/u_axi4_mapping/u_gemv/GEN_WEIGHT_BANK[0].u_weight_bram_bank/mem_reg_0_bram_0/CLKARDCLK
Low Pulse Width   Slow    RAMB36E2/CLKBWRCLK  n/a            0.542         1.666       1.124      RAMB36_X1Y41  u_my_ip/u_axi4_mapping/u_gemv/GEN_WEIGHT_BANK[0].u_weight_bram_bank/mem_reg_0_bram_0/CLKBWRCLK
Low Pulse Width   Fast    RAMB36E2/CLKBWRCLK  n/a            0.542         1.666       1.124      RAMB36_X1Y41  u_my_ip/u_axi4_mapping/u_gemv/GEN_WEIGHT_BANK[0].u_weight_bram_bank/mem_reg_0_bram_0/CLKBWRCLK
Low Pulse Width   Slow    RAMB36E2/CLKARDCLK  n/a            0.542         1.666       1.124      RAMB36_X1Y42  u_my_ip/u_axi4_mapping/u_gemv/GEN_WEIGHT_BANK[0].u_weight_bram_bank/mem_reg_0_bram_1/CLKARDCLK
Low Pulse Width   Fast    RAMB36E2/CLKARDCLK  n/a            0.542         1.666       1.124      RAMB36_X1Y42  u_my_ip/u_axi4_mapping/u_gemv/GEN_WEIGHT_BANK[0].u_weight_bram_bank/mem_reg_0_bram_1/CLKARDCLK
Low Pulse Width   Slow    RAMB36E2/CLKBWRCLK  n/a            0.542         1.666       1.124      RAMB36_X1Y42  u_my_ip/u_axi4_mapping/u_gemv/GEN_WEIGHT_BANK[0].u_weight_bram_bank/mem_reg_0_bram_1/CLKBWRCLK
Low Pulse Width   Fast    RAMB36E2/CLKBWRCLK  n/a            0.542         1.666       1.124      RAMB36_X1Y42  u_my_ip/u_axi4_mapping/u_gemv/GEN_WEIGHT_BANK[0].u_weight_bram_bank/mem_reg_0_bram_1/CLKBWRCLK
Low Pulse Width   Slow    RAMB36E2/CLKARDCLK  n/a            0.542         1.666       1.124      RAMB36_X1Y39  u_my_ip/u_axi4_mapping/u_gemv/GEN_WEIGHT_BANK[0].u_weight_bram_bank/mem_reg_1_bram_0/CLKARDCLK
Low Pulse Width   Fast    RAMB36E2/CLKARDCLK  n/a            0.542         1.666       1.124      RAMB36_X1Y39  u_my_ip/u_axi4_mapping/u_gemv/GEN_WEIGHT_BANK[0].u_weight_bram_bank/mem_reg_1_bram_0/CLKARDCLK
Low Pulse Width   Slow    RAMB36E2/CLKBWRCLK  n/a            0.542         1.666       1.124      RAMB36_X1Y39  u_my_ip/u_axi4_mapping/u_gemv/GEN_WEIGHT_BANK[0].u_weight_bram_bank/mem_reg_1_bram_0/CLKBWRCLK
Low Pulse Width   Fast    RAMB36E2/CLKBWRCLK  n/a            0.542         1.666       1.124      RAMB36_X1Y39  u_my_ip/u_axi4_mapping/u_gemv/GEN_WEIGHT_BANK[0].u_weight_bram_bank/mem_reg_1_bram_0/CLKBWRCLK
Low Pulse Width   Slow    RAMB36E2/CLKARDCLK  n/a            0.542         1.666       1.124      RAMB36_X1Y40  u_my_ip/u_axi4_mapping/u_gemv/GEN_WEIGHT_BANK[0].u_weight_bram_bank/mem_reg_1_bram_1/CLKARDCLK
Low Pulse Width   Fast    RAMB36E2/CLKARDCLK  n/a            0.542         1.666       1.124      RAMB36_X1Y40  u_my_ip/u_axi4_mapping/u_gemv/GEN_WEIGHT_BANK[0].u_weight_bram_bank/mem_reg_1_bram_1/CLKARDCLK
Low Pulse Width   Slow    RAMB36E2/CLKBWRCLK  n/a            0.542         1.666       1.124      RAMB36_X1Y40  u_my_ip/u_axi4_mapping/u_gemv/GEN_WEIGHT_BANK[0].u_weight_bram_bank/mem_reg_1_bram_1/CLKBWRCLK
Low Pulse Width   Fast    RAMB36E2/CLKBWRCLK  n/a            0.542         1.666       1.124      RAMB36_X1Y40  u_my_ip/u_axi4_mapping/u_gemv/GEN_WEIGHT_BANK[0].u_weight_bram_bank/mem_reg_1_bram_1/CLKBWRCLK
Low Pulse Width   Slow    RAMB36E2/CLKARDCLK  n/a            0.542         1.666       1.124      RAMB36_X2Y40  u_my_ip/u_axi4_mapping/u_gemv/GEN_WEIGHT_BANK[0].u_weight_bram_bank/mem_reg_2_bram_0/CLKARDCLK
Low Pulse Width   Fast    RAMB36E2/CLKARDCLK  n/a            0.542         1.666       1.124      RAMB36_X2Y40  u_my_ip/u_axi4_mapping/u_gemv/GEN_WEIGHT_BANK[0].u_weight_bram_bank/mem_reg_2_bram_0/CLKARDCLK
Low Pulse Width   Slow    RAMB36E2/CLKBWRCLK  n/a            0.542         1.666       1.124      RAMB36_X2Y40  u_my_ip/u_axi4_mapping/u_gemv/GEN_WEIGHT_BANK[0].u_weight_bram_bank/mem_reg_2_bram_0/CLKBWRCLK
Low Pulse Width   Fast    RAMB36E2/CLKBWRCLK  n/a            0.542         1.666       1.124      RAMB36_X2Y40  u_my_ip/u_axi4_mapping/u_gemv/GEN_WEIGHT_BANK[0].u_weight_bram_bank/mem_reg_2_bram_0/CLKBWRCLK
High Pulse Width  Slow    RAMB36E2/CLKARDCLK  n/a            0.542         1.666       1.124      RAMB36_X1Y41  u_my_ip/u_axi4_mapping/u_gemv/GEN_WEIGHT_BANK[0].u_weight_bram_bank/mem_reg_0_bram_0/CLKARDCLK
High Pulse Width  Fast    RAMB36E2/CLKARDCLK  n/a            0.542         1.666       1.124      RAMB36_X1Y41  u_my_ip/u_axi4_mapping/u_gemv/GEN_WEIGHT_BANK[0].u_weight_bram_bank/mem_reg_0_bram_0/CLKARDCLK
High Pulse Width  Slow    RAMB36E2/CLKBWRCLK  n/a            0.542         1.666       1.124      RAMB36_X1Y41  u_my_ip/u_axi4_mapping/u_gemv/GEN_WEIGHT_BANK[0].u_weight_bram_bank/mem_reg_0_bram_0/CLKBWRCLK
High Pulse Width  Fast    RAMB36E2/CLKBWRCLK  n/a            0.542         1.666       1.124      RAMB36_X1Y41  u_my_ip/u_axi4_mapping/u_gemv/GEN_WEIGHT_BANK[0].u_weight_bram_bank/mem_reg_0_bram_0/CLKBWRCLK
High Pulse Width  Slow    RAMB36E2/CLKARDCLK  n/a            0.542         1.666       1.124      RAMB36_X1Y42  u_my_ip/u_axi4_mapping/u_gemv/GEN_WEIGHT_BANK[0].u_weight_bram_bank/mem_reg_0_bram_1/CLKARDCLK
High Pulse Width  Fast    RAMB36E2/CLKARDCLK  n/a            0.542         1.666       1.124      RAMB36_X1Y42  u_my_ip/u_axi4_mapping/u_gemv/GEN_WEIGHT_BANK[0].u_weight_bram_bank/mem_reg_0_bram_1/CLKARDCLK
High Pulse Width  Slow    RAMB36E2/CLKBWRCLK  n/a            0.542         1.666       1.124      RAMB36_X1Y42  u_my_ip/u_axi4_mapping/u_gemv/GEN_WEIGHT_BANK[0].u_weight_bram_bank/mem_reg_0_bram_1/CLKBWRCLK
High Pulse Width  Fast    RAMB36E2/CLKBWRCLK  n/a            0.542         1.666       1.124      RAMB36_X1Y42  u_my_ip/u_axi4_mapping/u_gemv/GEN_WEIGHT_BANK[0].u_weight_bram_bank/mem_reg_0_bram_1/CLKBWRCLK
High Pulse Width  Slow    RAMB36E2/CLKARDCLK  n/a            0.542         1.666       1.124      RAMB36_X1Y39  u_my_ip/u_axi4_mapping/u_gemv/GEN_WEIGHT_BANK[0].u_weight_bram_bank/mem_reg_1_bram_0/CLKARDCLK
High Pulse Width  Fast    RAMB36E2/CLKARDCLK  n/a            0.542         1.666       1.124      RAMB36_X1Y39  u_my_ip/u_axi4_mapping/u_gemv/GEN_WEIGHT_BANK[0].u_weight_bram_bank/mem_reg_1_bram_0/CLKARDCLK
High Pulse Width  Slow    RAMB36E2/CLKBWRCLK  n/a            0.542         1.666       1.124      RAMB36_X1Y39  u_my_ip/u_axi4_mapping/u_gemv/GEN_WEIGHT_BANK[0].u_weight_bram_bank/mem_reg_1_bram_0/CLKBWRCLK
High Pulse Width  Fast    RAMB36E2/CLKBWRCLK  n/a            0.542         1.666       1.124      RAMB36_X1Y39  u_my_ip/u_axi4_mapping/u_gemv/GEN_WEIGHT_BANK[0].u_weight_bram_bank/mem_reg_1_bram_0/CLKBWRCLK
High Pulse Width  Slow    RAMB36E2/CLKARDCLK  n/a            0.542         1.666       1.124      RAMB36_X1Y40  u_my_ip/u_axi4_mapping/u_gemv/GEN_WEIGHT_BANK[0].u_weight_bram_bank/mem_reg_1_bram_1/CLKARDCLK
High Pulse Width  Fast    RAMB36E2/CLKARDCLK  n/a            0.542         1.666       1.124      RAMB36_X1Y40  u_my_ip/u_axi4_mapping/u_gemv/GEN_WEIGHT_BANK[0].u_weight_bram_bank/mem_reg_1_bram_1/CLKARDCLK
High Pulse Width  Slow    RAMB36E2/CLKBWRCLK  n/a            0.542         1.666       1.124      RAMB36_X1Y40  u_my_ip/u_axi4_mapping/u_gemv/GEN_WEIGHT_BANK[0].u_weight_bram_bank/mem_reg_1_bram_1/CLKBWRCLK
High Pulse Width  Fast    RAMB36E2/CLKBWRCLK  n/a            0.542         1.666       1.124      RAMB36_X1Y40  u_my_ip/u_axi4_mapping/u_gemv/GEN_WEIGHT_BANK[0].u_weight_bram_bank/mem_reg_1_bram_1/CLKBWRCLK
High Pulse Width  Slow    RAMB36E2/CLKARDCLK  n/a            0.542         1.666       1.124      RAMB36_X2Y40  u_my_ip/u_axi4_mapping/u_gemv/GEN_WEIGHT_BANK[0].u_weight_bram_bank/mem_reg_2_bram_0/CLKARDCLK
High Pulse Width  Fast    RAMB36E2/CLKARDCLK  n/a            0.542         1.666       1.124      RAMB36_X2Y40  u_my_ip/u_axi4_mapping/u_gemv/GEN_WEIGHT_BANK[0].u_weight_bram_bank/mem_reg_2_bram_0/CLKARDCLK
High Pulse Width  Slow    RAMB36E2/CLKBWRCLK  n/a            0.542         1.666       1.124      RAMB36_X2Y40  u_my_ip/u_axi4_mapping/u_gemv/GEN_WEIGHT_BANK[0].u_weight_bram_bank/mem_reg_2_bram_0/CLKBWRCLK
High Pulse Width  Fast    RAMB36E2/CLKBWRCLK  n/a            0.542         1.666       1.124      RAMB36_X2Y40  u_my_ip/u_axi4_mapping/u_gemv/GEN_WEIGHT_BANK[0].u_weight_bram_bank/mem_reg_2_bram_0/CLKBWRCLK



