Copyright 1986-2022 Xilinx, Inc. All Rights Reserved.
----------------------------------------------------------------------------------------------------------------------------------------------------------------
| Tool Version      : Vivado v.2022.2 (win64) Build 3671981 Fri Oct 14 05:00:03 MDT 2022
| Date              : Mon Jun 15 12:00:19 2026
| Host              : Cuong-Desktop running 64-bit major release  (build 9200)
| Command           : report_timing_summary -delay_type min_max -max_paths 20 -file D:/DOAN/DATN_RTL/DATN_VIVADO/manual_sim/current_rtl_synth_timing_300mhz.rpt
| Design            : VPU_Top
| Device            : xczu7ev-ffvc1156
| Speed File        : -2  PRODUCTION 1.30 05-15-2022
| Temperature Grade : E
----------------------------------------------------------------------------------------------------------------------------------------------------------------

Timing Summary Report

------------------------------------------------------------------------------------------------
| Timer Settings
| --------------
------------------------------------------------------------------------------------------------

  Enable Multi Corner Analysis               :  Yes
  Enable Pessimism Removal                   :  Yes
  Pessimism Removal Resolution               :  Nearest Common Node
  Enable Input Delay Default Clock           :  No
  Enable Preset / Clear Arcs                 :  No
  Disable Flight Delays                      :  No
  Ignore I/O Paths                           :  No
  Timing Early Launch at Borrowing Latches   :  No
  Borrow Time for Max Delay Exceptions       :  Yes
  Merge Timing Exceptions                    :  Yes

  Corner  Analyze    Analyze    
  Name    Max Paths  Min Paths  
  ------  ---------  ---------  
  Slow    Yes        Yes        
  Fast    Yes        Yes        


------------------------------------------------------------------------------------------------
| Report Methodology
| ------------------
------------------------------------------------------------------------------------------------

No report available as report_methodology has not been run prior. Run report_methodology on the current design for the summary of methodology violations.



check_timing report

Table of Contents
-----------------
1. checking no_clock (0)
2. checking constant_clock (0)
3. checking pulse_width_clock (0)
4. checking unconstrained_internal_endpoints (0)
5. checking no_input_delay (259)
6. checking no_output_delay (137)
7. checking multiple_clock (0)
8. checking generated_clocks (0)
9. checking loops (0)
10. checking partial_input_delay (0)
11. checking partial_output_delay (0)
12. checking latch_loops (0)

1. checking no_clock (0)
------------------------
 There are 0 register/latch pins with no clock.


2. checking constant_clock (0)
------------------------------
 There are 0 register/latch pins with constant_clock.


3. checking pulse_width_clock (0)
---------------------------------
 There are 0 register/latch pins which need pulse_width check


4. checking unconstrained_internal_endpoints (0)
------------------------------------------------
 There are 0 pins that are not constrained for maximum delay.

 There are 0 pins that are not constrained for maximum delay due to constant clock.


5. checking no_input_delay (259)
--------------------------------
 There are 259 input ports with no input delay specified. (HIGH)

 There are 0 input ports with no input delay but user has a false path constraint.


6. checking no_output_delay (137)
---------------------------------
 There are 137 ports with no output delay specified. (HIGH)

 There are 0 ports with no output delay but user has a false path constraint

 There are 0 ports with no output delay but with a timing clock defined on it or propagating through it


7. checking multiple_clock (0)
------------------------------
 There are 0 register/latch pins with multiple clocks.


8. checking generated_clocks (0)
--------------------------------
 There are 0 generated clocks that are not connected to a clock source.


9. checking loops (0)
---------------------
 There are 0 combinational loops in the design.


10. checking partial_input_delay (0)
------------------------------------
 There are 0 input ports with partial input delay specified.


11. checking partial_output_delay (0)
-------------------------------------
 There are 0 ports with partial output delay specified.


12. checking latch_loops (0)
----------------------------
 There are 0 combinational latch loops in the design through latch input



------------------------------------------------------------------------------------------------
| Design Timing Summary
| ---------------------
------------------------------------------------------------------------------------------------

    WNS(ns)      TNS(ns)  TNS Failing Endpoints  TNS Total Endpoints      WHS(ns)      THS(ns)  THS Failing Endpoints  THS Total Endpoints     WPWS(ns)     TPWS(ns)  TPWS Failing Endpoints  TPWS Total Endpoints  
    -------      -------  ---------------------  -------------------      -------      -------  ---------------------  -------------------     --------     --------  ----------------------  --------------------  
      0.607        0.000                      0                10155        0.046        0.000                      0                10155        1.124        0.000                       0                  3266  


All user specified timing constraints are met.


------------------------------------------------------------------------------------------------
| Clock Summary
| -------------
------------------------------------------------------------------------------------------------

Clock         Waveform(ns)         Period(ns)      Frequency(MHz)
-----         ------------         ----------      --------------
s00_axi_aclk  {0.000 1.666}        3.333           300.030         


------------------------------------------------------------------------------------------------
| Intra Clock Table
| -----------------
------------------------------------------------------------------------------------------------

Clock             WNS(ns)      TNS(ns)  TNS Failing Endpoints  TNS Total Endpoints      WHS(ns)      THS(ns)  THS Failing Endpoints  THS Total Endpoints     WPWS(ns)     TPWS(ns)  TPWS Failing Endpoints  TPWS Total Endpoints  
-----             -------      -------  ---------------------  -------------------      -------      -------  ---------------------  -------------------     --------     --------  ----------------------  --------------------  
s00_axi_aclk        0.607        0.000                      0                10155        0.046        0.000                      0                10155        1.124        0.000                       0                  3266  


------------------------------------------------------------------------------------------------
| Inter Clock Table
| -----------------
------------------------------------------------------------------------------------------------

From Clock    To Clock          WNS(ns)      TNS(ns)  TNS Failing Endpoints  TNS Total Endpoints      WHS(ns)      THS(ns)  THS Failing Endpoints  THS Total Endpoints  
----------    --------          -------      -------  ---------------------  -------------------      -------      -------  ---------------------  -------------------  


------------------------------------------------------------------------------------------------
| Other Path Groups Table
| -----------------------
------------------------------------------------------------------------------------------------

Path Group    From Clock    To Clock          WNS(ns)      TNS(ns)  TNS Failing Endpoints  TNS Total Endpoints      WHS(ns)      THS(ns)  THS Failing Endpoints  THS Total Endpoints  
----------    ----------    --------          -------      -------  ---------------------  -------------------      -------      -------  ---------------------  -------------------  


------------------------------------------------------------------------------------------------
| Timing Details
| --------------
------------------------------------------------------------------------------------------------


---------------------------------------------------------------------------------------------------
From Clock:  s00_axi_aclk
  To Clock:  s00_axi_aclk

Setup :            0  Failing Endpoints,  Worst Slack        0.607ns,  Total Violation        0.000ns
Hold  :            0  Failing Endpoints,  Worst Slack        0.046ns,  Total Violation        0.000ns
PW    :            0  Failing Endpoints,  Worst Slack        1.124ns,  Total Violation        0.000ns
---------------------------------------------------------------------------------------------------


Max Delay Paths
--------------------------------------------------------------------------------------
Slack (MET) :             0.607ns  (required time - arrival time)
  Source:                 u_my_ip/map_wr_addr_r_reg[33]/C
                            (rising edge-triggered cell FDRE clocked by s00_axi_aclk  {rise@0.000ns fall@1.666ns period=3.333ns})
  Destination:            u_my_ip/u_axi4_mapping/core_wr_region_r_reg[0]/CE
                            (rising edge-triggered cell FDRE clocked by s00_axi_aclk  {rise@0.000ns fall@1.666ns period=3.333ns})
  Path Group:             s00_axi_aclk
  Path Type:              Setup (Max at Slow Process Corner)
  Requirement:            3.333ns  (s00_axi_aclk rise@3.333ns - s00_axi_aclk rise@0.000ns)
  Data Path Delay:        2.621ns  (logic 0.764ns (29.149%)  route 1.857ns (70.851%))
  Logic Levels:           11  (CARRY8=2 LUT1=1 LUT2=1 LUT3=1 LUT4=2 LUT5=2 LUT6=2)
  Clock Path Skew:        -0.009ns (DCD - SCD + CPR)
    Destination Clock Delay (DCD):    0.021ns = ( 3.354 - 3.333 ) 
    Source Clock Delay      (SCD):    0.030ns
    Clock Pessimism Removal (CPR):    0.000ns
  Clock Uncertainty:      0.035ns  ((TSJ^2 + TIJ^2)^1/2 + DJ) / 2 + PE
    Total System Jitter     (TSJ):    0.071ns
    Total Input Jitter      (TIJ):    0.000ns
    Discrete Jitter          (DJ):    0.000ns
    Phase Error              (PE):    0.000ns

    Location             Delay type                Incr(ns)  Path(ns)    Netlist Resource(s)
  -------------------------------------------------------------------    -------------------
                         (clock s00_axi_aclk rise edge)
                                                      0.000     0.000 r  
                                                      0.000     0.000 r  s00_axi_aclk (IN)
                         net (fo=3355, unset)         0.030     0.030    u_my_ip/s00_axi_aclk
                         FDRE                                         r  u_my_ip/map_wr_addr_r_reg[33]/C
  -------------------------------------------------------------------    -------------------
                         FDRE (Prop_FDRE_C_Q)         0.077     0.107 f  u_my_ip/map_wr_addr_r_reg[33]/Q
                         net (fo=1, unplaced)         0.092     0.199    u_my_ip/u_axi4_mapping/i__carry__0_i_12__0_0[33]
                         LUT4 (Prop_LUT4_I0_O)        0.100     0.299 f  u_my_ip/u_axi4_mapping/i__carry__0_i_17/O
                         net (fo=1, unplaced)         0.186     0.485    u_my_ip/u_axi4_mapping/i__carry__0_i_17_n_0
                         LUT5 (Prop_LUT5_I4_O)        0.038     0.523 r  u_my_ip/u_axi4_mapping/i__carry__0_i_12__0/O
                         net (fo=16, unplaced)        0.181     0.704    u_my_ip/u_axi4_mapping/map_wr_addr_r_reg[30]
                         LUT3 (Prop_LUT3_I1_O)        0.100     0.804 f  u_my_ip/u_axi4_mapping/i__carry__0_i_15__0/O
                         net (fo=4, unplaced)         0.198     1.002    u_my_ip/u_axi4_mapping/local32_return[0]
                         LUT1 (Prop_LUT1_I0_O)        0.037     1.039 r  u_my_ip/u_axi4_mapping/i__carry__0_i_6__0/O
                         net (fo=1, unplaced)         0.029     1.068    u_my_ip/u_axi4_mapping/i__carry__0_i_6__0_n_0
                         CARRY8 (Prop_CARRY8_S[5]_CO[7])
                                                      0.166     1.234 r  u_my_ip/u_axi4_mapping/mem_index1_inferred__4/i__carry__0/CO[7]
                         net (fo=1, unplaced)         0.005     1.239    u_my_ip/u_axi4_mapping/mem_index1_inferred__4/i__carry__0_n_0
                         CARRY8 (Prop_CARRY8_CI_O[0])
                                                      0.056     1.295 f  u_my_ip/u_axi4_mapping/mem_index1_inferred__4/i__carry__1/O[0]
                         net (fo=1, unplaced)         0.186     1.481    u_my_ip/u_axi4_mapping/mem_index1_inferred__4/i__carry__1_n_15
                         LUT4 (Prop_LUT4_I0_O)        0.038     1.519 f  u_my_ip/u_axi4_mapping/core_wr_en_r_i_13/O
                         net (fo=1, unplaced)         0.186     1.705    u_my_ip/u_axi4_mapping/core_wr_en_r_i_13_n_0
                         LUT5 (Prop_LUT5_I4_O)        0.038     1.743 f  u_my_ip/u_axi4_mapping/core_wr_en_r_i_8/O
                         net (fo=1, unplaced)         0.186     1.929    u_my_ip/u_axi4_mapping/core_wr_en_r_i_8_n_0
                         LUT6 (Prop_LUT6_I5_O)        0.038     1.967 r  u_my_ip/u_axi4_mapping/core_wr_en_r_i_3/O
                         net (fo=1, unplaced)         0.186     2.153    u_my_ip/u_axi4_mapping/core_wr_en_r_i_3_n_0
                         LUT6 (Prop_LUT6_I1_O)        0.038     2.191 r  u_my_ip/u_axi4_mapping/core_wr_en_r_i_1/O
                         net (fo=159, unplaced)       0.282     2.473    u_my_ip/u_axi4_mapping/core_wr_hit
                         LUT2 (Prop_LUT2_I0_O)        0.038     2.511 r  u_my_ip/u_axi4_mapping/core_wr_region_r[1]_i_1/O
                         net (fo=2, unplaced)         0.140     2.651    u_my_ip/u_axi4_mapping/core_wr_region_r[1]_i_1_n_0
                         FDRE                                         r  u_my_ip/u_axi4_mapping/core_wr_region_r_reg[0]/CE
  -------------------------------------------------------------------    -------------------

                         (clock s00_axi_aclk rise edge)
                                                      3.333     3.333 r  
                                                      0.000     3.333 r  s00_axi_aclk (IN)
                         net (fo=3355, unset)         0.021     3.354    u_my_ip/u_axi4_mapping/s00_axi_aclk
                         FDRE                                         r  u_my_ip/u_axi4_mapping/core_wr_region_r_reg[0]/C
                         clock pessimism              0.000     3.354    
                         clock uncertainty           -0.035     3.319    
                         FDRE (Setup_FDRE_C_CE)      -0.061     3.258    u_my_ip/u_axi4_mapping/core_wr_region_r_reg[0]
  -------------------------------------------------------------------
                         required time                          3.258    
                         arrival time                          -2.651    
  -------------------------------------------------------------------
                         slack                                  0.607    

Slack (MET) :             0.607ns  (required time - arrival time)
  Source:                 u_my_ip/map_wr_addr_r_reg[33]/C
                            (rising edge-triggered cell FDRE clocked by s00_axi_aclk  {rise@0.000ns fall@1.666ns period=3.333ns})
  Destination:            u_my_ip/u_axi4_mapping/core_wr_region_r_reg[1]/CE
                            (rising edge-triggered cell FDRE clocked by s00_axi_aclk  {rise@0.000ns fall@1.666ns period=3.333ns})
  Path Group:             s00_axi_aclk
  Path Type:              Setup (Max at Slow Process Corner)
  Requirement:            3.333ns  (s00_axi_aclk rise@3.333ns - s00_axi_aclk rise@0.000ns)
  Data Path Delay:        2.621ns  (logic 0.764ns (29.149%)  route 1.857ns (70.851%))
  Logic Levels:           11  (CARRY8=2 LUT1=1 LUT2=1 LUT3=1 LUT4=2 LUT5=2 LUT6=2)
  Clock Path Skew:        -0.009ns (DCD - SCD + CPR)
    Destination Clock Delay (DCD):    0.021ns = ( 3.354 - 3.333 ) 
    Source Clock Delay      (SCD):    0.030ns
    Clock Pessimism Removal (CPR):    0.000ns
  Clock Uncertainty:      0.035ns  ((TSJ^2 + TIJ^2)^1/2 + DJ) / 2 + PE
    Total System Jitter     (TSJ):    0.071ns
    Total Input Jitter      (TIJ):    0.000ns
    Discrete Jitter          (DJ):    0.000ns
    Phase Error              (PE):    0.000ns

    Location             Delay type                Incr(ns)  Path(ns)    Netlist Resource(s)
  -------------------------------------------------------------------    -------------------
                         (clock s00_axi_aclk rise edge)
                                                      0.000     0.000 r  
                                                      0.000     0.000 r  s00_axi_aclk (IN)
                         net (fo=3355, unset)         0.030     0.030    u_my_ip/s00_axi_aclk
                         FDRE                                         r  u_my_ip/map_wr_addr_r_reg[33]/C
  -------------------------------------------------------------------    -------------------
                         FDRE (Prop_FDRE_C_Q)         0.077     0.107 f  u_my_ip/map_wr_addr_r_reg[33]/Q
                         net (fo=1, unplaced)         0.092     0.199    u_my_ip/u_axi4_mapping/i__carry__0_i_12__0_0[33]
                         LUT4 (Prop_LUT4_I0_O)        0.100     0.299 f  u_my_ip/u_axi4_mapping/i__carry__0_i_17/O
                         net (fo=1, unplaced)         0.186     0.485    u_my_ip/u_axi4_mapping/i__carry__0_i_17_n_0
                         LUT5 (Prop_LUT5_I4_O)        0.038     0.523 r  u_my_ip/u_axi4_mapping/i__carry__0_i_12__0/O
                         net (fo=16, unplaced)        0.181     0.704    u_my_ip/u_axi4_mapping/map_wr_addr_r_reg[30]
                         LUT3 (Prop_LUT3_I1_O)        0.100     0.804 f  u_my_ip/u_axi4_mapping/i__carry__0_i_15__0/O
                         net (fo=4, unplaced)         0.198     1.002    u_my_ip/u_axi4_mapping/local32_return[0]
                         LUT1 (Prop_LUT1_I0_O)        0.037     1.039 r  u_my_ip/u_axi4_mapping/i__carry__0_i_6__0/O
                         net (fo=1, unplaced)         0.029     1.068    u_my_ip/u_axi4_mapping/i__carry__0_i_6__0_n_0
                         CARRY8 (Prop_CARRY8_S[5]_CO[7])
                                                      0.166     1.234 r  u_my_ip/u_axi4_mapping/mem_index1_inferred__4/i__carry__0/CO[7]
                         net (fo=1, unplaced)         0.005     1.239    u_my_ip/u_axi4_mapping/mem_index1_inferred__4/i__carry__0_n_0
                         CARRY8 (Prop_CARRY8_CI_O[0])
                                                      0.056     1.295 f  u_my_ip/u_axi4_mapping/mem_index1_inferred__4/i__carry__1/O[0]
                         net (fo=1, unplaced)         0.186     1.481    u_my_ip/u_axi4_mapping/mem_index1_inferred__4/i__carry__1_n_15
                         LUT4 (Prop_LUT4_I0_O)        0.038     1.519 f  u_my_ip/u_axi4_mapping/core_wr_en_r_i_13/O
                         net (fo=1, unplaced)         0.186     1.705    u_my_ip/u_axi4_mapping/core_wr_en_r_i_13_n_0
                         LUT5 (Prop_LUT5_I4_O)        0.038     1.743 f  u_my_ip/u_axi4_mapping/core_wr_en_r_i_8/O
                         net (fo=1, unplaced)         0.186     1.929    u_my_ip/u_axi4_mapping/core_wr_en_r_i_8_n_0
                         LUT6 (Prop_LUT6_I5_O)        0.038     1.967 r  u_my_ip/u_axi4_mapping/core_wr_en_r_i_3/O
                         net (fo=1, unplaced)         0.186     2.153    u_my_ip/u_axi4_mapping/core_wr_en_r_i_3_n_0
                         LUT6 (Prop_LUT6_I1_O)        0.038     2.191 r  u_my_ip/u_axi4_mapping/core_wr_en_r_i_1/O
                         net (fo=159, unplaced)       0.282     2.473    u_my_ip/u_axi4_mapping/core_wr_hit
                         LUT2 (Prop_LUT2_I0_O)        0.038     2.511 r  u_my_ip/u_axi4_mapping/core_wr_region_r[1]_i_1/O
                         net (fo=2, unplaced)         0.140     2.651    u_my_ip/u_axi4_mapping/core_wr_region_r[1]_i_1_n_0
                         FDRE                                         r  u_my_ip/u_axi4_mapping/core_wr_region_r_reg[1]/CE
  -------------------------------------------------------------------    -------------------

                         (clock s00_axi_aclk rise edge)
                                                      3.333     3.333 r  
                                                      0.000     3.333 r  s00_axi_aclk (IN)
                         net (fo=3355, unset)         0.021     3.354    u_my_ip/u_axi4_mapping/s00_axi_aclk
                         FDRE                                         r  u_my_ip/u_axi4_mapping/core_wr_region_r_reg[1]/C
                         clock pessimism              0.000     3.354    
                         clock uncertainty           -0.035     3.319    
                         FDRE (Setup_FDRE_C_CE)      -0.061     3.258    u_my_ip/u_axi4_mapping/core_wr_region_r_reg[1]
  -------------------------------------------------------------------
                         required time                          3.258    
                         arrival time                          -2.651    
  -------------------------------------------------------------------
                         slack                                  0.607    

Slack (MET) :             0.616ns  (required time - arrival time)
  Source:                 u_my_ip/u_axi4_mapping/u_gemv/u_pmau/dequant_mul/DSP_A_B_DATA_INST/CLK
                            (rising edge-triggered cell DSP_A_B_DATA clocked by s00_axi_aclk  {rise@0.000ns fall@1.666ns period=3.333ns})
  Destination:            u_my_ip/u_axi4_mapping/u_gemv/u_pmau/deq_s2_value_reg[31]/D
                            (rising edge-triggered cell FDRE clocked by s00_axi_aclk  {rise@0.000ns fall@1.666ns period=3.333ns})
  Path Group:             s00_axi_aclk
  Path Type:              Setup (Max at Slow Process Corner)
  Requirement:            3.333ns  (s00_axi_aclk rise@3.333ns - s00_axi_aclk rise@0.000ns)
  Data Path Delay:        2.668ns  (logic 2.388ns (89.505%)  route 0.280ns (10.495%))
  Logic Levels:           8  (DSP_ALU=2 DSP_M_DATA=1 DSP_MULTIPLIER=1 DSP_OUTPUT=2 DSP_PREADD_DATA=1 LUT3=1)
  Clock Path Skew:        -0.039ns (DCD - SCD + CPR)
    Destination Clock Delay (DCD):    0.021ns = ( 3.354 - 3.333 ) 
    Source Clock Delay      (SCD):    0.060ns
    Clock Pessimism Removal (CPR):    0.000ns
  Clock Uncertainty:      0.035ns  ((TSJ^2 + TIJ^2)^1/2 + DJ) / 2 + PE
    Total System Jitter     (TSJ):    0.071ns
    Total Input Jitter      (TIJ):    0.000ns
    Discrete Jitter          (DJ):    0.000ns
    Phase Error              (PE):    0.000ns

    Location             Delay type                Incr(ns)  Path(ns)    Netlist Resource(s)
  -------------------------------------------------------------------    -------------------
                         (clock s00_axi_aclk rise edge)
                                                      0.000     0.000 r  
                                                      0.000     0.000 r  s00_axi_aclk (IN)
                         net (fo=3355, unset)         0.060     0.060    u_my_ip/u_axi4_mapping/u_gemv/u_pmau/dequant_mul/CLK
                         DSP_A_B_DATA                                 r  u_my_ip/u_axi4_mapping/u_gemv/u_pmau/dequant_mul/DSP_A_B_DATA_INST/CLK
  -------------------------------------------------------------------    -------------------
                         DSP_A_B_DATA (Prop_DSP_A_B_DATA_CLK_B2_DATA[17])
                                                      0.212     0.272 r  u_my_ip/u_axi4_mapping/u_gemv/u_pmau/dequant_mul/DSP_A_B_DATA_INST/B2_DATA[17]
                         net (fo=1, unplaced)         0.000     0.272    u_my_ip/u_axi4_mapping/u_gemv/u_pmau/dequant_mul/DSP_A_B_DATA.B2_DATA<17>
                         DSP_PREADD_DATA (Prop_DSP_PREADD_DATA_B2_DATA[17]_B2B1[17])
                                                      0.073     0.345 r  u_my_ip/u_axi4_mapping/u_gemv/u_pmau/dequant_mul/DSP_PREADD_DATA_INST/B2B1[17]
                         net (fo=1, unplaced)         0.000     0.345    u_my_ip/u_axi4_mapping/u_gemv/u_pmau/dequant_mul/DSP_PREADD_DATA.B2B1<17>
                         DSP_MULTIPLIER (Prop_DSP_MULTIPLIER_B2B1[17]_V[43])
                                                      0.609     0.954 f  u_my_ip/u_axi4_mapping/u_gemv/u_pmau/dequant_mul/DSP_MULTIPLIER_INST/V[43]
                         net (fo=1, unplaced)         0.000     0.954    u_my_ip/u_axi4_mapping/u_gemv/u_pmau/dequant_mul/DSP_MULTIPLIER.V<43>
                         DSP_M_DATA (Prop_DSP_M_DATA_V[43]_V_DATA[43])
                                                      0.046     1.000 r  u_my_ip/u_axi4_mapping/u_gemv/u_pmau/dequant_mul/DSP_M_DATA_INST/V_DATA[43]
                         net (fo=1, unplaced)         0.000     1.000    u_my_ip/u_axi4_mapping/u_gemv/u_pmau/dequant_mul/DSP_M_DATA.V_DATA<43>
                         DSP_ALU (Prop_DSP_ALU_V_DATA[43]_ALU_OUT[47])
                                                      0.571     1.571 f  u_my_ip/u_axi4_mapping/u_gemv/u_pmau/dequant_mul/DSP_ALU_INST/ALU_OUT[47]
                         net (fo=1, unplaced)         0.000     1.571    u_my_ip/u_axi4_mapping/u_gemv/u_pmau/dequant_mul/DSP_ALU.ALU_OUT<47>
                         DSP_OUTPUT (Prop_DSP_OUTPUT_ALU_OUT[47]_PCOUT[47])
                                                      0.122     1.693 r  u_my_ip/u_axi4_mapping/u_gemv/u_pmau/dequant_mul/DSP_OUTPUT_INST/PCOUT[47]
                         net (fo=1, unplaced)         0.014     1.707    u_my_ip/u_axi4_mapping/u_gemv/u_pmau/dequant_mul__0/PCIN[47]
                         DSP_ALU (Prop_DSP_ALU_PCIN[47]_ALU_OUT[29])
                                                      0.546     2.253 f  u_my_ip/u_axi4_mapping/u_gemv/u_pmau/dequant_mul__0/DSP_ALU_INST/ALU_OUT[29]
                         net (fo=1, unplaced)         0.000     2.253    u_my_ip/u_axi4_mapping/u_gemv/u_pmau/dequant_mul__0/DSP_ALU.ALU_OUT<29>
                         DSP_OUTPUT (Prop_DSP_OUTPUT_ALU_OUT[29]_P[29])
                                                      0.109     2.362 r  u_my_ip/u_axi4_mapping/u_gemv/u_pmau/dequant_mul__0/DSP_OUTPUT_INST/P[29]
                         net (fo=1, unplaced)         0.218     2.580    u_my_ip/u_axi4_mapping/u_gemv/u_pmau/dequant_mul__0_n_76
                         LUT3 (Prop_LUT3_I2_O)        0.100     2.680 r  u_my_ip/u_axi4_mapping/u_gemv/u_pmau/deq_s2_value[31]_i_1/O
                         net (fo=1, unplaced)         0.048     2.728    u_my_ip/u_axi4_mapping/u_gemv/u_pmau/result_final_value[31]
                         FDRE                                         r  u_my_ip/u_axi4_mapping/u_gemv/u_pmau/deq_s2_value_reg[31]/D
  -------------------------------------------------------------------    -------------------

                         (clock s00_axi_aclk rise edge)
                                                      3.333     3.333 r  
                                                      0.000     3.333 r  s00_axi_aclk (IN)
                         net (fo=3355, unset)         0.021     3.354    u_my_ip/u_axi4_mapping/u_gemv/u_pmau/s00_axi_aclk
                         FDRE                                         r  u_my_ip/u_axi4_mapping/u_gemv/u_pmau/deq_s2_value_reg[31]/C
                         clock pessimism              0.000     3.354    
                         clock uncertainty           -0.035     3.319    
                         FDRE (Setup_FDRE_C_D)        0.025     3.344    u_my_ip/u_axi4_mapping/u_gemv/u_pmau/deq_s2_value_reg[31]
  -------------------------------------------------------------------
                         required time                          3.344    
                         arrival time                          -2.728    
  -------------------------------------------------------------------
                         slack                                  0.616    

Slack (MET) :             0.621ns  (required time - arrival time)
  Source:                 u_my_ip/u_axi4_mapping/u_gemv/u_pmau/dequant_mul/DSP_A_B_DATA_INST/CLK
                            (rising edge-triggered cell DSP_A_B_DATA clocked by s00_axi_aclk  {rise@0.000ns fall@1.666ns period=3.333ns})
  Destination:            u_my_ip/u_axi4_mapping/u_gemv/u_pmau/deq_s2_value_reg[23]/D
                            (rising edge-triggered cell FDRE clocked by s00_axi_aclk  {rise@0.000ns fall@1.666ns period=3.333ns})
  Path Group:             s00_axi_aclk
  Path Type:              Setup (Max at Slow Process Corner)
  Requirement:            3.333ns  (s00_axi_aclk rise@3.333ns - s00_axi_aclk rise@0.000ns)
  Data Path Delay:        2.663ns  (logic 2.388ns (89.673%)  route 0.275ns (10.327%))
  Logic Levels:           8  (DSP_ALU=2 DSP_M_DATA=1 DSP_MULTIPLIER=1 DSP_OUTPUT=2 DSP_PREADD_DATA=1 LUT3=1)
  Clock Path Skew:        -0.039ns (DCD - SCD + CPR)
    Destination Clock Delay (DCD):    0.021ns = ( 3.354 - 3.333 ) 
    Source Clock Delay      (SCD):    0.060ns
    Clock Pessimism Removal (CPR):    0.000ns
  Clock Uncertainty:      0.035ns  ((TSJ^2 + TIJ^2)^1/2 + DJ) / 2 + PE
    Total System Jitter     (TSJ):    0.071ns
    Total Input Jitter      (TIJ):    0.000ns
    Discrete Jitter          (DJ):    0.000ns
    Phase Error              (PE):    0.000ns

    Location             Delay type                Incr(ns)  Path(ns)    Netlist Resource(s)
  -------------------------------------------------------------------    -------------------
                         (clock s00_axi_aclk rise edge)
                                                      0.000     0.000 r  
                                                      0.000     0.000 r  s00_axi_aclk (IN)
                         net (fo=3355, unset)         0.060     0.060    u_my_ip/u_axi4_mapping/u_gemv/u_pmau/dequant_mul/CLK
                         DSP_A_B_DATA                                 r  u_my_ip/u_axi4_mapping/u_gemv/u_pmau/dequant_mul/DSP_A_B_DATA_INST/CLK
  -------------------------------------------------------------------    -------------------
                         DSP_A_B_DATA (Prop_DSP_A_B_DATA_CLK_B2_DATA[17])
                                                      0.212     0.272 r  u_my_ip/u_axi4_mapping/u_gemv/u_pmau/dequant_mul/DSP_A_B_DATA_INST/B2_DATA[17]
                         net (fo=1, unplaced)         0.000     0.272    u_my_ip/u_axi4_mapping/u_gemv/u_pmau/dequant_mul/DSP_A_B_DATA.B2_DATA<17>
                         DSP_PREADD_DATA (Prop_DSP_PREADD_DATA_B2_DATA[17]_B2B1[17])
                                                      0.073     0.345 r  u_my_ip/u_axi4_mapping/u_gemv/u_pmau/dequant_mul/DSP_PREADD_DATA_INST/B2B1[17]
                         net (fo=1, unplaced)         0.000     0.345    u_my_ip/u_axi4_mapping/u_gemv/u_pmau/dequant_mul/DSP_PREADD_DATA.B2B1<17>
                         DSP_MULTIPLIER (Prop_DSP_MULTIPLIER_B2B1[17]_V[43])
                                                      0.609     0.954 f  u_my_ip/u_axi4_mapping/u_gemv/u_pmau/dequant_mul/DSP_MULTIPLIER_INST/V[43]
                         net (fo=1, unplaced)         0.000     0.954    u_my_ip/u_axi4_mapping/u_gemv/u_pmau/dequant_mul/DSP_MULTIPLIER.V<43>
                         DSP_M_DATA (Prop_DSP_M_DATA_V[43]_V_DATA[43])
                                                      0.046     1.000 r  u_my_ip/u_axi4_mapping/u_gemv/u_pmau/dequant_mul/DSP_M_DATA_INST/V_DATA[43]
                         net (fo=1, unplaced)         0.000     1.000    u_my_ip/u_axi4_mapping/u_gemv/u_pmau/dequant_mul/DSP_M_DATA.V_DATA<43>
                         DSP_ALU (Prop_DSP_ALU_V_DATA[43]_ALU_OUT[47])
                                                      0.571     1.571 f  u_my_ip/u_axi4_mapping/u_gemv/u_pmau/dequant_mul/DSP_ALU_INST/ALU_OUT[47]
                         net (fo=1, unplaced)         0.000     1.571    u_my_ip/u_axi4_mapping/u_gemv/u_pmau/dequant_mul/DSP_ALU.ALU_OUT<47>
                         DSP_OUTPUT (Prop_DSP_OUTPUT_ALU_OUT[47]_PCOUT[47])
                                                      0.122     1.693 r  u_my_ip/u_axi4_mapping/u_gemv/u_pmau/dequant_mul/DSP_OUTPUT_INST/PCOUT[47]
                         net (fo=1, unplaced)         0.014     1.707    u_my_ip/u_axi4_mapping/u_gemv/u_pmau/dequant_mul__0/PCIN[47]
                         DSP_ALU (Prop_DSP_ALU_PCIN[47]_ALU_OUT[21])
                                                      0.546     2.253 f  u_my_ip/u_axi4_mapping/u_gemv/u_pmau/dequant_mul__0/DSP_ALU_INST/ALU_OUT[21]
                         net (fo=1, unplaced)         0.000     2.253    u_my_ip/u_axi4_mapping/u_gemv/u_pmau/dequant_mul__0/DSP_ALU.ALU_OUT<21>
                         DSP_OUTPUT (Prop_DSP_OUTPUT_ALU_OUT[21]_P[21])
                                                      0.109     2.362 r  u_my_ip/u_axi4_mapping/u_gemv/u_pmau/dequant_mul__0/DSP_OUTPUT_INST/P[21]
                         net (fo=1, unplaced)         0.213     2.575    u_my_ip/u_axi4_mapping/u_gemv/u_pmau/dequant_mul__0_n_84
                         LUT3 (Prop_LUT3_I2_O)        0.100     2.675 r  u_my_ip/u_axi4_mapping/u_gemv/u_pmau/deq_s2_value[23]_i_1/O
                         net (fo=1, unplaced)         0.048     2.723    u_my_ip/u_axi4_mapping/u_gemv/u_pmau/result_final_value[23]
                         FDRE                                         r  u_my_ip/u_axi4_mapping/u_gemv/u_pmau/deq_s2_value_reg[23]/D
  -------------------------------------------------------------------    -------------------

                         (clock s00_axi_aclk rise edge)
                                                      3.333     3.333 r  
                                                      0.000     3.333 r  s00_axi_aclk (IN)
                         net (fo=3355, unset)         0.021     3.354    u_my_ip/u_axi4_mapping/u_gemv/u_pmau/s00_axi_aclk
                         FDRE                                         r  u_my_ip/u_axi4_mapping/u_gemv/u_pmau/deq_s2_value_reg[23]/C
                         clock pessimism              0.000     3.354    
                         clock uncertainty           -0.035     3.319    
                         FDRE (Setup_FDRE_C_D)        0.025     3.344    u_my_ip/u_axi4_mapping/u_gemv/u_pmau/deq_s2_value_reg[23]
  -------------------------------------------------------------------
                         required time                          3.344    
                         arrival time                          -2.723    
  -------------------------------------------------------------------
                         slack                                  0.621    

Slack (MET) :             0.623ns  (required time - arrival time)
  Source:                 u_my_ip/u_axi4_mapping/u_gemv/u_pmau/dequant_mul/DSP_A_B_DATA_INST/CLK
                            (rising edge-triggered cell DSP_A_B_DATA clocked by s00_axi_aclk  {rise@0.000ns fall@1.666ns period=3.333ns})
  Destination:            u_my_ip/u_axi4_mapping/u_gemv/u_pmau/deq_s2_value_reg[9]/D
                            (rising edge-triggered cell FDRE clocked by s00_axi_aclk  {rise@0.000ns fall@1.666ns period=3.333ns})
  Path Group:             s00_axi_aclk
  Path Type:              Setup (Max at Slow Process Corner)
  Requirement:            3.333ns  (s00_axi_aclk rise@3.333ns - s00_axi_aclk rise@0.000ns)
  Data Path Delay:        2.661ns  (logic 2.388ns (89.741%)  route 0.273ns (10.259%))
  Logic Levels:           8  (DSP_ALU=2 DSP_M_DATA=1 DSP_MULTIPLIER=1 DSP_OUTPUT=2 DSP_PREADD_DATA=1 LUT3=1)
  Clock Path Skew:        -0.039ns (DCD - SCD + CPR)
    Destination Clock Delay (DCD):    0.021ns = ( 3.354 - 3.333 ) 
    Source Clock Delay      (SCD):    0.060ns
    Clock Pessimism Removal (CPR):    0.000ns
  Clock Uncertainty:      0.035ns  ((TSJ^2 + TIJ^2)^1/2 + DJ) / 2 + PE
    Total System Jitter     (TSJ):    0.071ns
    Total Input Jitter      (TIJ):    0.000ns
    Discrete Jitter          (DJ):    0.000ns
    Phase Error              (PE):    0.000ns

    Location             Delay type                Incr(ns)  Path(ns)    Netlist Resource(s)
  -------------------------------------------------------------------    -------------------
                         (clock s00_axi_aclk rise edge)
                                                      0.000     0.000 r  
                                                      0.000     0.000 r  s00_axi_aclk (IN)
                         net (fo=3355, unset)         0.060     0.060    u_my_ip/u_axi4_mapping/u_gemv/u_pmau/dequant_mul/CLK
                         DSP_A_B_DATA                                 r  u_my_ip/u_axi4_mapping/u_gemv/u_pmau/dequant_mul/DSP_A_B_DATA_INST/CLK
  -------------------------------------------------------------------    -------------------
                         DSP_A_B_DATA (Prop_DSP_A_B_DATA_CLK_B2_DATA[17])
                                                      0.212     0.272 r  u_my_ip/u_axi4_mapping/u_gemv/u_pmau/dequant_mul/DSP_A_B_DATA_INST/B2_DATA[17]
                         net (fo=1, unplaced)         0.000     0.272    u_my_ip/u_axi4_mapping/u_gemv/u_pmau/dequant_mul/DSP_A_B_DATA.B2_DATA<17>
                         DSP_PREADD_DATA (Prop_DSP_PREADD_DATA_B2_DATA[17]_B2B1[17])
                                                      0.073     0.345 r  u_my_ip/u_axi4_mapping/u_gemv/u_pmau/dequant_mul/DSP_PREADD_DATA_INST/B2B1[17]
                         net (fo=1, unplaced)         0.000     0.345    u_my_ip/u_axi4_mapping/u_gemv/u_pmau/dequant_mul/DSP_PREADD_DATA.B2B1<17>
                         DSP_MULTIPLIER (Prop_DSP_MULTIPLIER_B2B1[17]_V[43])
                                                      0.609     0.954 f  u_my_ip/u_axi4_mapping/u_gemv/u_pmau/dequant_mul/DSP_MULTIPLIER_INST/V[43]
                         net (fo=1, unplaced)         0.000     0.954    u_my_ip/u_axi4_mapping/u_gemv/u_pmau/dequant_mul/DSP_MULTIPLIER.V<43>
                         DSP_M_DATA (Prop_DSP_M_DATA_V[43]_V_DATA[43])
                                                      0.046     1.000 r  u_my_ip/u_axi4_mapping/u_gemv/u_pmau/dequant_mul/DSP_M_DATA_INST/V_DATA[43]
                         net (fo=1, unplaced)         0.000     1.000    u_my_ip/u_axi4_mapping/u_gemv/u_pmau/dequant_mul/DSP_M_DATA.V_DATA<43>
                         DSP_ALU (Prop_DSP_ALU_V_DATA[43]_ALU_OUT[47])
                                                      0.571     1.571 f  u_my_ip/u_axi4_mapping/u_gemv/u_pmau/dequant_mul/DSP_ALU_INST/ALU_OUT[47]
                         net (fo=1, unplaced)         0.000     1.571    u_my_ip/u_axi4_mapping/u_gemv/u_pmau/dequant_mul/DSP_ALU.ALU_OUT<47>
                         DSP_OUTPUT (Prop_DSP_OUTPUT_ALU_OUT[47]_PCOUT[47])
                                                      0.122     1.693 r  u_my_ip/u_axi4_mapping/u_gemv/u_pmau/dequant_mul/DSP_OUTPUT_INST/PCOUT[47]
                         net (fo=1, unplaced)         0.014     1.707    u_my_ip/u_axi4_mapping/u_gemv/u_pmau/dequant_mul__0/PCIN[47]
                         DSP_ALU (Prop_DSP_ALU_PCIN[47]_ALU_OUT[7])
                                                      0.546     2.253 f  u_my_ip/u_axi4_mapping/u_gemv/u_pmau/dequant_mul__0/DSP_ALU_INST/ALU_OUT[7]
                         net (fo=1, unplaced)         0.000     2.253    u_my_ip/u_axi4_mapping/u_gemv/u_pmau/dequant_mul__0/DSP_ALU.ALU_OUT<7>
                         DSP_OUTPUT (Prop_DSP_OUTPUT_ALU_OUT[7]_P[7])
                                                      0.109     2.362 r  u_my_ip/u_axi4_mapping/u_gemv/u_pmau/dequant_mul__0/DSP_OUTPUT_INST/P[7]
                         net (fo=1, unplaced)         0.211     2.573    u_my_ip/u_axi4_mapping/u_gemv/u_pmau/dequant_mul__0_n_98
                         LUT3 (Prop_LUT3_I2_O)        0.100     2.673 r  u_my_ip/u_axi4_mapping/u_gemv/u_pmau/deq_s2_value[9]_i_1/O
                         net (fo=1, unplaced)         0.048     2.721    u_my_ip/u_axi4_mapping/u_gemv/u_pmau/result_final_value[9]
                         FDRE                                         r  u_my_ip/u_axi4_mapping/u_gemv/u_pmau/deq_s2_value_reg[9]/D
  -------------------------------------------------------------------    -------------------

                         (clock s00_axi_aclk rise edge)
                                                      3.333     3.333 r  
                                                      0.000     3.333 r  s00_axi_aclk (IN)
                         net (fo=3355, unset)         0.021     3.354    u_my_ip/u_axi4_mapping/u_gemv/u_pmau/s00_axi_aclk
                         FDRE                                         r  u_my_ip/u_axi4_mapping/u_gemv/u_pmau/deq_s2_value_reg[9]/C
                         clock pessimism              0.000     3.354    
                         clock uncertainty           -0.035     3.319    
                         FDRE (Setup_FDRE_C_D)        0.025     3.344    u_my_ip/u_axi4_mapping/u_gemv/u_pmau/deq_s2_value_reg[9]
  -------------------------------------------------------------------
                         required time                          3.344    
                         arrival time                          -2.721    
  -------------------------------------------------------------------
                         slack                                  0.623    

Slack (MET) :             0.624ns  (required time - arrival time)
  Source:                 u_my_ip/u_axi4_mapping/u_gemv/u_pmau/dequant_mul/DSP_A_B_DATA_INST/CLK
                            (rising edge-triggered cell DSP_A_B_DATA clocked by s00_axi_aclk  {rise@0.000ns fall@1.666ns period=3.333ns})
  Destination:            u_my_ip/u_axi4_mapping/u_gemv/u_pmau/deq_s2_value_reg[15]/D
                            (rising edge-triggered cell FDRE clocked by s00_axi_aclk  {rise@0.000ns fall@1.666ns period=3.333ns})
  Path Group:             s00_axi_aclk
  Path Type:              Setup (Max at Slow Process Corner)
  Requirement:            3.333ns  (s00_axi_aclk rise@3.333ns - s00_axi_aclk rise@0.000ns)
  Data Path Delay:        2.660ns  (logic 2.388ns (89.774%)  route 0.272ns (10.226%))
  Logic Levels:           8  (DSP_ALU=2 DSP_M_DATA=1 DSP_MULTIPLIER=1 DSP_OUTPUT=2 DSP_PREADD_DATA=1 LUT3=1)
  Clock Path Skew:        -0.039ns (DCD - SCD + CPR)
    Destination Clock Delay (DCD):    0.021ns = ( 3.354 - 3.333 ) 
    Source Clock Delay      (SCD):    0.060ns
    Clock Pessimism Removal (CPR):    0.000ns
  Clock Uncertainty:      0.035ns  ((TSJ^2 + TIJ^2)^1/2 + DJ) / 2 + PE
    Total System Jitter     (TSJ):    0.071ns
    Total Input Jitter      (TIJ):    0.000ns
    Discrete Jitter          (DJ):    0.000ns
    Phase Error              (PE):    0.000ns

    Location             Delay type                Incr(ns)  Path(ns)    Netlist Resource(s)
  -------------------------------------------------------------------    -------------------
                         (clock s00_axi_aclk rise edge)
                                                      0.000     0.000 r  
                                                      0.000     0.000 r  s00_axi_aclk (IN)
                         net (fo=3355, unset)         0.060     0.060    u_my_ip/u_axi4_mapping/u_gemv/u_pmau/dequant_mul/CLK
                         DSP_A_B_DATA                                 r  u_my_ip/u_axi4_mapping/u_gemv/u_pmau/dequant_mul/DSP_A_B_DATA_INST/CLK
  -------------------------------------------------------------------    -------------------
                         DSP_A_B_DATA (Prop_DSP_A_B_DATA_CLK_B2_DATA[17])
                                                      0.212     0.272 r  u_my_ip/u_axi4_mapping/u_gemv/u_pmau/dequant_mul/DSP_A_B_DATA_INST/B2_DATA[17]
                         net (fo=1, unplaced)         0.000     0.272    u_my_ip/u_axi4_mapping/u_gemv/u_pmau/dequant_mul/DSP_A_B_DATA.B2_DATA<17>
                         DSP_PREADD_DATA (Prop_DSP_PREADD_DATA_B2_DATA[17]_B2B1[17])
                                                      0.073     0.345 r  u_my_ip/u_axi4_mapping/u_gemv/u_pmau/dequant_mul/DSP_PREADD_DATA_INST/B2B1[17]
                         net (fo=1, unplaced)         0.000     0.345    u_my_ip/u_axi4_mapping/u_gemv/u_pmau/dequant_mul/DSP_PREADD_DATA.B2B1<17>
                         DSP_MULTIPLIER (Prop_DSP_MULTIPLIER_B2B1[17]_V[43])
                                                      0.609     0.954 f  u_my_ip/u_axi4_mapping/u_gemv/u_pmau/dequant_mul/DSP_MULTIPLIER_INST/V[43]
                         net (fo=1, unplaced)         0.000     0.954    u_my_ip/u_axi4_mapping/u_gemv/u_pmau/dequant_mul/DSP_MULTIPLIER.V<43>
                         DSP_M_DATA (Prop_DSP_M_DATA_V[43]_V_DATA[43])
                                                      0.046     1.000 r  u_my_ip/u_axi4_mapping/u_gemv/u_pmau/dequant_mul/DSP_M_DATA_INST/V_DATA[43]
                         net (fo=1, unplaced)         0.000     1.000    u_my_ip/u_axi4_mapping/u_gemv/u_pmau/dequant_mul/DSP_M_DATA.V_DATA<43>
                         DSP_ALU (Prop_DSP_ALU_V_DATA[43]_ALU_OUT[47])
                                                      0.571     1.571 f  u_my_ip/u_axi4_mapping/u_gemv/u_pmau/dequant_mul/DSP_ALU_INST/ALU_OUT[47]
                         net (fo=1, unplaced)         0.000     1.571    u_my_ip/u_axi4_mapping/u_gemv/u_pmau/dequant_mul/DSP_ALU.ALU_OUT<47>
                         DSP_OUTPUT (Prop_DSP_OUTPUT_ALU_OUT[47]_PCOUT[47])
                                                      0.122     1.693 r  u_my_ip/u_axi4_mapping/u_gemv/u_pmau/dequant_mul/DSP_OUTPUT_INST/PCOUT[47]
                         net (fo=1, unplaced)         0.014     1.707    u_my_ip/u_axi4_mapping/u_gemv/u_pmau/dequant_mul__0/PCIN[47]
                         DSP_ALU (Prop_DSP_ALU_PCIN[47]_ALU_OUT[13])
                                                      0.546     2.253 f  u_my_ip/u_axi4_mapping/u_gemv/u_pmau/dequant_mul__0/DSP_ALU_INST/ALU_OUT[13]
                         net (fo=1, unplaced)         0.000     2.253    u_my_ip/u_axi4_mapping/u_gemv/u_pmau/dequant_mul__0/DSP_ALU.ALU_OUT<13>
                         DSP_OUTPUT (Prop_DSP_OUTPUT_ALU_OUT[13]_P[13])
                                                      0.109     2.362 r  u_my_ip/u_axi4_mapping/u_gemv/u_pmau/dequant_mul__0/DSP_OUTPUT_INST/P[13]
                         net (fo=1, unplaced)         0.210     2.572    u_my_ip/u_axi4_mapping/u_gemv/u_pmau/dequant_mul__0_n_92
                         LUT3 (Prop_LUT3_I2_O)        0.100     2.672 r  u_my_ip/u_axi4_mapping/u_gemv/u_pmau/deq_s2_value[15]_i_1/O
                         net (fo=1, unplaced)         0.048     2.720    u_my_ip/u_axi4_mapping/u_gemv/u_pmau/result_final_value[15]
                         FDRE                                         r  u_my_ip/u_axi4_mapping/u_gemv/u_pmau/deq_s2_value_reg[15]/D
  -------------------------------------------------------------------    -------------------

                         (clock s00_axi_aclk rise edge)
                                                      3.333     3.333 r  
                                                      0.000     3.333 r  s00_axi_aclk (IN)
                         net (fo=3355, unset)         0.021     3.354    u_my_ip/u_axi4_mapping/u_gemv/u_pmau/s00_axi_aclk
                         FDRE                                         r  u_my_ip/u_axi4_mapping/u_gemv/u_pmau/deq_s2_value_reg[15]/C
                         clock pessimism              0.000     3.354    
                         clock uncertainty           -0.035     3.319    
                         FDRE (Setup_FDRE_C_D)        0.025     3.344    u_my_ip/u_axi4_mapping/u_gemv/u_pmau/deq_s2_value_reg[15]
  -------------------------------------------------------------------
                         required time                          3.344    
                         arrival time                          -2.720    
  -------------------------------------------------------------------
                         slack                                  0.624    

Slack (MET) :             0.624ns  (required time - arrival time)
  Source:                 u_my_ip/u_axi4_mapping/u_gemv/u_pmau/dequant_mul/DSP_A_B_DATA_INST/CLK
                            (rising edge-triggered cell DSP_A_B_DATA clocked by s00_axi_aclk  {rise@0.000ns fall@1.666ns period=3.333ns})
  Destination:            u_my_ip/u_axi4_mapping/u_gemv/u_pmau/deq_s2_value_reg[7]/D
                            (rising edge-triggered cell FDRE clocked by s00_axi_aclk  {rise@0.000ns fall@1.666ns period=3.333ns})
  Path Group:             s00_axi_aclk
  Path Type:              Setup (Max at Slow Process Corner)
  Requirement:            3.333ns  (s00_axi_aclk rise@3.333ns - s00_axi_aclk rise@0.000ns)
  Data Path Delay:        2.660ns  (logic 2.388ns (89.774%)  route 0.272ns (10.226%))
  Logic Levels:           8  (DSP_ALU=2 DSP_M_DATA=1 DSP_MULTIPLIER=1 DSP_OUTPUT=2 DSP_PREADD_DATA=1 LUT3=1)
  Clock Path Skew:        -0.039ns (DCD - SCD + CPR)
    Destination Clock Delay (DCD):    0.021ns = ( 3.354 - 3.333 ) 
    Source Clock Delay      (SCD):    0.060ns
    Clock Pessimism Removal (CPR):    0.000ns
  Clock Uncertainty:      0.035ns  ((TSJ^2 + TIJ^2)^1/2 + DJ) / 2 + PE
    Total System Jitter     (TSJ):    0.071ns
    Total Input Jitter      (TIJ):    0.000ns
    Discrete Jitter          (DJ):    0.000ns
    Phase Error              (PE):    0.000ns

    Location             Delay type                Incr(ns)  Path(ns)    Netlist Resource(s)
  -------------------------------------------------------------------    -------------------
                         (clock s00_axi_aclk rise edge)
                                                      0.000     0.000 r  
                                                      0.000     0.000 r  s00_axi_aclk (IN)
                         net (fo=3355, unset)         0.060     0.060    u_my_ip/u_axi4_mapping/u_gemv/u_pmau/dequant_mul/CLK
                         DSP_A_B_DATA                                 r  u_my_ip/u_axi4_mapping/u_gemv/u_pmau/dequant_mul/DSP_A_B_DATA_INST/CLK
  -------------------------------------------------------------------    -------------------
                         DSP_A_B_DATA (Prop_DSP_A_B_DATA_CLK_B2_DATA[17])
                                                      0.212     0.272 r  u_my_ip/u_axi4_mapping/u_gemv/u_pmau/dequant_mul/DSP_A_B_DATA_INST/B2_DATA[17]
                         net (fo=1, unplaced)         0.000     0.272    u_my_ip/u_axi4_mapping/u_gemv/u_pmau/dequant_mul/DSP_A_B_DATA.B2_DATA<17>
                         DSP_PREADD_DATA (Prop_DSP_PREADD_DATA_B2_DATA[17]_B2B1[17])
                                                      0.073     0.345 r  u_my_ip/u_axi4_mapping/u_gemv/u_pmau/dequant_mul/DSP_PREADD_DATA_INST/B2B1[17]
                         net (fo=1, unplaced)         0.000     0.345    u_my_ip/u_axi4_mapping/u_gemv/u_pmau/dequant_mul/DSP_PREADD_DATA.B2B1<17>
                         DSP_MULTIPLIER (Prop_DSP_MULTIPLIER_B2B1[17]_V[43])
                                                      0.609     0.954 f  u_my_ip/u_axi4_mapping/u_gemv/u_pmau/dequant_mul/DSP_MULTIPLIER_INST/V[43]
                         net (fo=1, unplaced)         0.000     0.954    u_my_ip/u_axi4_mapping/u_gemv/u_pmau/dequant_mul/DSP_MULTIPLIER.V<43>
                         DSP_M_DATA (Prop_DSP_M_DATA_V[43]_V_DATA[43])
                                                      0.046     1.000 r  u_my_ip/u_axi4_mapping/u_gemv/u_pmau/dequant_mul/DSP_M_DATA_INST/V_DATA[43]
                         net (fo=1, unplaced)         0.000     1.000    u_my_ip/u_axi4_mapping/u_gemv/u_pmau/dequant_mul/DSP_M_DATA.V_DATA<43>
                         DSP_ALU (Prop_DSP_ALU_V_DATA[43]_ALU_OUT[47])
                                                      0.571     1.571 f  u_my_ip/u_axi4_mapping/u_gemv/u_pmau/dequant_mul/DSP_ALU_INST/ALU_OUT[47]
                         net (fo=1, unplaced)         0.000     1.571    u_my_ip/u_axi4_mapping/u_gemv/u_pmau/dequant_mul/DSP_ALU.ALU_OUT<47>
                         DSP_OUTPUT (Prop_DSP_OUTPUT_ALU_OUT[47]_PCOUT[47])
                                                      0.122     1.693 r  u_my_ip/u_axi4_mapping/u_gemv/u_pmau/dequant_mul/DSP_OUTPUT_INST/PCOUT[47]
                         net (fo=1, unplaced)         0.014     1.707    u_my_ip/u_axi4_mapping/u_gemv/u_pmau/dequant_mul__0/PCIN[47]
                         DSP_ALU (Prop_DSP_ALU_PCIN[47]_ALU_OUT[5])
                                                      0.546     2.253 f  u_my_ip/u_axi4_mapping/u_gemv/u_pmau/dequant_mul__0/DSP_ALU_INST/ALU_OUT[5]
                         net (fo=1, unplaced)         0.000     2.253    u_my_ip/u_axi4_mapping/u_gemv/u_pmau/dequant_mul__0/DSP_ALU.ALU_OUT<5>
                         DSP_OUTPUT (Prop_DSP_OUTPUT_ALU_OUT[5]_P[5])
                                                      0.109     2.362 r  u_my_ip/u_axi4_mapping/u_gemv/u_pmau/dequant_mul__0/DSP_OUTPUT_INST/P[5]
                         net (fo=1, unplaced)         0.210     2.572    u_my_ip/u_axi4_mapping/u_gemv/u_pmau/dequant_mul__0_n_100
                         LUT3 (Prop_LUT3_I2_O)        0.100     2.672 r  u_my_ip/u_axi4_mapping/u_gemv/u_pmau/deq_s2_value[7]_i_1/O
                         net (fo=1, unplaced)         0.048     2.720    u_my_ip/u_axi4_mapping/u_gemv/u_pmau/result_final_value[7]
                         FDRE                                         r  u_my_ip/u_axi4_mapping/u_gemv/u_pmau/deq_s2_value_reg[7]/D
  -------------------------------------------------------------------    -------------------

                         (clock s00_axi_aclk rise edge)
                                                      3.333     3.333 r  
                                                      0.000     3.333 r  s00_axi_aclk (IN)
                         net (fo=3355, unset)         0.021     3.354    u_my_ip/u_axi4_mapping/u_gemv/u_pmau/s00_axi_aclk
                         FDRE                                         r  u_my_ip/u_axi4_mapping/u_gemv/u_pmau/deq_s2_value_reg[7]/C
                         clock pessimism              0.000     3.354    
                         clock uncertainty           -0.035     3.319    
                         FDRE (Setup_FDRE_C_D)        0.025     3.344    u_my_ip/u_axi4_mapping/u_gemv/u_pmau/deq_s2_value_reg[7]
  -------------------------------------------------------------------
                         required time                          3.344    
                         arrival time                          -2.720    
  -------------------------------------------------------------------
                         slack                                  0.624    

Slack (MET) :             0.626ns  (required time - arrival time)
  Source:                 u_my_ip/u_axi4_mapping/u_gemv/u_pmau/dequant_mul/DSP_A_B_DATA_INST/CLK
                            (rising edge-triggered cell DSP_A_B_DATA clocked by s00_axi_aclk  {rise@0.000ns fall@1.666ns period=3.333ns})
  Destination:            u_my_ip/u_axi4_mapping/u_gemv/u_pmau/deq_s2_value_reg[17]/D
                            (rising edge-triggered cell FDRE clocked by s00_axi_aclk  {rise@0.000ns fall@1.666ns period=3.333ns})
  Path Group:             s00_axi_aclk
  Path Type:              Setup (Max at Slow Process Corner)
  Requirement:            3.333ns  (s00_axi_aclk rise@3.333ns - s00_axi_aclk rise@0.000ns)
  Data Path Delay:        2.658ns  (logic 2.388ns (89.842%)  route 0.270ns (10.158%))
  Logic Levels:           8  (DSP_ALU=2 DSP_M_DATA=1 DSP_MULTIPLIER=1 DSP_OUTPUT=2 DSP_PREADD_DATA=1 LUT3=1)
  Clock Path Skew:        -0.039ns (DCD - SCD + CPR)
    Destination Clock Delay (DCD):    0.021ns = ( 3.354 - 3.333 ) 
    Source Clock Delay      (SCD):    0.060ns
    Clock Pessimism Removal (CPR):    0.000ns
  Clock Uncertainty:      0.035ns  ((TSJ^2 + TIJ^2)^1/2 + DJ) / 2 + PE
    Total System Jitter     (TSJ):    0.071ns
    Total Input Jitter      (TIJ):    0.000ns
    Discrete Jitter          (DJ):    0.000ns
    Phase Error              (PE):    0.000ns

    Location             Delay type                Incr(ns)  Path(ns)    Netlist Resource(s)
  -------------------------------------------------------------------    -------------------
                         (clock s00_axi_aclk rise edge)
                                                      0.000     0.000 r  
                                                      0.000     0.000 r  s00_axi_aclk (IN)
                         net (fo=3355, unset)         0.060     0.060    u_my_ip/u_axi4_mapping/u_gemv/u_pmau/dequant_mul/CLK
                         DSP_A_B_DATA                                 r  u_my_ip/u_axi4_mapping/u_gemv/u_pmau/dequant_mul/DSP_A_B_DATA_INST/CLK
  -------------------------------------------------------------------    -------------------
                         DSP_A_B_DATA (Prop_DSP_A_B_DATA_CLK_B2_DATA[17])
                                                      0.212     0.272 r  u_my_ip/u_axi4_mapping/u_gemv/u_pmau/dequant_mul/DSP_A_B_DATA_INST/B2_DATA[17]
                         net (fo=1, unplaced)         0.000     0.272    u_my_ip/u_axi4_mapping/u_gemv/u_pmau/dequant_mul/DSP_A_B_DATA.B2_DATA<17>
                         DSP_PREADD_DATA (Prop_DSP_PREADD_DATA_B2_DATA[17]_B2B1[17])
                                                      0.073     0.345 r  u_my_ip/u_axi4_mapping/u_gemv/u_pmau/dequant_mul/DSP_PREADD_DATA_INST/B2B1[17]
                         net (fo=1, unplaced)         0.000     0.345    u_my_ip/u_axi4_mapping/u_gemv/u_pmau/dequant_mul/DSP_PREADD_DATA.B2B1<17>
                         DSP_MULTIPLIER (Prop_DSP_MULTIPLIER_B2B1[17]_V[43])
                                                      0.609     0.954 f  u_my_ip/u_axi4_mapping/u_gemv/u_pmau/dequant_mul/DSP_MULTIPLIER_INST/V[43]
                         net (fo=1, unplaced)         0.000     0.954    u_my_ip/u_axi4_mapping/u_gemv/u_pmau/dequant_mul/DSP_MULTIPLIER.V<43>
                         DSP_M_DATA (Prop_DSP_M_DATA_V[43]_V_DATA[43])
                                                      0.046     1.000 r  u_my_ip/u_axi4_mapping/u_gemv/u_pmau/dequant_mul/DSP_M_DATA_INST/V_DATA[43]
                         net (fo=1, unplaced)         0.000     1.000    u_my_ip/u_axi4_mapping/u_gemv/u_pmau/dequant_mul/DSP_M_DATA.V_DATA<43>
                         DSP_ALU (Prop_DSP_ALU_V_DATA[43]_ALU_OUT[47])
                                                      0.571     1.571 f  u_my_ip/u_axi4_mapping/u_gemv/u_pmau/dequant_mul/DSP_ALU_INST/ALU_OUT[47]
                         net (fo=1, unplaced)         0.000     1.571    u_my_ip/u_axi4_mapping/u_gemv/u_pmau/dequant_mul/DSP_ALU.ALU_OUT<47>
                         DSP_OUTPUT (Prop_DSP_OUTPUT_ALU_OUT[47]_PCOUT[47])
                                                      0.122     1.693 r  u_my_ip/u_axi4_mapping/u_gemv/u_pmau/dequant_mul/DSP_OUTPUT_INST/PCOUT[47]
                         net (fo=1, unplaced)         0.014     1.707    u_my_ip/u_axi4_mapping/u_gemv/u_pmau/dequant_mul__0/PCIN[47]
                         DSP_ALU (Prop_DSP_ALU_PCIN[47]_ALU_OUT[15])
                                                      0.546     2.253 f  u_my_ip/u_axi4_mapping/u_gemv/u_pmau/dequant_mul__0/DSP_ALU_INST/ALU_OUT[15]
                         net (fo=1, unplaced)         0.000     2.253    u_my_ip/u_axi4_mapping/u_gemv/u_pmau/dequant_mul__0/DSP_ALU.ALU_OUT<15>
                         DSP_OUTPUT (Prop_DSP_OUTPUT_ALU_OUT[15]_P[15])
                                                      0.109     2.362 r  u_my_ip/u_axi4_mapping/u_gemv/u_pmau/dequant_mul__0/DSP_OUTPUT_INST/P[15]
                         net (fo=1, unplaced)         0.208     2.570    u_my_ip/u_axi4_mapping/u_gemv/u_pmau/dequant_mul__0_n_90
                         LUT3 (Prop_LUT3_I2_O)        0.100     2.670 r  u_my_ip/u_axi4_mapping/u_gemv/u_pmau/deq_s2_value[17]_i_1/O
                         net (fo=1, unplaced)         0.048     2.718    u_my_ip/u_axi4_mapping/u_gemv/u_pmau/result_final_value[17]
                         FDRE                                         r  u_my_ip/u_axi4_mapping/u_gemv/u_pmau/deq_s2_value_reg[17]/D
  -------------------------------------------------------------------    -------------------

                         (clock s00_axi_aclk rise edge)
                                                      3.333     3.333 r  
                                                      0.000     3.333 r  s00_axi_aclk (IN)
                         net (fo=3355, unset)         0.021     3.354    u_my_ip/u_axi4_mapping/u_gemv/u_pmau/s00_axi_aclk
                         FDRE                                         r  u_my_ip/u_axi4_mapping/u_gemv/u_pmau/deq_s2_value_reg[17]/C
                         clock pessimism              0.000     3.354    
                         clock uncertainty           -0.035     3.319    
                         FDRE (Setup_FDRE_C_D)        0.025     3.344    u_my_ip/u_axi4_mapping/u_gemv/u_pmau/deq_s2_value_reg[17]
  -------------------------------------------------------------------
                         required time                          3.344    
                         arrival time                          -2.718    
  -------------------------------------------------------------------
                         slack                                  0.626    

Slack (MET) :             0.626ns  (required time - arrival time)
  Source:                 u_my_ip/u_axi4_mapping/u_gemv/u_pmau/dequant_mul/DSP_A_B_DATA_INST/CLK
                            (rising edge-triggered cell DSP_A_B_DATA clocked by s00_axi_aclk  {rise@0.000ns fall@1.666ns period=3.333ns})
  Destination:            u_my_ip/u_axi4_mapping/u_gemv/u_pmau/deq_s2_value_reg[25]/D
                            (rising edge-triggered cell FDRE clocked by s00_axi_aclk  {rise@0.000ns fall@1.666ns period=3.333ns})
  Path Group:             s00_axi_aclk
  Path Type:              Setup (Max at Slow Process Corner)
  Requirement:            3.333ns  (s00_axi_aclk rise@3.333ns - s00_axi_aclk rise@0.000ns)
  Data Path Delay:        2.658ns  (logic 2.388ns (89.842%)  route 0.270ns (10.158%))
  Logic Levels:           8  (DSP_ALU=2 DSP_M_DATA=1 DSP_MULTIPLIER=1 DSP_OUTPUT=2 DSP_PREADD_DATA=1 LUT3=1)
  Clock Path Skew:        -0.039ns (DCD - SCD + CPR)
    Destination Clock Delay (DCD):    0.021ns = ( 3.354 - 3.333 ) 
    Source Clock Delay      (SCD):    0.060ns
    Clock Pessimism Removal (CPR):    0.000ns
  Clock Uncertainty:      0.035ns  ((TSJ^2 + TIJ^2)^1/2 + DJ) / 2 + PE
    Total System Jitter     (TSJ):    0.071ns
    Total Input Jitter      (TIJ):    0.000ns
    Discrete Jitter          (DJ):    0.000ns
    Phase Error              (PE):    0.000ns

    Location             Delay type                Incr(ns)  Path(ns)    Netlist Resource(s)
  -------------------------------------------------------------------    -------------------
                         (clock s00_axi_aclk rise edge)
                                                      0.000     0.000 r  
                                                      0.000     0.000 r  s00_axi_aclk (IN)
                         net (fo=3355, unset)         0.060     0.060    u_my_ip/u_axi4_mapping/u_gemv/u_pmau/dequant_mul/CLK
                         DSP_A_B_DATA                                 r  u_my_ip/u_axi4_mapping/u_gemv/u_pmau/dequant_mul/DSP_A_B_DATA_INST/CLK
  -------------------------------------------------------------------    -------------------
                         DSP_A_B_DATA (Prop_DSP_A_B_DATA_CLK_B2_DATA[17])
                                                      0.212     0.272 r  u_my_ip/u_axi4_mapping/u_gemv/u_pmau/dequant_mul/DSP_A_B_DATA_INST/B2_DATA[17]
                         net (fo=1, unplaced)         0.000     0.272    u_my_ip/u_axi4_mapping/u_gemv/u_pmau/dequant_mul/DSP_A_B_DATA.B2_DATA<17>
                         DSP_PREADD_DATA (Prop_DSP_PREADD_DATA_B2_DATA[17]_B2B1[17])
                                                      0.073     0.345 r  u_my_ip/u_axi4_mapping/u_gemv/u_pmau/dequant_mul/DSP_PREADD_DATA_INST/B2B1[17]
                         net (fo=1, unplaced)         0.000     0.345    u_my_ip/u_axi4_mapping/u_gemv/u_pmau/dequant_mul/DSP_PREADD_DATA.B2B1<17>
                         DSP_MULTIPLIER (Prop_DSP_MULTIPLIER_B2B1[17]_V[43])
                                                      0.609     0.954 f  u_my_ip/u_axi4_mapping/u_gemv/u_pmau/dequant_mul/DSP_MULTIPLIER_INST/V[43]
                         net (fo=1, unplaced)         0.000     0.954    u_my_ip/u_axi4_mapping/u_gemv/u_pmau/dequant_mul/DSP_MULTIPLIER.V<43>
                         DSP_M_DATA (Prop_DSP_M_DATA_V[43]_V_DATA[43])
                                                      0.046     1.000 r  u_my_ip/u_axi4_mapping/u_gemv/u_pmau/dequant_mul/DSP_M_DATA_INST/V_DATA[43]
                         net (fo=1, unplaced)         0.000     1.000    u_my_ip/u_axi4_mapping/u_gemv/u_pmau/dequant_mul/DSP_M_DATA.V_DATA<43>
                         DSP_ALU (Prop_DSP_ALU_V_DATA[43]_ALU_OUT[47])
                                                      0.571     1.571 f  u_my_ip/u_axi4_mapping/u_gemv/u_pmau/dequant_mul/DSP_ALU_INST/ALU_OUT[47]
                         net (fo=1, unplaced)         0.000     1.571    u_my_ip/u_axi4_mapping/u_gemv/u_pmau/dequant_mul/DSP_ALU.ALU_OUT<47>
                         DSP_OUTPUT (Prop_DSP_OUTPUT_ALU_OUT[47]_PCOUT[47])
                                                      0.122     1.693 r  u_my_ip/u_axi4_mapping/u_gemv/u_pmau/dequant_mul/DSP_OUTPUT_INST/PCOUT[47]
                         net (fo=1, unplaced)         0.014     1.707    u_my_ip/u_axi4_mapping/u_gemv/u_pmau/dequant_mul__0/PCIN[47]
                         DSP_ALU (Prop_DSP_ALU_PCIN[47]_ALU_OUT[23])
                                                      0.546     2.253 f  u_my_ip/u_axi4_mapping/u_gemv/u_pmau/dequant_mul__0/DSP_ALU_INST/ALU_OUT[23]
                         net (fo=1, unplaced)         0.000     2.253    u_my_ip/u_axi4_mapping/u_gemv/u_pmau/dequant_mul__0/DSP_ALU.ALU_OUT<23>
                         DSP_OUTPUT (Prop_DSP_OUTPUT_ALU_OUT[23]_P[23])
                                                      0.109     2.362 r  u_my_ip/u_axi4_mapping/u_gemv/u_pmau/dequant_mul__0/DSP_OUTPUT_INST/P[23]
                         net (fo=1, unplaced)         0.208     2.570    u_my_ip/u_axi4_mapping/u_gemv/u_pmau/dequant_mul__0_n_82
                         LUT3 (Prop_LUT3_I2_O)        0.100     2.670 r  u_my_ip/u_axi4_mapping/u_gemv/u_pmau/deq_s2_value[25]_i_1/O
                         net (fo=1, unplaced)         0.048     2.718    u_my_ip/u_axi4_mapping/u_gemv/u_pmau/result_final_value[25]
                         FDRE                                         r  u_my_ip/u_axi4_mapping/u_gemv/u_pmau/deq_s2_value_reg[25]/D
  -------------------------------------------------------------------    -------------------

                         (clock s00_axi_aclk rise edge)
                                                      3.333     3.333 r  
                                                      0.000     3.333 r  s00_axi_aclk (IN)
                         net (fo=3355, unset)         0.021     3.354    u_my_ip/u_axi4_mapping/u_gemv/u_pmau/s00_axi_aclk
                         FDRE                                         r  u_my_ip/u_axi4_mapping/u_gemv/u_pmau/deq_s2_value_reg[25]/C
                         clock pessimism              0.000     3.354    
                         clock uncertainty           -0.035     3.319    
                         FDRE (Setup_FDRE_C_D)        0.025     3.344    u_my_ip/u_axi4_mapping/u_gemv/u_pmau/deq_s2_value_reg[25]
  -------------------------------------------------------------------
                         required time                          3.344    
                         arrival time                          -2.718    
  -------------------------------------------------------------------
                         slack                                  0.626    

Slack (MET) :             0.662ns  (required time - arrival time)
  Source:                 u_my_ip/u_axi4_mapping/u_gemv/u_pmau/dequant_mul/DSP_A_B_DATA_INST/CLK
                            (rising edge-triggered cell DSP_A_B_DATA clocked by s00_axi_aclk  {rise@0.000ns fall@1.666ns period=3.333ns})
  Destination:            u_my_ip/u_axi4_mapping/u_gemv/u_pmau/deq_s2_value_reg[26]/D
                            (rising edge-triggered cell FDRE clocked by s00_axi_aclk  {rise@0.000ns fall@1.666ns period=3.333ns})
  Path Group:             s00_axi_aclk
  Path Type:              Setup (Max at Slow Process Corner)
  Requirement:            3.333ns  (s00_axi_aclk rise@3.333ns - s00_axi_aclk rise@0.000ns)
  Data Path Delay:        2.622ns  (logic 2.341ns (89.283%)  route 0.281ns (10.717%))
  Logic Levels:           8  (DSP_ALU=2 DSP_M_DATA=1 DSP_MULTIPLIER=1 DSP_OUTPUT=2 DSP_PREADD_DATA=1 LUT3=1)
  Clock Path Skew:        -0.039ns (DCD - SCD + CPR)
    Destination Clock Delay (DCD):    0.021ns = ( 3.354 - 3.333 ) 
    Source Clock Delay      (SCD):    0.060ns
    Clock Pessimism Removal (CPR):    0.000ns
  Clock Uncertainty:      0.035ns  ((TSJ^2 + TIJ^2)^1/2 + DJ) / 2 + PE
    Total System Jitter     (TSJ):    0.071ns
    Total Input Jitter      (TIJ):    0.000ns
    Discrete Jitter          (DJ):    0.000ns
    Phase Error              (PE):    0.000ns

    Location             Delay type                Incr(ns)  Path(ns)    Netlist Resource(s)
  -------------------------------------------------------------------    -------------------
                         (clock s00_axi_aclk rise edge)
                                                      0.000     0.000 r  
                                                      0.000     0.000 r  s00_axi_aclk (IN)
                         net (fo=3355, unset)         0.060     0.060    u_my_ip/u_axi4_mapping/u_gemv/u_pmau/dequant_mul/CLK
                         DSP_A_B_DATA                                 r  u_my_ip/u_axi4_mapping/u_gemv/u_pmau/dequant_mul/DSP_A_B_DATA_INST/CLK
  -------------------------------------------------------------------    -------------------
                         DSP_A_B_DATA (Prop_DSP_A_B_DATA_CLK_B2_DATA[17])
                                                      0.212     0.272 r  u_my_ip/u_axi4_mapping/u_gemv/u_pmau/dequant_mul/DSP_A_B_DATA_INST/B2_DATA[17]
                         net (fo=1, unplaced)         0.000     0.272    u_my_ip/u_axi4_mapping/u_gemv/u_pmau/dequant_mul/DSP_A_B_DATA.B2_DATA<17>
                         DSP_PREADD_DATA (Prop_DSP_PREADD_DATA_B2_DATA[17]_B2B1[17])
                                                      0.073     0.345 r  u_my_ip/u_axi4_mapping/u_gemv/u_pmau/dequant_mul/DSP_PREADD_DATA_INST/B2B1[17]
                         net (fo=1, unplaced)         0.000     0.345    u_my_ip/u_axi4_mapping/u_gemv/u_pmau/dequant_mul/DSP_PREADD_DATA.B2B1<17>
                         DSP_MULTIPLIER (Prop_DSP_MULTIPLIER_B2B1[17]_V[43])
                                                      0.609     0.954 f  u_my_ip/u_axi4_mapping/u_gemv/u_pmau/dequant_mul/DSP_MULTIPLIER_INST/V[43]
                         net (fo=1, unplaced)         0.000     0.954    u_my_ip/u_axi4_mapping/u_gemv/u_pmau/dequant_mul/DSP_MULTIPLIER.V<43>
                         DSP_M_DATA (Prop_DSP_M_DATA_V[43]_V_DATA[43])
                                                      0.046     1.000 r  u_my_ip/u_axi4_mapping/u_gemv/u_pmau/dequant_mul/DSP_M_DATA_INST/V_DATA[43]
                         net (fo=1, unplaced)         0.000     1.000    u_my_ip/u_axi4_mapping/u_gemv/u_pmau/dequant_mul/DSP_M_DATA.V_DATA<43>
                         DSP_ALU (Prop_DSP_ALU_V_DATA[43]_ALU_OUT[47])
                                                      0.571     1.571 f  u_my_ip/u_axi4_mapping/u_gemv/u_pmau/dequant_mul/DSP_ALU_INST/ALU_OUT[47]
                         net (fo=1, unplaced)         0.000     1.571    u_my_ip/u_axi4_mapping/u_gemv/u_pmau/dequant_mul/DSP_ALU.ALU_OUT<47>
                         DSP_OUTPUT (Prop_DSP_OUTPUT_ALU_OUT[47]_PCOUT[47])
                                                      0.122     1.693 r  u_my_ip/u_axi4_mapping/u_gemv/u_pmau/dequant_mul/DSP_OUTPUT_INST/PCOUT[47]
                         net (fo=1, unplaced)         0.014     1.707    u_my_ip/u_axi4_mapping/u_gemv/u_pmau/dequant_mul__0/PCIN[47]
                         DSP_ALU (Prop_DSP_ALU_PCIN[47]_ALU_OUT[24])
                                                      0.546     2.253 f  u_my_ip/u_axi4_mapping/u_gemv/u_pmau/dequant_mul__0/DSP_ALU_INST/ALU_OUT[24]
                         net (fo=1, unplaced)         0.000     2.253    u_my_ip/u_axi4_mapping/u_gemv/u_pmau/dequant_mul__0/DSP_ALU.ALU_OUT<24>
                         DSP_OUTPUT (Prop_DSP_OUTPUT_ALU_OUT[24]_P[24])
                                                      0.109     2.362 r  u_my_ip/u_axi4_mapping/u_gemv/u_pmau/dequant_mul__0/DSP_OUTPUT_INST/P[24]
                         net (fo=1, unplaced)         0.219     2.581    u_my_ip/u_axi4_mapping/u_gemv/u_pmau/dequant_mul__0_n_81
                         LUT3 (Prop_LUT3_I2_O)        0.053     2.634 r  u_my_ip/u_axi4_mapping/u_gemv/u_pmau/deq_s2_value[26]_i_1/O
                         net (fo=1, unplaced)         0.048     2.682    u_my_ip/u_axi4_mapping/u_gemv/u_pmau/result_final_value[26]
                         FDRE                                         r  u_my_ip/u_axi4_mapping/u_gemv/u_pmau/deq_s2_value_reg[26]/D
  -------------------------------------------------------------------    -------------------

                         (clock s00_axi_aclk rise edge)
                                                      3.333     3.333 r  
                                                      0.000     3.333 r  s00_axi_aclk (IN)
                         net (fo=3355, unset)         0.021     3.354    u_my_ip/u_axi4_mapping/u_gemv/u_pmau/s00_axi_aclk
                         FDRE                                         r  u_my_ip/u_axi4_mapping/u_gemv/u_pmau/deq_s2_value_reg[26]/C
                         clock pessimism              0.000     3.354    
                         clock uncertainty           -0.035     3.319    
                         FDRE (Setup_FDRE_C_D)        0.025     3.344    u_my_ip/u_axi4_mapping/u_gemv/u_pmau/deq_s2_value_reg[26]
  -------------------------------------------------------------------
                         required time                          3.344    
                         arrival time                          -2.682    
  -------------------------------------------------------------------
                         slack                                  0.662    

Slack (MET) :             0.671ns  (required time - arrival time)
  Source:                 u_my_ip/u_axi4_mapping/u_gemv/u_pmau/dequant_mul/DSP_A_B_DATA_INST/CLK
                            (rising edge-triggered cell DSP_A_B_DATA clocked by s00_axi_aclk  {rise@0.000ns fall@1.666ns period=3.333ns})
  Destination:            u_my_ip/u_axi4_mapping/u_gemv/u_pmau/deq_s2_value_reg[10]/D
                            (rising edge-triggered cell FDRE clocked by s00_axi_aclk  {rise@0.000ns fall@1.666ns period=3.333ns})
  Path Group:             s00_axi_aclk
  Path Type:              Setup (Max at Slow Process Corner)
  Requirement:            3.333ns  (s00_axi_aclk rise@3.333ns - s00_axi_aclk rise@0.000ns)
  Data Path Delay:        2.613ns  (logic 2.341ns (89.591%)  route 0.272ns (10.409%))
  Logic Levels:           8  (DSP_ALU=2 DSP_M_DATA=1 DSP_MULTIPLIER=1 DSP_OUTPUT=2 DSP_PREADD_DATA=1 LUT3=1)
  Clock Path Skew:        -0.039ns (DCD - SCD + CPR)
    Destination Clock Delay (DCD):    0.021ns = ( 3.354 - 3.333 ) 
    Source Clock Delay      (SCD):    0.060ns
    Clock Pessimism Removal (CPR):    0.000ns
  Clock Uncertainty:      0.035ns  ((TSJ^2 + TIJ^2)^1/2 + DJ) / 2 + PE
    Total System Jitter     (TSJ):    0.071ns
    Total Input Jitter      (TIJ):    0.000ns
    Discrete Jitter          (DJ):    0.000ns
    Phase Error              (PE):    0.000ns

    Location             Delay type                Incr(ns)  Path(ns)    Netlist Resource(s)
  -------------------------------------------------------------------    -------------------
                         (clock s00_axi_aclk rise edge)
                                                      0.000     0.000 r  
                                                      0.000     0.000 r  s00_axi_aclk (IN)
                         net (fo=3355, unset)         0.060     0.060    u_my_ip/u_axi4_mapping/u_gemv/u_pmau/dequant_mul/CLK
                         DSP_A_B_DATA                                 r  u_my_ip/u_axi4_mapping/u_gemv/u_pmau/dequant_mul/DSP_A_B_DATA_INST/CLK
  -------------------------------------------------------------------    -------------------
                         DSP_A_B_DATA (Prop_DSP_A_B_DATA_CLK_B2_DATA[17])
                                                      0.212     0.272 r  u_my_ip/u_axi4_mapping/u_gemv/u_pmau/dequant_mul/DSP_A_B_DATA_INST/B2_DATA[17]
                         net (fo=1, unplaced)         0.000     0.272    u_my_ip/u_axi4_mapping/u_gemv/u_pmau/dequant_mul/DSP_A_B_DATA.B2_DATA<17>
                         DSP_PREADD_DATA (Prop_DSP_PREADD_DATA_B2_DATA[17]_B2B1[17])
                                                      0.073     0.345 r  u_my_ip/u_axi4_mapping/u_gemv/u_pmau/dequant_mul/DSP_PREADD_DATA_INST/B2B1[17]
                         net (fo=1, unplaced)         0.000     0.345    u_my_ip/u_axi4_mapping/u_gemv/u_pmau/dequant_mul/DSP_PREADD_DATA.B2B1<17>
                         DSP_MULTIPLIER (Prop_DSP_MULTIPLIER_B2B1[17]_V[43])
                                                      0.609     0.954 f  u_my_ip/u_axi4_mapping/u_gemv/u_pmau/dequant_mul/DSP_MULTIPLIER_INST/V[43]
                         net (fo=1, unplaced)         0.000     0.954    u_my_ip/u_axi4_mapping/u_gemv/u_pmau/dequant_mul/DSP_MULTIPLIER.V<43>
                         DSP_M_DATA (Prop_DSP_M_DATA_V[43]_V_DATA[43])
                                                      0.046     1.000 r  u_my_ip/u_axi4_mapping/u_gemv/u_pmau/dequant_mul/DSP_M_DATA_INST/V_DATA[43]
                         net (fo=1, unplaced)         0.000     1.000    u_my_ip/u_axi4_mapping/u_gemv/u_pmau/dequant_mul/DSP_M_DATA.V_DATA<43>
                         DSP_ALU (Prop_DSP_ALU_V_DATA[43]_ALU_OUT[47])
                                                      0.571     1.571 f  u_my_ip/u_axi4_mapping/u_gemv/u_pmau/dequant_mul/DSP_ALU_INST/ALU_OUT[47]
                         net (fo=1, unplaced)         0.000     1.571    u_my_ip/u_axi4_mapping/u_gemv/u_pmau/dequant_mul/DSP_ALU.ALU_OUT<47>
                         DSP_OUTPUT (Prop_DSP_OUTPUT_ALU_OUT[47]_PCOUT[47])
                                                      0.122     1.693 r  u_my_ip/u_axi4_mapping/u_gemv/u_pmau/dequant_mul/DSP_OUTPUT_INST/PCOUT[47]
                         net (fo=1, unplaced)         0.014     1.707    u_my_ip/u_axi4_mapping/u_gemv/u_pmau/dequant_mul__0/PCIN[47]
                         DSP_ALU (Prop_DSP_ALU_PCIN[47]_ALU_OUT[8])
                                                      0.546     2.253 f  u_my_ip/u_axi4_mapping/u_gemv/u_pmau/dequant_mul__0/DSP_ALU_INST/ALU_OUT[8]
                         net (fo=1, unplaced)         0.000     2.253    u_my_ip/u_axi4_mapping/u_gemv/u_pmau/dequant_mul__0/DSP_ALU.ALU_OUT<8>
                         DSP_OUTPUT (Prop_DSP_OUTPUT_ALU_OUT[8]_P[8])
                                                      0.109     2.362 r  u_my_ip/u_axi4_mapping/u_gemv/u_pmau/dequant_mul__0/DSP_OUTPUT_INST/P[8]
                         net (fo=1, unplaced)         0.210     2.572    u_my_ip/u_axi4_mapping/u_gemv/u_pmau/dequant_mul__0_n_97
                         LUT3 (Prop_LUT3_I2_O)        0.053     2.625 r  u_my_ip/u_axi4_mapping/u_gemv/u_pmau/deq_s2_value[10]_i_1/O
                         net (fo=1, unplaced)         0.048     2.673    u_my_ip/u_axi4_mapping/u_gemv/u_pmau/result_final_value[10]
                         FDRE                                         r  u_my_ip/u_axi4_mapping/u_gemv/u_pmau/deq_s2_value_reg[10]/D
  -------------------------------------------------------------------    -------------------

                         (clock s00_axi_aclk rise edge)
                                                      3.333     3.333 r  
                                                      0.000     3.333 r  s00_axi_aclk (IN)
                         net (fo=3355, unset)         0.021     3.354    u_my_ip/u_axi4_mapping/u_gemv/u_pmau/s00_axi_aclk
                         FDRE                                         r  u_my_ip/u_axi4_mapping/u_gemv/u_pmau/deq_s2_value_reg[10]/C
                         clock pessimism              0.000     3.354    
                         clock uncertainty           -0.035     3.319    
                         FDRE (Setup_FDRE_C_D)        0.025     3.344    u_my_ip/u_axi4_mapping/u_gemv/u_pmau/deq_s2_value_reg[10]
  -------------------------------------------------------------------
                         required time                          3.344    
                         arrival time                          -2.673    
  -------------------------------------------------------------------
                         slack                                  0.671    

Slack (MET) :             0.672ns  (required time - arrival time)
  Source:                 u_my_ip/u_axi4_mapping/u_gemv/u_pmau/dequant_mul/DSP_A_B_DATA_INST/CLK
                            (rising edge-triggered cell DSP_A_B_DATA clocked by s00_axi_aclk  {rise@0.000ns fall@1.666ns period=3.333ns})
  Destination:            u_my_ip/u_axi4_mapping/u_gemv/u_pmau/deq_s2_value_reg[24]/D
                            (rising edge-triggered cell FDRE clocked by s00_axi_aclk  {rise@0.000ns fall@1.666ns period=3.333ns})
  Path Group:             s00_axi_aclk
  Path Type:              Setup (Max at Slow Process Corner)
  Requirement:            3.333ns  (s00_axi_aclk rise@3.333ns - s00_axi_aclk rise@0.000ns)
  Data Path Delay:        2.612ns  (logic 2.341ns (89.625%)  route 0.271ns (10.375%))
  Logic Levels:           8  (DSP_ALU=2 DSP_M_DATA=1 DSP_MULTIPLIER=1 DSP_OUTPUT=2 DSP_PREADD_DATA=1 LUT3=1)
  Clock Path Skew:        -0.039ns (DCD - SCD + CPR)
    Destination Clock Delay (DCD):    0.021ns = ( 3.354 - 3.333 ) 
    Source Clock Delay      (SCD):    0.060ns
    Clock Pessimism Removal (CPR):    0.000ns
  Clock Uncertainty:      0.035ns  ((TSJ^2 + TIJ^2)^1/2 + DJ) / 2 + PE
    Total System Jitter     (TSJ):    0.071ns
    Total Input Jitter      (TIJ):    0.000ns
    Discrete Jitter          (DJ):    0.000ns
    Phase Error              (PE):    0.000ns

    Location             Delay type                Incr(ns)  Path(ns)    Netlist Resource(s)
  -------------------------------------------------------------------    -------------------
                         (clock s00_axi_aclk rise edge)
                                                      0.000     0.000 r  
                                                      0.000     0.000 r  s00_axi_aclk (IN)
                         net (fo=3355, unset)         0.060     0.060    u_my_ip/u_axi4_mapping/u_gemv/u_pmau/dequant_mul/CLK
                         DSP_A_B_DATA                                 r  u_my_ip/u_axi4_mapping/u_gemv/u_pmau/dequant_mul/DSP_A_B_DATA_INST/CLK
  -------------------------------------------------------------------    -------------------
                         DSP_A_B_DATA (Prop_DSP_A_B_DATA_CLK_B2_DATA[17])
                                                      0.212     0.272 r  u_my_ip/u_axi4_mapping/u_gemv/u_pmau/dequant_mul/DSP_A_B_DATA_INST/B2_DATA[17]
                         net (fo=1, unplaced)         0.000     0.272    u_my_ip/u_axi4_mapping/u_gemv/u_pmau/dequant_mul/DSP_A_B_DATA.B2_DATA<17>
                         DSP_PREADD_DATA (Prop_DSP_PREADD_DATA_B2_DATA[17]_B2B1[17])
                                                      0.073     0.345 r  u_my_ip/u_axi4_mapping/u_gemv/u_pmau/dequant_mul/DSP_PREADD_DATA_INST/B2B1[17]
                         net (fo=1, unplaced)         0.000     0.345    u_my_ip/u_axi4_mapping/u_gemv/u_pmau/dequant_mul/DSP_PREADD_DATA.B2B1<17>
                         DSP_MULTIPLIER (Prop_DSP_MULTIPLIER_B2B1[17]_V[43])
                                                      0.609     0.954 f  u_my_ip/u_axi4_mapping/u_gemv/u_pmau/dequant_mul/DSP_MULTIPLIER_INST/V[43]
                         net (fo=1, unplaced)         0.000     0.954    u_my_ip/u_axi4_mapping/u_gemv/u_pmau/dequant_mul/DSP_MULTIPLIER.V<43>
                         DSP_M_DATA (Prop_DSP_M_DATA_V[43]_V_DATA[43])
                                                      0.046     1.000 r  u_my_ip/u_axi4_mapping/u_gemv/u_pmau/dequant_mul/DSP_M_DATA_INST/V_DATA[43]
                         net (fo=1, unplaced)         0.000     1.000    u_my_ip/u_axi4_mapping/u_gemv/u_pmau/dequant_mul/DSP_M_DATA.V_DATA<43>
                         DSP_ALU (Prop_DSP_ALU_V_DATA[43]_ALU_OUT[47])
                                                      0.571     1.571 f  u_my_ip/u_axi4_mapping/u_gemv/u_pmau/dequant_mul/DSP_ALU_INST/ALU_OUT[47]
                         net (fo=1, unplaced)         0.000     1.571    u_my_ip/u_axi4_mapping/u_gemv/u_pmau/dequant_mul/DSP_ALU.ALU_OUT<47>
                         DSP_OUTPUT (Prop_DSP_OUTPUT_ALU_OUT[47]_PCOUT[47])
                                                      0.122     1.693 r  u_my_ip/u_axi4_mapping/u_gemv/u_pmau/dequant_mul/DSP_OUTPUT_INST/PCOUT[47]
                         net (fo=1, unplaced)         0.014     1.707    u_my_ip/u_axi4_mapping/u_gemv/u_pmau/dequant_mul__0/PCIN[47]
                         DSP_ALU (Prop_DSP_ALU_PCIN[47]_ALU_OUT[22])
                                                      0.546     2.253 f  u_my_ip/u_axi4_mapping/u_gemv/u_pmau/dequant_mul__0/DSP_ALU_INST/ALU_OUT[22]
                         net (fo=1, unplaced)         0.000     2.253    u_my_ip/u_axi4_mapping/u_gemv/u_pmau/dequant_mul__0/DSP_ALU.ALU_OUT<22>
                         DSP_OUTPUT (Prop_DSP_OUTPUT_ALU_OUT[22]_P[22])
                                                      0.109     2.362 r  u_my_ip/u_axi4_mapping/u_gemv/u_pmau/dequant_mul__0/DSP_OUTPUT_INST/P[22]
                         net (fo=1, unplaced)         0.209     2.571    u_my_ip/u_axi4_mapping/u_gemv/u_pmau/dequant_mul__0_n_83
                         LUT3 (Prop_LUT3_I2_O)        0.053     2.624 r  u_my_ip/u_axi4_mapping/u_gemv/u_pmau/deq_s2_value[24]_i_1/O
                         net (fo=1, unplaced)         0.048     2.672    u_my_ip/u_axi4_mapping/u_gemv/u_pmau/result_final_value[24]
                         FDRE                                         r  u_my_ip/u_axi4_mapping/u_gemv/u_pmau/deq_s2_value_reg[24]/D
  -------------------------------------------------------------------    -------------------

                         (clock s00_axi_aclk rise edge)
                                                      3.333     3.333 r  
                                                      0.000     3.333 r  s00_axi_aclk (IN)
                         net (fo=3355, unset)         0.021     3.354    u_my_ip/u_axi4_mapping/u_gemv/u_pmau/s00_axi_aclk
                         FDRE                                         r  u_my_ip/u_axi4_mapping/u_gemv/u_pmau/deq_s2_value_reg[24]/C
                         clock pessimism              0.000     3.354    
                         clock uncertainty           -0.035     3.319    
                         FDRE (Setup_FDRE_C_D)        0.025     3.344    u_my_ip/u_axi4_mapping/u_gemv/u_pmau/deq_s2_value_reg[24]
  -------------------------------------------------------------------
                         required time                          3.344    
                         arrival time                          -2.672    
  -------------------------------------------------------------------
                         slack                                  0.672    

Slack (MET) :             0.673ns  (required time - arrival time)
  Source:                 u_my_ip/u_axi4_mapping/u_gemv/u_pmau/dequant_mul/DSP_A_B_DATA_INST/CLK
                            (rising edge-triggered cell DSP_A_B_DATA clocked by s00_axi_aclk  {rise@0.000ns fall@1.666ns period=3.333ns})
  Destination:            u_my_ip/u_axi4_mapping/u_gemv/u_pmau/deq_s2_value_reg[27]/D
                            (rising edge-triggered cell FDRE clocked by s00_axi_aclk  {rise@0.000ns fall@1.666ns period=3.333ns})
  Path Group:             s00_axi_aclk
  Path Type:              Setup (Max at Slow Process Corner)
  Requirement:            3.333ns  (s00_axi_aclk rise@3.333ns - s00_axi_aclk rise@0.000ns)
  Data Path Delay:        2.611ns  (logic 2.388ns (91.459%)  route 0.223ns (8.541%))
  Logic Levels:           8  (DSP_ALU=2 DSP_M_DATA=1 DSP_MULTIPLIER=1 DSP_OUTPUT=2 DSP_PREADD_DATA=1 LUT3=1)
  Clock Path Skew:        -0.039ns (DCD - SCD + CPR)
    Destination Clock Delay (DCD):    0.021ns = ( 3.354 - 3.333 ) 
    Source Clock Delay      (SCD):    0.060ns
    Clock Pessimism Removal (CPR):    0.000ns
  Clock Uncertainty:      0.035ns  ((TSJ^2 + TIJ^2)^1/2 + DJ) / 2 + PE
    Total System Jitter     (TSJ):    0.071ns
    Total Input Jitter      (TIJ):    0.000ns
    Discrete Jitter          (DJ):    0.000ns
    Phase Error              (PE):    0.000ns

    Location             Delay type                Incr(ns)  Path(ns)    Netlist Resource(s)
  -------------------------------------------------------------------    -------------------
                         (clock s00_axi_aclk rise edge)
                                                      0.000     0.000 r  
                                                      0.000     0.000 r  s00_axi_aclk (IN)
                         net (fo=3355, unset)         0.060     0.060    u_my_ip/u_axi4_mapping/u_gemv/u_pmau/dequant_mul/CLK
                         DSP_A_B_DATA                                 r  u_my_ip/u_axi4_mapping/u_gemv/u_pmau/dequant_mul/DSP_A_B_DATA_INST/CLK
  -------------------------------------------------------------------    -------------------
                         DSP_A_B_DATA (Prop_DSP_A_B_DATA_CLK_B2_DATA[17])
                                                      0.212     0.272 r  u_my_ip/u_axi4_mapping/u_gemv/u_pmau/dequant_mul/DSP_A_B_DATA_INST/B2_DATA[17]
                         net (fo=1, unplaced)         0.000     0.272    u_my_ip/u_axi4_mapping/u_gemv/u_pmau/dequant_mul/DSP_A_B_DATA.B2_DATA<17>
                         DSP_PREADD_DATA (Prop_DSP_PREADD_DATA_B2_DATA[17]_B2B1[17])
                                                      0.073     0.345 r  u_my_ip/u_axi4_mapping/u_gemv/u_pmau/dequant_mul/DSP_PREADD_DATA_INST/B2B1[17]
                         net (fo=1, unplaced)         0.000     0.345    u_my_ip/u_axi4_mapping/u_gemv/u_pmau/dequant_mul/DSP_PREADD_DATA.B2B1<17>
                         DSP_MULTIPLIER (Prop_DSP_MULTIPLIER_B2B1[17]_V[43])
                                                      0.609     0.954 f  u_my_ip/u_axi4_mapping/u_gemv/u_pmau/dequant_mul/DSP_MULTIPLIER_INST/V[43]
                         net (fo=1, unplaced)         0.000     0.954    u_my_ip/u_axi4_mapping/u_gemv/u_pmau/dequant_mul/DSP_MULTIPLIER.V<43>
                         DSP_M_DATA (Prop_DSP_M_DATA_V[43]_V_DATA[43])
                                                      0.046     1.000 r  u_my_ip/u_axi4_mapping/u_gemv/u_pmau/dequant_mul/DSP_M_DATA_INST/V_DATA[43]
                         net (fo=1, unplaced)         0.000     1.000    u_my_ip/u_axi4_mapping/u_gemv/u_pmau/dequant_mul/DSP_M_DATA.V_DATA<43>
                         DSP_ALU (Prop_DSP_ALU_V_DATA[43]_ALU_OUT[47])
                                                      0.571     1.571 f  u_my_ip/u_axi4_mapping/u_gemv/u_pmau/dequant_mul/DSP_ALU_INST/ALU_OUT[47]
                         net (fo=1, unplaced)         0.000     1.571    u_my_ip/u_axi4_mapping/u_gemv/u_pmau/dequant_mul/DSP_ALU.ALU_OUT<47>
                         DSP_OUTPUT (Prop_DSP_OUTPUT_ALU_OUT[47]_PCOUT[47])
                                                      0.122     1.693 r  u_my_ip/u_axi4_mapping/u_gemv/u_pmau/dequant_mul/DSP_OUTPUT_INST/PCOUT[47]
                         net (fo=1, unplaced)         0.014     1.707    u_my_ip/u_axi4_mapping/u_gemv/u_pmau/dequant_mul__0/PCIN[47]
                         DSP_ALU (Prop_DSP_ALU_PCIN[47]_ALU_OUT[25])
                                                      0.546     2.253 f  u_my_ip/u_axi4_mapping/u_gemv/u_pmau/dequant_mul__0/DSP_ALU_INST/ALU_OUT[25]
                         net (fo=1, unplaced)         0.000     2.253    u_my_ip/u_axi4_mapping/u_gemv/u_pmau/dequant_mul__0/DSP_ALU.ALU_OUT<25>
                         DSP_OUTPUT (Prop_DSP_OUTPUT_ALU_OUT[25]_P[25])
                                                      0.109     2.362 r  u_my_ip/u_axi4_mapping/u_gemv/u_pmau/dequant_mul__0/DSP_OUTPUT_INST/P[25]
                         net (fo=1, unplaced)         0.161     2.523    u_my_ip/u_axi4_mapping/u_gemv/u_pmau/dequant_mul__0_n_80
                         LUT3 (Prop_LUT3_I2_O)        0.100     2.623 r  u_my_ip/u_axi4_mapping/u_gemv/u_pmau/deq_s2_value[27]_i_1/O
                         net (fo=1, unplaced)         0.048     2.671    u_my_ip/u_axi4_mapping/u_gemv/u_pmau/result_final_value[27]
                         FDRE                                         r  u_my_ip/u_axi4_mapping/u_gemv/u_pmau/deq_s2_value_reg[27]/D
  -------------------------------------------------------------------    -------------------

                         (clock s00_axi_aclk rise edge)
                                                      3.333     3.333 r  
                                                      0.000     3.333 r  s00_axi_aclk (IN)
                         net (fo=3355, unset)         0.021     3.354    u_my_ip/u_axi4_mapping/u_gemv/u_pmau/s00_axi_aclk
                         FDRE                                         r  u_my_ip/u_axi4_mapping/u_gemv/u_pmau/deq_s2_value_reg[27]/C
                         clock pessimism              0.000     3.354    
                         clock uncertainty           -0.035     3.319    
                         FDRE (Setup_FDRE_C_D)        0.025     3.344    u_my_ip/u_axi4_mapping/u_gemv/u_pmau/deq_s2_value_reg[27]
  -------------------------------------------------------------------
                         required time                          3.344    
                         arrival time                          -2.671    
  -------------------------------------------------------------------
                         slack                                  0.673    

Slack (MET) :             0.675ns  (required time - arrival time)
  Source:                 u_my_ip/u_axi4_mapping/u_gemv/u_pmau/dequant_mul/DSP_A_B_DATA_INST/CLK
                            (rising edge-triggered cell DSP_A_B_DATA clocked by s00_axi_aclk  {rise@0.000ns fall@1.666ns period=3.333ns})
  Destination:            u_my_ip/u_axi4_mapping/u_gemv/u_pmau/deq_s2_value_reg[2]/D
                            (rising edge-triggered cell FDRE clocked by s00_axi_aclk  {rise@0.000ns fall@1.666ns period=3.333ns})
  Path Group:             s00_axi_aclk
  Path Type:              Setup (Max at Slow Process Corner)
  Requirement:            3.333ns  (s00_axi_aclk rise@3.333ns - s00_axi_aclk rise@0.000ns)
  Data Path Delay:        2.609ns  (logic 2.341ns (89.728%)  route 0.268ns (10.272%))
  Logic Levels:           8  (DSP_ALU=2 DSP_M_DATA=1 DSP_MULTIPLIER=1 DSP_OUTPUT=2 DSP_PREADD_DATA=1 LUT3=1)
  Clock Path Skew:        -0.039ns (DCD - SCD + CPR)
    Destination Clock Delay (DCD):    0.021ns = ( 3.354 - 3.333 ) 
    Source Clock Delay      (SCD):    0.060ns
    Clock Pessimism Removal (CPR):    0.000ns
  Clock Uncertainty:      0.035ns  ((TSJ^2 + TIJ^2)^1/2 + DJ) / 2 + PE
    Total System Jitter     (TSJ):    0.071ns
    Total Input Jitter      (TIJ):    0.000ns
    Discrete Jitter          (DJ):    0.000ns
    Phase Error              (PE):    0.000ns

    Location             Delay type                Incr(ns)  Path(ns)    Netlist Resource(s)
  -------------------------------------------------------------------    -------------------
                         (clock s00_axi_aclk rise edge)
                                                      0.000     0.000 r  
                                                      0.000     0.000 r  s00_axi_aclk (IN)
                         net (fo=3355, unset)         0.060     0.060    u_my_ip/u_axi4_mapping/u_gemv/u_pmau/dequant_mul/CLK
                         DSP_A_B_DATA                                 r  u_my_ip/u_axi4_mapping/u_gemv/u_pmau/dequant_mul/DSP_A_B_DATA_INST/CLK
  -------------------------------------------------------------------    -------------------
                         DSP_A_B_DATA (Prop_DSP_A_B_DATA_CLK_B2_DATA[17])
                                                      0.212     0.272 r  u_my_ip/u_axi4_mapping/u_gemv/u_pmau/dequant_mul/DSP_A_B_DATA_INST/B2_DATA[17]
                         net (fo=1, unplaced)         0.000     0.272    u_my_ip/u_axi4_mapping/u_gemv/u_pmau/dequant_mul/DSP_A_B_DATA.B2_DATA<17>
                         DSP_PREADD_DATA (Prop_DSP_PREADD_DATA_B2_DATA[17]_B2B1[17])
                                                      0.073     0.345 r  u_my_ip/u_axi4_mapping/u_gemv/u_pmau/dequant_mul/DSP_PREADD_DATA_INST/B2B1[17]
                         net (fo=1, unplaced)         0.000     0.345    u_my_ip/u_axi4_mapping/u_gemv/u_pmau/dequant_mul/DSP_PREADD_DATA.B2B1<17>
                         DSP_MULTIPLIER (Prop_DSP_MULTIPLIER_B2B1[17]_V[43])
                                                      0.609     0.954 f  u_my_ip/u_axi4_mapping/u_gemv/u_pmau/dequant_mul/DSP_MULTIPLIER_INST/V[43]
                         net (fo=1, unplaced)         0.000     0.954    u_my_ip/u_axi4_mapping/u_gemv/u_pmau/dequant_mul/DSP_MULTIPLIER.V<43>
                         DSP_M_DATA (Prop_DSP_M_DATA_V[43]_V_DATA[43])
                                                      0.046     1.000 r  u_my_ip/u_axi4_mapping/u_gemv/u_pmau/dequant_mul/DSP_M_DATA_INST/V_DATA[43]
                         net (fo=1, unplaced)         0.000     1.000    u_my_ip/u_axi4_mapping/u_gemv/u_pmau/dequant_mul/DSP_M_DATA.V_DATA<43>
                         DSP_ALU (Prop_DSP_ALU_V_DATA[43]_ALU_OUT[47])
                                                      0.571     1.571 f  u_my_ip/u_axi4_mapping/u_gemv/u_pmau/dequant_mul/DSP_ALU_INST/ALU_OUT[47]
                         net (fo=1, unplaced)         0.000     1.571    u_my_ip/u_axi4_mapping/u_gemv/u_pmau/dequant_mul/DSP_ALU.ALU_OUT<47>
                         DSP_OUTPUT (Prop_DSP_OUTPUT_ALU_OUT[47]_PCOUT[47])
                                                      0.122     1.693 r  u_my_ip/u_axi4_mapping/u_gemv/u_pmau/dequant_mul/DSP_OUTPUT_INST/PCOUT[47]
                         net (fo=1, unplaced)         0.014     1.707    u_my_ip/u_axi4_mapping/u_gemv/u_pmau/dequant_mul__0/PCIN[47]
                         DSP_ALU (Prop_DSP_ALU_PCIN[47]_ALU_OUT[0])
                                                      0.546     2.253 f  u_my_ip/u_axi4_mapping/u_gemv/u_pmau/dequant_mul__0/DSP_ALU_INST/ALU_OUT[0]
                         net (fo=1, unplaced)         0.000     2.253    u_my_ip/u_axi4_mapping/u_gemv/u_pmau/dequant_mul__0/DSP_ALU.ALU_OUT<0>
                         DSP_OUTPUT (Prop_DSP_OUTPUT_ALU_OUT[0]_P[0])
                                                      0.109     2.362 r  u_my_ip/u_axi4_mapping/u_gemv/u_pmau/dequant_mul__0/DSP_OUTPUT_INST/P[0]
                         net (fo=1, unplaced)         0.206     2.568    u_my_ip/u_axi4_mapping/u_gemv/u_pmau/dequant_mul__0_n_105
                         LUT3 (Prop_LUT3_I2_O)        0.053     2.621 r  u_my_ip/u_axi4_mapping/u_gemv/u_pmau/deq_s2_value[2]_i_1/O
                         net (fo=1, unplaced)         0.048     2.669    u_my_ip/u_axi4_mapping/u_gemv/u_pmau/result_final_value[2]
                         FDRE                                         r  u_my_ip/u_axi4_mapping/u_gemv/u_pmau/deq_s2_value_reg[2]/D
  -------------------------------------------------------------------    -------------------

                         (clock s00_axi_aclk rise edge)
                                                      3.333     3.333 r  
                                                      0.000     3.333 r  s00_axi_aclk (IN)
                         net (fo=3355, unset)         0.021     3.354    u_my_ip/u_axi4_mapping/u_gemv/u_pmau/s00_axi_aclk
                         FDRE                                         r  u_my_ip/u_axi4_mapping/u_gemv/u_pmau/deq_s2_value_reg[2]/C
                         clock pessimism              0.000     3.354    
                         clock uncertainty           -0.035     3.319    
                         FDRE (Setup_FDRE_C_D)        0.025     3.344    u_my_ip/u_axi4_mapping/u_gemv/u_pmau/deq_s2_value_reg[2]
  -------------------------------------------------------------------
                         required time                          3.344    
                         arrival time                          -2.669    
  -------------------------------------------------------------------
                         slack                                  0.675    

Slack (MET) :             0.675ns  (required time - arrival time)
  Source:                 u_my_ip/u_axi4_mapping/u_gemv/u_pmau/dequant_mul/DSP_A_B_DATA_INST/CLK
                            (rising edge-triggered cell DSP_A_B_DATA clocked by s00_axi_aclk  {rise@0.000ns fall@1.666ns period=3.333ns})
  Destination:            u_my_ip/u_axi4_mapping/u_gemv/u_pmau/deq_s2_value_reg[19]/D
                            (rising edge-triggered cell FDRE clocked by s00_axi_aclk  {rise@0.000ns fall@1.666ns period=3.333ns})
  Path Group:             s00_axi_aclk
  Path Type:              Setup (Max at Slow Process Corner)
  Requirement:            3.333ns  (s00_axi_aclk rise@3.333ns - s00_axi_aclk rise@0.000ns)
  Data Path Delay:        2.609ns  (logic 2.388ns (91.529%)  route 0.221ns (8.471%))
  Logic Levels:           8  (DSP_ALU=2 DSP_M_DATA=1 DSP_MULTIPLIER=1 DSP_OUTPUT=2 DSP_PREADD_DATA=1 LUT3=1)
  Clock Path Skew:        -0.039ns (DCD - SCD + CPR)
    Destination Clock Delay (DCD):    0.021ns = ( 3.354 - 3.333 ) 
    Source Clock Delay      (SCD):    0.060ns
    Clock Pessimism Removal (CPR):    0.000ns
  Clock Uncertainty:      0.035ns  ((TSJ^2 + TIJ^2)^1/2 + DJ) / 2 + PE
    Total System Jitter     (TSJ):    0.071ns
    Total Input Jitter      (TIJ):    0.000ns
    Discrete Jitter          (DJ):    0.000ns
    Phase Error              (PE):    0.000ns

    Location             Delay type                Incr(ns)  Path(ns)    Netlist Resource(s)
  -------------------------------------------------------------------    -------------------
                         (clock s00_axi_aclk rise edge)
                                                      0.000     0.000 r  
                                                      0.000     0.000 r  s00_axi_aclk (IN)
                         net (fo=3355, unset)         0.060     0.060    u_my_ip/u_axi4_mapping/u_gemv/u_pmau/dequant_mul/CLK
                         DSP_A_B_DATA                                 r  u_my_ip/u_axi4_mapping/u_gemv/u_pmau/dequant_mul/DSP_A_B_DATA_INST/CLK
  -------------------------------------------------------------------    -------------------
                         DSP_A_B_DATA (Prop_DSP_A_B_DATA_CLK_B2_DATA[17])
                                                      0.212     0.272 r  u_my_ip/u_axi4_mapping/u_gemv/u_pmau/dequant_mul/DSP_A_B_DATA_INST/B2_DATA[17]
                         net (fo=1, unplaced)         0.000     0.272    u_my_ip/u_axi4_mapping/u_gemv/u_pmau/dequant_mul/DSP_A_B_DATA.B2_DATA<17>
                         DSP_PREADD_DATA (Prop_DSP_PREADD_DATA_B2_DATA[17]_B2B1[17])
                                                      0.073     0.345 r  u_my_ip/u_axi4_mapping/u_gemv/u_pmau/dequant_mul/DSP_PREADD_DATA_INST/B2B1[17]
                         net (fo=1, unplaced)         0.000     0.345    u_my_ip/u_axi4_mapping/u_gemv/u_pmau/dequant_mul/DSP_PREADD_DATA.B2B1<17>
                         DSP_MULTIPLIER (Prop_DSP_MULTIPLIER_B2B1[17]_V[43])
                                                      0.609     0.954 f  u_my_ip/u_axi4_mapping/u_gemv/u_pmau/dequant_mul/DSP_MULTIPLIER_INST/V[43]
                         net (fo=1, unplaced)         0.000     0.954    u_my_ip/u_axi4_mapping/u_gemv/u_pmau/dequant_mul/DSP_MULTIPLIER.V<43>
                         DSP_M_DATA (Prop_DSP_M_DATA_V[43]_V_DATA[43])
                                                      0.046     1.000 r  u_my_ip/u_axi4_mapping/u_gemv/u_pmau/dequant_mul/DSP_M_DATA_INST/V_DATA[43]
                         net (fo=1, unplaced)         0.000     1.000    u_my_ip/u_axi4_mapping/u_gemv/u_pmau/dequant_mul/DSP_M_DATA.V_DATA<43>
                         DSP_ALU (Prop_DSP_ALU_V_DATA[43]_ALU_OUT[47])
                                                      0.571     1.571 f  u_my_ip/u_axi4_mapping/u_gemv/u_pmau/dequant_mul/DSP_ALU_INST/ALU_OUT[47]
                         net (fo=1, unplaced)         0.000     1.571    u_my_ip/u_axi4_mapping/u_gemv/u_pmau/dequant_mul/DSP_ALU.ALU_OUT<47>
                         DSP_OUTPUT (Prop_DSP_OUTPUT_ALU_OUT[47]_PCOUT[47])
                                                      0.122     1.693 r  u_my_ip/u_axi4_mapping/u_gemv/u_pmau/dequant_mul/DSP_OUTPUT_INST/PCOUT[47]
                         net (fo=1, unplaced)         0.014     1.707    u_my_ip/u_axi4_mapping/u_gemv/u_pmau/dequant_mul__0/PCIN[47]
                         DSP_ALU (Prop_DSP_ALU_PCIN[47]_ALU_OUT[17])
                                                      0.546     2.253 f  u_my_ip/u_axi4_mapping/u_gemv/u_pmau/dequant_mul__0/DSP_ALU_INST/ALU_OUT[17]
                         net (fo=1, unplaced)         0.000     2.253    u_my_ip/u_axi4_mapping/u_gemv/u_pmau/dequant_mul__0/DSP_ALU.ALU_OUT<17>
                         DSP_OUTPUT (Prop_DSP_OUTPUT_ALU_OUT[17]_P[17])
                                                      0.109     2.362 r  u_my_ip/u_axi4_mapping/u_gemv/u_pmau/dequant_mul__0/DSP_OUTPUT_INST/P[17]
                         net (fo=1, unplaced)         0.159     2.521    u_my_ip/u_axi4_mapping/u_gemv/u_pmau/dequant_mul__0_n_88
                         LUT3 (Prop_LUT3_I2_O)        0.100     2.621 r  u_my_ip/u_axi4_mapping/u_gemv/u_pmau/deq_s2_value[19]_i_1/O
                         net (fo=1, unplaced)         0.048     2.669    u_my_ip/u_axi4_mapping/u_gemv/u_pmau/result_final_value[19]
                         FDRE                                         r  u_my_ip/u_axi4_mapping/u_gemv/u_pmau/deq_s2_value_reg[19]/D
  -------------------------------------------------------------------    -------------------

                         (clock s00_axi_aclk rise edge)
                                                      3.333     3.333 r  
                                                      0.000     3.333 r  s00_axi_aclk (IN)
                         net (fo=3355, unset)         0.021     3.354    u_my_ip/u_axi4_mapping/u_gemv/u_pmau/s00_axi_aclk
                         FDRE                                         r  u_my_ip/u_axi4_mapping/u_gemv/u_pmau/deq_s2_value_reg[19]/C
                         clock pessimism              0.000     3.354    
                         clock uncertainty           -0.035     3.319    
                         FDRE (Setup_FDRE_C_D)        0.025     3.344    u_my_ip/u_axi4_mapping/u_gemv/u_pmau/deq_s2_value_reg[19]
  -------------------------------------------------------------------
                         required time                          3.344    
                         arrival time                          -2.669    
  -------------------------------------------------------------------
                         slack                                  0.675    

Slack (MET) :             0.676ns  (required time - arrival time)
  Source:                 u_my_ip/u_axi4_mapping/u_gemv/u_pmau/dequant_mul/DSP_A_B_DATA_INST/CLK
                            (rising edge-triggered cell DSP_A_B_DATA clocked by s00_axi_aclk  {rise@0.000ns fall@1.666ns period=3.333ns})
  Destination:            u_my_ip/u_axi4_mapping/u_gemv/u_pmau/deq_s2_value_reg[11]/D
                            (rising edge-triggered cell FDRE clocked by s00_axi_aclk  {rise@0.000ns fall@1.666ns period=3.333ns})
  Path Group:             s00_axi_aclk
  Path Type:              Setup (Max at Slow Process Corner)
  Requirement:            3.333ns  (s00_axi_aclk rise@3.333ns - s00_axi_aclk rise@0.000ns)
  Data Path Delay:        2.608ns  (logic 2.388ns (91.564%)  route 0.220ns (8.436%))
  Logic Levels:           8  (DSP_ALU=2 DSP_M_DATA=1 DSP_MULTIPLIER=1 DSP_OUTPUT=2 DSP_PREADD_DATA=1 LUT3=1)
  Clock Path Skew:        -0.039ns (DCD - SCD + CPR)
    Destination Clock Delay (DCD):    0.021ns = ( 3.354 - 3.333 ) 
    Source Clock Delay      (SCD):    0.060ns
    Clock Pessimism Removal (CPR):    0.000ns
  Clock Uncertainty:      0.035ns  ((TSJ^2 + TIJ^2)^1/2 + DJ) / 2 + PE
    Total System Jitter     (TSJ):    0.071ns
    Total Input Jitter      (TIJ):    0.000ns
    Discrete Jitter          (DJ):    0.000ns
    Phase Error              (PE):    0.000ns

    Location             Delay type                Incr(ns)  Path(ns)    Netlist Resource(s)
  -------------------------------------------------------------------    -------------------
                         (clock s00_axi_aclk rise edge)
                                                      0.000     0.000 r  
                                                      0.000     0.000 r  s00_axi_aclk (IN)
                         net (fo=3355, unset)         0.060     0.060    u_my_ip/u_axi4_mapping/u_gemv/u_pmau/dequant_mul/CLK
                         DSP_A_B_DATA                                 r  u_my_ip/u_axi4_mapping/u_gemv/u_pmau/dequant_mul/DSP_A_B_DATA_INST/CLK
  -------------------------------------------------------------------    -------------------
                         DSP_A_B_DATA (Prop_DSP_A_B_DATA_CLK_B2_DATA[17])
                                                      0.212     0.272 r  u_my_ip/u_axi4_mapping/u_gemv/u_pmau/dequant_mul/DSP_A_B_DATA_INST/B2_DATA[17]
                         net (fo=1, unplaced)         0.000     0.272    u_my_ip/u_axi4_mapping/u_gemv/u_pmau/dequant_mul/DSP_A_B_DATA.B2_DATA<17>
                         DSP_PREADD_DATA (Prop_DSP_PREADD_DATA_B2_DATA[17]_B2B1[17])
                                                      0.073     0.345 r  u_my_ip/u_axi4_mapping/u_gemv/u_pmau/dequant_mul/DSP_PREADD_DATA_INST/B2B1[17]
                         net (fo=1, unplaced)         0.000     0.345    u_my_ip/u_axi4_mapping/u_gemv/u_pmau/dequant_mul/DSP_PREADD_DATA.B2B1<17>
                         DSP_MULTIPLIER (Prop_DSP_MULTIPLIER_B2B1[17]_V[43])
                                                      0.609     0.954 f  u_my_ip/u_axi4_mapping/u_gemv/u_pmau/dequant_mul/DSP_MULTIPLIER_INST/V[43]
                         net (fo=1, unplaced)         0.000     0.954    u_my_ip/u_axi4_mapping/u_gemv/u_pmau/dequant_mul/DSP_MULTIPLIER.V<43>
                         DSP_M_DATA (Prop_DSP_M_DATA_V[43]_V_DATA[43])
                                                      0.046     1.000 r  u_my_ip/u_axi4_mapping/u_gemv/u_pmau/dequant_mul/DSP_M_DATA_INST/V_DATA[43]
                         net (fo=1, unplaced)         0.000     1.000    u_my_ip/u_axi4_mapping/u_gemv/u_pmau/dequant_mul/DSP_M_DATA.V_DATA<43>
                         DSP_ALU (Prop_DSP_ALU_V_DATA[43]_ALU_OUT[47])
                                                      0.571     1.571 f  u_my_ip/u_axi4_mapping/u_gemv/u_pmau/dequant_mul/DSP_ALU_INST/ALU_OUT[47]
                         net (fo=1, unplaced)         0.000     1.571    u_my_ip/u_axi4_mapping/u_gemv/u_pmau/dequant_mul/DSP_ALU.ALU_OUT<47>
                         DSP_OUTPUT (Prop_DSP_OUTPUT_ALU_OUT[47]_PCOUT[47])
                                                      0.122     1.693 r  u_my_ip/u_axi4_mapping/u_gemv/u_pmau/dequant_mul/DSP_OUTPUT_INST/PCOUT[47]
                         net (fo=1, unplaced)         0.014     1.707    u_my_ip/u_axi4_mapping/u_gemv/u_pmau/dequant_mul__0/PCIN[47]
                         DSP_ALU (Prop_DSP_ALU_PCIN[47]_ALU_OUT[9])
                                                      0.546     2.253 f  u_my_ip/u_axi4_mapping/u_gemv/u_pmau/dequant_mul__0/DSP_ALU_INST/ALU_OUT[9]
                         net (fo=1, unplaced)         0.000     2.253    u_my_ip/u_axi4_mapping/u_gemv/u_pmau/dequant_mul__0/DSP_ALU.ALU_OUT<9>
                         DSP_OUTPUT (Prop_DSP_OUTPUT_ALU_OUT[9]_P[9])
                                                      0.109     2.362 r  u_my_ip/u_axi4_mapping/u_gemv/u_pmau/dequant_mul__0/DSP_OUTPUT_INST/P[9]
                         net (fo=1, unplaced)         0.158     2.520    u_my_ip/u_axi4_mapping/u_gemv/u_pmau/dequant_mul__0_n_96
                         LUT3 (Prop_LUT3_I2_O)        0.100     2.620 r  u_my_ip/u_axi4_mapping/u_gemv/u_pmau/deq_s2_value[11]_i_1/O
                         net (fo=1, unplaced)         0.048     2.668    u_my_ip/u_axi4_mapping/u_gemv/u_pmau/result_final_value[11]
                         FDRE                                         r  u_my_ip/u_axi4_mapping/u_gemv/u_pmau/deq_s2_value_reg[11]/D
  -------------------------------------------------------------------    -------------------

                         (clock s00_axi_aclk rise edge)
                                                      3.333     3.333 r  
                                                      0.000     3.333 r  s00_axi_aclk (IN)
                         net (fo=3355, unset)         0.021     3.354    u_my_ip/u_axi4_mapping/u_gemv/u_pmau/s00_axi_aclk
                         FDRE                                         r  u_my_ip/u_axi4_mapping/u_gemv/u_pmau/deq_s2_value_reg[11]/C
                         clock pessimism              0.000     3.354    
                         clock uncertainty           -0.035     3.319    
                         FDRE (Setup_FDRE_C_D)        0.025     3.344    u_my_ip/u_axi4_mapping/u_gemv/u_pmau/deq_s2_value_reg[11]
  -------------------------------------------------------------------
                         required time                          3.344    
                         arrival time                          -2.668    
  -------------------------------------------------------------------
                         slack                                  0.676    

Slack (MET) :             0.676ns  (required time - arrival time)
  Source:                 u_my_ip/u_axi4_mapping/u_gemv/u_pmau/dequant_mul/DSP_A_B_DATA_INST/CLK
                            (rising edge-triggered cell DSP_A_B_DATA clocked by s00_axi_aclk  {rise@0.000ns fall@1.666ns period=3.333ns})
  Destination:            u_my_ip/u_axi4_mapping/u_gemv/u_pmau/deq_s2_value_reg[13]/D
                            (rising edge-triggered cell FDRE clocked by s00_axi_aclk  {rise@0.000ns fall@1.666ns period=3.333ns})
  Path Group:             s00_axi_aclk
  Path Type:              Setup (Max at Slow Process Corner)
  Requirement:            3.333ns  (s00_axi_aclk rise@3.333ns - s00_axi_aclk rise@0.000ns)
  Data Path Delay:        2.608ns  (logic 2.388ns (91.564%)  route 0.220ns (8.436%))
  Logic Levels:           8  (DSP_ALU=2 DSP_M_DATA=1 DSP_MULTIPLIER=1 DSP_OUTPUT=2 DSP_PREADD_DATA=1 LUT3=1)
  Clock Path Skew:        -0.039ns (DCD - SCD + CPR)
    Destination Clock Delay (DCD):    0.021ns = ( 3.354 - 3.333 ) 
    Source Clock Delay      (SCD):    0.060ns
    Clock Pessimism Removal (CPR):    0.000ns
  Clock Uncertainty:      0.035ns  ((TSJ^2 + TIJ^2)^1/2 + DJ) / 2 + PE
    Total System Jitter     (TSJ):    0.071ns
    Total Input Jitter      (TIJ):    0.000ns
    Discrete Jitter          (DJ):    0.000ns
    Phase Error              (PE):    0.000ns

    Location             Delay type                Incr(ns)  Path(ns)    Netlist Resource(s)
  -------------------------------------------------------------------    -------------------
                         (clock s00_axi_aclk rise edge)
                                                      0.000     0.000 r  
                                                      0.000     0.000 r  s00_axi_aclk (IN)
                         net (fo=3355, unset)         0.060     0.060    u_my_ip/u_axi4_mapping/u_gemv/u_pmau/dequant_mul/CLK
                         DSP_A_B_DATA                                 r  u_my_ip/u_axi4_mapping/u_gemv/u_pmau/dequant_mul/DSP_A_B_DATA_INST/CLK
  -------------------------------------------------------------------    -------------------
                         DSP_A_B_DATA (Prop_DSP_A_B_DATA_CLK_B2_DATA[17])
                                                      0.212     0.272 r  u_my_ip/u_axi4_mapping/u_gemv/u_pmau/dequant_mul/DSP_A_B_DATA_INST/B2_DATA[17]
                         net (fo=1, unplaced)         0.000     0.272    u_my_ip/u_axi4_mapping/u_gemv/u_pmau/dequant_mul/DSP_A_B_DATA.B2_DATA<17>
                         DSP_PREADD_DATA (Prop_DSP_PREADD_DATA_B2_DATA[17]_B2B1[17])
                                                      0.073     0.345 r  u_my_ip/u_axi4_mapping/u_gemv/u_pmau/dequant_mul/DSP_PREADD_DATA_INST/B2B1[17]
                         net (fo=1, unplaced)         0.000     0.345    u_my_ip/u_axi4_mapping/u_gemv/u_pmau/dequant_mul/DSP_PREADD_DATA.B2B1<17>
                         DSP_MULTIPLIER (Prop_DSP_MULTIPLIER_B2B1[17]_V[43])
                                                      0.609     0.954 f  u_my_ip/u_axi4_mapping/u_gemv/u_pmau/dequant_mul/DSP_MULTIPLIER_INST/V[43]
                         net (fo=1, unplaced)         0.000     0.954    u_my_ip/u_axi4_mapping/u_gemv/u_pmau/dequant_mul/DSP_MULTIPLIER.V<43>
                         DSP_M_DATA (Prop_DSP_M_DATA_V[43]_V_DATA[43])
                                                      0.046     1.000 r  u_my_ip/u_axi4_mapping/u_gemv/u_pmau/dequant_mul/DSP_M_DATA_INST/V_DATA[43]
                         net (fo=1, unplaced)         0.000     1.000    u_my_ip/u_axi4_mapping/u_gemv/u_pmau/dequant_mul/DSP_M_DATA.V_DATA<43>
                         DSP_ALU (Prop_DSP_ALU_V_DATA[43]_ALU_OUT[47])
                                                      0.571     1.571 f  u_my_ip/u_axi4_mapping/u_gemv/u_pmau/dequant_mul/DSP_ALU_INST/ALU_OUT[47]
                         net (fo=1, unplaced)         0.000     1.571    u_my_ip/u_axi4_mapping/u_gemv/u_pmau/dequant_mul/DSP_ALU.ALU_OUT<47>
                         DSP_OUTPUT (Prop_DSP_OUTPUT_ALU_OUT[47]_PCOUT[47])
                                                      0.122     1.693 r  u_my_ip/u_axi4_mapping/u_gemv/u_pmau/dequant_mul/DSP_OUTPUT_INST/PCOUT[47]
                         net (fo=1, unplaced)         0.014     1.707    u_my_ip/u_axi4_mapping/u_gemv/u_pmau/dequant_mul__0/PCIN[47]
                         DSP_ALU (Prop_DSP_ALU_PCIN[47]_ALU_OUT[11])
                                                      0.546     2.253 f  u_my_ip/u_axi4_mapping/u_gemv/u_pmau/dequant_mul__0/DSP_ALU_INST/ALU_OUT[11]
                         net (fo=1, unplaced)         0.000     2.253    u_my_ip/u_axi4_mapping/u_gemv/u_pmau/dequant_mul__0/DSP_ALU.ALU_OUT<11>
                         DSP_OUTPUT (Prop_DSP_OUTPUT_ALU_OUT[11]_P[11])
                                                      0.109     2.362 r  u_my_ip/u_axi4_mapping/u_gemv/u_pmau/dequant_mul__0/DSP_OUTPUT_INST/P[11]
                         net (fo=1, unplaced)         0.158     2.520    u_my_ip/u_axi4_mapping/u_gemv/u_pmau/dequant_mul__0_n_94
                         LUT3 (Prop_LUT3_I2_O)        0.100     2.620 r  u_my_ip/u_axi4_mapping/u_gemv/u_pmau/deq_s2_value[13]_i_1/O
                         net (fo=1, unplaced)         0.048     2.668    u_my_ip/u_axi4_mapping/u_gemv/u_pmau/result_final_value[13]
                         FDRE                                         r  u_my_ip/u_axi4_mapping/u_gemv/u_pmau/deq_s2_value_reg[13]/D
  -------------------------------------------------------------------    -------------------

                         (clock s00_axi_aclk rise edge)
                                                      3.333     3.333 r  
                                                      0.000     3.333 r  s00_axi_aclk (IN)
                         net (fo=3355, unset)         0.021     3.354    u_my_ip/u_axi4_mapping/u_gemv/u_pmau/s00_axi_aclk
                         FDRE                                         r  u_my_ip/u_axi4_mapping/u_gemv/u_pmau/deq_s2_value_reg[13]/C
                         clock pessimism              0.000     3.354    
                         clock uncertainty           -0.035     3.319    
                         FDRE (Setup_FDRE_C_D)        0.025     3.344    u_my_ip/u_axi4_mapping/u_gemv/u_pmau/deq_s2_value_reg[13]
  -------------------------------------------------------------------
                         required time                          3.344    
                         arrival time                          -2.668    
  -------------------------------------------------------------------
                         slack                                  0.676    

Slack (MET) :             0.676ns  (required time - arrival time)
  Source:                 u_my_ip/u_axi4_mapping/u_gemv/u_pmau/dequant_mul/DSP_A_B_DATA_INST/CLK
                            (rising edge-triggered cell DSP_A_B_DATA clocked by s00_axi_aclk  {rise@0.000ns fall@1.666ns period=3.333ns})
  Destination:            u_my_ip/u_axi4_mapping/u_gemv/u_pmau/deq_s2_value_reg[3]/D
                            (rising edge-triggered cell FDRE clocked by s00_axi_aclk  {rise@0.000ns fall@1.666ns period=3.333ns})
  Path Group:             s00_axi_aclk
  Path Type:              Setup (Max at Slow Process Corner)
  Requirement:            3.333ns  (s00_axi_aclk rise@3.333ns - s00_axi_aclk rise@0.000ns)
  Data Path Delay:        2.608ns  (logic 2.388ns (91.564%)  route 0.220ns (8.436%))
  Logic Levels:           8  (DSP_ALU=2 DSP_M_DATA=1 DSP_MULTIPLIER=1 DSP_OUTPUT=2 DSP_PREADD_DATA=1 LUT3=1)
  Clock Path Skew:        -0.039ns (DCD - SCD + CPR)
    Destination Clock Delay (DCD):    0.021ns = ( 3.354 - 3.333 ) 
    Source Clock Delay      (SCD):    0.060ns
    Clock Pessimism Removal (CPR):    0.000ns
  Clock Uncertainty:      0.035ns  ((TSJ^2 + TIJ^2)^1/2 + DJ) / 2 + PE
    Total System Jitter     (TSJ):    0.071ns
    Total Input Jitter      (TIJ):    0.000ns
    Discrete Jitter          (DJ):    0.000ns
    Phase Error              (PE):    0.000ns

    Location             Delay type                Incr(ns)  Path(ns)    Netlist Resource(s)
  -------------------------------------------------------------------    -------------------
                         (clock s00_axi_aclk rise edge)
                                                      0.000     0.000 r  
                                                      0.000     0.000 r  s00_axi_aclk (IN)
                         net (fo=3355, unset)         0.060     0.060    u_my_ip/u_axi4_mapping/u_gemv/u_pmau/dequant_mul/CLK
                         DSP_A_B_DATA                                 r  u_my_ip/u_axi4_mapping/u_gemv/u_pmau/dequant_mul/DSP_A_B_DATA_INST/CLK
  -------------------------------------------------------------------    -------------------
                         DSP_A_B_DATA (Prop_DSP_A_B_DATA_CLK_B2_DATA[17])
                                                      0.212     0.272 r  u_my_ip/u_axi4_mapping/u_gemv/u_pmau/dequant_mul/DSP_A_B_DATA_INST/B2_DATA[17]
                         net (fo=1, unplaced)         0.000     0.272    u_my_ip/u_axi4_mapping/u_gemv/u_pmau/dequant_mul/DSP_A_B_DATA.B2_DATA<17>
                         DSP_PREADD_DATA (Prop_DSP_PREADD_DATA_B2_DATA[17]_B2B1[17])
                                                      0.073     0.345 r  u_my_ip/u_axi4_mapping/u_gemv/u_pmau/dequant_mul/DSP_PREADD_DATA_INST/B2B1[17]
                         net (fo=1, unplaced)         0.000     0.345    u_my_ip/u_axi4_mapping/u_gemv/u_pmau/dequant_mul/DSP_PREADD_DATA.B2B1<17>
                         DSP_MULTIPLIER (Prop_DSP_MULTIPLIER_B2B1[17]_V[43])
                                                      0.609     0.954 f  u_my_ip/u_axi4_mapping/u_gemv/u_pmau/dequant_mul/DSP_MULTIPLIER_INST/V[43]
                         net (fo=1, unplaced)         0.000     0.954    u_my_ip/u_axi4_mapping/u_gemv/u_pmau/dequant_mul/DSP_MULTIPLIER.V<43>
                         DSP_M_DATA (Prop_DSP_M_DATA_V[43]_V_DATA[43])
                                                      0.046     1.000 r  u_my_ip/u_axi4_mapping/u_gemv/u_pmau/dequant_mul/DSP_M_DATA_INST/V_DATA[43]
                         net (fo=1, unplaced)         0.000     1.000    u_my_ip/u_axi4_mapping/u_gemv/u_pmau/dequant_mul/DSP_M_DATA.V_DATA<43>
                         DSP_ALU (Prop_DSP_ALU_V_DATA[43]_ALU_OUT[47])
                                                      0.571     1.571 f  u_my_ip/u_axi4_mapping/u_gemv/u_pmau/dequant_mul/DSP_ALU_INST/ALU_OUT[47]
                         net (fo=1, unplaced)         0.000     1.571    u_my_ip/u_axi4_mapping/u_gemv/u_pmau/dequant_mul/DSP_ALU.ALU_OUT<47>
                         DSP_OUTPUT (Prop_DSP_OUTPUT_ALU_OUT[47]_PCOUT[47])
                                                      0.122     1.693 r  u_my_ip/u_axi4_mapping/u_gemv/u_pmau/dequant_mul/DSP_OUTPUT_INST/PCOUT[47]
                         net (fo=1, unplaced)         0.014     1.707    u_my_ip/u_axi4_mapping/u_gemv/u_pmau/dequant_mul__0/PCIN[47]
                         DSP_ALU (Prop_DSP_ALU_PCIN[47]_ALU_OUT[1])
                                                      0.546     2.253 f  u_my_ip/u_axi4_mapping/u_gemv/u_pmau/dequant_mul__0/DSP_ALU_INST/ALU_OUT[1]
                         net (fo=1, unplaced)         0.000     2.253    u_my_ip/u_axi4_mapping/u_gemv/u_pmau/dequant_mul__0/DSP_ALU.ALU_OUT<1>
                         DSP_OUTPUT (Prop_DSP_OUTPUT_ALU_OUT[1]_P[1])
                                                      0.109     2.362 r  u_my_ip/u_axi4_mapping/u_gemv/u_pmau/dequant_mul__0/DSP_OUTPUT_INST/P[1]
                         net (fo=1, unplaced)         0.158     2.520    u_my_ip/u_axi4_mapping/u_gemv/u_pmau/dequant_mul__0_n_104
                         LUT3 (Prop_LUT3_I2_O)        0.100     2.620 r  u_my_ip/u_axi4_mapping/u_gemv/u_pmau/deq_s2_value[3]_i_1/O
                         net (fo=1, unplaced)         0.048     2.668    u_my_ip/u_axi4_mapping/u_gemv/u_pmau/result_final_value[3]
                         FDRE                                         r  u_my_ip/u_axi4_mapping/u_gemv/u_pmau/deq_s2_value_reg[3]/D
  -------------------------------------------------------------------    -------------------

                         (clock s00_axi_aclk rise edge)
                                                      3.333     3.333 r  
                                                      0.000     3.333 r  s00_axi_aclk (IN)
                         net (fo=3355, unset)         0.021     3.354    u_my_ip/u_axi4_mapping/u_gemv/u_pmau/s00_axi_aclk
                         FDRE                                         r  u_my_ip/u_axi4_mapping/u_gemv/u_pmau/deq_s2_value_reg[3]/C
                         clock pessimism              0.000     3.354    
                         clock uncertainty           -0.035     3.319    
                         FDRE (Setup_FDRE_C_D)        0.025     3.344    u_my_ip/u_axi4_mapping/u_gemv/u_pmau/deq_s2_value_reg[3]
  -------------------------------------------------------------------
                         required time                          3.344    
                         arrival time                          -2.668    
  -------------------------------------------------------------------
                         slack                                  0.676    

Slack (MET) :             0.677ns  (required time - arrival time)
  Source:                 u_my_ip/u_axi4_mapping/u_gemv/u_pmau/dequant_mul/DSP_A_B_DATA_INST/CLK
                            (rising edge-triggered cell DSP_A_B_DATA clocked by s00_axi_aclk  {rise@0.000ns fall@1.666ns period=3.333ns})
  Destination:            u_my_ip/u_axi4_mapping/u_gemv/u_pmau/deq_s2_value_reg[16]/D
                            (rising edge-triggered cell FDRE clocked by s00_axi_aclk  {rise@0.000ns fall@1.666ns period=3.333ns})
  Path Group:             s00_axi_aclk
  Path Type:              Setup (Max at Slow Process Corner)
  Requirement:            3.333ns  (s00_axi_aclk rise@3.333ns - s00_axi_aclk rise@0.000ns)
  Data Path Delay:        2.607ns  (logic 2.341ns (89.797%)  route 0.266ns (10.203%))
  Logic Levels:           8  (DSP_ALU=2 DSP_M_DATA=1 DSP_MULTIPLIER=1 DSP_OUTPUT=2 DSP_PREADD_DATA=1 LUT3=1)
  Clock Path Skew:        -0.039ns (DCD - SCD + CPR)
    Destination Clock Delay (DCD):    0.021ns = ( 3.354 - 3.333 ) 
    Source Clock Delay      (SCD):    0.060ns
    Clock Pessimism Removal (CPR):    0.000ns
  Clock Uncertainty:      0.035ns  ((TSJ^2 + TIJ^2)^1/2 + DJ) / 2 + PE
    Total System Jitter     (TSJ):    0.071ns
    Total Input Jitter      (TIJ):    0.000ns
    Discrete Jitter          (DJ):    0.000ns
    Phase Error              (PE):    0.000ns

    Location             Delay type                Incr(ns)  Path(ns)    Netlist Resource(s)
  -------------------------------------------------------------------    -------------------
                         (clock s00_axi_aclk rise edge)
                                                      0.000     0.000 r  
                                                      0.000     0.000 r  s00_axi_aclk (IN)
                         net (fo=3355, unset)         0.060     0.060    u_my_ip/u_axi4_mapping/u_gemv/u_pmau/dequant_mul/CLK
                         DSP_A_B_DATA                                 r  u_my_ip/u_axi4_mapping/u_gemv/u_pmau/dequant_mul/DSP_A_B_DATA_INST/CLK
  -------------------------------------------------------------------    -------------------
                         DSP_A_B_DATA (Prop_DSP_A_B_DATA_CLK_B2_DATA[17])
                                                      0.212     0.272 r  u_my_ip/u_axi4_mapping/u_gemv/u_pmau/dequant_mul/DSP_A_B_DATA_INST/B2_DATA[17]
                         net (fo=1, unplaced)         0.000     0.272    u_my_ip/u_axi4_mapping/u_gemv/u_pmau/dequant_mul/DSP_A_B_DATA.B2_DATA<17>
                         DSP_PREADD_DATA (Prop_DSP_PREADD_DATA_B2_DATA[17]_B2B1[17])
                                                      0.073     0.345 r  u_my_ip/u_axi4_mapping/u_gemv/u_pmau/dequant_mul/DSP_PREADD_DATA_INST/B2B1[17]
                         net (fo=1, unplaced)         0.000     0.345    u_my_ip/u_axi4_mapping/u_gemv/u_pmau/dequant_mul/DSP_PREADD_DATA.B2B1<17>
                         DSP_MULTIPLIER (Prop_DSP_MULTIPLIER_B2B1[17]_V[43])
                                                      0.609     0.954 f  u_my_ip/u_axi4_mapping/u_gemv/u_pmau/dequant_mul/DSP_MULTIPLIER_INST/V[43]
                         net (fo=1, unplaced)         0.000     0.954    u_my_ip/u_axi4_mapping/u_gemv/u_pmau/dequant_mul/DSP_MULTIPLIER.V<43>
                         DSP_M_DATA (Prop_DSP_M_DATA_V[43]_V_DATA[43])
                                                      0.046     1.000 r  u_my_ip/u_axi4_mapping/u_gemv/u_pmau/dequant_mul/DSP_M_DATA_INST/V_DATA[43]
                         net (fo=1, unplaced)         0.000     1.000    u_my_ip/u_axi4_mapping/u_gemv/u_pmau/dequant_mul/DSP_M_DATA.V_DATA<43>
                         DSP_ALU (Prop_DSP_ALU_V_DATA[43]_ALU_OUT[47])
                                                      0.571     1.571 f  u_my_ip/u_axi4_mapping/u_gemv/u_pmau/dequant_mul/DSP_ALU_INST/ALU_OUT[47]
                         net (fo=1, unplaced)         0.000     1.571    u_my_ip/u_axi4_mapping/u_gemv/u_pmau/dequant_mul/DSP_ALU.ALU_OUT<47>
                         DSP_OUTPUT (Prop_DSP_OUTPUT_ALU_OUT[47]_PCOUT[47])
                                                      0.122     1.693 r  u_my_ip/u_axi4_mapping/u_gemv/u_pmau/dequant_mul/DSP_OUTPUT_INST/PCOUT[47]
                         net (fo=1, unplaced)         0.014     1.707    u_my_ip/u_axi4_mapping/u_gemv/u_pmau/dequant_mul__0/PCIN[47]
                         DSP_ALU (Prop_DSP_ALU_PCIN[47]_ALU_OUT[14])
                                                      0.546     2.253 f  u_my_ip/u_axi4_mapping/u_gemv/u_pmau/dequant_mul__0/DSP_ALU_INST/ALU_OUT[14]
                         net (fo=1, unplaced)         0.000     2.253    u_my_ip/u_axi4_mapping/u_gemv/u_pmau/dequant_mul__0/DSP_ALU.ALU_OUT<14>
                         DSP_OUTPUT (Prop_DSP_OUTPUT_ALU_OUT[14]_P[14])
                                                      0.109     2.362 r  u_my_ip/u_axi4_mapping/u_gemv/u_pmau/dequant_mul__0/DSP_OUTPUT_INST/P[14]
                         net (fo=1, unplaced)         0.204     2.566    u_my_ip/u_axi4_mapping/u_gemv/u_pmau/dequant_mul__0_n_91
                         LUT3 (Prop_LUT3_I2_O)        0.053     2.619 r  u_my_ip/u_axi4_mapping/u_gemv/u_pmau/deq_s2_value[16]_i_1/O
                         net (fo=1, unplaced)         0.048     2.667    u_my_ip/u_axi4_mapping/u_gemv/u_pmau/result_final_value[16]
                         FDRE                                         r  u_my_ip/u_axi4_mapping/u_gemv/u_pmau/deq_s2_value_reg[16]/D
  -------------------------------------------------------------------    -------------------

                         (clock s00_axi_aclk rise edge)
                                                      3.333     3.333 r  
                                                      0.000     3.333 r  s00_axi_aclk (IN)
                         net (fo=3355, unset)         0.021     3.354    u_my_ip/u_axi4_mapping/u_gemv/u_pmau/s00_axi_aclk
                         FDRE                                         r  u_my_ip/u_axi4_mapping/u_gemv/u_pmau/deq_s2_value_reg[16]/C
                         clock pessimism              0.000     3.354    
                         clock uncertainty           -0.035     3.319    
                         FDRE (Setup_FDRE_C_D)        0.025     3.344    u_my_ip/u_axi4_mapping/u_gemv/u_pmau/deq_s2_value_reg[16]
  -------------------------------------------------------------------
                         required time                          3.344    
                         arrival time                          -2.667    
  -------------------------------------------------------------------
                         slack                                  0.677    

Slack (MET) :             0.677ns  (required time - arrival time)
  Source:                 u_my_ip/u_axi4_mapping/u_gemv/u_pmau/dequant_mul/DSP_A_B_DATA_INST/CLK
                            (rising edge-triggered cell DSP_A_B_DATA clocked by s00_axi_aclk  {rise@0.000ns fall@1.666ns period=3.333ns})
  Destination:            u_my_ip/u_axi4_mapping/u_gemv/u_pmau/deq_s2_value_reg[29]/D
                            (rising edge-triggered cell FDRE clocked by s00_axi_aclk  {rise@0.000ns fall@1.666ns period=3.333ns})
  Path Group:             s00_axi_aclk
  Path Type:              Setup (Max at Slow Process Corner)
  Requirement:            3.333ns  (s00_axi_aclk rise@3.333ns - s00_axi_aclk rise@0.000ns)
  Data Path Delay:        2.607ns  (logic 2.388ns (91.600%)  route 0.219ns (8.400%))
  Logic Levels:           8  (DSP_ALU=2 DSP_M_DATA=1 DSP_MULTIPLIER=1 DSP_OUTPUT=2 DSP_PREADD_DATA=1 LUT3=1)
  Clock Path Skew:        -0.039ns (DCD - SCD + CPR)
    Destination Clock Delay (DCD):    0.021ns = ( 3.354 - 3.333 ) 
    Source Clock Delay      (SCD):    0.060ns
    Clock Pessimism Removal (CPR):    0.000ns
  Clock Uncertainty:      0.035ns  ((TSJ^2 + TIJ^2)^1/2 + DJ) / 2 + PE
    Total System Jitter     (TSJ):    0.071ns
    Total Input Jitter      (TIJ):    0.000ns
    Discrete Jitter          (DJ):    0.000ns
    Phase Error              (PE):    0.000ns

    Location             Delay type                Incr(ns)  Path(ns)    Netlist Resource(s)
  -------------------------------------------------------------------    -------------------
                         (clock s00_axi_aclk rise edge)
                                                      0.000     0.000 r  
                                                      0.000     0.000 r  s00_axi_aclk (IN)
                         net (fo=3355, unset)         0.060     0.060    u_my_ip/u_axi4_mapping/u_gemv/u_pmau/dequant_mul/CLK
                         DSP_A_B_DATA                                 r  u_my_ip/u_axi4_mapping/u_gemv/u_pmau/dequant_mul/DSP_A_B_DATA_INST/CLK
  -------------------------------------------------------------------    -------------------
                         DSP_A_B_DATA (Prop_DSP_A_B_DATA_CLK_B2_DATA[17])
                                                      0.212     0.272 r  u_my_ip/u_axi4_mapping/u_gemv/u_pmau/dequant_mul/DSP_A_B_DATA_INST/B2_DATA[17]
                         net (fo=1, unplaced)         0.000     0.272    u_my_ip/u_axi4_mapping/u_gemv/u_pmau/dequant_mul/DSP_A_B_DATA.B2_DATA<17>
                         DSP_PREADD_DATA (Prop_DSP_PREADD_DATA_B2_DATA[17]_B2B1[17])
                                                      0.073     0.345 r  u_my_ip/u_axi4_mapping/u_gemv/u_pmau/dequant_mul/DSP_PREADD_DATA_INST/B2B1[17]
                         net (fo=1, unplaced)         0.000     0.345    u_my_ip/u_axi4_mapping/u_gemv/u_pmau/dequant_mul/DSP_PREADD_DATA.B2B1<17>
                         DSP_MULTIPLIER (Prop_DSP_MULTIPLIER_B2B1[17]_V[43])
                                                      0.609     0.954 f  u_my_ip/u_axi4_mapping/u_gemv/u_pmau/dequant_mul/DSP_MULTIPLIER_INST/V[43]
                         net (fo=1, unplaced)         0.000     0.954    u_my_ip/u_axi4_mapping/u_gemv/u_pmau/dequant_mul/DSP_MULTIPLIER.V<43>
                         DSP_M_DATA (Prop_DSP_M_DATA_V[43]_V_DATA[43])
                                                      0.046     1.000 r  u_my_ip/u_axi4_mapping/u_gemv/u_pmau/dequant_mul/DSP_M_DATA_INST/V_DATA[43]
                         net (fo=1, unplaced)         0.000     1.000    u_my_ip/u_axi4_mapping/u_gemv/u_pmau/dequant_mul/DSP_M_DATA.V_DATA<43>
                         DSP_ALU (Prop_DSP_ALU_V_DATA[43]_ALU_OUT[47])
                                                      0.571     1.571 f  u_my_ip/u_axi4_mapping/u_gemv/u_pmau/dequant_mul/DSP_ALU_INST/ALU_OUT[47]
                         net (fo=1, unplaced)         0.000     1.571    u_my_ip/u_axi4_mapping/u_gemv/u_pmau/dequant_mul/DSP_ALU.ALU_OUT<47>
                         DSP_OUTPUT (Prop_DSP_OUTPUT_ALU_OUT[47]_PCOUT[47])
                                                      0.122     1.693 r  u_my_ip/u_axi4_mapping/u_gemv/u_pmau/dequant_mul/DSP_OUTPUT_INST/PCOUT[47]
                         net (fo=1, unplaced)         0.014     1.707    u_my_ip/u_axi4_mapping/u_gemv/u_pmau/dequant_mul__0/PCIN[47]
                         DSP_ALU (Prop_DSP_ALU_PCIN[47]_ALU_OUT[27])
                                                      0.546     2.253 f  u_my_ip/u_axi4_mapping/u_gemv/u_pmau/dequant_mul__0/DSP_ALU_INST/ALU_OUT[27]
                         net (fo=1, unplaced)         0.000     2.253    u_my_ip/u_axi4_mapping/u_gemv/u_pmau/dequant_mul__0/DSP_ALU.ALU_OUT<27>
                         DSP_OUTPUT (Prop_DSP_OUTPUT_ALU_OUT[27]_P[27])
                                                      0.109     2.362 r  u_my_ip/u_axi4_mapping/u_gemv/u_pmau/dequant_mul__0/DSP_OUTPUT_INST/P[27]
                         net (fo=1, unplaced)         0.157     2.519    u_my_ip/u_axi4_mapping/u_gemv/u_pmau/dequant_mul__0_n_78
                         LUT3 (Prop_LUT3_I2_O)        0.100     2.619 r  u_my_ip/u_axi4_mapping/u_gemv/u_pmau/deq_s2_value[29]_i_1/O
                         net (fo=1, unplaced)         0.048     2.667    u_my_ip/u_axi4_mapping/u_gemv/u_pmau/result_final_value[29]
                         FDRE                                         r  u_my_ip/u_axi4_mapping/u_gemv/u_pmau/deq_s2_value_reg[29]/D
  -------------------------------------------------------------------    -------------------

                         (clock s00_axi_aclk rise edge)
                                                      3.333     3.333 r  
                                                      0.000     3.333 r  s00_axi_aclk (IN)
                         net (fo=3355, unset)         0.021     3.354    u_my_ip/u_axi4_mapping/u_gemv/u_pmau/s00_axi_aclk
                         FDRE                                         r  u_my_ip/u_axi4_mapping/u_gemv/u_pmau/deq_s2_value_reg[29]/C
                         clock pessimism              0.000     3.354    
                         clock uncertainty           -0.035     3.319    
                         FDRE (Setup_FDRE_C_D)        0.025     3.344    u_my_ip/u_axi4_mapping/u_gemv/u_pmau/deq_s2_value_reg[29]
  -------------------------------------------------------------------
                         required time                          3.344    
                         arrival time                          -2.667    
  -------------------------------------------------------------------
                         slack                                  0.677    





Min Delay Paths
--------------------------------------------------------------------------------------
Slack (MET) :             0.046ns  (arrival time - required time)
  Source:                 u_my_ip/u_axi4_mapping/u_gemv/weight_compute_en_bank_reg[0]/C
                            (rising edge-triggered cell FDRE clocked by s00_axi_aclk  {rise@0.000ns fall@1.666ns period=3.333ns})
  Destination:            u_my_ip/u_axi4_mapping/u_gemv/GEN_WEIGHT_BANK[0].u_weight_bram_bank/mem_reg_0_bram_1/CASOREGIMUXEN_A
                            (rising edge-triggered cell RAMB36E2 clocked by s00_axi_aclk  {rise@0.000ns fall@1.666ns period=3.333ns})
  Path Group:             s00_axi_aclk
  Path Type:              Hold (Min at Fast Process Corner)
  Requirement:            0.000ns  (s00_axi_aclk rise@0.000ns - s00_axi_aclk rise@0.000ns)
  Data Path Delay:        0.135ns  (logic 0.038ns (28.148%)  route 0.097ns (71.852%))
  Logic Levels:           0  
  Clock Path Skew:        0.040ns (DCD - SCD - CPR)
    Destination Clock Delay (DCD):    0.053ns
    Source Clock Delay      (SCD):    0.013ns
    Clock Pessimism Removal (CPR):    -0.000ns

    Location             Delay type                Incr(ns)  Path(ns)    Netlist Resource(s)
  -------------------------------------------------------------------    -------------------
                         (clock s00_axi_aclk rise edge)
                                                      0.000     0.000 r  
                                                      0.000     0.000 r  s00_axi_aclk (IN)
                         net (fo=3355, unset)         0.013     0.013    u_my_ip/u_axi4_mapping/u_gemv/s00_axi_aclk
                         FDRE                                         r  u_my_ip/u_axi4_mapping/u_gemv/weight_compute_en_bank_reg[0]/C
  -------------------------------------------------------------------    -------------------
                         FDRE (Prop_FDRE_C_Q)         0.038     0.051 r  u_my_ip/u_axi4_mapping/u_gemv/weight_compute_en_bank_reg[0]/Q
                         net (fo=6, unplaced)         0.097     0.148    u_my_ip/u_axi4_mapping/u_gemv/GEN_WEIGHT_BANK[0].u_weight_bram_bank/mem_reg_0_bram_1_0
                         RAMB36E2                                     r  u_my_ip/u_axi4_mapping/u_gemv/GEN_WEIGHT_BANK[0].u_weight_bram_bank/mem_reg_0_bram_1/CASOREGIMUXEN_A
  -------------------------------------------------------------------    -------------------

                         (clock s00_axi_aclk rise edge)
                                                      0.000     0.000 r  
                                                      0.000     0.000 r  s00_axi_aclk (IN)
                         net (fo=3355, unset)         0.053     0.053    u_my_ip/u_axi4_mapping/u_gemv/GEN_WEIGHT_BANK[0].u_weight_bram_bank/s00_axi_aclk
                         RAMB36E2                                     r  u_my_ip/u_axi4_mapping/u_gemv/GEN_WEIGHT_BANK[0].u_weight_bram_bank/mem_reg_0_bram_1/CLKARDCLK
                         clock pessimism              0.000     0.053    
                         RAMB36E2 (Hold_RAMB36E2_CLKARDCLK_CASOREGIMUXEN_A)
                                                      0.049     0.102    u_my_ip/u_axi4_mapping/u_gemv/GEN_WEIGHT_BANK[0].u_weight_bram_bank/mem_reg_0_bram_1
  -------------------------------------------------------------------
                         required time                         -0.102    
                         arrival time                           0.148    
  -------------------------------------------------------------------
                         slack                                  0.046    

Slack (MET) :             0.046ns  (arrival time - required time)
  Source:                 u_my_ip/u_axi4_mapping/u_gemv/weight_compute_en_bank_reg[0]/C
                            (rising edge-triggered cell FDRE clocked by s00_axi_aclk  {rise@0.000ns fall@1.666ns period=3.333ns})
  Destination:            u_my_ip/u_axi4_mapping/u_gemv/GEN_WEIGHT_BANK[0].u_weight_bram_bank/mem_reg_1_bram_1/CASOREGIMUXEN_A
                            (rising edge-triggered cell RAMB36E2 clocked by s00_axi_aclk  {rise@0.000ns fall@1.666ns period=3.333ns})
  Path Group:             s00_axi_aclk
  Path Type:              Hold (Min at Fast Process Corner)
  Requirement:            0.000ns  (s00_axi_aclk rise@0.000ns - s00_axi_aclk rise@0.000ns)
  Data Path Delay:        0.135ns  (logic 0.038ns (28.148%)  route 0.097ns (71.852%))
  Logic Levels:           0  
  Clock Path Skew:        0.040ns (DCD - SCD - CPR)
    Destination Clock Delay (DCD):    0.053ns
    Source Clock Delay      (SCD):    0.013ns
    Clock Pessimism Removal (CPR):    -0.000ns

    Location             Delay type                Incr(ns)  Path(ns)    Netlist Resource(s)
  -------------------------------------------------------------------    -------------------
                         (clock s00_axi_aclk rise edge)
                                                      0.000     0.000 r  
                                                      0.000     0.000 r  s00_axi_aclk (IN)
                         net (fo=3355, unset)         0.013     0.013    u_my_ip/u_axi4_mapping/u_gemv/s00_axi_aclk
                         FDRE                                         r  u_my_ip/u_axi4_mapping/u_gemv/weight_compute_en_bank_reg[0]/C
  -------------------------------------------------------------------    -------------------
                         FDRE (Prop_FDRE_C_Q)         0.038     0.051 r  u_my_ip/u_axi4_mapping/u_gemv/weight_compute_en_bank_reg[0]/Q
                         net (fo=6, unplaced)         0.097     0.148    u_my_ip/u_axi4_mapping/u_gemv/GEN_WEIGHT_BANK[0].u_weight_bram_bank/mem_reg_0_bram_1_0
                         RAMB36E2                                     r  u_my_ip/u_axi4_mapping/u_gemv/GEN_WEIGHT_BANK[0].u_weight_bram_bank/mem_reg_1_bram_1/CASOREGIMUXEN_A
  -------------------------------------------------------------------    -------------------

                         (clock s00_axi_aclk rise edge)
                                                      0.000     0.000 r  
                                                      0.000     0.000 r  s00_axi_aclk (IN)
                         net (fo=3355, unset)         0.053     0.053    u_my_ip/u_axi4_mapping/u_gemv/GEN_WEIGHT_BANK[0].u_weight_bram_bank/s00_axi_aclk
                         RAMB36E2                                     r  u_my_ip/u_axi4_mapping/u_gemv/GEN_WEIGHT_BANK[0].u_weight_bram_bank/mem_reg_1_bram_1/CLKARDCLK
                         clock pessimism              0.000     0.053    
                         RAMB36E2 (Hold_RAMB36E2_CLKARDCLK_CASOREGIMUXEN_A)
                                                      0.049     0.102    u_my_ip/u_axi4_mapping/u_gemv/GEN_WEIGHT_BANK[0].u_weight_bram_bank/mem_reg_1_bram_1
  -------------------------------------------------------------------
                         required time                         -0.102    
                         arrival time                           0.148    
  -------------------------------------------------------------------
                         slack                                  0.046    

Slack (MET) :             0.046ns  (arrival time - required time)
  Source:                 u_my_ip/u_axi4_mapping/u_gemv/weight_compute_en_bank_reg[0]/C
                            (rising edge-triggered cell FDRE clocked by s00_axi_aclk  {rise@0.000ns fall@1.666ns period=3.333ns})
  Destination:            u_my_ip/u_axi4_mapping/u_gemv/GEN_WEIGHT_BANK[0].u_weight_bram_bank/mem_reg_2_bram_1/CASOREGIMUXEN_A
                            (rising edge-triggered cell RAMB36E2 clocked by s00_axi_aclk  {rise@0.000ns fall@1.666ns period=3.333ns})
  Path Group:             s00_axi_aclk
  Path Type:              Hold (Min at Fast Process Corner)
  Requirement:            0.000ns  (s00_axi_aclk rise@0.000ns - s00_axi_aclk rise@0.000ns)
  Data Path Delay:        0.135ns  (logic 0.038ns (28.148%)  route 0.097ns (71.852%))
  Logic Levels:           0  
  Clock Path Skew:        0.040ns (DCD - SCD - CPR)
    Destination Clock Delay (DCD):    0.053ns
    Source Clock Delay      (SCD):    0.013ns
    Clock Pessimism Removal (CPR):    -0.000ns

    Location             Delay type                Incr(ns)  Path(ns)    Netlist Resource(s)
  -------------------------------------------------------------------    -------------------
                         (clock s00_axi_aclk rise edge)
                                                      0.000     0.000 r  
                                                      0.000     0.000 r  s00_axi_aclk (IN)
                         net (fo=3355, unset)         0.013     0.013    u_my_ip/u_axi4_mapping/u_gemv/s00_axi_aclk
                         FDRE                                         r  u_my_ip/u_axi4_mapping/u_gemv/weight_compute_en_bank_reg[0]/C
  -------------------------------------------------------------------    -------------------
                         FDRE (Prop_FDRE_C_Q)         0.038     0.051 r  u_my_ip/u_axi4_mapping/u_gemv/weight_compute_en_bank_reg[0]/Q
                         net (fo=6, unplaced)         0.097     0.148    u_my_ip/u_axi4_mapping/u_gemv/GEN_WEIGHT_BANK[0].u_weight_bram_bank/mem_reg_0_bram_1_0
                         RAMB36E2                                     r  u_my_ip/u_axi4_mapping/u_gemv/GEN_WEIGHT_BANK[0].u_weight_bram_bank/mem_reg_2_bram_1/CASOREGIMUXEN_A
  -------------------------------------------------------------------    -------------------

                         (clock s00_axi_aclk rise edge)
                                                      0.000     0.000 r  
                                                      0.000     0.000 r  s00_axi_aclk (IN)
                         net (fo=3355, unset)         0.053     0.053    u_my_ip/u_axi4_mapping/u_gemv/GEN_WEIGHT_BANK[0].u_weight_bram_bank/s00_axi_aclk
                         RAMB36E2                                     r  u_my_ip/u_axi4_mapping/u_gemv/GEN_WEIGHT_BANK[0].u_weight_bram_bank/mem_reg_2_bram_1/CLKARDCLK
                         clock pessimism              0.000     0.053    
                         RAMB36E2 (Hold_RAMB36E2_CLKARDCLK_CASOREGIMUXEN_A)
                                                      0.049     0.102    u_my_ip/u_axi4_mapping/u_gemv/GEN_WEIGHT_BANK[0].u_weight_bram_bank/mem_reg_2_bram_1
  -------------------------------------------------------------------
                         required time                         -0.102    
                         arrival time                           0.148    
  -------------------------------------------------------------------
                         slack                                  0.046    

Slack (MET) :             0.046ns  (arrival time - required time)
  Source:                 u_my_ip/u_axi4_mapping/u_gemv/weight_compute_en_bank_reg[0]/C
                            (rising edge-triggered cell FDRE clocked by s00_axi_aclk  {rise@0.000ns fall@1.666ns period=3.333ns})
  Destination:            u_my_ip/u_axi4_mapping/u_gemv/GEN_WEIGHT_BANK[0].u_weight_bram_bank/mem_reg_3_bram_1/CASOREGIMUXEN_A
                            (rising edge-triggered cell RAMB36E2 clocked by s00_axi_aclk  {rise@0.000ns fall@1.666ns period=3.333ns})
  Path Group:             s00_axi_aclk
  Path Type:              Hold (Min at Fast Process Corner)
  Requirement:            0.000ns  (s00_axi_aclk rise@0.000ns - s00_axi_aclk rise@0.000ns)
  Data Path Delay:        0.135ns  (logic 0.038ns (28.148%)  route 0.097ns (71.852%))
  Logic Levels:           0  
  Clock Path Skew:        0.040ns (DCD - SCD - CPR)
    Destination Clock Delay (DCD):    0.053ns
    Source Clock Delay      (SCD):    0.013ns
    Clock Pessimism Removal (CPR):    -0.000ns

    Location             Delay type                Incr(ns)  Path(ns)    Netlist Resource(s)
  -------------------------------------------------------------------    -------------------
                         (clock s00_axi_aclk rise edge)
                                                      0.000     0.000 r  
                                                      0.000     0.000 r  s00_axi_aclk (IN)
                         net (fo=3355, unset)         0.013     0.013    u_my_ip/u_axi4_mapping/u_gemv/s00_axi_aclk
                         FDRE                                         r  u_my_ip/u_axi4_mapping/u_gemv/weight_compute_en_bank_reg[0]/C
  -------------------------------------------------------------------    -------------------
                         FDRE (Prop_FDRE_C_Q)         0.038     0.051 r  u_my_ip/u_axi4_mapping/u_gemv/weight_compute_en_bank_reg[0]/Q
                         net (fo=6, unplaced)         0.097     0.148    u_my_ip/u_axi4_mapping/u_gemv/GEN_WEIGHT_BANK[0].u_weight_bram_bank/mem_reg_0_bram_1_0
                         RAMB36E2                                     r  u_my_ip/u_axi4_mapping/u_gemv/GEN_WEIGHT_BANK[0].u_weight_bram_bank/mem_reg_3_bram_1/CASOREGIMUXEN_A
  -------------------------------------------------------------------    -------------------

                         (clock s00_axi_aclk rise edge)
                                                      0.000     0.000 r  
                                                      0.000     0.000 r  s00_axi_aclk (IN)
                         net (fo=3355, unset)         0.053     0.053    u_my_ip/u_axi4_mapping/u_gemv/GEN_WEIGHT_BANK[0].u_weight_bram_bank/s00_axi_aclk
                         RAMB36E2                                     r  u_my_ip/u_axi4_mapping/u_gemv/GEN_WEIGHT_BANK[0].u_weight_bram_bank/mem_reg_3_bram_1/CLKARDCLK
                         clock pessimism              0.000     0.053    
                         RAMB36E2 (Hold_RAMB36E2_CLKARDCLK_CASOREGIMUXEN_A)
                                                      0.049     0.102    u_my_ip/u_axi4_mapping/u_gemv/GEN_WEIGHT_BANK[0].u_weight_bram_bank/mem_reg_3_bram_1
  -------------------------------------------------------------------
                         required time                         -0.102    
                         arrival time                           0.148    
  -------------------------------------------------------------------
                         slack                                  0.046    

Slack (MET) :             0.046ns  (arrival time - required time)
  Source:                 u_my_ip/u_axi4_mapping/u_gemv/weight_compute_en_bank_reg[1]/C
                            (rising edge-triggered cell FDRE clocked by s00_axi_aclk  {rise@0.000ns fall@1.666ns period=3.333ns})
  Destination:            u_my_ip/u_axi4_mapping/u_gemv/GEN_WEIGHT_BANK[1].u_weight_bram_bank/mem_reg_0_bram_1/CASOREGIMUXEN_A
                            (rising edge-triggered cell RAMB36E2 clocked by s00_axi_aclk  {rise@0.000ns fall@1.666ns period=3.333ns})
  Path Group:             s00_axi_aclk
  Path Type:              Hold (Min at Fast Process Corner)
  Requirement:            0.000ns  (s00_axi_aclk rise@0.000ns - s00_axi_aclk rise@0.000ns)
  Data Path Delay:        0.135ns  (logic 0.038ns (28.148%)  route 0.097ns (71.852%))
  Logic Levels:           0  
  Clock Path Skew:        0.040ns (DCD - SCD - CPR)
    Destination Clock Delay (DCD):    0.053ns
    Source Clock Delay      (SCD):    0.013ns
    Clock Pessimism Removal (CPR):    -0.000ns

    Location             Delay type                Incr(ns)  Path(ns)    Netlist Resource(s)
  -------------------------------------------------------------------    -------------------
                         (clock s00_axi_aclk rise edge)
                                                      0.000     0.000 r  
                                                      0.000     0.000 r  s00_axi_aclk (IN)
                         net (fo=3355, unset)         0.013     0.013    u_my_ip/u_axi4_mapping/u_gemv/s00_axi_aclk
                         FDRE                                         r  u_my_ip/u_axi4_mapping/u_gemv/weight_compute_en_bank_reg[1]/C
  -------------------------------------------------------------------    -------------------
                         FDRE (Prop_FDRE_C_Q)         0.038     0.051 r  u_my_ip/u_axi4_mapping/u_gemv/weight_compute_en_bank_reg[1]/Q
                         net (fo=6, unplaced)         0.097     0.148    u_my_ip/u_axi4_mapping/u_gemv/GEN_WEIGHT_BANK[1].u_weight_bram_bank/mem_reg_0_bram_1_0
                         RAMB36E2                                     r  u_my_ip/u_axi4_mapping/u_gemv/GEN_WEIGHT_BANK[1].u_weight_bram_bank/mem_reg_0_bram_1/CASOREGIMUXEN_A
  -------------------------------------------------------------------    -------------------

                         (clock s00_axi_aclk rise edge)
                                                      0.000     0.000 r  
                                                      0.000     0.000 r  s00_axi_aclk (IN)
                         net (fo=3355, unset)         0.053     0.053    u_my_ip/u_axi4_mapping/u_gemv/GEN_WEIGHT_BANK[1].u_weight_bram_bank/s00_axi_aclk
                         RAMB36E2                                     r  u_my_ip/u_axi4_mapping/u_gemv/GEN_WEIGHT_BANK[1].u_weight_bram_bank/mem_reg_0_bram_1/CLKARDCLK
                         clock pessimism              0.000     0.053    
                         RAMB36E2 (Hold_RAMB36E2_CLKARDCLK_CASOREGIMUXEN_A)
                                                      0.049     0.102    u_my_ip/u_axi4_mapping/u_gemv/GEN_WEIGHT_BANK[1].u_weight_bram_bank/mem_reg_0_bram_1
  -------------------------------------------------------------------
                         required time                         -0.102    
                         arrival time                           0.148    
  -------------------------------------------------------------------
                         slack                                  0.046    

Slack (MET) :             0.046ns  (arrival time - required time)
  Source:                 u_my_ip/u_axi4_mapping/u_gemv/weight_compute_en_bank_reg[1]/C
                            (rising edge-triggered cell FDRE clocked by s00_axi_aclk  {rise@0.000ns fall@1.666ns period=3.333ns})
  Destination:            u_my_ip/u_axi4_mapping/u_gemv/GEN_WEIGHT_BANK[1].u_weight_bram_bank/mem_reg_1_bram_1/CASOREGIMUXEN_A
                            (rising edge-triggered cell RAMB36E2 clocked by s00_axi_aclk  {rise@0.000ns fall@1.666ns period=3.333ns})
  Path Group:             s00_axi_aclk
  Path Type:              Hold (Min at Fast Process Corner)
  Requirement:            0.000ns  (s00_axi_aclk rise@0.000ns - s00_axi_aclk rise@0.000ns)
  Data Path Delay:        0.135ns  (logic 0.038ns (28.148%)  route 0.097ns (71.852%))
  Logic Levels:           0  
  Clock Path Skew:        0.040ns (DCD - SCD - CPR)
    Destination Clock Delay (DCD):    0.053ns
    Source Clock Delay      (SCD):    0.013ns
    Clock Pessimism Removal (CPR):    -0.000ns

    Location             Delay type                Incr(ns)  Path(ns)    Netlist Resource(s)
  -------------------------------------------------------------------    -------------------
                         (clock s00_axi_aclk rise edge)
                                                      0.000     0.000 r  
                                                      0.000     0.000 r  s00_axi_aclk (IN)
                         net (fo=3355, unset)         0.013     0.013    u_my_ip/u_axi4_mapping/u_gemv/s00_axi_aclk
                         FDRE                                         r  u_my_ip/u_axi4_mapping/u_gemv/weight_compute_en_bank_reg[1]/C
  -------------------------------------------------------------------    -------------------
                         FDRE (Prop_FDRE_C_Q)         0.038     0.051 r  u_my_ip/u_axi4_mapping/u_gemv/weight_compute_en_bank_reg[1]/Q
                         net (fo=6, unplaced)         0.097     0.148    u_my_ip/u_axi4_mapping/u_gemv/GEN_WEIGHT_BANK[1].u_weight_bram_bank/mem_reg_0_bram_1_0
                         RAMB36E2                                     r  u_my_ip/u_axi4_mapping/u_gemv/GEN_WEIGHT_BANK[1].u_weight_bram_bank/mem_reg_1_bram_1/CASOREGIMUXEN_A
  -------------------------------------------------------------------    -------------------

                         (clock s00_axi_aclk rise edge)
                                                      0.000     0.000 r  
                                                      0.000     0.000 r  s00_axi_aclk (IN)
                         net (fo=3355, unset)         0.053     0.053    u_my_ip/u_axi4_mapping/u_gemv/GEN_WEIGHT_BANK[1].u_weight_bram_bank/s00_axi_aclk
                         RAMB36E2                                     r  u_my_ip/u_axi4_mapping/u_gemv/GEN_WEIGHT_BANK[1].u_weight_bram_bank/mem_reg_1_bram_1/CLKARDCLK
                         clock pessimism              0.000     0.053    
                         RAMB36E2 (Hold_RAMB36E2_CLKARDCLK_CASOREGIMUXEN_A)
                                                      0.049     0.102    u_my_ip/u_axi4_mapping/u_gemv/GEN_WEIGHT_BANK[1].u_weight_bram_bank/mem_reg_1_bram_1
  -------------------------------------------------------------------
                         required time                         -0.102    
                         arrival time                           0.148    
  -------------------------------------------------------------------
                         slack                                  0.046    

Slack (MET) :             0.046ns  (arrival time - required time)
  Source:                 u_my_ip/u_axi4_mapping/u_gemv/weight_compute_en_bank_reg[1]/C
                            (rising edge-triggered cell FDRE clocked by s00_axi_aclk  {rise@0.000ns fall@1.666ns period=3.333ns})
  Destination:            u_my_ip/u_axi4_mapping/u_gemv/GEN_WEIGHT_BANK[1].u_weight_bram_bank/mem_reg_2_bram_1/CASOREGIMUXEN_A
                            (rising edge-triggered cell RAMB36E2 clocked by s00_axi_aclk  {rise@0.000ns fall@1.666ns period=3.333ns})
  Path Group:             s00_axi_aclk
  Path Type:              Hold (Min at Fast Process Corner)
  Requirement:            0.000ns  (s00_axi_aclk rise@0.000ns - s00_axi_aclk rise@0.000ns)
  Data Path Delay:        0.135ns  (logic 0.038ns (28.148%)  route 0.097ns (71.852%))
  Logic Levels:           0  
  Clock Path Skew:        0.040ns (DCD - SCD - CPR)
    Destination Clock Delay (DCD):    0.053ns
    Source Clock Delay      (SCD):    0.013ns
    Clock Pessimism Removal (CPR):    -0.000ns

    Location             Delay type                Incr(ns)  Path(ns)    Netlist Resource(s)
  -------------------------------------------------------------------    -------------------
                         (clock s00_axi_aclk rise edge)
                                                      0.000     0.000 r  
                                                      0.000     0.000 r  s00_axi_aclk (IN)
                         net (fo=3355, unset)         0.013     0.013    u_my_ip/u_axi4_mapping/u_gemv/s00_axi_aclk
                         FDRE                                         r  u_my_ip/u_axi4_mapping/u_gemv/weight_compute_en_bank_reg[1]/C
  -------------------------------------------------------------------    -------------------
                         FDRE (Prop_FDRE_C_Q)         0.038     0.051 r  u_my_ip/u_axi4_mapping/u_gemv/weight_compute_en_bank_reg[1]/Q
                         net (fo=6, unplaced)         0.097     0.148    u_my_ip/u_axi4_mapping/u_gemv/GEN_WEIGHT_BANK[1].u_weight_bram_bank/mem_reg_0_bram_1_0
                         RAMB36E2                                     r  u_my_ip/u_axi4_mapping/u_gemv/GEN_WEIGHT_BANK[1].u_weight_bram_bank/mem_reg_2_bram_1/CASOREGIMUXEN_A
  -------------------------------------------------------------------    -------------------

                         (clock s00_axi_aclk rise edge)
                                                      0.000     0.000 r  
                                                      0.000     0.000 r  s00_axi_aclk (IN)
                         net (fo=3355, unset)         0.053     0.053    u_my_ip/u_axi4_mapping/u_gemv/GEN_WEIGHT_BANK[1].u_weight_bram_bank/s00_axi_aclk
                         RAMB36E2                                     r  u_my_ip/u_axi4_mapping/u_gemv/GEN_WEIGHT_BANK[1].u_weight_bram_bank/mem_reg_2_bram_1/CLKARDCLK
                         clock pessimism              0.000     0.053    
                         RAMB36E2 (Hold_RAMB36E2_CLKARDCLK_CASOREGIMUXEN_A)
                                                      0.049     0.102    u_my_ip/u_axi4_mapping/u_gemv/GEN_WEIGHT_BANK[1].u_weight_bram_bank/mem_reg_2_bram_1
  -------------------------------------------------------------------
                         required time                         -0.102    
                         arrival time                           0.148    
  -------------------------------------------------------------------
                         slack                                  0.046    

Slack (MET) :             0.046ns  (arrival time - required time)
  Source:                 u_my_ip/u_axi4_mapping/u_gemv/weight_compute_en_bank_reg[1]/C
                            (rising edge-triggered cell FDRE clocked by s00_axi_aclk  {rise@0.000ns fall@1.666ns period=3.333ns})
  Destination:            u_my_ip/u_axi4_mapping/u_gemv/GEN_WEIGHT_BANK[1].u_weight_bram_bank/mem_reg_3_bram_1/CASOREGIMUXEN_A
                            (rising edge-triggered cell RAMB36E2 clocked by s00_axi_aclk  {rise@0.000ns fall@1.666ns period=3.333ns})
  Path Group:             s00_axi_aclk
  Path Type:              Hold (Min at Fast Process Corner)
  Requirement:            0.000ns  (s00_axi_aclk rise@0.000ns - s00_axi_aclk rise@0.000ns)
  Data Path Delay:        0.135ns  (logic 0.038ns (28.148%)  route 0.097ns (71.852%))
  Logic Levels:           0  
  Clock Path Skew:        0.040ns (DCD - SCD - CPR)
    Destination Clock Delay (DCD):    0.053ns
    Source Clock Delay      (SCD):    0.013ns
    Clock Pessimism Removal (CPR):    -0.000ns

    Location             Delay type                Incr(ns)  Path(ns)    Netlist Resource(s)
  -------------------------------------------------------------------    -------------------
                         (clock s00_axi_aclk rise edge)
                                                      0.000     0.000 r  
                                                      0.000     0.000 r  s00_axi_aclk (IN)
                         net (fo=3355, unset)         0.013     0.013    u_my_ip/u_axi4_mapping/u_gemv/s00_axi_aclk
                         FDRE                                         r  u_my_ip/u_axi4_mapping/u_gemv/weight_compute_en_bank_reg[1]/C
  -------------------------------------------------------------------    -------------------
                         FDRE (Prop_FDRE_C_Q)         0.038     0.051 r  u_my_ip/u_axi4_mapping/u_gemv/weight_compute_en_bank_reg[1]/Q
                         net (fo=6, unplaced)         0.097     0.148    u_my_ip/u_axi4_mapping/u_gemv/GEN_WEIGHT_BANK[1].u_weight_bram_bank/mem_reg_0_bram_1_0
                         RAMB36E2                                     r  u_my_ip/u_axi4_mapping/u_gemv/GEN_WEIGHT_BANK[1].u_weight_bram_bank/mem_reg_3_bram_1/CASOREGIMUXEN_A
  -------------------------------------------------------------------    -------------------

                         (clock s00_axi_aclk rise edge)
                                                      0.000     0.000 r  
                                                      0.000     0.000 r  s00_axi_aclk (IN)
                         net (fo=3355, unset)         0.053     0.053    u_my_ip/u_axi4_mapping/u_gemv/GEN_WEIGHT_BANK[1].u_weight_bram_bank/s00_axi_aclk
                         RAMB36E2                                     r  u_my_ip/u_axi4_mapping/u_gemv/GEN_WEIGHT_BANK[1].u_weight_bram_bank/mem_reg_3_bram_1/CLKARDCLK
                         clock pessimism              0.000     0.053    
                         RAMB36E2 (Hold_RAMB36E2_CLKARDCLK_CASOREGIMUXEN_A)
                                                      0.049     0.102    u_my_ip/u_axi4_mapping/u_gemv/GEN_WEIGHT_BANK[1].u_weight_bram_bank/mem_reg_3_bram_1
  -------------------------------------------------------------------
                         required time                         -0.102    
                         arrival time                           0.148    
  -------------------------------------------------------------------
                         slack                                  0.046    

Slack (MET) :             0.046ns  (arrival time - required time)
  Source:                 u_my_ip/u_axi4_mapping/u_gemv/weight_compute_en_bank_reg[2]/C
                            (rising edge-triggered cell FDRE clocked by s00_axi_aclk  {rise@0.000ns fall@1.666ns period=3.333ns})
  Destination:            u_my_ip/u_axi4_mapping/u_gemv/GEN_WEIGHT_BANK[2].u_weight_bram_bank/mem_reg_0_bram_1/CASOREGIMUXEN_A
                            (rising edge-triggered cell RAMB36E2 clocked by s00_axi_aclk  {rise@0.000ns fall@1.666ns period=3.333ns})
  Path Group:             s00_axi_aclk
  Path Type:              Hold (Min at Fast Process Corner)
  Requirement:            0.000ns  (s00_axi_aclk rise@0.000ns - s00_axi_aclk rise@0.000ns)
  Data Path Delay:        0.135ns  (logic 0.038ns (28.148%)  route 0.097ns (71.852%))
  Logic Levels:           0  
  Clock Path Skew:        0.040ns (DCD - SCD - CPR)
    Destination Clock Delay (DCD):    0.053ns
    Source Clock Delay      (SCD):    0.013ns
    Clock Pessimism Removal (CPR):    -0.000ns

    Location             Delay type                Incr(ns)  Path(ns)    Netlist Resource(s)
  -------------------------------------------------------------------    -------------------
                         (clock s00_axi_aclk rise edge)
                                                      0.000     0.000 r  
                                                      0.000     0.000 r  s00_axi_aclk (IN)
                         net (fo=3355, unset)         0.013     0.013    u_my_ip/u_axi4_mapping/u_gemv/s00_axi_aclk
                         FDRE                                         r  u_my_ip/u_axi4_mapping/u_gemv/weight_compute_en_bank_reg[2]/C
  -------------------------------------------------------------------    -------------------
                         FDRE (Prop_FDRE_C_Q)         0.038     0.051 r  u_my_ip/u_axi4_mapping/u_gemv/weight_compute_en_bank_reg[2]/Q
                         net (fo=6, unplaced)         0.097     0.148    u_my_ip/u_axi4_mapping/u_gemv/GEN_WEIGHT_BANK[2].u_weight_bram_bank/mem_reg_0_bram_1_0
                         RAMB36E2                                     r  u_my_ip/u_axi4_mapping/u_gemv/GEN_WEIGHT_BANK[2].u_weight_bram_bank/mem_reg_0_bram_1/CASOREGIMUXEN_A
  -------------------------------------------------------------------    -------------------

                         (clock s00_axi_aclk rise edge)
                                                      0.000     0.000 r  
                                                      0.000     0.000 r  s00_axi_aclk (IN)
                         net (fo=3355, unset)         0.053     0.053    u_my_ip/u_axi4_mapping/u_gemv/GEN_WEIGHT_BANK[2].u_weight_bram_bank/s00_axi_aclk
                         RAMB36E2                                     r  u_my_ip/u_axi4_mapping/u_gemv/GEN_WEIGHT_BANK[2].u_weight_bram_bank/mem_reg_0_bram_1/CLKARDCLK
                         clock pessimism              0.000     0.053    
                         RAMB36E2 (Hold_RAMB36E2_CLKARDCLK_CASOREGIMUXEN_A)
                                                      0.049     0.102    u_my_ip/u_axi4_mapping/u_gemv/GEN_WEIGHT_BANK[2].u_weight_bram_bank/mem_reg_0_bram_1
  -------------------------------------------------------------------
                         required time                         -0.102    
                         arrival time                           0.148    
  -------------------------------------------------------------------
                         slack                                  0.046    

Slack (MET) :             0.046ns  (arrival time - required time)
  Source:                 u_my_ip/u_axi4_mapping/u_gemv/weight_compute_en_bank_reg[2]/C
                            (rising edge-triggered cell FDRE clocked by s00_axi_aclk  {rise@0.000ns fall@1.666ns period=3.333ns})
  Destination:            u_my_ip/u_axi4_mapping/u_gemv/GEN_WEIGHT_BANK[2].u_weight_bram_bank/mem_reg_1_bram_1/CASOREGIMUXEN_A
                            (rising edge-triggered cell RAMB36E2 clocked by s00_axi_aclk  {rise@0.000ns fall@1.666ns period=3.333ns})
  Path Group:             s00_axi_aclk
  Path Type:              Hold (Min at Fast Process Corner)
  Requirement:            0.000ns  (s00_axi_aclk rise@0.000ns - s00_axi_aclk rise@0.000ns)
  Data Path Delay:        0.135ns  (logic 0.038ns (28.148%)  route 0.097ns (71.852%))
  Logic Levels:           0  
  Clock Path Skew:        0.040ns (DCD - SCD - CPR)
    Destination Clock Delay (DCD):    0.053ns
    Source Clock Delay      (SCD):    0.013ns
    Clock Pessimism Removal (CPR):    -0.000ns

    Location             Delay type                Incr(ns)  Path(ns)    Netlist Resource(s)
  -------------------------------------------------------------------    -------------------
                         (clock s00_axi_aclk rise edge)
                                                      0.000     0.000 r  
                                                      0.000     0.000 r  s00_axi_aclk (IN)
                         net (fo=3355, unset)         0.013     0.013    u_my_ip/u_axi4_mapping/u_gemv/s00_axi_aclk
                         FDRE                                         r  u_my_ip/u_axi4_mapping/u_gemv/weight_compute_en_bank_reg[2]/C
  -------------------------------------------------------------------    -------------------
                         FDRE (Prop_FDRE_C_Q)         0.038     0.051 r  u_my_ip/u_axi4_mapping/u_gemv/weight_compute_en_bank_reg[2]/Q
                         net (fo=6, unplaced)         0.097     0.148    u_my_ip/u_axi4_mapping/u_gemv/GEN_WEIGHT_BANK[2].u_weight_bram_bank/mem_reg_0_bram_1_0
                         RAMB36E2                                     r  u_my_ip/u_axi4_mapping/u_gemv/GEN_WEIGHT_BANK[2].u_weight_bram_bank/mem_reg_1_bram_1/CASOREGIMUXEN_A
  -------------------------------------------------------------------    -------------------

                         (clock s00_axi_aclk rise edge)
                                                      0.000     0.000 r  
                                                      0.000     0.000 r  s00_axi_aclk (IN)
                         net (fo=3355, unset)         0.053     0.053    u_my_ip/u_axi4_mapping/u_gemv/GEN_WEIGHT_BANK[2].u_weight_bram_bank/s00_axi_aclk
                         RAMB36E2                                     r  u_my_ip/u_axi4_mapping/u_gemv/GEN_WEIGHT_BANK[2].u_weight_bram_bank/mem_reg_1_bram_1/CLKARDCLK
                         clock pessimism              0.000     0.053    
                         RAMB36E2 (Hold_RAMB36E2_CLKARDCLK_CASOREGIMUXEN_A)
                                                      0.049     0.102    u_my_ip/u_axi4_mapping/u_gemv/GEN_WEIGHT_BANK[2].u_weight_bram_bank/mem_reg_1_bram_1
  -------------------------------------------------------------------
                         required time                         -0.102    
                         arrival time                           0.148    
  -------------------------------------------------------------------
                         slack                                  0.046    

Slack (MET) :             0.046ns  (arrival time - required time)
  Source:                 u_my_ip/u_axi4_mapping/u_gemv/weight_compute_en_bank_reg[2]/C
                            (rising edge-triggered cell FDRE clocked by s00_axi_aclk  {rise@0.000ns fall@1.666ns period=3.333ns})
  Destination:            u_my_ip/u_axi4_mapping/u_gemv/GEN_WEIGHT_BANK[2].u_weight_bram_bank/mem_reg_2_bram_1/CASOREGIMUXEN_A
                            (rising edge-triggered cell RAMB36E2 clocked by s00_axi_aclk  {rise@0.000ns fall@1.666ns period=3.333ns})
  Path Group:             s00_axi_aclk
  Path Type:              Hold (Min at Fast Process Corner)
  Requirement:            0.000ns  (s00_axi_aclk rise@0.000ns - s00_axi_aclk rise@0.000ns)
  Data Path Delay:        0.135ns  (logic 0.038ns (28.148%)  route 0.097ns (71.852%))
  Logic Levels:           0  
  Clock Path Skew:        0.040ns (DCD - SCD - CPR)
    Destination Clock Delay (DCD):    0.053ns
    Source Clock Delay      (SCD):    0.013ns
    Clock Pessimism Removal (CPR):    -0.000ns

    Location             Delay type                Incr(ns)  Path(ns)    Netlist Resource(s)
  -------------------------------------------------------------------    -------------------
                         (clock s00_axi_aclk rise edge)
                                                      0.000     0.000 r  
                                                      0.000     0.000 r  s00_axi_aclk (IN)
                         net (fo=3355, unset)         0.013     0.013    u_my_ip/u_axi4_mapping/u_gemv/s00_axi_aclk
                         FDRE                                         r  u_my_ip/u_axi4_mapping/u_gemv/weight_compute_en_bank_reg[2]/C
  -------------------------------------------------------------------    -------------------
                         FDRE (Prop_FDRE_C_Q)         0.038     0.051 r  u_my_ip/u_axi4_mapping/u_gemv/weight_compute_en_bank_reg[2]/Q
                         net (fo=6, unplaced)         0.097     0.148    u_my_ip/u_axi4_mapping/u_gemv/GEN_WEIGHT_BANK[2].u_weight_bram_bank/mem_reg_0_bram_1_0
                         RAMB36E2                                     r  u_my_ip/u_axi4_mapping/u_gemv/GEN_WEIGHT_BANK[2].u_weight_bram_bank/mem_reg_2_bram_1/CASOREGIMUXEN_A
  -------------------------------------------------------------------    -------------------

                         (clock s00_axi_aclk rise edge)
                                                      0.000     0.000 r  
                                                      0.000     0.000 r  s00_axi_aclk (IN)
                         net (fo=3355, unset)         0.053     0.053    u_my_ip/u_axi4_mapping/u_gemv/GEN_WEIGHT_BANK[2].u_weight_bram_bank/s00_axi_aclk
                         RAMB36E2                                     r  u_my_ip/u_axi4_mapping/u_gemv/GEN_WEIGHT_BANK[2].u_weight_bram_bank/mem_reg_2_bram_1/CLKARDCLK
                         clock pessimism              0.000     0.053    
                         RAMB36E2 (Hold_RAMB36E2_CLKARDCLK_CASOREGIMUXEN_A)
                                                      0.049     0.102    u_my_ip/u_axi4_mapping/u_gemv/GEN_WEIGHT_BANK[2].u_weight_bram_bank/mem_reg_2_bram_1
  -------------------------------------------------------------------
                         required time                         -0.102    
                         arrival time                           0.148    
  -------------------------------------------------------------------
                         slack                                  0.046    

Slack (MET) :             0.046ns  (arrival time - required time)
  Source:                 u_my_ip/u_axi4_mapping/u_gemv/weight_compute_en_bank_reg[2]/C
                            (rising edge-triggered cell FDRE clocked by s00_axi_aclk  {rise@0.000ns fall@1.666ns period=3.333ns})
  Destination:            u_my_ip/u_axi4_mapping/u_gemv/GEN_WEIGHT_BANK[2].u_weight_bram_bank/mem_reg_3_bram_1/CASOREGIMUXEN_A
                            (rising edge-triggered cell RAMB36E2 clocked by s00_axi_aclk  {rise@0.000ns fall@1.666ns period=3.333ns})
  Path Group:             s00_axi_aclk
  Path Type:              Hold (Min at Fast Process Corner)
  Requirement:            0.000ns  (s00_axi_aclk rise@0.000ns - s00_axi_aclk rise@0.000ns)
  Data Path Delay:        0.135ns  (logic 0.038ns (28.148%)  route 0.097ns (71.852%))
  Logic Levels:           0  
  Clock Path Skew:        0.040ns (DCD - SCD - CPR)
    Destination Clock Delay (DCD):    0.053ns
    Source Clock Delay      (SCD):    0.013ns
    Clock Pessimism Removal (CPR):    -0.000ns

    Location             Delay type                Incr(ns)  Path(ns)    Netlist Resource(s)
  -------------------------------------------------------------------    -------------------
                         (clock s00_axi_aclk rise edge)
                                                      0.000     0.000 r  
                                                      0.000     0.000 r  s00_axi_aclk (IN)
                         net (fo=3355, unset)         0.013     0.013    u_my_ip/u_axi4_mapping/u_gemv/s00_axi_aclk
                         FDRE                                         r  u_my_ip/u_axi4_mapping/u_gemv/weight_compute_en_bank_reg[2]/C
  -------------------------------------------------------------------    -------------------
                         FDRE (Prop_FDRE_C_Q)         0.038     0.051 r  u_my_ip/u_axi4_mapping/u_gemv/weight_compute_en_bank_reg[2]/Q
                         net (fo=6, unplaced)         0.097     0.148    u_my_ip/u_axi4_mapping/u_gemv/GEN_WEIGHT_BANK[2].u_weight_bram_bank/mem_reg_0_bram_1_0
                         RAMB36E2                                     r  u_my_ip/u_axi4_mapping/u_gemv/GEN_WEIGHT_BANK[2].u_weight_bram_bank/mem_reg_3_bram_1/CASOREGIMUXEN_A
  -------------------------------------------------------------------    -------------------

                         (clock s00_axi_aclk rise edge)
                                                      0.000     0.000 r  
                                                      0.000     0.000 r  s00_axi_aclk (IN)
                         net (fo=3355, unset)         0.053     0.053    u_my_ip/u_axi4_mapping/u_gemv/GEN_WEIGHT_BANK[2].u_weight_bram_bank/s00_axi_aclk
                         RAMB36E2                                     r  u_my_ip/u_axi4_mapping/u_gemv/GEN_WEIGHT_BANK[2].u_weight_bram_bank/mem_reg_3_bram_1/CLKARDCLK
                         clock pessimism              0.000     0.053    
                         RAMB36E2 (Hold_RAMB36E2_CLKARDCLK_CASOREGIMUXEN_A)
                                                      0.049     0.102    u_my_ip/u_axi4_mapping/u_gemv/GEN_WEIGHT_BANK[2].u_weight_bram_bank/mem_reg_3_bram_1
  -------------------------------------------------------------------
                         required time                         -0.102    
                         arrival time                           0.148    
  -------------------------------------------------------------------
                         slack                                  0.046    

Slack (MET) :             0.046ns  (arrival time - required time)
  Source:                 u_my_ip/u_axi4_mapping/u_gemv/weight_compute_en_bank_reg[3]/C
                            (rising edge-triggered cell FDRE clocked by s00_axi_aclk  {rise@0.000ns fall@1.666ns period=3.333ns})
  Destination:            u_my_ip/u_axi4_mapping/u_gemv/GEN_WEIGHT_BANK[3].u_weight_bram_bank/mem_reg_0_bram_1/CASOREGIMUXEN_A
                            (rising edge-triggered cell RAMB36E2 clocked by s00_axi_aclk  {rise@0.000ns fall@1.666ns period=3.333ns})
  Path Group:             s00_axi_aclk
  Path Type:              Hold (Min at Fast Process Corner)
  Requirement:            0.000ns  (s00_axi_aclk rise@0.000ns - s00_axi_aclk rise@0.000ns)
  Data Path Delay:        0.135ns  (logic 0.038ns (28.148%)  route 0.097ns (71.852%))
  Logic Levels:           0  
  Clock Path Skew:        0.040ns (DCD - SCD - CPR)
    Destination Clock Delay (DCD):    0.053ns
    Source Clock Delay      (SCD):    0.013ns
    Clock Pessimism Removal (CPR):    -0.000ns

    Location             Delay type                Incr(ns)  Path(ns)    Netlist Resource(s)
  -------------------------------------------------------------------    -------------------
                         (clock s00_axi_aclk rise edge)
                                                      0.000     0.000 r  
                                                      0.000     0.000 r  s00_axi_aclk (IN)
                         net (fo=3355, unset)         0.013     0.013    u_my_ip/u_axi4_mapping/u_gemv/s00_axi_aclk
                         FDRE                                         r  u_my_ip/u_axi4_mapping/u_gemv/weight_compute_en_bank_reg[3]/C
  -------------------------------------------------------------------    -------------------
                         FDRE (Prop_FDRE_C_Q)         0.038     0.051 r  u_my_ip/u_axi4_mapping/u_gemv/weight_compute_en_bank_reg[3]/Q
                         net (fo=6, unplaced)         0.097     0.148    u_my_ip/u_axi4_mapping/u_gemv/GEN_WEIGHT_BANK[3].u_weight_bram_bank/mem_reg_0_bram_1_0
                         RAMB36E2                                     r  u_my_ip/u_axi4_mapping/u_gemv/GEN_WEIGHT_BANK[3].u_weight_bram_bank/mem_reg_0_bram_1/CASOREGIMUXEN_A
  -------------------------------------------------------------------    -------------------

                         (clock s00_axi_aclk rise edge)
                                                      0.000     0.000 r  
                                                      0.000     0.000 r  s00_axi_aclk (IN)
                         net (fo=3355, unset)         0.053     0.053    u_my_ip/u_axi4_mapping/u_gemv/GEN_WEIGHT_BANK[3].u_weight_bram_bank/s00_axi_aclk
                         RAMB36E2                                     r  u_my_ip/u_axi4_mapping/u_gemv/GEN_WEIGHT_BANK[3].u_weight_bram_bank/mem_reg_0_bram_1/CLKARDCLK
                         clock pessimism              0.000     0.053    
                         RAMB36E2 (Hold_RAMB36E2_CLKARDCLK_CASOREGIMUXEN_A)
                                                      0.049     0.102    u_my_ip/u_axi4_mapping/u_gemv/GEN_WEIGHT_BANK[3].u_weight_bram_bank/mem_reg_0_bram_1
  -------------------------------------------------------------------
                         required time                         -0.102    
                         arrival time                           0.148    
  -------------------------------------------------------------------
                         slack                                  0.046    

Slack (MET) :             0.046ns  (arrival time - required time)
  Source:                 u_my_ip/u_axi4_mapping/u_gemv/weight_compute_en_bank_reg[3]/C
                            (rising edge-triggered cell FDRE clocked by s00_axi_aclk  {rise@0.000ns fall@1.666ns period=3.333ns})
  Destination:            u_my_ip/u_axi4_mapping/u_gemv/GEN_WEIGHT_BANK[3].u_weight_bram_bank/mem_reg_1_bram_1/CASOREGIMUXEN_A
                            (rising edge-triggered cell RAMB36E2 clocked by s00_axi_aclk  {rise@0.000ns fall@1.666ns period=3.333ns})
  Path Group:             s00_axi_aclk
  Path Type:              Hold (Min at Fast Process Corner)
  Requirement:            0.000ns  (s00_axi_aclk rise@0.000ns - s00_axi_aclk rise@0.000ns)
  Data Path Delay:        0.135ns  (logic 0.038ns (28.148%)  route 0.097ns (71.852%))
  Logic Levels:           0  
  Clock Path Skew:        0.040ns (DCD - SCD - CPR)
    Destination Clock Delay (DCD):    0.053ns
    Source Clock Delay      (SCD):    0.013ns
    Clock Pessimism Removal (CPR):    -0.000ns

    Location             Delay type                Incr(ns)  Path(ns)    Netlist Resource(s)
  -------------------------------------------------------------------    -------------------
                         (clock s00_axi_aclk rise edge)
                                                      0.000     0.000 r  
                                                      0.000     0.000 r  s00_axi_aclk (IN)
                         net (fo=3355, unset)         0.013     0.013    u_my_ip/u_axi4_mapping/u_gemv/s00_axi_aclk
                         FDRE                                         r  u_my_ip/u_axi4_mapping/u_gemv/weight_compute_en_bank_reg[3]/C
  -------------------------------------------------------------------    -------------------
                         FDRE (Prop_FDRE_C_Q)         0.038     0.051 r  u_my_ip/u_axi4_mapping/u_gemv/weight_compute_en_bank_reg[3]/Q
                         net (fo=6, unplaced)         0.097     0.148    u_my_ip/u_axi4_mapping/u_gemv/GEN_WEIGHT_BANK[3].u_weight_bram_bank/mem_reg_0_bram_1_0
                         RAMB36E2                                     r  u_my_ip/u_axi4_mapping/u_gemv/GEN_WEIGHT_BANK[3].u_weight_bram_bank/mem_reg_1_bram_1/CASOREGIMUXEN_A
  -------------------------------------------------------------------    -------------------

                         (clock s00_axi_aclk rise edge)
                                                      0.000     0.000 r  
                                                      0.000     0.000 r  s00_axi_aclk (IN)
                         net (fo=3355, unset)         0.053     0.053    u_my_ip/u_axi4_mapping/u_gemv/GEN_WEIGHT_BANK[3].u_weight_bram_bank/s00_axi_aclk
                         RAMB36E2                                     r  u_my_ip/u_axi4_mapping/u_gemv/GEN_WEIGHT_BANK[3].u_weight_bram_bank/mem_reg_1_bram_1/CLKARDCLK
                         clock pessimism              0.000     0.053    
                         RAMB36E2 (Hold_RAMB36E2_CLKARDCLK_CASOREGIMUXEN_A)
                                                      0.049     0.102    u_my_ip/u_axi4_mapping/u_gemv/GEN_WEIGHT_BANK[3].u_weight_bram_bank/mem_reg_1_bram_1
  -------------------------------------------------------------------
                         required time                         -0.102    
                         arrival time                           0.148    
  -------------------------------------------------------------------
                         slack                                  0.046    

Slack (MET) :             0.046ns  (arrival time - required time)
  Source:                 u_my_ip/u_axi4_mapping/u_gemv/weight_compute_en_bank_reg[3]/C
                            (rising edge-triggered cell FDRE clocked by s00_axi_aclk  {rise@0.000ns fall@1.666ns period=3.333ns})
  Destination:            u_my_ip/u_axi4_mapping/u_gemv/GEN_WEIGHT_BANK[3].u_weight_bram_bank/mem_reg_2_bram_1/CASOREGIMUXEN_A
                            (rising edge-triggered cell RAMB36E2 clocked by s00_axi_aclk  {rise@0.000ns fall@1.666ns period=3.333ns})
  Path Group:             s00_axi_aclk
  Path Type:              Hold (Min at Fast Process Corner)
  Requirement:            0.000ns  (s00_axi_aclk rise@0.000ns - s00_axi_aclk rise@0.000ns)
  Data Path Delay:        0.135ns  (logic 0.038ns (28.148%)  route 0.097ns (71.852%))
  Logic Levels:           0  
  Clock Path Skew:        0.040ns (DCD - SCD - CPR)
    Destination Clock Delay (DCD):    0.053ns
    Source Clock Delay      (SCD):    0.013ns
    Clock Pessimism Removal (CPR):    -0.000ns

    Location             Delay type                Incr(ns)  Path(ns)    Netlist Resource(s)
  -------------------------------------------------------------------    -------------------
                         (clock s00_axi_aclk rise edge)
                                                      0.000     0.000 r  
                                                      0.000     0.000 r  s00_axi_aclk (IN)
                         net (fo=3355, unset)         0.013     0.013    u_my_ip/u_axi4_mapping/u_gemv/s00_axi_aclk
                         FDRE                                         r  u_my_ip/u_axi4_mapping/u_gemv/weight_compute_en_bank_reg[3]/C
  -------------------------------------------------------------------    -------------------
                         FDRE (Prop_FDRE_C_Q)         0.038     0.051 r  u_my_ip/u_axi4_mapping/u_gemv/weight_compute_en_bank_reg[3]/Q
                         net (fo=6, unplaced)         0.097     0.148    u_my_ip/u_axi4_mapping/u_gemv/GEN_WEIGHT_BANK[3].u_weight_bram_bank/mem_reg_0_bram_1_0
                         RAMB36E2                                     r  u_my_ip/u_axi4_mapping/u_gemv/GEN_WEIGHT_BANK[3].u_weight_bram_bank/mem_reg_2_bram_1/CASOREGIMUXEN_A
  -------------------------------------------------------------------    -------------------

                         (clock s00_axi_aclk rise edge)
                                                      0.000     0.000 r  
                                                      0.000     0.000 r  s00_axi_aclk (IN)
                         net (fo=3355, unset)         0.053     0.053    u_my_ip/u_axi4_mapping/u_gemv/GEN_WEIGHT_BANK[3].u_weight_bram_bank/s00_axi_aclk
                         RAMB36E2                                     r  u_my_ip/u_axi4_mapping/u_gemv/GEN_WEIGHT_BANK[3].u_weight_bram_bank/mem_reg_2_bram_1/CLKARDCLK
                         clock pessimism              0.000     0.053    
                         RAMB36E2 (Hold_RAMB36E2_CLKARDCLK_CASOREGIMUXEN_A)
                                                      0.049     0.102    u_my_ip/u_axi4_mapping/u_gemv/GEN_WEIGHT_BANK[3].u_weight_bram_bank/mem_reg_2_bram_1
  -------------------------------------------------------------------
                         required time                         -0.102    
                         arrival time                           0.148    
  -------------------------------------------------------------------
                         slack                                  0.046    

Slack (MET) :             0.046ns  (arrival time - required time)
  Source:                 u_my_ip/u_axi4_mapping/u_gemv/weight_compute_en_bank_reg[3]/C
                            (rising edge-triggered cell FDRE clocked by s00_axi_aclk  {rise@0.000ns fall@1.666ns period=3.333ns})
  Destination:            u_my_ip/u_axi4_mapping/u_gemv/GEN_WEIGHT_BANK[3].u_weight_bram_bank/mem_reg_3_bram_1/CASOREGIMUXEN_A
                            (rising edge-triggered cell RAMB36E2 clocked by s00_axi_aclk  {rise@0.000ns fall@1.666ns period=3.333ns})
  Path Group:             s00_axi_aclk
  Path Type:              Hold (Min at Fast Process Corner)
  Requirement:            0.000ns  (s00_axi_aclk rise@0.000ns - s00_axi_aclk rise@0.000ns)
  Data Path Delay:        0.135ns  (logic 0.038ns (28.148%)  route 0.097ns (71.852%))
  Logic Levels:           0  
  Clock Path Skew:        0.040ns (DCD - SCD - CPR)
    Destination Clock Delay (DCD):    0.053ns
    Source Clock Delay      (SCD):    0.013ns
    Clock Pessimism Removal (CPR):    -0.000ns

    Location             Delay type                Incr(ns)  Path(ns)    Netlist Resource(s)
  -------------------------------------------------------------------    -------------------
                         (clock s00_axi_aclk rise edge)
                                                      0.000     0.000 r  
                                                      0.000     0.000 r  s00_axi_aclk (IN)
                         net (fo=3355, unset)         0.013     0.013    u_my_ip/u_axi4_mapping/u_gemv/s00_axi_aclk
                         FDRE                                         r  u_my_ip/u_axi4_mapping/u_gemv/weight_compute_en_bank_reg[3]/C
  -------------------------------------------------------------------    -------------------
                         FDRE (Prop_FDRE_C_Q)         0.038     0.051 r  u_my_ip/u_axi4_mapping/u_gemv/weight_compute_en_bank_reg[3]/Q
                         net (fo=6, unplaced)         0.097     0.148    u_my_ip/u_axi4_mapping/u_gemv/GEN_WEIGHT_BANK[3].u_weight_bram_bank/mem_reg_0_bram_1_0
                         RAMB36E2                                     r  u_my_ip/u_axi4_mapping/u_gemv/GEN_WEIGHT_BANK[3].u_weight_bram_bank/mem_reg_3_bram_1/CASOREGIMUXEN_A
  -------------------------------------------------------------------    -------------------

                         (clock s00_axi_aclk rise edge)
                                                      0.000     0.000 r  
                                                      0.000     0.000 r  s00_axi_aclk (IN)
                         net (fo=3355, unset)         0.053     0.053    u_my_ip/u_axi4_mapping/u_gemv/GEN_WEIGHT_BANK[3].u_weight_bram_bank/s00_axi_aclk
                         RAMB36E2                                     r  u_my_ip/u_axi4_mapping/u_gemv/GEN_WEIGHT_BANK[3].u_weight_bram_bank/mem_reg_3_bram_1/CLKARDCLK
                         clock pessimism              0.000     0.053    
                         RAMB36E2 (Hold_RAMB36E2_CLKARDCLK_CASOREGIMUXEN_A)
                                                      0.049     0.102    u_my_ip/u_axi4_mapping/u_gemv/GEN_WEIGHT_BANK[3].u_weight_bram_bank/mem_reg_3_bram_1
  -------------------------------------------------------------------
                         required time                         -0.102    
                         arrival time                           0.148    
  -------------------------------------------------------------------
                         slack                                  0.046    

Slack (MET) :             0.047ns  (arrival time - required time)
  Source:                 u_my_ip/u_axi4_mapping/u_gemv/wr_pipe_data_r_reg[30]/C
                            (rising edge-triggered cell FDRE clocked by s00_axi_aclk  {rise@0.000ns fall@1.666ns period=3.333ns})
  Destination:            u_my_ip/u_axi4_mapping/u_gemv/u_act_bram/mem_reg_0/DINBDIN[30]
                            (rising edge-triggered cell RAMB36E2 clocked by s00_axi_aclk  {rise@0.000ns fall@1.666ns period=3.333ns})
  Path Group:             s00_axi_aclk
  Path Type:              Hold (Min at Fast Process Corner)
  Requirement:            0.000ns  (s00_axi_aclk rise@0.000ns - s00_axi_aclk rise@0.000ns)
  Data Path Delay:        0.083ns  (logic 0.038ns (45.783%)  route 0.045ns (54.217%))
  Logic Levels:           0  
  Clock Path Skew:        0.041ns (DCD - SCD - CPR)
    Destination Clock Delay (DCD):    0.054ns
    Source Clock Delay      (SCD):    0.013ns
    Clock Pessimism Removal (CPR):    -0.000ns

    Location             Delay type                Incr(ns)  Path(ns)    Netlist Resource(s)
  -------------------------------------------------------------------    -------------------
                         (clock s00_axi_aclk rise edge)
                                                      0.000     0.000 r  
                                                      0.000     0.000 r  s00_axi_aclk (IN)
                         net (fo=3355, unset)         0.013     0.013    u_my_ip/u_axi4_mapping/u_gemv/s00_axi_aclk
                         FDRE                                         r  u_my_ip/u_axi4_mapping/u_gemv/wr_pipe_data_r_reg[30]/C
  -------------------------------------------------------------------    -------------------
                         FDRE (Prop_FDRE_C_Q)         0.038     0.051 r  u_my_ip/u_axi4_mapping/u_gemv/wr_pipe_data_r_reg[30]/Q
                         net (fo=2, unplaced)         0.045     0.096    u_my_ip/u_axi4_mapping/u_gemv/u_act_bram/mem_reg_3_2[30]
                         RAMB36E2                                     r  u_my_ip/u_axi4_mapping/u_gemv/u_act_bram/mem_reg_0/DINBDIN[30]
  -------------------------------------------------------------------    -------------------

                         (clock s00_axi_aclk rise edge)
                                                      0.000     0.000 r  
                                                      0.000     0.000 r  s00_axi_aclk (IN)
                         net (fo=3355, unset)         0.054     0.054    u_my_ip/u_axi4_mapping/u_gemv/u_act_bram/s00_axi_aclk
                         RAMB36E2                                     r  u_my_ip/u_axi4_mapping/u_gemv/u_act_bram/mem_reg_0/CLKBWRCLK
                         clock pessimism              0.000     0.054    
                         RAMB36E2 (Hold_RAMB36E2_CLKBWRCLK_DINBDIN[30])
                                                     -0.005     0.049    u_my_ip/u_axi4_mapping/u_gemv/u_act_bram/mem_reg_0
  -------------------------------------------------------------------
                         required time                         -0.049    
                         arrival time                           0.096    
  -------------------------------------------------------------------
                         slack                                  0.047    

Slack (MET) :             0.047ns  (arrival time - required time)
  Source:                 u_my_ip/u_axi4_mapping/u_gemv/wr_pipe_data_r_reg[62]/C
                            (rising edge-triggered cell FDRE clocked by s00_axi_aclk  {rise@0.000ns fall@1.666ns period=3.333ns})
  Destination:            u_my_ip/u_axi4_mapping/u_gemv/u_act_bram/mem_reg_1/DINBDIN[30]
                            (rising edge-triggered cell RAMB36E2 clocked by s00_axi_aclk  {rise@0.000ns fall@1.666ns period=3.333ns})
  Path Group:             s00_axi_aclk
  Path Type:              Hold (Min at Fast Process Corner)
  Requirement:            0.000ns  (s00_axi_aclk rise@0.000ns - s00_axi_aclk rise@0.000ns)
  Data Path Delay:        0.083ns  (logic 0.038ns (45.783%)  route 0.045ns (54.217%))
  Logic Levels:           0  
  Clock Path Skew:        0.041ns (DCD - SCD - CPR)
    Destination Clock Delay (DCD):    0.054ns
    Source Clock Delay      (SCD):    0.013ns
    Clock Pessimism Removal (CPR):    -0.000ns

    Location             Delay type                Incr(ns)  Path(ns)    Netlist Resource(s)
  -------------------------------------------------------------------    -------------------
                         (clock s00_axi_aclk rise edge)
                                                      0.000     0.000 r  
                                                      0.000     0.000 r  s00_axi_aclk (IN)
                         net (fo=3355, unset)         0.013     0.013    u_my_ip/u_axi4_mapping/u_gemv/s00_axi_aclk
                         FDRE                                         r  u_my_ip/u_axi4_mapping/u_gemv/wr_pipe_data_r_reg[62]/C
  -------------------------------------------------------------------    -------------------
                         FDRE (Prop_FDRE_C_Q)         0.038     0.051 r  u_my_ip/u_axi4_mapping/u_gemv/wr_pipe_data_r_reg[62]/Q
                         net (fo=2, unplaced)         0.045     0.096    u_my_ip/u_axi4_mapping/u_gemv/u_act_bram/mem_reg_3_2[62]
                         RAMB36E2                                     r  u_my_ip/u_axi4_mapping/u_gemv/u_act_bram/mem_reg_1/DINBDIN[30]
  -------------------------------------------------------------------    -------------------

                         (clock s00_axi_aclk rise edge)
                                                      0.000     0.000 r  
                                                      0.000     0.000 r  s00_axi_aclk (IN)
                         net (fo=3355, unset)         0.054     0.054    u_my_ip/u_axi4_mapping/u_gemv/u_act_bram/s00_axi_aclk
                         RAMB36E2                                     r  u_my_ip/u_axi4_mapping/u_gemv/u_act_bram/mem_reg_1/CLKBWRCLK
                         clock pessimism              0.000     0.054    
                         RAMB36E2 (Hold_RAMB36E2_CLKBWRCLK_DINBDIN[30])
                                                     -0.005     0.049    u_my_ip/u_axi4_mapping/u_gemv/u_act_bram/mem_reg_1
  -------------------------------------------------------------------
                         required time                         -0.049    
                         arrival time                           0.096    
  -------------------------------------------------------------------
                         slack                                  0.047    

Slack (MET) :             0.047ns  (arrival time - required time)
  Source:                 u_my_ip/u_axi4_mapping/u_gemv/wr_pipe_data_r_reg[94]/C
                            (rising edge-triggered cell FDRE clocked by s00_axi_aclk  {rise@0.000ns fall@1.666ns period=3.333ns})
  Destination:            u_my_ip/u_axi4_mapping/u_gemv/u_act_bram/mem_reg_2/DINBDIN[30]
                            (rising edge-triggered cell RAMB36E2 clocked by s00_axi_aclk  {rise@0.000ns fall@1.666ns period=3.333ns})
  Path Group:             s00_axi_aclk
  Path Type:              Hold (Min at Fast Process Corner)
  Requirement:            0.000ns  (s00_axi_aclk rise@0.000ns - s00_axi_aclk rise@0.000ns)
  Data Path Delay:        0.083ns  (logic 0.038ns (45.783%)  route 0.045ns (54.217%))
  Logic Levels:           0  
  Clock Path Skew:        0.041ns (DCD - SCD - CPR)
    Destination Clock Delay (DCD):    0.054ns
    Source Clock Delay      (SCD):    0.013ns
    Clock Pessimism Removal (CPR):    -0.000ns

    Location             Delay type                Incr(ns)  Path(ns)    Netlist Resource(s)
  -------------------------------------------------------------------    -------------------
                         (clock s00_axi_aclk rise edge)
                                                      0.000     0.000 r  
                                                      0.000     0.000 r  s00_axi_aclk (IN)
                         net (fo=3355, unset)         0.013     0.013    u_my_ip/u_axi4_mapping/u_gemv/s00_axi_aclk
                         FDRE                                         r  u_my_ip/u_axi4_mapping/u_gemv/wr_pipe_data_r_reg[94]/C
  -------------------------------------------------------------------    -------------------
                         FDRE (Prop_FDRE_C_Q)         0.038     0.051 r  u_my_ip/u_axi4_mapping/u_gemv/wr_pipe_data_r_reg[94]/Q
                         net (fo=2, unplaced)         0.045     0.096    u_my_ip/u_axi4_mapping/u_gemv/u_act_bram/mem_reg_3_2[94]
                         RAMB36E2                                     r  u_my_ip/u_axi4_mapping/u_gemv/u_act_bram/mem_reg_2/DINBDIN[30]
  -------------------------------------------------------------------    -------------------

                         (clock s00_axi_aclk rise edge)
                                                      0.000     0.000 r  
                                                      0.000     0.000 r  s00_axi_aclk (IN)
                         net (fo=3355, unset)         0.054     0.054    u_my_ip/u_axi4_mapping/u_gemv/u_act_bram/s00_axi_aclk
                         RAMB36E2                                     r  u_my_ip/u_axi4_mapping/u_gemv/u_act_bram/mem_reg_2/CLKBWRCLK
                         clock pessimism              0.000     0.054    
                         RAMB36E2 (Hold_RAMB36E2_CLKBWRCLK_DINBDIN[30])
                                                     -0.005     0.049    u_my_ip/u_axi4_mapping/u_gemv/u_act_bram/mem_reg_2
  -------------------------------------------------------------------
                         required time                         -0.049    
                         arrival time                           0.096    
  -------------------------------------------------------------------
                         slack                                  0.047    

Slack (MET) :             0.047ns  (arrival time - required time)
  Source:                 u_my_ip/u_axi4_mapping/u_gemv/wr_pipe_data_r_reg[126]/C
                            (rising edge-triggered cell FDRE clocked by s00_axi_aclk  {rise@0.000ns fall@1.666ns period=3.333ns})
  Destination:            u_my_ip/u_axi4_mapping/u_gemv/u_act_bram/mem_reg_3/DINBDIN[30]
                            (rising edge-triggered cell RAMB36E2 clocked by s00_axi_aclk  {rise@0.000ns fall@1.666ns period=3.333ns})
  Path Group:             s00_axi_aclk
  Path Type:              Hold (Min at Fast Process Corner)
  Requirement:            0.000ns  (s00_axi_aclk rise@0.000ns - s00_axi_aclk rise@0.000ns)
  Data Path Delay:        0.083ns  (logic 0.038ns (45.783%)  route 0.045ns (54.217%))
  Logic Levels:           0  
  Clock Path Skew:        0.041ns (DCD - SCD - CPR)
    Destination Clock Delay (DCD):    0.054ns
    Source Clock Delay      (SCD):    0.013ns
    Clock Pessimism Removal (CPR):    -0.000ns

    Location             Delay type                Incr(ns)  Path(ns)    Netlist Resource(s)
  -------------------------------------------------------------------    -------------------
                         (clock s00_axi_aclk rise edge)
                                                      0.000     0.000 r  
                                                      0.000     0.000 r  s00_axi_aclk (IN)
                         net (fo=3355, unset)         0.013     0.013    u_my_ip/u_axi4_mapping/u_gemv/s00_axi_aclk
                         FDRE                                         r  u_my_ip/u_axi4_mapping/u_gemv/wr_pipe_data_r_reg[126]/C
  -------------------------------------------------------------------    -------------------
                         FDRE (Prop_FDRE_C_Q)         0.038     0.051 r  u_my_ip/u_axi4_mapping/u_gemv/wr_pipe_data_r_reg[126]/Q
                         net (fo=2, unplaced)         0.045     0.096    u_my_ip/u_axi4_mapping/u_gemv/u_act_bram/mem_reg_3_2[126]
                         RAMB36E2                                     r  u_my_ip/u_axi4_mapping/u_gemv/u_act_bram/mem_reg_3/DINBDIN[30]
  -------------------------------------------------------------------    -------------------

                         (clock s00_axi_aclk rise edge)
                                                      0.000     0.000 r  
                                                      0.000     0.000 r  s00_axi_aclk (IN)
                         net (fo=3355, unset)         0.054     0.054    u_my_ip/u_axi4_mapping/u_gemv/u_act_bram/s00_axi_aclk
                         RAMB36E2                                     r  u_my_ip/u_axi4_mapping/u_gemv/u_act_bram/mem_reg_3/CLKBWRCLK
                         clock pessimism              0.000     0.054    
                         RAMB36E2 (Hold_RAMB36E2_CLKBWRCLK_DINBDIN[30])
                                                     -0.005     0.049    u_my_ip/u_axi4_mapping/u_gemv/u_act_bram/mem_reg_3
  -------------------------------------------------------------------
                         required time                         -0.049    
                         arrival time                           0.096    
  -------------------------------------------------------------------
                         slack                                  0.047    





Pulse Width Checks
--------------------------------------------------------------------------------------
Clock Name:         s00_axi_aclk
Waveform(ns):       { 0.000 1.666 }
Period(ns):         3.333
Sources:            { s00_axi_aclk }

Check Type        Corner  Lib Pin             Reference Pin  Required(ns)  Actual(ns)  Slack(ns)  Location  Pin
Min Period        n/a     RAMB36E2/CLKARDCLK  n/a            1.569         3.333       1.764                u_my_ip/u_axi4_mapping/u_gemv/GEN_WEIGHT_BANK[0].u_weight_bram_bank/mem_reg_0_bram_0/CLKARDCLK
Min Period        n/a     RAMB36E2/CLKBWRCLK  n/a            1.569         3.333       1.764                u_my_ip/u_axi4_mapping/u_gemv/GEN_WEIGHT_BANK[0].u_weight_bram_bank/mem_reg_0_bram_0/CLKBWRCLK
Min Period        n/a     RAMB36E2/CLKARDCLK  n/a            1.569         3.333       1.764                u_my_ip/u_axi4_mapping/u_gemv/GEN_WEIGHT_BANK[0].u_weight_bram_bank/mem_reg_0_bram_1/CLKARDCLK
Min Period        n/a     RAMB36E2/CLKBWRCLK  n/a            1.569         3.333       1.764                u_my_ip/u_axi4_mapping/u_gemv/GEN_WEIGHT_BANK[0].u_weight_bram_bank/mem_reg_0_bram_1/CLKBWRCLK
Min Period        n/a     RAMB36E2/CLKARDCLK  n/a            1.569         3.333       1.764                u_my_ip/u_axi4_mapping/u_gemv/GEN_WEIGHT_BANK[0].u_weight_bram_bank/mem_reg_1_bram_0/CLKARDCLK
Min Period        n/a     RAMB36E2/CLKBWRCLK  n/a            1.569         3.333       1.764                u_my_ip/u_axi4_mapping/u_gemv/GEN_WEIGHT_BANK[0].u_weight_bram_bank/mem_reg_1_bram_0/CLKBWRCLK
Min Period        n/a     RAMB36E2/CLKARDCLK  n/a            1.569         3.333       1.764                u_my_ip/u_axi4_mapping/u_gemv/GEN_WEIGHT_BANK[0].u_weight_bram_bank/mem_reg_1_bram_1/CLKARDCLK
Min Period        n/a     RAMB36E2/CLKBWRCLK  n/a            1.569         3.333       1.764                u_my_ip/u_axi4_mapping/u_gemv/GEN_WEIGHT_BANK[0].u_weight_bram_bank/mem_reg_1_bram_1/CLKBWRCLK
Min Period        n/a     RAMB36E2/CLKARDCLK  n/a            1.569         3.333       1.764                u_my_ip/u_axi4_mapping/u_gemv/GEN_WEIGHT_BANK[0].u_weight_bram_bank/mem_reg_2_bram_0/CLKARDCLK
Min Period        n/a     RAMB36E2/CLKBWRCLK  n/a            1.569         3.333       1.764                u_my_ip/u_axi4_mapping/u_gemv/GEN_WEIGHT_BANK[0].u_weight_bram_bank/mem_reg_2_bram_0/CLKBWRCLK
Min Period        n/a     RAMB36E2/CLKARDCLK  n/a            1.569         3.333       1.764                u_my_ip/u_axi4_mapping/u_gemv/GEN_WEIGHT_BANK[0].u_weight_bram_bank/mem_reg_2_bram_1/CLKARDCLK
Min Period        n/a     RAMB36E2/CLKBWRCLK  n/a            1.569         3.333       1.764                u_my_ip/u_axi4_mapping/u_gemv/GEN_WEIGHT_BANK[0].u_weight_bram_bank/mem_reg_2_bram_1/CLKBWRCLK
Min Period        n/a     RAMB36E2/CLKARDCLK  n/a            1.569         3.333       1.764                u_my_ip/u_axi4_mapping/u_gemv/GEN_WEIGHT_BANK[0].u_weight_bram_bank/mem_reg_3_bram_0/CLKARDCLK
Min Period        n/a     RAMB36E2/CLKBWRCLK  n/a            1.569         3.333       1.764                u_my_ip/u_axi4_mapping/u_gemv/GEN_WEIGHT_BANK[0].u_weight_bram_bank/mem_reg_3_bram_0/CLKBWRCLK
Min Period        n/a     RAMB36E2/CLKARDCLK  n/a            1.569         3.333       1.764                u_my_ip/u_axi4_mapping/u_gemv/GEN_WEIGHT_BANK[0].u_weight_bram_bank/mem_reg_3_bram_1/CLKARDCLK
Min Period        n/a     RAMB36E2/CLKBWRCLK  n/a            1.569         3.333       1.764                u_my_ip/u_axi4_mapping/u_gemv/GEN_WEIGHT_BANK[0].u_weight_bram_bank/mem_reg_3_bram_1/CLKBWRCLK
Min Period        n/a     RAMB36E2/CLKARDCLK  n/a            1.569         3.333       1.764                u_my_ip/u_axi4_mapping/u_gemv/GEN_WEIGHT_BANK[1].u_weight_bram_bank/mem_reg_0_bram_0/CLKARDCLK
Min Period        n/a     RAMB36E2/CLKBWRCLK  n/a            1.569         3.333       1.764                u_my_ip/u_axi4_mapping/u_gemv/GEN_WEIGHT_BANK[1].u_weight_bram_bank/mem_reg_0_bram_0/CLKBWRCLK
Min Period        n/a     RAMB36E2/CLKARDCLK  n/a            1.569         3.333       1.764                u_my_ip/u_axi4_mapping/u_gemv/GEN_WEIGHT_BANK[1].u_weight_bram_bank/mem_reg_0_bram_1/CLKARDCLK
Min Period        n/a     RAMB36E2/CLKBWRCLK  n/a            1.569         3.333       1.764                u_my_ip/u_axi4_mapping/u_gemv/GEN_WEIGHT_BANK[1].u_weight_bram_bank/mem_reg_0_bram_1/CLKBWRCLK
Low Pulse Width   Slow    RAMB36E2/CLKARDCLK  n/a            0.542         1.666       1.124                u_my_ip/u_axi4_mapping/u_gemv/GEN_WEIGHT_BANK[0].u_weight_bram_bank/mem_reg_0_bram_0/CLKARDCLK
Low Pulse Width   Fast    RAMB36E2/CLKARDCLK  n/a            0.542         1.666       1.124                u_my_ip/u_axi4_mapping/u_gemv/GEN_WEIGHT_BANK[0].u_weight_bram_bank/mem_reg_0_bram_0/CLKARDCLK
Low Pulse Width   Slow    RAMB36E2/CLKBWRCLK  n/a            0.542         1.667       1.125                u_my_ip/u_axi4_mapping/u_gemv/GEN_WEIGHT_BANK[0].u_weight_bram_bank/mem_reg_0_bram_0/CLKBWRCLK
Low Pulse Width   Fast    RAMB36E2/CLKBWRCLK  n/a            0.542         1.666       1.124                u_my_ip/u_axi4_mapping/u_gemv/GEN_WEIGHT_BANK[0].u_weight_bram_bank/mem_reg_0_bram_0/CLKBWRCLK
Low Pulse Width   Slow    RAMB36E2/CLKARDCLK  n/a            0.542         1.666       1.124                u_my_ip/u_axi4_mapping/u_gemv/GEN_WEIGHT_BANK[0].u_weight_bram_bank/mem_reg_0_bram_1/CLKARDCLK
Low Pulse Width   Fast    RAMB36E2/CLKARDCLK  n/a            0.542         1.666       1.124                u_my_ip/u_axi4_mapping/u_gemv/GEN_WEIGHT_BANK[0].u_weight_bram_bank/mem_reg_0_bram_1/CLKARDCLK
Low Pulse Width   Slow    RAMB36E2/CLKBWRCLK  n/a            0.542         1.667       1.125                u_my_ip/u_axi4_mapping/u_gemv/GEN_WEIGHT_BANK[0].u_weight_bram_bank/mem_reg_0_bram_1/CLKBWRCLK
Low Pulse Width   Fast    RAMB36E2/CLKBWRCLK  n/a            0.542         1.666       1.124                u_my_ip/u_axi4_mapping/u_gemv/GEN_WEIGHT_BANK[0].u_weight_bram_bank/mem_reg_0_bram_1/CLKBWRCLK
Low Pulse Width   Slow    RAMB36E2/CLKARDCLK  n/a            0.542         1.666       1.124                u_my_ip/u_axi4_mapping/u_gemv/GEN_WEIGHT_BANK[0].u_weight_bram_bank/mem_reg_1_bram_0/CLKARDCLK
Low Pulse Width   Fast    RAMB36E2/CLKARDCLK  n/a            0.542         1.666       1.124                u_my_ip/u_axi4_mapping/u_gemv/GEN_WEIGHT_BANK[0].u_weight_bram_bank/mem_reg_1_bram_0/CLKARDCLK
Low Pulse Width   Slow    RAMB36E2/CLKBWRCLK  n/a            0.542         1.667       1.125                u_my_ip/u_axi4_mapping/u_gemv/GEN_WEIGHT_BANK[0].u_weight_bram_bank/mem_reg_1_bram_0/CLKBWRCLK
Low Pulse Width   Fast    RAMB36E2/CLKBWRCLK  n/a            0.542         1.666       1.124                u_my_ip/u_axi4_mapping/u_gemv/GEN_WEIGHT_BANK[0].u_weight_bram_bank/mem_reg_1_bram_0/CLKBWRCLK
Low Pulse Width   Slow    RAMB36E2/CLKARDCLK  n/a            0.542         1.666       1.124                u_my_ip/u_axi4_mapping/u_gemv/GEN_WEIGHT_BANK[0].u_weight_bram_bank/mem_reg_1_bram_1/CLKARDCLK
Low Pulse Width   Fast    RAMB36E2/CLKARDCLK  n/a            0.542         1.666       1.124                u_my_ip/u_axi4_mapping/u_gemv/GEN_WEIGHT_BANK[0].u_weight_bram_bank/mem_reg_1_bram_1/CLKARDCLK
Low Pulse Width   Slow    RAMB36E2/CLKBWRCLK  n/a            0.542         1.667       1.125                u_my_ip/u_axi4_mapping/u_gemv/GEN_WEIGHT_BANK[0].u_weight_bram_bank/mem_reg_1_bram_1/CLKBWRCLK
Low Pulse Width   Fast    RAMB36E2/CLKBWRCLK  n/a            0.542         1.666       1.124                u_my_ip/u_axi4_mapping/u_gemv/GEN_WEIGHT_BANK[0].u_weight_bram_bank/mem_reg_1_bram_1/CLKBWRCLK
Low Pulse Width   Slow    RAMB36E2/CLKARDCLK  n/a            0.542         1.666       1.124                u_my_ip/u_axi4_mapping/u_gemv/GEN_WEIGHT_BANK[0].u_weight_bram_bank/mem_reg_2_bram_0/CLKARDCLK
Low Pulse Width   Fast    RAMB36E2/CLKARDCLK  n/a            0.542         1.666       1.124                u_my_ip/u_axi4_mapping/u_gemv/GEN_WEIGHT_BANK[0].u_weight_bram_bank/mem_reg_2_bram_0/CLKARDCLK
Low Pulse Width   Slow    RAMB36E2/CLKBWRCLK  n/a            0.542         1.667       1.125                u_my_ip/u_axi4_mapping/u_gemv/GEN_WEIGHT_BANK[0].u_weight_bram_bank/mem_reg_2_bram_0/CLKBWRCLK
Low Pulse Width   Fast    RAMB36E2/CLKBWRCLK  n/a            0.542         1.666       1.124                u_my_ip/u_axi4_mapping/u_gemv/GEN_WEIGHT_BANK[0].u_weight_bram_bank/mem_reg_2_bram_0/CLKBWRCLK
High Pulse Width  Slow    RAMB36E2/CLKARDCLK  n/a            0.542         1.666       1.124                u_my_ip/u_axi4_mapping/u_gemv/GEN_WEIGHT_BANK[0].u_weight_bram_bank/mem_reg_0_bram_0/CLKARDCLK
High Pulse Width  Fast    RAMB36E2/CLKARDCLK  n/a            0.542         1.666       1.124                u_my_ip/u_axi4_mapping/u_gemv/GEN_WEIGHT_BANK[0].u_weight_bram_bank/mem_reg_0_bram_0/CLKARDCLK
High Pulse Width  Slow    RAMB36E2/CLKBWRCLK  n/a            0.542         1.666       1.124                u_my_ip/u_axi4_mapping/u_gemv/GEN_WEIGHT_BANK[0].u_weight_bram_bank/mem_reg_0_bram_0/CLKBWRCLK
High Pulse Width  Fast    RAMB36E2/CLKBWRCLK  n/a            0.542         1.666       1.124                u_my_ip/u_axi4_mapping/u_gemv/GEN_WEIGHT_BANK[0].u_weight_bram_bank/mem_reg_0_bram_0/CLKBWRCLK
High Pulse Width  Slow    RAMB36E2/CLKARDCLK  n/a            0.542         1.666       1.124                u_my_ip/u_axi4_mapping/u_gemv/GEN_WEIGHT_BANK[0].u_weight_bram_bank/mem_reg_0_bram_1/CLKARDCLK
High Pulse Width  Fast    RAMB36E2/CLKARDCLK  n/a            0.542         1.666       1.124                u_my_ip/u_axi4_mapping/u_gemv/GEN_WEIGHT_BANK[0].u_weight_bram_bank/mem_reg_0_bram_1/CLKARDCLK
High Pulse Width  Slow    RAMB36E2/CLKBWRCLK  n/a            0.542         1.666       1.124                u_my_ip/u_axi4_mapping/u_gemv/GEN_WEIGHT_BANK[0].u_weight_bram_bank/mem_reg_0_bram_1/CLKBWRCLK
High Pulse Width  Fast    RAMB36E2/CLKBWRCLK  n/a            0.542         1.666       1.124                u_my_ip/u_axi4_mapping/u_gemv/GEN_WEIGHT_BANK[0].u_weight_bram_bank/mem_reg_0_bram_1/CLKBWRCLK
High Pulse Width  Slow    RAMB36E2/CLKARDCLK  n/a            0.542         1.666       1.124                u_my_ip/u_axi4_mapping/u_gemv/GEN_WEIGHT_BANK[0].u_weight_bram_bank/mem_reg_1_bram_0/CLKARDCLK
High Pulse Width  Fast    RAMB36E2/CLKARDCLK  n/a            0.542         1.666       1.124                u_my_ip/u_axi4_mapping/u_gemv/GEN_WEIGHT_BANK[0].u_weight_bram_bank/mem_reg_1_bram_0/CLKARDCLK
High Pulse Width  Slow    RAMB36E2/CLKBWRCLK  n/a            0.542         1.666       1.124                u_my_ip/u_axi4_mapping/u_gemv/GEN_WEIGHT_BANK[0].u_weight_bram_bank/mem_reg_1_bram_0/CLKBWRCLK
High Pulse Width  Fast    RAMB36E2/CLKBWRCLK  n/a            0.542         1.666       1.124                u_my_ip/u_axi4_mapping/u_gemv/GEN_WEIGHT_BANK[0].u_weight_bram_bank/mem_reg_1_bram_0/CLKBWRCLK
High Pulse Width  Slow    RAMB36E2/CLKARDCLK  n/a            0.542         1.666       1.124                u_my_ip/u_axi4_mapping/u_gemv/GEN_WEIGHT_BANK[0].u_weight_bram_bank/mem_reg_1_bram_1/CLKARDCLK
High Pulse Width  Fast    RAMB36E2/CLKARDCLK  n/a            0.542         1.666       1.124                u_my_ip/u_axi4_mapping/u_gemv/GEN_WEIGHT_BANK[0].u_weight_bram_bank/mem_reg_1_bram_1/CLKARDCLK
High Pulse Width  Slow    RAMB36E2/CLKBWRCLK  n/a            0.542         1.666       1.124                u_my_ip/u_axi4_mapping/u_gemv/GEN_WEIGHT_BANK[0].u_weight_bram_bank/mem_reg_1_bram_1/CLKBWRCLK
High Pulse Width  Fast    RAMB36E2/CLKBWRCLK  n/a            0.542         1.666       1.124                u_my_ip/u_axi4_mapping/u_gemv/GEN_WEIGHT_BANK[0].u_weight_bram_bank/mem_reg_1_bram_1/CLKBWRCLK
High Pulse Width  Slow    RAMB36E2/CLKARDCLK  n/a            0.542         1.666       1.124                u_my_ip/u_axi4_mapping/u_gemv/GEN_WEIGHT_BANK[0].u_weight_bram_bank/mem_reg_2_bram_0/CLKARDCLK
High Pulse Width  Fast    RAMB36E2/CLKARDCLK  n/a            0.542         1.666       1.124                u_my_ip/u_axi4_mapping/u_gemv/GEN_WEIGHT_BANK[0].u_weight_bram_bank/mem_reg_2_bram_0/CLKARDCLK
High Pulse Width  Slow    RAMB36E2/CLKBWRCLK  n/a            0.542         1.666       1.124                u_my_ip/u_axi4_mapping/u_gemv/GEN_WEIGHT_BANK[0].u_weight_bram_bank/mem_reg_2_bram_0/CLKBWRCLK
High Pulse Width  Fast    RAMB36E2/CLKBWRCLK  n/a            0.542         1.666       1.124                u_my_ip/u_axi4_mapping/u_gemv/GEN_WEIGHT_BANK[0].u_weight_bram_bank/mem_reg_2_bram_0/CLKBWRCLK



