Copyright 1986-2022 Xilinx, Inc. All Rights Reserved.
-----------------------------------------------------------------------------------------------------------------------------------------------------------------------------------------------------------------------------------------------------------------------------------------------------------------------------------------------------------------------------------------------------------------------------------------------------------------------------------------------------------------------------------------------------------------------------------------------
| Tool Version      : Vivado v.2022.2 (win64) Build 3671981 Fri Oct 14 05:00:03 MDT 2022
| Date              : Tue Jun 16 14:18:24 2026
| Host              : Cuong-Desktop running 64-bit major release  (build 9200)
| Command           : report_timing -from [get_pins -hier -quiet -filter {
        DIRECTION == OUT &&
        (NAME =~ *weight_compute_addr_leaf_reg*/Q ||
         NAME =~ *weight_wr_addr_leaf_reg*/Q ||
         NAME =~ *weight_compute_addr_bank_reg*/Q ||
         NAME =~ *weight_wr_addr_bank_reg*/Q)
    }] -to [get_pins -hier -quiet -filter {
        REF_NAME == RAMB36E2 &&
        (REF_PIN_NAME =~ ADDRARDADDR* || REF_PIN_NAME =~ ADDRBWRADDR*)
    }] -max_paths 50 -path_type full -file D:/DOAN/DATN_RTL/DATN_VIVADO/manual_sim/current_256_impl_weight_address_paths.rpt
| Design            : VPU_Top
| Device            : xczu7ev-ffvc1156
| Speed File        : -2  PRODUCTION 1.30 05-15-2022
| Temperature Grade : E
-----------------------------------------------------------------------------------------------------------------------------------------------------------------------------------------------------------------------------------------------------------------------------------------------------------------------------------------------------------------------------------------------------------------------------------------------------------------------------------------------------------------------------------------------------------------------------------------------

Timing Report

Slack (MET) :             0.544ns  (required time - arrival time)
  Source:                 u_my_ip/u_axi4_mapping/u_gemv/weight_compute_addr_leaf_reg[0][0]/C
                            (rising edge-triggered cell FDRE clocked by s00_axi_aclk  {rise@0.000ns fall@2.500ns period=5.000ns})
  Destination:            u_my_ip/u_axi4_mapping/u_gemv/GEN_WEIGHT_BANK[0].GEN_WEIGHT_SHARD[0].u_weight_bram_bank/mem_reg_1_bram_1/ADDRARDADDR[3]
                            (rising edge-triggered cell RAMB36E2 clocked by s00_axi_aclk  {rise@0.000ns fall@2.500ns period=5.000ns})
  Path Group:             s00_axi_aclk
  Path Type:              Setup (Max at Slow Process Corner)
  Requirement:            5.000ns  (s00_axi_aclk rise@5.000ns - s00_axi_aclk rise@0.000ns)
  Data Path Delay:        4.094ns  (logic 0.081ns (1.978%)  route 4.013ns (98.022%))
  Logic Levels:           0  
  Clock Path Skew:        0.011ns (DCD - SCD + CPR)
    Destination Clock Delay (DCD):    0.039ns = ( 5.039 - 5.000 ) 
    Source Clock Delay      (SCD):    0.028ns
    Clock Pessimism Removal (CPR):    0.000ns
  Clock Uncertainty:      0.035ns  ((TSJ^2 + TIJ^2)^1/2 + DJ) / 2 + PE
    Total System Jitter     (TSJ):    0.071ns
    Total Input Jitter      (TIJ):    0.000ns
    Discrete Jitter          (DJ):    0.000ns
    Phase Error              (PE):    0.000ns

    Location             Delay type                Incr(ns)  Path(ns)    Netlist Resource(s)
  -------------------------------------------------------------------    -------------------
                         (clock s00_axi_aclk rise edge)
                                                      0.000     0.000 r  
                         propagated clock network latency
                                                      0.028     0.028    
    SLICE_X69Y233        FDRE                         0.000     0.028 r  u_my_ip/u_axi4_mapping/u_gemv/weight_compute_addr_leaf_reg[0][0]/C
    SLICE_X69Y233        FDRE (Prop_DFF2_SLICEL_C_Q)
                                                      0.081     0.109 r  u_my_ip/u_axi4_mapping/u_gemv/weight_compute_addr_leaf_reg[0][0]/Q
                         net (fo=17, routed)          4.013     4.122    u_my_ip/u_axi4_mapping/u_gemv/GEN_WEIGHT_BANK[0].GEN_WEIGHT_SHARD[0].u_weight_bram_bank/out[0]
    RAMB36_X1Y27         RAMB36E2                                     r  u_my_ip/u_axi4_mapping/u_gemv/GEN_WEIGHT_BANK[0].GEN_WEIGHT_SHARD[0].u_weight_bram_bank/mem_reg_1_bram_1/ADDRARDADDR[3]
  -------------------------------------------------------------------    -------------------

                         (clock s00_axi_aclk rise edge)
                                                      5.000     5.000 r  
                         propagated clock network latency
                                                      0.039     5.039    
                         clock pessimism              0.000     5.039    
                         clock uncertainty           -0.035     5.004    
    RAMB36_X1Y27         RAMB36E2 (Setup_RAMB36E2_RAMB36_CLKARDCLK_ADDRARDADDR[3])
                                                     -0.338     4.666    u_my_ip/u_axi4_mapping/u_gemv/GEN_WEIGHT_BANK[0].GEN_WEIGHT_SHARD[0].u_weight_bram_bank/mem_reg_1_bram_1
  -------------------------------------------------------------------
                         required time                          4.666    
                         arrival time                          -4.122    
  -------------------------------------------------------------------
                         slack                                  0.544    

Slack (MET) :             0.574ns  (required time - arrival time)
  Source:                 u_my_ip/u_axi4_mapping/u_gemv/weight_compute_addr_leaf_reg[0][0]/C
                            (rising edge-triggered cell FDRE clocked by s00_axi_aclk  {rise@0.000ns fall@2.500ns period=5.000ns})
  Destination:            u_my_ip/u_axi4_mapping/u_gemv/GEN_WEIGHT_BANK[0].GEN_WEIGHT_SHARD[0].u_weight_bram_bank/mem_reg_1_bram_0/ADDRARDADDR[3]
                            (rising edge-triggered cell RAMB36E2 clocked by s00_axi_aclk  {rise@0.000ns fall@2.500ns period=5.000ns})
  Path Group:             s00_axi_aclk
  Path Type:              Setup (Max at Slow Process Corner)
  Requirement:            5.000ns  (s00_axi_aclk rise@5.000ns - s00_axi_aclk rise@0.000ns)
  Data Path Delay:        4.063ns  (logic 0.081ns (1.993%)  route 3.982ns (98.007%))
  Logic Levels:           0  
  Clock Path Skew:        0.011ns (DCD - SCD + CPR)
    Destination Clock Delay (DCD):    0.039ns = ( 5.039 - 5.000 ) 
    Source Clock Delay      (SCD):    0.028ns
    Clock Pessimism Removal (CPR):    0.000ns
  Clock Uncertainty:      0.035ns  ((TSJ^2 + TIJ^2)^1/2 + DJ) / 2 + PE
    Total System Jitter     (TSJ):    0.071ns
    Total Input Jitter      (TIJ):    0.000ns
    Discrete Jitter          (DJ):    0.000ns
    Phase Error              (PE):    0.000ns

    Location             Delay type                Incr(ns)  Path(ns)    Netlist Resource(s)
  -------------------------------------------------------------------    -------------------
                         (clock s00_axi_aclk rise edge)
                                                      0.000     0.000 r  
                         propagated clock network latency
                                                      0.028     0.028    
    SLICE_X69Y233        FDRE                         0.000     0.028 r  u_my_ip/u_axi4_mapping/u_gemv/weight_compute_addr_leaf_reg[0][0]/C
    SLICE_X69Y233        FDRE (Prop_DFF2_SLICEL_C_Q)
                                                      0.081     0.109 r  u_my_ip/u_axi4_mapping/u_gemv/weight_compute_addr_leaf_reg[0][0]/Q
                         net (fo=17, routed)          3.982     4.091    u_my_ip/u_axi4_mapping/u_gemv/GEN_WEIGHT_BANK[0].GEN_WEIGHT_SHARD[0].u_weight_bram_bank/out[0]
    RAMB36_X1Y26         RAMB36E2                                     r  u_my_ip/u_axi4_mapping/u_gemv/GEN_WEIGHT_BANK[0].GEN_WEIGHT_SHARD[0].u_weight_bram_bank/mem_reg_1_bram_0/ADDRARDADDR[3]
  -------------------------------------------------------------------    -------------------

                         (clock s00_axi_aclk rise edge)
                                                      5.000     5.000 r  
                         propagated clock network latency
                                                      0.039     5.039    
                         clock pessimism              0.000     5.039    
                         clock uncertainty           -0.035     5.004    
    RAMB36_X1Y26         RAMB36E2 (Setup_RAMB36E2_RAMB36_CLKARDCLK_ADDRARDADDR[3])
                                                     -0.338     4.666    u_my_ip/u_axi4_mapping/u_gemv/GEN_WEIGHT_BANK[0].GEN_WEIGHT_SHARD[0].u_weight_bram_bank/mem_reg_1_bram_0
  -------------------------------------------------------------------
                         required time                          4.666    
                         arrival time                          -4.091    
  -------------------------------------------------------------------
                         slack                                  0.574    

Slack (MET) :             0.604ns  (required time - arrival time)
  Source:                 u_my_ip/u_axi4_mapping/u_gemv/weight_compute_addr_leaf_reg[0][0]/C
                            (rising edge-triggered cell FDRE clocked by s00_axi_aclk  {rise@0.000ns fall@2.500ns period=5.000ns})
  Destination:            u_my_ip/u_axi4_mapping/u_gemv/GEN_WEIGHT_BANK[0].GEN_WEIGHT_SHARD[0].u_weight_bram_bank/mem_reg_1_bram_3/ADDRARDADDR[3]
                            (rising edge-triggered cell RAMB36E2 clocked by s00_axi_aclk  {rise@0.000ns fall@2.500ns period=5.000ns})
  Path Group:             s00_axi_aclk
  Path Type:              Setup (Max at Slow Process Corner)
  Requirement:            5.000ns  (s00_axi_aclk rise@5.000ns - s00_axi_aclk rise@0.000ns)
  Data Path Delay:        4.034ns  (logic 0.081ns (2.008%)  route 3.953ns (97.992%))
  Logic Levels:           0  
  Clock Path Skew:        0.011ns (DCD - SCD + CPR)
    Destination Clock Delay (DCD):    0.039ns = ( 5.039 - 5.000 ) 
    Source Clock Delay      (SCD):    0.028ns
    Clock Pessimism Removal (CPR):    0.000ns
  Clock Uncertainty:      0.035ns  ((TSJ^2 + TIJ^2)^1/2 + DJ) / 2 + PE
    Total System Jitter     (TSJ):    0.071ns
    Total Input Jitter      (TIJ):    0.000ns
    Discrete Jitter          (DJ):    0.000ns
    Phase Error              (PE):    0.000ns

    Location             Delay type                Incr(ns)  Path(ns)    Netlist Resource(s)
  -------------------------------------------------------------------    -------------------
                         (clock s00_axi_aclk rise edge)
                                                      0.000     0.000 r  
                         propagated clock network latency
                                                      0.028     0.028    
    SLICE_X69Y233        FDRE                         0.000     0.028 r  u_my_ip/u_axi4_mapping/u_gemv/weight_compute_addr_leaf_reg[0][0]/C
    SLICE_X69Y233        FDRE (Prop_DFF2_SLICEL_C_Q)
                                                      0.081     0.109 r  u_my_ip/u_axi4_mapping/u_gemv/weight_compute_addr_leaf_reg[0][0]/Q
                         net (fo=17, routed)          3.953     4.062    u_my_ip/u_axi4_mapping/u_gemv/GEN_WEIGHT_BANK[0].GEN_WEIGHT_SHARD[0].u_weight_bram_bank/out[0]
    RAMB36_X1Y29         RAMB36E2                                     r  u_my_ip/u_axi4_mapping/u_gemv/GEN_WEIGHT_BANK[0].GEN_WEIGHT_SHARD[0].u_weight_bram_bank/mem_reg_1_bram_3/ADDRARDADDR[3]
  -------------------------------------------------------------------    -------------------

                         (clock s00_axi_aclk rise edge)
                                                      5.000     5.000 r  
                         propagated clock network latency
                                                      0.039     5.039    
                         clock pessimism              0.000     5.039    
                         clock uncertainty           -0.035     5.004    
    RAMB36_X1Y29         RAMB36E2 (Setup_RAMB36E2_RAMB36_CLKARDCLK_ADDRARDADDR[3])
                                                     -0.338     4.666    u_my_ip/u_axi4_mapping/u_gemv/GEN_WEIGHT_BANK[0].GEN_WEIGHT_SHARD[0].u_weight_bram_bank/mem_reg_1_bram_3
  -------------------------------------------------------------------
                         required time                          4.666    
                         arrival time                          -4.062    
  -------------------------------------------------------------------
                         slack                                  0.604    

Slack (MET) :             0.625ns  (required time - arrival time)
  Source:                 u_my_ip/u_axi4_mapping/u_gemv/weight_wr_addr_leaf_reg[0][2]/C
                            (rising edge-triggered cell FDRE clocked by s00_axi_aclk  {rise@0.000ns fall@2.500ns period=5.000ns})
  Destination:            u_my_ip/u_axi4_mapping/u_gemv/GEN_WEIGHT_BANK[0].GEN_WEIGHT_SHARD[0].u_weight_bram_bank/mem_reg_1_bram_0/ADDRBWRADDR[5]
                            (rising edge-triggered cell RAMB36E2 clocked by s00_axi_aclk  {rise@0.000ns fall@2.500ns period=5.000ns})
  Path Group:             s00_axi_aclk
  Path Type:              Setup (Max at Slow Process Corner)
  Requirement:            5.000ns  (s00_axi_aclk rise@5.000ns - s00_axi_aclk rise@0.000ns)
  Data Path Delay:        3.989ns  (logic 0.079ns (1.981%)  route 3.910ns (98.019%))
  Logic Levels:           0  
  Clock Path Skew:        0.011ns (DCD - SCD + CPR)
    Destination Clock Delay (DCD):    0.040ns = ( 5.040 - 5.000 ) 
    Source Clock Delay      (SCD):    0.029ns
    Clock Pessimism Removal (CPR):    0.000ns
  Clock Uncertainty:      0.035ns  ((TSJ^2 + TIJ^2)^1/2 + DJ) / 2 + PE
    Total System Jitter     (TSJ):    0.071ns
    Total Input Jitter      (TIJ):    0.000ns
    Discrete Jitter          (DJ):    0.000ns
    Phase Error              (PE):    0.000ns

    Location             Delay type                Incr(ns)  Path(ns)    Netlist Resource(s)
  -------------------------------------------------------------------    -------------------
                         (clock s00_axi_aclk rise edge)
                                                      0.000     0.000 r  
                         propagated clock network latency
                                                      0.029     0.029    
    SLICE_X69Y233        FDRE                         0.000     0.029 r  u_my_ip/u_axi4_mapping/u_gemv/weight_wr_addr_leaf_reg[0][2]/C
    SLICE_X69Y233        FDRE (Prop_FFF_SLICEL_C_Q)
                                                      0.079     0.108 r  u_my_ip/u_axi4_mapping/u_gemv/weight_wr_addr_leaf_reg[0][2]/Q
                         net (fo=16, routed)          3.910     4.018    u_my_ip/u_axi4_mapping/u_gemv/GEN_WEIGHT_BANK[0].GEN_WEIGHT_SHARD[0].u_weight_bram_bank/mem_reg_0_bram_0_0[2]
    RAMB36_X1Y26         RAMB36E2                                     r  u_my_ip/u_axi4_mapping/u_gemv/GEN_WEIGHT_BANK[0].GEN_WEIGHT_SHARD[0].u_weight_bram_bank/mem_reg_1_bram_0/ADDRBWRADDR[5]
  -------------------------------------------------------------------    -------------------

                         (clock s00_axi_aclk rise edge)
                                                      5.000     5.000 r  
                         propagated clock network latency
                                                      0.040     5.040    
                         clock pessimism              0.000     5.040    
                         clock uncertainty           -0.035     5.005    
    RAMB36_X1Y26         RAMB36E2 (Setup_RAMB36E2_RAMB36_CLKBWRCLK_ADDRBWRADDR[5])
                                                     -0.362     4.643    u_my_ip/u_axi4_mapping/u_gemv/GEN_WEIGHT_BANK[0].GEN_WEIGHT_SHARD[0].u_weight_bram_bank/mem_reg_1_bram_0
  -------------------------------------------------------------------
                         required time                          4.643    
                         arrival time                          -4.018    
  -------------------------------------------------------------------
                         slack                                  0.625    

Slack (MET) :             0.647ns  (required time - arrival time)
  Source:                 u_my_ip/u_axi4_mapping/u_gemv/weight_compute_addr_leaf_reg[0][0]/C
                            (rising edge-triggered cell FDRE clocked by s00_axi_aclk  {rise@0.000ns fall@2.500ns period=5.000ns})
  Destination:            u_my_ip/u_axi4_mapping/u_gemv/GEN_WEIGHT_BANK[0].GEN_WEIGHT_SHARD[0].u_weight_bram_bank/mem_reg_1_bram_2/ADDRARDADDR[3]
                            (rising edge-triggered cell RAMB36E2 clocked by s00_axi_aclk  {rise@0.000ns fall@2.500ns period=5.000ns})
  Path Group:             s00_axi_aclk
  Path Type:              Setup (Max at Slow Process Corner)
  Requirement:            5.000ns  (s00_axi_aclk rise@5.000ns - s00_axi_aclk rise@0.000ns)
  Data Path Delay:        3.991ns  (logic 0.081ns (2.030%)  route 3.910ns (97.970%))
  Logic Levels:           0  
  Clock Path Skew:        0.011ns (DCD - SCD + CPR)
    Destination Clock Delay (DCD):    0.039ns = ( 5.039 - 5.000 ) 
    Source Clock Delay      (SCD):    0.028ns
    Clock Pessimism Removal (CPR):    0.000ns
  Clock Uncertainty:      0.035ns  ((TSJ^2 + TIJ^2)^1/2 + DJ) / 2 + PE
    Total System Jitter     (TSJ):    0.071ns
    Total Input Jitter      (TIJ):    0.000ns
    Discrete Jitter          (DJ):    0.000ns
    Phase Error              (PE):    0.000ns

    Location             Delay type                Incr(ns)  Path(ns)    Netlist Resource(s)
  -------------------------------------------------------------------    -------------------
                         (clock s00_axi_aclk rise edge)
                                                      0.000     0.000 r  
                         propagated clock network latency
                                                      0.028     0.028    
    SLICE_X69Y233        FDRE                         0.000     0.028 r  u_my_ip/u_axi4_mapping/u_gemv/weight_compute_addr_leaf_reg[0][0]/C
    SLICE_X69Y233        FDRE (Prop_DFF2_SLICEL_C_Q)
                                                      0.081     0.109 r  u_my_ip/u_axi4_mapping/u_gemv/weight_compute_addr_leaf_reg[0][0]/Q
                         net (fo=17, routed)          3.910     4.019    u_my_ip/u_axi4_mapping/u_gemv/GEN_WEIGHT_BANK[0].GEN_WEIGHT_SHARD[0].u_weight_bram_bank/out[0]
    RAMB36_X1Y28         RAMB36E2                                     r  u_my_ip/u_axi4_mapping/u_gemv/GEN_WEIGHT_BANK[0].GEN_WEIGHT_SHARD[0].u_weight_bram_bank/mem_reg_1_bram_2/ADDRARDADDR[3]
  -------------------------------------------------------------------    -------------------

                         (clock s00_axi_aclk rise edge)
                                                      5.000     5.000 r  
                         propagated clock network latency
                                                      0.039     5.039    
                         clock pessimism              0.000     5.039    
                         clock uncertainty           -0.035     5.004    
    RAMB36_X1Y28         RAMB36E2 (Setup_RAMB36E2_RAMB36_CLKARDCLK_ADDRARDADDR[3])
                                                     -0.338     4.666    u_my_ip/u_axi4_mapping/u_gemv/GEN_WEIGHT_BANK[0].GEN_WEIGHT_SHARD[0].u_weight_bram_bank/mem_reg_1_bram_2
  -------------------------------------------------------------------
                         required time                          4.666    
                         arrival time                          -4.019    
  -------------------------------------------------------------------
                         slack                                  0.647    

Slack (MET) :             0.768ns  (required time - arrival time)
  Source:                 u_my_ip/u_axi4_mapping/u_gemv/weight_wr_addr_leaf_reg[0][2]/C
                            (rising edge-triggered cell FDRE clocked by s00_axi_aclk  {rise@0.000ns fall@2.500ns period=5.000ns})
  Destination:            u_my_ip/u_axi4_mapping/u_gemv/GEN_WEIGHT_BANK[0].GEN_WEIGHT_SHARD[0].u_weight_bram_bank/mem_reg_1_bram_3/ADDRBWRADDR[5]
                            (rising edge-triggered cell RAMB36E2 clocked by s00_axi_aclk  {rise@0.000ns fall@2.500ns period=5.000ns})
  Path Group:             s00_axi_aclk
  Path Type:              Setup (Max at Slow Process Corner)
  Requirement:            5.000ns  (s00_axi_aclk rise@5.000ns - s00_axi_aclk rise@0.000ns)
  Data Path Delay:        3.845ns  (logic 0.079ns (2.054%)  route 3.766ns (97.946%))
  Logic Levels:           0  
  Clock Path Skew:        0.011ns (DCD - SCD + CPR)
    Destination Clock Delay (DCD):    0.040ns = ( 5.040 - 5.000 ) 
    Source Clock Delay      (SCD):    0.029ns
    Clock Pessimism Removal (CPR):    0.000ns
  Clock Uncertainty:      0.035ns  ((TSJ^2 + TIJ^2)^1/2 + DJ) / 2 + PE
    Total System Jitter     (TSJ):    0.071ns
    Total Input Jitter      (TIJ):    0.000ns
    Discrete Jitter          (DJ):    0.000ns
    Phase Error              (PE):    0.000ns

    Location             Delay type                Incr(ns)  Path(ns)    Netlist Resource(s)
  -------------------------------------------------------------------    -------------------
                         (clock s00_axi_aclk rise edge)
                                                      0.000     0.000 r  
                         propagated clock network latency
                                                      0.029     0.029    
    SLICE_X69Y233        FDRE                         0.000     0.029 r  u_my_ip/u_axi4_mapping/u_gemv/weight_wr_addr_leaf_reg[0][2]/C
    SLICE_X69Y233        FDRE (Prop_FFF_SLICEL_C_Q)
                                                      0.079     0.108 r  u_my_ip/u_axi4_mapping/u_gemv/weight_wr_addr_leaf_reg[0][2]/Q
                         net (fo=16, routed)          3.766     3.874    u_my_ip/u_axi4_mapping/u_gemv/GEN_WEIGHT_BANK[0].GEN_WEIGHT_SHARD[0].u_weight_bram_bank/mem_reg_0_bram_0_0[2]
    RAMB36_X1Y29         RAMB36E2                                     r  u_my_ip/u_axi4_mapping/u_gemv/GEN_WEIGHT_BANK[0].GEN_WEIGHT_SHARD[0].u_weight_bram_bank/mem_reg_1_bram_3/ADDRBWRADDR[5]
  -------------------------------------------------------------------    -------------------

                         (clock s00_axi_aclk rise edge)
                                                      5.000     5.000 r  
                         propagated clock network latency
                                                      0.040     5.040    
                         clock pessimism              0.000     5.040    
                         clock uncertainty           -0.035     5.005    
    RAMB36_X1Y29         RAMB36E2 (Setup_RAMB36E2_RAMB36_CLKBWRCLK_ADDRBWRADDR[5])
                                                     -0.362     4.643    u_my_ip/u_axi4_mapping/u_gemv/GEN_WEIGHT_BANK[0].GEN_WEIGHT_SHARD[0].u_weight_bram_bank/mem_reg_1_bram_3
  -------------------------------------------------------------------
                         required time                          4.643    
                         arrival time                          -3.874    
  -------------------------------------------------------------------
                         slack                                  0.768    

Slack (MET) :             0.771ns  (required time - arrival time)
  Source:                 u_my_ip/u_axi4_mapping/u_gemv/weight_wr_addr_leaf_reg[0][2]/C
                            (rising edge-triggered cell FDRE clocked by s00_axi_aclk  {rise@0.000ns fall@2.500ns period=5.000ns})
  Destination:            u_my_ip/u_axi4_mapping/u_gemv/GEN_WEIGHT_BANK[0].GEN_WEIGHT_SHARD[0].u_weight_bram_bank/mem_reg_1_bram_1/ADDRBWRADDR[5]
                            (rising edge-triggered cell RAMB36E2 clocked by s00_axi_aclk  {rise@0.000ns fall@2.500ns period=5.000ns})
  Path Group:             s00_axi_aclk
  Path Type:              Setup (Max at Slow Process Corner)
  Requirement:            5.000ns  (s00_axi_aclk rise@5.000ns - s00_axi_aclk rise@0.000ns)
  Data Path Delay:        3.843ns  (logic 0.079ns (2.056%)  route 3.764ns (97.944%))
  Logic Levels:           0  
  Clock Path Skew:        0.011ns (DCD - SCD + CPR)
    Destination Clock Delay (DCD):    0.040ns = ( 5.040 - 5.000 ) 
    Source Clock Delay      (SCD):    0.029ns
    Clock Pessimism Removal (CPR):    0.000ns
  Clock Uncertainty:      0.035ns  ((TSJ^2 + TIJ^2)^1/2 + DJ) / 2 + PE
    Total System Jitter     (TSJ):    0.071ns
    Total Input Jitter      (TIJ):    0.000ns
    Discrete Jitter          (DJ):    0.000ns
    Phase Error              (PE):    0.000ns

    Location             Delay type                Incr(ns)  Path(ns)    Netlist Resource(s)
  -------------------------------------------------------------------    -------------------
                         (clock s00_axi_aclk rise edge)
                                                      0.000     0.000 r  
                         propagated clock network latency
                                                      0.029     0.029    
    SLICE_X69Y233        FDRE                         0.000     0.029 r  u_my_ip/u_axi4_mapping/u_gemv/weight_wr_addr_leaf_reg[0][2]/C
    SLICE_X69Y233        FDRE (Prop_FFF_SLICEL_C_Q)
                                                      0.079     0.108 r  u_my_ip/u_axi4_mapping/u_gemv/weight_wr_addr_leaf_reg[0][2]/Q
                         net (fo=16, routed)          3.764     3.872    u_my_ip/u_axi4_mapping/u_gemv/GEN_WEIGHT_BANK[0].GEN_WEIGHT_SHARD[0].u_weight_bram_bank/mem_reg_0_bram_0_0[2]
    RAMB36_X1Y27         RAMB36E2                                     r  u_my_ip/u_axi4_mapping/u_gemv/GEN_WEIGHT_BANK[0].GEN_WEIGHT_SHARD[0].u_weight_bram_bank/mem_reg_1_bram_1/ADDRBWRADDR[5]
  -------------------------------------------------------------------    -------------------

                         (clock s00_axi_aclk rise edge)
                                                      5.000     5.000 r  
                         propagated clock network latency
                                                      0.040     5.040    
                         clock pessimism              0.000     5.040    
                         clock uncertainty           -0.035     5.005    
    RAMB36_X1Y27         RAMB36E2 (Setup_RAMB36E2_RAMB36_CLKBWRCLK_ADDRBWRADDR[5])
                                                     -0.362     4.643    u_my_ip/u_axi4_mapping/u_gemv/GEN_WEIGHT_BANK[0].GEN_WEIGHT_SHARD[0].u_weight_bram_bank/mem_reg_1_bram_1
  -------------------------------------------------------------------
                         required time                          4.643    
                         arrival time                          -3.872    
  -------------------------------------------------------------------
                         slack                                  0.771    

Slack (MET) :             0.869ns  (required time - arrival time)
  Source:                 u_my_ip/u_axi4_mapping/u_gemv/weight_wr_addr_leaf_reg[6][8]/C
                            (rising edge-triggered cell FDRE clocked by s00_axi_aclk  {rise@0.000ns fall@2.500ns period=5.000ns})
  Destination:            u_my_ip/u_axi4_mapping/u_gemv/GEN_WEIGHT_BANK[1].GEN_WEIGHT_SHARD[2].u_weight_bram_bank/mem_reg_2_bram_3/ADDRBWRADDR[11]
                            (rising edge-triggered cell RAMB36E2 clocked by s00_axi_aclk  {rise@0.000ns fall@2.500ns period=5.000ns})
  Path Group:             s00_axi_aclk
  Path Type:              Setup (Max at Slow Process Corner)
  Requirement:            5.000ns  (s00_axi_aclk rise@5.000ns - s00_axi_aclk rise@0.000ns)
  Data Path Delay:        3.805ns  (logic 0.079ns (2.076%)  route 3.726ns (97.924%))
  Logic Levels:           0  
  Clock Path Skew:        0.012ns (DCD - SCD + CPR)
    Destination Clock Delay (DCD):    0.040ns = ( 5.040 - 5.000 ) 
    Source Clock Delay      (SCD):    0.028ns
    Clock Pessimism Removal (CPR):    0.000ns
  Clock Uncertainty:      0.035ns  ((TSJ^2 + TIJ^2)^1/2 + DJ) / 2 + PE
    Total System Jitter     (TSJ):    0.071ns
    Total Input Jitter      (TIJ):    0.000ns
    Discrete Jitter          (DJ):    0.000ns
    Phase Error              (PE):    0.000ns

    Location             Delay type                Incr(ns)  Path(ns)    Netlist Resource(s)
  -------------------------------------------------------------------    -------------------
                         (clock s00_axi_aclk rise edge)
                                                      0.000     0.000 r  
                         propagated clock network latency
                                                      0.028     0.028    
    SLICE_X69Y207        FDRE                         0.000     0.028 r  u_my_ip/u_axi4_mapping/u_gemv/weight_wr_addr_leaf_reg[6][8]/C
    SLICE_X69Y207        FDRE (Prop_BFF_SLICEL_C_Q)
                                                      0.079     0.107 r  u_my_ip/u_axi4_mapping/u_gemv/weight_wr_addr_leaf_reg[6][8]/Q
                         net (fo=16, routed)          3.726     3.833    u_my_ip/u_axi4_mapping/u_gemv/GEN_WEIGHT_BANK[1].GEN_WEIGHT_SHARD[2].u_weight_bram_bank/mem_reg_0_bram_0_0[8]
    RAMB36_X4Y51         RAMB36E2                                     r  u_my_ip/u_axi4_mapping/u_gemv/GEN_WEIGHT_BANK[1].GEN_WEIGHT_SHARD[2].u_weight_bram_bank/mem_reg_2_bram_3/ADDRBWRADDR[11]
  -------------------------------------------------------------------    -------------------

                         (clock s00_axi_aclk rise edge)
                                                      5.000     5.000 r  
                         propagated clock network latency
                                                      0.040     5.040    
                         clock pessimism              0.000     5.040    
                         clock uncertainty           -0.035     5.005    
    RAMB36_X4Y51         RAMB36E2 (Setup_RAMB36E2_RAMB36_CLKBWRCLK_ADDRBWRADDR[11])
                                                     -0.303     4.702    u_my_ip/u_axi4_mapping/u_gemv/GEN_WEIGHT_BANK[1].GEN_WEIGHT_SHARD[2].u_weight_bram_bank/mem_reg_2_bram_3
  -------------------------------------------------------------------
                         required time                          4.702    
                         arrival time                          -3.833    
  -------------------------------------------------------------------
                         slack                                  0.869    

Slack (MET) :             0.875ns  (required time - arrival time)
  Source:                 u_my_ip/u_axi4_mapping/u_gemv/weight_wr_addr_leaf_reg[0][2]/C
                            (rising edge-triggered cell FDRE clocked by s00_axi_aclk  {rise@0.000ns fall@2.500ns period=5.000ns})
  Destination:            u_my_ip/u_axi4_mapping/u_gemv/GEN_WEIGHT_BANK[0].GEN_WEIGHT_SHARD[0].u_weight_bram_bank/mem_reg_1_bram_2/ADDRBWRADDR[5]
                            (rising edge-triggered cell RAMB36E2 clocked by s00_axi_aclk  {rise@0.000ns fall@2.500ns period=5.000ns})
  Path Group:             s00_axi_aclk
  Path Type:              Setup (Max at Slow Process Corner)
  Requirement:            5.000ns  (s00_axi_aclk rise@5.000ns - s00_axi_aclk rise@0.000ns)
  Data Path Delay:        3.738ns  (logic 0.079ns (2.113%)  route 3.659ns (97.887%))
  Logic Levels:           0  
  Clock Path Skew:        0.011ns (DCD - SCD + CPR)
    Destination Clock Delay (DCD):    0.040ns = ( 5.040 - 5.000 ) 
    Source Clock Delay      (SCD):    0.029ns
    Clock Pessimism Removal (CPR):    0.000ns
  Clock Uncertainty:      0.035ns  ((TSJ^2 + TIJ^2)^1/2 + DJ) / 2 + PE
    Total System Jitter     (TSJ):    0.071ns
    Total Input Jitter      (TIJ):    0.000ns
    Discrete Jitter          (DJ):    0.000ns
    Phase Error              (PE):    0.000ns

    Location             Delay type                Incr(ns)  Path(ns)    Netlist Resource(s)
  -------------------------------------------------------------------    -------------------
                         (clock s00_axi_aclk rise edge)
                                                      0.000     0.000 r  
                         propagated clock network latency
                                                      0.029     0.029    
    SLICE_X69Y233        FDRE                         0.000     0.029 r  u_my_ip/u_axi4_mapping/u_gemv/weight_wr_addr_leaf_reg[0][2]/C
    SLICE_X69Y233        FDRE (Prop_FFF_SLICEL_C_Q)
                                                      0.079     0.108 r  u_my_ip/u_axi4_mapping/u_gemv/weight_wr_addr_leaf_reg[0][2]/Q
                         net (fo=16, routed)          3.659     3.767    u_my_ip/u_axi4_mapping/u_gemv/GEN_WEIGHT_BANK[0].GEN_WEIGHT_SHARD[0].u_weight_bram_bank/mem_reg_0_bram_0_0[2]
    RAMB36_X1Y28         RAMB36E2                                     r  u_my_ip/u_axi4_mapping/u_gemv/GEN_WEIGHT_BANK[0].GEN_WEIGHT_SHARD[0].u_weight_bram_bank/mem_reg_1_bram_2/ADDRBWRADDR[5]
  -------------------------------------------------------------------    -------------------

                         (clock s00_axi_aclk rise edge)
                                                      5.000     5.000 r  
                         propagated clock network latency
                                                      0.040     5.040    
                         clock pessimism              0.000     5.040    
                         clock uncertainty           -0.035     5.005    
    RAMB36_X1Y28         RAMB36E2 (Setup_RAMB36E2_RAMB36_CLKBWRCLK_ADDRBWRADDR[5])
                                                     -0.362     4.643    u_my_ip/u_axi4_mapping/u_gemv/GEN_WEIGHT_BANK[0].GEN_WEIGHT_SHARD[0].u_weight_bram_bank/mem_reg_1_bram_2
  -------------------------------------------------------------------
                         required time                          4.643    
                         arrival time                          -3.767    
  -------------------------------------------------------------------
                         slack                                  0.875    

Slack (MET) :             0.977ns  (required time - arrival time)
  Source:                 u_my_ip/u_axi4_mapping/u_gemv/weight_wr_addr_leaf_reg[6][8]/C
                            (rising edge-triggered cell FDRE clocked by s00_axi_aclk  {rise@0.000ns fall@2.500ns period=5.000ns})
  Destination:            u_my_ip/u_axi4_mapping/u_gemv/GEN_WEIGHT_BANK[1].GEN_WEIGHT_SHARD[2].u_weight_bram_bank/mem_reg_2_bram_2/ADDRBWRADDR[11]
                            (rising edge-triggered cell RAMB36E2 clocked by s00_axi_aclk  {rise@0.000ns fall@2.500ns period=5.000ns})
  Path Group:             s00_axi_aclk
  Path Type:              Setup (Max at Slow Process Corner)
  Requirement:            5.000ns  (s00_axi_aclk rise@5.000ns - s00_axi_aclk rise@0.000ns)
  Data Path Delay:        3.697ns  (logic 0.079ns (2.137%)  route 3.618ns (97.863%))
  Logic Levels:           0  
  Clock Path Skew:        0.012ns (DCD - SCD + CPR)
    Destination Clock Delay (DCD):    0.040ns = ( 5.040 - 5.000 ) 
    Source Clock Delay      (SCD):    0.028ns
    Clock Pessimism Removal (CPR):    0.000ns
  Clock Uncertainty:      0.035ns  ((TSJ^2 + TIJ^2)^1/2 + DJ) / 2 + PE
    Total System Jitter     (TSJ):    0.071ns
    Total Input Jitter      (TIJ):    0.000ns
    Discrete Jitter          (DJ):    0.000ns
    Phase Error              (PE):    0.000ns

    Location             Delay type                Incr(ns)  Path(ns)    Netlist Resource(s)
  -------------------------------------------------------------------    -------------------
                         (clock s00_axi_aclk rise edge)
                                                      0.000     0.000 r  
                         propagated clock network latency
                                                      0.028     0.028    
    SLICE_X69Y207        FDRE                         0.000     0.028 r  u_my_ip/u_axi4_mapping/u_gemv/weight_wr_addr_leaf_reg[6][8]/C
    SLICE_X69Y207        FDRE (Prop_BFF_SLICEL_C_Q)
                                                      0.079     0.107 r  u_my_ip/u_axi4_mapping/u_gemv/weight_wr_addr_leaf_reg[6][8]/Q
                         net (fo=16, routed)          3.618     3.725    u_my_ip/u_axi4_mapping/u_gemv/GEN_WEIGHT_BANK[1].GEN_WEIGHT_SHARD[2].u_weight_bram_bank/mem_reg_0_bram_0_0[8]
    RAMB36_X4Y50         RAMB36E2                                     r  u_my_ip/u_axi4_mapping/u_gemv/GEN_WEIGHT_BANK[1].GEN_WEIGHT_SHARD[2].u_weight_bram_bank/mem_reg_2_bram_2/ADDRBWRADDR[11]
  -------------------------------------------------------------------    -------------------

                         (clock s00_axi_aclk rise edge)
                                                      5.000     5.000 r  
                         propagated clock network latency
                                                      0.040     5.040    
                         clock pessimism              0.000     5.040    
                         clock uncertainty           -0.035     5.005    
    RAMB36_X4Y50         RAMB36E2 (Setup_RAMB36E2_RAMB36_CLKBWRCLK_ADDRBWRADDR[11])
                                                     -0.303     4.702    u_my_ip/u_axi4_mapping/u_gemv/GEN_WEIGHT_BANK[1].GEN_WEIGHT_SHARD[2].u_weight_bram_bank/mem_reg_2_bram_2
  -------------------------------------------------------------------
                         required time                          4.702    
                         arrival time                          -3.725    
  -------------------------------------------------------------------
                         slack                                  0.977    

Slack (MET) :             1.027ns  (required time - arrival time)
  Source:                 u_my_ip/u_axi4_mapping/u_gemv/weight_wr_addr_leaf_reg[6][11]/C
                            (rising edge-triggered cell FDRE clocked by s00_axi_aclk  {rise@0.000ns fall@2.500ns period=5.000ns})
  Destination:            u_my_ip/u_axi4_mapping/u_gemv/GEN_WEIGHT_BANK[1].GEN_WEIGHT_SHARD[2].u_weight_bram_bank/mem_reg_2_bram_3/ADDRBWRADDR[14]
                            (rising edge-triggered cell RAMB36E2 clocked by s00_axi_aclk  {rise@0.000ns fall@2.500ns period=5.000ns})
  Path Group:             s00_axi_aclk
  Path Type:              Setup (Max at Slow Process Corner)
  Requirement:            5.000ns  (s00_axi_aclk rise@5.000ns - s00_axi_aclk rise@0.000ns)
  Data Path Delay:        3.621ns  (logic 0.081ns (2.237%)  route 3.540ns (97.763%))
  Logic Levels:           0  
  Clock Path Skew:        0.012ns (DCD - SCD + CPR)
    Destination Clock Delay (DCD):    0.040ns = ( 5.040 - 5.000 ) 
    Source Clock Delay      (SCD):    0.028ns
    Clock Pessimism Removal (CPR):    0.000ns
  Clock Uncertainty:      0.035ns  ((TSJ^2 + TIJ^2)^1/2 + DJ) / 2 + PE
    Total System Jitter     (TSJ):    0.071ns
    Total Input Jitter      (TIJ):    0.000ns
    Discrete Jitter          (DJ):    0.000ns
    Phase Error              (PE):    0.000ns

    Location             Delay type                Incr(ns)  Path(ns)    Netlist Resource(s)
  -------------------------------------------------------------------    -------------------
                         (clock s00_axi_aclk rise edge)
                                                      0.000     0.000 r  
                         propagated clock network latency
                                                      0.028     0.028    
    SLICE_X69Y207        FDRE                         0.000     0.028 r  u_my_ip/u_axi4_mapping/u_gemv/weight_wr_addr_leaf_reg[6][11]/C
    SLICE_X69Y207        FDRE (Prop_AFF2_SLICEL_C_Q)
                                                      0.081     0.109 r  u_my_ip/u_axi4_mapping/u_gemv/weight_wr_addr_leaf_reg[6][11]/Q
                         net (fo=16, routed)          3.540     3.649    u_my_ip/u_axi4_mapping/u_gemv/GEN_WEIGHT_BANK[1].GEN_WEIGHT_SHARD[2].u_weight_bram_bank/mem_reg_0_bram_0_0[11]
    RAMB36_X4Y51         RAMB36E2                                     r  u_my_ip/u_axi4_mapping/u_gemv/GEN_WEIGHT_BANK[1].GEN_WEIGHT_SHARD[2].u_weight_bram_bank/mem_reg_2_bram_3/ADDRBWRADDR[14]
  -------------------------------------------------------------------    -------------------

                         (clock s00_axi_aclk rise edge)
                                                      5.000     5.000 r  
                         propagated clock network latency
                                                      0.040     5.040    
                         clock pessimism              0.000     5.040    
                         clock uncertainty           -0.035     5.005    
    RAMB36_X4Y51         RAMB36E2 (Setup_RAMB36E2_RAMB36_CLKBWRCLK_ADDRBWRADDR[14])
                                                     -0.329     4.676    u_my_ip/u_axi4_mapping/u_gemv/GEN_WEIGHT_BANK[1].GEN_WEIGHT_SHARD[2].u_weight_bram_bank/mem_reg_2_bram_3
  -------------------------------------------------------------------
                         required time                          4.676    
                         arrival time                          -3.649    
  -------------------------------------------------------------------
                         slack                                  1.027    

Slack (MET) :             1.094ns  (required time - arrival time)
  Source:                 u_my_ip/u_axi4_mapping/u_gemv/weight_wr_addr_leaf_reg[6][8]/C
                            (rising edge-triggered cell FDRE clocked by s00_axi_aclk  {rise@0.000ns fall@2.500ns period=5.000ns})
  Destination:            u_my_ip/u_axi4_mapping/u_gemv/GEN_WEIGHT_BANK[1].GEN_WEIGHT_SHARD[2].u_weight_bram_bank/mem_reg_2_bram_1/ADDRBWRADDR[11]
                            (rising edge-triggered cell RAMB36E2 clocked by s00_axi_aclk  {rise@0.000ns fall@2.500ns period=5.000ns})
  Path Group:             s00_axi_aclk
  Path Type:              Setup (Max at Slow Process Corner)
  Requirement:            5.000ns  (s00_axi_aclk rise@5.000ns - s00_axi_aclk rise@0.000ns)
  Data Path Delay:        3.580ns  (logic 0.079ns (2.207%)  route 3.501ns (97.793%))
  Logic Levels:           0  
  Clock Path Skew:        0.012ns (DCD - SCD + CPR)
    Destination Clock Delay (DCD):    0.040ns = ( 5.040 - 5.000 ) 
    Source Clock Delay      (SCD):    0.028ns
    Clock Pessimism Removal (CPR):    0.000ns
  Clock Uncertainty:      0.035ns  ((TSJ^2 + TIJ^2)^1/2 + DJ) / 2 + PE
    Total System Jitter     (TSJ):    0.071ns
    Total Input Jitter      (TIJ):    0.000ns
    Discrete Jitter          (DJ):    0.000ns
    Phase Error              (PE):    0.000ns

    Location             Delay type                Incr(ns)  Path(ns)    Netlist Resource(s)
  -------------------------------------------------------------------    -------------------
                         (clock s00_axi_aclk rise edge)
                                                      0.000     0.000 r  
                         propagated clock network latency
                                                      0.028     0.028    
    SLICE_X69Y207        FDRE                         0.000     0.028 r  u_my_ip/u_axi4_mapping/u_gemv/weight_wr_addr_leaf_reg[6][8]/C
    SLICE_X69Y207        FDRE (Prop_BFF_SLICEL_C_Q)
                                                      0.079     0.107 r  u_my_ip/u_axi4_mapping/u_gemv/weight_wr_addr_leaf_reg[6][8]/Q
                         net (fo=16, routed)          3.501     3.608    u_my_ip/u_axi4_mapping/u_gemv/GEN_WEIGHT_BANK[1].GEN_WEIGHT_SHARD[2].u_weight_bram_bank/mem_reg_0_bram_0_0[8]
    RAMB36_X4Y49         RAMB36E2                                     r  u_my_ip/u_axi4_mapping/u_gemv/GEN_WEIGHT_BANK[1].GEN_WEIGHT_SHARD[2].u_weight_bram_bank/mem_reg_2_bram_1/ADDRBWRADDR[11]
  -------------------------------------------------------------------    -------------------

                         (clock s00_axi_aclk rise edge)
                                                      5.000     5.000 r  
                         propagated clock network latency
                                                      0.040     5.040    
                         clock pessimism              0.000     5.040    
                         clock uncertainty           -0.035     5.005    
    RAMB36_X4Y49         RAMB36E2 (Setup_RAMB36E2_RAMB36_CLKBWRCLK_ADDRBWRADDR[11])
                                                     -0.303     4.702    u_my_ip/u_axi4_mapping/u_gemv/GEN_WEIGHT_BANK[1].GEN_WEIGHT_SHARD[2].u_weight_bram_bank/mem_reg_2_bram_1
  -------------------------------------------------------------------
                         required time                          4.702    
                         arrival time                          -3.608    
  -------------------------------------------------------------------
                         slack                                  1.094    

Slack (MET) :             1.142ns  (required time - arrival time)
  Source:                 u_my_ip/u_axi4_mapping/u_gemv/weight_wr_addr_leaf_reg[6][11]/C
                            (rising edge-triggered cell FDRE clocked by s00_axi_aclk  {rise@0.000ns fall@2.500ns period=5.000ns})
  Destination:            u_my_ip/u_axi4_mapping/u_gemv/GEN_WEIGHT_BANK[1].GEN_WEIGHT_SHARD[2].u_weight_bram_bank/mem_reg_2_bram_2/ADDRBWRADDR[14]
                            (rising edge-triggered cell RAMB36E2 clocked by s00_axi_aclk  {rise@0.000ns fall@2.500ns period=5.000ns})
  Path Group:             s00_axi_aclk
  Path Type:              Setup (Max at Slow Process Corner)
  Requirement:            5.000ns  (s00_axi_aclk rise@5.000ns - s00_axi_aclk rise@0.000ns)
  Data Path Delay:        3.506ns  (logic 0.081ns (2.311%)  route 3.425ns (97.689%))
  Logic Levels:           0  
  Clock Path Skew:        0.012ns (DCD - SCD + CPR)
    Destination Clock Delay (DCD):    0.040ns = ( 5.040 - 5.000 ) 
    Source Clock Delay      (SCD):    0.028ns
    Clock Pessimism Removal (CPR):    0.000ns
  Clock Uncertainty:      0.035ns  ((TSJ^2 + TIJ^2)^1/2 + DJ) / 2 + PE
    Total System Jitter     (TSJ):    0.071ns
    Total Input Jitter      (TIJ):    0.000ns
    Discrete Jitter          (DJ):    0.000ns
    Phase Error              (PE):    0.000ns

    Location             Delay type                Incr(ns)  Path(ns)    Netlist Resource(s)
  -------------------------------------------------------------------    -------------------
                         (clock s00_axi_aclk rise edge)
                                                      0.000     0.000 r  
                         propagated clock network latency
                                                      0.028     0.028    
    SLICE_X69Y207        FDRE                         0.000     0.028 r  u_my_ip/u_axi4_mapping/u_gemv/weight_wr_addr_leaf_reg[6][11]/C
    SLICE_X69Y207        FDRE (Prop_AFF2_SLICEL_C_Q)
                                                      0.081     0.109 r  u_my_ip/u_axi4_mapping/u_gemv/weight_wr_addr_leaf_reg[6][11]/Q
                         net (fo=16, routed)          3.425     3.534    u_my_ip/u_axi4_mapping/u_gemv/GEN_WEIGHT_BANK[1].GEN_WEIGHT_SHARD[2].u_weight_bram_bank/mem_reg_0_bram_0_0[11]
    RAMB36_X4Y50         RAMB36E2                                     r  u_my_ip/u_axi4_mapping/u_gemv/GEN_WEIGHT_BANK[1].GEN_WEIGHT_SHARD[2].u_weight_bram_bank/mem_reg_2_bram_2/ADDRBWRADDR[14]
  -------------------------------------------------------------------    -------------------

                         (clock s00_axi_aclk rise edge)
                                                      5.000     5.000 r  
                         propagated clock network latency
                                                      0.040     5.040    
                         clock pessimism              0.000     5.040    
                         clock uncertainty           -0.035     5.005    
    RAMB36_X4Y50         RAMB36E2 (Setup_RAMB36E2_RAMB36_CLKBWRCLK_ADDRBWRADDR[14])
                                                     -0.329     4.676    u_my_ip/u_axi4_mapping/u_gemv/GEN_WEIGHT_BANK[1].GEN_WEIGHT_SHARD[2].u_weight_bram_bank/mem_reg_2_bram_2
  -------------------------------------------------------------------
                         required time                          4.676    
                         arrival time                          -3.534    
  -------------------------------------------------------------------
                         slack                                  1.142    

Slack (MET) :             1.153ns  (required time - arrival time)
  Source:                 u_my_ip/u_axi4_mapping/u_gemv/weight_wr_addr_leaf_reg[6][11]/C
                            (rising edge-triggered cell FDRE clocked by s00_axi_aclk  {rise@0.000ns fall@2.500ns period=5.000ns})
  Destination:            u_my_ip/u_axi4_mapping/u_gemv/GEN_WEIGHT_BANK[1].GEN_WEIGHT_SHARD[2].u_weight_bram_bank/mem_reg_2_bram_0/ADDRBWRADDR[14]
                            (rising edge-triggered cell RAMB36E2 clocked by s00_axi_aclk  {rise@0.000ns fall@2.500ns period=5.000ns})
  Path Group:             s00_axi_aclk
  Path Type:              Setup (Max at Slow Process Corner)
  Requirement:            5.000ns  (s00_axi_aclk rise@5.000ns - s00_axi_aclk rise@0.000ns)
  Data Path Delay:        3.495ns  (logic 0.081ns (2.318%)  route 3.414ns (97.682%))
  Logic Levels:           0  
  Clock Path Skew:        0.012ns (DCD - SCD + CPR)
    Destination Clock Delay (DCD):    0.040ns = ( 5.040 - 5.000 ) 
    Source Clock Delay      (SCD):    0.028ns
    Clock Pessimism Removal (CPR):    0.000ns
  Clock Uncertainty:      0.035ns  ((TSJ^2 + TIJ^2)^1/2 + DJ) / 2 + PE
    Total System Jitter     (TSJ):    0.071ns
    Total Input Jitter      (TIJ):    0.000ns
    Discrete Jitter          (DJ):    0.000ns
    Phase Error              (PE):    0.000ns

    Location             Delay type                Incr(ns)  Path(ns)    Netlist Resource(s)
  -------------------------------------------------------------------    -------------------
                         (clock s00_axi_aclk rise edge)
                                                      0.000     0.000 r  
                         propagated clock network latency
                                                      0.028     0.028    
    SLICE_X69Y207        FDRE                         0.000     0.028 r  u_my_ip/u_axi4_mapping/u_gemv/weight_wr_addr_leaf_reg[6][11]/C
    SLICE_X69Y207        FDRE (Prop_AFF2_SLICEL_C_Q)
                                                      0.081     0.109 r  u_my_ip/u_axi4_mapping/u_gemv/weight_wr_addr_leaf_reg[6][11]/Q
                         net (fo=16, routed)          3.414     3.523    u_my_ip/u_axi4_mapping/u_gemv/GEN_WEIGHT_BANK[1].GEN_WEIGHT_SHARD[2].u_weight_bram_bank/mem_reg_0_bram_0_0[11]
    RAMB36_X4Y48         RAMB36E2                                     r  u_my_ip/u_axi4_mapping/u_gemv/GEN_WEIGHT_BANK[1].GEN_WEIGHT_SHARD[2].u_weight_bram_bank/mem_reg_2_bram_0/ADDRBWRADDR[14]
  -------------------------------------------------------------------    -------------------

                         (clock s00_axi_aclk rise edge)
                                                      5.000     5.000 r  
                         propagated clock network latency
                                                      0.040     5.040    
                         clock pessimism              0.000     5.040    
                         clock uncertainty           -0.035     5.005    
    RAMB36_X4Y48         RAMB36E2 (Setup_RAMB36E2_RAMB36_CLKBWRCLK_ADDRBWRADDR[14])
                                                     -0.329     4.676    u_my_ip/u_axi4_mapping/u_gemv/GEN_WEIGHT_BANK[1].GEN_WEIGHT_SHARD[2].u_weight_bram_bank/mem_reg_2_bram_0
  -------------------------------------------------------------------
                         required time                          4.676    
                         arrival time                          -3.523    
  -------------------------------------------------------------------
                         slack                                  1.153    

Slack (MET) :             1.156ns  (required time - arrival time)
  Source:                 u_my_ip/u_axi4_mapping/u_gemv/weight_wr_addr_leaf_reg[6][10]/C
                            (rising edge-triggered cell FDRE clocked by s00_axi_aclk  {rise@0.000ns fall@2.500ns period=5.000ns})
  Destination:            u_my_ip/u_axi4_mapping/u_gemv/GEN_WEIGHT_BANK[1].GEN_WEIGHT_SHARD[2].u_weight_bram_bank/mem_reg_1_bram_0/ADDRBWRADDR[13]
                            (rising edge-triggered cell RAMB36E2 clocked by s00_axi_aclk  {rise@0.000ns fall@2.500ns period=5.000ns})
  Path Group:             s00_axi_aclk
  Path Type:              Setup (Max at Slow Process Corner)
  Requirement:            5.000ns  (s00_axi_aclk rise@5.000ns - s00_axi_aclk rise@0.000ns)
  Data Path Delay:        3.531ns  (logic 0.079ns (2.238%)  route 3.452ns (97.762%))
  Logic Levels:           0  
  Clock Path Skew:        0.012ns (DCD - SCD + CPR)
    Destination Clock Delay (DCD):    0.040ns = ( 5.040 - 5.000 ) 
    Source Clock Delay      (SCD):    0.028ns
    Clock Pessimism Removal (CPR):    0.000ns
  Clock Uncertainty:      0.035ns  ((TSJ^2 + TIJ^2)^1/2 + DJ) / 2 + PE
    Total System Jitter     (TSJ):    0.071ns
    Total Input Jitter      (TIJ):    0.000ns
    Discrete Jitter          (DJ):    0.000ns
    Phase Error              (PE):    0.000ns

    Location             Delay type                Incr(ns)  Path(ns)    Netlist Resource(s)
  -------------------------------------------------------------------    -------------------
                         (clock s00_axi_aclk rise edge)
                                                      0.000     0.000 r  
                         propagated clock network latency
                                                      0.028     0.028    
    SLICE_X69Y207        FDRE                         0.000     0.028 r  u_my_ip/u_axi4_mapping/u_gemv/weight_wr_addr_leaf_reg[6][10]/C
    SLICE_X69Y207        FDRE (Prop_AFF_SLICEL_C_Q)
                                                      0.079     0.107 r  u_my_ip/u_axi4_mapping/u_gemv/weight_wr_addr_leaf_reg[6][10]/Q
                         net (fo=16, routed)          3.452     3.559    u_my_ip/u_axi4_mapping/u_gemv/GEN_WEIGHT_BANK[1].GEN_WEIGHT_SHARD[2].u_weight_bram_bank/mem_reg_0_bram_0_0[10]
    RAMB36_X4Y32         RAMB36E2                                     r  u_my_ip/u_axi4_mapping/u_gemv/GEN_WEIGHT_BANK[1].GEN_WEIGHT_SHARD[2].u_weight_bram_bank/mem_reg_1_bram_0/ADDRBWRADDR[13]
  -------------------------------------------------------------------    -------------------

                         (clock s00_axi_aclk rise edge)
                                                      5.000     5.000 r  
                         propagated clock network latency
                                                      0.040     5.040    
                         clock pessimism              0.000     5.040    
                         clock uncertainty           -0.035     5.005    
    RAMB36_X4Y32         RAMB36E2 (Setup_RAMB36E2_RAMB36_CLKBWRCLK_ADDRBWRADDR[13])
                                                     -0.290     4.715    u_my_ip/u_axi4_mapping/u_gemv/GEN_WEIGHT_BANK[1].GEN_WEIGHT_SHARD[2].u_weight_bram_bank/mem_reg_1_bram_0
  -------------------------------------------------------------------
                         required time                          4.715    
                         arrival time                          -3.559    
  -------------------------------------------------------------------
                         slack                                  1.156    

Slack (MET) :             1.169ns  (required time - arrival time)
  Source:                 u_my_ip/u_axi4_mapping/u_gemv/weight_wr_addr_leaf_reg[6][11]/C
                            (rising edge-triggered cell FDRE clocked by s00_axi_aclk  {rise@0.000ns fall@2.500ns period=5.000ns})
  Destination:            u_my_ip/u_axi4_mapping/u_gemv/GEN_WEIGHT_BANK[1].GEN_WEIGHT_SHARD[2].u_weight_bram_bank/mem_reg_2_bram_1/ADDRBWRADDR[14]
                            (rising edge-triggered cell RAMB36E2 clocked by s00_axi_aclk  {rise@0.000ns fall@2.500ns period=5.000ns})
  Path Group:             s00_axi_aclk
  Path Type:              Setup (Max at Slow Process Corner)
  Requirement:            5.000ns  (s00_axi_aclk rise@5.000ns - s00_axi_aclk rise@0.000ns)
  Data Path Delay:        3.478ns  (logic 0.081ns (2.329%)  route 3.397ns (97.671%))
  Logic Levels:           0  
  Clock Path Skew:        0.012ns (DCD - SCD + CPR)
    Destination Clock Delay (DCD):    0.040ns = ( 5.040 - 5.000 ) 
    Source Clock Delay      (SCD):    0.028ns
    Clock Pessimism Removal (CPR):    0.000ns
  Clock Uncertainty:      0.035ns  ((TSJ^2 + TIJ^2)^1/2 + DJ) / 2 + PE
    Total System Jitter     (TSJ):    0.071ns
    Total Input Jitter      (TIJ):    0.000ns
    Discrete Jitter          (DJ):    0.000ns
    Phase Error              (PE):    0.000ns

    Location             Delay type                Incr(ns)  Path(ns)    Netlist Resource(s)
  -------------------------------------------------------------------    -------------------
                         (clock s00_axi_aclk rise edge)
                                                      0.000     0.000 r  
                         propagated clock network latency
                                                      0.028     0.028    
    SLICE_X69Y207        FDRE                         0.000     0.028 r  u_my_ip/u_axi4_mapping/u_gemv/weight_wr_addr_leaf_reg[6][11]/C
    SLICE_X69Y207        FDRE (Prop_AFF2_SLICEL_C_Q)
                                                      0.081     0.109 r  u_my_ip/u_axi4_mapping/u_gemv/weight_wr_addr_leaf_reg[6][11]/Q
                         net (fo=16, routed)          3.397     3.506    u_my_ip/u_axi4_mapping/u_gemv/GEN_WEIGHT_BANK[1].GEN_WEIGHT_SHARD[2].u_weight_bram_bank/mem_reg_0_bram_0_0[11]
    RAMB36_X4Y49         RAMB36E2                                     r  u_my_ip/u_axi4_mapping/u_gemv/GEN_WEIGHT_BANK[1].GEN_WEIGHT_SHARD[2].u_weight_bram_bank/mem_reg_2_bram_1/ADDRBWRADDR[14]
  -------------------------------------------------------------------    -------------------

                         (clock s00_axi_aclk rise edge)
                                                      5.000     5.000 r  
                         propagated clock network latency
                                                      0.040     5.040    
                         clock pessimism              0.000     5.040    
                         clock uncertainty           -0.035     5.005    
    RAMB36_X4Y49         RAMB36E2 (Setup_RAMB36E2_RAMB36_CLKBWRCLK_ADDRBWRADDR[14])
                                                     -0.329     4.676    u_my_ip/u_axi4_mapping/u_gemv/GEN_WEIGHT_BANK[1].GEN_WEIGHT_SHARD[2].u_weight_bram_bank/mem_reg_2_bram_1
  -------------------------------------------------------------------
                         required time                          4.676    
                         arrival time                          -3.506    
  -------------------------------------------------------------------
                         slack                                  1.169    

Slack (MET) :             1.187ns  (required time - arrival time)
  Source:                 u_my_ip/u_axi4_mapping/u_gemv/weight_wr_addr_leaf_reg[6][10]/C
                            (rising edge-triggered cell FDRE clocked by s00_axi_aclk  {rise@0.000ns fall@2.500ns period=5.000ns})
  Destination:            u_my_ip/u_axi4_mapping/u_gemv/GEN_WEIGHT_BANK[1].GEN_WEIGHT_SHARD[2].u_weight_bram_bank/mem_reg_1_bram_1/ADDRBWRADDR[13]
                            (rising edge-triggered cell RAMB36E2 clocked by s00_axi_aclk  {rise@0.000ns fall@2.500ns period=5.000ns})
  Path Group:             s00_axi_aclk
  Path Type:              Setup (Max at Slow Process Corner)
  Requirement:            5.000ns  (s00_axi_aclk rise@5.000ns - s00_axi_aclk rise@0.000ns)
  Data Path Delay:        3.499ns  (logic 0.079ns (2.257%)  route 3.420ns (97.743%))
  Logic Levels:           0  
  Clock Path Skew:        0.012ns (DCD - SCD + CPR)
    Destination Clock Delay (DCD):    0.040ns = ( 5.040 - 5.000 ) 
    Source Clock Delay      (SCD):    0.028ns
    Clock Pessimism Removal (CPR):    0.000ns
  Clock Uncertainty:      0.035ns  ((TSJ^2 + TIJ^2)^1/2 + DJ) / 2 + PE
    Total System Jitter     (TSJ):    0.071ns
    Total Input Jitter      (TIJ):    0.000ns
    Discrete Jitter          (DJ):    0.000ns
    Phase Error              (PE):    0.000ns

    Location             Delay type                Incr(ns)  Path(ns)    Netlist Resource(s)
  -------------------------------------------------------------------    -------------------
                         (clock s00_axi_aclk rise edge)
                                                      0.000     0.000 r  
                         propagated clock network latency
                                                      0.028     0.028    
    SLICE_X69Y207        FDRE                         0.000     0.028 r  u_my_ip/u_axi4_mapping/u_gemv/weight_wr_addr_leaf_reg[6][10]/C
    SLICE_X69Y207        FDRE (Prop_AFF_SLICEL_C_Q)
                                                      0.079     0.107 r  u_my_ip/u_axi4_mapping/u_gemv/weight_wr_addr_leaf_reg[6][10]/Q
                         net (fo=16, routed)          3.420     3.527    u_my_ip/u_axi4_mapping/u_gemv/GEN_WEIGHT_BANK[1].GEN_WEIGHT_SHARD[2].u_weight_bram_bank/mem_reg_0_bram_0_0[10]
    RAMB36_X4Y33         RAMB36E2                                     r  u_my_ip/u_axi4_mapping/u_gemv/GEN_WEIGHT_BANK[1].GEN_WEIGHT_SHARD[2].u_weight_bram_bank/mem_reg_1_bram_1/ADDRBWRADDR[13]
  -------------------------------------------------------------------    -------------------

                         (clock s00_axi_aclk rise edge)
                                                      5.000     5.000 r  
                         propagated clock network latency
                                                      0.040     5.040    
                         clock pessimism              0.000     5.040    
                         clock uncertainty           -0.035     5.005    
    RAMB36_X4Y33         RAMB36E2 (Setup_RAMB36E2_RAMB36_CLKBWRCLK_ADDRBWRADDR[13])
                                                     -0.290     4.715    u_my_ip/u_axi4_mapping/u_gemv/GEN_WEIGHT_BANK[1].GEN_WEIGHT_SHARD[2].u_weight_bram_bank/mem_reg_1_bram_1
  -------------------------------------------------------------------
                         required time                          4.715    
                         arrival time                          -3.527    
  -------------------------------------------------------------------
                         slack                                  1.187    

Slack (MET) :             1.226ns  (required time - arrival time)
  Source:                 u_my_ip/u_axi4_mapping/u_gemv/weight_wr_addr_leaf_reg[6][3]/C
                            (rising edge-triggered cell FDRE clocked by s00_axi_aclk  {rise@0.000ns fall@2.500ns period=5.000ns})
  Destination:            u_my_ip/u_axi4_mapping/u_gemv/GEN_WEIGHT_BANK[1].GEN_WEIGHT_SHARD[2].u_weight_bram_bank/mem_reg_1_bram_2/ADDRBWRADDR[6]
                            (rising edge-triggered cell RAMB36E2 clocked by s00_axi_aclk  {rise@0.000ns fall@2.500ns period=5.000ns})
  Path Group:             s00_axi_aclk
  Path Type:              Setup (Max at Slow Process Corner)
  Requirement:            5.000ns  (s00_axi_aclk rise@5.000ns - s00_axi_aclk rise@0.000ns)
  Data Path Delay:        3.463ns  (logic 0.081ns (2.339%)  route 3.382ns (97.661%))
  Logic Levels:           0  
  Clock Path Skew:        0.011ns (DCD - SCD + CPR)
    Destination Clock Delay (DCD):    0.040ns = ( 5.040 - 5.000 ) 
    Source Clock Delay      (SCD):    0.029ns
    Clock Pessimism Removal (CPR):    0.000ns
  Clock Uncertainty:      0.035ns  ((TSJ^2 + TIJ^2)^1/2 + DJ) / 2 + PE
    Total System Jitter     (TSJ):    0.071ns
    Total Input Jitter      (TIJ):    0.000ns
    Discrete Jitter          (DJ):    0.000ns
    Phase Error              (PE):    0.000ns

    Location             Delay type                Incr(ns)  Path(ns)    Netlist Resource(s)
  -------------------------------------------------------------------    -------------------
                         (clock s00_axi_aclk rise edge)
                                                      0.000     0.000 r  
                         propagated clock network latency
                                                      0.029     0.029    
    SLICE_X69Y207        FDRE                         0.000     0.029 r  u_my_ip/u_axi4_mapping/u_gemv/weight_wr_addr_leaf_reg[6][3]/C
    SLICE_X69Y207        FDRE (Prop_FFF2_SLICEL_C_Q)
                                                      0.081     0.110 r  u_my_ip/u_axi4_mapping/u_gemv/weight_wr_addr_leaf_reg[6][3]/Q
                         net (fo=16, routed)          3.382     3.492    u_my_ip/u_axi4_mapping/u_gemv/GEN_WEIGHT_BANK[1].GEN_WEIGHT_SHARD[2].u_weight_bram_bank/mem_reg_0_bram_0_0[3]
    RAMB36_X4Y34         RAMB36E2                                     r  u_my_ip/u_axi4_mapping/u_gemv/GEN_WEIGHT_BANK[1].GEN_WEIGHT_SHARD[2].u_weight_bram_bank/mem_reg_1_bram_2/ADDRBWRADDR[6]
  -------------------------------------------------------------------    -------------------

                         (clock s00_axi_aclk rise edge)
                                                      5.000     5.000 r  
                         propagated clock network latency
                                                      0.040     5.040    
                         clock pessimism              0.000     5.040    
                         clock uncertainty           -0.035     5.005    
    RAMB36_X4Y34         RAMB36E2 (Setup_RAMB36E2_RAMB36_CLKBWRCLK_ADDRBWRADDR[6])
                                                     -0.287     4.718    u_my_ip/u_axi4_mapping/u_gemv/GEN_WEIGHT_BANK[1].GEN_WEIGHT_SHARD[2].u_weight_bram_bank/mem_reg_1_bram_2
  -------------------------------------------------------------------
                         required time                          4.718    
                         arrival time                          -3.492    
  -------------------------------------------------------------------
                         slack                                  1.226    

Slack (MET) :             1.245ns  (required time - arrival time)
  Source:                 u_my_ip/u_axi4_mapping/u_gemv/weight_compute_addr_leaf_reg[0][2]/C
                            (rising edge-triggered cell FDRE clocked by s00_axi_aclk  {rise@0.000ns fall@2.500ns period=5.000ns})
  Destination:            u_my_ip/u_axi4_mapping/u_gemv/GEN_WEIGHT_BANK[0].GEN_WEIGHT_SHARD[0].u_weight_bram_bank/mem_reg_1_bram_0/ADDRARDADDR[5]
                            (rising edge-triggered cell RAMB36E2 clocked by s00_axi_aclk  {rise@0.000ns fall@2.500ns period=5.000ns})
  Path Group:             s00_axi_aclk
  Path Type:              Setup (Max at Slow Process Corner)
  Requirement:            5.000ns  (s00_axi_aclk rise@5.000ns - s00_axi_aclk rise@0.000ns)
  Data Path Delay:        3.379ns  (logic 0.079ns (2.338%)  route 3.300ns (97.662%))
  Logic Levels:           0  
  Clock Path Skew:        0.011ns (DCD - SCD + CPR)
    Destination Clock Delay (DCD):    0.039ns = ( 5.039 - 5.000 ) 
    Source Clock Delay      (SCD):    0.028ns
    Clock Pessimism Removal (CPR):    0.000ns
  Clock Uncertainty:      0.035ns  ((TSJ^2 + TIJ^2)^1/2 + DJ) / 2 + PE
    Total System Jitter     (TSJ):    0.071ns
    Total Input Jitter      (TIJ):    0.000ns
    Discrete Jitter          (DJ):    0.000ns
    Phase Error              (PE):    0.000ns

    Location             Delay type                Incr(ns)  Path(ns)    Netlist Resource(s)
  -------------------------------------------------------------------    -------------------
                         (clock s00_axi_aclk rise edge)
                                                      0.000     0.000 r  
                         propagated clock network latency
                                                      0.028     0.028    
    SLICE_X98Y247        FDRE                         0.000     0.028 r  u_my_ip/u_axi4_mapping/u_gemv/weight_compute_addr_leaf_reg[0][2]/C
    SLICE_X98Y247        FDRE (Prop_CFF_SLICEL_C_Q)
                                                      0.079     0.107 r  u_my_ip/u_axi4_mapping/u_gemv/weight_compute_addr_leaf_reg[0][2]/Q
                         net (fo=17, routed)          3.300     3.407    u_my_ip/u_axi4_mapping/u_gemv/GEN_WEIGHT_BANK[0].GEN_WEIGHT_SHARD[0].u_weight_bram_bank/out[2]
    RAMB36_X1Y26         RAMB36E2                                     r  u_my_ip/u_axi4_mapping/u_gemv/GEN_WEIGHT_BANK[0].GEN_WEIGHT_SHARD[0].u_weight_bram_bank/mem_reg_1_bram_0/ADDRARDADDR[5]
  -------------------------------------------------------------------    -------------------

                         (clock s00_axi_aclk rise edge)
                                                      5.000     5.000 r  
                         propagated clock network latency
                                                      0.039     5.039    
                         clock pessimism              0.000     5.039    
                         clock uncertainty           -0.035     5.004    
    RAMB36_X1Y26         RAMB36E2 (Setup_RAMB36E2_RAMB36_CLKARDCLK_ADDRARDADDR[5])
                                                     -0.352     4.652    u_my_ip/u_axi4_mapping/u_gemv/GEN_WEIGHT_BANK[0].GEN_WEIGHT_SHARD[0].u_weight_bram_bank/mem_reg_1_bram_0
  -------------------------------------------------------------------
                         required time                          4.652    
                         arrival time                          -3.407    
  -------------------------------------------------------------------
                         slack                                  1.245    

Slack (MET) :             1.260ns  (required time - arrival time)
  Source:                 u_my_ip/u_axi4_mapping/u_gemv/weight_wr_addr_leaf_reg[6][8]/C
                            (rising edge-triggered cell FDRE clocked by s00_axi_aclk  {rise@0.000ns fall@2.500ns period=5.000ns})
  Destination:            u_my_ip/u_axi4_mapping/u_gemv/GEN_WEIGHT_BANK[1].GEN_WEIGHT_SHARD[2].u_weight_bram_bank/mem_reg_2_bram_0/ADDRBWRADDR[11]
                            (rising edge-triggered cell RAMB36E2 clocked by s00_axi_aclk  {rise@0.000ns fall@2.500ns period=5.000ns})
  Path Group:             s00_axi_aclk
  Path Type:              Setup (Max at Slow Process Corner)
  Requirement:            5.000ns  (s00_axi_aclk rise@5.000ns - s00_axi_aclk rise@0.000ns)
  Data Path Delay:        3.413ns  (logic 0.079ns (2.315%)  route 3.334ns (97.685%))
  Logic Levels:           0  
  Clock Path Skew:        0.012ns (DCD - SCD + CPR)
    Destination Clock Delay (DCD):    0.040ns = ( 5.040 - 5.000 ) 
    Source Clock Delay      (SCD):    0.028ns
    Clock Pessimism Removal (CPR):    0.000ns
  Clock Uncertainty:      0.035ns  ((TSJ^2 + TIJ^2)^1/2 + DJ) / 2 + PE
    Total System Jitter     (TSJ):    0.071ns
    Total Input Jitter      (TIJ):    0.000ns
    Discrete Jitter          (DJ):    0.000ns
    Phase Error              (PE):    0.000ns

    Location             Delay type                Incr(ns)  Path(ns)    Netlist Resource(s)
  -------------------------------------------------------------------    -------------------
                         (clock s00_axi_aclk rise edge)
                                                      0.000     0.000 r  
                         propagated clock network latency
                                                      0.028     0.028    
    SLICE_X69Y207        FDRE                         0.000     0.028 r  u_my_ip/u_axi4_mapping/u_gemv/weight_wr_addr_leaf_reg[6][8]/C
    SLICE_X69Y207        FDRE (Prop_BFF_SLICEL_C_Q)
                                                      0.079     0.107 r  u_my_ip/u_axi4_mapping/u_gemv/weight_wr_addr_leaf_reg[6][8]/Q
                         net (fo=16, routed)          3.334     3.441    u_my_ip/u_axi4_mapping/u_gemv/GEN_WEIGHT_BANK[1].GEN_WEIGHT_SHARD[2].u_weight_bram_bank/mem_reg_0_bram_0_0[8]
    RAMB36_X4Y48         RAMB36E2                                     r  u_my_ip/u_axi4_mapping/u_gemv/GEN_WEIGHT_BANK[1].GEN_WEIGHT_SHARD[2].u_weight_bram_bank/mem_reg_2_bram_0/ADDRBWRADDR[11]
  -------------------------------------------------------------------    -------------------

                         (clock s00_axi_aclk rise edge)
                                                      5.000     5.000 r  
                         propagated clock network latency
                                                      0.040     5.040    
                         clock pessimism              0.000     5.040    
                         clock uncertainty           -0.035     5.005    
    RAMB36_X4Y48         RAMB36E2 (Setup_RAMB36E2_RAMB36_CLKBWRCLK_ADDRBWRADDR[11])
                                                     -0.303     4.702    u_my_ip/u_axi4_mapping/u_gemv/GEN_WEIGHT_BANK[1].GEN_WEIGHT_SHARD[2].u_weight_bram_bank/mem_reg_2_bram_0
  -------------------------------------------------------------------
                         required time                          4.702    
                         arrival time                          -3.441    
  -------------------------------------------------------------------
                         slack                                  1.260    

Slack (MET) :             1.263ns  (required time - arrival time)
  Source:                 u_my_ip/u_axi4_mapping/u_gemv/weight_wr_addr_leaf_reg[6][3]/C
                            (rising edge-triggered cell FDRE clocked by s00_axi_aclk  {rise@0.000ns fall@2.500ns period=5.000ns})
  Destination:            u_my_ip/u_axi4_mapping/u_gemv/GEN_WEIGHT_BANK[1].GEN_WEIGHT_SHARD[2].u_weight_bram_bank/mem_reg_1_bram_1/ADDRBWRADDR[6]
                            (rising edge-triggered cell RAMB36E2 clocked by s00_axi_aclk  {rise@0.000ns fall@2.500ns period=5.000ns})
  Path Group:             s00_axi_aclk
  Path Type:              Setup (Max at Slow Process Corner)
  Requirement:            5.000ns  (s00_axi_aclk rise@5.000ns - s00_axi_aclk rise@0.000ns)
  Data Path Delay:        3.426ns  (logic 0.081ns (2.364%)  route 3.345ns (97.636%))
  Logic Levels:           0  
  Clock Path Skew:        0.011ns (DCD - SCD + CPR)
    Destination Clock Delay (DCD):    0.040ns = ( 5.040 - 5.000 ) 
    Source Clock Delay      (SCD):    0.029ns
    Clock Pessimism Removal (CPR):    0.000ns
  Clock Uncertainty:      0.035ns  ((TSJ^2 + TIJ^2)^1/2 + DJ) / 2 + PE
    Total System Jitter     (TSJ):    0.071ns
    Total Input Jitter      (TIJ):    0.000ns
    Discrete Jitter          (DJ):    0.000ns
    Phase Error              (PE):    0.000ns

    Location             Delay type                Incr(ns)  Path(ns)    Netlist Resource(s)
  -------------------------------------------------------------------    -------------------
                         (clock s00_axi_aclk rise edge)
                                                      0.000     0.000 r  
                         propagated clock network latency
                                                      0.029     0.029    
    SLICE_X69Y207        FDRE                         0.000     0.029 r  u_my_ip/u_axi4_mapping/u_gemv/weight_wr_addr_leaf_reg[6][3]/C
    SLICE_X69Y207        FDRE (Prop_FFF2_SLICEL_C_Q)
                                                      0.081     0.110 r  u_my_ip/u_axi4_mapping/u_gemv/weight_wr_addr_leaf_reg[6][3]/Q
                         net (fo=16, routed)          3.345     3.455    u_my_ip/u_axi4_mapping/u_gemv/GEN_WEIGHT_BANK[1].GEN_WEIGHT_SHARD[2].u_weight_bram_bank/mem_reg_0_bram_0_0[3]
    RAMB36_X4Y33         RAMB36E2                                     r  u_my_ip/u_axi4_mapping/u_gemv/GEN_WEIGHT_BANK[1].GEN_WEIGHT_SHARD[2].u_weight_bram_bank/mem_reg_1_bram_1/ADDRBWRADDR[6]
  -------------------------------------------------------------------    -------------------

                         (clock s00_axi_aclk rise edge)
                                                      5.000     5.000 r  
                         propagated clock network latency
                                                      0.040     5.040    
                         clock pessimism              0.000     5.040    
                         clock uncertainty           -0.035     5.005    
    RAMB36_X4Y33         RAMB36E2 (Setup_RAMB36E2_RAMB36_CLKBWRCLK_ADDRBWRADDR[6])
                                                     -0.287     4.718    u_my_ip/u_axi4_mapping/u_gemv/GEN_WEIGHT_BANK[1].GEN_WEIGHT_SHARD[2].u_weight_bram_bank/mem_reg_1_bram_1
  -------------------------------------------------------------------
                         required time                          4.718    
                         arrival time                          -3.455    
  -------------------------------------------------------------------
                         slack                                  1.263    

Slack (MET) :             1.267ns  (required time - arrival time)
  Source:                 u_my_ip/u_axi4_mapping/u_gemv/weight_wr_addr_leaf_reg[6][3]/C
                            (rising edge-triggered cell FDRE clocked by s00_axi_aclk  {rise@0.000ns fall@2.500ns period=5.000ns})
  Destination:            u_my_ip/u_axi4_mapping/u_gemv/GEN_WEIGHT_BANK[1].GEN_WEIGHT_SHARD[2].u_weight_bram_bank/mem_reg_1_bram_3/ADDRBWRADDR[6]
                            (rising edge-triggered cell RAMB36E2 clocked by s00_axi_aclk  {rise@0.000ns fall@2.500ns period=5.000ns})
  Path Group:             s00_axi_aclk
  Path Type:              Setup (Max at Slow Process Corner)
  Requirement:            5.000ns  (s00_axi_aclk rise@5.000ns - s00_axi_aclk rise@0.000ns)
  Data Path Delay:        3.422ns  (logic 0.081ns (2.367%)  route 3.341ns (97.633%))
  Logic Levels:           0  
  Clock Path Skew:        0.011ns (DCD - SCD + CPR)
    Destination Clock Delay (DCD):    0.040ns = ( 5.040 - 5.000 ) 
    Source Clock Delay      (SCD):    0.029ns
    Clock Pessimism Removal (CPR):    0.000ns
  Clock Uncertainty:      0.035ns  ((TSJ^2 + TIJ^2)^1/2 + DJ) / 2 + PE
    Total System Jitter     (TSJ):    0.071ns
    Total Input Jitter      (TIJ):    0.000ns
    Discrete Jitter          (DJ):    0.000ns
    Phase Error              (PE):    0.000ns

    Location             Delay type                Incr(ns)  Path(ns)    Netlist Resource(s)
  -------------------------------------------------------------------    -------------------
                         (clock s00_axi_aclk rise edge)
                                                      0.000     0.000 r  
                         propagated clock network latency
                                                      0.029     0.029    
    SLICE_X69Y207        FDRE                         0.000     0.029 r  u_my_ip/u_axi4_mapping/u_gemv/weight_wr_addr_leaf_reg[6][3]/C
    SLICE_X69Y207        FDRE (Prop_FFF2_SLICEL_C_Q)
                                                      0.081     0.110 r  u_my_ip/u_axi4_mapping/u_gemv/weight_wr_addr_leaf_reg[6][3]/Q
                         net (fo=16, routed)          3.341     3.451    u_my_ip/u_axi4_mapping/u_gemv/GEN_WEIGHT_BANK[1].GEN_WEIGHT_SHARD[2].u_weight_bram_bank/mem_reg_0_bram_0_0[3]
    RAMB36_X4Y35         RAMB36E2                                     r  u_my_ip/u_axi4_mapping/u_gemv/GEN_WEIGHT_BANK[1].GEN_WEIGHT_SHARD[2].u_weight_bram_bank/mem_reg_1_bram_3/ADDRBWRADDR[6]
  -------------------------------------------------------------------    -------------------

                         (clock s00_axi_aclk rise edge)
                                                      5.000     5.000 r  
                         propagated clock network latency
                                                      0.040     5.040    
                         clock pessimism              0.000     5.040    
                         clock uncertainty           -0.035     5.005    
    RAMB36_X4Y35         RAMB36E2 (Setup_RAMB36E2_RAMB36_CLKBWRCLK_ADDRBWRADDR[6])
                                                     -0.287     4.718    u_my_ip/u_axi4_mapping/u_gemv/GEN_WEIGHT_BANK[1].GEN_WEIGHT_SHARD[2].u_weight_bram_bank/mem_reg_1_bram_3
  -------------------------------------------------------------------
                         required time                          4.718    
                         arrival time                          -3.451    
  -------------------------------------------------------------------
                         slack                                  1.267    

Slack (MET) :             1.294ns  (required time - arrival time)
  Source:                 u_my_ip/u_axi4_mapping/u_gemv/weight_compute_addr_leaf_reg[0][2]/C
                            (rising edge-triggered cell FDRE clocked by s00_axi_aclk  {rise@0.000ns fall@2.500ns period=5.000ns})
  Destination:            u_my_ip/u_axi4_mapping/u_gemv/GEN_WEIGHT_BANK[0].GEN_WEIGHT_SHARD[0].u_weight_bram_bank/mem_reg_1_bram_1/ADDRARDADDR[5]
                            (rising edge-triggered cell RAMB36E2 clocked by s00_axi_aclk  {rise@0.000ns fall@2.500ns period=5.000ns})
  Path Group:             s00_axi_aclk
  Path Type:              Setup (Max at Slow Process Corner)
  Requirement:            5.000ns  (s00_axi_aclk rise@5.000ns - s00_axi_aclk rise@0.000ns)
  Data Path Delay:        3.330ns  (logic 0.079ns (2.373%)  route 3.251ns (97.627%))
  Logic Levels:           0  
  Clock Path Skew:        0.011ns (DCD - SCD + CPR)
    Destination Clock Delay (DCD):    0.039ns = ( 5.039 - 5.000 ) 
    Source Clock Delay      (SCD):    0.028ns
    Clock Pessimism Removal (CPR):    0.000ns
  Clock Uncertainty:      0.035ns  ((TSJ^2 + TIJ^2)^1/2 + DJ) / 2 + PE
    Total System Jitter     (TSJ):    0.071ns
    Total Input Jitter      (TIJ):    0.000ns
    Discrete Jitter          (DJ):    0.000ns
    Phase Error              (PE):    0.000ns

    Location             Delay type                Incr(ns)  Path(ns)    Netlist Resource(s)
  -------------------------------------------------------------------    -------------------
                         (clock s00_axi_aclk rise edge)
                                                      0.000     0.000 r  
                         propagated clock network latency
                                                      0.028     0.028    
    SLICE_X98Y247        FDRE                         0.000     0.028 r  u_my_ip/u_axi4_mapping/u_gemv/weight_compute_addr_leaf_reg[0][2]/C
    SLICE_X98Y247        FDRE (Prop_CFF_SLICEL_C_Q)
                                                      0.079     0.107 r  u_my_ip/u_axi4_mapping/u_gemv/weight_compute_addr_leaf_reg[0][2]/Q
                         net (fo=17, routed)          3.251     3.358    u_my_ip/u_axi4_mapping/u_gemv/GEN_WEIGHT_BANK[0].GEN_WEIGHT_SHARD[0].u_weight_bram_bank/out[2]
    RAMB36_X1Y27         RAMB36E2                                     r  u_my_ip/u_axi4_mapping/u_gemv/GEN_WEIGHT_BANK[0].GEN_WEIGHT_SHARD[0].u_weight_bram_bank/mem_reg_1_bram_1/ADDRARDADDR[5]
  -------------------------------------------------------------------    -------------------

                         (clock s00_axi_aclk rise edge)
                                                      5.000     5.000 r  
                         propagated clock network latency
                                                      0.039     5.039    
                         clock pessimism              0.000     5.039    
                         clock uncertainty           -0.035     5.004    
    RAMB36_X1Y27         RAMB36E2 (Setup_RAMB36E2_RAMB36_CLKARDCLK_ADDRARDADDR[5])
                                                     -0.352     4.652    u_my_ip/u_axi4_mapping/u_gemv/GEN_WEIGHT_BANK[0].GEN_WEIGHT_SHARD[0].u_weight_bram_bank/mem_reg_1_bram_1
  -------------------------------------------------------------------
                         required time                          4.652    
                         arrival time                          -3.358    
  -------------------------------------------------------------------
                         slack                                  1.294    

Slack (MET) :             1.300ns  (required time - arrival time)
  Source:                 u_my_ip/u_axi4_mapping/u_gemv/weight_wr_addr_leaf_reg[6][10]/C
                            (rising edge-triggered cell FDRE clocked by s00_axi_aclk  {rise@0.000ns fall@2.500ns period=5.000ns})
  Destination:            u_my_ip/u_axi4_mapping/u_gemv/GEN_WEIGHT_BANK[1].GEN_WEIGHT_SHARD[2].u_weight_bram_bank/mem_reg_1_bram_2/ADDRBWRADDR[13]
                            (rising edge-triggered cell RAMB36E2 clocked by s00_axi_aclk  {rise@0.000ns fall@2.500ns period=5.000ns})
  Path Group:             s00_axi_aclk
  Path Type:              Setup (Max at Slow Process Corner)
  Requirement:            5.000ns  (s00_axi_aclk rise@5.000ns - s00_axi_aclk rise@0.000ns)
  Data Path Delay:        3.386ns  (logic 0.079ns (2.333%)  route 3.307ns (97.667%))
  Logic Levels:           0  
  Clock Path Skew:        0.012ns (DCD - SCD + CPR)
    Destination Clock Delay (DCD):    0.040ns = ( 5.040 - 5.000 ) 
    Source Clock Delay      (SCD):    0.028ns
    Clock Pessimism Removal (CPR):    0.000ns
  Clock Uncertainty:      0.035ns  ((TSJ^2 + TIJ^2)^1/2 + DJ) / 2 + PE
    Total System Jitter     (TSJ):    0.071ns
    Total Input Jitter      (TIJ):    0.000ns
    Discrete Jitter          (DJ):    0.000ns
    Phase Error              (PE):    0.000ns

    Location             Delay type                Incr(ns)  Path(ns)    Netlist Resource(s)
  -------------------------------------------------------------------    -------------------
                         (clock s00_axi_aclk rise edge)
                                                      0.000     0.000 r  
                         propagated clock network latency
                                                      0.028     0.028    
    SLICE_X69Y207        FDRE                         0.000     0.028 r  u_my_ip/u_axi4_mapping/u_gemv/weight_wr_addr_leaf_reg[6][10]/C
    SLICE_X69Y207        FDRE (Prop_AFF_SLICEL_C_Q)
                                                      0.079     0.107 r  u_my_ip/u_axi4_mapping/u_gemv/weight_wr_addr_leaf_reg[6][10]/Q
                         net (fo=16, routed)          3.307     3.414    u_my_ip/u_axi4_mapping/u_gemv/GEN_WEIGHT_BANK[1].GEN_WEIGHT_SHARD[2].u_weight_bram_bank/mem_reg_0_bram_0_0[10]
    RAMB36_X4Y34         RAMB36E2                                     r  u_my_ip/u_axi4_mapping/u_gemv/GEN_WEIGHT_BANK[1].GEN_WEIGHT_SHARD[2].u_weight_bram_bank/mem_reg_1_bram_2/ADDRBWRADDR[13]
  -------------------------------------------------------------------    -------------------

                         (clock s00_axi_aclk rise edge)
                                                      5.000     5.000 r  
                         propagated clock network latency
                                                      0.040     5.040    
                         clock pessimism              0.000     5.040    
                         clock uncertainty           -0.035     5.005    
    RAMB36_X4Y34         RAMB36E2 (Setup_RAMB36E2_RAMB36_CLKBWRCLK_ADDRBWRADDR[13])
                                                     -0.290     4.715    u_my_ip/u_axi4_mapping/u_gemv/GEN_WEIGHT_BANK[1].GEN_WEIGHT_SHARD[2].u_weight_bram_bank/mem_reg_1_bram_2
  -------------------------------------------------------------------
                         required time                          4.715    
                         arrival time                          -3.414    
  -------------------------------------------------------------------
                         slack                                  1.300    

Slack (MET) :             1.311ns  (required time - arrival time)
  Source:                 u_my_ip/u_axi4_mapping/u_gemv/weight_compute_addr_leaf_reg[15][0]/C
                            (rising edge-triggered cell FDRE clocked by s00_axi_aclk  {rise@0.000ns fall@2.500ns period=5.000ns})
  Destination:            u_my_ip/u_axi4_mapping/u_gemv/GEN_WEIGHT_BANK[3].GEN_WEIGHT_SHARD[3].u_weight_bram_bank/mem_reg_1_bram_0/ADDRARDADDR[3]
                            (rising edge-triggered cell RAMB36E2 clocked by s00_axi_aclk  {rise@0.000ns fall@2.500ns period=5.000ns})
  Path Group:             s00_axi_aclk
  Path Type:              Setup (Max at Slow Process Corner)
  Requirement:            5.000ns  (s00_axi_aclk rise@5.000ns - s00_axi_aclk rise@0.000ns)
  Data Path Delay:        3.324ns  (logic 0.078ns (2.346%)  route 3.246ns (97.654%))
  Logic Levels:           0  
  Clock Path Skew:        0.009ns (DCD - SCD + CPR)
    Destination Clock Delay (DCD):    0.039ns = ( 5.039 - 5.000 ) 
    Source Clock Delay      (SCD):    0.030ns
    Clock Pessimism Removal (CPR):    0.000ns
  Clock Uncertainty:      0.035ns  ((TSJ^2 + TIJ^2)^1/2 + DJ) / 2 + PE
    Total System Jitter     (TSJ):    0.071ns
    Total Input Jitter      (TIJ):    0.000ns
    Discrete Jitter          (DJ):    0.000ns
    Phase Error              (PE):    0.000ns

    Location             Delay type                Incr(ns)  Path(ns)    Netlist Resource(s)
  -------------------------------------------------------------------    -------------------
                         (clock s00_axi_aclk rise edge)
                                                      0.000     0.000 r  
                         propagated clock network latency
                                                      0.030     0.030    
    SLICE_X70Y253        FDRE                         0.000     0.030 r  u_my_ip/u_axi4_mapping/u_gemv/weight_compute_addr_leaf_reg[15][0]/C
    SLICE_X70Y253        FDRE (Prop_HFF2_SLICEM_C_Q)
                                                      0.078     0.108 r  u_my_ip/u_axi4_mapping/u_gemv/weight_compute_addr_leaf_reg[15][0]/Q
                         net (fo=17, routed)          3.246     3.354    u_my_ip/u_axi4_mapping/u_gemv/GEN_WEIGHT_BANK[3].GEN_WEIGHT_SHARD[3].u_weight_bram_bank/out[0]
    RAMB36_X1Y4          RAMB36E2                                     r  u_my_ip/u_axi4_mapping/u_gemv/GEN_WEIGHT_BANK[3].GEN_WEIGHT_SHARD[3].u_weight_bram_bank/mem_reg_1_bram_0/ADDRARDADDR[3]
  -------------------------------------------------------------------    -------------------

                         (clock s00_axi_aclk rise edge)
                                                      5.000     5.000 r  
                         propagated clock network latency
                                                      0.039     5.039    
                         clock pessimism              0.000     5.039    
                         clock uncertainty           -0.035     5.004    
    RAMB36_X1Y4          RAMB36E2 (Setup_RAMB36E2_RAMB36_CLKARDCLK_ADDRARDADDR[3])
                                                     -0.338     4.666    u_my_ip/u_axi4_mapping/u_gemv/GEN_WEIGHT_BANK[3].GEN_WEIGHT_SHARD[3].u_weight_bram_bank/mem_reg_1_bram_0
  -------------------------------------------------------------------
                         required time                          4.666    
                         arrival time                          -3.354    
  -------------------------------------------------------------------
                         slack                                  1.311    

Slack (MET) :             1.319ns  (required time - arrival time)
  Source:                 u_my_ip/u_axi4_mapping/u_gemv/weight_compute_addr_leaf_reg[15][0]/C
                            (rising edge-triggered cell FDRE clocked by s00_axi_aclk  {rise@0.000ns fall@2.500ns period=5.000ns})
  Destination:            u_my_ip/u_axi4_mapping/u_gemv/GEN_WEIGHT_BANK[3].GEN_WEIGHT_SHARD[3].u_weight_bram_bank/mem_reg_2_bram_3/ADDRARDADDR[3]
                            (rising edge-triggered cell RAMB36E2 clocked by s00_axi_aclk  {rise@0.000ns fall@2.500ns period=5.000ns})
  Path Group:             s00_axi_aclk
  Path Type:              Setup (Max at Slow Process Corner)
  Requirement:            5.000ns  (s00_axi_aclk rise@5.000ns - s00_axi_aclk rise@0.000ns)
  Data Path Delay:        3.316ns  (logic 0.078ns (2.352%)  route 3.238ns (97.648%))
  Logic Levels:           0  
  Clock Path Skew:        0.009ns (DCD - SCD + CPR)
    Destination Clock Delay (DCD):    0.039ns = ( 5.039 - 5.000 ) 
    Source Clock Delay      (SCD):    0.030ns
    Clock Pessimism Removal (CPR):    0.000ns
  Clock Uncertainty:      0.035ns  ((TSJ^2 + TIJ^2)^1/2 + DJ) / 2 + PE
    Total System Jitter     (TSJ):    0.071ns
    Total Input Jitter      (TIJ):    0.000ns
    Discrete Jitter          (DJ):    0.000ns
    Phase Error              (PE):    0.000ns

    Location             Delay type                Incr(ns)  Path(ns)    Netlist Resource(s)
  -------------------------------------------------------------------    -------------------
                         (clock s00_axi_aclk rise edge)
                                                      0.000     0.000 r  
                         propagated clock network latency
                                                      0.030     0.030    
    SLICE_X70Y253        FDRE                         0.000     0.030 r  u_my_ip/u_axi4_mapping/u_gemv/weight_compute_addr_leaf_reg[15][0]/C
    SLICE_X70Y253        FDRE (Prop_HFF2_SLICEM_C_Q)
                                                      0.078     0.108 r  u_my_ip/u_axi4_mapping/u_gemv/weight_compute_addr_leaf_reg[15][0]/Q
                         net (fo=17, routed)          3.238     3.346    u_my_ip/u_axi4_mapping/u_gemv/GEN_WEIGHT_BANK[3].GEN_WEIGHT_SHARD[3].u_weight_bram_bank/out[0]
    RAMB36_X3Y7          RAMB36E2                                     r  u_my_ip/u_axi4_mapping/u_gemv/GEN_WEIGHT_BANK[3].GEN_WEIGHT_SHARD[3].u_weight_bram_bank/mem_reg_2_bram_3/ADDRARDADDR[3]
  -------------------------------------------------------------------    -------------------

                         (clock s00_axi_aclk rise edge)
                                                      5.000     5.000 r  
                         propagated clock network latency
                                                      0.039     5.039    
                         clock pessimism              0.000     5.039    
                         clock uncertainty           -0.035     5.004    
    RAMB36_X3Y7          RAMB36E2 (Setup_RAMB36E2_RAMB36_CLKARDCLK_ADDRARDADDR[3])
                                                     -0.338     4.666    u_my_ip/u_axi4_mapping/u_gemv/GEN_WEIGHT_BANK[3].GEN_WEIGHT_SHARD[3].u_weight_bram_bank/mem_reg_2_bram_3
  -------------------------------------------------------------------
                         required time                          4.666    
                         arrival time                          -3.346    
  -------------------------------------------------------------------
                         slack                                  1.319    

Slack (MET) :             1.341ns  (required time - arrival time)
  Source:                 u_my_ip/u_axi4_mapping/u_gemv/weight_wr_addr_leaf_reg[0][9]/C
                            (rising edge-triggered cell FDRE clocked by s00_axi_aclk  {rise@0.000ns fall@2.500ns period=5.000ns})
  Destination:            u_my_ip/u_axi4_mapping/u_gemv/GEN_WEIGHT_BANK[0].GEN_WEIGHT_SHARD[0].u_weight_bram_bank/mem_reg_1_bram_3/ADDRBWRADDR[12]
                            (rising edge-triggered cell RAMB36E2 clocked by s00_axi_aclk  {rise@0.000ns fall@2.500ns period=5.000ns})
  Path Group:             s00_axi_aclk
  Path Type:              Setup (Max at Slow Process Corner)
  Requirement:            5.000ns  (s00_axi_aclk rise@5.000ns - s00_axi_aclk rise@0.000ns)
  Data Path Delay:        3.350ns  (logic 0.080ns (2.388%)  route 3.270ns (97.612%))
  Logic Levels:           0  
  Clock Path Skew:        0.010ns (DCD - SCD + CPR)
    Destination Clock Delay (DCD):    0.040ns = ( 5.040 - 5.000 ) 
    Source Clock Delay      (SCD):    0.030ns
    Clock Pessimism Removal (CPR):    0.000ns
  Clock Uncertainty:      0.035ns  ((TSJ^2 + TIJ^2)^1/2 + DJ) / 2 + PE
    Total System Jitter     (TSJ):    0.071ns
    Total Input Jitter      (TIJ):    0.000ns
    Discrete Jitter          (DJ):    0.000ns
    Phase Error              (PE):    0.000ns

    Location             Delay type                Incr(ns)  Path(ns)    Netlist Resource(s)
  -------------------------------------------------------------------    -------------------
                         (clock s00_axi_aclk rise edge)
                                                      0.000     0.000 r  
                         propagated clock network latency
                                                      0.030     0.030    
    SLICE_X71Y235        FDRE                         0.000     0.030 r  u_my_ip/u_axi4_mapping/u_gemv/weight_wr_addr_leaf_reg[0][9]/C
    SLICE_X71Y235        FDRE (Prop_BFF2_SLICEM_C_Q)
                                                      0.080     0.110 r  u_my_ip/u_axi4_mapping/u_gemv/weight_wr_addr_leaf_reg[0][9]/Q
                         net (fo=16, routed)          3.270     3.380    u_my_ip/u_axi4_mapping/u_gemv/GEN_WEIGHT_BANK[0].GEN_WEIGHT_SHARD[0].u_weight_bram_bank/mem_reg_0_bram_0_0[9]
    RAMB36_X1Y29         RAMB36E2                                     r  u_my_ip/u_axi4_mapping/u_gemv/GEN_WEIGHT_BANK[0].GEN_WEIGHT_SHARD[0].u_weight_bram_bank/mem_reg_1_bram_3/ADDRBWRADDR[12]
  -------------------------------------------------------------------    -------------------

                         (clock s00_axi_aclk rise edge)
                                                      5.000     5.000 r  
                         propagated clock network latency
                                                      0.040     5.040    
                         clock pessimism              0.000     5.040    
                         clock uncertainty           -0.035     5.005    
    RAMB36_X1Y29         RAMB36E2 (Setup_RAMB36E2_RAMB36_CLKBWRCLK_ADDRBWRADDR[12])
                                                     -0.284     4.721    u_my_ip/u_axi4_mapping/u_gemv/GEN_WEIGHT_BANK[0].GEN_WEIGHT_SHARD[0].u_weight_bram_bank/mem_reg_1_bram_3
  -------------------------------------------------------------------
                         required time                          4.721    
                         arrival time                          -3.380    
  -------------------------------------------------------------------
                         slack                                  1.341    

Slack (MET) :             1.346ns  (required time - arrival time)
  Source:                 u_my_ip/u_axi4_mapping/u_gemv/weight_wr_addr_leaf_reg[6][5]/C
                            (rising edge-triggered cell FDRE clocked by s00_axi_aclk  {rise@0.000ns fall@2.500ns period=5.000ns})
  Destination:            u_my_ip/u_axi4_mapping/u_gemv/GEN_WEIGHT_BANK[1].GEN_WEIGHT_SHARD[2].u_weight_bram_bank/mem_reg_1_bram_3/ADDRBWRADDR[8]
                            (rising edge-triggered cell RAMB36E2 clocked by s00_axi_aclk  {rise@0.000ns fall@2.500ns period=5.000ns})
  Path Group:             s00_axi_aclk
  Path Type:              Setup (Max at Slow Process Corner)
  Requirement:            5.000ns  (s00_axi_aclk rise@5.000ns - s00_axi_aclk rise@0.000ns)
  Data Path Delay:        3.323ns  (logic 0.081ns (2.437%)  route 3.242ns (97.563%))
  Logic Levels:           0  
  Clock Path Skew:        0.011ns (DCD - SCD + CPR)
    Destination Clock Delay (DCD):    0.040ns = ( 5.040 - 5.000 ) 
    Source Clock Delay      (SCD):    0.029ns
    Clock Pessimism Removal (CPR):    0.000ns
  Clock Uncertainty:      0.035ns  ((TSJ^2 + TIJ^2)^1/2 + DJ) / 2 + PE
    Total System Jitter     (TSJ):    0.071ns
    Total Input Jitter      (TIJ):    0.000ns
    Discrete Jitter          (DJ):    0.000ns
    Phase Error              (PE):    0.000ns

    Location             Delay type                Incr(ns)  Path(ns)    Netlist Resource(s)
  -------------------------------------------------------------------    -------------------
                         (clock s00_axi_aclk rise edge)
                                                      0.000     0.000 r  
                         propagated clock network latency
                                                      0.029     0.029    
    SLICE_X69Y207        FDRE                         0.000     0.029 r  u_my_ip/u_axi4_mapping/u_gemv/weight_wr_addr_leaf_reg[6][5]/C
    SLICE_X69Y207        FDRE (Prop_GFF2_SLICEL_C_Q)
                                                      0.081     0.110 r  u_my_ip/u_axi4_mapping/u_gemv/weight_wr_addr_leaf_reg[6][5]/Q
                         net (fo=16, routed)          3.242     3.352    u_my_ip/u_axi4_mapping/u_gemv/GEN_WEIGHT_BANK[1].GEN_WEIGHT_SHARD[2].u_weight_bram_bank/mem_reg_0_bram_0_0[5]
    RAMB36_X4Y35         RAMB36E2                                     r  u_my_ip/u_axi4_mapping/u_gemv/GEN_WEIGHT_BANK[1].GEN_WEIGHT_SHARD[2].u_weight_bram_bank/mem_reg_1_bram_3/ADDRBWRADDR[8]
  -------------------------------------------------------------------    -------------------

                         (clock s00_axi_aclk rise edge)
                                                      5.000     5.000 r  
                         propagated clock network latency
                                                      0.040     5.040    
                         clock pessimism              0.000     5.040    
                         clock uncertainty           -0.035     5.005    
    RAMB36_X4Y35         RAMB36E2 (Setup_RAMB36E2_RAMB36_CLKBWRCLK_ADDRBWRADDR[8])
                                                     -0.306     4.699    u_my_ip/u_axi4_mapping/u_gemv/GEN_WEIGHT_BANK[1].GEN_WEIGHT_SHARD[2].u_weight_bram_bank/mem_reg_1_bram_3
  -------------------------------------------------------------------
                         required time                          4.699    
                         arrival time                          -3.352    
  -------------------------------------------------------------------
                         slack                                  1.346    

Slack (MET) :             1.353ns  (required time - arrival time)
  Source:                 u_my_ip/u_axi4_mapping/u_gemv/weight_wr_addr_leaf_reg[0][11]/C
                            (rising edge-triggered cell FDRE clocked by s00_axi_aclk  {rise@0.000ns fall@2.500ns period=5.000ns})
  Destination:            u_my_ip/u_axi4_mapping/u_gemv/GEN_WEIGHT_BANK[0].GEN_WEIGHT_SHARD[0].u_weight_bram_bank/mem_reg_1_bram_0/ADDRBWRADDR[14]
                            (rising edge-triggered cell RAMB36E2 clocked by s00_axi_aclk  {rise@0.000ns fall@2.500ns period=5.000ns})
  Path Group:             s00_axi_aclk
  Path Type:              Setup (Max at Slow Process Corner)
  Requirement:            5.000ns  (s00_axi_aclk rise@5.000ns - s00_axi_aclk rise@0.000ns)
  Data Path Delay:        3.293ns  (logic 0.080ns (2.429%)  route 3.213ns (97.571%))
  Logic Levels:           0  
  Clock Path Skew:        0.010ns (DCD - SCD + CPR)
    Destination Clock Delay (DCD):    0.040ns = ( 5.040 - 5.000 ) 
    Source Clock Delay      (SCD):    0.030ns
    Clock Pessimism Removal (CPR):    0.000ns
  Clock Uncertainty:      0.035ns  ((TSJ^2 + TIJ^2)^1/2 + DJ) / 2 + PE
    Total System Jitter     (TSJ):    0.071ns
    Total Input Jitter      (TIJ):    0.000ns
    Discrete Jitter          (DJ):    0.000ns
    Phase Error              (PE):    0.000ns

    Location             Delay type                Incr(ns)  Path(ns)    Netlist Resource(s)
  -------------------------------------------------------------------    -------------------
                         (clock s00_axi_aclk rise edge)
                                                      0.000     0.000 r  
                         propagated clock network latency
                                                      0.030     0.030    
    SLICE_X71Y235        FDRE                         0.000     0.030 r  u_my_ip/u_axi4_mapping/u_gemv/weight_wr_addr_leaf_reg[0][11]/C
    SLICE_X71Y235        FDRE (Prop_AFF2_SLICEM_C_Q)
                                                      0.080     0.110 r  u_my_ip/u_axi4_mapping/u_gemv/weight_wr_addr_leaf_reg[0][11]/Q
                         net (fo=16, routed)          3.213     3.323    u_my_ip/u_axi4_mapping/u_gemv/GEN_WEIGHT_BANK[0].GEN_WEIGHT_SHARD[0].u_weight_bram_bank/mem_reg_0_bram_0_0[11]
    RAMB36_X1Y26         RAMB36E2                                     r  u_my_ip/u_axi4_mapping/u_gemv/GEN_WEIGHT_BANK[0].GEN_WEIGHT_SHARD[0].u_weight_bram_bank/mem_reg_1_bram_0/ADDRBWRADDR[14]
  -------------------------------------------------------------------    -------------------

                         (clock s00_axi_aclk rise edge)
                                                      5.000     5.000 r  
                         propagated clock network latency
                                                      0.040     5.040    
                         clock pessimism              0.000     5.040    
                         clock uncertainty           -0.035     5.005    
    RAMB36_X1Y26         RAMB36E2 (Setup_RAMB36E2_RAMB36_CLKBWRCLK_ADDRBWRADDR[14])
                                                     -0.329     4.676    u_my_ip/u_axi4_mapping/u_gemv/GEN_WEIGHT_BANK[0].GEN_WEIGHT_SHARD[0].u_weight_bram_bank/mem_reg_1_bram_0
  -------------------------------------------------------------------
                         required time                          4.676    
                         arrival time                          -3.323    
  -------------------------------------------------------------------
                         slack                                  1.353    

Slack (MET) :             1.363ns  (required time - arrival time)
  Source:                 u_my_ip/u_axi4_mapping/u_gemv/weight_wr_addr_leaf_reg[6][3]/C
                            (rising edge-triggered cell FDRE clocked by s00_axi_aclk  {rise@0.000ns fall@2.500ns period=5.000ns})
  Destination:            u_my_ip/u_axi4_mapping/u_gemv/GEN_WEIGHT_BANK[1].GEN_WEIGHT_SHARD[2].u_weight_bram_bank/mem_reg_1_bram_0/ADDRBWRADDR[6]
                            (rising edge-triggered cell RAMB36E2 clocked by s00_axi_aclk  {rise@0.000ns fall@2.500ns period=5.000ns})
  Path Group:             s00_axi_aclk
  Path Type:              Setup (Max at Slow Process Corner)
  Requirement:            5.000ns  (s00_axi_aclk rise@5.000ns - s00_axi_aclk rise@0.000ns)
  Data Path Delay:        3.325ns  (logic 0.081ns (2.436%)  route 3.244ns (97.564%))
  Logic Levels:           0  
  Clock Path Skew:        0.011ns (DCD - SCD + CPR)
    Destination Clock Delay (DCD):    0.040ns = ( 5.040 - 5.000 ) 
    Source Clock Delay      (SCD):    0.029ns
    Clock Pessimism Removal (CPR):    0.000ns
  Clock Uncertainty:      0.035ns  ((TSJ^2 + TIJ^2)^1/2 + DJ) / 2 + PE
    Total System Jitter     (TSJ):    0.071ns
    Total Input Jitter      (TIJ):    0.000ns
    Discrete Jitter          (DJ):    0.000ns
    Phase Error              (PE):    0.000ns

    Location             Delay type                Incr(ns)  Path(ns)    Netlist Resource(s)
  -------------------------------------------------------------------    -------------------
                         (clock s00_axi_aclk rise edge)
                                                      0.000     0.000 r  
                         propagated clock network latency
                                                      0.029     0.029    
    SLICE_X69Y207        FDRE                         0.000     0.029 r  u_my_ip/u_axi4_mapping/u_gemv/weight_wr_addr_leaf_reg[6][3]/C
    SLICE_X69Y207        FDRE (Prop_FFF2_SLICEL_C_Q)
                                                      0.081     0.110 r  u_my_ip/u_axi4_mapping/u_gemv/weight_wr_addr_leaf_reg[6][3]/Q
                         net (fo=16, routed)          3.244     3.354    u_my_ip/u_axi4_mapping/u_gemv/GEN_WEIGHT_BANK[1].GEN_WEIGHT_SHARD[2].u_weight_bram_bank/mem_reg_0_bram_0_0[3]
    RAMB36_X4Y32         RAMB36E2                                     r  u_my_ip/u_axi4_mapping/u_gemv/GEN_WEIGHT_BANK[1].GEN_WEIGHT_SHARD[2].u_weight_bram_bank/mem_reg_1_bram_0/ADDRBWRADDR[6]
  -------------------------------------------------------------------    -------------------

                         (clock s00_axi_aclk rise edge)
                                                      5.000     5.000 r  
                         propagated clock network latency
                                                      0.040     5.040    
                         clock pessimism              0.000     5.040    
                         clock uncertainty           -0.035     5.005    
    RAMB36_X4Y32         RAMB36E2 (Setup_RAMB36E2_RAMB36_CLKBWRCLK_ADDRBWRADDR[6])
                                                     -0.287     4.718    u_my_ip/u_axi4_mapping/u_gemv/GEN_WEIGHT_BANK[1].GEN_WEIGHT_SHARD[2].u_weight_bram_bank/mem_reg_1_bram_0
  -------------------------------------------------------------------
                         required time                          4.718    
                         arrival time                          -3.354    
  -------------------------------------------------------------------
                         slack                                  1.363    

Slack (MET) :             1.390ns  (required time - arrival time)
  Source:                 u_my_ip/u_axi4_mapping/u_gemv/weight_wr_addr_leaf_reg[6][1]/C
                            (rising edge-triggered cell FDRE clocked by s00_axi_aclk  {rise@0.000ns fall@2.500ns period=5.000ns})
  Destination:            u_my_ip/u_axi4_mapping/u_gemv/GEN_WEIGHT_BANK[1].GEN_WEIGHT_SHARD[2].u_weight_bram_bank/mem_reg_2_bram_2/ADDRBWRADDR[4]
                            (rising edge-triggered cell RAMB36E2 clocked by s00_axi_aclk  {rise@0.000ns fall@2.500ns period=5.000ns})
  Path Group:             s00_axi_aclk
  Path Type:              Setup (Max at Slow Process Corner)
  Requirement:            5.000ns  (s00_axi_aclk rise@5.000ns - s00_axi_aclk rise@0.000ns)
  Data Path Delay:        3.243ns  (logic 0.081ns (2.498%)  route 3.162ns (97.502%))
  Logic Levels:           0  
  Clock Path Skew:        0.011ns (DCD - SCD + CPR)
    Destination Clock Delay (DCD):    0.040ns = ( 5.040 - 5.000 ) 
    Source Clock Delay      (SCD):    0.029ns
    Clock Pessimism Removal (CPR):    0.000ns
  Clock Uncertainty:      0.035ns  ((TSJ^2 + TIJ^2)^1/2 + DJ) / 2 + PE
    Total System Jitter     (TSJ):    0.071ns
    Total Input Jitter      (TIJ):    0.000ns
    Discrete Jitter          (DJ):    0.000ns
    Phase Error              (PE):    0.000ns

    Location             Delay type                Incr(ns)  Path(ns)    Netlist Resource(s)
  -------------------------------------------------------------------    -------------------
                         (clock s00_axi_aclk rise edge)
                                                      0.000     0.000 r  
                         propagated clock network latency
                                                      0.029     0.029    
    SLICE_X69Y207        FDRE                         0.000     0.029 r  u_my_ip/u_axi4_mapping/u_gemv/weight_wr_addr_leaf_reg[6][1]/C
    SLICE_X69Y207        FDRE (Prop_EFF2_SLICEL_C_Q)
                                                      0.081     0.110 r  u_my_ip/u_axi4_mapping/u_gemv/weight_wr_addr_leaf_reg[6][1]/Q
                         net (fo=16, routed)          3.162     3.272    u_my_ip/u_axi4_mapping/u_gemv/GEN_WEIGHT_BANK[1].GEN_WEIGHT_SHARD[2].u_weight_bram_bank/mem_reg_0_bram_0_0[1]
    RAMB36_X4Y50         RAMB36E2                                     r  u_my_ip/u_axi4_mapping/u_gemv/GEN_WEIGHT_BANK[1].GEN_WEIGHT_SHARD[2].u_weight_bram_bank/mem_reg_2_bram_2/ADDRBWRADDR[4]
  -------------------------------------------------------------------    -------------------

                         (clock s00_axi_aclk rise edge)
                                                      5.000     5.000 r  
                         propagated clock network latency
                                                      0.040     5.040    
                         clock pessimism              0.000     5.040    
                         clock uncertainty           -0.035     5.005    
    RAMB36_X4Y50         RAMB36E2 (Setup_RAMB36E2_RAMB36_CLKBWRCLK_ADDRBWRADDR[4])
                                                     -0.343     4.662    u_my_ip/u_axi4_mapping/u_gemv/GEN_WEIGHT_BANK[1].GEN_WEIGHT_SHARD[2].u_weight_bram_bank/mem_reg_2_bram_2
  -------------------------------------------------------------------
                         required time                          4.662    
                         arrival time                          -3.272    
  -------------------------------------------------------------------
                         slack                                  1.390    

Slack (MET) :             1.404ns  (required time - arrival time)
  Source:                 u_my_ip/u_axi4_mapping/u_gemv/weight_compute_addr_leaf_reg[15][0]/C
                            (rising edge-triggered cell FDRE clocked by s00_axi_aclk  {rise@0.000ns fall@2.500ns period=5.000ns})
  Destination:            u_my_ip/u_axi4_mapping/u_gemv/GEN_WEIGHT_BANK[3].GEN_WEIGHT_SHARD[3].u_weight_bram_bank/mem_reg_2_bram_2/ADDRARDADDR[3]
                            (rising edge-triggered cell RAMB36E2 clocked by s00_axi_aclk  {rise@0.000ns fall@2.500ns period=5.000ns})
  Path Group:             s00_axi_aclk
  Path Type:              Setup (Max at Slow Process Corner)
  Requirement:            5.000ns  (s00_axi_aclk rise@5.000ns - s00_axi_aclk rise@0.000ns)
  Data Path Delay:        3.232ns  (logic 0.078ns (2.413%)  route 3.154ns (97.587%))
  Logic Levels:           0  
  Clock Path Skew:        0.009ns (DCD - SCD + CPR)
    Destination Clock Delay (DCD):    0.039ns = ( 5.039 - 5.000 ) 
    Source Clock Delay      (SCD):    0.030ns
    Clock Pessimism Removal (CPR):    0.000ns
  Clock Uncertainty:      0.035ns  ((TSJ^2 + TIJ^2)^1/2 + DJ) / 2 + PE
    Total System Jitter     (TSJ):    0.071ns
    Total Input Jitter      (TIJ):    0.000ns
    Discrete Jitter          (DJ):    0.000ns
    Phase Error              (PE):    0.000ns

    Location             Delay type                Incr(ns)  Path(ns)    Netlist Resource(s)
  -------------------------------------------------------------------    -------------------
                         (clock s00_axi_aclk rise edge)
                                                      0.000     0.000 r  
                         propagated clock network latency
                                                      0.030     0.030    
    SLICE_X70Y253        FDRE                         0.000     0.030 r  u_my_ip/u_axi4_mapping/u_gemv/weight_compute_addr_leaf_reg[15][0]/C
    SLICE_X70Y253        FDRE (Prop_HFF2_SLICEM_C_Q)
                                                      0.078     0.108 r  u_my_ip/u_axi4_mapping/u_gemv/weight_compute_addr_leaf_reg[15][0]/Q
                         net (fo=17, routed)          3.154     3.262    u_my_ip/u_axi4_mapping/u_gemv/GEN_WEIGHT_BANK[3].GEN_WEIGHT_SHARD[3].u_weight_bram_bank/out[0]
    RAMB36_X3Y6          RAMB36E2                                     r  u_my_ip/u_axi4_mapping/u_gemv/GEN_WEIGHT_BANK[3].GEN_WEIGHT_SHARD[3].u_weight_bram_bank/mem_reg_2_bram_2/ADDRARDADDR[3]
  -------------------------------------------------------------------    -------------------

                         (clock s00_axi_aclk rise edge)
                                                      5.000     5.000 r  
                         propagated clock network latency
                                                      0.039     5.039    
                         clock pessimism              0.000     5.039    
                         clock uncertainty           -0.035     5.004    
    RAMB36_X3Y6          RAMB36E2 (Setup_RAMB36E2_RAMB36_CLKARDCLK_ADDRARDADDR[3])
                                                     -0.338     4.666    u_my_ip/u_axi4_mapping/u_gemv/GEN_WEIGHT_BANK[3].GEN_WEIGHT_SHARD[3].u_weight_bram_bank/mem_reg_2_bram_2
  -------------------------------------------------------------------
                         required time                          4.666    
                         arrival time                          -3.262    
  -------------------------------------------------------------------
                         slack                                  1.404    

Slack (MET) :             1.417ns  (required time - arrival time)
  Source:                 u_my_ip/u_axi4_mapping/u_gemv/weight_compute_addr_leaf_reg[15][0]/C
                            (rising edge-triggered cell FDRE clocked by s00_axi_aclk  {rise@0.000ns fall@2.500ns period=5.000ns})
  Destination:            u_my_ip/u_axi4_mapping/u_gemv/GEN_WEIGHT_BANK[3].GEN_WEIGHT_SHARD[3].u_weight_bram_bank/mem_reg_1_bram_1/ADDRARDADDR[3]
                            (rising edge-triggered cell RAMB36E2 clocked by s00_axi_aclk  {rise@0.000ns fall@2.500ns period=5.000ns})
  Path Group:             s00_axi_aclk
  Path Type:              Setup (Max at Slow Process Corner)
  Requirement:            5.000ns  (s00_axi_aclk rise@5.000ns - s00_axi_aclk rise@0.000ns)
  Data Path Delay:        3.219ns  (logic 0.078ns (2.423%)  route 3.141ns (97.577%))
  Logic Levels:           0  
  Clock Path Skew:        0.009ns (DCD - SCD + CPR)
    Destination Clock Delay (DCD):    0.039ns = ( 5.039 - 5.000 ) 
    Source Clock Delay      (SCD):    0.030ns
    Clock Pessimism Removal (CPR):    0.000ns
  Clock Uncertainty:      0.035ns  ((TSJ^2 + TIJ^2)^1/2 + DJ) / 2 + PE
    Total System Jitter     (TSJ):    0.071ns
    Total Input Jitter      (TIJ):    0.000ns
    Discrete Jitter          (DJ):    0.000ns
    Phase Error              (PE):    0.000ns

    Location             Delay type                Incr(ns)  Path(ns)    Netlist Resource(s)
  -------------------------------------------------------------------    -------------------
                         (clock s00_axi_aclk rise edge)
                                                      0.000     0.000 r  
                         propagated clock network latency
                                                      0.030     0.030    
    SLICE_X70Y253        FDRE                         0.000     0.030 r  u_my_ip/u_axi4_mapping/u_gemv/weight_compute_addr_leaf_reg[15][0]/C
    SLICE_X70Y253        FDRE (Prop_HFF2_SLICEM_C_Q)
                                                      0.078     0.108 r  u_my_ip/u_axi4_mapping/u_gemv/weight_compute_addr_leaf_reg[15][0]/Q
                         net (fo=17, routed)          3.141     3.249    u_my_ip/u_axi4_mapping/u_gemv/GEN_WEIGHT_BANK[3].GEN_WEIGHT_SHARD[3].u_weight_bram_bank/out[0]
    RAMB36_X1Y5          RAMB36E2                                     r  u_my_ip/u_axi4_mapping/u_gemv/GEN_WEIGHT_BANK[3].GEN_WEIGHT_SHARD[3].u_weight_bram_bank/mem_reg_1_bram_1/ADDRARDADDR[3]
  -------------------------------------------------------------------    -------------------

                         (clock s00_axi_aclk rise edge)
                                                      5.000     5.000 r  
                         propagated clock network latency
                                                      0.039     5.039    
                         clock pessimism              0.000     5.039    
                         clock uncertainty           -0.035     5.004    
    RAMB36_X1Y5          RAMB36E2 (Setup_RAMB36E2_RAMB36_CLKARDCLK_ADDRARDADDR[3])
                                                     -0.338     4.666    u_my_ip/u_axi4_mapping/u_gemv/GEN_WEIGHT_BANK[3].GEN_WEIGHT_SHARD[3].u_weight_bram_bank/mem_reg_1_bram_1
  -------------------------------------------------------------------
                         required time                          4.666    
                         arrival time                          -3.249    
  -------------------------------------------------------------------
                         slack                                  1.417    

Slack (MET) :             1.418ns  (required time - arrival time)
  Source:                 u_my_ip/u_axi4_mapping/u_gemv/weight_compute_addr_leaf_reg[0][8]/C
                            (rising edge-triggered cell FDRE clocked by s00_axi_aclk  {rise@0.000ns fall@2.500ns period=5.000ns})
  Destination:            u_my_ip/u_axi4_mapping/u_gemv/GEN_WEIGHT_BANK[0].GEN_WEIGHT_SHARD[0].u_weight_bram_bank/mem_reg_1_bram_1/ADDRARDADDR[11]
                            (rising edge-triggered cell RAMB36E2 clocked by s00_axi_aclk  {rise@0.000ns fall@2.500ns period=5.000ns})
  Path Group:             s00_axi_aclk
  Path Type:              Setup (Max at Slow Process Corner)
  Requirement:            5.000ns  (s00_axi_aclk rise@5.000ns - s00_axi_aclk rise@0.000ns)
  Data Path Delay:        3.264ns  (logic 0.079ns (2.420%)  route 3.185ns (97.580%))
  Logic Levels:           0  
  Clock Path Skew:        0.011ns (DCD - SCD + CPR)
    Destination Clock Delay (DCD):    0.039ns = ( 5.039 - 5.000 ) 
    Source Clock Delay      (SCD):    0.028ns
    Clock Pessimism Removal (CPR):    0.000ns
  Clock Uncertainty:      0.035ns  ((TSJ^2 + TIJ^2)^1/2 + DJ) / 2 + PE
    Total System Jitter     (TSJ):    0.071ns
    Total Input Jitter      (TIJ):    0.000ns
    Discrete Jitter          (DJ):    0.000ns
    Phase Error              (PE):    0.000ns

    Location             Delay type                Incr(ns)  Path(ns)    Netlist Resource(s)
  -------------------------------------------------------------------    -------------------
                         (clock s00_axi_aclk rise edge)
                                                      0.000     0.000 r  
                         propagated clock network latency
                                                      0.028     0.028    
    SLICE_X98Y254        FDRE                         0.000     0.028 r  u_my_ip/u_axi4_mapping/u_gemv/weight_compute_addr_leaf_reg[0][8]/C
    SLICE_X98Y254        FDRE (Prop_AFF_SLICEL_C_Q)
                                                      0.079     0.107 r  u_my_ip/u_axi4_mapping/u_gemv/weight_compute_addr_leaf_reg[0][8]/Q
                         net (fo=17, routed)          3.185     3.292    u_my_ip/u_axi4_mapping/u_gemv/GEN_WEIGHT_BANK[0].GEN_WEIGHT_SHARD[0].u_weight_bram_bank/out[8]
    RAMB36_X1Y27         RAMB36E2                                     r  u_my_ip/u_axi4_mapping/u_gemv/GEN_WEIGHT_BANK[0].GEN_WEIGHT_SHARD[0].u_weight_bram_bank/mem_reg_1_bram_1/ADDRARDADDR[11]
  -------------------------------------------------------------------    -------------------

                         (clock s00_axi_aclk rise edge)
                                                      5.000     5.000 r  
                         propagated clock network latency
                                                      0.039     5.039    
                         clock pessimism              0.000     5.039    
                         clock uncertainty           -0.035     5.004    
    RAMB36_X1Y27         RAMB36E2 (Setup_RAMB36E2_RAMB36_CLKARDCLK_ADDRARDADDR[11])
                                                     -0.294     4.710    u_my_ip/u_axi4_mapping/u_gemv/GEN_WEIGHT_BANK[0].GEN_WEIGHT_SHARD[0].u_weight_bram_bank/mem_reg_1_bram_1
  -------------------------------------------------------------------
                         required time                          4.710    
                         arrival time                          -3.292    
  -------------------------------------------------------------------
                         slack                                  1.418    

Slack (MET) :             1.422ns  (required time - arrival time)
  Source:                 u_my_ip/u_axi4_mapping/u_gemv/weight_wr_addr_leaf_reg[6][10]/C
                            (rising edge-triggered cell FDRE clocked by s00_axi_aclk  {rise@0.000ns fall@2.500ns period=5.000ns})
  Destination:            u_my_ip/u_axi4_mapping/u_gemv/GEN_WEIGHT_BANK[1].GEN_WEIGHT_SHARD[2].u_weight_bram_bank/mem_reg_1_bram_3/ADDRBWRADDR[13]
                            (rising edge-triggered cell RAMB36E2 clocked by s00_axi_aclk  {rise@0.000ns fall@2.500ns period=5.000ns})
  Path Group:             s00_axi_aclk
  Path Type:              Setup (Max at Slow Process Corner)
  Requirement:            5.000ns  (s00_axi_aclk rise@5.000ns - s00_axi_aclk rise@0.000ns)
  Data Path Delay:        3.264ns  (logic 0.079ns (2.420%)  route 3.185ns (97.580%))
  Logic Levels:           0  
  Clock Path Skew:        0.012ns (DCD - SCD + CPR)
    Destination Clock Delay (DCD):    0.040ns = ( 5.040 - 5.000 ) 
    Source Clock Delay      (SCD):    0.028ns
    Clock Pessimism Removal (CPR):    0.000ns
  Clock Uncertainty:      0.035ns  ((TSJ^2 + TIJ^2)^1/2 + DJ) / 2 + PE
    Total System Jitter     (TSJ):    0.071ns
    Total Input Jitter      (TIJ):    0.000ns
    Discrete Jitter          (DJ):    0.000ns
    Phase Error              (PE):    0.000ns

    Location             Delay type                Incr(ns)  Path(ns)    Netlist Resource(s)
  -------------------------------------------------------------------    -------------------
                         (clock s00_axi_aclk rise edge)
                                                      0.000     0.000 r  
                         propagated clock network latency
                                                      0.028     0.028    
    SLICE_X69Y207        FDRE                         0.000     0.028 r  u_my_ip/u_axi4_mapping/u_gemv/weight_wr_addr_leaf_reg[6][10]/C
    SLICE_X69Y207        FDRE (Prop_AFF_SLICEL_C_Q)
                                                      0.079     0.107 r  u_my_ip/u_axi4_mapping/u_gemv/weight_wr_addr_leaf_reg[6][10]/Q
                         net (fo=16, routed)          3.185     3.292    u_my_ip/u_axi4_mapping/u_gemv/GEN_WEIGHT_BANK[1].GEN_WEIGHT_SHARD[2].u_weight_bram_bank/mem_reg_0_bram_0_0[10]
    RAMB36_X4Y35         RAMB36E2                                     r  u_my_ip/u_axi4_mapping/u_gemv/GEN_WEIGHT_BANK[1].GEN_WEIGHT_SHARD[2].u_weight_bram_bank/mem_reg_1_bram_3/ADDRBWRADDR[13]
  -------------------------------------------------------------------    -------------------

                         (clock s00_axi_aclk rise edge)
                                                      5.000     5.000 r  
                         propagated clock network latency
                                                      0.040     5.040    
                         clock pessimism              0.000     5.040    
                         clock uncertainty           -0.035     5.005    
    RAMB36_X4Y35         RAMB36E2 (Setup_RAMB36E2_RAMB36_CLKBWRCLK_ADDRBWRADDR[13])
                                                     -0.290     4.715    u_my_ip/u_axi4_mapping/u_gemv/GEN_WEIGHT_BANK[1].GEN_WEIGHT_SHARD[2].u_weight_bram_bank/mem_reg_1_bram_3
  -------------------------------------------------------------------
                         required time                          4.715    
                         arrival time                          -3.292    
  -------------------------------------------------------------------
                         slack                                  1.422    

Slack (MET) :             1.428ns  (required time - arrival time)
  Source:                 u_my_ip/u_axi4_mapping/u_gemv/weight_wr_addr_leaf_reg[6][11]/C
                            (rising edge-triggered cell FDRE clocked by s00_axi_aclk  {rise@0.000ns fall@2.500ns period=5.000ns})
  Destination:            u_my_ip/u_axi4_mapping/u_gemv/GEN_WEIGHT_BANK[1].GEN_WEIGHT_SHARD[2].u_weight_bram_bank/mem_reg_1_bram_0/ADDRBWRADDR[14]
                            (rising edge-triggered cell RAMB36E2 clocked by s00_axi_aclk  {rise@0.000ns fall@2.500ns period=5.000ns})
  Path Group:             s00_axi_aclk
  Path Type:              Setup (Max at Slow Process Corner)
  Requirement:            5.000ns  (s00_axi_aclk rise@5.000ns - s00_axi_aclk rise@0.000ns)
  Data Path Delay:        3.220ns  (logic 0.081ns (2.516%)  route 3.139ns (97.484%))
  Logic Levels:           0  
  Clock Path Skew:        0.012ns (DCD - SCD + CPR)
    Destination Clock Delay (DCD):    0.040ns = ( 5.040 - 5.000 ) 
    Source Clock Delay      (SCD):    0.028ns
    Clock Pessimism Removal (CPR):    0.000ns
  Clock Uncertainty:      0.035ns  ((TSJ^2 + TIJ^2)^1/2 + DJ) / 2 + PE
    Total System Jitter     (TSJ):    0.071ns
    Total Input Jitter      (TIJ):    0.000ns
    Discrete Jitter          (DJ):    0.000ns
    Phase Error              (PE):    0.000ns

    Location             Delay type                Incr(ns)  Path(ns)    Netlist Resource(s)
  -------------------------------------------------------------------    -------------------
                         (clock s00_axi_aclk rise edge)
                                                      0.000     0.000 r  
                         propagated clock network latency
                                                      0.028     0.028    
    SLICE_X69Y207        FDRE                         0.000     0.028 r  u_my_ip/u_axi4_mapping/u_gemv/weight_wr_addr_leaf_reg[6][11]/C
    SLICE_X69Y207        FDRE (Prop_AFF2_SLICEL_C_Q)
                                                      0.081     0.109 r  u_my_ip/u_axi4_mapping/u_gemv/weight_wr_addr_leaf_reg[6][11]/Q
                         net (fo=16, routed)          3.139     3.248    u_my_ip/u_axi4_mapping/u_gemv/GEN_WEIGHT_BANK[1].GEN_WEIGHT_SHARD[2].u_weight_bram_bank/mem_reg_0_bram_0_0[11]
    RAMB36_X4Y32         RAMB36E2                                     r  u_my_ip/u_axi4_mapping/u_gemv/GEN_WEIGHT_BANK[1].GEN_WEIGHT_SHARD[2].u_weight_bram_bank/mem_reg_1_bram_0/ADDRBWRADDR[14]
  -------------------------------------------------------------------    -------------------

                         (clock s00_axi_aclk rise edge)
                                                      5.000     5.000 r  
                         propagated clock network latency
                                                      0.040     5.040    
                         clock pessimism              0.000     5.040    
                         clock uncertainty           -0.035     5.005    
    RAMB36_X4Y32         RAMB36E2 (Setup_RAMB36E2_RAMB36_CLKBWRCLK_ADDRBWRADDR[14])
                                                     -0.329     4.676    u_my_ip/u_axi4_mapping/u_gemv/GEN_WEIGHT_BANK[1].GEN_WEIGHT_SHARD[2].u_weight_bram_bank/mem_reg_1_bram_0
  -------------------------------------------------------------------
                         required time                          4.676    
                         arrival time                          -3.248    
  -------------------------------------------------------------------
                         slack                                  1.428    

Slack (MET) :             1.430ns  (required time - arrival time)
  Source:                 u_my_ip/u_axi4_mapping/u_gemv/weight_wr_addr_leaf_reg[0][11]/C
                            (rising edge-triggered cell FDRE clocked by s00_axi_aclk  {rise@0.000ns fall@2.500ns period=5.000ns})
  Destination:            u_my_ip/u_axi4_mapping/u_gemv/GEN_WEIGHT_BANK[0].GEN_WEIGHT_SHARD[0].u_weight_bram_bank/mem_reg_1_bram_1/ADDRBWRADDR[14]
                            (rising edge-triggered cell RAMB36E2 clocked by s00_axi_aclk  {rise@0.000ns fall@2.500ns period=5.000ns})
  Path Group:             s00_axi_aclk
  Path Type:              Setup (Max at Slow Process Corner)
  Requirement:            5.000ns  (s00_axi_aclk rise@5.000ns - s00_axi_aclk rise@0.000ns)
  Data Path Delay:        3.216ns  (logic 0.080ns (2.488%)  route 3.136ns (97.512%))
  Logic Levels:           0  
  Clock Path Skew:        0.010ns (DCD - SCD + CPR)
    Destination Clock Delay (DCD):    0.040ns = ( 5.040 - 5.000 ) 
    Source Clock Delay      (SCD):    0.030ns
    Clock Pessimism Removal (CPR):    0.000ns
  Clock Uncertainty:      0.035ns  ((TSJ^2 + TIJ^2)^1/2 + DJ) / 2 + PE
    Total System Jitter     (TSJ):    0.071ns
    Total Input Jitter      (TIJ):    0.000ns
    Discrete Jitter          (DJ):    0.000ns
    Phase Error              (PE):    0.000ns

    Location             Delay type                Incr(ns)  Path(ns)    Netlist Resource(s)
  -------------------------------------------------------------------    -------------------
                         (clock s00_axi_aclk rise edge)
                                                      0.000     0.000 r  
                         propagated clock network latency
                                                      0.030     0.030    
    SLICE_X71Y235        FDRE                         0.000     0.030 r  u_my_ip/u_axi4_mapping/u_gemv/weight_wr_addr_leaf_reg[0][11]/C
    SLICE_X71Y235        FDRE (Prop_AFF2_SLICEM_C_Q)
                                                      0.080     0.110 r  u_my_ip/u_axi4_mapping/u_gemv/weight_wr_addr_leaf_reg[0][11]/Q
                         net (fo=16, routed)          3.136     3.246    u_my_ip/u_axi4_mapping/u_gemv/GEN_WEIGHT_BANK[0].GEN_WEIGHT_SHARD[0].u_weight_bram_bank/mem_reg_0_bram_0_0[11]
    RAMB36_X1Y27         RAMB36E2                                     r  u_my_ip/u_axi4_mapping/u_gemv/GEN_WEIGHT_BANK[0].GEN_WEIGHT_SHARD[0].u_weight_bram_bank/mem_reg_1_bram_1/ADDRBWRADDR[14]
  -------------------------------------------------------------------    -------------------

                         (clock s00_axi_aclk rise edge)
                                                      5.000     5.000 r  
                         propagated clock network latency
                                                      0.040     5.040    
                         clock pessimism              0.000     5.040    
                         clock uncertainty           -0.035     5.005    
    RAMB36_X1Y27         RAMB36E2 (Setup_RAMB36E2_RAMB36_CLKBWRCLK_ADDRBWRADDR[14])
                                                     -0.329     4.676    u_my_ip/u_axi4_mapping/u_gemv/GEN_WEIGHT_BANK[0].GEN_WEIGHT_SHARD[0].u_weight_bram_bank/mem_reg_1_bram_1
  -------------------------------------------------------------------
                         required time                          4.676    
                         arrival time                          -3.246    
  -------------------------------------------------------------------
                         slack                                  1.430    

Slack (MET) :             1.430ns  (required time - arrival time)
  Source:                 u_my_ip/u_axi4_mapping/u_gemv/weight_compute_addr_leaf_reg[0][2]/C
                            (rising edge-triggered cell FDRE clocked by s00_axi_aclk  {rise@0.000ns fall@2.500ns period=5.000ns})
  Destination:            u_my_ip/u_axi4_mapping/u_gemv/GEN_WEIGHT_BANK[0].GEN_WEIGHT_SHARD[0].u_weight_bram_bank/mem_reg_1_bram_2/ADDRARDADDR[5]
                            (rising edge-triggered cell RAMB36E2 clocked by s00_axi_aclk  {rise@0.000ns fall@2.500ns period=5.000ns})
  Path Group:             s00_axi_aclk
  Path Type:              Setup (Max at Slow Process Corner)
  Requirement:            5.000ns  (s00_axi_aclk rise@5.000ns - s00_axi_aclk rise@0.000ns)
  Data Path Delay:        3.193ns  (logic 0.079ns (2.474%)  route 3.114ns (97.526%))
  Logic Levels:           0  
  Clock Path Skew:        0.011ns (DCD - SCD + CPR)
    Destination Clock Delay (DCD):    0.039ns = ( 5.039 - 5.000 ) 
    Source Clock Delay      (SCD):    0.028ns
    Clock Pessimism Removal (CPR):    0.000ns
  Clock Uncertainty:      0.035ns  ((TSJ^2 + TIJ^2)^1/2 + DJ) / 2 + PE
    Total System Jitter     (TSJ):    0.071ns
    Total Input Jitter      (TIJ):    0.000ns
    Discrete Jitter          (DJ):    0.000ns
    Phase Error              (PE):    0.000ns

    Location             Delay type                Incr(ns)  Path(ns)    Netlist Resource(s)
  -------------------------------------------------------------------    -------------------
                         (clock s00_axi_aclk rise edge)
                                                      0.000     0.000 r  
                         propagated clock network latency
                                                      0.028     0.028    
    SLICE_X98Y247        FDRE                         0.000     0.028 r  u_my_ip/u_axi4_mapping/u_gemv/weight_compute_addr_leaf_reg[0][2]/C
    SLICE_X98Y247        FDRE (Prop_CFF_SLICEL_C_Q)
                                                      0.079     0.107 r  u_my_ip/u_axi4_mapping/u_gemv/weight_compute_addr_leaf_reg[0][2]/Q
                         net (fo=17, routed)          3.114     3.221    u_my_ip/u_axi4_mapping/u_gemv/GEN_WEIGHT_BANK[0].GEN_WEIGHT_SHARD[0].u_weight_bram_bank/out[2]
    RAMB36_X1Y28         RAMB36E2                                     r  u_my_ip/u_axi4_mapping/u_gemv/GEN_WEIGHT_BANK[0].GEN_WEIGHT_SHARD[0].u_weight_bram_bank/mem_reg_1_bram_2/ADDRARDADDR[5]
  -------------------------------------------------------------------    -------------------

                         (clock s00_axi_aclk rise edge)
                                                      5.000     5.000 r  
                         propagated clock network latency
                                                      0.039     5.039    
                         clock pessimism              0.000     5.039    
                         clock uncertainty           -0.035     5.004    
    RAMB36_X1Y28         RAMB36E2 (Setup_RAMB36E2_RAMB36_CLKARDCLK_ADDRARDADDR[5])
                                                     -0.352     4.652    u_my_ip/u_axi4_mapping/u_gemv/GEN_WEIGHT_BANK[0].GEN_WEIGHT_SHARD[0].u_weight_bram_bank/mem_reg_1_bram_2
  -------------------------------------------------------------------
                         required time                          4.652    
                         arrival time                          -3.221    
  -------------------------------------------------------------------
                         slack                                  1.430    

Slack (MET) :             1.437ns  (required time - arrival time)
  Source:                 u_my_ip/u_axi4_mapping/u_gemv/weight_wr_addr_leaf_reg[0][8]/C
                            (rising edge-triggered cell FDRE clocked by s00_axi_aclk  {rise@0.000ns fall@2.500ns period=5.000ns})
  Destination:            u_my_ip/u_axi4_mapping/u_gemv/GEN_WEIGHT_BANK[0].GEN_WEIGHT_SHARD[0].u_weight_bram_bank/mem_reg_1_bram_1/ADDRBWRADDR[11]
                            (rising edge-triggered cell RAMB36E2 clocked by s00_axi_aclk  {rise@0.000ns fall@2.500ns period=5.000ns})
  Path Group:             s00_axi_aclk
  Path Type:              Setup (Max at Slow Process Corner)
  Requirement:            5.000ns  (s00_axi_aclk rise@5.000ns - s00_axi_aclk rise@0.000ns)
  Data Path Delay:        3.235ns  (logic 0.078ns (2.411%)  route 3.157ns (97.589%))
  Logic Levels:           0  
  Clock Path Skew:        0.010ns (DCD - SCD + CPR)
    Destination Clock Delay (DCD):    0.040ns = ( 5.040 - 5.000 ) 
    Source Clock Delay      (SCD):    0.030ns
    Clock Pessimism Removal (CPR):    0.000ns
  Clock Uncertainty:      0.035ns  ((TSJ^2 + TIJ^2)^1/2 + DJ) / 2 + PE
    Total System Jitter     (TSJ):    0.071ns
    Total Input Jitter      (TIJ):    0.000ns
    Discrete Jitter          (DJ):    0.000ns
    Phase Error              (PE):    0.000ns

    Location             Delay type                Incr(ns)  Path(ns)    Netlist Resource(s)
  -------------------------------------------------------------------    -------------------
                         (clock s00_axi_aclk rise edge)
                                                      0.000     0.000 r  
                         propagated clock network latency
                                                      0.030     0.030    
    SLICE_X71Y235        FDRE                         0.000     0.030 r  u_my_ip/u_axi4_mapping/u_gemv/weight_wr_addr_leaf_reg[0][8]/C
    SLICE_X71Y235        FDRE (Prop_BFF_SLICEM_C_Q)
                                                      0.078     0.108 r  u_my_ip/u_axi4_mapping/u_gemv/weight_wr_addr_leaf_reg[0][8]/Q
                         net (fo=16, routed)          3.157     3.265    u_my_ip/u_axi4_mapping/u_gemv/GEN_WEIGHT_BANK[0].GEN_WEIGHT_SHARD[0].u_weight_bram_bank/mem_reg_0_bram_0_0[8]
    RAMB36_X1Y27         RAMB36E2                                     r  u_my_ip/u_axi4_mapping/u_gemv/GEN_WEIGHT_BANK[0].GEN_WEIGHT_SHARD[0].u_weight_bram_bank/mem_reg_1_bram_1/ADDRBWRADDR[11]
  -------------------------------------------------------------------    -------------------

                         (clock s00_axi_aclk rise edge)
                                                      5.000     5.000 r  
                         propagated clock network latency
                                                      0.040     5.040    
                         clock pessimism              0.000     5.040    
                         clock uncertainty           -0.035     5.005    
    RAMB36_X1Y27         RAMB36E2 (Setup_RAMB36E2_RAMB36_CLKBWRCLK_ADDRBWRADDR[11])
                                                     -0.303     4.702    u_my_ip/u_axi4_mapping/u_gemv/GEN_WEIGHT_BANK[0].GEN_WEIGHT_SHARD[0].u_weight_bram_bank/mem_reg_1_bram_1
  -------------------------------------------------------------------
                         required time                          4.702    
                         arrival time                          -3.265    
  -------------------------------------------------------------------
                         slack                                  1.437    

Slack (MET) :             1.452ns  (required time - arrival time)
  Source:                 u_my_ip/u_axi4_mapping/u_gemv/weight_wr_addr_leaf_reg[6][1]/C
                            (rising edge-triggered cell FDRE clocked by s00_axi_aclk  {rise@0.000ns fall@2.500ns period=5.000ns})
  Destination:            u_my_ip/u_axi4_mapping/u_gemv/GEN_WEIGHT_BANK[1].GEN_WEIGHT_SHARD[2].u_weight_bram_bank/mem_reg_2_bram_3/ADDRBWRADDR[4]
                            (rising edge-triggered cell RAMB36E2 clocked by s00_axi_aclk  {rise@0.000ns fall@2.500ns period=5.000ns})
  Path Group:             s00_axi_aclk
  Path Type:              Setup (Max at Slow Process Corner)
  Requirement:            5.000ns  (s00_axi_aclk rise@5.000ns - s00_axi_aclk rise@0.000ns)
  Data Path Delay:        3.181ns  (logic 0.081ns (2.547%)  route 3.100ns (97.453%))
  Logic Levels:           0  
  Clock Path Skew:        0.011ns (DCD - SCD + CPR)
    Destination Clock Delay (DCD):    0.040ns = ( 5.040 - 5.000 ) 
    Source Clock Delay      (SCD):    0.029ns
    Clock Pessimism Removal (CPR):    0.000ns
  Clock Uncertainty:      0.035ns  ((TSJ^2 + TIJ^2)^1/2 + DJ) / 2 + PE
    Total System Jitter     (TSJ):    0.071ns
    Total Input Jitter      (TIJ):    0.000ns
    Discrete Jitter          (DJ):    0.000ns
    Phase Error              (PE):    0.000ns

    Location             Delay type                Incr(ns)  Path(ns)    Netlist Resource(s)
  -------------------------------------------------------------------    -------------------
                         (clock s00_axi_aclk rise edge)
                                                      0.000     0.000 r  
                         propagated clock network latency
                                                      0.029     0.029    
    SLICE_X69Y207        FDRE                         0.000     0.029 r  u_my_ip/u_axi4_mapping/u_gemv/weight_wr_addr_leaf_reg[6][1]/C
    SLICE_X69Y207        FDRE (Prop_EFF2_SLICEL_C_Q)
                                                      0.081     0.110 r  u_my_ip/u_axi4_mapping/u_gemv/weight_wr_addr_leaf_reg[6][1]/Q
                         net (fo=16, routed)          3.100     3.210    u_my_ip/u_axi4_mapping/u_gemv/GEN_WEIGHT_BANK[1].GEN_WEIGHT_SHARD[2].u_weight_bram_bank/mem_reg_0_bram_0_0[1]
    RAMB36_X4Y51         RAMB36E2                                     r  u_my_ip/u_axi4_mapping/u_gemv/GEN_WEIGHT_BANK[1].GEN_WEIGHT_SHARD[2].u_weight_bram_bank/mem_reg_2_bram_3/ADDRBWRADDR[4]
  -------------------------------------------------------------------    -------------------

                         (clock s00_axi_aclk rise edge)
                                                      5.000     5.000 r  
                         propagated clock network latency
                                                      0.040     5.040    
                         clock pessimism              0.000     5.040    
                         clock uncertainty           -0.035     5.005    
    RAMB36_X4Y51         RAMB36E2 (Setup_RAMB36E2_RAMB36_CLKBWRCLK_ADDRBWRADDR[4])
                                                     -0.343     4.662    u_my_ip/u_axi4_mapping/u_gemv/GEN_WEIGHT_BANK[1].GEN_WEIGHT_SHARD[2].u_weight_bram_bank/mem_reg_2_bram_3
  -------------------------------------------------------------------
                         required time                          4.662    
                         arrival time                          -3.210    
  -------------------------------------------------------------------
                         slack                                  1.452    

Slack (MET) :             1.460ns  (required time - arrival time)
  Source:                 u_my_ip/u_axi4_mapping/u_gemv/weight_compute_addr_leaf_reg[0][8]/C
                            (rising edge-triggered cell FDRE clocked by s00_axi_aclk  {rise@0.000ns fall@2.500ns period=5.000ns})
  Destination:            u_my_ip/u_axi4_mapping/u_gemv/GEN_WEIGHT_BANK[0].GEN_WEIGHT_SHARD[0].u_weight_bram_bank/mem_reg_1_bram_0/ADDRARDADDR[11]
                            (rising edge-triggered cell RAMB36E2 clocked by s00_axi_aclk  {rise@0.000ns fall@2.500ns period=5.000ns})
  Path Group:             s00_axi_aclk
  Path Type:              Setup (Max at Slow Process Corner)
  Requirement:            5.000ns  (s00_axi_aclk rise@5.000ns - s00_axi_aclk rise@0.000ns)
  Data Path Delay:        3.222ns  (logic 0.079ns (2.452%)  route 3.143ns (97.548%))
  Logic Levels:           0  
  Clock Path Skew:        0.011ns (DCD - SCD + CPR)
    Destination Clock Delay (DCD):    0.039ns = ( 5.039 - 5.000 ) 
    Source Clock Delay      (SCD):    0.028ns
    Clock Pessimism Removal (CPR):    0.000ns
  Clock Uncertainty:      0.035ns  ((TSJ^2 + TIJ^2)^1/2 + DJ) / 2 + PE
    Total System Jitter     (TSJ):    0.071ns
    Total Input Jitter      (TIJ):    0.000ns
    Discrete Jitter          (DJ):    0.000ns
    Phase Error              (PE):    0.000ns

    Location             Delay type                Incr(ns)  Path(ns)    Netlist Resource(s)
  -------------------------------------------------------------------    -------------------
                         (clock s00_axi_aclk rise edge)
                                                      0.000     0.000 r  
                         propagated clock network latency
                                                      0.028     0.028    
    SLICE_X98Y254        FDRE                         0.000     0.028 r  u_my_ip/u_axi4_mapping/u_gemv/weight_compute_addr_leaf_reg[0][8]/C
    SLICE_X98Y254        FDRE (Prop_AFF_SLICEL_C_Q)
                                                      0.079     0.107 r  u_my_ip/u_axi4_mapping/u_gemv/weight_compute_addr_leaf_reg[0][8]/Q
                         net (fo=17, routed)          3.143     3.250    u_my_ip/u_axi4_mapping/u_gemv/GEN_WEIGHT_BANK[0].GEN_WEIGHT_SHARD[0].u_weight_bram_bank/out[8]
    RAMB36_X1Y26         RAMB36E2                                     r  u_my_ip/u_axi4_mapping/u_gemv/GEN_WEIGHT_BANK[0].GEN_WEIGHT_SHARD[0].u_weight_bram_bank/mem_reg_1_bram_0/ADDRARDADDR[11]
  -------------------------------------------------------------------    -------------------

                         (clock s00_axi_aclk rise edge)
                                                      5.000     5.000 r  
                         propagated clock network latency
                                                      0.039     5.039    
                         clock pessimism              0.000     5.039    
                         clock uncertainty           -0.035     5.004    
    RAMB36_X1Y26         RAMB36E2 (Setup_RAMB36E2_RAMB36_CLKARDCLK_ADDRARDADDR[11])
                                                     -0.294     4.710    u_my_ip/u_axi4_mapping/u_gemv/GEN_WEIGHT_BANK[0].GEN_WEIGHT_SHARD[0].u_weight_bram_bank/mem_reg_1_bram_0
  -------------------------------------------------------------------
                         required time                          4.710    
                         arrival time                          -3.250    
  -------------------------------------------------------------------
                         slack                                  1.460    

Slack (MET) :             1.462ns  (required time - arrival time)
  Source:                 u_my_ip/u_axi4_mapping/u_gemv/weight_wr_addr_leaf_reg[6][2]/C
                            (rising edge-triggered cell FDRE clocked by s00_axi_aclk  {rise@0.000ns fall@2.500ns period=5.000ns})
  Destination:            u_my_ip/u_axi4_mapping/u_gemv/GEN_WEIGHT_BANK[1].GEN_WEIGHT_SHARD[2].u_weight_bram_bank/mem_reg_1_bram_0/ADDRBWRADDR[5]
                            (rising edge-triggered cell RAMB36E2 clocked by s00_axi_aclk  {rise@0.000ns fall@2.500ns period=5.000ns})
  Path Group:             s00_axi_aclk
  Path Type:              Setup (Max at Slow Process Corner)
  Requirement:            5.000ns  (s00_axi_aclk rise@5.000ns - s00_axi_aclk rise@0.000ns)
  Data Path Delay:        3.151ns  (logic 0.079ns (2.507%)  route 3.072ns (97.493%))
  Logic Levels:           0  
  Clock Path Skew:        0.011ns (DCD - SCD + CPR)
    Destination Clock Delay (DCD):    0.040ns = ( 5.040 - 5.000 ) 
    Source Clock Delay      (SCD):    0.029ns
    Clock Pessimism Removal (CPR):    0.000ns
  Clock Uncertainty:      0.035ns  ((TSJ^2 + TIJ^2)^1/2 + DJ) / 2 + PE
    Total System Jitter     (TSJ):    0.071ns
    Total Input Jitter      (TIJ):    0.000ns
    Discrete Jitter          (DJ):    0.000ns
    Phase Error              (PE):    0.000ns

    Location             Delay type                Incr(ns)  Path(ns)    Netlist Resource(s)
  -------------------------------------------------------------------    -------------------
                         (clock s00_axi_aclk rise edge)
                                                      0.000     0.000 r  
                         propagated clock network latency
                                                      0.029     0.029    
    SLICE_X69Y207        FDRE                         0.000     0.029 r  u_my_ip/u_axi4_mapping/u_gemv/weight_wr_addr_leaf_reg[6][2]/C
    SLICE_X69Y207        FDRE (Prop_FFF_SLICEL_C_Q)
                                                      0.079     0.108 r  u_my_ip/u_axi4_mapping/u_gemv/weight_wr_addr_leaf_reg[6][2]/Q
                         net (fo=16, routed)          3.072     3.180    u_my_ip/u_axi4_mapping/u_gemv/GEN_WEIGHT_BANK[1].GEN_WEIGHT_SHARD[2].u_weight_bram_bank/mem_reg_0_bram_0_0[2]
    RAMB36_X4Y32         RAMB36E2                                     r  u_my_ip/u_axi4_mapping/u_gemv/GEN_WEIGHT_BANK[1].GEN_WEIGHT_SHARD[2].u_weight_bram_bank/mem_reg_1_bram_0/ADDRBWRADDR[5]
  -------------------------------------------------------------------    -------------------

                         (clock s00_axi_aclk rise edge)
                                                      5.000     5.000 r  
                         propagated clock network latency
                                                      0.040     5.040    
                         clock pessimism              0.000     5.040    
                         clock uncertainty           -0.035     5.005    
    RAMB36_X4Y32         RAMB36E2 (Setup_RAMB36E2_RAMB36_CLKBWRCLK_ADDRBWRADDR[5])
                                                     -0.362     4.643    u_my_ip/u_axi4_mapping/u_gemv/GEN_WEIGHT_BANK[1].GEN_WEIGHT_SHARD[2].u_weight_bram_bank/mem_reg_1_bram_0
  -------------------------------------------------------------------
                         required time                          4.643    
                         arrival time                          -3.180    
  -------------------------------------------------------------------
                         slack                                  1.462    

Slack (MET) :             1.484ns  (required time - arrival time)
  Source:                 u_my_ip/u_axi4_mapping/u_gemv/weight_compute_addr_leaf_reg[0][8]/C
                            (rising edge-triggered cell FDRE clocked by s00_axi_aclk  {rise@0.000ns fall@2.500ns period=5.000ns})
  Destination:            u_my_ip/u_axi4_mapping/u_gemv/GEN_WEIGHT_BANK[0].GEN_WEIGHT_SHARD[0].u_weight_bram_bank/mem_reg_1_bram_3/ADDRARDADDR[11]
                            (rising edge-triggered cell RAMB36E2 clocked by s00_axi_aclk  {rise@0.000ns fall@2.500ns period=5.000ns})
  Path Group:             s00_axi_aclk
  Path Type:              Setup (Max at Slow Process Corner)
  Requirement:            5.000ns  (s00_axi_aclk rise@5.000ns - s00_axi_aclk rise@0.000ns)
  Data Path Delay:        3.198ns  (logic 0.079ns (2.471%)  route 3.119ns (97.529%))
  Logic Levels:           0  
  Clock Path Skew:        0.011ns (DCD - SCD + CPR)
    Destination Clock Delay (DCD):    0.039ns = ( 5.039 - 5.000 ) 
    Source Clock Delay      (SCD):    0.028ns
    Clock Pessimism Removal (CPR):    0.000ns
  Clock Uncertainty:      0.035ns  ((TSJ^2 + TIJ^2)^1/2 + DJ) / 2 + PE
    Total System Jitter     (TSJ):    0.071ns
    Total Input Jitter      (TIJ):    0.000ns
    Discrete Jitter          (DJ):    0.000ns
    Phase Error              (PE):    0.000ns

    Location             Delay type                Incr(ns)  Path(ns)    Netlist Resource(s)
  -------------------------------------------------------------------    -------------------
                         (clock s00_axi_aclk rise edge)
                                                      0.000     0.000 r  
                         propagated clock network latency
                                                      0.028     0.028    
    SLICE_X98Y254        FDRE                         0.000     0.028 r  u_my_ip/u_axi4_mapping/u_gemv/weight_compute_addr_leaf_reg[0][8]/C
    SLICE_X98Y254        FDRE (Prop_AFF_SLICEL_C_Q)
                                                      0.079     0.107 r  u_my_ip/u_axi4_mapping/u_gemv/weight_compute_addr_leaf_reg[0][8]/Q
                         net (fo=17, routed)          3.119     3.226    u_my_ip/u_axi4_mapping/u_gemv/GEN_WEIGHT_BANK[0].GEN_WEIGHT_SHARD[0].u_weight_bram_bank/out[8]
    RAMB36_X1Y29         RAMB36E2                                     r  u_my_ip/u_axi4_mapping/u_gemv/GEN_WEIGHT_BANK[0].GEN_WEIGHT_SHARD[0].u_weight_bram_bank/mem_reg_1_bram_3/ADDRARDADDR[11]
  -------------------------------------------------------------------    -------------------

                         (clock s00_axi_aclk rise edge)
                                                      5.000     5.000 r  
                         propagated clock network latency
                                                      0.039     5.039    
                         clock pessimism              0.000     5.039    
                         clock uncertainty           -0.035     5.004    
    RAMB36_X1Y29         RAMB36E2 (Setup_RAMB36E2_RAMB36_CLKARDCLK_ADDRARDADDR[11])
                                                     -0.294     4.710    u_my_ip/u_axi4_mapping/u_gemv/GEN_WEIGHT_BANK[0].GEN_WEIGHT_SHARD[0].u_weight_bram_bank/mem_reg_1_bram_3
  -------------------------------------------------------------------
                         required time                          4.710    
                         arrival time                          -3.226    
  -------------------------------------------------------------------
                         slack                                  1.484    

Slack (MET) :             1.484ns  (required time - arrival time)
  Source:                 u_my_ip/u_axi4_mapping/u_gemv/weight_compute_addr_leaf_reg[0][1]/C
                            (rising edge-triggered cell FDRE clocked by s00_axi_aclk  {rise@0.000ns fall@2.500ns period=5.000ns})
  Destination:            u_my_ip/u_axi4_mapping/u_gemv/GEN_WEIGHT_BANK[0].GEN_WEIGHT_SHARD[0].u_weight_bram_bank/mem_reg_1_bram_1/ADDRARDADDR[4]
                            (rising edge-triggered cell RAMB36E2 clocked by s00_axi_aclk  {rise@0.000ns fall@2.500ns period=5.000ns})
  Path Group:             s00_axi_aclk
  Path Type:              Setup (Max at Slow Process Corner)
  Requirement:            5.000ns  (s00_axi_aclk rise@5.000ns - s00_axi_aclk rise@0.000ns)
  Data Path Delay:        3.155ns  (logic 0.079ns (2.504%)  route 3.076ns (97.496%))
  Logic Levels:           0  
  Clock Path Skew:        0.011ns (DCD - SCD + CPR)
    Destination Clock Delay (DCD):    0.039ns = ( 5.039 - 5.000 ) 
    Source Clock Delay      (SCD):    0.028ns
    Clock Pessimism Removal (CPR):    0.000ns
  Clock Uncertainty:      0.035ns  ((TSJ^2 + TIJ^2)^1/2 + DJ) / 2 + PE
    Total System Jitter     (TSJ):    0.071ns
    Total Input Jitter      (TIJ):    0.000ns
    Discrete Jitter          (DJ):    0.000ns
    Phase Error              (PE):    0.000ns

    Location             Delay type                Incr(ns)  Path(ns)    Netlist Resource(s)
  -------------------------------------------------------------------    -------------------
                         (clock s00_axi_aclk rise edge)
                                                      0.000     0.000 r  
                         propagated clock network latency
                                                      0.028     0.028    
    SLICE_X98Y247        FDRE                         0.000     0.028 r  u_my_ip/u_axi4_mapping/u_gemv/weight_compute_addr_leaf_reg[0][1]/C
    SLICE_X98Y247        FDRE (Prop_DFF_SLICEL_C_Q)
                                                      0.079     0.107 r  u_my_ip/u_axi4_mapping/u_gemv/weight_compute_addr_leaf_reg[0][1]/Q
                         net (fo=17, routed)          3.076     3.183    u_my_ip/u_axi4_mapping/u_gemv/GEN_WEIGHT_BANK[0].GEN_WEIGHT_SHARD[0].u_weight_bram_bank/out[1]
    RAMB36_X1Y27         RAMB36E2                                     r  u_my_ip/u_axi4_mapping/u_gemv/GEN_WEIGHT_BANK[0].GEN_WEIGHT_SHARD[0].u_weight_bram_bank/mem_reg_1_bram_1/ADDRARDADDR[4]
  -------------------------------------------------------------------    -------------------

                         (clock s00_axi_aclk rise edge)
                                                      5.000     5.000 r  
                         propagated clock network latency
                                                      0.039     5.039    
                         clock pessimism              0.000     5.039    
                         clock uncertainty           -0.035     5.004    
    RAMB36_X1Y27         RAMB36E2 (Setup_RAMB36E2_RAMB36_CLKARDCLK_ADDRARDADDR[4])
                                                     -0.337     4.667    u_my_ip/u_axi4_mapping/u_gemv/GEN_WEIGHT_BANK[0].GEN_WEIGHT_SHARD[0].u_weight_bram_bank/mem_reg_1_bram_1
  -------------------------------------------------------------------
                         required time                          4.667    
                         arrival time                          -3.183    
  -------------------------------------------------------------------
                         slack                                  1.484    

Slack (MET) :             1.485ns  (required time - arrival time)
  Source:                 u_my_ip/u_axi4_mapping/u_gemv/weight_wr_addr_leaf_reg[0][11]/C
                            (rising edge-triggered cell FDRE clocked by s00_axi_aclk  {rise@0.000ns fall@2.500ns period=5.000ns})
  Destination:            u_my_ip/u_axi4_mapping/u_gemv/GEN_WEIGHT_BANK[0].GEN_WEIGHT_SHARD[0].u_weight_bram_bank/mem_reg_1_bram_3/ADDRBWRADDR[14]
                            (rising edge-triggered cell RAMB36E2 clocked by s00_axi_aclk  {rise@0.000ns fall@2.500ns period=5.000ns})
  Path Group:             s00_axi_aclk
  Path Type:              Setup (Max at Slow Process Corner)
  Requirement:            5.000ns  (s00_axi_aclk rise@5.000ns - s00_axi_aclk rise@0.000ns)
  Data Path Delay:        3.161ns  (logic 0.080ns (2.531%)  route 3.081ns (97.469%))
  Logic Levels:           0  
  Clock Path Skew:        0.010ns (DCD - SCD + CPR)
    Destination Clock Delay (DCD):    0.040ns = ( 5.040 - 5.000 ) 
    Source Clock Delay      (SCD):    0.030ns
    Clock Pessimism Removal (CPR):    0.000ns
  Clock Uncertainty:      0.035ns  ((TSJ^2 + TIJ^2)^1/2 + DJ) / 2 + PE
    Total System Jitter     (TSJ):    0.071ns
    Total Input Jitter      (TIJ):    0.000ns
    Discrete Jitter          (DJ):    0.000ns
    Phase Error              (PE):    0.000ns

    Location             Delay type                Incr(ns)  Path(ns)    Netlist Resource(s)
  -------------------------------------------------------------------    -------------------
                         (clock s00_axi_aclk rise edge)
                                                      0.000     0.000 r  
                         propagated clock network latency
                                                      0.030     0.030    
    SLICE_X71Y235        FDRE                         0.000     0.030 r  u_my_ip/u_axi4_mapping/u_gemv/weight_wr_addr_leaf_reg[0][11]/C
    SLICE_X71Y235        FDRE (Prop_AFF2_SLICEM_C_Q)
                                                      0.080     0.110 r  u_my_ip/u_axi4_mapping/u_gemv/weight_wr_addr_leaf_reg[0][11]/Q
                         net (fo=16, routed)          3.081     3.191    u_my_ip/u_axi4_mapping/u_gemv/GEN_WEIGHT_BANK[0].GEN_WEIGHT_SHARD[0].u_weight_bram_bank/mem_reg_0_bram_0_0[11]
    RAMB36_X1Y29         RAMB36E2                                     r  u_my_ip/u_axi4_mapping/u_gemv/GEN_WEIGHT_BANK[0].GEN_WEIGHT_SHARD[0].u_weight_bram_bank/mem_reg_1_bram_3/ADDRBWRADDR[14]
  -------------------------------------------------------------------    -------------------

                         (clock s00_axi_aclk rise edge)
                                                      5.000     5.000 r  
                         propagated clock network latency
                                                      0.040     5.040    
                         clock pessimism              0.000     5.040    
                         clock uncertainty           -0.035     5.005    
    RAMB36_X1Y29         RAMB36E2 (Setup_RAMB36E2_RAMB36_CLKBWRCLK_ADDRBWRADDR[14])
                                                     -0.329     4.676    u_my_ip/u_axi4_mapping/u_gemv/GEN_WEIGHT_BANK[0].GEN_WEIGHT_SHARD[0].u_weight_bram_bank/mem_reg_1_bram_3
  -------------------------------------------------------------------
                         required time                          4.676    
                         arrival time                          -3.191    
  -------------------------------------------------------------------
                         slack                                  1.485    

Slack (MET) :             1.491ns  (required time - arrival time)
  Source:                 u_my_ip/u_axi4_mapping/u_gemv/weight_compute_addr_leaf_reg[0][0]/C
                            (rising edge-triggered cell FDRE clocked by s00_axi_aclk  {rise@0.000ns fall@2.500ns period=5.000ns})
  Destination:            u_my_ip/u_axi4_mapping/u_gemv/GEN_WEIGHT_BANK[0].GEN_WEIGHT_SHARD[0].u_weight_bram_bank/mem_reg_3_bram_1/ADDRARDADDR[3]
                            (rising edge-triggered cell RAMB36E2 clocked by s00_axi_aclk  {rise@0.000ns fall@2.500ns period=5.000ns})
  Path Group:             s00_axi_aclk
  Path Type:              Setup (Max at Slow Process Corner)
  Requirement:            5.000ns  (s00_axi_aclk rise@5.000ns - s00_axi_aclk rise@0.000ns)
  Data Path Delay:        3.147ns  (logic 0.081ns (2.574%)  route 3.066ns (97.426%))
  Logic Levels:           0  
  Clock Path Skew:        0.011ns (DCD - SCD + CPR)
    Destination Clock Delay (DCD):    0.039ns = ( 5.039 - 5.000 ) 
    Source Clock Delay      (SCD):    0.028ns
    Clock Pessimism Removal (CPR):    0.000ns
  Clock Uncertainty:      0.035ns  ((TSJ^2 + TIJ^2)^1/2 + DJ) / 2 + PE
    Total System Jitter     (TSJ):    0.071ns
    Total Input Jitter      (TIJ):    0.000ns
    Discrete Jitter          (DJ):    0.000ns
    Phase Error              (PE):    0.000ns

    Location             Delay type                Incr(ns)  Path(ns)    Netlist Resource(s)
  -------------------------------------------------------------------    -------------------
                         (clock s00_axi_aclk rise edge)
                                                      0.000     0.000 r  
                         propagated clock network latency
                                                      0.028     0.028    
    SLICE_X69Y233        FDRE                         0.000     0.028 r  u_my_ip/u_axi4_mapping/u_gemv/weight_compute_addr_leaf_reg[0][0]/C
    SLICE_X69Y233        FDRE (Prop_DFF2_SLICEL_C_Q)
                                                      0.081     0.109 r  u_my_ip/u_axi4_mapping/u_gemv/weight_compute_addr_leaf_reg[0][0]/Q
                         net (fo=17, routed)          3.066     3.175    u_my_ip/u_axi4_mapping/u_gemv/GEN_WEIGHT_BANK[0].GEN_WEIGHT_SHARD[0].u_weight_bram_bank/out[0]
    RAMB36_X1Y53         RAMB36E2                                     r  u_my_ip/u_axi4_mapping/u_gemv/GEN_WEIGHT_BANK[0].GEN_WEIGHT_SHARD[0].u_weight_bram_bank/mem_reg_3_bram_1/ADDRARDADDR[3]
  -------------------------------------------------------------------    -------------------

                         (clock s00_axi_aclk rise edge)
                                                      5.000     5.000 r  
                         propagated clock network latency
                                                      0.039     5.039    
                         clock pessimism              0.000     5.039    
                         clock uncertainty           -0.035     5.004    
    RAMB36_X1Y53         RAMB36E2 (Setup_RAMB36E2_RAMB36_CLKARDCLK_ADDRARDADDR[3])
                                                     -0.338     4.666    u_my_ip/u_axi4_mapping/u_gemv/GEN_WEIGHT_BANK[0].GEN_WEIGHT_SHARD[0].u_weight_bram_bank/mem_reg_3_bram_1
  -------------------------------------------------------------------
                         required time                          4.666    
                         arrival time                          -3.175    
  -------------------------------------------------------------------
                         slack                                  1.491    

Slack (MET) :             1.495ns  (required time - arrival time)
  Source:                 u_my_ip/u_axi4_mapping/u_gemv/weight_wr_addr_leaf_reg[0][9]/C
                            (rising edge-triggered cell FDRE clocked by s00_axi_aclk  {rise@0.000ns fall@2.500ns period=5.000ns})
  Destination:            u_my_ip/u_axi4_mapping/u_gemv/GEN_WEIGHT_BANK[0].GEN_WEIGHT_SHARD[0].u_weight_bram_bank/mem_reg_1_bram_1/ADDRBWRADDR[12]
                            (rising edge-triggered cell RAMB36E2 clocked by s00_axi_aclk  {rise@0.000ns fall@2.500ns period=5.000ns})
  Path Group:             s00_axi_aclk
  Path Type:              Setup (Max at Slow Process Corner)
  Requirement:            5.000ns  (s00_axi_aclk rise@5.000ns - s00_axi_aclk rise@0.000ns)
  Data Path Delay:        3.196ns  (logic 0.080ns (2.503%)  route 3.116ns (97.497%))
  Logic Levels:           0  
  Clock Path Skew:        0.010ns (DCD - SCD + CPR)
    Destination Clock Delay (DCD):    0.040ns = ( 5.040 - 5.000 ) 
    Source Clock Delay      (SCD):    0.030ns
    Clock Pessimism Removal (CPR):    0.000ns
  Clock Uncertainty:      0.035ns  ((TSJ^2 + TIJ^2)^1/2 + DJ) / 2 + PE
    Total System Jitter     (TSJ):    0.071ns
    Total Input Jitter      (TIJ):    0.000ns
    Discrete Jitter          (DJ):    0.000ns
    Phase Error              (PE):    0.000ns

    Location             Delay type                Incr(ns)  Path(ns)    Netlist Resource(s)
  -------------------------------------------------------------------    -------------------
                         (clock s00_axi_aclk rise edge)
                                                      0.000     0.000 r  
                         propagated clock network latency
                                                      0.030     0.030    
    SLICE_X71Y235        FDRE                         0.000     0.030 r  u_my_ip/u_axi4_mapping/u_gemv/weight_wr_addr_leaf_reg[0][9]/C
    SLICE_X71Y235        FDRE (Prop_BFF2_SLICEM_C_Q)
                                                      0.080     0.110 r  u_my_ip/u_axi4_mapping/u_gemv/weight_wr_addr_leaf_reg[0][9]/Q
                         net (fo=16, routed)          3.116     3.226    u_my_ip/u_axi4_mapping/u_gemv/GEN_WEIGHT_BANK[0].GEN_WEIGHT_SHARD[0].u_weight_bram_bank/mem_reg_0_bram_0_0[9]
    RAMB36_X1Y27         RAMB36E2                                     r  u_my_ip/u_axi4_mapping/u_gemv/GEN_WEIGHT_BANK[0].GEN_WEIGHT_SHARD[0].u_weight_bram_bank/mem_reg_1_bram_1/ADDRBWRADDR[12]
  -------------------------------------------------------------------    -------------------

                         (clock s00_axi_aclk rise edge)
                                                      5.000     5.000 r  
                         propagated clock network latency
                                                      0.040     5.040    
                         clock pessimism              0.000     5.040    
                         clock uncertainty           -0.035     5.005    
    RAMB36_X1Y27         RAMB36E2 (Setup_RAMB36E2_RAMB36_CLKBWRCLK_ADDRBWRADDR[12])
                                                     -0.284     4.721    u_my_ip/u_axi4_mapping/u_gemv/GEN_WEIGHT_BANK[0].GEN_WEIGHT_SHARD[0].u_weight_bram_bank/mem_reg_1_bram_1
  -------------------------------------------------------------------
                         required time                          4.721    
                         arrival time                          -3.226    
  -------------------------------------------------------------------
                         slack                                  1.495    

Slack (MET) :             1.497ns  (required time - arrival time)
  Source:                 u_my_ip/u_axi4_mapping/u_gemv/weight_wr_addr_leaf_reg[6][5]/C
                            (rising edge-triggered cell FDRE clocked by s00_axi_aclk  {rise@0.000ns fall@2.500ns period=5.000ns})
  Destination:            u_my_ip/u_axi4_mapping/u_gemv/GEN_WEIGHT_BANK[1].GEN_WEIGHT_SHARD[2].u_weight_bram_bank/mem_reg_1_bram_2/ADDRBWRADDR[8]
                            (rising edge-triggered cell RAMB36E2 clocked by s00_axi_aclk  {rise@0.000ns fall@2.500ns period=5.000ns})
  Path Group:             s00_axi_aclk
  Path Type:              Setup (Max at Slow Process Corner)
  Requirement:            5.000ns  (s00_axi_aclk rise@5.000ns - s00_axi_aclk rise@0.000ns)
  Data Path Delay:        3.172ns  (logic 0.081ns (2.553%)  route 3.091ns (97.447%))
  Logic Levels:           0  
  Clock Path Skew:        0.011ns (DCD - SCD + CPR)
    Destination Clock Delay (DCD):    0.040ns = ( 5.040 - 5.000 ) 
    Source Clock Delay      (SCD):    0.029ns
    Clock Pessimism Removal (CPR):    0.000ns
  Clock Uncertainty:      0.035ns  ((TSJ^2 + TIJ^2)^1/2 + DJ) / 2 + PE
    Total System Jitter     (TSJ):    0.071ns
    Total Input Jitter      (TIJ):    0.000ns
    Discrete Jitter          (DJ):    0.000ns
    Phase Error              (PE):    0.000ns

    Location             Delay type                Incr(ns)  Path(ns)    Netlist Resource(s)
  -------------------------------------------------------------------    -------------------
                         (clock s00_axi_aclk rise edge)
                                                      0.000     0.000 r  
                         propagated clock network latency
                                                      0.029     0.029    
    SLICE_X69Y207        FDRE                         0.000     0.029 r  u_my_ip/u_axi4_mapping/u_gemv/weight_wr_addr_leaf_reg[6][5]/C
    SLICE_X69Y207        FDRE (Prop_GFF2_SLICEL_C_Q)
                                                      0.081     0.110 r  u_my_ip/u_axi4_mapping/u_gemv/weight_wr_addr_leaf_reg[6][5]/Q
                         net (fo=16, routed)          3.091     3.201    u_my_ip/u_axi4_mapping/u_gemv/GEN_WEIGHT_BANK[1].GEN_WEIGHT_SHARD[2].u_weight_bram_bank/mem_reg_0_bram_0_0[5]
    RAMB36_X4Y34         RAMB36E2                                     r  u_my_ip/u_axi4_mapping/u_gemv/GEN_WEIGHT_BANK[1].GEN_WEIGHT_SHARD[2].u_weight_bram_bank/mem_reg_1_bram_2/ADDRBWRADDR[8]
  -------------------------------------------------------------------    -------------------

                         (clock s00_axi_aclk rise edge)
                                                      5.000     5.000 r  
                         propagated clock network latency
                                                      0.040     5.040    
                         clock pessimism              0.000     5.040    
                         clock uncertainty           -0.035     5.005    
    RAMB36_X4Y34         RAMB36E2 (Setup_RAMB36E2_RAMB36_CLKBWRCLK_ADDRBWRADDR[8])
                                                     -0.306     4.699    u_my_ip/u_axi4_mapping/u_gemv/GEN_WEIGHT_BANK[1].GEN_WEIGHT_SHARD[2].u_weight_bram_bank/mem_reg_1_bram_2
  -------------------------------------------------------------------
                         required time                          4.699    
                         arrival time                          -3.201    
  -------------------------------------------------------------------
                         slack                                  1.497    

Slack (MET) :             1.498ns  (required time - arrival time)
  Source:                 u_my_ip/u_axi4_mapping/u_gemv/weight_wr_addr_leaf_reg[0][8]/C
                            (rising edge-triggered cell FDRE clocked by s00_axi_aclk  {rise@0.000ns fall@2.500ns period=5.000ns})
  Destination:            u_my_ip/u_axi4_mapping/u_gemv/GEN_WEIGHT_BANK[0].GEN_WEIGHT_SHARD[0].u_weight_bram_bank/mem_reg_1_bram_0/ADDRBWRADDR[11]
                            (rising edge-triggered cell RAMB36E2 clocked by s00_axi_aclk  {rise@0.000ns fall@2.500ns period=5.000ns})
  Path Group:             s00_axi_aclk
  Path Type:              Setup (Max at Slow Process Corner)
  Requirement:            5.000ns  (s00_axi_aclk rise@5.000ns - s00_axi_aclk rise@0.000ns)
  Data Path Delay:        3.173ns  (logic 0.078ns (2.458%)  route 3.095ns (97.542%))
  Logic Levels:           0  
  Clock Path Skew:        0.010ns (DCD - SCD + CPR)
    Destination Clock Delay (DCD):    0.040ns = ( 5.040 - 5.000 ) 
    Source Clock Delay      (SCD):    0.030ns
    Clock Pessimism Removal (CPR):    0.000ns
  Clock Uncertainty:      0.035ns  ((TSJ^2 + TIJ^2)^1/2 + DJ) / 2 + PE
    Total System Jitter     (TSJ):    0.071ns
    Total Input Jitter      (TIJ):    0.000ns
    Discrete Jitter          (DJ):    0.000ns
    Phase Error              (PE):    0.000ns

    Location             Delay type                Incr(ns)  Path(ns)    Netlist Resource(s)
  -------------------------------------------------------------------    -------------------
                         (clock s00_axi_aclk rise edge)
                                                      0.000     0.000 r  
                         propagated clock network latency
                                                      0.030     0.030    
    SLICE_X71Y235        FDRE                         0.000     0.030 r  u_my_ip/u_axi4_mapping/u_gemv/weight_wr_addr_leaf_reg[0][8]/C
    SLICE_X71Y235        FDRE (Prop_BFF_SLICEM_C_Q)
                                                      0.078     0.108 r  u_my_ip/u_axi4_mapping/u_gemv/weight_wr_addr_leaf_reg[0][8]/Q
                         net (fo=16, routed)          3.095     3.203    u_my_ip/u_axi4_mapping/u_gemv/GEN_WEIGHT_BANK[0].GEN_WEIGHT_SHARD[0].u_weight_bram_bank/mem_reg_0_bram_0_0[8]
    RAMB36_X1Y26         RAMB36E2                                     r  u_my_ip/u_axi4_mapping/u_gemv/GEN_WEIGHT_BANK[0].GEN_WEIGHT_SHARD[0].u_weight_bram_bank/mem_reg_1_bram_0/ADDRBWRADDR[11]
  -------------------------------------------------------------------    -------------------

                         (clock s00_axi_aclk rise edge)
                                                      5.000     5.000 r  
                         propagated clock network latency
                                                      0.040     5.040    
                         clock pessimism              0.000     5.040    
                         clock uncertainty           -0.035     5.005    
    RAMB36_X1Y26         RAMB36E2 (Setup_RAMB36E2_RAMB36_CLKBWRCLK_ADDRBWRADDR[11])
                                                     -0.303     4.702    u_my_ip/u_axi4_mapping/u_gemv/GEN_WEIGHT_BANK[0].GEN_WEIGHT_SHARD[0].u_weight_bram_bank/mem_reg_1_bram_0
  -------------------------------------------------------------------
                         required time                          4.702    
                         arrival time                          -3.203    
  -------------------------------------------------------------------
                         slack                                  1.498    

Slack (MET) :             1.500ns  (required time - arrival time)
  Source:                 u_my_ip/u_axi4_mapping/u_gemv/weight_compute_addr_leaf_reg[0][0]/C
                            (rising edge-triggered cell FDRE clocked by s00_axi_aclk  {rise@0.000ns fall@2.500ns period=5.000ns})
  Destination:            u_my_ip/u_axi4_mapping/u_gemv/GEN_WEIGHT_BANK[0].GEN_WEIGHT_SHARD[0].u_weight_bram_bank/mem_reg_3_bram_0/ADDRARDADDR[3]
                            (rising edge-triggered cell RAMB36E2 clocked by s00_axi_aclk  {rise@0.000ns fall@2.500ns period=5.000ns})
  Path Group:             s00_axi_aclk
  Path Type:              Setup (Max at Slow Process Corner)
  Requirement:            5.000ns  (s00_axi_aclk rise@5.000ns - s00_axi_aclk rise@0.000ns)
  Data Path Delay:        3.138ns  (logic 0.081ns (2.581%)  route 3.057ns (97.419%))
  Logic Levels:           0  
  Clock Path Skew:        0.011ns (DCD - SCD + CPR)
    Destination Clock Delay (DCD):    0.039ns = ( 5.039 - 5.000 ) 
    Source Clock Delay      (SCD):    0.028ns
    Clock Pessimism Removal (CPR):    0.000ns
  Clock Uncertainty:      0.035ns  ((TSJ^2 + TIJ^2)^1/2 + DJ) / 2 + PE
    Total System Jitter     (TSJ):    0.071ns
    Total Input Jitter      (TIJ):    0.000ns
    Discrete Jitter          (DJ):    0.000ns
    Phase Error              (PE):    0.000ns

    Location             Delay type                Incr(ns)  Path(ns)    Netlist Resource(s)
  -------------------------------------------------------------------    -------------------
                         (clock s00_axi_aclk rise edge)
                                                      0.000     0.000 r  
                         propagated clock network latency
                                                      0.028     0.028    
    SLICE_X69Y233        FDRE                         0.000     0.028 r  u_my_ip/u_axi4_mapping/u_gemv/weight_compute_addr_leaf_reg[0][0]/C
    SLICE_X69Y233        FDRE (Prop_DFF2_SLICEL_C_Q)
                                                      0.081     0.109 r  u_my_ip/u_axi4_mapping/u_gemv/weight_compute_addr_leaf_reg[0][0]/Q
                         net (fo=17, routed)          3.057     3.166    u_my_ip/u_axi4_mapping/u_gemv/GEN_WEIGHT_BANK[0].GEN_WEIGHT_SHARD[0].u_weight_bram_bank/out[0]
    RAMB36_X1Y52         RAMB36E2                                     r  u_my_ip/u_axi4_mapping/u_gemv/GEN_WEIGHT_BANK[0].GEN_WEIGHT_SHARD[0].u_weight_bram_bank/mem_reg_3_bram_0/ADDRARDADDR[3]
  -------------------------------------------------------------------    -------------------

                         (clock s00_axi_aclk rise edge)
                                                      5.000     5.000 r  
                         propagated clock network latency
                                                      0.039     5.039    
                         clock pessimism              0.000     5.039    
                         clock uncertainty           -0.035     5.004    
    RAMB36_X1Y52         RAMB36E2 (Setup_RAMB36E2_RAMB36_CLKARDCLK_ADDRARDADDR[3])
                                                     -0.338     4.666    u_my_ip/u_axi4_mapping/u_gemv/GEN_WEIGHT_BANK[0].GEN_WEIGHT_SHARD[0].u_weight_bram_bank/mem_reg_3_bram_0
  -------------------------------------------------------------------
                         required time                          4.666    
                         arrival time                          -3.166    
  -------------------------------------------------------------------
                         slack                                  1.500    




