Copyright 1986-2022 Xilinx, Inc. All Rights Reserved.
---------------------------------------------------------------------------------------------------------------------------------------------------------------
| Tool Version      : Vivado v.2022.2 (win64) Build 3671981 Fri Oct 14 05:00:03 MDT 2022
| Date              : Tue Jun 16 13:21:33 2026
| Host              : Cuong-Desktop running 64-bit major release  (build 9200)
| Command           : report_timing_summary -delay_type min_max -max_paths 50 -file D:/DOAN/DATN_RTL/DATN_VIVADO/manual_sim/current_256_impl_timing_200mhz.rpt
| Design            : VPU_Top
| Device            : xczu7ev-ffvc1156
| Speed File        : -2  PRODUCTION 1.30 05-15-2022
| Temperature Grade : E
---------------------------------------------------------------------------------------------------------------------------------------------------------------

Timing Summary Report

------------------------------------------------------------------------------------------------
| Timer Settings
| --------------
------------------------------------------------------------------------------------------------

  Enable Multi Corner Analysis               :  Yes
  Enable Pessimism Removal                   :  Yes
  Pessimism Removal Resolution               :  Nearest Common Node
  Enable Input Delay Default Clock           :  No
  Enable Preset / Clear Arcs                 :  No
  Disable Flight Delays                      :  No
  Ignore I/O Paths                           :  No
  Timing Early Launch at Borrowing Latches   :  No
  Borrow Time for Max Delay Exceptions       :  Yes
  Merge Timing Exceptions                    :  Yes

  Corner  Analyze    Analyze    
  Name    Max Paths  Min Paths  
  ------  ---------  ---------  
  Slow    Yes        Yes        
  Fast    Yes        Yes        


------------------------------------------------------------------------------------------------
| Report Methodology
| ------------------
------------------------------------------------------------------------------------------------

No report available as report_methodology has not been run prior. Run report_methodology on the current design for the summary of methodology violations.



check_timing report

Table of Contents
-----------------
1. checking no_clock (0)
2. checking constant_clock (0)
3. checking pulse_width_clock (0)
4. checking unconstrained_internal_endpoints (0)
5. checking no_input_delay (259)
6. checking no_output_delay (137)
7. checking multiple_clock (0)
8. checking generated_clocks (0)
9. checking loops (0)
10. checking partial_input_delay (0)
11. checking partial_output_delay (0)
12. checking latch_loops (0)

1. checking no_clock (0)
------------------------
 There are 0 register/latch pins with no clock.


2. checking constant_clock (0)
------------------------------
 There are 0 register/latch pins with constant_clock.


3. checking pulse_width_clock (0)
---------------------------------
 There are 0 register/latch pins which need pulse_width check


4. checking unconstrained_internal_endpoints (0)
------------------------------------------------
 There are 0 pins that are not constrained for maximum delay.

 There are 0 pins that are not constrained for maximum delay due to constant clock.


5. checking no_input_delay (259)
--------------------------------
 There are 259 input ports with no input delay specified. (HIGH)

 There are 0 input ports with no input delay but user has a false path constraint.


6. checking no_output_delay (137)
---------------------------------
 There are 137 ports with no output delay specified. (HIGH)

 There are 0 ports with no output delay but user has a false path constraint

 There are 0 ports with no output delay but with a timing clock defined on it or propagating through it


7. checking multiple_clock (0)
------------------------------
 There are 0 register/latch pins with multiple clocks.


8. checking generated_clocks (0)
--------------------------------
 There are 0 generated clocks that are not connected to a clock source.


9. checking loops (0)
---------------------
 There are 0 combinational loops in the design.


10. checking partial_input_delay (0)
------------------------------------
 There are 0 input ports with partial input delay specified.


11. checking partial_output_delay (0)
-------------------------------------
 There are 0 ports with partial output delay specified.


12. checking latch_loops (0)
----------------------------
 There are 0 combinational latch loops in the design through latch input



------------------------------------------------------------------------------------------------
| Design Timing Summary
| ---------------------
------------------------------------------------------------------------------------------------

    WNS(ns)      TNS(ns)  TNS Failing Endpoints  TNS Total Endpoints      WHS(ns)      THS(ns)  THS Failing Endpoints  THS Total Endpoints     WPWS(ns)     TPWS(ns)  TPWS Failing Endpoints  TPWS Total Endpoints  
    -------      -------  ---------------------  -------------------      -------      -------  ---------------------  -------------------     --------     --------  ----------------------  --------------------  
      0.167        0.000                      0                18821        0.027        0.000                      0                18821        1.958        0.000                       0                  3879  


All user specified timing constraints are met.


------------------------------------------------------------------------------------------------
| Clock Summary
| -------------
------------------------------------------------------------------------------------------------

Clock         Waveform(ns)         Period(ns)      Frequency(MHz)
-----         ------------         ----------      --------------
s00_axi_aclk  {0.000 2.500}        5.000           200.000         


------------------------------------------------------------------------------------------------
| Intra Clock Table
| -----------------
------------------------------------------------------------------------------------------------

Clock             WNS(ns)      TNS(ns)  TNS Failing Endpoints  TNS Total Endpoints      WHS(ns)      THS(ns)  THS Failing Endpoints  THS Total Endpoints     WPWS(ns)     TPWS(ns)  TPWS Failing Endpoints  TPWS Total Endpoints  
-----             -------      -------  ---------------------  -------------------      -------      -------  ---------------------  -------------------     --------     --------  ----------------------  --------------------  
s00_axi_aclk        0.167        0.000                      0                18821        0.027        0.000                      0                18821        1.958        0.000                       0                  3879  


------------------------------------------------------------------------------------------------
| Inter Clock Table
| -----------------
------------------------------------------------------------------------------------------------

From Clock    To Clock          WNS(ns)      TNS(ns)  TNS Failing Endpoints  TNS Total Endpoints      WHS(ns)      THS(ns)  THS Failing Endpoints  THS Total Endpoints  
----------    --------          -------      -------  ---------------------  -------------------      -------      -------  ---------------------  -------------------  


------------------------------------------------------------------------------------------------
| Other Path Groups Table
| -----------------------
------------------------------------------------------------------------------------------------

Path Group    From Clock    To Clock          WNS(ns)      TNS(ns)  TNS Failing Endpoints  TNS Total Endpoints      WHS(ns)      THS(ns)  THS Failing Endpoints  THS Total Endpoints  
----------    ----------    --------          -------      -------  ---------------------  -------------------      -------      -------  ---------------------  -------------------  


------------------------------------------------------------------------------------------------
| Timing Details
| --------------
------------------------------------------------------------------------------------------------


---------------------------------------------------------------------------------------------------
From Clock:  s00_axi_aclk
  To Clock:  s00_axi_aclk

Setup :            0  Failing Endpoints,  Worst Slack        0.167ns,  Total Violation        0.000ns
Hold  :            0  Failing Endpoints,  Worst Slack        0.027ns,  Total Violation        0.000ns
PW    :            0  Failing Endpoints,  Worst Slack        1.958ns,  Total Violation        0.000ns
---------------------------------------------------------------------------------------------------


Max Delay Paths
--------------------------------------------------------------------------------------
Slack (MET) :             0.167ns  (required time - arrival time)
  Source:                 u_my_ip/u_axi4_mapping/u_gemv/weight_wr_addr_bank_reg[0][10]/C
                            (rising edge-triggered cell FDRE clocked by s00_axi_aclk  {rise@0.000ns fall@2.500ns period=5.000ns})
  Destination:            u_my_ip/u_axi4_mapping/u_gemv/GEN_WEIGHT_BANK[0].u_weight_bram_bank/mem_reg_2_bram_0/ADDRBWRADDR[13]
                            (rising edge-triggered cell RAMB36E2 clocked by s00_axi_aclk  {rise@0.000ns fall@2.500ns period=5.000ns})
  Path Group:             s00_axi_aclk
  Path Type:              Setup (Max at Slow Process Corner)
  Requirement:            5.000ns  (s00_axi_aclk rise@5.000ns - s00_axi_aclk rise@0.000ns)
  Data Path Delay:        4.518ns  (logic 0.076ns (1.682%)  route 4.442ns (98.318%))
  Logic Levels:           0  
  Clock Path Skew:        0.010ns (DCD - SCD + CPR)
    Destination Clock Delay (DCD):    0.040ns = ( 5.040 - 5.000 ) 
    Source Clock Delay      (SCD):    0.030ns
    Clock Pessimism Removal (CPR):    0.000ns
  Clock Uncertainty:      0.035ns  ((TSJ^2 + TIJ^2)^1/2 + DJ) / 2 + PE
    Total System Jitter     (TSJ):    0.071ns
    Total Input Jitter      (TIJ):    0.000ns
    Discrete Jitter          (DJ):    0.000ns
    Phase Error              (PE):    0.000ns

    Location             Delay type                Incr(ns)  Path(ns)    Netlist Resource(s)
  -------------------------------------------------------------------    -------------------
                         (clock s00_axi_aclk rise edge)
                                                      0.000     0.000 r  
                                                      0.000     0.000 r  s00_axi_aclk (IN)
                         net (fo=3968, unset)         0.030     0.030    u_my_ip/u_axi4_mapping/u_gemv/s00_axi_aclk
    SLICE_X89Y248        FDRE                                         r  u_my_ip/u_axi4_mapping/u_gemv/weight_wr_addr_bank_reg[0][10]/C
  -------------------------------------------------------------------    -------------------
    SLICE_X89Y248        FDRE (Prop_EFF_SLICEM_C_Q)
                                                      0.076     0.106 r  u_my_ip/u_axi4_mapping/u_gemv/weight_wr_addr_bank_reg[0][10]/Q
                         net (fo=64, routed)          4.442     4.548    u_my_ip/u_axi4_mapping/u_gemv/GEN_WEIGHT_BANK[0].u_weight_bram_bank/mem_reg_0_bram_0_0[10]
    RAMB36_X0Y64         RAMB36E2                                     r  u_my_ip/u_axi4_mapping/u_gemv/GEN_WEIGHT_BANK[0].u_weight_bram_bank/mem_reg_2_bram_0/ADDRBWRADDR[13]
  -------------------------------------------------------------------    -------------------

                         (clock s00_axi_aclk rise edge)
                                                      5.000     5.000 r  
                                                      0.000     5.000 r  s00_axi_aclk (IN)
                         net (fo=3968, unset)         0.040     5.040    u_my_ip/u_axi4_mapping/u_gemv/GEN_WEIGHT_BANK[0].u_weight_bram_bank/s00_axi_aclk
    RAMB36_X0Y64         RAMB36E2                                     r  u_my_ip/u_axi4_mapping/u_gemv/GEN_WEIGHT_BANK[0].u_weight_bram_bank/mem_reg_2_bram_0/CLKBWRCLK
                         clock pessimism              0.000     5.040    
                         clock uncertainty           -0.035     5.005    
    RAMB36_X0Y64         RAMB36E2 (Setup_RAMB36E2_RAMB36_CLKBWRCLK_ADDRBWRADDR[13])
                                                     -0.290     4.715    u_my_ip/u_axi4_mapping/u_gemv/GEN_WEIGHT_BANK[0].u_weight_bram_bank/mem_reg_2_bram_0
  -------------------------------------------------------------------
                         required time                          4.715    
                         arrival time                          -4.548    
  -------------------------------------------------------------------
                         slack                                  0.167    

Slack (MET) :             0.171ns  (required time - arrival time)
  Source:                 u_my_ip/u_axi4_mapping/u_gemv/weight_wr_addr_bank_reg[0][10]/C
                            (rising edge-triggered cell FDRE clocked by s00_axi_aclk  {rise@0.000ns fall@2.500ns period=5.000ns})
  Destination:            u_my_ip/u_axi4_mapping/u_gemv/GEN_WEIGHT_BANK[0].u_weight_bram_bank/mem_reg_2_bram_10/ADDRBWRADDR[13]
                            (rising edge-triggered cell RAMB36E2 clocked by s00_axi_aclk  {rise@0.000ns fall@2.500ns period=5.000ns})
  Path Group:             s00_axi_aclk
  Path Type:              Setup (Max at Slow Process Corner)
  Requirement:            5.000ns  (s00_axi_aclk rise@5.000ns - s00_axi_aclk rise@0.000ns)
  Data Path Delay:        4.514ns  (logic 0.076ns (1.684%)  route 4.438ns (98.316%))
  Logic Levels:           0  
  Clock Path Skew:        0.010ns (DCD - SCD + CPR)
    Destination Clock Delay (DCD):    0.040ns = ( 5.040 - 5.000 ) 
    Source Clock Delay      (SCD):    0.030ns
    Clock Pessimism Removal (CPR):    0.000ns
  Clock Uncertainty:      0.035ns  ((TSJ^2 + TIJ^2)^1/2 + DJ) / 2 + PE
    Total System Jitter     (TSJ):    0.071ns
    Total Input Jitter      (TIJ):    0.000ns
    Discrete Jitter          (DJ):    0.000ns
    Phase Error              (PE):    0.000ns

    Location             Delay type                Incr(ns)  Path(ns)    Netlist Resource(s)
  -------------------------------------------------------------------    -------------------
                         (clock s00_axi_aclk rise edge)
                                                      0.000     0.000 r  
                                                      0.000     0.000 r  s00_axi_aclk (IN)
                         net (fo=3968, unset)         0.030     0.030    u_my_ip/u_axi4_mapping/u_gemv/s00_axi_aclk
    SLICE_X89Y248        FDRE                                         r  u_my_ip/u_axi4_mapping/u_gemv/weight_wr_addr_bank_reg[0][10]/C
  -------------------------------------------------------------------    -------------------
    SLICE_X89Y248        FDRE (Prop_EFF_SLICEM_C_Q)
                                                      0.076     0.106 r  u_my_ip/u_axi4_mapping/u_gemv/weight_wr_addr_bank_reg[0][10]/Q
                         net (fo=64, routed)          4.438     4.544    u_my_ip/u_axi4_mapping/u_gemv/GEN_WEIGHT_BANK[0].u_weight_bram_bank/mem_reg_0_bram_0_0[10]
    RAMB36_X0Y58         RAMB36E2                                     r  u_my_ip/u_axi4_mapping/u_gemv/GEN_WEIGHT_BANK[0].u_weight_bram_bank/mem_reg_2_bram_10/ADDRBWRADDR[13]
  -------------------------------------------------------------------    -------------------

                         (clock s00_axi_aclk rise edge)
                                                      5.000     5.000 r  
                                                      0.000     5.000 r  s00_axi_aclk (IN)
                         net (fo=3968, unset)         0.040     5.040    u_my_ip/u_axi4_mapping/u_gemv/GEN_WEIGHT_BANK[0].u_weight_bram_bank/s00_axi_aclk
    RAMB36_X0Y58         RAMB36E2                                     r  u_my_ip/u_axi4_mapping/u_gemv/GEN_WEIGHT_BANK[0].u_weight_bram_bank/mem_reg_2_bram_10/CLKBWRCLK
                         clock pessimism              0.000     5.040    
                         clock uncertainty           -0.035     5.005    
    RAMB36_X0Y58         RAMB36E2 (Setup_RAMB36E2_RAMB36_CLKBWRCLK_ADDRBWRADDR[13])
                                                     -0.290     4.715    u_my_ip/u_axi4_mapping/u_gemv/GEN_WEIGHT_BANK[0].u_weight_bram_bank/mem_reg_2_bram_10
  -------------------------------------------------------------------
                         required time                          4.715    
                         arrival time                          -4.544    
  -------------------------------------------------------------------
                         slack                                  0.171    

Slack (MET) :             0.181ns  (required time - arrival time)
  Source:                 u_my_ip/u_axi4_mapping/u_gemv/weight_compute_addr_bank_reg[0][1]/C
                            (rising edge-triggered cell FDRE clocked by s00_axi_aclk  {rise@0.000ns fall@2.500ns period=5.000ns})
  Destination:            u_my_ip/u_axi4_mapping/u_gemv/GEN_WEIGHT_BANK[0].u_weight_bram_bank/mem_reg_2_bram_8/ADDRARDADDR[4]
                            (rising edge-triggered cell RAMB36E2 clocked by s00_axi_aclk  {rise@0.000ns fall@2.500ns period=5.000ns})
  Path Group:             s00_axi_aclk
  Path Type:              Setup (Max at Slow Process Corner)
  Requirement:            5.000ns  (s00_axi_aclk rise@5.000ns - s00_axi_aclk rise@0.000ns)
  Data Path Delay:        4.456ns  (logic 0.078ns (1.751%)  route 4.378ns (98.249%))
  Logic Levels:           0  
  Clock Path Skew:        0.009ns (DCD - SCD + CPR)
    Destination Clock Delay (DCD):    0.039ns = ( 5.039 - 5.000 ) 
    Source Clock Delay      (SCD):    0.030ns
    Clock Pessimism Removal (CPR):    0.000ns
  Clock Uncertainty:      0.035ns  ((TSJ^2 + TIJ^2)^1/2 + DJ) / 2 + PE
    Total System Jitter     (TSJ):    0.071ns
    Total Input Jitter      (TIJ):    0.000ns
    Discrete Jitter          (DJ):    0.000ns
    Phase Error              (PE):    0.000ns

    Location             Delay type                Incr(ns)  Path(ns)    Netlist Resource(s)
  -------------------------------------------------------------------    -------------------
                         (clock s00_axi_aclk rise edge)
                                                      0.000     0.000 r  
                                                      0.000     0.000 r  s00_axi_aclk (IN)
                         net (fo=3968, unset)         0.030     0.030    u_my_ip/u_axi4_mapping/u_gemv/s00_axi_aclk
    SLICE_X94Y239        FDRE                                         r  u_my_ip/u_axi4_mapping/u_gemv/weight_compute_addr_bank_reg[0][1]/C
  -------------------------------------------------------------------    -------------------
    SLICE_X94Y239        FDRE (Prop_BFF_SLICEM_C_Q)
                                                      0.078     0.108 r  u_my_ip/u_axi4_mapping/u_gemv/weight_compute_addr_bank_reg[0][1]/Q
                         net (fo=65, routed)          4.378     4.486    u_my_ip/u_axi4_mapping/u_gemv/GEN_WEIGHT_BANK[0].u_weight_bram_bank/out[1]
    RAMB36_X0Y56         RAMB36E2                                     r  u_my_ip/u_axi4_mapping/u_gemv/GEN_WEIGHT_BANK[0].u_weight_bram_bank/mem_reg_2_bram_8/ADDRARDADDR[4]
  -------------------------------------------------------------------    -------------------

                         (clock s00_axi_aclk rise edge)
                                                      5.000     5.000 r  
                                                      0.000     5.000 r  s00_axi_aclk (IN)
                         net (fo=3968, unset)         0.039     5.039    u_my_ip/u_axi4_mapping/u_gemv/GEN_WEIGHT_BANK[0].u_weight_bram_bank/s00_axi_aclk
    RAMB36_X0Y56         RAMB36E2                                     r  u_my_ip/u_axi4_mapping/u_gemv/GEN_WEIGHT_BANK[0].u_weight_bram_bank/mem_reg_2_bram_8/CLKARDCLK
                         clock pessimism              0.000     5.039    
                         clock uncertainty           -0.035     5.004    
    RAMB36_X0Y56         RAMB36E2 (Setup_RAMB36E2_RAMB36_CLKARDCLK_ADDRARDADDR[4])
                                                     -0.337     4.667    u_my_ip/u_axi4_mapping/u_gemv/GEN_WEIGHT_BANK[0].u_weight_bram_bank/mem_reg_2_bram_8
  -------------------------------------------------------------------
                         required time                          4.667    
                         arrival time                          -4.486    
  -------------------------------------------------------------------
                         slack                                  0.181    

Slack (MET) :             0.182ns  (required time - arrival time)
  Source:                 u_my_ip/u_axi4_mapping/u_gemv/weight_wr_addr_bank_reg[1][1]/C
                            (rising edge-triggered cell FDRE clocked by s00_axi_aclk  {rise@0.000ns fall@2.500ns period=5.000ns})
  Destination:            u_my_ip/u_axi4_mapping/u_gemv/GEN_WEIGHT_BANK[1].u_weight_bram_bank/mem_reg_1_bram_5/ADDRBWRADDR[4]
                            (rising edge-triggered cell RAMB36E2 clocked by s00_axi_aclk  {rise@0.000ns fall@2.500ns period=5.000ns})
  Path Group:             s00_axi_aclk
  Path Type:              Setup (Max at Slow Process Corner)
  Requirement:            5.000ns  (s00_axi_aclk rise@5.000ns - s00_axi_aclk rise@0.000ns)
  Data Path Delay:        4.450ns  (logic 0.079ns (1.775%)  route 4.371ns (98.225%))
  Logic Levels:           0  
  Clock Path Skew:        0.010ns (DCD - SCD + CPR)
    Destination Clock Delay (DCD):    0.040ns = ( 5.040 - 5.000 ) 
    Source Clock Delay      (SCD):    0.030ns
    Clock Pessimism Removal (CPR):    0.000ns
  Clock Uncertainty:      0.035ns  ((TSJ^2 + TIJ^2)^1/2 + DJ) / 2 + PE
    Total System Jitter     (TSJ):    0.071ns
    Total Input Jitter      (TIJ):    0.000ns
    Discrete Jitter          (DJ):    0.000ns
    Phase Error              (PE):    0.000ns

    Location             Delay type                Incr(ns)  Path(ns)    Netlist Resource(s)
  -------------------------------------------------------------------    -------------------
                         (clock s00_axi_aclk rise edge)
                                                      0.000     0.000 r  
                                                      0.000     0.000 r  s00_axi_aclk (IN)
                         net (fo=3968, unset)         0.030     0.030    u_my_ip/u_axi4_mapping/u_gemv/s00_axi_aclk
    SLICE_X89Y201        FDRE                                         r  u_my_ip/u_axi4_mapping/u_gemv/weight_wr_addr_bank_reg[1][1]/C
  -------------------------------------------------------------------    -------------------
    SLICE_X89Y201        FDRE (Prop_EFF2_SLICEM_C_Q)
                                                      0.079     0.109 r  u_my_ip/u_axi4_mapping/u_gemv/weight_wr_addr_bank_reg[1][1]/Q
                         net (fo=64, routed)          4.371     4.480    u_my_ip/u_axi4_mapping/u_gemv/GEN_WEIGHT_BANK[1].u_weight_bram_bank/mem_reg_0_bram_0_0[1]
    RAMB36_X0Y53         RAMB36E2                                     r  u_my_ip/u_axi4_mapping/u_gemv/GEN_WEIGHT_BANK[1].u_weight_bram_bank/mem_reg_1_bram_5/ADDRBWRADDR[4]
  -------------------------------------------------------------------    -------------------

                         (clock s00_axi_aclk rise edge)
                                                      5.000     5.000 r  
                                                      0.000     5.000 r  s00_axi_aclk (IN)
                         net (fo=3968, unset)         0.040     5.040    u_my_ip/u_axi4_mapping/u_gemv/GEN_WEIGHT_BANK[1].u_weight_bram_bank/s00_axi_aclk
    RAMB36_X0Y53         RAMB36E2                                     r  u_my_ip/u_axi4_mapping/u_gemv/GEN_WEIGHT_BANK[1].u_weight_bram_bank/mem_reg_1_bram_5/CLKBWRCLK
                         clock pessimism              0.000     5.040    
                         clock uncertainty           -0.035     5.005    
    RAMB36_X0Y53         RAMB36E2 (Setup_RAMB36E2_RAMB36_CLKBWRCLK_ADDRBWRADDR[4])
                                                     -0.343     4.662    u_my_ip/u_axi4_mapping/u_gemv/GEN_WEIGHT_BANK[1].u_weight_bram_bank/mem_reg_1_bram_5
  -------------------------------------------------------------------
                         required time                          4.662    
                         arrival time                          -4.480    
  -------------------------------------------------------------------
                         slack                                  0.182    

Slack (MET) :             0.186ns  (required time - arrival time)
  Source:                 u_my_ip/u_axi4_mapping/u_gemv/weight_wr_addr_bank_reg[0][10]/C
                            (rising edge-triggered cell FDRE clocked by s00_axi_aclk  {rise@0.000ns fall@2.500ns period=5.000ns})
  Destination:            u_my_ip/u_axi4_mapping/u_gemv/GEN_WEIGHT_BANK[0].u_weight_bram_bank/mem_reg_2_bram_15/ADDRBWRADDR[13]
                            (rising edge-triggered cell RAMB36E2 clocked by s00_axi_aclk  {rise@0.000ns fall@2.500ns period=5.000ns})
  Path Group:             s00_axi_aclk
  Path Type:              Setup (Max at Slow Process Corner)
  Requirement:            5.000ns  (s00_axi_aclk rise@5.000ns - s00_axi_aclk rise@0.000ns)
  Data Path Delay:        4.499ns  (logic 0.076ns (1.689%)  route 4.423ns (98.311%))
  Logic Levels:           0  
  Clock Path Skew:        0.010ns (DCD - SCD + CPR)
    Destination Clock Delay (DCD):    0.040ns = ( 5.040 - 5.000 ) 
    Source Clock Delay      (SCD):    0.030ns
    Clock Pessimism Removal (CPR):    0.000ns
  Clock Uncertainty:      0.035ns  ((TSJ^2 + TIJ^2)^1/2 + DJ) / 2 + PE
    Total System Jitter     (TSJ):    0.071ns
    Total Input Jitter      (TIJ):    0.000ns
    Discrete Jitter          (DJ):    0.000ns
    Phase Error              (PE):    0.000ns

    Location             Delay type                Incr(ns)  Path(ns)    Netlist Resource(s)
  -------------------------------------------------------------------    -------------------
                         (clock s00_axi_aclk rise edge)
                                                      0.000     0.000 r  
                                                      0.000     0.000 r  s00_axi_aclk (IN)
                         net (fo=3968, unset)         0.030     0.030    u_my_ip/u_axi4_mapping/u_gemv/s00_axi_aclk
    SLICE_X89Y248        FDRE                                         r  u_my_ip/u_axi4_mapping/u_gemv/weight_wr_addr_bank_reg[0][10]/C
  -------------------------------------------------------------------    -------------------
    SLICE_X89Y248        FDRE (Prop_EFF_SLICEM_C_Q)
                                                      0.076     0.106 r  u_my_ip/u_axi4_mapping/u_gemv/weight_wr_addr_bank_reg[0][10]/Q
                         net (fo=64, routed)          4.423     4.529    u_my_ip/u_axi4_mapping/u_gemv/GEN_WEIGHT_BANK[0].u_weight_bram_bank/mem_reg_0_bram_0_0[10]
    RAMB36_X0Y63         RAMB36E2                                     r  u_my_ip/u_axi4_mapping/u_gemv/GEN_WEIGHT_BANK[0].u_weight_bram_bank/mem_reg_2_bram_15/ADDRBWRADDR[13]
  -------------------------------------------------------------------    -------------------

                         (clock s00_axi_aclk rise edge)
                                                      5.000     5.000 r  
                                                      0.000     5.000 r  s00_axi_aclk (IN)
                         net (fo=3968, unset)         0.040     5.040    u_my_ip/u_axi4_mapping/u_gemv/GEN_WEIGHT_BANK[0].u_weight_bram_bank/s00_axi_aclk
    RAMB36_X0Y63         RAMB36E2                                     r  u_my_ip/u_axi4_mapping/u_gemv/GEN_WEIGHT_BANK[0].u_weight_bram_bank/mem_reg_2_bram_15/CLKBWRCLK
                         clock pessimism              0.000     5.040    
                         clock uncertainty           -0.035     5.005    
    RAMB36_X0Y63         RAMB36E2 (Setup_RAMB36E2_RAMB36_CLKBWRCLK_ADDRBWRADDR[13])
                                                     -0.290     4.715    u_my_ip/u_axi4_mapping/u_gemv/GEN_WEIGHT_BANK[0].u_weight_bram_bank/mem_reg_2_bram_15
  -------------------------------------------------------------------
                         required time                          4.715    
                         arrival time                          -4.529    
  -------------------------------------------------------------------
                         slack                                  0.186    

Slack (MET) :             0.187ns  (required time - arrival time)
  Source:                 u_my_ip/u_axi4_mapping/u_gemv/weight_compute_addr_bank_reg[2][2]/C
                            (rising edge-triggered cell FDRE clocked by s00_axi_aclk  {rise@0.000ns fall@2.500ns period=5.000ns})
  Destination:            u_my_ip/u_axi4_mapping/u_gemv/GEN_WEIGHT_BANK[2].u_weight_bram_bank/mem_reg_2_bram_8/ADDRARDADDR[5]
                            (rising edge-triggered cell RAMB36E2 clocked by s00_axi_aclk  {rise@0.000ns fall@2.500ns period=5.000ns})
  Path Group:             s00_axi_aclk
  Path Type:              Setup (Max at Slow Process Corner)
  Requirement:            5.000ns  (s00_axi_aclk rise@5.000ns - s00_axi_aclk rise@0.000ns)
  Data Path Delay:        4.436ns  (logic 0.079ns (1.781%)  route 4.357ns (98.219%))
  Logic Levels:           0  
  Clock Path Skew:        0.011ns (DCD - SCD + CPR)
    Destination Clock Delay (DCD):    0.039ns = ( 5.039 - 5.000 ) 
    Source Clock Delay      (SCD):    0.028ns
    Clock Pessimism Removal (CPR):    0.000ns
  Clock Uncertainty:      0.035ns  ((TSJ^2 + TIJ^2)^1/2 + DJ) / 2 + PE
    Total System Jitter     (TSJ):    0.071ns
    Total Input Jitter      (TIJ):    0.000ns
    Discrete Jitter          (DJ):    0.000ns
    Phase Error              (PE):    0.000ns

    Location             Delay type                Incr(ns)  Path(ns)    Netlist Resource(s)
  -------------------------------------------------------------------    -------------------
                         (clock s00_axi_aclk rise edge)
                                                      0.000     0.000 r  
                                                      0.000     0.000 r  s00_axi_aclk (IN)
                         net (fo=3968, unset)         0.028     0.028    u_my_ip/u_axi4_mapping/u_gemv/s00_axi_aclk
    SLICE_X90Y221        FDRE                                         r  u_my_ip/u_axi4_mapping/u_gemv/weight_compute_addr_bank_reg[2][2]/C
  -------------------------------------------------------------------    -------------------
    SLICE_X90Y221        FDRE (Prop_CFF_SLICEL_C_Q)
                                                      0.079     0.107 r  u_my_ip/u_axi4_mapping/u_gemv/weight_compute_addr_bank_reg[2][2]/Q
                         net (fo=65, routed)          4.357     4.464    u_my_ip/u_axi4_mapping/u_gemv/GEN_WEIGHT_BANK[2].u_weight_bram_bank/out[2]
    RAMB36_X2Y1          RAMB36E2                                     r  u_my_ip/u_axi4_mapping/u_gemv/GEN_WEIGHT_BANK[2].u_weight_bram_bank/mem_reg_2_bram_8/ADDRARDADDR[5]
  -------------------------------------------------------------------    -------------------

                         (clock s00_axi_aclk rise edge)
                                                      5.000     5.000 r  
                                                      0.000     5.000 r  s00_axi_aclk (IN)
                         net (fo=3968, unset)         0.039     5.039    u_my_ip/u_axi4_mapping/u_gemv/GEN_WEIGHT_BANK[2].u_weight_bram_bank/s00_axi_aclk
    RAMB36_X2Y1          RAMB36E2                                     r  u_my_ip/u_axi4_mapping/u_gemv/GEN_WEIGHT_BANK[2].u_weight_bram_bank/mem_reg_2_bram_8/CLKARDCLK
                         clock pessimism              0.000     5.039    
                         clock uncertainty           -0.035     5.004    
    RAMB36_X2Y1          RAMB36E2 (Setup_RAMB36E2_RAMB36_CLKARDCLK_ADDRARDADDR[5])
                                                     -0.352     4.652    u_my_ip/u_axi4_mapping/u_gemv/GEN_WEIGHT_BANK[2].u_weight_bram_bank/mem_reg_2_bram_8
  -------------------------------------------------------------------
                         required time                          4.652    
                         arrival time                          -4.464    
  -------------------------------------------------------------------
                         slack                                  0.187    

Slack (MET) :             0.191ns  (required time - arrival time)
  Source:                 u_my_ip/u_axi4_mapping/u_gemv/weight_compute_addr_bank_reg[1][4]/C
                            (rising edge-triggered cell FDRE clocked by s00_axi_aclk  {rise@0.000ns fall@2.500ns period=5.000ns})
  Destination:            u_my_ip/u_axi4_mapping/u_gemv/GEN_WEIGHT_BANK[1].u_weight_bram_bank/mem_reg_2_bram_13/ADDRARDADDR[7]
                            (rising edge-triggered cell RAMB36E2 clocked by s00_axi_aclk  {rise@0.000ns fall@2.500ns period=5.000ns})
  Path Group:             s00_axi_aclk
  Path Type:              Setup (Max at Slow Process Corner)
  Requirement:            5.000ns  (s00_axi_aclk rise@5.000ns - s00_axi_aclk rise@0.000ns)
  Data Path Delay:        4.517ns  (logic 0.079ns (1.749%)  route 4.438ns (98.251%))
  Logic Levels:           0  
  Clock Path Skew:        0.010ns (DCD - SCD + CPR)
    Destination Clock Delay (DCD):    0.039ns = ( 5.039 - 5.000 ) 
    Source Clock Delay      (SCD):    0.029ns
    Clock Pessimism Removal (CPR):    0.000ns
  Clock Uncertainty:      0.035ns  ((TSJ^2 + TIJ^2)^1/2 + DJ) / 2 + PE
    Total System Jitter     (TSJ):    0.071ns
    Total Input Jitter      (TIJ):    0.000ns
    Discrete Jitter          (DJ):    0.000ns
    Phase Error              (PE):    0.000ns

    Location             Delay type                Incr(ns)  Path(ns)    Netlist Resource(s)
  -------------------------------------------------------------------    -------------------
                         (clock s00_axi_aclk rise edge)
                                                      0.000     0.000 r  
                                                      0.000     0.000 r  s00_axi_aclk (IN)
                         net (fo=3968, unset)         0.029     0.029    u_my_ip/u_axi4_mapping/u_gemv/s00_axi_aclk
    SLICE_X95Y223        FDRE                                         r  u_my_ip/u_axi4_mapping/u_gemv/weight_compute_addr_bank_reg[1][4]/C
  -------------------------------------------------------------------    -------------------
    SLICE_X95Y223        FDRE (Prop_EFF_SLICEL_C_Q)
                                                      0.079     0.108 r  u_my_ip/u_axi4_mapping/u_gemv/weight_compute_addr_bank_reg[1][4]/Q
                         net (fo=65, routed)          4.438     4.546    u_my_ip/u_axi4_mapping/u_gemv/GEN_WEIGHT_BANK[1].u_weight_bram_bank/out[4]
    RAMB36_X1Y18         RAMB36E2                                     r  u_my_ip/u_axi4_mapping/u_gemv/GEN_WEIGHT_BANK[1].u_weight_bram_bank/mem_reg_2_bram_13/ADDRARDADDR[7]
  -------------------------------------------------------------------    -------------------

                         (clock s00_axi_aclk rise edge)
                                                      5.000     5.000 r  
                                                      0.000     5.000 r  s00_axi_aclk (IN)
                         net (fo=3968, unset)         0.039     5.039    u_my_ip/u_axi4_mapping/u_gemv/GEN_WEIGHT_BANK[1].u_weight_bram_bank/s00_axi_aclk
    RAMB36_X1Y18         RAMB36E2                                     r  u_my_ip/u_axi4_mapping/u_gemv/GEN_WEIGHT_BANK[1].u_weight_bram_bank/mem_reg_2_bram_13/CLKARDCLK
                         clock pessimism              0.000     5.039    
                         clock uncertainty           -0.035     5.004    
    RAMB36_X1Y18         RAMB36E2 (Setup_RAMB36E2_RAMB36_CLKARDCLK_ADDRARDADDR[7])
                                                     -0.267     4.737    u_my_ip/u_axi4_mapping/u_gemv/GEN_WEIGHT_BANK[1].u_weight_bram_bank/mem_reg_2_bram_13
  -------------------------------------------------------------------
                         required time                          4.737    
                         arrival time                          -4.546    
  -------------------------------------------------------------------
                         slack                                  0.191    

Slack (MET) :             0.192ns  (required time - arrival time)
  Source:                 u_my_ip/u_axi4_mapping/u_gemv/weight_wr_addr_bank_reg[0][0]/C
                            (rising edge-triggered cell FDRE clocked by s00_axi_aclk  {rise@0.000ns fall@2.500ns period=5.000ns})
  Destination:            u_my_ip/u_axi4_mapping/u_gemv/GEN_WEIGHT_BANK[0].u_weight_bram_bank/mem_reg_2_bram_1/ADDRBWRADDR[3]
                            (rising edge-triggered cell RAMB36E2 clocked by s00_axi_aclk  {rise@0.000ns fall@2.500ns period=5.000ns})
  Path Group:             s00_axi_aclk
  Path Type:              Setup (Max at Slow Process Corner)
  Requirement:            5.000ns  (s00_axi_aclk rise@5.000ns - s00_axi_aclk rise@0.000ns)
  Data Path Delay:        4.448ns  (logic 0.076ns (1.709%)  route 4.372ns (98.291%))
  Logic Levels:           0  
  Clock Path Skew:        0.010ns (DCD - SCD + CPR)
    Destination Clock Delay (DCD):    0.040ns = ( 5.040 - 5.000 ) 
    Source Clock Delay      (SCD):    0.030ns
    Clock Pessimism Removal (CPR):    0.000ns
  Clock Uncertainty:      0.035ns  ((TSJ^2 + TIJ^2)^1/2 + DJ) / 2 + PE
    Total System Jitter     (TSJ):    0.071ns
    Total Input Jitter      (TIJ):    0.000ns
    Discrete Jitter          (DJ):    0.000ns
    Phase Error              (PE):    0.000ns

    Location             Delay type                Incr(ns)  Path(ns)    Netlist Resource(s)
  -------------------------------------------------------------------    -------------------
                         (clock s00_axi_aclk rise edge)
                                                      0.000     0.000 r  
                                                      0.000     0.000 r  s00_axi_aclk (IN)
                         net (fo=3968, unset)         0.030     0.030    u_my_ip/u_axi4_mapping/u_gemv/s00_axi_aclk
    SLICE_X89Y243        FDRE                                         r  u_my_ip/u_axi4_mapping/u_gemv/weight_wr_addr_bank_reg[0][0]/C
  -------------------------------------------------------------------    -------------------
    SLICE_X89Y243        FDRE (Prop_EFF_SLICEM_C_Q)
                                                      0.076     0.106 r  u_my_ip/u_axi4_mapping/u_gemv/weight_wr_addr_bank_reg[0][0]/Q
                         net (fo=64, routed)          4.372     4.478    u_my_ip/u_axi4_mapping/u_gemv/GEN_WEIGHT_BANK[0].u_weight_bram_bank/mem_reg_0_bram_0_0[0]
    RAMB36_X0Y65         RAMB36E2                                     r  u_my_ip/u_axi4_mapping/u_gemv/GEN_WEIGHT_BANK[0].u_weight_bram_bank/mem_reg_2_bram_1/ADDRBWRADDR[3]
  -------------------------------------------------------------------    -------------------

                         (clock s00_axi_aclk rise edge)
                                                      5.000     5.000 r  
                                                      0.000     5.000 r  s00_axi_aclk (IN)
                         net (fo=3968, unset)         0.040     5.040    u_my_ip/u_axi4_mapping/u_gemv/GEN_WEIGHT_BANK[0].u_weight_bram_bank/s00_axi_aclk
    RAMB36_X0Y65         RAMB36E2                                     r  u_my_ip/u_axi4_mapping/u_gemv/GEN_WEIGHT_BANK[0].u_weight_bram_bank/mem_reg_2_bram_1/CLKBWRCLK
                         clock pessimism              0.000     5.040    
                         clock uncertainty           -0.035     5.005    
    RAMB36_X0Y65         RAMB36E2 (Setup_RAMB36E2_RAMB36_CLKBWRCLK_ADDRBWRADDR[3])
                                                     -0.334     4.671    u_my_ip/u_axi4_mapping/u_gemv/GEN_WEIGHT_BANK[0].u_weight_bram_bank/mem_reg_2_bram_1
  -------------------------------------------------------------------
                         required time                          4.671    
                         arrival time                          -4.478    
  -------------------------------------------------------------------
                         slack                                  0.192    

Slack (MET) :             0.194ns  (required time - arrival time)
  Source:                 u_my_ip/u_axi4_mapping/u_gemv/weight_wr_addr_bank_reg[0][10]/C
                            (rising edge-triggered cell FDRE clocked by s00_axi_aclk  {rise@0.000ns fall@2.500ns period=5.000ns})
  Destination:            u_my_ip/u_axi4_mapping/u_gemv/GEN_WEIGHT_BANK[0].u_weight_bram_bank/mem_reg_2_bram_14/ADDRBWRADDR[13]
                            (rising edge-triggered cell RAMB36E2 clocked by s00_axi_aclk  {rise@0.000ns fall@2.500ns period=5.000ns})
  Path Group:             s00_axi_aclk
  Path Type:              Setup (Max at Slow Process Corner)
  Requirement:            5.000ns  (s00_axi_aclk rise@5.000ns - s00_axi_aclk rise@0.000ns)
  Data Path Delay:        4.491ns  (logic 0.076ns (1.692%)  route 4.415ns (98.308%))
  Logic Levels:           0  
  Clock Path Skew:        0.010ns (DCD - SCD + CPR)
    Destination Clock Delay (DCD):    0.040ns = ( 5.040 - 5.000 ) 
    Source Clock Delay      (SCD):    0.030ns
    Clock Pessimism Removal (CPR):    0.000ns
  Clock Uncertainty:      0.035ns  ((TSJ^2 + TIJ^2)^1/2 + DJ) / 2 + PE
    Total System Jitter     (TSJ):    0.071ns
    Total Input Jitter      (TIJ):    0.000ns
    Discrete Jitter          (DJ):    0.000ns
    Phase Error              (PE):    0.000ns

    Location             Delay type                Incr(ns)  Path(ns)    Netlist Resource(s)
  -------------------------------------------------------------------    -------------------
                         (clock s00_axi_aclk rise edge)
                                                      0.000     0.000 r  
                                                      0.000     0.000 r  s00_axi_aclk (IN)
                         net (fo=3968, unset)         0.030     0.030    u_my_ip/u_axi4_mapping/u_gemv/s00_axi_aclk
    SLICE_X89Y248        FDRE                                         r  u_my_ip/u_axi4_mapping/u_gemv/weight_wr_addr_bank_reg[0][10]/C
  -------------------------------------------------------------------    -------------------
    SLICE_X89Y248        FDRE (Prop_EFF_SLICEM_C_Q)
                                                      0.076     0.106 r  u_my_ip/u_axi4_mapping/u_gemv/weight_wr_addr_bank_reg[0][10]/Q
                         net (fo=64, routed)          4.415     4.521    u_my_ip/u_axi4_mapping/u_gemv/GEN_WEIGHT_BANK[0].u_weight_bram_bank/mem_reg_0_bram_0_0[10]
    RAMB36_X0Y62         RAMB36E2                                     r  u_my_ip/u_axi4_mapping/u_gemv/GEN_WEIGHT_BANK[0].u_weight_bram_bank/mem_reg_2_bram_14/ADDRBWRADDR[13]
  -------------------------------------------------------------------    -------------------

                         (clock s00_axi_aclk rise edge)
                                                      5.000     5.000 r  
                                                      0.000     5.000 r  s00_axi_aclk (IN)
                         net (fo=3968, unset)         0.040     5.040    u_my_ip/u_axi4_mapping/u_gemv/GEN_WEIGHT_BANK[0].u_weight_bram_bank/s00_axi_aclk
    RAMB36_X0Y62         RAMB36E2                                     r  u_my_ip/u_axi4_mapping/u_gemv/GEN_WEIGHT_BANK[0].u_weight_bram_bank/mem_reg_2_bram_14/CLKBWRCLK
                         clock pessimism              0.000     5.040    
                         clock uncertainty           -0.035     5.005    
    RAMB36_X0Y62         RAMB36E2 (Setup_RAMB36E2_RAMB36_CLKBWRCLK_ADDRBWRADDR[13])
                                                     -0.290     4.715    u_my_ip/u_axi4_mapping/u_gemv/GEN_WEIGHT_BANK[0].u_weight_bram_bank/mem_reg_2_bram_14
  -------------------------------------------------------------------
                         required time                          4.715    
                         arrival time                          -4.521    
  -------------------------------------------------------------------
                         slack                                  0.194    

Slack (MET) :             0.195ns  (required time - arrival time)
  Source:                 u_my_ip/u_axi4_mapping/u_gemv/weight_compute_addr_bank_reg[0][1]/C
                            (rising edge-triggered cell FDRE clocked by s00_axi_aclk  {rise@0.000ns fall@2.500ns period=5.000ns})
  Destination:            u_my_ip/u_axi4_mapping/u_gemv/GEN_WEIGHT_BANK[0].u_weight_bram_bank/mem_reg_2_bram_4/ADDRARDADDR[4]
                            (rising edge-triggered cell RAMB36E2 clocked by s00_axi_aclk  {rise@0.000ns fall@2.500ns period=5.000ns})
  Path Group:             s00_axi_aclk
  Path Type:              Setup (Max at Slow Process Corner)
  Requirement:            5.000ns  (s00_axi_aclk rise@5.000ns - s00_axi_aclk rise@0.000ns)
  Data Path Delay:        4.442ns  (logic 0.078ns (1.756%)  route 4.364ns (98.244%))
  Logic Levels:           0  
  Clock Path Skew:        0.009ns (DCD - SCD + CPR)
    Destination Clock Delay (DCD):    0.039ns = ( 5.039 - 5.000 ) 
    Source Clock Delay      (SCD):    0.030ns
    Clock Pessimism Removal (CPR):    0.000ns
  Clock Uncertainty:      0.035ns  ((TSJ^2 + TIJ^2)^1/2 + DJ) / 2 + PE
    Total System Jitter     (TSJ):    0.071ns
    Total Input Jitter      (TIJ):    0.000ns
    Discrete Jitter          (DJ):    0.000ns
    Phase Error              (PE):    0.000ns

    Location             Delay type                Incr(ns)  Path(ns)    Netlist Resource(s)
  -------------------------------------------------------------------    -------------------
                         (clock s00_axi_aclk rise edge)
                                                      0.000     0.000 r  
                                                      0.000     0.000 r  s00_axi_aclk (IN)
                         net (fo=3968, unset)         0.030     0.030    u_my_ip/u_axi4_mapping/u_gemv/s00_axi_aclk
    SLICE_X94Y239        FDRE                                         r  u_my_ip/u_axi4_mapping/u_gemv/weight_compute_addr_bank_reg[0][1]/C
  -------------------------------------------------------------------    -------------------
    SLICE_X94Y239        FDRE (Prop_BFF_SLICEM_C_Q)
                                                      0.078     0.108 r  u_my_ip/u_axi4_mapping/u_gemv/weight_compute_addr_bank_reg[0][1]/Q
                         net (fo=65, routed)          4.364     4.472    u_my_ip/u_axi4_mapping/u_gemv/GEN_WEIGHT_BANK[0].u_weight_bram_bank/out[1]
    RAMB36_X0Y68         RAMB36E2                                     r  u_my_ip/u_axi4_mapping/u_gemv/GEN_WEIGHT_BANK[0].u_weight_bram_bank/mem_reg_2_bram_4/ADDRARDADDR[4]
  -------------------------------------------------------------------    -------------------

                         (clock s00_axi_aclk rise edge)
                                                      5.000     5.000 r  
                                                      0.000     5.000 r  s00_axi_aclk (IN)
                         net (fo=3968, unset)         0.039     5.039    u_my_ip/u_axi4_mapping/u_gemv/GEN_WEIGHT_BANK[0].u_weight_bram_bank/s00_axi_aclk
    RAMB36_X0Y68         RAMB36E2                                     r  u_my_ip/u_axi4_mapping/u_gemv/GEN_WEIGHT_BANK[0].u_weight_bram_bank/mem_reg_2_bram_4/CLKARDCLK
                         clock pessimism              0.000     5.039    
                         clock uncertainty           -0.035     5.004    
    RAMB36_X0Y68         RAMB36E2 (Setup_RAMB36E2_RAMB36_CLKARDCLK_ADDRARDADDR[4])
                                                     -0.337     4.667    u_my_ip/u_axi4_mapping/u_gemv/GEN_WEIGHT_BANK[0].u_weight_bram_bank/mem_reg_2_bram_4
  -------------------------------------------------------------------
                         required time                          4.667    
                         arrival time                          -4.472    
  -------------------------------------------------------------------
                         slack                                  0.195    

Slack (MET) :             0.202ns  (required time - arrival time)
  Source:                 u_my_ip/u_axi4_mapping/u_gemv/weight_wr_addr_bank_reg[0][8]/C
                            (rising edge-triggered cell FDRE clocked by s00_axi_aclk  {rise@0.000ns fall@2.500ns period=5.000ns})
  Destination:            u_my_ip/u_axi4_mapping/u_gemv/GEN_WEIGHT_BANK[0].u_weight_bram_bank/mem_reg_2_bram_13/ADDRBWRADDR[11]
                            (rising edge-triggered cell RAMB36E2 clocked by s00_axi_aclk  {rise@0.000ns fall@2.500ns period=5.000ns})
  Path Group:             s00_axi_aclk
  Path Type:              Setup (Max at Slow Process Corner)
  Requirement:            5.000ns  (s00_axi_aclk rise@5.000ns - s00_axi_aclk rise@0.000ns)
  Data Path Delay:        4.469ns  (logic 0.079ns (1.768%)  route 4.390ns (98.232%))
  Logic Levels:           0  
  Clock Path Skew:        0.010ns (DCD - SCD + CPR)
    Destination Clock Delay (DCD):    0.040ns = ( 5.040 - 5.000 ) 
    Source Clock Delay      (SCD):    0.030ns
    Clock Pessimism Removal (CPR):    0.000ns
  Clock Uncertainty:      0.035ns  ((TSJ^2 + TIJ^2)^1/2 + DJ) / 2 + PE
    Total System Jitter     (TSJ):    0.071ns
    Total Input Jitter      (TIJ):    0.000ns
    Discrete Jitter          (DJ):    0.000ns
    Phase Error              (PE):    0.000ns

    Location             Delay type                Incr(ns)  Path(ns)    Netlist Resource(s)
  -------------------------------------------------------------------    -------------------
                         (clock s00_axi_aclk rise edge)
                                                      0.000     0.000 r  
                                                      0.000     0.000 r  s00_axi_aclk (IN)
                         net (fo=3968, unset)         0.030     0.030    u_my_ip/u_axi4_mapping/u_gemv/s00_axi_aclk
    SLICE_X89Y248        FDRE                                         r  u_my_ip/u_axi4_mapping/u_gemv/weight_wr_addr_bank_reg[0][8]/C
  -------------------------------------------------------------------    -------------------
    SLICE_X89Y248        FDRE (Prop_GFF2_SLICEM_C_Q)
                                                      0.079     0.109 r  u_my_ip/u_axi4_mapping/u_gemv/weight_wr_addr_bank_reg[0][8]/Q
                         net (fo=64, routed)          4.390     4.499    u_my_ip/u_axi4_mapping/u_gemv/GEN_WEIGHT_BANK[0].u_weight_bram_bank/mem_reg_0_bram_0_0[8]
    RAMB36_X0Y61         RAMB36E2                                     r  u_my_ip/u_axi4_mapping/u_gemv/GEN_WEIGHT_BANK[0].u_weight_bram_bank/mem_reg_2_bram_13/ADDRBWRADDR[11]
  -------------------------------------------------------------------    -------------------

                         (clock s00_axi_aclk rise edge)
                                                      5.000     5.000 r  
                                                      0.000     5.000 r  s00_axi_aclk (IN)
                         net (fo=3968, unset)         0.040     5.040    u_my_ip/u_axi4_mapping/u_gemv/GEN_WEIGHT_BANK[0].u_weight_bram_bank/s00_axi_aclk
    RAMB36_X0Y61         RAMB36E2                                     r  u_my_ip/u_axi4_mapping/u_gemv/GEN_WEIGHT_BANK[0].u_weight_bram_bank/mem_reg_2_bram_13/CLKBWRCLK
                         clock pessimism              0.000     5.040    
                         clock uncertainty           -0.035     5.005    
    RAMB36_X0Y61         RAMB36E2 (Setup_RAMB36E2_RAMB36_CLKBWRCLK_ADDRBWRADDR[11])
                                                     -0.303     4.702    u_my_ip/u_axi4_mapping/u_gemv/GEN_WEIGHT_BANK[0].u_weight_bram_bank/mem_reg_2_bram_13
  -------------------------------------------------------------------
                         required time                          4.702    
                         arrival time                          -4.499    
  -------------------------------------------------------------------
                         slack                                  0.202    

Slack (MET) :             0.205ns  (required time - arrival time)
  Source:                 u_my_ip/u_axi4_mapping/u_gemv/weight_wr_addr_bank_reg[3][9]/C
                            (rising edge-triggered cell FDRE clocked by s00_axi_aclk  {rise@0.000ns fall@2.500ns period=5.000ns})
  Destination:            u_my_ip/u_axi4_mapping/u_gemv/GEN_WEIGHT_BANK[3].u_weight_bram_bank/mem_reg_3_bram_11/ADDRBWRADDR[12]
                            (rising edge-triggered cell RAMB36E2 clocked by s00_axi_aclk  {rise@0.000ns fall@2.500ns period=5.000ns})
  Path Group:             s00_axi_aclk
  Path Type:              Setup (Max at Slow Process Corner)
  Requirement:            5.000ns  (s00_axi_aclk rise@5.000ns - s00_axi_aclk rise@0.000ns)
  Data Path Delay:        4.486ns  (logic 0.076ns (1.694%)  route 4.410ns (98.306%))
  Logic Levels:           0  
  Clock Path Skew:        0.010ns (DCD - SCD + CPR)
    Destination Clock Delay (DCD):    0.040ns = ( 5.040 - 5.000 ) 
    Source Clock Delay      (SCD):    0.030ns
    Clock Pessimism Removal (CPR):    0.000ns
  Clock Uncertainty:      0.035ns  ((TSJ^2 + TIJ^2)^1/2 + DJ) / 2 + PE
    Total System Jitter     (TSJ):    0.071ns
    Total Input Jitter      (TIJ):    0.000ns
    Discrete Jitter          (DJ):    0.000ns
    Phase Error              (PE):    0.000ns

    Location             Delay type                Incr(ns)  Path(ns)    Netlist Resource(s)
  -------------------------------------------------------------------    -------------------
                         (clock s00_axi_aclk rise edge)
                                                      0.000     0.000 r  
                                                      0.000     0.000 r  s00_axi_aclk (IN)
                         net (fo=3968, unset)         0.030     0.030    u_my_ip/u_axi4_mapping/u_gemv/s00_axi_aclk
    SLICE_X89Y203        FDRE                                         r  u_my_ip/u_axi4_mapping/u_gemv/weight_wr_addr_bank_reg[3][9]/C
  -------------------------------------------------------------------    -------------------
    SLICE_X89Y203        FDRE (Prop_FFF_SLICEM_C_Q)
                                                      0.076     0.106 r  u_my_ip/u_axi4_mapping/u_gemv/weight_wr_addr_bank_reg[3][9]/Q
                         net (fo=64, routed)          4.410     4.516    u_my_ip/u_axi4_mapping/u_gemv/GEN_WEIGHT_BANK[3].u_weight_bram_bank/mem_reg_0_bram_0_0[9]
    RAMB36_X4Y13         RAMB36E2                                     r  u_my_ip/u_axi4_mapping/u_gemv/GEN_WEIGHT_BANK[3].u_weight_bram_bank/mem_reg_3_bram_11/ADDRBWRADDR[12]
  -------------------------------------------------------------------    -------------------

                         (clock s00_axi_aclk rise edge)
                                                      5.000     5.000 r  
                                                      0.000     5.000 r  s00_axi_aclk (IN)
                         net (fo=3968, unset)         0.040     5.040    u_my_ip/u_axi4_mapping/u_gemv/GEN_WEIGHT_BANK[3].u_weight_bram_bank/s00_axi_aclk
    RAMB36_X4Y13         RAMB36E2                                     r  u_my_ip/u_axi4_mapping/u_gemv/GEN_WEIGHT_BANK[3].u_weight_bram_bank/mem_reg_3_bram_11/CLKBWRCLK
                         clock pessimism              0.000     5.040    
                         clock uncertainty           -0.035     5.005    
    RAMB36_X4Y13         RAMB36E2 (Setup_RAMB36E2_RAMB36_CLKBWRCLK_ADDRBWRADDR[12])
                                                     -0.284     4.721    u_my_ip/u_axi4_mapping/u_gemv/GEN_WEIGHT_BANK[3].u_weight_bram_bank/mem_reg_3_bram_11
  -------------------------------------------------------------------
                         required time                          4.721    
                         arrival time                          -4.516    
  -------------------------------------------------------------------
                         slack                                  0.205    

Slack (MET) :             0.206ns  (required time - arrival time)
  Source:                 u_my_ip/u_axi4_mapping/u_gemv/weight_wr_addr_bank_reg[0][8]/C
                            (rising edge-triggered cell FDRE clocked by s00_axi_aclk  {rise@0.000ns fall@2.500ns period=5.000ns})
  Destination:            u_my_ip/u_axi4_mapping/u_gemv/GEN_WEIGHT_BANK[0].u_weight_bram_bank/mem_reg_2_bram_1/ADDRBWRADDR[11]
                            (rising edge-triggered cell RAMB36E2 clocked by s00_axi_aclk  {rise@0.000ns fall@2.500ns period=5.000ns})
  Path Group:             s00_axi_aclk
  Path Type:              Setup (Max at Slow Process Corner)
  Requirement:            5.000ns  (s00_axi_aclk rise@5.000ns - s00_axi_aclk rise@0.000ns)
  Data Path Delay:        4.466ns  (logic 0.079ns (1.769%)  route 4.387ns (98.231%))
  Logic Levels:           0  
  Clock Path Skew:        0.010ns (DCD - SCD + CPR)
    Destination Clock Delay (DCD):    0.040ns = ( 5.040 - 5.000 ) 
    Source Clock Delay      (SCD):    0.030ns
    Clock Pessimism Removal (CPR):    0.000ns
  Clock Uncertainty:      0.035ns  ((TSJ^2 + TIJ^2)^1/2 + DJ) / 2 + PE
    Total System Jitter     (TSJ):    0.071ns
    Total Input Jitter      (TIJ):    0.000ns
    Discrete Jitter          (DJ):    0.000ns
    Phase Error              (PE):    0.000ns

    Location             Delay type                Incr(ns)  Path(ns)    Netlist Resource(s)
  -------------------------------------------------------------------    -------------------
                         (clock s00_axi_aclk rise edge)
                                                      0.000     0.000 r  
                                                      0.000     0.000 r  s00_axi_aclk (IN)
                         net (fo=3968, unset)         0.030     0.030    u_my_ip/u_axi4_mapping/u_gemv/s00_axi_aclk
    SLICE_X89Y248        FDRE                                         r  u_my_ip/u_axi4_mapping/u_gemv/weight_wr_addr_bank_reg[0][8]/C
  -------------------------------------------------------------------    -------------------
    SLICE_X89Y248        FDRE (Prop_GFF2_SLICEM_C_Q)
                                                      0.079     0.109 r  u_my_ip/u_axi4_mapping/u_gemv/weight_wr_addr_bank_reg[0][8]/Q
                         net (fo=64, routed)          4.387     4.496    u_my_ip/u_axi4_mapping/u_gemv/GEN_WEIGHT_BANK[0].u_weight_bram_bank/mem_reg_0_bram_0_0[8]
    RAMB36_X0Y65         RAMB36E2                                     r  u_my_ip/u_axi4_mapping/u_gemv/GEN_WEIGHT_BANK[0].u_weight_bram_bank/mem_reg_2_bram_1/ADDRBWRADDR[11]
  -------------------------------------------------------------------    -------------------

                         (clock s00_axi_aclk rise edge)
                                                      5.000     5.000 r  
                                                      0.000     5.000 r  s00_axi_aclk (IN)
                         net (fo=3968, unset)         0.040     5.040    u_my_ip/u_axi4_mapping/u_gemv/GEN_WEIGHT_BANK[0].u_weight_bram_bank/s00_axi_aclk
    RAMB36_X0Y65         RAMB36E2                                     r  u_my_ip/u_axi4_mapping/u_gemv/GEN_WEIGHT_BANK[0].u_weight_bram_bank/mem_reg_2_bram_1/CLKBWRCLK
                         clock pessimism              0.000     5.040    
                         clock uncertainty           -0.035     5.005    
    RAMB36_X0Y65         RAMB36E2 (Setup_RAMB36E2_RAMB36_CLKBWRCLK_ADDRBWRADDR[11])
                                                     -0.303     4.702    u_my_ip/u_axi4_mapping/u_gemv/GEN_WEIGHT_BANK[0].u_weight_bram_bank/mem_reg_2_bram_1
  -------------------------------------------------------------------
                         required time                          4.702    
                         arrival time                          -4.496    
  -------------------------------------------------------------------
                         slack                                  0.206    

Slack (MET) :             0.210ns  (required time - arrival time)
  Source:                 u_my_ip/u_axi4_mapping/u_gemv/weight_wr_addr_bank_reg[0][5]/C
                            (rising edge-triggered cell FDRE clocked by s00_axi_aclk  {rise@0.000ns fall@2.500ns period=5.000ns})
  Destination:            u_my_ip/u_axi4_mapping/u_gemv/GEN_WEIGHT_BANK[0].u_weight_bram_bank/mem_reg_2_bram_0/ADDRBWRADDR[8]
                            (rising edge-triggered cell RAMB36E2 clocked by s00_axi_aclk  {rise@0.000ns fall@2.500ns period=5.000ns})
  Path Group:             s00_axi_aclk
  Path Type:              Setup (Max at Slow Process Corner)
  Requirement:            5.000ns  (s00_axi_aclk rise@5.000ns - s00_axi_aclk rise@0.000ns)
  Data Path Delay:        4.460ns  (logic 0.079ns (1.771%)  route 4.381ns (98.229%))
  Logic Levels:           0  
  Clock Path Skew:        0.011ns (DCD - SCD + CPR)
    Destination Clock Delay (DCD):    0.040ns = ( 5.040 - 5.000 ) 
    Source Clock Delay      (SCD):    0.029ns
    Clock Pessimism Removal (CPR):    0.000ns
  Clock Uncertainty:      0.035ns  ((TSJ^2 + TIJ^2)^1/2 + DJ) / 2 + PE
    Total System Jitter     (TSJ):    0.071ns
    Total Input Jitter      (TIJ):    0.000ns
    Discrete Jitter          (DJ):    0.000ns
    Phase Error              (PE):    0.000ns

    Location             Delay type                Incr(ns)  Path(ns)    Netlist Resource(s)
  -------------------------------------------------------------------    -------------------
                         (clock s00_axi_aclk rise edge)
                                                      0.000     0.000 r  
                                                      0.000     0.000 r  s00_axi_aclk (IN)
                         net (fo=3968, unset)         0.029     0.029    u_my_ip/u_axi4_mapping/u_gemv/s00_axi_aclk
    SLICE_X90Y243        FDRE                                         r  u_my_ip/u_axi4_mapping/u_gemv/weight_wr_addr_bank_reg[0][5]/C
  -------------------------------------------------------------------    -------------------
    SLICE_X90Y243        FDRE (Prop_FFF_SLICEL_C_Q)
                                                      0.079     0.108 r  u_my_ip/u_axi4_mapping/u_gemv/weight_wr_addr_bank_reg[0][5]/Q
                         net (fo=64, routed)          4.381     4.489    u_my_ip/u_axi4_mapping/u_gemv/GEN_WEIGHT_BANK[0].u_weight_bram_bank/mem_reg_0_bram_0_0[5]
    RAMB36_X0Y64         RAMB36E2                                     r  u_my_ip/u_axi4_mapping/u_gemv/GEN_WEIGHT_BANK[0].u_weight_bram_bank/mem_reg_2_bram_0/ADDRBWRADDR[8]
  -------------------------------------------------------------------    -------------------

                         (clock s00_axi_aclk rise edge)
                                                      5.000     5.000 r  
                                                      0.000     5.000 r  s00_axi_aclk (IN)
                         net (fo=3968, unset)         0.040     5.040    u_my_ip/u_axi4_mapping/u_gemv/GEN_WEIGHT_BANK[0].u_weight_bram_bank/s00_axi_aclk
    RAMB36_X0Y64         RAMB36E2                                     r  u_my_ip/u_axi4_mapping/u_gemv/GEN_WEIGHT_BANK[0].u_weight_bram_bank/mem_reg_2_bram_0/CLKBWRCLK
                         clock pessimism              0.000     5.040    
                         clock uncertainty           -0.035     5.005    
    RAMB36_X0Y64         RAMB36E2 (Setup_RAMB36E2_RAMB36_CLKBWRCLK_ADDRBWRADDR[8])
                                                     -0.306     4.699    u_my_ip/u_axi4_mapping/u_gemv/GEN_WEIGHT_BANK[0].u_weight_bram_bank/mem_reg_2_bram_0
  -------------------------------------------------------------------
                         required time                          4.699    
                         arrival time                          -4.489    
  -------------------------------------------------------------------
                         slack                                  0.210    

Slack (MET) :             0.212ns  (required time - arrival time)
  Source:                 u_my_ip/u_axi4_mapping/u_gemv/weight_wr_addr_bank_reg[0][10]/C
                            (rising edge-triggered cell FDRE clocked by s00_axi_aclk  {rise@0.000ns fall@2.500ns period=5.000ns})
  Destination:            u_my_ip/u_axi4_mapping/u_gemv/GEN_WEIGHT_BANK[0].u_weight_bram_bank/mem_reg_2_bram_4/ADDRBWRADDR[13]
                            (rising edge-triggered cell RAMB36E2 clocked by s00_axi_aclk  {rise@0.000ns fall@2.500ns period=5.000ns})
  Path Group:             s00_axi_aclk
  Path Type:              Setup (Max at Slow Process Corner)
  Requirement:            5.000ns  (s00_axi_aclk rise@5.000ns - s00_axi_aclk rise@0.000ns)
  Data Path Delay:        4.473ns  (logic 0.076ns (1.699%)  route 4.397ns (98.301%))
  Logic Levels:           0  
  Clock Path Skew:        0.010ns (DCD - SCD + CPR)
    Destination Clock Delay (DCD):    0.040ns = ( 5.040 - 5.000 ) 
    Source Clock Delay      (SCD):    0.030ns
    Clock Pessimism Removal (CPR):    0.000ns
  Clock Uncertainty:      0.035ns  ((TSJ^2 + TIJ^2)^1/2 + DJ) / 2 + PE
    Total System Jitter     (TSJ):    0.071ns
    Total Input Jitter      (TIJ):    0.000ns
    Discrete Jitter          (DJ):    0.000ns
    Phase Error              (PE):    0.000ns

    Location             Delay type                Incr(ns)  Path(ns)    Netlist Resource(s)
  -------------------------------------------------------------------    -------------------
                         (clock s00_axi_aclk rise edge)
                                                      0.000     0.000 r  
                                                      0.000     0.000 r  s00_axi_aclk (IN)
                         net (fo=3968, unset)         0.030     0.030    u_my_ip/u_axi4_mapping/u_gemv/s00_axi_aclk
    SLICE_X89Y248        FDRE                                         r  u_my_ip/u_axi4_mapping/u_gemv/weight_wr_addr_bank_reg[0][10]/C
  -------------------------------------------------------------------    -------------------
    SLICE_X89Y248        FDRE (Prop_EFF_SLICEM_C_Q)
                                                      0.076     0.106 r  u_my_ip/u_axi4_mapping/u_gemv/weight_wr_addr_bank_reg[0][10]/Q
                         net (fo=64, routed)          4.397     4.503    u_my_ip/u_axi4_mapping/u_gemv/GEN_WEIGHT_BANK[0].u_weight_bram_bank/mem_reg_0_bram_0_0[10]
    RAMB36_X0Y68         RAMB36E2                                     r  u_my_ip/u_axi4_mapping/u_gemv/GEN_WEIGHT_BANK[0].u_weight_bram_bank/mem_reg_2_bram_4/ADDRBWRADDR[13]
  -------------------------------------------------------------------    -------------------

                         (clock s00_axi_aclk rise edge)
                                                      5.000     5.000 r  
                                                      0.000     5.000 r  s00_axi_aclk (IN)
                         net (fo=3968, unset)         0.040     5.040    u_my_ip/u_axi4_mapping/u_gemv/GEN_WEIGHT_BANK[0].u_weight_bram_bank/s00_axi_aclk
    RAMB36_X0Y68         RAMB36E2                                     r  u_my_ip/u_axi4_mapping/u_gemv/GEN_WEIGHT_BANK[0].u_weight_bram_bank/mem_reg_2_bram_4/CLKBWRCLK
                         clock pessimism              0.000     5.040    
                         clock uncertainty           -0.035     5.005    
    RAMB36_X0Y68         RAMB36E2 (Setup_RAMB36E2_RAMB36_CLKBWRCLK_ADDRBWRADDR[13])
                                                     -0.290     4.715    u_my_ip/u_axi4_mapping/u_gemv/GEN_WEIGHT_BANK[0].u_weight_bram_bank/mem_reg_2_bram_4
  -------------------------------------------------------------------
                         required time                          4.715    
                         arrival time                          -4.503    
  -------------------------------------------------------------------
                         slack                                  0.212    

Slack (MET) :             0.213ns  (required time - arrival time)
  Source:                 u_my_ip/u_axi4_mapping/u_gemv/weight_compute_addr_bank_reg[0][1]/C
                            (rising edge-triggered cell FDRE clocked by s00_axi_aclk  {rise@0.000ns fall@2.500ns period=5.000ns})
  Destination:            u_my_ip/u_axi4_mapping/u_gemv/GEN_WEIGHT_BANK[0].u_weight_bram_bank/mem_reg_2_bram_7/ADDRARDADDR[4]
                            (rising edge-triggered cell RAMB36E2 clocked by s00_axi_aclk  {rise@0.000ns fall@2.500ns period=5.000ns})
  Path Group:             s00_axi_aclk
  Path Type:              Setup (Max at Slow Process Corner)
  Requirement:            5.000ns  (s00_axi_aclk rise@5.000ns - s00_axi_aclk rise@0.000ns)
  Data Path Delay:        4.424ns  (logic 0.078ns (1.763%)  route 4.346ns (98.237%))
  Logic Levels:           0  
  Clock Path Skew:        0.009ns (DCD - SCD + CPR)
    Destination Clock Delay (DCD):    0.039ns = ( 5.039 - 5.000 ) 
    Source Clock Delay      (SCD):    0.030ns
    Clock Pessimism Removal (CPR):    0.000ns
  Clock Uncertainty:      0.035ns  ((TSJ^2 + TIJ^2)^1/2 + DJ) / 2 + PE
    Total System Jitter     (TSJ):    0.071ns
    Total Input Jitter      (TIJ):    0.000ns
    Discrete Jitter          (DJ):    0.000ns
    Phase Error              (PE):    0.000ns

    Location             Delay type                Incr(ns)  Path(ns)    Netlist Resource(s)
  -------------------------------------------------------------------    -------------------
                         (clock s00_axi_aclk rise edge)
                                                      0.000     0.000 r  
                                                      0.000     0.000 r  s00_axi_aclk (IN)
                         net (fo=3968, unset)         0.030     0.030    u_my_ip/u_axi4_mapping/u_gemv/s00_axi_aclk
    SLICE_X94Y239        FDRE                                         r  u_my_ip/u_axi4_mapping/u_gemv/weight_compute_addr_bank_reg[0][1]/C
  -------------------------------------------------------------------    -------------------
    SLICE_X94Y239        FDRE (Prop_BFF_SLICEM_C_Q)
                                                      0.078     0.108 r  u_my_ip/u_axi4_mapping/u_gemv/weight_compute_addr_bank_reg[0][1]/Q
                         net (fo=65, routed)          4.346     4.454    u_my_ip/u_axi4_mapping/u_gemv/GEN_WEIGHT_BANK[0].u_weight_bram_bank/out[1]
    RAMB36_X0Y71         RAMB36E2                                     r  u_my_ip/u_axi4_mapping/u_gemv/GEN_WEIGHT_BANK[0].u_weight_bram_bank/mem_reg_2_bram_7/ADDRARDADDR[4]
  -------------------------------------------------------------------    -------------------

                         (clock s00_axi_aclk rise edge)
                                                      5.000     5.000 r  
                                                      0.000     5.000 r  s00_axi_aclk (IN)
                         net (fo=3968, unset)         0.039     5.039    u_my_ip/u_axi4_mapping/u_gemv/GEN_WEIGHT_BANK[0].u_weight_bram_bank/s00_axi_aclk
    RAMB36_X0Y71         RAMB36E2                                     r  u_my_ip/u_axi4_mapping/u_gemv/GEN_WEIGHT_BANK[0].u_weight_bram_bank/mem_reg_2_bram_7/CLKARDCLK
                         clock pessimism              0.000     5.039    
                         clock uncertainty           -0.035     5.004    
    RAMB36_X0Y71         RAMB36E2 (Setup_RAMB36E2_RAMB36_CLKARDCLK_ADDRARDADDR[4])
                                                     -0.337     4.667    u_my_ip/u_axi4_mapping/u_gemv/GEN_WEIGHT_BANK[0].u_weight_bram_bank/mem_reg_2_bram_7
  -------------------------------------------------------------------
                         required time                          4.667    
                         arrival time                          -4.454    
  -------------------------------------------------------------------
                         slack                                  0.213    

Slack (MET) :             0.214ns  (required time - arrival time)
  Source:                 u_my_ip/u_axi4_mapping/u_gemv/weight_wr_addr_bank_reg[0][8]/C
                            (rising edge-triggered cell FDRE clocked by s00_axi_aclk  {rise@0.000ns fall@2.500ns period=5.000ns})
  Destination:            u_my_ip/u_axi4_mapping/u_gemv/GEN_WEIGHT_BANK[0].u_weight_bram_bank/mem_reg_2_bram_3/ADDRBWRADDR[11]
                            (rising edge-triggered cell RAMB36E2 clocked by s00_axi_aclk  {rise@0.000ns fall@2.500ns period=5.000ns})
  Path Group:             s00_axi_aclk
  Path Type:              Setup (Max at Slow Process Corner)
  Requirement:            5.000ns  (s00_axi_aclk rise@5.000ns - s00_axi_aclk rise@0.000ns)
  Data Path Delay:        4.458ns  (logic 0.079ns (1.772%)  route 4.379ns (98.228%))
  Logic Levels:           0  
  Clock Path Skew:        0.010ns (DCD - SCD + CPR)
    Destination Clock Delay (DCD):    0.040ns = ( 5.040 - 5.000 ) 
    Source Clock Delay      (SCD):    0.030ns
    Clock Pessimism Removal (CPR):    0.000ns
  Clock Uncertainty:      0.035ns  ((TSJ^2 + TIJ^2)^1/2 + DJ) / 2 + PE
    Total System Jitter     (TSJ):    0.071ns
    Total Input Jitter      (TIJ):    0.000ns
    Discrete Jitter          (DJ):    0.000ns
    Phase Error              (PE):    0.000ns

    Location             Delay type                Incr(ns)  Path(ns)    Netlist Resource(s)
  -------------------------------------------------------------------    -------------------
                         (clock s00_axi_aclk rise edge)
                                                      0.000     0.000 r  
                                                      0.000     0.000 r  s00_axi_aclk (IN)
                         net (fo=3968, unset)         0.030     0.030    u_my_ip/u_axi4_mapping/u_gemv/s00_axi_aclk
    SLICE_X89Y248        FDRE                                         r  u_my_ip/u_axi4_mapping/u_gemv/weight_wr_addr_bank_reg[0][8]/C
  -------------------------------------------------------------------    -------------------
    SLICE_X89Y248        FDRE (Prop_GFF2_SLICEM_C_Q)
                                                      0.079     0.109 r  u_my_ip/u_axi4_mapping/u_gemv/weight_wr_addr_bank_reg[0][8]/Q
                         net (fo=64, routed)          4.379     4.488    u_my_ip/u_axi4_mapping/u_gemv/GEN_WEIGHT_BANK[0].u_weight_bram_bank/mem_reg_0_bram_0_0[8]
    RAMB36_X0Y67         RAMB36E2                                     r  u_my_ip/u_axi4_mapping/u_gemv/GEN_WEIGHT_BANK[0].u_weight_bram_bank/mem_reg_2_bram_3/ADDRBWRADDR[11]
  -------------------------------------------------------------------    -------------------

                         (clock s00_axi_aclk rise edge)
                                                      5.000     5.000 r  
                                                      0.000     5.000 r  s00_axi_aclk (IN)
                         net (fo=3968, unset)         0.040     5.040    u_my_ip/u_axi4_mapping/u_gemv/GEN_WEIGHT_BANK[0].u_weight_bram_bank/s00_axi_aclk
    RAMB36_X0Y67         RAMB36E2                                     r  u_my_ip/u_axi4_mapping/u_gemv/GEN_WEIGHT_BANK[0].u_weight_bram_bank/mem_reg_2_bram_3/CLKBWRCLK
                         clock pessimism              0.000     5.040    
                         clock uncertainty           -0.035     5.005    
    RAMB36_X0Y67         RAMB36E2 (Setup_RAMB36E2_RAMB36_CLKBWRCLK_ADDRBWRADDR[11])
                                                     -0.303     4.702    u_my_ip/u_axi4_mapping/u_gemv/GEN_WEIGHT_BANK[0].u_weight_bram_bank/mem_reg_2_bram_3
  -------------------------------------------------------------------
                         required time                          4.702    
                         arrival time                          -4.488    
  -------------------------------------------------------------------
                         slack                                  0.214    

Slack (MET) :             0.215ns  (required time - arrival time)
  Source:                 u_my_ip/u_axi4_mapping/u_gemv/weight_wr_addr_bank_reg[0][8]/C
                            (rising edge-triggered cell FDRE clocked by s00_axi_aclk  {rise@0.000ns fall@2.500ns period=5.000ns})
  Destination:            u_my_ip/u_axi4_mapping/u_gemv/GEN_WEIGHT_BANK[0].u_weight_bram_bank/mem_reg_2_bram_15/ADDRBWRADDR[11]
                            (rising edge-triggered cell RAMB36E2 clocked by s00_axi_aclk  {rise@0.000ns fall@2.500ns period=5.000ns})
  Path Group:             s00_axi_aclk
  Path Type:              Setup (Max at Slow Process Corner)
  Requirement:            5.000ns  (s00_axi_aclk rise@5.000ns - s00_axi_aclk rise@0.000ns)
  Data Path Delay:        4.457ns  (logic 0.079ns (1.772%)  route 4.378ns (98.228%))
  Logic Levels:           0  
  Clock Path Skew:        0.010ns (DCD - SCD + CPR)
    Destination Clock Delay (DCD):    0.040ns = ( 5.040 - 5.000 ) 
    Source Clock Delay      (SCD):    0.030ns
    Clock Pessimism Removal (CPR):    0.000ns
  Clock Uncertainty:      0.035ns  ((TSJ^2 + TIJ^2)^1/2 + DJ) / 2 + PE
    Total System Jitter     (TSJ):    0.071ns
    Total Input Jitter      (TIJ):    0.000ns
    Discrete Jitter          (DJ):    0.000ns
    Phase Error              (PE):    0.000ns

    Location             Delay type                Incr(ns)  Path(ns)    Netlist Resource(s)
  -------------------------------------------------------------------    -------------------
                         (clock s00_axi_aclk rise edge)
                                                      0.000     0.000 r  
                                                      0.000     0.000 r  s00_axi_aclk (IN)
                         net (fo=3968, unset)         0.030     0.030    u_my_ip/u_axi4_mapping/u_gemv/s00_axi_aclk
    SLICE_X89Y248        FDRE                                         r  u_my_ip/u_axi4_mapping/u_gemv/weight_wr_addr_bank_reg[0][8]/C
  -------------------------------------------------------------------    -------------------
    SLICE_X89Y248        FDRE (Prop_GFF2_SLICEM_C_Q)
                                                      0.079     0.109 r  u_my_ip/u_axi4_mapping/u_gemv/weight_wr_addr_bank_reg[0][8]/Q
                         net (fo=64, routed)          4.378     4.487    u_my_ip/u_axi4_mapping/u_gemv/GEN_WEIGHT_BANK[0].u_weight_bram_bank/mem_reg_0_bram_0_0[8]
    RAMB36_X0Y63         RAMB36E2                                     r  u_my_ip/u_axi4_mapping/u_gemv/GEN_WEIGHT_BANK[0].u_weight_bram_bank/mem_reg_2_bram_15/ADDRBWRADDR[11]
  -------------------------------------------------------------------    -------------------

                         (clock s00_axi_aclk rise edge)
                                                      5.000     5.000 r  
                                                      0.000     5.000 r  s00_axi_aclk (IN)
                         net (fo=3968, unset)         0.040     5.040    u_my_ip/u_axi4_mapping/u_gemv/GEN_WEIGHT_BANK[0].u_weight_bram_bank/s00_axi_aclk
    RAMB36_X0Y63         RAMB36E2                                     r  u_my_ip/u_axi4_mapping/u_gemv/GEN_WEIGHT_BANK[0].u_weight_bram_bank/mem_reg_2_bram_15/CLKBWRCLK
                         clock pessimism              0.000     5.040    
                         clock uncertainty           -0.035     5.005    
    RAMB36_X0Y63         RAMB36E2 (Setup_RAMB36E2_RAMB36_CLKBWRCLK_ADDRBWRADDR[11])
                                                     -0.303     4.702    u_my_ip/u_axi4_mapping/u_gemv/GEN_WEIGHT_BANK[0].u_weight_bram_bank/mem_reg_2_bram_15
  -------------------------------------------------------------------
                         required time                          4.702    
                         arrival time                          -4.487    
  -------------------------------------------------------------------
                         slack                                  0.215    

Slack (MET) :             0.223ns  (required time - arrival time)
  Source:                 u_my_ip/u_axi4_mapping/u_gemv/weight_wr_addr_bank_reg[0][0]/C
                            (rising edge-triggered cell FDRE clocked by s00_axi_aclk  {rise@0.000ns fall@2.500ns period=5.000ns})
  Destination:            u_my_ip/u_axi4_mapping/u_gemv/GEN_WEIGHT_BANK[0].u_weight_bram_bank/mem_reg_2_bram_3/ADDRBWRADDR[3]
                            (rising edge-triggered cell RAMB36E2 clocked by s00_axi_aclk  {rise@0.000ns fall@2.500ns period=5.000ns})
  Path Group:             s00_axi_aclk
  Path Type:              Setup (Max at Slow Process Corner)
  Requirement:            5.000ns  (s00_axi_aclk rise@5.000ns - s00_axi_aclk rise@0.000ns)
  Data Path Delay:        4.418ns  (logic 0.076ns (1.720%)  route 4.342ns (98.280%))
  Logic Levels:           0  
  Clock Path Skew:        0.010ns (DCD - SCD + CPR)
    Destination Clock Delay (DCD):    0.040ns = ( 5.040 - 5.000 ) 
    Source Clock Delay      (SCD):    0.030ns
    Clock Pessimism Removal (CPR):    0.000ns
  Clock Uncertainty:      0.035ns  ((TSJ^2 + TIJ^2)^1/2 + DJ) / 2 + PE
    Total System Jitter     (TSJ):    0.071ns
    Total Input Jitter      (TIJ):    0.000ns
    Discrete Jitter          (DJ):    0.000ns
    Phase Error              (PE):    0.000ns

    Location             Delay type                Incr(ns)  Path(ns)    Netlist Resource(s)
  -------------------------------------------------------------------    -------------------
                         (clock s00_axi_aclk rise edge)
                                                      0.000     0.000 r  
                                                      0.000     0.000 r  s00_axi_aclk (IN)
                         net (fo=3968, unset)         0.030     0.030    u_my_ip/u_axi4_mapping/u_gemv/s00_axi_aclk
    SLICE_X89Y243        FDRE                                         r  u_my_ip/u_axi4_mapping/u_gemv/weight_wr_addr_bank_reg[0][0]/C
  -------------------------------------------------------------------    -------------------
    SLICE_X89Y243        FDRE (Prop_EFF_SLICEM_C_Q)
                                                      0.076     0.106 r  u_my_ip/u_axi4_mapping/u_gemv/weight_wr_addr_bank_reg[0][0]/Q
                         net (fo=64, routed)          4.342     4.448    u_my_ip/u_axi4_mapping/u_gemv/GEN_WEIGHT_BANK[0].u_weight_bram_bank/mem_reg_0_bram_0_0[0]
    RAMB36_X0Y67         RAMB36E2                                     r  u_my_ip/u_axi4_mapping/u_gemv/GEN_WEIGHT_BANK[0].u_weight_bram_bank/mem_reg_2_bram_3/ADDRBWRADDR[3]
  -------------------------------------------------------------------    -------------------

                         (clock s00_axi_aclk rise edge)
                                                      5.000     5.000 r  
                                                      0.000     5.000 r  s00_axi_aclk (IN)
                         net (fo=3968, unset)         0.040     5.040    u_my_ip/u_axi4_mapping/u_gemv/GEN_WEIGHT_BANK[0].u_weight_bram_bank/s00_axi_aclk
    RAMB36_X0Y67         RAMB36E2                                     r  u_my_ip/u_axi4_mapping/u_gemv/GEN_WEIGHT_BANK[0].u_weight_bram_bank/mem_reg_2_bram_3/CLKBWRCLK
                         clock pessimism              0.000     5.040    
                         clock uncertainty           -0.035     5.005    
    RAMB36_X0Y67         RAMB36E2 (Setup_RAMB36E2_RAMB36_CLKBWRCLK_ADDRBWRADDR[3])
                                                     -0.334     4.671    u_my_ip/u_axi4_mapping/u_gemv/GEN_WEIGHT_BANK[0].u_weight_bram_bank/mem_reg_2_bram_3
  -------------------------------------------------------------------
                         required time                          4.671    
                         arrival time                          -4.448    
  -------------------------------------------------------------------
                         slack                                  0.223    

Slack (MET) :             0.224ns  (required time - arrival time)
  Source:                 u_my_ip/u_axi4_mapping/u_gemv/weight_wr_addr_bank_reg[0][10]/C
                            (rising edge-triggered cell FDRE clocked by s00_axi_aclk  {rise@0.000ns fall@2.500ns period=5.000ns})
  Destination:            u_my_ip/u_axi4_mapping/u_gemv/GEN_WEIGHT_BANK[0].u_weight_bram_bank/mem_reg_2_bram_9/ADDRBWRADDR[13]
                            (rising edge-triggered cell RAMB36E2 clocked by s00_axi_aclk  {rise@0.000ns fall@2.500ns period=5.000ns})
  Path Group:             s00_axi_aclk
  Path Type:              Setup (Max at Slow Process Corner)
  Requirement:            5.000ns  (s00_axi_aclk rise@5.000ns - s00_axi_aclk rise@0.000ns)
  Data Path Delay:        4.461ns  (logic 0.076ns (1.704%)  route 4.385ns (98.296%))
  Logic Levels:           0  
  Clock Path Skew:        0.010ns (DCD - SCD + CPR)
    Destination Clock Delay (DCD):    0.040ns = ( 5.040 - 5.000 ) 
    Source Clock Delay      (SCD):    0.030ns
    Clock Pessimism Removal (CPR):    0.000ns
  Clock Uncertainty:      0.035ns  ((TSJ^2 + TIJ^2)^1/2 + DJ) / 2 + PE
    Total System Jitter     (TSJ):    0.071ns
    Total Input Jitter      (TIJ):    0.000ns
    Discrete Jitter          (DJ):    0.000ns
    Phase Error              (PE):    0.000ns

    Location             Delay type                Incr(ns)  Path(ns)    Netlist Resource(s)
  -------------------------------------------------------------------    -------------------
                         (clock s00_axi_aclk rise edge)
                                                      0.000     0.000 r  
                                                      0.000     0.000 r  s00_axi_aclk (IN)
                         net (fo=3968, unset)         0.030     0.030    u_my_ip/u_axi4_mapping/u_gemv/s00_axi_aclk
    SLICE_X89Y248        FDRE                                         r  u_my_ip/u_axi4_mapping/u_gemv/weight_wr_addr_bank_reg[0][10]/C
  -------------------------------------------------------------------    -------------------
    SLICE_X89Y248        FDRE (Prop_EFF_SLICEM_C_Q)
                                                      0.076     0.106 r  u_my_ip/u_axi4_mapping/u_gemv/weight_wr_addr_bank_reg[0][10]/Q
                         net (fo=64, routed)          4.385     4.491    u_my_ip/u_axi4_mapping/u_gemv/GEN_WEIGHT_BANK[0].u_weight_bram_bank/mem_reg_0_bram_0_0[10]
    RAMB36_X0Y57         RAMB36E2                                     r  u_my_ip/u_axi4_mapping/u_gemv/GEN_WEIGHT_BANK[0].u_weight_bram_bank/mem_reg_2_bram_9/ADDRBWRADDR[13]
  -------------------------------------------------------------------    -------------------

                         (clock s00_axi_aclk rise edge)
                                                      5.000     5.000 r  
                                                      0.000     5.000 r  s00_axi_aclk (IN)
                         net (fo=3968, unset)         0.040     5.040    u_my_ip/u_axi4_mapping/u_gemv/GEN_WEIGHT_BANK[0].u_weight_bram_bank/s00_axi_aclk
    RAMB36_X0Y57         RAMB36E2                                     r  u_my_ip/u_axi4_mapping/u_gemv/GEN_WEIGHT_BANK[0].u_weight_bram_bank/mem_reg_2_bram_9/CLKBWRCLK
                         clock pessimism              0.000     5.040    
                         clock uncertainty           -0.035     5.005    
    RAMB36_X0Y57         RAMB36E2 (Setup_RAMB36E2_RAMB36_CLKBWRCLK_ADDRBWRADDR[13])
                                                     -0.290     4.715    u_my_ip/u_axi4_mapping/u_gemv/GEN_WEIGHT_BANK[0].u_weight_bram_bank/mem_reg_2_bram_9
  -------------------------------------------------------------------
                         required time                          4.715    
                         arrival time                          -4.491    
  -------------------------------------------------------------------
                         slack                                  0.224    

Slack (MET) :             0.226ns  (required time - arrival time)
  Source:                 u_my_ip/u_axi4_mapping/u_gemv/weight_wr_addr_bank_reg[3][11]/C
                            (rising edge-triggered cell FDRE clocked by s00_axi_aclk  {rise@0.000ns fall@2.500ns period=5.000ns})
  Destination:            u_my_ip/u_axi4_mapping/u_gemv/GEN_WEIGHT_BANK[3].u_weight_bram_bank/mem_reg_3_bram_1/ADDRBWRADDR[14]
                            (rising edge-triggered cell RAMB36E2 clocked by s00_axi_aclk  {rise@0.000ns fall@2.500ns period=5.000ns})
  Path Group:             s00_axi_aclk
  Path Type:              Setup (Max at Slow Process Corner)
  Requirement:            5.000ns  (s00_axi_aclk rise@5.000ns - s00_axi_aclk rise@0.000ns)
  Data Path Delay:        4.420ns  (logic 0.076ns (1.720%)  route 4.344ns (98.280%))
  Logic Levels:           0  
  Clock Path Skew:        0.010ns (DCD - SCD + CPR)
    Destination Clock Delay (DCD):    0.040ns = ( 5.040 - 5.000 ) 
    Source Clock Delay      (SCD):    0.030ns
    Clock Pessimism Removal (CPR):    0.000ns
  Clock Uncertainty:      0.035ns  ((TSJ^2 + TIJ^2)^1/2 + DJ) / 2 + PE
    Total System Jitter     (TSJ):    0.071ns
    Total Input Jitter      (TIJ):    0.000ns
    Discrete Jitter          (DJ):    0.000ns
    Phase Error              (PE):    0.000ns

    Location             Delay type                Incr(ns)  Path(ns)    Netlist Resource(s)
  -------------------------------------------------------------------    -------------------
                         (clock s00_axi_aclk rise edge)
                                                      0.000     0.000 r  
                                                      0.000     0.000 r  s00_axi_aclk (IN)
                         net (fo=3968, unset)         0.030     0.030    u_my_ip/u_axi4_mapping/u_gemv/s00_axi_aclk
    SLICE_X89Y212        FDRE                                         r  u_my_ip/u_axi4_mapping/u_gemv/weight_wr_addr_bank_reg[3][11]/C
  -------------------------------------------------------------------    -------------------
    SLICE_X89Y212        FDRE (Prop_FFF_SLICEM_C_Q)
                                                      0.076     0.106 r  u_my_ip/u_axi4_mapping/u_gemv/weight_wr_addr_bank_reg[3][11]/Q
                         net (fo=64, routed)          4.344     4.450    u_my_ip/u_axi4_mapping/u_gemv/GEN_WEIGHT_BANK[3].u_weight_bram_bank/mem_reg_0_bram_0_0[11]
    RAMB36_X4Y3          RAMB36E2                                     r  u_my_ip/u_axi4_mapping/u_gemv/GEN_WEIGHT_BANK[3].u_weight_bram_bank/mem_reg_3_bram_1/ADDRBWRADDR[14]
  -------------------------------------------------------------------    -------------------

                         (clock s00_axi_aclk rise edge)
                                                      5.000     5.000 r  
                                                      0.000     5.000 r  s00_axi_aclk (IN)
                         net (fo=3968, unset)         0.040     5.040    u_my_ip/u_axi4_mapping/u_gemv/GEN_WEIGHT_BANK[3].u_weight_bram_bank/s00_axi_aclk
    RAMB36_X4Y3          RAMB36E2                                     r  u_my_ip/u_axi4_mapping/u_gemv/GEN_WEIGHT_BANK[3].u_weight_bram_bank/mem_reg_3_bram_1/CLKBWRCLK
                         clock pessimism              0.000     5.040    
                         clock uncertainty           -0.035     5.005    
    RAMB36_X4Y3          RAMB36E2 (Setup_RAMB36E2_RAMB36_CLKBWRCLK_ADDRBWRADDR[14])
                                                     -0.329     4.676    u_my_ip/u_axi4_mapping/u_gemv/GEN_WEIGHT_BANK[3].u_weight_bram_bank/mem_reg_3_bram_1
  -------------------------------------------------------------------
                         required time                          4.676    
                         arrival time                          -4.450    
  -------------------------------------------------------------------
                         slack                                  0.226    

Slack (MET) :             0.227ns  (required time - arrival time)
  Source:                 u_my_ip/u_axi4_mapping/u_gemv/weight_wr_addr_bank_reg[1][7]/C
                            (rising edge-triggered cell FDRE clocked by s00_axi_aclk  {rise@0.000ns fall@2.500ns period=5.000ns})
  Destination:            u_my_ip/u_axi4_mapping/u_gemv/GEN_WEIGHT_BANK[1].u_weight_bram_bank/mem_reg_1_bram_12/ADDRBWRADDR[10]
                            (rising edge-triggered cell RAMB36E2 clocked by s00_axi_aclk  {rise@0.000ns fall@2.500ns period=5.000ns})
  Path Group:             s00_axi_aclk
  Path Type:              Setup (Max at Slow Process Corner)
  Requirement:            5.000ns  (s00_axi_aclk rise@5.000ns - s00_axi_aclk rise@0.000ns)
  Data Path Delay:        4.439ns  (logic 0.081ns (1.825%)  route 4.358ns (98.175%))
  Logic Levels:           0  
  Clock Path Skew:        0.011ns (DCD - SCD + CPR)
    Destination Clock Delay (DCD):    0.040ns = ( 5.040 - 5.000 ) 
    Source Clock Delay      (SCD):    0.029ns
    Clock Pessimism Removal (CPR):    0.000ns
  Clock Uncertainty:      0.035ns  ((TSJ^2 + TIJ^2)^1/2 + DJ) / 2 + PE
    Total System Jitter     (TSJ):    0.071ns
    Total Input Jitter      (TIJ):    0.000ns
    Discrete Jitter          (DJ):    0.000ns
    Phase Error              (PE):    0.000ns

    Location             Delay type                Incr(ns)  Path(ns)    Netlist Resource(s)
  -------------------------------------------------------------------    -------------------
                         (clock s00_axi_aclk rise edge)
                                                      0.000     0.000 r  
                                                      0.000     0.000 r  s00_axi_aclk (IN)
                         net (fo=3968, unset)         0.029     0.029    u_my_ip/u_axi4_mapping/u_gemv/s00_axi_aclk
    SLICE_X87Y203        FDRE                                         r  u_my_ip/u_axi4_mapping/u_gemv/weight_wr_addr_bank_reg[1][7]/C
  -------------------------------------------------------------------    -------------------
    SLICE_X87Y203        FDRE (Prop_EFF2_SLICEL_C_Q)
                                                      0.081     0.110 r  u_my_ip/u_axi4_mapping/u_gemv/weight_wr_addr_bank_reg[1][7]/Q
                         net (fo=64, routed)          4.358     4.468    u_my_ip/u_axi4_mapping/u_gemv/GEN_WEIGHT_BANK[1].u_weight_bram_bank/mem_reg_0_bram_0_0[7]
    RAMB36_X1Y25         RAMB36E2                                     r  u_my_ip/u_axi4_mapping/u_gemv/GEN_WEIGHT_BANK[1].u_weight_bram_bank/mem_reg_1_bram_12/ADDRBWRADDR[10]
  -------------------------------------------------------------------    -------------------

                         (clock s00_axi_aclk rise edge)
                                                      5.000     5.000 r  
                                                      0.000     5.000 r  s00_axi_aclk (IN)
                         net (fo=3968, unset)         0.040     5.040    u_my_ip/u_axi4_mapping/u_gemv/GEN_WEIGHT_BANK[1].u_weight_bram_bank/s00_axi_aclk
    RAMB36_X1Y25         RAMB36E2                                     r  u_my_ip/u_axi4_mapping/u_gemv/GEN_WEIGHT_BANK[1].u_weight_bram_bank/mem_reg_1_bram_12/CLKBWRCLK
                         clock pessimism              0.000     5.040    
                         clock uncertainty           -0.035     5.005    
    RAMB36_X1Y25         RAMB36E2 (Setup_RAMB36E2_RAMB36_CLKBWRCLK_ADDRBWRADDR[10])
                                                     -0.309     4.696    u_my_ip/u_axi4_mapping/u_gemv/GEN_WEIGHT_BANK[1].u_weight_bram_bank/mem_reg_1_bram_12
  -------------------------------------------------------------------
                         required time                          4.696    
                         arrival time                          -4.468    
  -------------------------------------------------------------------
                         slack                                  0.227    

Slack (MET) :             0.231ns  (required time - arrival time)
  Source:                 u_my_ip/u_axi4_mapping/u_gemv/weight_wr_addr_bank_reg[1][7]/C
                            (rising edge-triggered cell FDRE clocked by s00_axi_aclk  {rise@0.000ns fall@2.500ns period=5.000ns})
  Destination:            u_my_ip/u_axi4_mapping/u_gemv/GEN_WEIGHT_BANK[1].u_weight_bram_bank/mem_reg_2_bram_11/ADDRBWRADDR[10]
                            (rising edge-triggered cell RAMB36E2 clocked by s00_axi_aclk  {rise@0.000ns fall@2.500ns period=5.000ns})
  Path Group:             s00_axi_aclk
  Path Type:              Setup (Max at Slow Process Corner)
  Requirement:            5.000ns  (s00_axi_aclk rise@5.000ns - s00_axi_aclk rise@0.000ns)
  Data Path Delay:        4.436ns  (logic 0.081ns (1.826%)  route 4.355ns (98.174%))
  Logic Levels:           0  
  Clock Path Skew:        0.011ns (DCD - SCD + CPR)
    Destination Clock Delay (DCD):    0.040ns = ( 5.040 - 5.000 ) 
    Source Clock Delay      (SCD):    0.029ns
    Clock Pessimism Removal (CPR):    0.000ns
  Clock Uncertainty:      0.035ns  ((TSJ^2 + TIJ^2)^1/2 + DJ) / 2 + PE
    Total System Jitter     (TSJ):    0.071ns
    Total Input Jitter      (TIJ):    0.000ns
    Discrete Jitter          (DJ):    0.000ns
    Phase Error              (PE):    0.000ns

    Location             Delay type                Incr(ns)  Path(ns)    Netlist Resource(s)
  -------------------------------------------------------------------    -------------------
                         (clock s00_axi_aclk rise edge)
                                                      0.000     0.000 r  
                                                      0.000     0.000 r  s00_axi_aclk (IN)
                         net (fo=3968, unset)         0.029     0.029    u_my_ip/u_axi4_mapping/u_gemv/s00_axi_aclk
    SLICE_X87Y203        FDRE                                         r  u_my_ip/u_axi4_mapping/u_gemv/weight_wr_addr_bank_reg[1][7]/C
  -------------------------------------------------------------------    -------------------
    SLICE_X87Y203        FDRE (Prop_EFF2_SLICEL_C_Q)
                                                      0.081     0.110 r  u_my_ip/u_axi4_mapping/u_gemv/weight_wr_addr_bank_reg[1][7]/Q
                         net (fo=64, routed)          4.355     4.465    u_my_ip/u_axi4_mapping/u_gemv/GEN_WEIGHT_BANK[1].u_weight_bram_bank/mem_reg_0_bram_0_0[7]
    RAMB36_X1Y16         RAMB36E2                                     r  u_my_ip/u_axi4_mapping/u_gemv/GEN_WEIGHT_BANK[1].u_weight_bram_bank/mem_reg_2_bram_11/ADDRBWRADDR[10]
  -------------------------------------------------------------------    -------------------

                         (clock s00_axi_aclk rise edge)
                                                      5.000     5.000 r  
                                                      0.000     5.000 r  s00_axi_aclk (IN)
                         net (fo=3968, unset)         0.040     5.040    u_my_ip/u_axi4_mapping/u_gemv/GEN_WEIGHT_BANK[1].u_weight_bram_bank/s00_axi_aclk
    RAMB36_X1Y16         RAMB36E2                                     r  u_my_ip/u_axi4_mapping/u_gemv/GEN_WEIGHT_BANK[1].u_weight_bram_bank/mem_reg_2_bram_11/CLKBWRCLK
                         clock pessimism              0.000     5.040    
                         clock uncertainty           -0.035     5.005    
    RAMB36_X1Y16         RAMB36E2 (Setup_RAMB36E2_RAMB36_CLKBWRCLK_ADDRBWRADDR[10])
                                                     -0.309     4.696    u_my_ip/u_axi4_mapping/u_gemv/GEN_WEIGHT_BANK[1].u_weight_bram_bank/mem_reg_2_bram_11
  -------------------------------------------------------------------
                         required time                          4.696    
                         arrival time                          -4.465    
  -------------------------------------------------------------------
                         slack                                  0.231    

Slack (MET) :             0.232ns  (required time - arrival time)
  Source:                 u_my_ip/u_axi4_mapping/u_gemv/weight_wr_addr_bank_reg[1][7]/C
                            (rising edge-triggered cell FDRE clocked by s00_axi_aclk  {rise@0.000ns fall@2.500ns period=5.000ns})
  Destination:            u_my_ip/u_axi4_mapping/u_gemv/GEN_WEIGHT_BANK[1].u_weight_bram_bank/mem_reg_1_bram_6/ADDRBWRADDR[10]
                            (rising edge-triggered cell RAMB36E2 clocked by s00_axi_aclk  {rise@0.000ns fall@2.500ns period=5.000ns})
  Path Group:             s00_axi_aclk
  Path Type:              Setup (Max at Slow Process Corner)
  Requirement:            5.000ns  (s00_axi_aclk rise@5.000ns - s00_axi_aclk rise@0.000ns)
  Data Path Delay:        4.435ns  (logic 0.081ns (1.827%)  route 4.354ns (98.173%))
  Logic Levels:           0  
  Clock Path Skew:        0.011ns (DCD - SCD + CPR)
    Destination Clock Delay (DCD):    0.040ns = ( 5.040 - 5.000 ) 
    Source Clock Delay      (SCD):    0.029ns
    Clock Pessimism Removal (CPR):    0.000ns
  Clock Uncertainty:      0.035ns  ((TSJ^2 + TIJ^2)^1/2 + DJ) / 2 + PE
    Total System Jitter     (TSJ):    0.071ns
    Total Input Jitter      (TIJ):    0.000ns
    Discrete Jitter          (DJ):    0.000ns
    Phase Error              (PE):    0.000ns

    Location             Delay type                Incr(ns)  Path(ns)    Netlist Resource(s)
  -------------------------------------------------------------------    -------------------
                         (clock s00_axi_aclk rise edge)
                                                      0.000     0.000 r  
                                                      0.000     0.000 r  s00_axi_aclk (IN)
                         net (fo=3968, unset)         0.029     0.029    u_my_ip/u_axi4_mapping/u_gemv/s00_axi_aclk
    SLICE_X87Y203        FDRE                                         r  u_my_ip/u_axi4_mapping/u_gemv/weight_wr_addr_bank_reg[1][7]/C
  -------------------------------------------------------------------    -------------------
    SLICE_X87Y203        FDRE (Prop_EFF2_SLICEL_C_Q)
                                                      0.081     0.110 r  u_my_ip/u_axi4_mapping/u_gemv/weight_wr_addr_bank_reg[1][7]/Q
                         net (fo=64, routed)          4.354     4.464    u_my_ip/u_axi4_mapping/u_gemv/GEN_WEIGHT_BANK[1].u_weight_bram_bank/mem_reg_0_bram_0_0[7]
    RAMB36_X0Y54         RAMB36E2                                     r  u_my_ip/u_axi4_mapping/u_gemv/GEN_WEIGHT_BANK[1].u_weight_bram_bank/mem_reg_1_bram_6/ADDRBWRADDR[10]
  -------------------------------------------------------------------    -------------------

                         (clock s00_axi_aclk rise edge)
                                                      5.000     5.000 r  
                                                      0.000     5.000 r  s00_axi_aclk (IN)
                         net (fo=3968, unset)         0.040     5.040    u_my_ip/u_axi4_mapping/u_gemv/GEN_WEIGHT_BANK[1].u_weight_bram_bank/s00_axi_aclk
    RAMB36_X0Y54         RAMB36E2                                     r  u_my_ip/u_axi4_mapping/u_gemv/GEN_WEIGHT_BANK[1].u_weight_bram_bank/mem_reg_1_bram_6/CLKBWRCLK
                         clock pessimism              0.000     5.040    
                         clock uncertainty           -0.035     5.005    
    RAMB36_X0Y54         RAMB36E2 (Setup_RAMB36E2_RAMB36_CLKBWRCLK_ADDRBWRADDR[10])
                                                     -0.309     4.696    u_my_ip/u_axi4_mapping/u_gemv/GEN_WEIGHT_BANK[1].u_weight_bram_bank/mem_reg_1_bram_6
  -------------------------------------------------------------------
                         required time                          4.696    
                         arrival time                          -4.464    
  -------------------------------------------------------------------
                         slack                                  0.232    

Slack (MET) :             0.234ns  (required time - arrival time)
  Source:                 u_my_ip/u_axi4_mapping/u_gemv/weight_compute_addr_bank_reg[0][5]/C
                            (rising edge-triggered cell FDRE clocked by s00_axi_aclk  {rise@0.000ns fall@2.500ns period=5.000ns})
  Destination:            u_my_ip/u_axi4_mapping/u_gemv/GEN_WEIGHT_BANK[0].u_weight_bram_bank/mem_reg_0_bram_3/ADDRARDADDR[8]
                            (rising edge-triggered cell RAMB36E2 clocked by s00_axi_aclk  {rise@0.000ns fall@2.500ns period=5.000ns})
  Path Group:             s00_axi_aclk
  Path Type:              Setup (Max at Slow Process Corner)
  Requirement:            5.000ns  (s00_axi_aclk rise@5.000ns - s00_axi_aclk rise@0.000ns)
  Data Path Delay:        4.456ns  (logic 0.076ns (1.705%)  route 4.380ns (98.295%))
  Logic Levels:           0  
  Clock Path Skew:        0.009ns (DCD - SCD + CPR)
    Destination Clock Delay (DCD):    0.039ns = ( 5.039 - 5.000 ) 
    Source Clock Delay      (SCD):    0.030ns
    Clock Pessimism Removal (CPR):    0.000ns
  Clock Uncertainty:      0.035ns  ((TSJ^2 + TIJ^2)^1/2 + DJ) / 2 + PE
    Total System Jitter     (TSJ):    0.071ns
    Total Input Jitter      (TIJ):    0.000ns
    Discrete Jitter          (DJ):    0.000ns
    Phase Error              (PE):    0.000ns

    Location             Delay type                Incr(ns)  Path(ns)    Netlist Resource(s)
  -------------------------------------------------------------------    -------------------
                         (clock s00_axi_aclk rise edge)
                                                      0.000     0.000 r  
                                                      0.000     0.000 r  s00_axi_aclk (IN)
                         net (fo=3968, unset)         0.030     0.030    u_my_ip/u_axi4_mapping/u_gemv/s00_axi_aclk
    SLICE_X94Y239        FDRE                                         r  u_my_ip/u_axi4_mapping/u_gemv/weight_compute_addr_bank_reg[0][5]/C
  -------------------------------------------------------------------    -------------------
    SLICE_X94Y239        FDRE (Prop_FFF_SLICEM_C_Q)
                                                      0.076     0.106 r  u_my_ip/u_axi4_mapping/u_gemv/weight_compute_addr_bank_reg[0][5]/Q
                         net (fo=65, routed)          4.380     4.486    u_my_ip/u_axi4_mapping/u_gemv/GEN_WEIGHT_BANK[0].u_weight_bram_bank/out[5]
    RAMB36_X1Y56         RAMB36E2                                     r  u_my_ip/u_axi4_mapping/u_gemv/GEN_WEIGHT_BANK[0].u_weight_bram_bank/mem_reg_0_bram_3/ADDRARDADDR[8]
  -------------------------------------------------------------------    -------------------

                         (clock s00_axi_aclk rise edge)
                                                      5.000     5.000 r  
                                                      0.000     5.000 r  s00_axi_aclk (IN)
                         net (fo=3968, unset)         0.039     5.039    u_my_ip/u_axi4_mapping/u_gemv/GEN_WEIGHT_BANK[0].u_weight_bram_bank/s00_axi_aclk
    RAMB36_X1Y56         RAMB36E2                                     r  u_my_ip/u_axi4_mapping/u_gemv/GEN_WEIGHT_BANK[0].u_weight_bram_bank/mem_reg_0_bram_3/CLKARDCLK
                         clock pessimism              0.000     5.039    
                         clock uncertainty           -0.035     5.004    
    RAMB36_X1Y56         RAMB36E2 (Setup_RAMB36E2_RAMB36_CLKARDCLK_ADDRARDADDR[8])
                                                     -0.283     4.721    u_my_ip/u_axi4_mapping/u_gemv/GEN_WEIGHT_BANK[0].u_weight_bram_bank/mem_reg_0_bram_3
  -------------------------------------------------------------------
                         required time                          4.721    
                         arrival time                          -4.486    
  -------------------------------------------------------------------
                         slack                                  0.234    

Slack (MET) :             0.234ns  (required time - arrival time)
  Source:                 u_my_ip/u_axi4_mapping/u_gemv/weight_compute_addr_bank_reg[1][4]/C
                            (rising edge-triggered cell FDRE clocked by s00_axi_aclk  {rise@0.000ns fall@2.500ns period=5.000ns})
  Destination:            u_my_ip/u_axi4_mapping/u_gemv/GEN_WEIGHT_BANK[1].u_weight_bram_bank/mem_reg_2_bram_10/ADDRARDADDR[7]
                            (rising edge-triggered cell RAMB36E2 clocked by s00_axi_aclk  {rise@0.000ns fall@2.500ns period=5.000ns})
  Path Group:             s00_axi_aclk
  Path Type:              Setup (Max at Slow Process Corner)
  Requirement:            5.000ns  (s00_axi_aclk rise@5.000ns - s00_axi_aclk rise@0.000ns)
  Data Path Delay:        4.473ns  (logic 0.079ns (1.766%)  route 4.394ns (98.234%))
  Logic Levels:           0  
  Clock Path Skew:        0.010ns (DCD - SCD + CPR)
    Destination Clock Delay (DCD):    0.039ns = ( 5.039 - 5.000 ) 
    Source Clock Delay      (SCD):    0.029ns
    Clock Pessimism Removal (CPR):    0.000ns
  Clock Uncertainty:      0.035ns  ((TSJ^2 + TIJ^2)^1/2 + DJ) / 2 + PE
    Total System Jitter     (TSJ):    0.071ns
    Total Input Jitter      (TIJ):    0.000ns
    Discrete Jitter          (DJ):    0.000ns
    Phase Error              (PE):    0.000ns

    Location             Delay type                Incr(ns)  Path(ns)    Netlist Resource(s)
  -------------------------------------------------------------------    -------------------
                         (clock s00_axi_aclk rise edge)
                                                      0.000     0.000 r  
                                                      0.000     0.000 r  s00_axi_aclk (IN)
                         net (fo=3968, unset)         0.029     0.029    u_my_ip/u_axi4_mapping/u_gemv/s00_axi_aclk
    SLICE_X95Y223        FDRE                                         r  u_my_ip/u_axi4_mapping/u_gemv/weight_compute_addr_bank_reg[1][4]/C
  -------------------------------------------------------------------    -------------------
    SLICE_X95Y223        FDRE (Prop_EFF_SLICEL_C_Q)
                                                      0.079     0.108 r  u_my_ip/u_axi4_mapping/u_gemv/weight_compute_addr_bank_reg[1][4]/Q
                         net (fo=65, routed)          4.394     4.502    u_my_ip/u_axi4_mapping/u_gemv/GEN_WEIGHT_BANK[1].u_weight_bram_bank/out[4]
    RAMB36_X1Y15         RAMB36E2                                     r  u_my_ip/u_axi4_mapping/u_gemv/GEN_WEIGHT_BANK[1].u_weight_bram_bank/mem_reg_2_bram_10/ADDRARDADDR[7]
  -------------------------------------------------------------------    -------------------

                         (clock s00_axi_aclk rise edge)
                                                      5.000     5.000 r  
                                                      0.000     5.000 r  s00_axi_aclk (IN)
                         net (fo=3968, unset)         0.039     5.039    u_my_ip/u_axi4_mapping/u_gemv/GEN_WEIGHT_BANK[1].u_weight_bram_bank/s00_axi_aclk
    RAMB36_X1Y15         RAMB36E2                                     r  u_my_ip/u_axi4_mapping/u_gemv/GEN_WEIGHT_BANK[1].u_weight_bram_bank/mem_reg_2_bram_10/CLKARDCLK
                         clock pessimism              0.000     5.039    
                         clock uncertainty           -0.035     5.004    
    RAMB36_X1Y15         RAMB36E2 (Setup_RAMB36E2_RAMB36_CLKARDCLK_ADDRARDADDR[7])
                                                     -0.267     4.737    u_my_ip/u_axi4_mapping/u_gemv/GEN_WEIGHT_BANK[1].u_weight_bram_bank/mem_reg_2_bram_10
  -------------------------------------------------------------------
                         required time                          4.737    
                         arrival time                          -4.502    
  -------------------------------------------------------------------
                         slack                                  0.234    

Slack (MET) :             0.237ns  (required time - arrival time)
  Source:                 u_my_ip/u_axi4_mapping/u_gemv/weight_wr_addr_bank_reg[0][0]/C
                            (rising edge-triggered cell FDRE clocked by s00_axi_aclk  {rise@0.000ns fall@2.500ns period=5.000ns})
  Destination:            u_my_ip/u_axi4_mapping/u_gemv/GEN_WEIGHT_BANK[0].u_weight_bram_bank/mem_reg_2_bram_2/ADDRBWRADDR[3]
                            (rising edge-triggered cell RAMB36E2 clocked by s00_axi_aclk  {rise@0.000ns fall@2.500ns period=5.000ns})
  Path Group:             s00_axi_aclk
  Path Type:              Setup (Max at Slow Process Corner)
  Requirement:            5.000ns  (s00_axi_aclk rise@5.000ns - s00_axi_aclk rise@0.000ns)
  Data Path Delay:        4.403ns  (logic 0.076ns (1.726%)  route 4.327ns (98.274%))
  Logic Levels:           0  
  Clock Path Skew:        0.010ns (DCD - SCD + CPR)
    Destination Clock Delay (DCD):    0.040ns = ( 5.040 - 5.000 ) 
    Source Clock Delay      (SCD):    0.030ns
    Clock Pessimism Removal (CPR):    0.000ns
  Clock Uncertainty:      0.035ns  ((TSJ^2 + TIJ^2)^1/2 + DJ) / 2 + PE
    Total System Jitter     (TSJ):    0.071ns
    Total Input Jitter      (TIJ):    0.000ns
    Discrete Jitter          (DJ):    0.000ns
    Phase Error              (PE):    0.000ns

    Location             Delay type                Incr(ns)  Path(ns)    Netlist Resource(s)
  -------------------------------------------------------------------    -------------------
                         (clock s00_axi_aclk rise edge)
                                                      0.000     0.000 r  
                                                      0.000     0.000 r  s00_axi_aclk (IN)
                         net (fo=3968, unset)         0.030     0.030    u_my_ip/u_axi4_mapping/u_gemv/s00_axi_aclk
    SLICE_X89Y243        FDRE                                         r  u_my_ip/u_axi4_mapping/u_gemv/weight_wr_addr_bank_reg[0][0]/C
  -------------------------------------------------------------------    -------------------
    SLICE_X89Y243        FDRE (Prop_EFF_SLICEM_C_Q)
                                                      0.076     0.106 r  u_my_ip/u_axi4_mapping/u_gemv/weight_wr_addr_bank_reg[0][0]/Q
                         net (fo=64, routed)          4.327     4.433    u_my_ip/u_axi4_mapping/u_gemv/GEN_WEIGHT_BANK[0].u_weight_bram_bank/mem_reg_0_bram_0_0[0]
    RAMB36_X0Y66         RAMB36E2                                     r  u_my_ip/u_axi4_mapping/u_gemv/GEN_WEIGHT_BANK[0].u_weight_bram_bank/mem_reg_2_bram_2/ADDRBWRADDR[3]
  -------------------------------------------------------------------    -------------------

                         (clock s00_axi_aclk rise edge)
                                                      5.000     5.000 r  
                                                      0.000     5.000 r  s00_axi_aclk (IN)
                         net (fo=3968, unset)         0.040     5.040    u_my_ip/u_axi4_mapping/u_gemv/GEN_WEIGHT_BANK[0].u_weight_bram_bank/s00_axi_aclk
    RAMB36_X0Y66         RAMB36E2                                     r  u_my_ip/u_axi4_mapping/u_gemv/GEN_WEIGHT_BANK[0].u_weight_bram_bank/mem_reg_2_bram_2/CLKBWRCLK
                         clock pessimism              0.000     5.040    
                         clock uncertainty           -0.035     5.005    
    RAMB36_X0Y66         RAMB36E2 (Setup_RAMB36E2_RAMB36_CLKBWRCLK_ADDRBWRADDR[3])
                                                     -0.334     4.671    u_my_ip/u_axi4_mapping/u_gemv/GEN_WEIGHT_BANK[0].u_weight_bram_bank/mem_reg_2_bram_2
  -------------------------------------------------------------------
                         required time                          4.671    
                         arrival time                          -4.433    
  -------------------------------------------------------------------
                         slack                                  0.237    

Slack (MET) :             0.239ns  (required time - arrival time)
  Source:                 u_my_ip/u_axi4_mapping/u_gemv/weight_wr_addr_bank_reg[1][7]/C
                            (rising edge-triggered cell FDRE clocked by s00_axi_aclk  {rise@0.000ns fall@2.500ns period=5.000ns})
  Destination:            u_my_ip/u_axi4_mapping/u_gemv/GEN_WEIGHT_BANK[1].u_weight_bram_bank/mem_reg_2_bram_15/ADDRBWRADDR[10]
                            (rising edge-triggered cell RAMB36E2 clocked by s00_axi_aclk  {rise@0.000ns fall@2.500ns period=5.000ns})
  Path Group:             s00_axi_aclk
  Path Type:              Setup (Max at Slow Process Corner)
  Requirement:            5.000ns  (s00_axi_aclk rise@5.000ns - s00_axi_aclk rise@0.000ns)
  Data Path Delay:        4.428ns  (logic 0.081ns (1.829%)  route 4.347ns (98.171%))
  Logic Levels:           0  
  Clock Path Skew:        0.011ns (DCD - SCD + CPR)
    Destination Clock Delay (DCD):    0.040ns = ( 5.040 - 5.000 ) 
    Source Clock Delay      (SCD):    0.029ns
    Clock Pessimism Removal (CPR):    0.000ns
  Clock Uncertainty:      0.035ns  ((TSJ^2 + TIJ^2)^1/2 + DJ) / 2 + PE
    Total System Jitter     (TSJ):    0.071ns
    Total Input Jitter      (TIJ):    0.000ns
    Discrete Jitter          (DJ):    0.000ns
    Phase Error              (PE):    0.000ns

    Location             Delay type                Incr(ns)  Path(ns)    Netlist Resource(s)
  -------------------------------------------------------------------    -------------------
                         (clock s00_axi_aclk rise edge)
                                                      0.000     0.000 r  
                                                      0.000     0.000 r  s00_axi_aclk (IN)
                         net (fo=3968, unset)         0.029     0.029    u_my_ip/u_axi4_mapping/u_gemv/s00_axi_aclk
    SLICE_X87Y203        FDRE                                         r  u_my_ip/u_axi4_mapping/u_gemv/weight_wr_addr_bank_reg[1][7]/C
  -------------------------------------------------------------------    -------------------
    SLICE_X87Y203        FDRE (Prop_EFF2_SLICEL_C_Q)
                                                      0.081     0.110 r  u_my_ip/u_axi4_mapping/u_gemv/weight_wr_addr_bank_reg[1][7]/Q
                         net (fo=64, routed)          4.347     4.457    u_my_ip/u_axi4_mapping/u_gemv/GEN_WEIGHT_BANK[1].u_weight_bram_bank/mem_reg_0_bram_0_0[7]
    RAMB36_X1Y20         RAMB36E2                                     r  u_my_ip/u_axi4_mapping/u_gemv/GEN_WEIGHT_BANK[1].u_weight_bram_bank/mem_reg_2_bram_15/ADDRBWRADDR[10]
  -------------------------------------------------------------------    -------------------

                         (clock s00_axi_aclk rise edge)
                                                      5.000     5.000 r  
                                                      0.000     5.000 r  s00_axi_aclk (IN)
                         net (fo=3968, unset)         0.040     5.040    u_my_ip/u_axi4_mapping/u_gemv/GEN_WEIGHT_BANK[1].u_weight_bram_bank/s00_axi_aclk
    RAMB36_X1Y20         RAMB36E2                                     r  u_my_ip/u_axi4_mapping/u_gemv/GEN_WEIGHT_BANK[1].u_weight_bram_bank/mem_reg_2_bram_15/CLKBWRCLK
                         clock pessimism              0.000     5.040    
                         clock uncertainty           -0.035     5.005    
    RAMB36_X1Y20         RAMB36E2 (Setup_RAMB36E2_RAMB36_CLKBWRCLK_ADDRBWRADDR[10])
                                                     -0.309     4.696    u_my_ip/u_axi4_mapping/u_gemv/GEN_WEIGHT_BANK[1].u_weight_bram_bank/mem_reg_2_bram_15
  -------------------------------------------------------------------
                         required time                          4.696    
                         arrival time                          -4.457    
  -------------------------------------------------------------------
                         slack                                  0.239    

Slack (MET) :             0.240ns  (required time - arrival time)
  Source:                 u_my_ip/u_axi4_mapping/u_gemv/weight_wr_addr_bank_reg[1][1]/C
                            (rising edge-triggered cell FDRE clocked by s00_axi_aclk  {rise@0.000ns fall@2.500ns period=5.000ns})
  Destination:            u_my_ip/u_axi4_mapping/u_gemv/GEN_WEIGHT_BANK[1].u_weight_bram_bank/mem_reg_1_bram_7/ADDRBWRADDR[4]
                            (rising edge-triggered cell RAMB36E2 clocked by s00_axi_aclk  {rise@0.000ns fall@2.500ns period=5.000ns})
  Path Group:             s00_axi_aclk
  Path Type:              Setup (Max at Slow Process Corner)
  Requirement:            5.000ns  (s00_axi_aclk rise@5.000ns - s00_axi_aclk rise@0.000ns)
  Data Path Delay:        4.392ns  (logic 0.079ns (1.799%)  route 4.313ns (98.201%))
  Logic Levels:           0  
  Clock Path Skew:        0.010ns (DCD - SCD + CPR)
    Destination Clock Delay (DCD):    0.040ns = ( 5.040 - 5.000 ) 
    Source Clock Delay      (SCD):    0.030ns
    Clock Pessimism Removal (CPR):    0.000ns
  Clock Uncertainty:      0.035ns  ((TSJ^2 + TIJ^2)^1/2 + DJ) / 2 + PE
    Total System Jitter     (TSJ):    0.071ns
    Total Input Jitter      (TIJ):    0.000ns
    Discrete Jitter          (DJ):    0.000ns
    Phase Error              (PE):    0.000ns

    Location             Delay type                Incr(ns)  Path(ns)    Netlist Resource(s)
  -------------------------------------------------------------------    -------------------
                         (clock s00_axi_aclk rise edge)
                                                      0.000     0.000 r  
                                                      0.000     0.000 r  s00_axi_aclk (IN)
                         net (fo=3968, unset)         0.030     0.030    u_my_ip/u_axi4_mapping/u_gemv/s00_axi_aclk
    SLICE_X89Y201        FDRE                                         r  u_my_ip/u_axi4_mapping/u_gemv/weight_wr_addr_bank_reg[1][1]/C
  -------------------------------------------------------------------    -------------------
    SLICE_X89Y201        FDRE (Prop_EFF2_SLICEM_C_Q)
                                                      0.079     0.109 r  u_my_ip/u_axi4_mapping/u_gemv/weight_wr_addr_bank_reg[1][1]/Q
                         net (fo=64, routed)          4.313     4.422    u_my_ip/u_axi4_mapping/u_gemv/GEN_WEIGHT_BANK[1].u_weight_bram_bank/mem_reg_0_bram_0_0[1]
    RAMB36_X0Y55         RAMB36E2                                     r  u_my_ip/u_axi4_mapping/u_gemv/GEN_WEIGHT_BANK[1].u_weight_bram_bank/mem_reg_1_bram_7/ADDRBWRADDR[4]
  -------------------------------------------------------------------    -------------------

                         (clock s00_axi_aclk rise edge)
                                                      5.000     5.000 r  
                                                      0.000     5.000 r  s00_axi_aclk (IN)
                         net (fo=3968, unset)         0.040     5.040    u_my_ip/u_axi4_mapping/u_gemv/GEN_WEIGHT_BANK[1].u_weight_bram_bank/s00_axi_aclk
    RAMB36_X0Y55         RAMB36E2                                     r  u_my_ip/u_axi4_mapping/u_gemv/GEN_WEIGHT_BANK[1].u_weight_bram_bank/mem_reg_1_bram_7/CLKBWRCLK
                         clock pessimism              0.000     5.040    
                         clock uncertainty           -0.035     5.005    
    RAMB36_X0Y55         RAMB36E2 (Setup_RAMB36E2_RAMB36_CLKBWRCLK_ADDRBWRADDR[4])
                                                     -0.343     4.662    u_my_ip/u_axi4_mapping/u_gemv/GEN_WEIGHT_BANK[1].u_weight_bram_bank/mem_reg_1_bram_7
  -------------------------------------------------------------------
                         required time                          4.662    
                         arrival time                          -4.422    
  -------------------------------------------------------------------
                         slack                                  0.240    

Slack (MET) :             0.240ns  (required time - arrival time)
  Source:                 u_my_ip/u_axi4_mapping/u_gemv/weight_compute_addr_bank_reg[0][5]/C
                            (rising edge-triggered cell FDRE clocked by s00_axi_aclk  {rise@0.000ns fall@2.500ns period=5.000ns})
  Destination:            u_my_ip/u_axi4_mapping/u_gemv/GEN_WEIGHT_BANK[0].u_weight_bram_bank/mem_reg_0_bram_4/ADDRARDADDR[8]
                            (rising edge-triggered cell RAMB36E2 clocked by s00_axi_aclk  {rise@0.000ns fall@2.500ns period=5.000ns})
  Path Group:             s00_axi_aclk
  Path Type:              Setup (Max at Slow Process Corner)
  Requirement:            5.000ns  (s00_axi_aclk rise@5.000ns - s00_axi_aclk rise@0.000ns)
  Data Path Delay:        4.451ns  (logic 0.076ns (1.708%)  route 4.375ns (98.292%))
  Logic Levels:           0  
  Clock Path Skew:        0.009ns (DCD - SCD + CPR)
    Destination Clock Delay (DCD):    0.039ns = ( 5.039 - 5.000 ) 
    Source Clock Delay      (SCD):    0.030ns
    Clock Pessimism Removal (CPR):    0.000ns
  Clock Uncertainty:      0.035ns  ((TSJ^2 + TIJ^2)^1/2 + DJ) / 2 + PE
    Total System Jitter     (TSJ):    0.071ns
    Total Input Jitter      (TIJ):    0.000ns
    Discrete Jitter          (DJ):    0.000ns
    Phase Error              (PE):    0.000ns

    Location             Delay type                Incr(ns)  Path(ns)    Netlist Resource(s)
  -------------------------------------------------------------------    -------------------
                         (clock s00_axi_aclk rise edge)
                                                      0.000     0.000 r  
                                                      0.000     0.000 r  s00_axi_aclk (IN)
                         net (fo=3968, unset)         0.030     0.030    u_my_ip/u_axi4_mapping/u_gemv/s00_axi_aclk
    SLICE_X94Y239        FDRE                                         r  u_my_ip/u_axi4_mapping/u_gemv/weight_compute_addr_bank_reg[0][5]/C
  -------------------------------------------------------------------    -------------------
    SLICE_X94Y239        FDRE (Prop_FFF_SLICEM_C_Q)
                                                      0.076     0.106 r  u_my_ip/u_axi4_mapping/u_gemv/weight_compute_addr_bank_reg[0][5]/Q
                         net (fo=65, routed)          4.375     4.481    u_my_ip/u_axi4_mapping/u_gemv/GEN_WEIGHT_BANK[0].u_weight_bram_bank/out[5]
    RAMB36_X1Y57         RAMB36E2                                     r  u_my_ip/u_axi4_mapping/u_gemv/GEN_WEIGHT_BANK[0].u_weight_bram_bank/mem_reg_0_bram_4/ADDRARDADDR[8]
  -------------------------------------------------------------------    -------------------

                         (clock s00_axi_aclk rise edge)
                                                      5.000     5.000 r  
                                                      0.000     5.000 r  s00_axi_aclk (IN)
                         net (fo=3968, unset)         0.039     5.039    u_my_ip/u_axi4_mapping/u_gemv/GEN_WEIGHT_BANK[0].u_weight_bram_bank/s00_axi_aclk
    RAMB36_X1Y57         RAMB36E2                                     r  u_my_ip/u_axi4_mapping/u_gemv/GEN_WEIGHT_BANK[0].u_weight_bram_bank/mem_reg_0_bram_4/CLKARDCLK
                         clock pessimism              0.000     5.039    
                         clock uncertainty           -0.035     5.004    
    RAMB36_X1Y57         RAMB36E2 (Setup_RAMB36E2_RAMB36_CLKARDCLK_ADDRARDADDR[8])
                                                     -0.283     4.721    u_my_ip/u_axi4_mapping/u_gemv/GEN_WEIGHT_BANK[0].u_weight_bram_bank/mem_reg_0_bram_4
  -------------------------------------------------------------------
                         required time                          4.721    
                         arrival time                          -4.481    
  -------------------------------------------------------------------
                         slack                                  0.240    

Slack (MET) :             0.243ns  (required time - arrival time)
  Source:                 u_my_ip/u_axi4_mapping/u_gemv/weight_compute_addr_bank_reg[0][5]/C
                            (rising edge-triggered cell FDRE clocked by s00_axi_aclk  {rise@0.000ns fall@2.500ns period=5.000ns})
  Destination:            u_my_ip/u_axi4_mapping/u_gemv/GEN_WEIGHT_BANK[0].u_weight_bram_bank/mem_reg_0_bram_0/ADDRARDADDR[8]
                            (rising edge-triggered cell RAMB36E2 clocked by s00_axi_aclk  {rise@0.000ns fall@2.500ns period=5.000ns})
  Path Group:             s00_axi_aclk
  Path Type:              Setup (Max at Slow Process Corner)
  Requirement:            5.000ns  (s00_axi_aclk rise@5.000ns - s00_axi_aclk rise@0.000ns)
  Data Path Delay:        4.447ns  (logic 0.076ns (1.709%)  route 4.371ns (98.291%))
  Logic Levels:           0  
  Clock Path Skew:        0.009ns (DCD - SCD + CPR)
    Destination Clock Delay (DCD):    0.039ns = ( 5.039 - 5.000 ) 
    Source Clock Delay      (SCD):    0.030ns
    Clock Pessimism Removal (CPR):    0.000ns
  Clock Uncertainty:      0.035ns  ((TSJ^2 + TIJ^2)^1/2 + DJ) / 2 + PE
    Total System Jitter     (TSJ):    0.071ns
    Total Input Jitter      (TIJ):    0.000ns
    Discrete Jitter          (DJ):    0.000ns
    Phase Error              (PE):    0.000ns

    Location             Delay type                Incr(ns)  Path(ns)    Netlist Resource(s)
  -------------------------------------------------------------------    -------------------
                         (clock s00_axi_aclk rise edge)
                                                      0.000     0.000 r  
                                                      0.000     0.000 r  s00_axi_aclk (IN)
                         net (fo=3968, unset)         0.030     0.030    u_my_ip/u_axi4_mapping/u_gemv/s00_axi_aclk
    SLICE_X94Y239        FDRE                                         r  u_my_ip/u_axi4_mapping/u_gemv/weight_compute_addr_bank_reg[0][5]/C
  -------------------------------------------------------------------    -------------------
    SLICE_X94Y239        FDRE (Prop_FFF_SLICEM_C_Q)
                                                      0.076     0.106 r  u_my_ip/u_axi4_mapping/u_gemv/weight_compute_addr_bank_reg[0][5]/Q
                         net (fo=65, routed)          4.371     4.477    u_my_ip/u_axi4_mapping/u_gemv/GEN_WEIGHT_BANK[0].u_weight_bram_bank/out[5]
    RAMB36_X1Y53         RAMB36E2                                     r  u_my_ip/u_axi4_mapping/u_gemv/GEN_WEIGHT_BANK[0].u_weight_bram_bank/mem_reg_0_bram_0/ADDRARDADDR[8]
  -------------------------------------------------------------------    -------------------

                         (clock s00_axi_aclk rise edge)
                                                      5.000     5.000 r  
                                                      0.000     5.000 r  s00_axi_aclk (IN)
                         net (fo=3968, unset)         0.039     5.039    u_my_ip/u_axi4_mapping/u_gemv/GEN_WEIGHT_BANK[0].u_weight_bram_bank/s00_axi_aclk
    RAMB36_X1Y53         RAMB36E2                                     r  u_my_ip/u_axi4_mapping/u_gemv/GEN_WEIGHT_BANK[0].u_weight_bram_bank/mem_reg_0_bram_0/CLKARDCLK
                         clock pessimism              0.000     5.039    
                         clock uncertainty           -0.035     5.004    
    RAMB36_X1Y53         RAMB36E2 (Setup_RAMB36E2_RAMB36_CLKARDCLK_ADDRARDADDR[8])
                                                     -0.283     4.721    u_my_ip/u_axi4_mapping/u_gemv/GEN_WEIGHT_BANK[0].u_weight_bram_bank/mem_reg_0_bram_0
  -------------------------------------------------------------------
                         required time                          4.721    
                         arrival time                          -4.477    
  -------------------------------------------------------------------
                         slack                                  0.243    

Slack (MET) :             0.245ns  (required time - arrival time)
  Source:                 u_my_ip/u_axi4_mapping/u_gemv/weight_wr_addr_bank_reg[0][10]/C
                            (rising edge-triggered cell FDRE clocked by s00_axi_aclk  {rise@0.000ns fall@2.500ns period=5.000ns})
  Destination:            u_my_ip/u_axi4_mapping/u_gemv/GEN_WEIGHT_BANK[0].u_weight_bram_bank/mem_reg_2_bram_3/ADDRBWRADDR[13]
                            (rising edge-triggered cell RAMB36E2 clocked by s00_axi_aclk  {rise@0.000ns fall@2.500ns period=5.000ns})
  Path Group:             s00_axi_aclk
  Path Type:              Setup (Max at Slow Process Corner)
  Requirement:            5.000ns  (s00_axi_aclk rise@5.000ns - s00_axi_aclk rise@0.000ns)
  Data Path Delay:        4.440ns  (logic 0.076ns (1.712%)  route 4.364ns (98.288%))
  Logic Levels:           0  
  Clock Path Skew:        0.010ns (DCD - SCD + CPR)
    Destination Clock Delay (DCD):    0.040ns = ( 5.040 - 5.000 ) 
    Source Clock Delay      (SCD):    0.030ns
    Clock Pessimism Removal (CPR):    0.000ns
  Clock Uncertainty:      0.035ns  ((TSJ^2 + TIJ^2)^1/2 + DJ) / 2 + PE
    Total System Jitter     (TSJ):    0.071ns
    Total Input Jitter      (TIJ):    0.000ns
    Discrete Jitter          (DJ):    0.000ns
    Phase Error              (PE):    0.000ns

    Location             Delay type                Incr(ns)  Path(ns)    Netlist Resource(s)
  -------------------------------------------------------------------    -------------------
                         (clock s00_axi_aclk rise edge)
                                                      0.000     0.000 r  
                                                      0.000     0.000 r  s00_axi_aclk (IN)
                         net (fo=3968, unset)         0.030     0.030    u_my_ip/u_axi4_mapping/u_gemv/s00_axi_aclk
    SLICE_X89Y248        FDRE                                         r  u_my_ip/u_axi4_mapping/u_gemv/weight_wr_addr_bank_reg[0][10]/C
  -------------------------------------------------------------------    -------------------
    SLICE_X89Y248        FDRE (Prop_EFF_SLICEM_C_Q)
                                                      0.076     0.106 r  u_my_ip/u_axi4_mapping/u_gemv/weight_wr_addr_bank_reg[0][10]/Q
                         net (fo=64, routed)          4.364     4.470    u_my_ip/u_axi4_mapping/u_gemv/GEN_WEIGHT_BANK[0].u_weight_bram_bank/mem_reg_0_bram_0_0[10]
    RAMB36_X0Y67         RAMB36E2                                     r  u_my_ip/u_axi4_mapping/u_gemv/GEN_WEIGHT_BANK[0].u_weight_bram_bank/mem_reg_2_bram_3/ADDRBWRADDR[13]
  -------------------------------------------------------------------    -------------------

                         (clock s00_axi_aclk rise edge)
                                                      5.000     5.000 r  
                                                      0.000     5.000 r  s00_axi_aclk (IN)
                         net (fo=3968, unset)         0.040     5.040    u_my_ip/u_axi4_mapping/u_gemv/GEN_WEIGHT_BANK[0].u_weight_bram_bank/s00_axi_aclk
    RAMB36_X0Y67         RAMB36E2                                     r  u_my_ip/u_axi4_mapping/u_gemv/GEN_WEIGHT_BANK[0].u_weight_bram_bank/mem_reg_2_bram_3/CLKBWRCLK
                         clock pessimism              0.000     5.040    
                         clock uncertainty           -0.035     5.005    
    RAMB36_X0Y67         RAMB36E2 (Setup_RAMB36E2_RAMB36_CLKBWRCLK_ADDRBWRADDR[13])
                                                     -0.290     4.715    u_my_ip/u_axi4_mapping/u_gemv/GEN_WEIGHT_BANK[0].u_weight_bram_bank/mem_reg_2_bram_3
  -------------------------------------------------------------------
                         required time                          4.715    
                         arrival time                          -4.470    
  -------------------------------------------------------------------
                         slack                                  0.245    

Slack (MET) :             0.245ns  (required time - arrival time)
  Source:                 u_my_ip/u_axi4_mapping/u_gemv/weight_wr_addr_bank_reg[0][10]/C
                            (rising edge-triggered cell FDRE clocked by s00_axi_aclk  {rise@0.000ns fall@2.500ns period=5.000ns})
  Destination:            u_my_ip/u_axi4_mapping/u_gemv/GEN_WEIGHT_BANK[0].u_weight_bram_bank/mem_reg_2_bram_11/ADDRBWRADDR[13]
                            (rising edge-triggered cell RAMB36E2 clocked by s00_axi_aclk  {rise@0.000ns fall@2.500ns period=5.000ns})
  Path Group:             s00_axi_aclk
  Path Type:              Setup (Max at Slow Process Corner)
  Requirement:            5.000ns  (s00_axi_aclk rise@5.000ns - s00_axi_aclk rise@0.000ns)
  Data Path Delay:        4.440ns  (logic 0.076ns (1.712%)  route 4.364ns (98.288%))
  Logic Levels:           0  
  Clock Path Skew:        0.010ns (DCD - SCD + CPR)
    Destination Clock Delay (DCD):    0.040ns = ( 5.040 - 5.000 ) 
    Source Clock Delay      (SCD):    0.030ns
    Clock Pessimism Removal (CPR):    0.000ns
  Clock Uncertainty:      0.035ns  ((TSJ^2 + TIJ^2)^1/2 + DJ) / 2 + PE
    Total System Jitter     (TSJ):    0.071ns
    Total Input Jitter      (TIJ):    0.000ns
    Discrete Jitter          (DJ):    0.000ns
    Phase Error              (PE):    0.000ns

    Location             Delay type                Incr(ns)  Path(ns)    Netlist Resource(s)
  -------------------------------------------------------------------    -------------------
                         (clock s00_axi_aclk rise edge)
                                                      0.000     0.000 r  
                                                      0.000     0.000 r  s00_axi_aclk (IN)
                         net (fo=3968, unset)         0.030     0.030    u_my_ip/u_axi4_mapping/u_gemv/s00_axi_aclk
    SLICE_X89Y248        FDRE                                         r  u_my_ip/u_axi4_mapping/u_gemv/weight_wr_addr_bank_reg[0][10]/C
  -------------------------------------------------------------------    -------------------
    SLICE_X89Y248        FDRE (Prop_EFF_SLICEM_C_Q)
                                                      0.076     0.106 r  u_my_ip/u_axi4_mapping/u_gemv/weight_wr_addr_bank_reg[0][10]/Q
                         net (fo=64, routed)          4.364     4.470    u_my_ip/u_axi4_mapping/u_gemv/GEN_WEIGHT_BANK[0].u_weight_bram_bank/mem_reg_0_bram_0_0[10]
    RAMB36_X0Y59         RAMB36E2                                     r  u_my_ip/u_axi4_mapping/u_gemv/GEN_WEIGHT_BANK[0].u_weight_bram_bank/mem_reg_2_bram_11/ADDRBWRADDR[13]
  -------------------------------------------------------------------    -------------------

                         (clock s00_axi_aclk rise edge)
                                                      5.000     5.000 r  
                                                      0.000     5.000 r  s00_axi_aclk (IN)
                         net (fo=3968, unset)         0.040     5.040    u_my_ip/u_axi4_mapping/u_gemv/GEN_WEIGHT_BANK[0].u_weight_bram_bank/s00_axi_aclk
    RAMB36_X0Y59         RAMB36E2                                     r  u_my_ip/u_axi4_mapping/u_gemv/GEN_WEIGHT_BANK[0].u_weight_bram_bank/mem_reg_2_bram_11/CLKBWRCLK
                         clock pessimism              0.000     5.040    
                         clock uncertainty           -0.035     5.005    
    RAMB36_X0Y59         RAMB36E2 (Setup_RAMB36E2_RAMB36_CLKBWRCLK_ADDRBWRADDR[13])
                                                     -0.290     4.715    u_my_ip/u_axi4_mapping/u_gemv/GEN_WEIGHT_BANK[0].u_weight_bram_bank/mem_reg_2_bram_11
  -------------------------------------------------------------------
                         required time                          4.715    
                         arrival time                          -4.470    
  -------------------------------------------------------------------
                         slack                                  0.245    

Slack (MET) :             0.246ns  (required time - arrival time)
  Source:                 u_my_ip/u_axi4_mapping/u_gemv/weight_compute_addr_bank_reg[0][5]/C
                            (rising edge-triggered cell FDRE clocked by s00_axi_aclk  {rise@0.000ns fall@2.500ns period=5.000ns})
  Destination:            u_my_ip/u_axi4_mapping/u_gemv/GEN_WEIGHT_BANK[0].u_weight_bram_bank/mem_reg_2_bram_6/ADDRARDADDR[8]
                            (rising edge-triggered cell RAMB36E2 clocked by s00_axi_aclk  {rise@0.000ns fall@2.500ns period=5.000ns})
  Path Group:             s00_axi_aclk
  Path Type:              Setup (Max at Slow Process Corner)
  Requirement:            5.000ns  (s00_axi_aclk rise@5.000ns - s00_axi_aclk rise@0.000ns)
  Data Path Delay:        4.445ns  (logic 0.076ns (1.710%)  route 4.369ns (98.290%))
  Logic Levels:           0  
  Clock Path Skew:        0.009ns (DCD - SCD + CPR)
    Destination Clock Delay (DCD):    0.039ns = ( 5.039 - 5.000 ) 
    Source Clock Delay      (SCD):    0.030ns
    Clock Pessimism Removal (CPR):    0.000ns
  Clock Uncertainty:      0.035ns  ((TSJ^2 + TIJ^2)^1/2 + DJ) / 2 + PE
    Total System Jitter     (TSJ):    0.071ns
    Total Input Jitter      (TIJ):    0.000ns
    Discrete Jitter          (DJ):    0.000ns
    Phase Error              (PE):    0.000ns

    Location             Delay type                Incr(ns)  Path(ns)    Netlist Resource(s)
  -------------------------------------------------------------------    -------------------
                         (clock s00_axi_aclk rise edge)
                                                      0.000     0.000 r  
                                                      0.000     0.000 r  s00_axi_aclk (IN)
                         net (fo=3968, unset)         0.030     0.030    u_my_ip/u_axi4_mapping/u_gemv/s00_axi_aclk
    SLICE_X94Y239        FDRE                                         r  u_my_ip/u_axi4_mapping/u_gemv/weight_compute_addr_bank_reg[0][5]/C
  -------------------------------------------------------------------    -------------------
    SLICE_X94Y239        FDRE (Prop_FFF_SLICEM_C_Q)
                                                      0.076     0.106 r  u_my_ip/u_axi4_mapping/u_gemv/weight_compute_addr_bank_reg[0][5]/Q
                         net (fo=65, routed)          4.369     4.475    u_my_ip/u_axi4_mapping/u_gemv/GEN_WEIGHT_BANK[0].u_weight_bram_bank/out[5]
    RAMB36_X0Y70         RAMB36E2                                     r  u_my_ip/u_axi4_mapping/u_gemv/GEN_WEIGHT_BANK[0].u_weight_bram_bank/mem_reg_2_bram_6/ADDRARDADDR[8]
  -------------------------------------------------------------------    -------------------

                         (clock s00_axi_aclk rise edge)
                                                      5.000     5.000 r  
                                                      0.000     5.000 r  s00_axi_aclk (IN)
                         net (fo=3968, unset)         0.039     5.039    u_my_ip/u_axi4_mapping/u_gemv/GEN_WEIGHT_BANK[0].u_weight_bram_bank/s00_axi_aclk
    RAMB36_X0Y70         RAMB36E2                                     r  u_my_ip/u_axi4_mapping/u_gemv/GEN_WEIGHT_BANK[0].u_weight_bram_bank/mem_reg_2_bram_6/CLKARDCLK
                         clock pessimism              0.000     5.039    
                         clock uncertainty           -0.035     5.004    
    RAMB36_X0Y70         RAMB36E2 (Setup_RAMB36E2_RAMB36_CLKARDCLK_ADDRARDADDR[8])
                                                     -0.283     4.721    u_my_ip/u_axi4_mapping/u_gemv/GEN_WEIGHT_BANK[0].u_weight_bram_bank/mem_reg_2_bram_6
  -------------------------------------------------------------------
                         required time                          4.721    
                         arrival time                          -4.475    
  -------------------------------------------------------------------
                         slack                                  0.246    

Slack (MET) :             0.247ns  (required time - arrival time)
  Source:                 u_my_ip/u_axi4_mapping/u_gemv/weight_wr_addr_bank_reg[3][11]/C
                            (rising edge-triggered cell FDRE clocked by s00_axi_aclk  {rise@0.000ns fall@2.500ns period=5.000ns})
  Destination:            u_my_ip/u_axi4_mapping/u_gemv/GEN_WEIGHT_BANK[3].u_weight_bram_bank/mem_reg_3_bram_4/ADDRBWRADDR[14]
                            (rising edge-triggered cell RAMB36E2 clocked by s00_axi_aclk  {rise@0.000ns fall@2.500ns period=5.000ns})
  Path Group:             s00_axi_aclk
  Path Type:              Setup (Max at Slow Process Corner)
  Requirement:            5.000ns  (s00_axi_aclk rise@5.000ns - s00_axi_aclk rise@0.000ns)
  Data Path Delay:        4.399ns  (logic 0.076ns (1.728%)  route 4.323ns (98.272%))
  Logic Levels:           0  
  Clock Path Skew:        0.010ns (DCD - SCD + CPR)
    Destination Clock Delay (DCD):    0.040ns = ( 5.040 - 5.000 ) 
    Source Clock Delay      (SCD):    0.030ns
    Clock Pessimism Removal (CPR):    0.000ns
  Clock Uncertainty:      0.035ns  ((TSJ^2 + TIJ^2)^1/2 + DJ) / 2 + PE
    Total System Jitter     (TSJ):    0.071ns
    Total Input Jitter      (TIJ):    0.000ns
    Discrete Jitter          (DJ):    0.000ns
    Phase Error              (PE):    0.000ns

    Location             Delay type                Incr(ns)  Path(ns)    Netlist Resource(s)
  -------------------------------------------------------------------    -------------------
                         (clock s00_axi_aclk rise edge)
                                                      0.000     0.000 r  
                                                      0.000     0.000 r  s00_axi_aclk (IN)
                         net (fo=3968, unset)         0.030     0.030    u_my_ip/u_axi4_mapping/u_gemv/s00_axi_aclk
    SLICE_X89Y212        FDRE                                         r  u_my_ip/u_axi4_mapping/u_gemv/weight_wr_addr_bank_reg[3][11]/C
  -------------------------------------------------------------------    -------------------
    SLICE_X89Y212        FDRE (Prop_FFF_SLICEM_C_Q)
                                                      0.076     0.106 r  u_my_ip/u_axi4_mapping/u_gemv/weight_wr_addr_bank_reg[3][11]/Q
                         net (fo=64, routed)          4.323     4.429    u_my_ip/u_axi4_mapping/u_gemv/GEN_WEIGHT_BANK[3].u_weight_bram_bank/mem_reg_0_bram_0_0[11]
    RAMB36_X4Y6          RAMB36E2                                     r  u_my_ip/u_axi4_mapping/u_gemv/GEN_WEIGHT_BANK[3].u_weight_bram_bank/mem_reg_3_bram_4/ADDRBWRADDR[14]
  -------------------------------------------------------------------    -------------------

                         (clock s00_axi_aclk rise edge)
                                                      5.000     5.000 r  
                                                      0.000     5.000 r  s00_axi_aclk (IN)
                         net (fo=3968, unset)         0.040     5.040    u_my_ip/u_axi4_mapping/u_gemv/GEN_WEIGHT_BANK[3].u_weight_bram_bank/s00_axi_aclk
    RAMB36_X4Y6          RAMB36E2                                     r  u_my_ip/u_axi4_mapping/u_gemv/GEN_WEIGHT_BANK[3].u_weight_bram_bank/mem_reg_3_bram_4/CLKBWRCLK
                         clock pessimism              0.000     5.040    
                         clock uncertainty           -0.035     5.005    
    RAMB36_X4Y6          RAMB36E2 (Setup_RAMB36E2_RAMB36_CLKBWRCLK_ADDRBWRADDR[14])
                                                     -0.329     4.676    u_my_ip/u_axi4_mapping/u_gemv/GEN_WEIGHT_BANK[3].u_weight_bram_bank/mem_reg_3_bram_4
  -------------------------------------------------------------------
                         required time                          4.676    
                         arrival time                          -4.429    
  -------------------------------------------------------------------
                         slack                                  0.247    

Slack (MET) :             0.249ns  (required time - arrival time)
  Source:                 u_my_ip/u_axi4_mapping/u_gemv/weight_compute_addr_bank_reg[0][1]/C
                            (rising edge-triggered cell FDRE clocked by s00_axi_aclk  {rise@0.000ns fall@2.500ns period=5.000ns})
  Destination:            u_my_ip/u_axi4_mapping/u_gemv/GEN_WEIGHT_BANK[0].u_weight_bram_bank/mem_reg_2_bram_5/ADDRARDADDR[4]
                            (rising edge-triggered cell RAMB36E2 clocked by s00_axi_aclk  {rise@0.000ns fall@2.500ns period=5.000ns})
  Path Group:             s00_axi_aclk
  Path Type:              Setup (Max at Slow Process Corner)
  Requirement:            5.000ns  (s00_axi_aclk rise@5.000ns - s00_axi_aclk rise@0.000ns)
  Data Path Delay:        4.388ns  (logic 0.078ns (1.778%)  route 4.310ns (98.222%))
  Logic Levels:           0  
  Clock Path Skew:        0.009ns (DCD - SCD + CPR)
    Destination Clock Delay (DCD):    0.039ns = ( 5.039 - 5.000 ) 
    Source Clock Delay      (SCD):    0.030ns
    Clock Pessimism Removal (CPR):    0.000ns
  Clock Uncertainty:      0.035ns  ((TSJ^2 + TIJ^2)^1/2 + DJ) / 2 + PE
    Total System Jitter     (TSJ):    0.071ns
    Total Input Jitter      (TIJ):    0.000ns
    Discrete Jitter          (DJ):    0.000ns
    Phase Error              (PE):    0.000ns

    Location             Delay type                Incr(ns)  Path(ns)    Netlist Resource(s)
  -------------------------------------------------------------------    -------------------
                         (clock s00_axi_aclk rise edge)
                                                      0.000     0.000 r  
                                                      0.000     0.000 r  s00_axi_aclk (IN)
                         net (fo=3968, unset)         0.030     0.030    u_my_ip/u_axi4_mapping/u_gemv/s00_axi_aclk
    SLICE_X94Y239        FDRE                                         r  u_my_ip/u_axi4_mapping/u_gemv/weight_compute_addr_bank_reg[0][1]/C
  -------------------------------------------------------------------    -------------------
    SLICE_X94Y239        FDRE (Prop_BFF_SLICEM_C_Q)
                                                      0.078     0.108 r  u_my_ip/u_axi4_mapping/u_gemv/weight_compute_addr_bank_reg[0][1]/Q
                         net (fo=65, routed)          4.310     4.418    u_my_ip/u_axi4_mapping/u_gemv/GEN_WEIGHT_BANK[0].u_weight_bram_bank/out[1]
    RAMB36_X0Y69         RAMB36E2                                     r  u_my_ip/u_axi4_mapping/u_gemv/GEN_WEIGHT_BANK[0].u_weight_bram_bank/mem_reg_2_bram_5/ADDRARDADDR[4]
  -------------------------------------------------------------------    -------------------

                         (clock s00_axi_aclk rise edge)
                                                      5.000     5.000 r  
                                                      0.000     5.000 r  s00_axi_aclk (IN)
                         net (fo=3968, unset)         0.039     5.039    u_my_ip/u_axi4_mapping/u_gemv/GEN_WEIGHT_BANK[0].u_weight_bram_bank/s00_axi_aclk
    RAMB36_X0Y69         RAMB36E2                                     r  u_my_ip/u_axi4_mapping/u_gemv/GEN_WEIGHT_BANK[0].u_weight_bram_bank/mem_reg_2_bram_5/CLKARDCLK
                         clock pessimism              0.000     5.039    
                         clock uncertainty           -0.035     5.004    
    RAMB36_X0Y69         RAMB36E2 (Setup_RAMB36E2_RAMB36_CLKARDCLK_ADDRARDADDR[4])
                                                     -0.337     4.667    u_my_ip/u_axi4_mapping/u_gemv/GEN_WEIGHT_BANK[0].u_weight_bram_bank/mem_reg_2_bram_5
  -------------------------------------------------------------------
                         required time                          4.667    
                         arrival time                          -4.418    
  -------------------------------------------------------------------
                         slack                                  0.249    

Slack (MET) :             0.250ns  (required time - arrival time)
  Source:                 u_my_ip/u_axi4_mapping/u_gemv/weight_wr_addr_bank_reg[0][10]/C
                            (rising edge-triggered cell FDRE clocked by s00_axi_aclk  {rise@0.000ns fall@2.500ns period=5.000ns})
  Destination:            u_my_ip/u_axi4_mapping/u_gemv/GEN_WEIGHT_BANK[0].u_weight_bram_bank/mem_reg_2_bram_13/ADDRBWRADDR[13]
                            (rising edge-triggered cell RAMB36E2 clocked by s00_axi_aclk  {rise@0.000ns fall@2.500ns period=5.000ns})
  Path Group:             s00_axi_aclk
  Path Type:              Setup (Max at Slow Process Corner)
  Requirement:            5.000ns  (s00_axi_aclk rise@5.000ns - s00_axi_aclk rise@0.000ns)
  Data Path Delay:        4.435ns  (logic 0.076ns (1.714%)  route 4.359ns (98.286%))
  Logic Levels:           0  
  Clock Path Skew:        0.010ns (DCD - SCD + CPR)
    Destination Clock Delay (DCD):    0.040ns = ( 5.040 - 5.000 ) 
    Source Clock Delay      (SCD):    0.030ns
    Clock Pessimism Removal (CPR):    0.000ns
  Clock Uncertainty:      0.035ns  ((TSJ^2 + TIJ^2)^1/2 + DJ) / 2 + PE
    Total System Jitter     (TSJ):    0.071ns
    Total Input Jitter      (TIJ):    0.000ns
    Discrete Jitter          (DJ):    0.000ns
    Phase Error              (PE):    0.000ns

    Location             Delay type                Incr(ns)  Path(ns)    Netlist Resource(s)
  -------------------------------------------------------------------    -------------------
                         (clock s00_axi_aclk rise edge)
                                                      0.000     0.000 r  
                                                      0.000     0.000 r  s00_axi_aclk (IN)
                         net (fo=3968, unset)         0.030     0.030    u_my_ip/u_axi4_mapping/u_gemv/s00_axi_aclk
    SLICE_X89Y248        FDRE                                         r  u_my_ip/u_axi4_mapping/u_gemv/weight_wr_addr_bank_reg[0][10]/C
  -------------------------------------------------------------------    -------------------
    SLICE_X89Y248        FDRE (Prop_EFF_SLICEM_C_Q)
                                                      0.076     0.106 r  u_my_ip/u_axi4_mapping/u_gemv/weight_wr_addr_bank_reg[0][10]/Q
                         net (fo=64, routed)          4.359     4.465    u_my_ip/u_axi4_mapping/u_gemv/GEN_WEIGHT_BANK[0].u_weight_bram_bank/mem_reg_0_bram_0_0[10]
    RAMB36_X0Y61         RAMB36E2                                     r  u_my_ip/u_axi4_mapping/u_gemv/GEN_WEIGHT_BANK[0].u_weight_bram_bank/mem_reg_2_bram_13/ADDRBWRADDR[13]
  -------------------------------------------------------------------    -------------------

                         (clock s00_axi_aclk rise edge)
                                                      5.000     5.000 r  
                                                      0.000     5.000 r  s00_axi_aclk (IN)
                         net (fo=3968, unset)         0.040     5.040    u_my_ip/u_axi4_mapping/u_gemv/GEN_WEIGHT_BANK[0].u_weight_bram_bank/s00_axi_aclk
    RAMB36_X0Y61         RAMB36E2                                     r  u_my_ip/u_axi4_mapping/u_gemv/GEN_WEIGHT_BANK[0].u_weight_bram_bank/mem_reg_2_bram_13/CLKBWRCLK
                         clock pessimism              0.000     5.040    
                         clock uncertainty           -0.035     5.005    
    RAMB36_X0Y61         RAMB36E2 (Setup_RAMB36E2_RAMB36_CLKBWRCLK_ADDRBWRADDR[13])
                                                     -0.290     4.715    u_my_ip/u_axi4_mapping/u_gemv/GEN_WEIGHT_BANK[0].u_weight_bram_bank/mem_reg_2_bram_13
  -------------------------------------------------------------------
                         required time                          4.715    
                         arrival time                          -4.465    
  -------------------------------------------------------------------
                         slack                                  0.250    

Slack (MET) :             0.250ns  (required time - arrival time)
  Source:                 u_my_ip/u_axi4_mapping/u_gemv/weight_wr_addr_bank_reg[3][9]/C
                            (rising edge-triggered cell FDRE clocked by s00_axi_aclk  {rise@0.000ns fall@2.500ns period=5.000ns})
  Destination:            u_my_ip/u_axi4_mapping/u_gemv/GEN_WEIGHT_BANK[3].u_weight_bram_bank/mem_reg_3_bram_6/ADDRBWRADDR[12]
                            (rising edge-triggered cell RAMB36E2 clocked by s00_axi_aclk  {rise@0.000ns fall@2.500ns period=5.000ns})
  Path Group:             s00_axi_aclk
  Path Type:              Setup (Max at Slow Process Corner)
  Requirement:            5.000ns  (s00_axi_aclk rise@5.000ns - s00_axi_aclk rise@0.000ns)
  Data Path Delay:        4.441ns  (logic 0.076ns (1.711%)  route 4.365ns (98.289%))
  Logic Levels:           0  
  Clock Path Skew:        0.010ns (DCD - SCD + CPR)
    Destination Clock Delay (DCD):    0.040ns = ( 5.040 - 5.000 ) 
    Source Clock Delay      (SCD):    0.030ns
    Clock Pessimism Removal (CPR):    0.000ns
  Clock Uncertainty:      0.035ns  ((TSJ^2 + TIJ^2)^1/2 + DJ) / 2 + PE
    Total System Jitter     (TSJ):    0.071ns
    Total Input Jitter      (TIJ):    0.000ns
    Discrete Jitter          (DJ):    0.000ns
    Phase Error              (PE):    0.000ns

    Location             Delay type                Incr(ns)  Path(ns)    Netlist Resource(s)
  -------------------------------------------------------------------    -------------------
                         (clock s00_axi_aclk rise edge)
                                                      0.000     0.000 r  
                                                      0.000     0.000 r  s00_axi_aclk (IN)
                         net (fo=3968, unset)         0.030     0.030    u_my_ip/u_axi4_mapping/u_gemv/s00_axi_aclk
    SLICE_X89Y203        FDRE                                         r  u_my_ip/u_axi4_mapping/u_gemv/weight_wr_addr_bank_reg[3][9]/C
  -------------------------------------------------------------------    -------------------
    SLICE_X89Y203        FDRE (Prop_FFF_SLICEM_C_Q)
                                                      0.076     0.106 r  u_my_ip/u_axi4_mapping/u_gemv/weight_wr_addr_bank_reg[3][9]/Q
                         net (fo=64, routed)          4.365     4.471    u_my_ip/u_axi4_mapping/u_gemv/GEN_WEIGHT_BANK[3].u_weight_bram_bank/mem_reg_0_bram_0_0[9]
    RAMB36_X4Y8          RAMB36E2                                     r  u_my_ip/u_axi4_mapping/u_gemv/GEN_WEIGHT_BANK[3].u_weight_bram_bank/mem_reg_3_bram_6/ADDRBWRADDR[12]
  -------------------------------------------------------------------    -------------------

                         (clock s00_axi_aclk rise edge)
                                                      5.000     5.000 r  
                                                      0.000     5.000 r  s00_axi_aclk (IN)
                         net (fo=3968, unset)         0.040     5.040    u_my_ip/u_axi4_mapping/u_gemv/GEN_WEIGHT_BANK[3].u_weight_bram_bank/s00_axi_aclk
    RAMB36_X4Y8          RAMB36E2                                     r  u_my_ip/u_axi4_mapping/u_gemv/GEN_WEIGHT_BANK[3].u_weight_bram_bank/mem_reg_3_bram_6/CLKBWRCLK
                         clock pessimism              0.000     5.040    
                         clock uncertainty           -0.035     5.005    
    RAMB36_X4Y8          RAMB36E2 (Setup_RAMB36E2_RAMB36_CLKBWRCLK_ADDRBWRADDR[12])
                                                     -0.284     4.721    u_my_ip/u_axi4_mapping/u_gemv/GEN_WEIGHT_BANK[3].u_weight_bram_bank/mem_reg_3_bram_6
  -------------------------------------------------------------------
                         required time                          4.721    
                         arrival time                          -4.471    
  -------------------------------------------------------------------
                         slack                                  0.250    

Slack (MET) :             0.253ns  (required time - arrival time)
  Source:                 u_my_ip/u_axi4_mapping/u_gemv/weight_compute_addr_bank_reg[3][1]/C
                            (rising edge-triggered cell FDRE clocked by s00_axi_aclk  {rise@0.000ns fall@2.500ns period=5.000ns})
  Destination:            u_my_ip/u_axi4_mapping/u_gemv/GEN_WEIGHT_BANK[3].u_weight_bram_bank/mem_reg_1_bram_2/ADDRARDADDR[4]
                            (rising edge-triggered cell RAMB36E2 clocked by s00_axi_aclk  {rise@0.000ns fall@2.500ns period=5.000ns})
  Path Group:             s00_axi_aclk
  Path Type:              Setup (Max at Slow Process Corner)
  Requirement:            5.000ns  (s00_axi_aclk rise@5.000ns - s00_axi_aclk rise@0.000ns)
  Data Path Delay:        4.386ns  (logic 0.079ns (1.801%)  route 4.307ns (98.199%))
  Logic Levels:           0  
  Clock Path Skew:        0.011ns (DCD - SCD + CPR)
    Destination Clock Delay (DCD):    0.039ns = ( 5.039 - 5.000 ) 
    Source Clock Delay      (SCD):    0.028ns
    Clock Pessimism Removal (CPR):    0.000ns
  Clock Uncertainty:      0.035ns  ((TSJ^2 + TIJ^2)^1/2 + DJ) / 2 + PE
    Total System Jitter     (TSJ):    0.071ns
    Total Input Jitter      (TIJ):    0.000ns
    Discrete Jitter          (DJ):    0.000ns
    Phase Error              (PE):    0.000ns

    Location             Delay type                Incr(ns)  Path(ns)    Netlist Resource(s)
  -------------------------------------------------------------------    -------------------
                         (clock s00_axi_aclk rise edge)
                                                      0.000     0.000 r  
                                                      0.000     0.000 r  s00_axi_aclk (IN)
                         net (fo=3968, unset)         0.028     0.028    u_my_ip/u_axi4_mapping/u_gemv/s00_axi_aclk
    SLICE_X95Y221        FDRE                                         r  u_my_ip/u_axi4_mapping/u_gemv/weight_compute_addr_bank_reg[3][1]/C
  -------------------------------------------------------------------    -------------------
    SLICE_X95Y221        FDRE (Prop_BFF_SLICEL_C_Q)
                                                      0.079     0.107 r  u_my_ip/u_axi4_mapping/u_gemv/weight_compute_addr_bank_reg[3][1]/Q
                         net (fo=65, routed)          4.307     4.414    u_my_ip/u_axi4_mapping/u_gemv/GEN_WEIGHT_BANK[3].u_weight_bram_bank/out[1]
    RAMB36_X3Y11         RAMB36E2                                     r  u_my_ip/u_axi4_mapping/u_gemv/GEN_WEIGHT_BANK[3].u_weight_bram_bank/mem_reg_1_bram_2/ADDRARDADDR[4]
  -------------------------------------------------------------------    -------------------

                         (clock s00_axi_aclk rise edge)
                                                      5.000     5.000 r  
                                                      0.000     5.000 r  s00_axi_aclk (IN)
                         net (fo=3968, unset)         0.039     5.039    u_my_ip/u_axi4_mapping/u_gemv/GEN_WEIGHT_BANK[3].u_weight_bram_bank/s00_axi_aclk
    RAMB36_X3Y11         RAMB36E2                                     r  u_my_ip/u_axi4_mapping/u_gemv/GEN_WEIGHT_BANK[3].u_weight_bram_bank/mem_reg_1_bram_2/CLKARDCLK
                         clock pessimism              0.000     5.039    
                         clock uncertainty           -0.035     5.004    
    RAMB36_X3Y11         RAMB36E2 (Setup_RAMB36E2_RAMB36_CLKARDCLK_ADDRARDADDR[4])
                                                     -0.337     4.667    u_my_ip/u_axi4_mapping/u_gemv/GEN_WEIGHT_BANK[3].u_weight_bram_bank/mem_reg_1_bram_2
  -------------------------------------------------------------------
                         required time                          4.667    
                         arrival time                          -4.414    
  -------------------------------------------------------------------
                         slack                                  0.253    

Slack (MET) :             0.254ns  (required time - arrival time)
  Source:                 u_my_ip/u_axi4_mapping/u_gemv/weight_wr_addr_bank_reg[1][7]/C
                            (rising edge-triggered cell FDRE clocked by s00_axi_aclk  {rise@0.000ns fall@2.500ns period=5.000ns})
  Destination:            u_my_ip/u_axi4_mapping/u_gemv/GEN_WEIGHT_BANK[1].u_weight_bram_bank/mem_reg_1_bram_11/ADDRBWRADDR[10]
                            (rising edge-triggered cell RAMB36E2 clocked by s00_axi_aclk  {rise@0.000ns fall@2.500ns period=5.000ns})
  Path Group:             s00_axi_aclk
  Path Type:              Setup (Max at Slow Process Corner)
  Requirement:            5.000ns  (s00_axi_aclk rise@5.000ns - s00_axi_aclk rise@0.000ns)
  Data Path Delay:        4.413ns  (logic 0.081ns (1.836%)  route 4.332ns (98.164%))
  Logic Levels:           0  
  Clock Path Skew:        0.011ns (DCD - SCD + CPR)
    Destination Clock Delay (DCD):    0.040ns = ( 5.040 - 5.000 ) 
    Source Clock Delay      (SCD):    0.029ns
    Clock Pessimism Removal (CPR):    0.000ns
  Clock Uncertainty:      0.035ns  ((TSJ^2 + TIJ^2)^1/2 + DJ) / 2 + PE
    Total System Jitter     (TSJ):    0.071ns
    Total Input Jitter      (TIJ):    0.000ns
    Discrete Jitter          (DJ):    0.000ns
    Phase Error              (PE):    0.000ns

    Location             Delay type                Incr(ns)  Path(ns)    Netlist Resource(s)
  -------------------------------------------------------------------    -------------------
                         (clock s00_axi_aclk rise edge)
                                                      0.000     0.000 r  
                                                      0.000     0.000 r  s00_axi_aclk (IN)
                         net (fo=3968, unset)         0.029     0.029    u_my_ip/u_axi4_mapping/u_gemv/s00_axi_aclk
    SLICE_X87Y203        FDRE                                         r  u_my_ip/u_axi4_mapping/u_gemv/weight_wr_addr_bank_reg[1][7]/C
  -------------------------------------------------------------------    -------------------
    SLICE_X87Y203        FDRE (Prop_EFF2_SLICEL_C_Q)
                                                      0.081     0.110 r  u_my_ip/u_axi4_mapping/u_gemv/weight_wr_addr_bank_reg[1][7]/Q
                         net (fo=64, routed)          4.332     4.442    u_my_ip/u_axi4_mapping/u_gemv/GEN_WEIGHT_BANK[1].u_weight_bram_bank/mem_reg_0_bram_0_0[7]
    RAMB36_X1Y24         RAMB36E2                                     r  u_my_ip/u_axi4_mapping/u_gemv/GEN_WEIGHT_BANK[1].u_weight_bram_bank/mem_reg_1_bram_11/ADDRBWRADDR[10]
  -------------------------------------------------------------------    -------------------

                         (clock s00_axi_aclk rise edge)
                                                      5.000     5.000 r  
                                                      0.000     5.000 r  s00_axi_aclk (IN)
                         net (fo=3968, unset)         0.040     5.040    u_my_ip/u_axi4_mapping/u_gemv/GEN_WEIGHT_BANK[1].u_weight_bram_bank/s00_axi_aclk
    RAMB36_X1Y24         RAMB36E2                                     r  u_my_ip/u_axi4_mapping/u_gemv/GEN_WEIGHT_BANK[1].u_weight_bram_bank/mem_reg_1_bram_11/CLKBWRCLK
                         clock pessimism              0.000     5.040    
                         clock uncertainty           -0.035     5.005    
    RAMB36_X1Y24         RAMB36E2 (Setup_RAMB36E2_RAMB36_CLKBWRCLK_ADDRBWRADDR[10])
                                                     -0.309     4.696    u_my_ip/u_axi4_mapping/u_gemv/GEN_WEIGHT_BANK[1].u_weight_bram_bank/mem_reg_1_bram_11
  -------------------------------------------------------------------
                         required time                          4.696    
                         arrival time                          -4.442    
  -------------------------------------------------------------------
                         slack                                  0.254    

Slack (MET) :             0.254ns  (required time - arrival time)
  Source:                 u_my_ip/u_axi4_mapping/u_gemv/weight_compute_addr_bank_reg[2][6]/C
                            (rising edge-triggered cell FDRE clocked by s00_axi_aclk  {rise@0.000ns fall@2.500ns period=5.000ns})
  Destination:            u_my_ip/u_axi4_mapping/u_gemv/GEN_WEIGHT_BANK[2].u_weight_bram_bank/mem_reg_3_bram_15/ADDRARDADDR[9]
                            (rising edge-triggered cell RAMB36E2 clocked by s00_axi_aclk  {rise@0.000ns fall@2.500ns period=5.000ns})
  Path Group:             s00_axi_aclk
  Path Type:              Setup (Max at Slow Process Corner)
  Requirement:            5.000ns  (s00_axi_aclk rise@5.000ns - s00_axi_aclk rise@0.000ns)
  Data Path Delay:        4.444ns  (logic 0.079ns (1.778%)  route 4.365ns (98.222%))
  Logic Levels:           0  
  Clock Path Skew:        0.010ns (DCD - SCD + CPR)
    Destination Clock Delay (DCD):    0.039ns = ( 5.039 - 5.000 ) 
    Source Clock Delay      (SCD):    0.029ns
    Clock Pessimism Removal (CPR):    0.000ns
  Clock Uncertainty:      0.035ns  ((TSJ^2 + TIJ^2)^1/2 + DJ) / 2 + PE
    Total System Jitter     (TSJ):    0.071ns
    Total Input Jitter      (TIJ):    0.000ns
    Discrete Jitter          (DJ):    0.000ns
    Phase Error              (PE):    0.000ns

    Location             Delay type                Incr(ns)  Path(ns)    Netlist Resource(s)
  -------------------------------------------------------------------    -------------------
                         (clock s00_axi_aclk rise edge)
                                                      0.000     0.000 r  
                                                      0.000     0.000 r  s00_axi_aclk (IN)
                         net (fo=3968, unset)         0.029     0.029    u_my_ip/u_axi4_mapping/u_gemv/s00_axi_aclk
    SLICE_X90Y221        FDRE                                         r  u_my_ip/u_axi4_mapping/u_gemv/weight_compute_addr_bank_reg[2][6]/C
  -------------------------------------------------------------------    -------------------
    SLICE_X90Y221        FDRE (Prop_GFF_SLICEL_C_Q)
                                                      0.079     0.108 r  u_my_ip/u_axi4_mapping/u_gemv/weight_compute_addr_bank_reg[2][6]/Q
                         net (fo=65, routed)          4.365     4.473    u_my_ip/u_axi4_mapping/u_gemv/GEN_WEIGHT_BANK[2].u_weight_bram_bank/out[6]
    RAMB36_X1Y11         RAMB36E2                                     r  u_my_ip/u_axi4_mapping/u_gemv/GEN_WEIGHT_BANK[2].u_weight_bram_bank/mem_reg_3_bram_15/ADDRARDADDR[9]
  -------------------------------------------------------------------    -------------------

                         (clock s00_axi_aclk rise edge)
                                                      5.000     5.000 r  
                                                      0.000     5.000 r  s00_axi_aclk (IN)
                         net (fo=3968, unset)         0.039     5.039    u_my_ip/u_axi4_mapping/u_gemv/GEN_WEIGHT_BANK[2].u_weight_bram_bank/s00_axi_aclk
    RAMB36_X1Y11         RAMB36E2                                     r  u_my_ip/u_axi4_mapping/u_gemv/GEN_WEIGHT_BANK[2].u_weight_bram_bank/mem_reg_3_bram_15/CLKARDCLK
                         clock pessimism              0.000     5.039    
                         clock uncertainty           -0.035     5.004    
    RAMB36_X1Y11         RAMB36E2 (Setup_RAMB36E2_RAMB36_CLKARDCLK_ADDRARDADDR[9])
                                                     -0.277     4.727    u_my_ip/u_axi4_mapping/u_gemv/GEN_WEIGHT_BANK[2].u_weight_bram_bank/mem_reg_3_bram_15
  -------------------------------------------------------------------
                         required time                          4.727    
                         arrival time                          -4.473    
  -------------------------------------------------------------------
                         slack                                  0.254    

Slack (MET) :             0.254ns  (required time - arrival time)
  Source:                 u_my_ip/u_axi4_mapping/u_gemv/weight_compute_addr_bank_reg[2][2]/C
                            (rising edge-triggered cell FDRE clocked by s00_axi_aclk  {rise@0.000ns fall@2.500ns period=5.000ns})
  Destination:            u_my_ip/u_axi4_mapping/u_gemv/GEN_WEIGHT_BANK[2].u_weight_bram_bank/mem_reg_2_bram_9/ADDRARDADDR[5]
                            (rising edge-triggered cell RAMB36E2 clocked by s00_axi_aclk  {rise@0.000ns fall@2.500ns period=5.000ns})
  Path Group:             s00_axi_aclk
  Path Type:              Setup (Max at Slow Process Corner)
  Requirement:            5.000ns  (s00_axi_aclk rise@5.000ns - s00_axi_aclk rise@0.000ns)
  Data Path Delay:        4.369ns  (logic 0.079ns (1.808%)  route 4.290ns (98.192%))
  Logic Levels:           0  
  Clock Path Skew:        0.011ns (DCD - SCD + CPR)
    Destination Clock Delay (DCD):    0.039ns = ( 5.039 - 5.000 ) 
    Source Clock Delay      (SCD):    0.028ns
    Clock Pessimism Removal (CPR):    0.000ns
  Clock Uncertainty:      0.035ns  ((TSJ^2 + TIJ^2)^1/2 + DJ) / 2 + PE
    Total System Jitter     (TSJ):    0.071ns
    Total Input Jitter      (TIJ):    0.000ns
    Discrete Jitter          (DJ):    0.000ns
    Phase Error              (PE):    0.000ns

    Location             Delay type                Incr(ns)  Path(ns)    Netlist Resource(s)
  -------------------------------------------------------------------    -------------------
                         (clock s00_axi_aclk rise edge)
                                                      0.000     0.000 r  
                                                      0.000     0.000 r  s00_axi_aclk (IN)
                         net (fo=3968, unset)         0.028     0.028    u_my_ip/u_axi4_mapping/u_gemv/s00_axi_aclk
    SLICE_X90Y221        FDRE                                         r  u_my_ip/u_axi4_mapping/u_gemv/weight_compute_addr_bank_reg[2][2]/C
  -------------------------------------------------------------------    -------------------
    SLICE_X90Y221        FDRE (Prop_CFF_SLICEL_C_Q)
                                                      0.079     0.107 r  u_my_ip/u_axi4_mapping/u_gemv/weight_compute_addr_bank_reg[2][2]/Q
                         net (fo=65, routed)          4.290     4.397    u_my_ip/u_axi4_mapping/u_gemv/GEN_WEIGHT_BANK[2].u_weight_bram_bank/out[2]
    RAMB36_X2Y2          RAMB36E2                                     r  u_my_ip/u_axi4_mapping/u_gemv/GEN_WEIGHT_BANK[2].u_weight_bram_bank/mem_reg_2_bram_9/ADDRARDADDR[5]
  -------------------------------------------------------------------    -------------------

                         (clock s00_axi_aclk rise edge)
                                                      5.000     5.000 r  
                                                      0.000     5.000 r  s00_axi_aclk (IN)
                         net (fo=3968, unset)         0.039     5.039    u_my_ip/u_axi4_mapping/u_gemv/GEN_WEIGHT_BANK[2].u_weight_bram_bank/s00_axi_aclk
    RAMB36_X2Y2          RAMB36E2                                     r  u_my_ip/u_axi4_mapping/u_gemv/GEN_WEIGHT_BANK[2].u_weight_bram_bank/mem_reg_2_bram_9/CLKARDCLK
                         clock pessimism              0.000     5.039    
                         clock uncertainty           -0.035     5.004    
    RAMB36_X2Y2          RAMB36E2 (Setup_RAMB36E2_RAMB36_CLKARDCLK_ADDRARDADDR[5])
                                                     -0.352     4.652    u_my_ip/u_axi4_mapping/u_gemv/GEN_WEIGHT_BANK[2].u_weight_bram_bank/mem_reg_2_bram_9
  -------------------------------------------------------------------
                         required time                          4.652    
                         arrival time                          -4.397    
  -------------------------------------------------------------------
                         slack                                  0.254    

Slack (MET) :             0.255ns  (required time - arrival time)
  Source:                 u_my_ip/u_axi4_mapping/u_gemv/weight_wr_addr_bank_reg[1][1]/C
                            (rising edge-triggered cell FDRE clocked by s00_axi_aclk  {rise@0.000ns fall@2.500ns period=5.000ns})
  Destination:            u_my_ip/u_axi4_mapping/u_gemv/GEN_WEIGHT_BANK[1].u_weight_bram_bank/mem_reg_1_bram_1/ADDRBWRADDR[4]
                            (rising edge-triggered cell RAMB36E2 clocked by s00_axi_aclk  {rise@0.000ns fall@2.500ns period=5.000ns})
  Path Group:             s00_axi_aclk
  Path Type:              Setup (Max at Slow Process Corner)
  Requirement:            5.000ns  (s00_axi_aclk rise@5.000ns - s00_axi_aclk rise@0.000ns)
  Data Path Delay:        4.377ns  (logic 0.079ns (1.805%)  route 4.298ns (98.195%))
  Logic Levels:           0  
  Clock Path Skew:        0.010ns (DCD - SCD + CPR)
    Destination Clock Delay (DCD):    0.040ns = ( 5.040 - 5.000 ) 
    Source Clock Delay      (SCD):    0.030ns
    Clock Pessimism Removal (CPR):    0.000ns
  Clock Uncertainty:      0.035ns  ((TSJ^2 + TIJ^2)^1/2 + DJ) / 2 + PE
    Total System Jitter     (TSJ):    0.071ns
    Total Input Jitter      (TIJ):    0.000ns
    Discrete Jitter          (DJ):    0.000ns
    Phase Error              (PE):    0.000ns

    Location             Delay type                Incr(ns)  Path(ns)    Netlist Resource(s)
  -------------------------------------------------------------------    -------------------
                         (clock s00_axi_aclk rise edge)
                                                      0.000     0.000 r  
                                                      0.000     0.000 r  s00_axi_aclk (IN)
                         net (fo=3968, unset)         0.030     0.030    u_my_ip/u_axi4_mapping/u_gemv/s00_axi_aclk
    SLICE_X89Y201        FDRE                                         r  u_my_ip/u_axi4_mapping/u_gemv/weight_wr_addr_bank_reg[1][1]/C
  -------------------------------------------------------------------    -------------------
    SLICE_X89Y201        FDRE (Prop_EFF2_SLICEM_C_Q)
                                                      0.079     0.109 r  u_my_ip/u_axi4_mapping/u_gemv/weight_wr_addr_bank_reg[1][1]/Q
                         net (fo=64, routed)          4.298     4.407    u_my_ip/u_axi4_mapping/u_gemv/GEN_WEIGHT_BANK[1].u_weight_bram_bank/mem_reg_0_bram_0_0[1]
    RAMB36_X0Y49         RAMB36E2                                     r  u_my_ip/u_axi4_mapping/u_gemv/GEN_WEIGHT_BANK[1].u_weight_bram_bank/mem_reg_1_bram_1/ADDRBWRADDR[4]
  -------------------------------------------------------------------    -------------------

                         (clock s00_axi_aclk rise edge)
                                                      5.000     5.000 r  
                                                      0.000     5.000 r  s00_axi_aclk (IN)
                         net (fo=3968, unset)         0.040     5.040    u_my_ip/u_axi4_mapping/u_gemv/GEN_WEIGHT_BANK[1].u_weight_bram_bank/s00_axi_aclk
    RAMB36_X0Y49         RAMB36E2                                     r  u_my_ip/u_axi4_mapping/u_gemv/GEN_WEIGHT_BANK[1].u_weight_bram_bank/mem_reg_1_bram_1/CLKBWRCLK
                         clock pessimism              0.000     5.040    
                         clock uncertainty           -0.035     5.005    
    RAMB36_X0Y49         RAMB36E2 (Setup_RAMB36E2_RAMB36_CLKBWRCLK_ADDRBWRADDR[4])
                                                     -0.343     4.662    u_my_ip/u_axi4_mapping/u_gemv/GEN_WEIGHT_BANK[1].u_weight_bram_bank/mem_reg_1_bram_1
  -------------------------------------------------------------------
                         required time                          4.662    
                         arrival time                          -4.407    
  -------------------------------------------------------------------
                         slack                                  0.255    

Slack (MET) :             0.255ns  (required time - arrival time)
  Source:                 u_my_ip/u_axi4_mapping/u_gemv/weight_wr_addr_bank_reg[3][11]/C
                            (rising edge-triggered cell FDRE clocked by s00_axi_aclk  {rise@0.000ns fall@2.500ns period=5.000ns})
  Destination:            u_my_ip/u_axi4_mapping/u_gemv/GEN_WEIGHT_BANK[3].u_weight_bram_bank/mem_reg_3_bram_3/ADDRBWRADDR[14]
                            (rising edge-triggered cell RAMB36E2 clocked by s00_axi_aclk  {rise@0.000ns fall@2.500ns period=5.000ns})
  Path Group:             s00_axi_aclk
  Path Type:              Setup (Max at Slow Process Corner)
  Requirement:            5.000ns  (s00_axi_aclk rise@5.000ns - s00_axi_aclk rise@0.000ns)
  Data Path Delay:        4.390ns  (logic 0.076ns (1.731%)  route 4.314ns (98.269%))
  Logic Levels:           0  
  Clock Path Skew:        0.010ns (DCD - SCD + CPR)
    Destination Clock Delay (DCD):    0.040ns = ( 5.040 - 5.000 ) 
    Source Clock Delay      (SCD):    0.030ns
    Clock Pessimism Removal (CPR):    0.000ns
  Clock Uncertainty:      0.035ns  ((TSJ^2 + TIJ^2)^1/2 + DJ) / 2 + PE
    Total System Jitter     (TSJ):    0.071ns
    Total Input Jitter      (TIJ):    0.000ns
    Discrete Jitter          (DJ):    0.000ns
    Phase Error              (PE):    0.000ns

    Location             Delay type                Incr(ns)  Path(ns)    Netlist Resource(s)
  -------------------------------------------------------------------    -------------------
                         (clock s00_axi_aclk rise edge)
                                                      0.000     0.000 r  
                                                      0.000     0.000 r  s00_axi_aclk (IN)
                         net (fo=3968, unset)         0.030     0.030    u_my_ip/u_axi4_mapping/u_gemv/s00_axi_aclk
    SLICE_X89Y212        FDRE                                         r  u_my_ip/u_axi4_mapping/u_gemv/weight_wr_addr_bank_reg[3][11]/C
  -------------------------------------------------------------------    -------------------
    SLICE_X89Y212        FDRE (Prop_FFF_SLICEM_C_Q)
                                                      0.076     0.106 r  u_my_ip/u_axi4_mapping/u_gemv/weight_wr_addr_bank_reg[3][11]/Q
                         net (fo=64, routed)          4.314     4.420    u_my_ip/u_axi4_mapping/u_gemv/GEN_WEIGHT_BANK[3].u_weight_bram_bank/mem_reg_0_bram_0_0[11]
    RAMB36_X4Y5          RAMB36E2                                     r  u_my_ip/u_axi4_mapping/u_gemv/GEN_WEIGHT_BANK[3].u_weight_bram_bank/mem_reg_3_bram_3/ADDRBWRADDR[14]
  -------------------------------------------------------------------    -------------------

                         (clock s00_axi_aclk rise edge)
                                                      5.000     5.000 r  
                                                      0.000     5.000 r  s00_axi_aclk (IN)
                         net (fo=3968, unset)         0.040     5.040    u_my_ip/u_axi4_mapping/u_gemv/GEN_WEIGHT_BANK[3].u_weight_bram_bank/s00_axi_aclk
    RAMB36_X4Y5          RAMB36E2                                     r  u_my_ip/u_axi4_mapping/u_gemv/GEN_WEIGHT_BANK[3].u_weight_bram_bank/mem_reg_3_bram_3/CLKBWRCLK
                         clock pessimism              0.000     5.040    
                         clock uncertainty           -0.035     5.005    
    RAMB36_X4Y5          RAMB36E2 (Setup_RAMB36E2_RAMB36_CLKBWRCLK_ADDRBWRADDR[14])
                                                     -0.329     4.676    u_my_ip/u_axi4_mapping/u_gemv/GEN_WEIGHT_BANK[3].u_weight_bram_bank/mem_reg_3_bram_3
  -------------------------------------------------------------------
                         required time                          4.676    
                         arrival time                          -4.420    
  -------------------------------------------------------------------
                         slack                                  0.255    

Slack (MET) :             0.256ns  (required time - arrival time)
  Source:                 u_my_ip/u_axi4_mapping/u_gemv/weight_wr_addr_bank_reg[3][4]/C
                            (rising edge-triggered cell FDRE clocked by s00_axi_aclk  {rise@0.000ns fall@2.500ns period=5.000ns})
  Destination:            u_my_ip/u_axi4_mapping/u_gemv/GEN_WEIGHT_BANK[3].u_weight_bram_bank/mem_reg_1_bram_0/ADDRBWRADDR[7]
                            (rising edge-triggered cell RAMB36E2 clocked by s00_axi_aclk  {rise@0.000ns fall@2.500ns period=5.000ns})
  Path Group:             s00_axi_aclk
  Path Type:              Setup (Max at Slow Process Corner)
  Requirement:            5.000ns  (s00_axi_aclk rise@5.000ns - s00_axi_aclk rise@0.000ns)
  Data Path Delay:        4.434ns  (logic 0.076ns (1.714%)  route 4.358ns (98.286%))
  Logic Levels:           0  
  Clock Path Skew:        0.010ns (DCD - SCD + CPR)
    Destination Clock Delay (DCD):    0.040ns = ( 5.040 - 5.000 ) 
    Source Clock Delay      (SCD):    0.030ns
    Clock Pessimism Removal (CPR):    0.000ns
  Clock Uncertainty:      0.035ns  ((TSJ^2 + TIJ^2)^1/2 + DJ) / 2 + PE
    Total System Jitter     (TSJ):    0.071ns
    Total Input Jitter      (TIJ):    0.000ns
    Discrete Jitter          (DJ):    0.000ns
    Phase Error              (PE):    0.000ns

    Location             Delay type                Incr(ns)  Path(ns)    Netlist Resource(s)
  -------------------------------------------------------------------    -------------------
                         (clock s00_axi_aclk rise edge)
                                                      0.000     0.000 r  
                                                      0.000     0.000 r  s00_axi_aclk (IN)
                         net (fo=3968, unset)         0.030     0.030    u_my_ip/u_axi4_mapping/u_gemv/s00_axi_aclk
    SLICE_X89Y202        FDRE                                         r  u_my_ip/u_axi4_mapping/u_gemv/weight_wr_addr_bank_reg[3][4]/C
  -------------------------------------------------------------------    -------------------
    SLICE_X89Y202        FDRE (Prop_EFF_SLICEM_C_Q)
                                                      0.076     0.106 r  u_my_ip/u_axi4_mapping/u_gemv/weight_wr_addr_bank_reg[3][4]/Q
                         net (fo=64, routed)          4.358     4.464    u_my_ip/u_axi4_mapping/u_gemv/GEN_WEIGHT_BANK[3].u_weight_bram_bank/mem_reg_0_bram_0_0[4]
    RAMB36_X3Y9          RAMB36E2                                     r  u_my_ip/u_axi4_mapping/u_gemv/GEN_WEIGHT_BANK[3].u_weight_bram_bank/mem_reg_1_bram_0/ADDRBWRADDR[7]
  -------------------------------------------------------------------    -------------------

                         (clock s00_axi_aclk rise edge)
                                                      5.000     5.000 r  
                                                      0.000     5.000 r  s00_axi_aclk (IN)
                         net (fo=3968, unset)         0.040     5.040    u_my_ip/u_axi4_mapping/u_gemv/GEN_WEIGHT_BANK[3].u_weight_bram_bank/s00_axi_aclk
    RAMB36_X3Y9          RAMB36E2                                     r  u_my_ip/u_axi4_mapping/u_gemv/GEN_WEIGHT_BANK[3].u_weight_bram_bank/mem_reg_1_bram_0/CLKBWRCLK
                         clock pessimism              0.000     5.040    
                         clock uncertainty           -0.035     5.005    
    RAMB36_X3Y9          RAMB36E2 (Setup_RAMB36E2_RAMB36_CLKBWRCLK_ADDRBWRADDR[7])
                                                     -0.285     4.720    u_my_ip/u_axi4_mapping/u_gemv/GEN_WEIGHT_BANK[3].u_weight_bram_bank/mem_reg_1_bram_0
  -------------------------------------------------------------------
                         required time                          4.720    
                         arrival time                          -4.464    
  -------------------------------------------------------------------
                         slack                                  0.256    

Slack (MET) :             0.258ns  (required time - arrival time)
  Source:                 u_my_ip/u_axi4_mapping/u_gemv/weight_wr_addr_bank_reg[0][10]/C
                            (rising edge-triggered cell FDRE clocked by s00_axi_aclk  {rise@0.000ns fall@2.500ns period=5.000ns})
  Destination:            u_my_ip/u_axi4_mapping/u_gemv/GEN_WEIGHT_BANK[0].u_weight_bram_bank/mem_reg_2_bram_2/ADDRBWRADDR[13]
                            (rising edge-triggered cell RAMB36E2 clocked by s00_axi_aclk  {rise@0.000ns fall@2.500ns period=5.000ns})
  Path Group:             s00_axi_aclk
  Path Type:              Setup (Max at Slow Process Corner)
  Requirement:            5.000ns  (s00_axi_aclk rise@5.000ns - s00_axi_aclk rise@0.000ns)
  Data Path Delay:        4.426ns  (logic 0.076ns (1.717%)  route 4.350ns (98.283%))
  Logic Levels:           0  
  Clock Path Skew:        0.010ns (DCD - SCD + CPR)
    Destination Clock Delay (DCD):    0.040ns = ( 5.040 - 5.000 ) 
    Source Clock Delay      (SCD):    0.030ns
    Clock Pessimism Removal (CPR):    0.000ns
  Clock Uncertainty:      0.035ns  ((TSJ^2 + TIJ^2)^1/2 + DJ) / 2 + PE
    Total System Jitter     (TSJ):    0.071ns
    Total Input Jitter      (TIJ):    0.000ns
    Discrete Jitter          (DJ):    0.000ns
    Phase Error              (PE):    0.000ns

    Location             Delay type                Incr(ns)  Path(ns)    Netlist Resource(s)
  -------------------------------------------------------------------    -------------------
                         (clock s00_axi_aclk rise edge)
                                                      0.000     0.000 r  
                                                      0.000     0.000 r  s00_axi_aclk (IN)
                         net (fo=3968, unset)         0.030     0.030    u_my_ip/u_axi4_mapping/u_gemv/s00_axi_aclk
    SLICE_X89Y248        FDRE                                         r  u_my_ip/u_axi4_mapping/u_gemv/weight_wr_addr_bank_reg[0][10]/C
  -------------------------------------------------------------------    -------------------
    SLICE_X89Y248        FDRE (Prop_EFF_SLICEM_C_Q)
                                                      0.076     0.106 r  u_my_ip/u_axi4_mapping/u_gemv/weight_wr_addr_bank_reg[0][10]/Q
                         net (fo=64, routed)          4.350     4.456    u_my_ip/u_axi4_mapping/u_gemv/GEN_WEIGHT_BANK[0].u_weight_bram_bank/mem_reg_0_bram_0_0[10]
    RAMB36_X0Y66         RAMB36E2                                     r  u_my_ip/u_axi4_mapping/u_gemv/GEN_WEIGHT_BANK[0].u_weight_bram_bank/mem_reg_2_bram_2/ADDRBWRADDR[13]
  -------------------------------------------------------------------    -------------------

                         (clock s00_axi_aclk rise edge)
                                                      5.000     5.000 r  
                                                      0.000     5.000 r  s00_axi_aclk (IN)
                         net (fo=3968, unset)         0.040     5.040    u_my_ip/u_axi4_mapping/u_gemv/GEN_WEIGHT_BANK[0].u_weight_bram_bank/s00_axi_aclk
    RAMB36_X0Y66         RAMB36E2                                     r  u_my_ip/u_axi4_mapping/u_gemv/GEN_WEIGHT_BANK[0].u_weight_bram_bank/mem_reg_2_bram_2/CLKBWRCLK
                         clock pessimism              0.000     5.040    
                         clock uncertainty           -0.035     5.005    
    RAMB36_X0Y66         RAMB36E2 (Setup_RAMB36E2_RAMB36_CLKBWRCLK_ADDRBWRADDR[13])
                                                     -0.290     4.715    u_my_ip/u_axi4_mapping/u_gemv/GEN_WEIGHT_BANK[0].u_weight_bram_bank/mem_reg_2_bram_2
  -------------------------------------------------------------------
                         required time                          4.715    
                         arrival time                          -4.456    
  -------------------------------------------------------------------
                         slack                                  0.258    

Slack (MET) :             0.259ns  (required time - arrival time)
  Source:                 u_my_ip/u_axi4_mapping/u_gemv/weight_wr_addr_bank_reg[0][0]/C
                            (rising edge-triggered cell FDRE clocked by s00_axi_aclk  {rise@0.000ns fall@2.500ns period=5.000ns})
  Destination:            u_my_ip/u_axi4_mapping/u_gemv/GEN_WEIGHT_BANK[0].u_weight_bram_bank/mem_reg_2_bram_14/ADDRBWRADDR[3]
                            (rising edge-triggered cell RAMB36E2 clocked by s00_axi_aclk  {rise@0.000ns fall@2.500ns period=5.000ns})
  Path Group:             s00_axi_aclk
  Path Type:              Setup (Max at Slow Process Corner)
  Requirement:            5.000ns  (s00_axi_aclk rise@5.000ns - s00_axi_aclk rise@0.000ns)
  Data Path Delay:        4.382ns  (logic 0.076ns (1.734%)  route 4.306ns (98.266%))
  Logic Levels:           0  
  Clock Path Skew:        0.010ns (DCD - SCD + CPR)
    Destination Clock Delay (DCD):    0.040ns = ( 5.040 - 5.000 ) 
    Source Clock Delay      (SCD):    0.030ns
    Clock Pessimism Removal (CPR):    0.000ns
  Clock Uncertainty:      0.035ns  ((TSJ^2 + TIJ^2)^1/2 + DJ) / 2 + PE
    Total System Jitter     (TSJ):    0.071ns
    Total Input Jitter      (TIJ):    0.000ns
    Discrete Jitter          (DJ):    0.000ns
    Phase Error              (PE):    0.000ns

    Location             Delay type                Incr(ns)  Path(ns)    Netlist Resource(s)
  -------------------------------------------------------------------    -------------------
                         (clock s00_axi_aclk rise edge)
                                                      0.000     0.000 r  
                                                      0.000     0.000 r  s00_axi_aclk (IN)
                         net (fo=3968, unset)         0.030     0.030    u_my_ip/u_axi4_mapping/u_gemv/s00_axi_aclk
    SLICE_X89Y243        FDRE                                         r  u_my_ip/u_axi4_mapping/u_gemv/weight_wr_addr_bank_reg[0][0]/C
  -------------------------------------------------------------------    -------------------
    SLICE_X89Y243        FDRE (Prop_EFF_SLICEM_C_Q)
                                                      0.076     0.106 r  u_my_ip/u_axi4_mapping/u_gemv/weight_wr_addr_bank_reg[0][0]/Q
                         net (fo=64, routed)          4.306     4.412    u_my_ip/u_axi4_mapping/u_gemv/GEN_WEIGHT_BANK[0].u_weight_bram_bank/mem_reg_0_bram_0_0[0]
    RAMB36_X0Y62         RAMB36E2                                     r  u_my_ip/u_axi4_mapping/u_gemv/GEN_WEIGHT_BANK[0].u_weight_bram_bank/mem_reg_2_bram_14/ADDRBWRADDR[3]
  -------------------------------------------------------------------    -------------------

                         (clock s00_axi_aclk rise edge)
                                                      5.000     5.000 r  
                                                      0.000     5.000 r  s00_axi_aclk (IN)
                         net (fo=3968, unset)         0.040     5.040    u_my_ip/u_axi4_mapping/u_gemv/GEN_WEIGHT_BANK[0].u_weight_bram_bank/s00_axi_aclk
    RAMB36_X0Y62         RAMB36E2                                     r  u_my_ip/u_axi4_mapping/u_gemv/GEN_WEIGHT_BANK[0].u_weight_bram_bank/mem_reg_2_bram_14/CLKBWRCLK
                         clock pessimism              0.000     5.040    
                         clock uncertainty           -0.035     5.005    
    RAMB36_X0Y62         RAMB36E2 (Setup_RAMB36E2_RAMB36_CLKBWRCLK_ADDRBWRADDR[3])
                                                     -0.334     4.671    u_my_ip/u_axi4_mapping/u_gemv/GEN_WEIGHT_BANK[0].u_weight_bram_bank/mem_reg_2_bram_14
  -------------------------------------------------------------------
                         required time                          4.671    
                         arrival time                          -4.412    
  -------------------------------------------------------------------
                         slack                                  0.259    

Slack (MET) :             0.262ns  (required time - arrival time)
  Source:                 u_my_ip/u_axi4_mapping/u_gemv/weight_wr_addr_bank_reg[0][11]/C
                            (rising edge-triggered cell FDRE clocked by s00_axi_aclk  {rise@0.000ns fall@2.500ns period=5.000ns})
  Destination:            u_my_ip/u_axi4_mapping/u_gemv/GEN_WEIGHT_BANK[0].u_weight_bram_bank/mem_reg_2_bram_3/ADDRBWRADDR[14]
                            (rising edge-triggered cell RAMB36E2 clocked by s00_axi_aclk  {rise@0.000ns fall@2.500ns period=5.000ns})
  Path Group:             s00_axi_aclk
  Path Type:              Setup (Max at Slow Process Corner)
  Requirement:            5.000ns  (s00_axi_aclk rise@5.000ns - s00_axi_aclk rise@0.000ns)
  Data Path Delay:        4.384ns  (logic 0.079ns (1.802%)  route 4.305ns (98.198%))
  Logic Levels:           0  
  Clock Path Skew:        0.010ns (DCD - SCD + CPR)
    Destination Clock Delay (DCD):    0.040ns = ( 5.040 - 5.000 ) 
    Source Clock Delay      (SCD):    0.030ns
    Clock Pessimism Removal (CPR):    0.000ns
  Clock Uncertainty:      0.035ns  ((TSJ^2 + TIJ^2)^1/2 + DJ) / 2 + PE
    Total System Jitter     (TSJ):    0.071ns
    Total Input Jitter      (TIJ):    0.000ns
    Discrete Jitter          (DJ):    0.000ns
    Phase Error              (PE):    0.000ns

    Location             Delay type                Incr(ns)  Path(ns)    Netlist Resource(s)
  -------------------------------------------------------------------    -------------------
                         (clock s00_axi_aclk rise edge)
                                                      0.000     0.000 r  
                                                      0.000     0.000 r  s00_axi_aclk (IN)
                         net (fo=3968, unset)         0.030     0.030    u_my_ip/u_axi4_mapping/u_gemv/s00_axi_aclk
    SLICE_X89Y248        FDRE                                         r  u_my_ip/u_axi4_mapping/u_gemv/weight_wr_addr_bank_reg[0][11]/C
  -------------------------------------------------------------------    -------------------
    SLICE_X89Y248        FDRE (Prop_EFF2_SLICEM_C_Q)
                                                      0.079     0.109 r  u_my_ip/u_axi4_mapping/u_gemv/weight_wr_addr_bank_reg[0][11]/Q
                         net (fo=64, routed)          4.305     4.414    u_my_ip/u_axi4_mapping/u_gemv/GEN_WEIGHT_BANK[0].u_weight_bram_bank/mem_reg_0_bram_0_0[11]
    RAMB36_X0Y67         RAMB36E2                                     r  u_my_ip/u_axi4_mapping/u_gemv/GEN_WEIGHT_BANK[0].u_weight_bram_bank/mem_reg_2_bram_3/ADDRBWRADDR[14]
  -------------------------------------------------------------------    -------------------

                         (clock s00_axi_aclk rise edge)
                                                      5.000     5.000 r  
                                                      0.000     5.000 r  s00_axi_aclk (IN)
                         net (fo=3968, unset)         0.040     5.040    u_my_ip/u_axi4_mapping/u_gemv/GEN_WEIGHT_BANK[0].u_weight_bram_bank/s00_axi_aclk
    RAMB36_X0Y67         RAMB36E2                                     r  u_my_ip/u_axi4_mapping/u_gemv/GEN_WEIGHT_BANK[0].u_weight_bram_bank/mem_reg_2_bram_3/CLKBWRCLK
                         clock pessimism              0.000     5.040    
                         clock uncertainty           -0.035     5.005    
    RAMB36_X0Y67         RAMB36E2 (Setup_RAMB36E2_RAMB36_CLKBWRCLK_ADDRBWRADDR[14])
                                                     -0.329     4.676    u_my_ip/u_axi4_mapping/u_gemv/GEN_WEIGHT_BANK[0].u_weight_bram_bank/mem_reg_2_bram_3
  -------------------------------------------------------------------
                         required time                          4.676    
                         arrival time                          -4.414    
  -------------------------------------------------------------------
                         slack                                  0.262    

Slack (MET) :             0.262ns  (required time - arrival time)
  Source:                 u_my_ip/u_axi4_mapping/u_gemv/weight_wr_addr_bank_reg[1][7]/C
                            (rising edge-triggered cell FDRE clocked by s00_axi_aclk  {rise@0.000ns fall@2.500ns period=5.000ns})
  Destination:            u_my_ip/u_axi4_mapping/u_gemv/GEN_WEIGHT_BANK[1].u_weight_bram_bank/mem_reg_1_bram_9/ADDRBWRADDR[10]
                            (rising edge-triggered cell RAMB36E2 clocked by s00_axi_aclk  {rise@0.000ns fall@2.500ns period=5.000ns})
  Path Group:             s00_axi_aclk
  Path Type:              Setup (Max at Slow Process Corner)
  Requirement:            5.000ns  (s00_axi_aclk rise@5.000ns - s00_axi_aclk rise@0.000ns)
  Data Path Delay:        4.405ns  (logic 0.081ns (1.839%)  route 4.324ns (98.161%))
  Logic Levels:           0  
  Clock Path Skew:        0.011ns (DCD - SCD + CPR)
    Destination Clock Delay (DCD):    0.040ns = ( 5.040 - 5.000 ) 
    Source Clock Delay      (SCD):    0.029ns
    Clock Pessimism Removal (CPR):    0.000ns
  Clock Uncertainty:      0.035ns  ((TSJ^2 + TIJ^2)^1/2 + DJ) / 2 + PE
    Total System Jitter     (TSJ):    0.071ns
    Total Input Jitter      (TIJ):    0.000ns
    Discrete Jitter          (DJ):    0.000ns
    Phase Error              (PE):    0.000ns

    Location             Delay type                Incr(ns)  Path(ns)    Netlist Resource(s)
  -------------------------------------------------------------------    -------------------
                         (clock s00_axi_aclk rise edge)
                                                      0.000     0.000 r  
                                                      0.000     0.000 r  s00_axi_aclk (IN)
                         net (fo=3968, unset)         0.029     0.029    u_my_ip/u_axi4_mapping/u_gemv/s00_axi_aclk
    SLICE_X87Y203        FDRE                                         r  u_my_ip/u_axi4_mapping/u_gemv/weight_wr_addr_bank_reg[1][7]/C
  -------------------------------------------------------------------    -------------------
    SLICE_X87Y203        FDRE (Prop_EFF2_SLICEL_C_Q)
                                                      0.081     0.110 r  u_my_ip/u_axi4_mapping/u_gemv/weight_wr_addr_bank_reg[1][7]/Q
                         net (fo=64, routed)          4.324     4.434    u_my_ip/u_axi4_mapping/u_gemv/GEN_WEIGHT_BANK[1].u_weight_bram_bank/mem_reg_0_bram_0_0[7]
    RAMB36_X1Y22         RAMB36E2                                     r  u_my_ip/u_axi4_mapping/u_gemv/GEN_WEIGHT_BANK[1].u_weight_bram_bank/mem_reg_1_bram_9/ADDRBWRADDR[10]
  -------------------------------------------------------------------    -------------------

                         (clock s00_axi_aclk rise edge)
                                                      5.000     5.000 r  
                                                      0.000     5.000 r  s00_axi_aclk (IN)
                         net (fo=3968, unset)         0.040     5.040    u_my_ip/u_axi4_mapping/u_gemv/GEN_WEIGHT_BANK[1].u_weight_bram_bank/s00_axi_aclk
    RAMB36_X1Y22         RAMB36E2                                     r  u_my_ip/u_axi4_mapping/u_gemv/GEN_WEIGHT_BANK[1].u_weight_bram_bank/mem_reg_1_bram_9/CLKBWRCLK
                         clock pessimism              0.000     5.040    
                         clock uncertainty           -0.035     5.005    
    RAMB36_X1Y22         RAMB36E2 (Setup_RAMB36E2_RAMB36_CLKBWRCLK_ADDRBWRADDR[10])
                                                     -0.309     4.696    u_my_ip/u_axi4_mapping/u_gemv/GEN_WEIGHT_BANK[1].u_weight_bram_bank/mem_reg_1_bram_9
  -------------------------------------------------------------------
                         required time                          4.696    
                         arrival time                          -4.434    
  -------------------------------------------------------------------
                         slack                                  0.262    

Slack (MET) :             0.264ns  (required time - arrival time)
  Source:                 u_my_ip/u_axi4_mapping/u_gemv/weight_compute_addr_bank_reg[0][10]/C
                            (rising edge-triggered cell FDRE clocked by s00_axi_aclk  {rise@0.000ns fall@2.500ns period=5.000ns})
  Destination:            u_my_ip/u_axi4_mapping/u_gemv/GEN_WEIGHT_BANK[0].u_weight_bram_bank/mem_reg_2_bram_10/ADDRARDADDR[13]
                            (rising edge-triggered cell RAMB36E2 clocked by s00_axi_aclk  {rise@0.000ns fall@2.500ns period=5.000ns})
  Path Group:             s00_axi_aclk
  Path Type:              Setup (Max at Slow Process Corner)
  Requirement:            5.000ns  (s00_axi_aclk rise@5.000ns - s00_axi_aclk rise@0.000ns)
  Data Path Delay:        4.436ns  (logic 0.078ns (1.758%)  route 4.358ns (98.242%))
  Logic Levels:           0  
  Clock Path Skew:        0.009ns (DCD - SCD + CPR)
    Destination Clock Delay (DCD):    0.039ns = ( 5.039 - 5.000 ) 
    Source Clock Delay      (SCD):    0.030ns
    Clock Pessimism Removal (CPR):    0.000ns
  Clock Uncertainty:      0.035ns  ((TSJ^2 + TIJ^2)^1/2 + DJ) / 2 + PE
    Total System Jitter     (TSJ):    0.071ns
    Total Input Jitter      (TIJ):    0.000ns
    Discrete Jitter          (DJ):    0.000ns
    Phase Error              (PE):    0.000ns

    Location             Delay type                Incr(ns)  Path(ns)    Netlist Resource(s)
  -------------------------------------------------------------------    -------------------
                         (clock s00_axi_aclk rise edge)
                                                      0.000     0.000 r  
                                                      0.000     0.000 r  s00_axi_aclk (IN)
                         net (fo=3968, unset)         0.030     0.030    u_my_ip/u_axi4_mapping/u_gemv/s00_axi_aclk
    SLICE_X94Y240        FDRE                                         r  u_my_ip/u_axi4_mapping/u_gemv/weight_compute_addr_bank_reg[0][10]/C
  -------------------------------------------------------------------    -------------------
    SLICE_X94Y240        FDRE (Prop_CFF_SLICEM_C_Q)
                                                      0.078     0.108 r  u_my_ip/u_axi4_mapping/u_gemv/weight_compute_addr_bank_reg[0][10]/Q
                         net (fo=65, routed)          4.358     4.466    u_my_ip/u_axi4_mapping/u_gemv/GEN_WEIGHT_BANK[0].u_weight_bram_bank/out[10]
    RAMB36_X0Y58         RAMB36E2                                     r  u_my_ip/u_axi4_mapping/u_gemv/GEN_WEIGHT_BANK[0].u_weight_bram_bank/mem_reg_2_bram_10/ADDRARDADDR[13]
  -------------------------------------------------------------------    -------------------

                         (clock s00_axi_aclk rise edge)
                                                      5.000     5.000 r  
                                                      0.000     5.000 r  s00_axi_aclk (IN)
                         net (fo=3968, unset)         0.039     5.039    u_my_ip/u_axi4_mapping/u_gemv/GEN_WEIGHT_BANK[0].u_weight_bram_bank/s00_axi_aclk
    RAMB36_X0Y58         RAMB36E2                                     r  u_my_ip/u_axi4_mapping/u_gemv/GEN_WEIGHT_BANK[0].u_weight_bram_bank/mem_reg_2_bram_10/CLKARDCLK
                         clock pessimism              0.000     5.039    
                         clock uncertainty           -0.035     5.004    
    RAMB36_X0Y58         RAMB36E2 (Setup_RAMB36E2_RAMB36_CLKARDCLK_ADDRARDADDR[13])
                                                     -0.274     4.730    u_my_ip/u_axi4_mapping/u_gemv/GEN_WEIGHT_BANK[0].u_weight_bram_bank/mem_reg_2_bram_10
  -------------------------------------------------------------------
                         required time                          4.730    
                         arrival time                          -4.466    
  -------------------------------------------------------------------
                         slack                                  0.264    





Min Delay Paths
--------------------------------------------------------------------------------------
Slack (MET) :             0.027ns  (arrival time - required time)
  Source:                 u_my_ip/u_axi4_mapping/cfg_rows_reg_reg[9]/C
                            (rising edge-triggered cell FDRE clocked by s00_axi_aclk  {rise@0.000ns fall@2.500ns period=5.000ns})
  Destination:            u_my_ip/u_axi4_mapping/u_gemv/active_rows_r_reg[9]/D
                            (rising edge-triggered cell FDRE clocked by s00_axi_aclk  {rise@0.000ns fall@2.500ns period=5.000ns})
  Path Group:             s00_axi_aclk
  Path Type:              Hold (Min at Fast Process Corner)
  Requirement:            0.000ns  (s00_axi_aclk rise@0.000ns - s00_axi_aclk rise@0.000ns)
  Data Path Delay:        0.080ns  (logic 0.039ns (48.843%)  route 0.041ns (51.157%))
  Logic Levels:           0  
  Clock Path Skew:        0.006ns (DCD - SCD - CPR)
    Destination Clock Delay (DCD):    0.019ns
    Source Clock Delay      (SCD):    0.013ns
    Clock Pessimism Removal (CPR):    -0.000ns

    Location             Delay type                Incr(ns)  Path(ns)    Netlist Resource(s)
  -------------------------------------------------------------------    -------------------
                         (clock s00_axi_aclk rise edge)
                                                      0.000     0.000 r  
                                                      0.000     0.000 r  s00_axi_aclk (IN)
                         net (fo=3968, unset)         0.013     0.013    u_my_ip/u_axi4_mapping/s00_axi_aclk
    SLICE_X93Y241        FDRE                                         r  u_my_ip/u_axi4_mapping/cfg_rows_reg_reg[9]/C
  -------------------------------------------------------------------    -------------------
    SLICE_X93Y241        FDRE (Prop_HFF_SLICEM_C_Q)
                                                      0.039     0.052 r  u_my_ip/u_axi4_mapping/cfg_rows_reg_reg[9]/Q
                         net (fo=2, routed)           0.041     0.093    u_my_ip/u_axi4_mapping/u_gemv/rd_pending_reg_data_r_reg[30]_1[9]
    SLICE_X93Y241        FDRE                                         r  u_my_ip/u_axi4_mapping/u_gemv/active_rows_r_reg[9]/D
  -------------------------------------------------------------------    -------------------

                         (clock s00_axi_aclk rise edge)
                                                      0.000     0.000 r  
                                                      0.000     0.000 r  s00_axi_aclk (IN)
                         net (fo=3968, unset)         0.019     0.019    u_my_ip/u_axi4_mapping/u_gemv/s00_axi_aclk
    SLICE_X93Y241        FDRE                                         r  u_my_ip/u_axi4_mapping/u_gemv/active_rows_r_reg[9]/C
                         clock pessimism              0.000     0.019    
    SLICE_X93Y241        FDRE (Hold_EFF2_SLICEM_C_D)
                                                      0.047     0.066    u_my_ip/u_axi4_mapping/u_gemv/active_rows_r_reg[9]
  -------------------------------------------------------------------
                         required time                         -0.066    
                         arrival time                           0.093    
  -------------------------------------------------------------------
                         slack                                  0.027    

Slack (MET) :             0.043ns  (arrival time - required time)
  Source:                 u_my_ip/u_axi4_mapping/map_rd_data_reg[116]/C
                            (rising edge-triggered cell FDRE clocked by s00_axi_aclk  {rise@0.000ns fall@2.500ns period=5.000ns})
  Destination:            u_my_ip/rdata_r_reg[116]/D
                            (rising edge-triggered cell FDRE clocked by s00_axi_aclk  {rise@0.000ns fall@2.500ns period=5.000ns})
  Path Group:             s00_axi_aclk
  Path Type:              Hold (Min at Fast Process Corner)
  Requirement:            0.000ns  (s00_axi_aclk rise@0.000ns - s00_axi_aclk rise@0.000ns)
  Data Path Delay:        0.097ns  (logic 0.039ns (40.206%)  route 0.058ns (59.794%))
  Logic Levels:           0  
  Clock Path Skew:        0.007ns (DCD - SCD - CPR)
    Destination Clock Delay (DCD):    0.019ns
    Source Clock Delay      (SCD):    0.012ns
    Clock Pessimism Removal (CPR):    -0.000ns

    Location             Delay type                Incr(ns)  Path(ns)    Netlist Resource(s)
  -------------------------------------------------------------------    -------------------
                         (clock s00_axi_aclk rise edge)
                                                      0.000     0.000 r  
                                                      0.000     0.000 r  s00_axi_aclk (IN)
                         net (fo=3968, unset)         0.012     0.012    u_my_ip/u_axi4_mapping/s00_axi_aclk
    SLICE_X99Y220        FDRE                                         r  u_my_ip/u_axi4_mapping/map_rd_data_reg[116]/C
  -------------------------------------------------------------------    -------------------
    SLICE_X99Y220        FDRE (Prop_CFF_SLICEL_C_Q)
                                                      0.039     0.051 r  u_my_ip/u_axi4_mapping/map_rd_data_reg[116]/Q
                         net (fo=1, routed)           0.058     0.109    u_my_ip/map_rd_data[116]
    SLICE_X99Y220        FDRE                                         r  u_my_ip/rdata_r_reg[116]/D
  -------------------------------------------------------------------    -------------------

                         (clock s00_axi_aclk rise edge)
                                                      0.000     0.000 r  
                                                      0.000     0.000 r  s00_axi_aclk (IN)
                         net (fo=3968, unset)         0.019     0.019    u_my_ip/s00_axi_aclk
    SLICE_X99Y220        FDRE                                         r  u_my_ip/rdata_r_reg[116]/C
                         clock pessimism              0.000     0.019    
    SLICE_X99Y220        FDRE (Hold_FFF2_SLICEL_C_D)
                                                      0.047     0.066    u_my_ip/rdata_r_reg[116]
  -------------------------------------------------------------------
                         required time                         -0.066    
                         arrival time                           0.109    
  -------------------------------------------------------------------
                         slack                                  0.043    

Slack (MET) :             0.044ns  (arrival time - required time)
  Source:                 u_my_ip/u_axi4_mapping/u_gemv/GEN_WEIGHT_BANK[2].u_weight_bram_bank/GEN_OUTPUT_REG.doutb_reg_reg[1]/C
                            (rising edge-triggered cell FDRE clocked by s00_axi_aclk  {rise@0.000ns fall@2.500ns period=5.000ns})
  Destination:            u_my_ip/u_axi4_mapping/u_gemv/weight_pmau_data_reg[65]/D
                            (rising edge-triggered cell FDRE clocked by s00_axi_aclk  {rise@0.000ns fall@2.500ns period=5.000ns})
  Path Group:             s00_axi_aclk
  Path Type:              Hold (Min at Fast Process Corner)
  Requirement:            0.000ns  (s00_axi_aclk rise@0.000ns - s00_axi_aclk rise@0.000ns)
  Data Path Delay:        0.097ns  (logic 0.041ns (42.268%)  route 0.056ns (57.732%))
  Logic Levels:           0  
  Clock Path Skew:        0.006ns (DCD - SCD - CPR)
    Destination Clock Delay (DCD):    0.019ns
    Source Clock Delay      (SCD):    0.013ns
    Clock Pessimism Removal (CPR):    -0.000ns

    Location             Delay type                Incr(ns)  Path(ns)    Netlist Resource(s)
  -------------------------------------------------------------------    -------------------
                         (clock s00_axi_aclk rise edge)
                                                      0.000     0.000 r  
                                                      0.000     0.000 r  s00_axi_aclk (IN)
                         net (fo=3968, unset)         0.013     0.013    u_my_ip/u_axi4_mapping/u_gemv/GEN_WEIGHT_BANK[2].u_weight_bram_bank/s00_axi_aclk
    SLICE_X89Y119        FDRE                                         r  u_my_ip/u_axi4_mapping/u_gemv/GEN_WEIGHT_BANK[2].u_weight_bram_bank/GEN_OUTPUT_REG.doutb_reg_reg[1]/C
  -------------------------------------------------------------------    -------------------
    SLICE_X89Y119        FDRE (Prop_DFF2_SLICEM_C_Q)
                                                      0.041     0.054 r  u_my_ip/u_axi4_mapping/u_gemv/GEN_WEIGHT_BANK[2].u_weight_bram_bank/GEN_OUTPUT_REG.doutb_reg_reg[1]/Q
                         net (fo=1, routed)           0.056     0.110    u_my_ip/u_axi4_mapping/u_gemv/weight_compute_data[65]
    SLICE_X90Y119        FDRE                                         r  u_my_ip/u_axi4_mapping/u_gemv/weight_pmau_data_reg[65]/D
  -------------------------------------------------------------------    -------------------

                         (clock s00_axi_aclk rise edge)
                                                      0.000     0.000 r  
                                                      0.000     0.000 r  s00_axi_aclk (IN)
                         net (fo=3968, unset)         0.019     0.019    u_my_ip/u_axi4_mapping/u_gemv/s00_axi_aclk
    SLICE_X90Y119        FDRE                                         r  u_my_ip/u_axi4_mapping/u_gemv/weight_pmau_data_reg[65]/C
                         clock pessimism              0.000     0.019    
    SLICE_X90Y119        FDRE (Hold_EFF2_SLICEL_C_D)
                                                      0.047     0.066    u_my_ip/u_axi4_mapping/u_gemv/weight_pmau_data_reg[65]
  -------------------------------------------------------------------
                         required time                         -0.066    
                         arrival time                           0.110    
  -------------------------------------------------------------------
                         slack                                  0.044    

Slack (MET) :             0.045ns  (arrival time - required time)
  Source:                 u_my_ip/u_axi4_mapping/map_rd_data_reg[35]/C
                            (rising edge-triggered cell FDRE clocked by s00_axi_aclk  {rise@0.000ns fall@2.500ns period=5.000ns})
  Destination:            u_my_ip/rdata_r_reg[35]/D
                            (rising edge-triggered cell FDRE clocked by s00_axi_aclk  {rise@0.000ns fall@2.500ns period=5.000ns})
  Path Group:             s00_axi_aclk
  Path Type:              Hold (Min at Fast Process Corner)
  Requirement:            0.000ns  (s00_axi_aclk rise@0.000ns - s00_axi_aclk rise@0.000ns)
  Data Path Delay:        0.099ns  (logic 0.041ns (41.414%)  route 0.058ns (58.586%))
  Logic Levels:           0  
  Clock Path Skew:        0.007ns (DCD - SCD - CPR)
    Destination Clock Delay (DCD):    0.019ns
    Source Clock Delay      (SCD):    0.012ns
    Clock Pessimism Removal (CPR):    -0.000ns

    Location             Delay type                Incr(ns)  Path(ns)    Netlist Resource(s)
  -------------------------------------------------------------------    -------------------
                         (clock s00_axi_aclk rise edge)
                                                      0.000     0.000 r  
                                                      0.000     0.000 r  s00_axi_aclk (IN)
                         net (fo=3968, unset)         0.012     0.012    u_my_ip/u_axi4_mapping/s00_axi_aclk
    SLICE_X103Y226       FDRE                                         r  u_my_ip/u_axi4_mapping/map_rd_data_reg[35]/C
  -------------------------------------------------------------------    -------------------
    SLICE_X103Y226       FDRE (Prop_DFF2_SLICEL_C_Q)
                                                      0.041     0.053 r  u_my_ip/u_axi4_mapping/map_rd_data_reg[35]/Q
                         net (fo=1, routed)           0.058     0.111    u_my_ip/map_rd_data[35]
    SLICE_X103Y225       FDRE                                         r  u_my_ip/rdata_r_reg[35]/D
  -------------------------------------------------------------------    -------------------

                         (clock s00_axi_aclk rise edge)
                                                      0.000     0.000 r  
                                                      0.000     0.000 r  s00_axi_aclk (IN)
                         net (fo=3968, unset)         0.019     0.019    u_my_ip/s00_axi_aclk
    SLICE_X103Y225       FDRE                                         r  u_my_ip/rdata_r_reg[35]/C
                         clock pessimism              0.000     0.019    
    SLICE_X103Y225       FDRE (Hold_EFF2_SLICEL_C_D)
                                                      0.047     0.066    u_my_ip/rdata_r_reg[35]
  -------------------------------------------------------------------
                         required time                         -0.066    
                         arrival time                           0.111    
  -------------------------------------------------------------------
                         slack                                  0.045    

Slack (MET) :             0.045ns  (arrival time - required time)
  Source:                 u_my_ip/u_axi4_mapping/map_rd_data_reg[47]/C
                            (rising edge-triggered cell FDRE clocked by s00_axi_aclk  {rise@0.000ns fall@2.500ns period=5.000ns})
  Destination:            u_my_ip/rdata_r_reg[47]/D
                            (rising edge-triggered cell FDRE clocked by s00_axi_aclk  {rise@0.000ns fall@2.500ns period=5.000ns})
  Path Group:             s00_axi_aclk
  Path Type:              Hold (Min at Fast Process Corner)
  Requirement:            0.000ns  (s00_axi_aclk rise@0.000ns - s00_axi_aclk rise@0.000ns)
  Data Path Delay:        0.099ns  (logic 0.041ns (41.414%)  route 0.058ns (58.586%))
  Logic Levels:           0  
  Clock Path Skew:        0.007ns (DCD - SCD - CPR)
    Destination Clock Delay (DCD):    0.019ns
    Source Clock Delay      (SCD):    0.012ns
    Clock Pessimism Removal (CPR):    -0.000ns

    Location             Delay type                Incr(ns)  Path(ns)    Netlist Resource(s)
  -------------------------------------------------------------------    -------------------
                         (clock s00_axi_aclk rise edge)
                                                      0.000     0.000 r  
                                                      0.000     0.000 r  s00_axi_aclk (IN)
                         net (fo=3968, unset)         0.012     0.012    u_my_ip/u_axi4_mapping/s00_axi_aclk
    SLICE_X102Y228       FDRE                                         r  u_my_ip/u_axi4_mapping/map_rd_data_reg[47]/C
  -------------------------------------------------------------------    -------------------
    SLICE_X102Y228       FDRE (Prop_DFF2_SLICEL_C_Q)
                                                      0.041     0.053 r  u_my_ip/u_axi4_mapping/map_rd_data_reg[47]/Q
                         net (fo=1, routed)           0.058     0.111    u_my_ip/map_rd_data[47]
    SLICE_X102Y227       FDRE                                         r  u_my_ip/rdata_r_reg[47]/D
  -------------------------------------------------------------------    -------------------

                         (clock s00_axi_aclk rise edge)
                                                      0.000     0.000 r  
                                                      0.000     0.000 r  s00_axi_aclk (IN)
                         net (fo=3968, unset)         0.019     0.019    u_my_ip/s00_axi_aclk
    SLICE_X102Y227       FDRE                                         r  u_my_ip/rdata_r_reg[47]/C
                         clock pessimism              0.000     0.019    
    SLICE_X102Y227       FDRE (Hold_EFF2_SLICEL_C_D)
                                                      0.047     0.066    u_my_ip/rdata_r_reg[47]
  -------------------------------------------------------------------
                         required time                         -0.066    
                         arrival time                           0.111    
  -------------------------------------------------------------------
                         slack                                  0.045    

Slack (MET) :             0.045ns  (arrival time - required time)
  Source:                 u_my_ip/u_axi4_mapping/u_gemv/u_pmau/mult_last_pipe_reg_r/C
                            (rising edge-triggered cell FDRE clocked by s00_axi_aclk  {rise@0.000ns fall@2.500ns period=5.000ns})
  Destination:            u_my_ip/u_axi4_mapping/u_gemv/u_pmau/mult_last_pipe_reg_r_0/D
                            (rising edge-triggered cell FDRE clocked by s00_axi_aclk  {rise@0.000ns fall@2.500ns period=5.000ns})
  Path Group:             s00_axi_aclk
  Path Type:              Hold (Min at Fast Process Corner)
  Requirement:            0.000ns  (s00_axi_aclk rise@0.000ns - s00_axi_aclk rise@0.000ns)
  Data Path Delay:        0.098ns  (logic 0.038ns (38.776%)  route 0.060ns (61.224%))
  Logic Levels:           0  
  Clock Path Skew:        0.006ns (DCD - SCD - CPR)
    Destination Clock Delay (DCD):    0.019ns
    Source Clock Delay      (SCD):    0.013ns
    Clock Pessimism Removal (CPR):    -0.000ns

    Location             Delay type                Incr(ns)  Path(ns)    Netlist Resource(s)
  -------------------------------------------------------------------    -------------------
                         (clock s00_axi_aclk rise edge)
                                                      0.000     0.000 r  
                                                      0.000     0.000 r  s00_axi_aclk (IN)
                         net (fo=3968, unset)         0.013     0.013    u_my_ip/u_axi4_mapping/u_gemv/u_pmau/s00_axi_aclk
    SLICE_X94Y222        FDRE                                         r  u_my_ip/u_axi4_mapping/u_gemv/u_pmau/mult_last_pipe_reg_r/C
  -------------------------------------------------------------------    -------------------
    SLICE_X94Y222        FDRE (Prop_AFF_SLICEM_C_Q)
                                                      0.038     0.051 r  u_my_ip/u_axi4_mapping/u_gemv/u_pmau/mult_last_pipe_reg_r/Q
                         net (fo=1, routed)           0.060     0.111    u_my_ip/u_axi4_mapping/u_gemv/u_pmau/mult_last_pipe_reg_r_n_0
    SLICE_X94Y222        FDRE                                         r  u_my_ip/u_axi4_mapping/u_gemv/u_pmau/mult_last_pipe_reg_r_0/D
  -------------------------------------------------------------------    -------------------

                         (clock s00_axi_aclk rise edge)
                                                      0.000     0.000 r  
                                                      0.000     0.000 r  s00_axi_aclk (IN)
                         net (fo=3968, unset)         0.019     0.019    u_my_ip/u_axi4_mapping/u_gemv/u_pmau/s00_axi_aclk
    SLICE_X94Y222        FDRE                                         r  u_my_ip/u_axi4_mapping/u_gemv/u_pmau/mult_last_pipe_reg_r_0/C
                         clock pessimism              0.000     0.019    
    SLICE_X94Y222        FDRE (Hold_AFF2_SLICEM_C_D)
                                                      0.047     0.066    u_my_ip/u_axi4_mapping/u_gemv/u_pmau/mult_last_pipe_reg_r_0
  -------------------------------------------------------------------
                         required time                         -0.066    
                         arrival time                           0.111    
  -------------------------------------------------------------------
                         slack                                  0.045    

Slack (MET) :             0.045ns  (arrival time - required time)
  Source:                 u_my_ip/u_axi4_mapping/u_gemv/GEN_WEIGHT_BANK[3].u_weight_bram_bank/GEN_OUTPUT_REG.doutb_reg_reg[9]/C
                            (rising edge-triggered cell FDRE clocked by s00_axi_aclk  {rise@0.000ns fall@2.500ns period=5.000ns})
  Destination:            u_my_ip/u_axi4_mapping/u_gemv/weight_pmau_data_reg[105]/D
                            (rising edge-triggered cell FDRE clocked by s00_axi_aclk  {rise@0.000ns fall@2.500ns period=5.000ns})
  Path Group:             s00_axi_aclk
  Path Type:              Hold (Min at Fast Process Corner)
  Requirement:            0.000ns  (s00_axi_aclk rise@0.000ns - s00_axi_aclk rise@0.000ns)
  Data Path Delay:        0.099ns  (logic 0.040ns (40.404%)  route 0.059ns (59.596%))
  Logic Levels:           0  
  Clock Path Skew:        0.007ns (DCD - SCD - CPR)
    Destination Clock Delay (DCD):    0.019ns
    Source Clock Delay      (SCD):    0.012ns
    Clock Pessimism Removal (CPR):    -0.000ns

    Location             Delay type                Incr(ns)  Path(ns)    Netlist Resource(s)
  -------------------------------------------------------------------    -------------------
                         (clock s00_axi_aclk rise edge)
                                                      0.000     0.000 r  
                                                      0.000     0.000 r  s00_axi_aclk (IN)
                         net (fo=3968, unset)         0.012     0.012    u_my_ip/u_axi4_mapping/u_gemv/GEN_WEIGHT_BANK[3].u_weight_bram_bank/s00_axi_aclk
    SLICE_X98Y118        FDRE                                         r  u_my_ip/u_axi4_mapping/u_gemv/GEN_WEIGHT_BANK[3].u_weight_bram_bank/GEN_OUTPUT_REG.doutb_reg_reg[9]/C
  -------------------------------------------------------------------    -------------------
    SLICE_X98Y118        FDRE (Prop_BFF2_SLICEL_C_Q)
                                                      0.040     0.052 r  u_my_ip/u_axi4_mapping/u_gemv/GEN_WEIGHT_BANK[3].u_weight_bram_bank/GEN_OUTPUT_REG.doutb_reg_reg[9]/Q
                         net (fo=1, routed)           0.059     0.111    u_my_ip/u_axi4_mapping/u_gemv/weight_compute_data[105]
    SLICE_X98Y119        FDRE                                         r  u_my_ip/u_axi4_mapping/u_gemv/weight_pmau_data_reg[105]/D
  -------------------------------------------------------------------    -------------------

                         (clock s00_axi_aclk rise edge)
                                                      0.000     0.000 r  
                                                      0.000     0.000 r  s00_axi_aclk (IN)
                         net (fo=3968, unset)         0.019     0.019    u_my_ip/u_axi4_mapping/u_gemv/s00_axi_aclk
    SLICE_X98Y119        FDRE                                         r  u_my_ip/u_axi4_mapping/u_gemv/weight_pmau_data_reg[105]/C
                         clock pessimism              0.000     0.019    
    SLICE_X98Y119        FDRE (Hold_EFF2_SLICEL_C_D)
                                                      0.047     0.066    u_my_ip/u_axi4_mapping/u_gemv/weight_pmau_data_reg[105]
  -------------------------------------------------------------------
                         required time                         -0.066    
                         arrival time                           0.111    
  -------------------------------------------------------------------
                         slack                                  0.045    

Slack (MET) :             0.046ns  (arrival time - required time)
  Source:                 u_my_ip/u_axi4_mapping/map_rd_data_reg[85]/C
                            (rising edge-triggered cell FDRE clocked by s00_axi_aclk  {rise@0.000ns fall@2.500ns period=5.000ns})
  Destination:            u_my_ip/rdata_r_reg[85]/D
                            (rising edge-triggered cell FDRE clocked by s00_axi_aclk  {rise@0.000ns fall@2.500ns period=5.000ns})
  Path Group:             s00_axi_aclk
  Path Type:              Hold (Min at Fast Process Corner)
  Requirement:            0.000ns  (s00_axi_aclk rise@0.000ns - s00_axi_aclk rise@0.000ns)
  Data Path Delay:        0.100ns  (logic 0.041ns (41.000%)  route 0.059ns (59.000%))
  Logic Levels:           0  
  Clock Path Skew:        0.007ns (DCD - SCD - CPR)
    Destination Clock Delay (DCD):    0.019ns
    Source Clock Delay      (SCD):    0.012ns
    Clock Pessimism Removal (CPR):    -0.000ns

    Location             Delay type                Incr(ns)  Path(ns)    Netlist Resource(s)
  -------------------------------------------------------------------    -------------------
                         (clock s00_axi_aclk rise edge)
                                                      0.000     0.000 r  
                                                      0.000     0.000 r  s00_axi_aclk (IN)
                         net (fo=3968, unset)         0.012     0.012    u_my_ip/u_axi4_mapping/s00_axi_aclk
    SLICE_X97Y224        FDRE                                         r  u_my_ip/u_axi4_mapping/map_rd_data_reg[85]/C
  -------------------------------------------------------------------    -------------------
    SLICE_X97Y224        FDRE (Prop_DFF2_SLICEL_C_Q)
                                                      0.041     0.053 r  u_my_ip/u_axi4_mapping/map_rd_data_reg[85]/Q
                         net (fo=1, routed)           0.059     0.112    u_my_ip/map_rd_data[85]
    SLICE_X96Y224        FDRE                                         r  u_my_ip/rdata_r_reg[85]/D
  -------------------------------------------------------------------    -------------------

                         (clock s00_axi_aclk rise edge)
                                                      0.000     0.000 r  
                                                      0.000     0.000 r  s00_axi_aclk (IN)
                         net (fo=3968, unset)         0.019     0.019    u_my_ip/s00_axi_aclk
    SLICE_X96Y224        FDRE                                         r  u_my_ip/rdata_r_reg[85]/C
                         clock pessimism              0.000     0.019    
    SLICE_X96Y224        FDRE (Hold_EFF2_SLICEM_C_D)
                                                      0.047     0.066    u_my_ip/rdata_r_reg[85]
  -------------------------------------------------------------------
                         required time                         -0.066    
                         arrival time                           0.112    
  -------------------------------------------------------------------
                         slack                                  0.046    

Slack (MET) :             0.046ns  (arrival time - required time)
  Source:                 u_my_ip/u_axi4_mapping/u_gemv/GEN_WEIGHT_BANK[3].u_weight_bram_bank/GEN_OUTPUT_REG.doutb_reg_reg[11]/C
                            (rising edge-triggered cell FDRE clocked by s00_axi_aclk  {rise@0.000ns fall@2.500ns period=5.000ns})
  Destination:            u_my_ip/u_axi4_mapping/u_gemv/weight_pmau_data_reg[107]/D
                            (rising edge-triggered cell FDRE clocked by s00_axi_aclk  {rise@0.000ns fall@2.500ns period=5.000ns})
  Path Group:             s00_axi_aclk
  Path Type:              Hold (Min at Fast Process Corner)
  Requirement:            0.000ns  (s00_axi_aclk rise@0.000ns - s00_axi_aclk rise@0.000ns)
  Data Path Delay:        0.100ns  (logic 0.041ns (41.000%)  route 0.059ns (59.000%))
  Logic Levels:           0  
  Clock Path Skew:        0.007ns (DCD - SCD - CPR)
    Destination Clock Delay (DCD):    0.019ns
    Source Clock Delay      (SCD):    0.012ns
    Clock Pessimism Removal (CPR):    -0.000ns

    Location             Delay type                Incr(ns)  Path(ns)    Netlist Resource(s)
  -------------------------------------------------------------------    -------------------
                         (clock s00_axi_aclk rise edge)
                                                      0.000     0.000 r  
                                                      0.000     0.000 r  s00_axi_aclk (IN)
                         net (fo=3968, unset)         0.012     0.012    u_my_ip/u_axi4_mapping/u_gemv/GEN_WEIGHT_BANK[3].u_weight_bram_bank/s00_axi_aclk
    SLICE_X98Y118        FDRE                                         r  u_my_ip/u_axi4_mapping/u_gemv/GEN_WEIGHT_BANK[3].u_weight_bram_bank/GEN_OUTPUT_REG.doutb_reg_reg[11]/C
  -------------------------------------------------------------------    -------------------
    SLICE_X98Y118        FDRE (Prop_DFF2_SLICEL_C_Q)
                                                      0.041     0.053 r  u_my_ip/u_axi4_mapping/u_gemv/GEN_WEIGHT_BANK[3].u_weight_bram_bank/GEN_OUTPUT_REG.doutb_reg_reg[11]/Q
                         net (fo=1, routed)           0.059     0.112    u_my_ip/u_axi4_mapping/u_gemv/weight_compute_data[107]
    SLICE_X98Y119        FDRE                                         r  u_my_ip/u_axi4_mapping/u_gemv/weight_pmau_data_reg[107]/D
  -------------------------------------------------------------------    -------------------

                         (clock s00_axi_aclk rise edge)
                                                      0.000     0.000 r  
                                                      0.000     0.000 r  s00_axi_aclk (IN)
                         net (fo=3968, unset)         0.019     0.019    u_my_ip/u_axi4_mapping/u_gemv/s00_axi_aclk
    SLICE_X98Y119        FDRE                                         r  u_my_ip/u_axi4_mapping/u_gemv/weight_pmau_data_reg[107]/C
                         clock pessimism              0.000     0.019    
    SLICE_X98Y119        FDRE (Hold_FFF2_SLICEL_C_D)
                                                      0.047     0.066    u_my_ip/u_axi4_mapping/u_gemv/weight_pmau_data_reg[107]
  -------------------------------------------------------------------
                         required time                         -0.066    
                         arrival time                           0.112    
  -------------------------------------------------------------------
                         slack                                  0.046    

Slack (MET) :             0.046ns  (arrival time - required time)
  Source:                 u_my_ip/u_axi4_mapping/u_gemv/GEN_WEIGHT_BANK[3].u_weight_bram_bank/GEN_OUTPUT_REG.doutb_reg_reg[15]/C
                            (rising edge-triggered cell FDRE clocked by s00_axi_aclk  {rise@0.000ns fall@2.500ns period=5.000ns})
  Destination:            u_my_ip/u_axi4_mapping/u_gemv/weight_pmau_data_reg[111]/D
                            (rising edge-triggered cell FDRE clocked by s00_axi_aclk  {rise@0.000ns fall@2.500ns period=5.000ns})
  Path Group:             s00_axi_aclk
  Path Type:              Hold (Min at Fast Process Corner)
  Requirement:            0.000ns  (s00_axi_aclk rise@0.000ns - s00_axi_aclk rise@0.000ns)
  Data Path Delay:        0.100ns  (logic 0.041ns (41.000%)  route 0.059ns (59.000%))
  Logic Levels:           0  
  Clock Path Skew:        0.007ns (DCD - SCD - CPR)
    Destination Clock Delay (DCD):    0.019ns
    Source Clock Delay      (SCD):    0.012ns
    Clock Pessimism Removal (CPR):    -0.000ns

    Location             Delay type                Incr(ns)  Path(ns)    Netlist Resource(s)
  -------------------------------------------------------------------    -------------------
                         (clock s00_axi_aclk rise edge)
                                                      0.000     0.000 r  
                                                      0.000     0.000 r  s00_axi_aclk (IN)
                         net (fo=3968, unset)         0.012     0.012    u_my_ip/u_axi4_mapping/u_gemv/GEN_WEIGHT_BANK[3].u_weight_bram_bank/s00_axi_aclk
    SLICE_X98Y123        FDRE                                         r  u_my_ip/u_axi4_mapping/u_gemv/GEN_WEIGHT_BANK[3].u_weight_bram_bank/GEN_OUTPUT_REG.doutb_reg_reg[15]/C
  -------------------------------------------------------------------    -------------------
    SLICE_X98Y123        FDRE (Prop_DFF2_SLICEL_C_Q)
                                                      0.041     0.053 r  u_my_ip/u_axi4_mapping/u_gemv/GEN_WEIGHT_BANK[3].u_weight_bram_bank/GEN_OUTPUT_REG.doutb_reg_reg[15]/Q
                         net (fo=1, routed)           0.059     0.112    u_my_ip/u_axi4_mapping/u_gemv/weight_compute_data[111]
    SLICE_X98Y124        FDRE                                         r  u_my_ip/u_axi4_mapping/u_gemv/weight_pmau_data_reg[111]/D
  -------------------------------------------------------------------    -------------------

                         (clock s00_axi_aclk rise edge)
                                                      0.000     0.000 r  
                                                      0.000     0.000 r  s00_axi_aclk (IN)
                         net (fo=3968, unset)         0.019     0.019    u_my_ip/u_axi4_mapping/u_gemv/s00_axi_aclk
    SLICE_X98Y124        FDRE                                         r  u_my_ip/u_axi4_mapping/u_gemv/weight_pmau_data_reg[111]/C
                         clock pessimism              0.000     0.019    
    SLICE_X98Y124        FDRE (Hold_EFF2_SLICEL_C_D)
                                                      0.047     0.066    u_my_ip/u_axi4_mapping/u_gemv/weight_pmau_data_reg[111]
  -------------------------------------------------------------------
                         required time                         -0.066    
                         arrival time                           0.112    
  -------------------------------------------------------------------
                         slack                                  0.046    

Slack (MET) :             0.046ns  (arrival time - required time)
  Source:                 u_my_ip/u_axi4_mapping/map_rd_data_reg[118]/C
                            (rising edge-triggered cell FDRE clocked by s00_axi_aclk  {rise@0.000ns fall@2.500ns period=5.000ns})
  Destination:            u_my_ip/rdata_r_reg[118]/D
                            (rising edge-triggered cell FDRE clocked by s00_axi_aclk  {rise@0.000ns fall@2.500ns period=5.000ns})
  Path Group:             s00_axi_aclk
  Path Type:              Hold (Min at Fast Process Corner)
  Requirement:            0.000ns  (s00_axi_aclk rise@0.000ns - s00_axi_aclk rise@0.000ns)
  Data Path Delay:        0.099ns  (logic 0.039ns (39.394%)  route 0.060ns (60.606%))
  Logic Levels:           0  
  Clock Path Skew:        0.007ns (DCD - SCD - CPR)
    Destination Clock Delay (DCD):    0.019ns
    Source Clock Delay      (SCD):    0.012ns
    Clock Pessimism Removal (CPR):    -0.000ns

    Location             Delay type                Incr(ns)  Path(ns)    Netlist Resource(s)
  -------------------------------------------------------------------    -------------------
                         (clock s00_axi_aclk rise edge)
                                                      0.000     0.000 r  
                                                      0.000     0.000 r  s00_axi_aclk (IN)
                         net (fo=3968, unset)         0.012     0.012    u_my_ip/u_axi4_mapping/s00_axi_aclk
    SLICE_X97Y221        FDRE                                         r  u_my_ip/u_axi4_mapping/map_rd_data_reg[118]/C
  -------------------------------------------------------------------    -------------------
    SLICE_X97Y221        FDRE (Prop_BFF_SLICEL_C_Q)
                                                      0.039     0.051 r  u_my_ip/u_axi4_mapping/map_rd_data_reg[118]/Q
                         net (fo=1, routed)           0.060     0.111    u_my_ip/map_rd_data[118]
    SLICE_X97Y221        FDRE                                         r  u_my_ip/rdata_r_reg[118]/D
  -------------------------------------------------------------------    -------------------

                         (clock s00_axi_aclk rise edge)
                                                      0.000     0.000 r  
                                                      0.000     0.000 r  s00_axi_aclk (IN)
                         net (fo=3968, unset)         0.019     0.019    u_my_ip/s00_axi_aclk
    SLICE_X97Y221        FDRE                                         r  u_my_ip/rdata_r_reg[118]/C
                         clock pessimism              0.000     0.019    
    SLICE_X97Y221        FDRE (Hold_GFF_SLICEL_C_D)
                                                      0.046     0.065    u_my_ip/rdata_r_reg[118]
  -------------------------------------------------------------------
                         required time                         -0.065    
                         arrival time                           0.111    
  -------------------------------------------------------------------
                         slack                                  0.046    

Slack (MET) :             0.047ns  (arrival time - required time)
  Source:                 u_my_ip/u_axi4_mapping/map_rd_data_reg[4]/C
                            (rising edge-triggered cell FDRE clocked by s00_axi_aclk  {rise@0.000ns fall@2.500ns period=5.000ns})
  Destination:            u_my_ip/rdata_r_reg[4]/D
                            (rising edge-triggered cell FDRE clocked by s00_axi_aclk  {rise@0.000ns fall@2.500ns period=5.000ns})
  Path Group:             s00_axi_aclk
  Path Type:              Hold (Min at Fast Process Corner)
  Requirement:            0.000ns  (s00_axi_aclk rise@0.000ns - s00_axi_aclk rise@0.000ns)
  Data Path Delay:        0.100ns  (logic 0.039ns (39.000%)  route 0.061ns (61.000%))
  Logic Levels:           0  
  Clock Path Skew:        0.006ns (DCD - SCD - CPR)
    Destination Clock Delay (DCD):    0.019ns
    Source Clock Delay      (SCD):    0.013ns
    Clock Pessimism Removal (CPR):    -0.000ns

    Location             Delay type                Incr(ns)  Path(ns)    Netlist Resource(s)
  -------------------------------------------------------------------    -------------------
                         (clock s00_axi_aclk rise edge)
                                                      0.000     0.000 r  
                                                      0.000     0.000 r  s00_axi_aclk (IN)
                         net (fo=3968, unset)         0.013     0.013    u_my_ip/u_axi4_mapping/s00_axi_aclk
    SLICE_X96Y234        FDRE                                         r  u_my_ip/u_axi4_mapping/map_rd_data_reg[4]/C
  -------------------------------------------------------------------    -------------------
    SLICE_X96Y234        FDRE (Prop_HFF_SLICEM_C_Q)
                                                      0.039     0.052 r  u_my_ip/u_axi4_mapping/map_rd_data_reg[4]/Q
                         net (fo=1, routed)           0.061     0.113    u_my_ip/map_rd_data[4]
    SLICE_X96Y234        FDRE                                         r  u_my_ip/rdata_r_reg[4]/D
  -------------------------------------------------------------------    -------------------

                         (clock s00_axi_aclk rise edge)
                                                      0.000     0.000 r  
                                                      0.000     0.000 r  s00_axi_aclk (IN)
                         net (fo=3968, unset)         0.019     0.019    u_my_ip/s00_axi_aclk
    SLICE_X96Y234        FDRE                                         r  u_my_ip/rdata_r_reg[4]/C
                         clock pessimism              0.000     0.019    
    SLICE_X96Y234        FDRE (Hold_DFF2_SLICEM_C_D)
                                                      0.047     0.066    u_my_ip/rdata_r_reg[4]
  -------------------------------------------------------------------
                         required time                         -0.066    
                         arrival time                           0.113    
  -------------------------------------------------------------------
                         slack                                  0.047    

Slack (MET) :             0.047ns  (arrival time - required time)
  Source:                 u_my_ip/u_axi4_mapping/map_rd_data_reg[124]/C
                            (rising edge-triggered cell FDRE clocked by s00_axi_aclk  {rise@0.000ns fall@2.500ns period=5.000ns})
  Destination:            u_my_ip/rdata_r_reg[124]/D
                            (rising edge-triggered cell FDRE clocked by s00_axi_aclk  {rise@0.000ns fall@2.500ns period=5.000ns})
  Path Group:             s00_axi_aclk
  Path Type:              Hold (Min at Fast Process Corner)
  Requirement:            0.000ns  (s00_axi_aclk rise@0.000ns - s00_axi_aclk rise@0.000ns)
  Data Path Delay:        0.100ns  (logic 0.039ns (39.000%)  route 0.061ns (61.000%))
  Logic Levels:           0  
  Clock Path Skew:        0.007ns (DCD - SCD - CPR)
    Destination Clock Delay (DCD):    0.019ns
    Source Clock Delay      (SCD):    0.012ns
    Clock Pessimism Removal (CPR):    -0.000ns

    Location             Delay type                Incr(ns)  Path(ns)    Netlist Resource(s)
  -------------------------------------------------------------------    -------------------
                         (clock s00_axi_aclk rise edge)
                                                      0.000     0.000 r  
                                                      0.000     0.000 r  s00_axi_aclk (IN)
                         net (fo=3968, unset)         0.012     0.012    u_my_ip/u_axi4_mapping/s00_axi_aclk
    SLICE_X97Y221        FDRE                                         r  u_my_ip/u_axi4_mapping/map_rd_data_reg[124]/C
  -------------------------------------------------------------------    -------------------
    SLICE_X97Y221        FDRE (Prop_AFF_SLICEL_C_Q)
                                                      0.039     0.051 r  u_my_ip/u_axi4_mapping/map_rd_data_reg[124]/Q
                         net (fo=1, routed)           0.061     0.112    u_my_ip/map_rd_data[124]
    SLICE_X97Y221        FDRE                                         r  u_my_ip/rdata_r_reg[124]/D
  -------------------------------------------------------------------    -------------------

                         (clock s00_axi_aclk rise edge)
                                                      0.000     0.000 r  
                                                      0.000     0.000 r  s00_axi_aclk (IN)
                         net (fo=3968, unset)         0.019     0.019    u_my_ip/s00_axi_aclk
    SLICE_X97Y221        FDRE                                         r  u_my_ip/rdata_r_reg[124]/C
                         clock pessimism              0.000     0.019    
    SLICE_X97Y221        FDRE (Hold_HFF_SLICEL_C_D)
                                                      0.046     0.065    u_my_ip/rdata_r_reg[124]
  -------------------------------------------------------------------
                         required time                         -0.065    
                         arrival time                           0.112    
  -------------------------------------------------------------------
                         slack                                  0.047    

Slack (MET) :             0.047ns  (arrival time - required time)
  Source:                 u_my_ip/map_wr_data_r_reg[90]/C
                            (rising edge-triggered cell FDRE clocked by s00_axi_aclk  {rise@0.000ns fall@2.500ns period=5.000ns})
  Destination:            u_my_ip/u_axi4_mapping/core_wr_data_r_reg[90]/D
                            (rising edge-triggered cell FDRE clocked by s00_axi_aclk  {rise@0.000ns fall@2.500ns period=5.000ns})
  Path Group:             s00_axi_aclk
  Path Type:              Hold (Min at Fast Process Corner)
  Requirement:            0.000ns  (s00_axi_aclk rise@0.000ns - s00_axi_aclk rise@0.000ns)
  Data Path Delay:        0.100ns  (logic 0.039ns (39.000%)  route 0.061ns (61.000%))
  Logic Levels:           0  
  Clock Path Skew:        0.007ns (DCD - SCD - CPR)
    Destination Clock Delay (DCD):    0.019ns
    Source Clock Delay      (SCD):    0.012ns
    Clock Pessimism Removal (CPR):    -0.000ns

    Location             Delay type                Incr(ns)  Path(ns)    Netlist Resource(s)
  -------------------------------------------------------------------    -------------------
                         (clock s00_axi_aclk rise edge)
                                                      0.000     0.000 r  
                                                      0.000     0.000 r  s00_axi_aclk (IN)
                         net (fo=3968, unset)         0.012     0.012    u_my_ip/s00_axi_aclk
    SLICE_X90Y58         FDRE                                         r  u_my_ip/map_wr_data_r_reg[90]/C
  -------------------------------------------------------------------    -------------------
    SLICE_X90Y58         FDRE (Prop_AFF_SLICEL_C_Q)
                                                      0.039     0.051 r  u_my_ip/map_wr_data_r_reg[90]/Q
                         net (fo=1, routed)           0.061     0.112    u_my_ip/u_axi4_mapping/core_wr_data_r_reg[127]_0[90]
    SLICE_X90Y58         FDRE                                         r  u_my_ip/u_axi4_mapping/core_wr_data_r_reg[90]/D
  -------------------------------------------------------------------    -------------------

                         (clock s00_axi_aclk rise edge)
                                                      0.000     0.000 r  
                                                      0.000     0.000 r  s00_axi_aclk (IN)
                         net (fo=3968, unset)         0.019     0.019    u_my_ip/u_axi4_mapping/s00_axi_aclk
    SLICE_X90Y58         FDRE                                         r  u_my_ip/u_axi4_mapping/core_wr_data_r_reg[90]/C
                         clock pessimism              0.000     0.019    
    SLICE_X90Y58         FDRE (Hold_HFF_SLICEL_C_D)
                                                      0.046     0.065    u_my_ip/u_axi4_mapping/core_wr_data_r_reg[90]
  -------------------------------------------------------------------
                         required time                         -0.065    
                         arrival time                           0.112    
  -------------------------------------------------------------------
                         slack                                  0.047    

Slack (MET) :             0.048ns  (arrival time - required time)
  Source:                 u_my_ip/u_axi4_mapping/map_rd_data_reg[29]/C
                            (rising edge-triggered cell FDRE clocked by s00_axi_aclk  {rise@0.000ns fall@2.500ns period=5.000ns})
  Destination:            u_my_ip/rdata_r_reg[29]/D
                            (rising edge-triggered cell FDRE clocked by s00_axi_aclk  {rise@0.000ns fall@2.500ns period=5.000ns})
  Path Group:             s00_axi_aclk
  Path Type:              Hold (Min at Fast Process Corner)
  Requirement:            0.000ns  (s00_axi_aclk rise@0.000ns - s00_axi_aclk rise@0.000ns)
  Data Path Delay:        0.101ns  (logic 0.038ns (37.624%)  route 0.063ns (62.376%))
  Logic Levels:           0  
  Clock Path Skew:        0.006ns (DCD - SCD - CPR)
    Destination Clock Delay (DCD):    0.019ns
    Source Clock Delay      (SCD):    0.013ns
    Clock Pessimism Removal (CPR):    -0.000ns

    Location             Delay type                Incr(ns)  Path(ns)    Netlist Resource(s)
  -------------------------------------------------------------------    -------------------
                         (clock s00_axi_aclk rise edge)
                                                      0.000     0.000 r  
                                                      0.000     0.000 r  s00_axi_aclk (IN)
                         net (fo=3968, unset)         0.013     0.013    u_my_ip/u_axi4_mapping/s00_axi_aclk
    SLICE_X96Y235        FDRE                                         r  u_my_ip/u_axi4_mapping/map_rd_data_reg[29]/C
  -------------------------------------------------------------------    -------------------
    SLICE_X96Y235        FDRE (Prop_AFF_SLICEM_C_Q)
                                                      0.038     0.051 r  u_my_ip/u_axi4_mapping/map_rd_data_reg[29]/Q
                         net (fo=1, routed)           0.063     0.114    u_my_ip/map_rd_data[29]
    SLICE_X96Y235        FDRE                                         r  u_my_ip/rdata_r_reg[29]/D
  -------------------------------------------------------------------    -------------------

                         (clock s00_axi_aclk rise edge)
                                                      0.000     0.000 r  
                                                      0.000     0.000 r  s00_axi_aclk (IN)
                         net (fo=3968, unset)         0.019     0.019    u_my_ip/s00_axi_aclk
    SLICE_X96Y235        FDRE                                         r  u_my_ip/rdata_r_reg[29]/C
                         clock pessimism              0.000     0.019    
    SLICE_X96Y235        FDRE (Hold_EFF2_SLICEM_C_D)
                                                      0.047     0.066    u_my_ip/rdata_r_reg[29]
  -------------------------------------------------------------------
                         required time                         -0.066    
                         arrival time                           0.114    
  -------------------------------------------------------------------
                         slack                                  0.048    

Slack (MET) :             0.048ns  (arrival time - required time)
  Source:                 u_my_ip/u_axi4_mapping/map_rd_data_reg[8]/C
                            (rising edge-triggered cell FDRE clocked by s00_axi_aclk  {rise@0.000ns fall@2.500ns period=5.000ns})
  Destination:            u_my_ip/rdata_r_reg[8]/D
                            (rising edge-triggered cell FDRE clocked by s00_axi_aclk  {rise@0.000ns fall@2.500ns period=5.000ns})
  Path Group:             s00_axi_aclk
  Path Type:              Hold (Min at Fast Process Corner)
  Requirement:            0.000ns  (s00_axi_aclk rise@0.000ns - s00_axi_aclk rise@0.000ns)
  Data Path Delay:        0.101ns  (logic 0.038ns (37.624%)  route 0.063ns (62.376%))
  Logic Levels:           0  
  Clock Path Skew:        0.006ns (DCD - SCD - CPR)
    Destination Clock Delay (DCD):    0.019ns
    Source Clock Delay      (SCD):    0.013ns
    Clock Pessimism Removal (CPR):    -0.000ns

    Location             Delay type                Incr(ns)  Path(ns)    Netlist Resource(s)
  -------------------------------------------------------------------    -------------------
                         (clock s00_axi_aclk rise edge)
                                                      0.000     0.000 r  
                                                      0.000     0.000 r  s00_axi_aclk (IN)
                         net (fo=3968, unset)         0.013     0.013    u_my_ip/u_axi4_mapping/s00_axi_aclk
    SLICE_X96Y236        FDRE                                         r  u_my_ip/u_axi4_mapping/map_rd_data_reg[8]/C
  -------------------------------------------------------------------    -------------------
    SLICE_X96Y236        FDRE (Prop_AFF_SLICEM_C_Q)
                                                      0.038     0.051 r  u_my_ip/u_axi4_mapping/map_rd_data_reg[8]/Q
                         net (fo=1, routed)           0.063     0.114    u_my_ip/map_rd_data[8]
    SLICE_X96Y236        FDRE                                         r  u_my_ip/rdata_r_reg[8]/D
  -------------------------------------------------------------------    -------------------

                         (clock s00_axi_aclk rise edge)
                                                      0.000     0.000 r  
                                                      0.000     0.000 r  s00_axi_aclk (IN)
                         net (fo=3968, unset)         0.019     0.019    u_my_ip/s00_axi_aclk
    SLICE_X96Y236        FDRE                                         r  u_my_ip/rdata_r_reg[8]/C
                         clock pessimism              0.000     0.019    
    SLICE_X96Y236        FDRE (Hold_EFF2_SLICEM_C_D)
                                                      0.047     0.066    u_my_ip/rdata_r_reg[8]
  -------------------------------------------------------------------
                         required time                         -0.066    
                         arrival time                           0.114    
  -------------------------------------------------------------------
                         slack                                  0.048    

Slack (MET) :             0.048ns  (arrival time - required time)
  Source:                 u_my_ip/map_wr_data_r_reg[101]/C
                            (rising edge-triggered cell FDRE clocked by s00_axi_aclk  {rise@0.000ns fall@2.500ns period=5.000ns})
  Destination:            u_my_ip/u_axi4_mapping/core_wr_data_r_reg[101]/D
                            (rising edge-triggered cell FDRE clocked by s00_axi_aclk  {rise@0.000ns fall@2.500ns period=5.000ns})
  Path Group:             s00_axi_aclk
  Path Type:              Hold (Min at Fast Process Corner)
  Requirement:            0.000ns  (s00_axi_aclk rise@0.000ns - s00_axi_aclk rise@0.000ns)
  Data Path Delay:        0.101ns  (logic 0.038ns (37.624%)  route 0.063ns (62.376%))
  Logic Levels:           0  
  Clock Path Skew:        0.006ns (DCD - SCD - CPR)
    Destination Clock Delay (DCD):    0.019ns
    Source Clock Delay      (SCD):    0.013ns
    Clock Pessimism Removal (CPR):    -0.000ns

    Location             Delay type                Incr(ns)  Path(ns)    Netlist Resource(s)
  -------------------------------------------------------------------    -------------------
                         (clock s00_axi_aclk rise edge)
                                                      0.000     0.000 r  
                                                      0.000     0.000 r  s00_axi_aclk (IN)
                         net (fo=3968, unset)         0.013     0.013    u_my_ip/s00_axi_aclk
    SLICE_X86Y161        FDRE                                         r  u_my_ip/map_wr_data_r_reg[101]/C
  -------------------------------------------------------------------    -------------------
    SLICE_X86Y161        FDRE (Prop_CFF_SLICEM_C_Q)
                                                      0.038     0.051 r  u_my_ip/map_wr_data_r_reg[101]/Q
                         net (fo=1, routed)           0.063     0.114    u_my_ip/u_axi4_mapping/core_wr_data_r_reg[127]_0[101]
    SLICE_X86Y161        FDRE                                         r  u_my_ip/u_axi4_mapping/core_wr_data_r_reg[101]/D
  -------------------------------------------------------------------    -------------------

                         (clock s00_axi_aclk rise edge)
                                                      0.000     0.000 r  
                                                      0.000     0.000 r  s00_axi_aclk (IN)
                         net (fo=3968, unset)         0.019     0.019    u_my_ip/u_axi4_mapping/s00_axi_aclk
    SLICE_X86Y161        FDRE                                         r  u_my_ip/u_axi4_mapping/core_wr_data_r_reg[101]/C
                         clock pessimism              0.000     0.019    
    SLICE_X86Y161        FDRE (Hold_HFF2_SLICEM_C_D)
                                                      0.047     0.066    u_my_ip/u_axi4_mapping/core_wr_data_r_reg[101]
  -------------------------------------------------------------------
                         required time                         -0.066    
                         arrival time                           0.114    
  -------------------------------------------------------------------
                         slack                                  0.048    

Slack (MET) :             0.048ns  (arrival time - required time)
  Source:                 u_my_ip/u_axi4_mapping/map_rd_data_reg[24]/C
                            (rising edge-triggered cell FDRE clocked by s00_axi_aclk  {rise@0.000ns fall@2.500ns period=5.000ns})
  Destination:            u_my_ip/rdata_r_reg[24]/D
                            (rising edge-triggered cell FDRE clocked by s00_axi_aclk  {rise@0.000ns fall@2.500ns period=5.000ns})
  Path Group:             s00_axi_aclk
  Path Type:              Hold (Min at Fast Process Corner)
  Requirement:            0.000ns  (s00_axi_aclk rise@0.000ns - s00_axi_aclk rise@0.000ns)
  Data Path Delay:        0.101ns  (logic 0.039ns (38.614%)  route 0.062ns (61.386%))
  Logic Levels:           0  
  Clock Path Skew:        0.006ns (DCD - SCD - CPR)
    Destination Clock Delay (DCD):    0.019ns
    Source Clock Delay      (SCD):    0.013ns
    Clock Pessimism Removal (CPR):    -0.000ns

    Location             Delay type                Incr(ns)  Path(ns)    Netlist Resource(s)
  -------------------------------------------------------------------    -------------------
                         (clock s00_axi_aclk rise edge)
                                                      0.000     0.000 r  
                                                      0.000     0.000 r  s00_axi_aclk (IN)
                         net (fo=3968, unset)         0.013     0.013    u_my_ip/u_axi4_mapping/s00_axi_aclk
    SLICE_X96Y235        FDRE                                         r  u_my_ip/u_axi4_mapping/map_rd_data_reg[24]/C
  -------------------------------------------------------------------    -------------------
    SLICE_X96Y235        FDRE (Prop_GFF_SLICEM_C_Q)
                                                      0.039     0.052 r  u_my_ip/u_axi4_mapping/map_rd_data_reg[24]/Q
                         net (fo=1, routed)           0.062     0.114    u_my_ip/map_rd_data[24]
    SLICE_X96Y235        FDRE                                         r  u_my_ip/rdata_r_reg[24]/D
  -------------------------------------------------------------------    -------------------

                         (clock s00_axi_aclk rise edge)
                                                      0.000     0.000 r  
                                                      0.000     0.000 r  s00_axi_aclk (IN)
                         net (fo=3968, unset)         0.019     0.019    u_my_ip/s00_axi_aclk
    SLICE_X96Y235        FDRE                                         r  u_my_ip/rdata_r_reg[24]/C
                         clock pessimism              0.000     0.019    
    SLICE_X96Y235        FDRE (Hold_CFF2_SLICEM_C_D)
                                                      0.047     0.066    u_my_ip/rdata_r_reg[24]
  -------------------------------------------------------------------
                         required time                         -0.066    
                         arrival time                           0.114    
  -------------------------------------------------------------------
                         slack                                  0.048    

Slack (MET) :             0.048ns  (arrival time - required time)
  Source:                 u_my_ip/u_axi4_mapping/map_rd_data_reg[28]/C
                            (rising edge-triggered cell FDRE clocked by s00_axi_aclk  {rise@0.000ns fall@2.500ns period=5.000ns})
  Destination:            u_my_ip/rdata_r_reg[28]/D
                            (rising edge-triggered cell FDRE clocked by s00_axi_aclk  {rise@0.000ns fall@2.500ns period=5.000ns})
  Path Group:             s00_axi_aclk
  Path Type:              Hold (Min at Fast Process Corner)
  Requirement:            0.000ns  (s00_axi_aclk rise@0.000ns - s00_axi_aclk rise@0.000ns)
  Data Path Delay:        0.101ns  (logic 0.039ns (38.614%)  route 0.062ns (61.386%))
  Logic Levels:           0  
  Clock Path Skew:        0.006ns (DCD - SCD - CPR)
    Destination Clock Delay (DCD):    0.019ns
    Source Clock Delay      (SCD):    0.013ns
    Clock Pessimism Removal (CPR):    -0.000ns

    Location             Delay type                Incr(ns)  Path(ns)    Netlist Resource(s)
  -------------------------------------------------------------------    -------------------
                         (clock s00_axi_aclk rise edge)
                                                      0.000     0.000 r  
                                                      0.000     0.000 r  s00_axi_aclk (IN)
                         net (fo=3968, unset)         0.013     0.013    u_my_ip/u_axi4_mapping/s00_axi_aclk
    SLICE_X96Y236        FDRE                                         r  u_my_ip/u_axi4_mapping/map_rd_data_reg[28]/C
  -------------------------------------------------------------------    -------------------
    SLICE_X96Y236        FDRE (Prop_GFF_SLICEM_C_Q)
                                                      0.039     0.052 r  u_my_ip/u_axi4_mapping/map_rd_data_reg[28]/Q
                         net (fo=1, routed)           0.062     0.114    u_my_ip/map_rd_data[28]
    SLICE_X96Y236        FDRE                                         r  u_my_ip/rdata_r_reg[28]/D
  -------------------------------------------------------------------    -------------------

                         (clock s00_axi_aclk rise edge)
                                                      0.000     0.000 r  
                                                      0.000     0.000 r  s00_axi_aclk (IN)
                         net (fo=3968, unset)         0.019     0.019    u_my_ip/s00_axi_aclk
    SLICE_X96Y236        FDRE                                         r  u_my_ip/rdata_r_reg[28]/C
                         clock pessimism              0.000     0.019    
    SLICE_X96Y236        FDRE (Hold_CFF2_SLICEM_C_D)
                                                      0.047     0.066    u_my_ip/rdata_r_reg[28]
  -------------------------------------------------------------------
                         required time                         -0.066    
                         arrival time                           0.114    
  -------------------------------------------------------------------
                         slack                                  0.048    

Slack (MET) :             0.048ns  (arrival time - required time)
  Source:                 u_my_ip/u_axi4_mapping/map_rd_data_reg[5]/C
                            (rising edge-triggered cell FDRE clocked by s00_axi_aclk  {rise@0.000ns fall@2.500ns period=5.000ns})
  Destination:            u_my_ip/rdata_r_reg[5]/D
                            (rising edge-triggered cell FDRE clocked by s00_axi_aclk  {rise@0.000ns fall@2.500ns period=5.000ns})
  Path Group:             s00_axi_aclk
  Path Type:              Hold (Min at Fast Process Corner)
  Requirement:            0.000ns  (s00_axi_aclk rise@0.000ns - s00_axi_aclk rise@0.000ns)
  Data Path Delay:        0.101ns  (logic 0.039ns (38.614%)  route 0.062ns (61.386%))
  Logic Levels:           0  
  Clock Path Skew:        0.006ns (DCD - SCD - CPR)
    Destination Clock Delay (DCD):    0.019ns
    Source Clock Delay      (SCD):    0.013ns
    Clock Pessimism Removal (CPR):    -0.000ns

    Location             Delay type                Incr(ns)  Path(ns)    Netlist Resource(s)
  -------------------------------------------------------------------    -------------------
                         (clock s00_axi_aclk rise edge)
                                                      0.000     0.000 r  
                                                      0.000     0.000 r  s00_axi_aclk (IN)
                         net (fo=3968, unset)         0.013     0.013    u_my_ip/u_axi4_mapping/s00_axi_aclk
    SLICE_X96Y234        FDRE                                         r  u_my_ip/u_axi4_mapping/map_rd_data_reg[5]/C
  -------------------------------------------------------------------    -------------------
    SLICE_X96Y234        FDRE (Prop_GFF_SLICEM_C_Q)
                                                      0.039     0.052 r  u_my_ip/u_axi4_mapping/map_rd_data_reg[5]/Q
                         net (fo=1, routed)           0.062     0.114    u_my_ip/map_rd_data[5]
    SLICE_X96Y234        FDRE                                         r  u_my_ip/rdata_r_reg[5]/D
  -------------------------------------------------------------------    -------------------

                         (clock s00_axi_aclk rise edge)
                                                      0.000     0.000 r  
                                                      0.000     0.000 r  s00_axi_aclk (IN)
                         net (fo=3968, unset)         0.019     0.019    u_my_ip/s00_axi_aclk
    SLICE_X96Y234        FDRE                                         r  u_my_ip/rdata_r_reg[5]/C
                         clock pessimism              0.000     0.019    
    SLICE_X96Y234        FDRE (Hold_CFF2_SLICEM_C_D)
                                                      0.047     0.066    u_my_ip/rdata_r_reg[5]
  -------------------------------------------------------------------
                         required time                         -0.066    
                         arrival time                           0.114    
  -------------------------------------------------------------------
                         slack                                  0.048    

Slack (MET) :             0.048ns  (arrival time - required time)
  Source:                 u_my_ip/u_axi4_mapping/map_rd_data_reg[98]/C
                            (rising edge-triggered cell FDRE clocked by s00_axi_aclk  {rise@0.000ns fall@2.500ns period=5.000ns})
  Destination:            u_my_ip/rdata_r_reg[98]/D
                            (rising edge-triggered cell FDRE clocked by s00_axi_aclk  {rise@0.000ns fall@2.500ns period=5.000ns})
  Path Group:             s00_axi_aclk
  Path Type:              Hold (Min at Fast Process Corner)
  Requirement:            0.000ns  (s00_axi_aclk rise@0.000ns - s00_axi_aclk rise@0.000ns)
  Data Path Delay:        0.101ns  (logic 0.039ns (38.614%)  route 0.062ns (61.386%))
  Logic Levels:           0  
  Clock Path Skew:        0.006ns (DCD - SCD - CPR)
    Destination Clock Delay (DCD):    0.019ns
    Source Clock Delay      (SCD):    0.013ns
    Clock Pessimism Removal (CPR):    -0.000ns

    Location             Delay type                Incr(ns)  Path(ns)    Netlist Resource(s)
  -------------------------------------------------------------------    -------------------
                         (clock s00_axi_aclk rise edge)
                                                      0.000     0.000 r  
                                                      0.000     0.000 r  s00_axi_aclk (IN)
                         net (fo=3968, unset)         0.013     0.013    u_my_ip/u_axi4_mapping/s00_axi_aclk
    SLICE_X97Y222        FDRE                                         r  u_my_ip/u_axi4_mapping/map_rd_data_reg[98]/C
  -------------------------------------------------------------------    -------------------
    SLICE_X97Y222        FDRE (Prop_GFF_SLICEL_C_Q)
                                                      0.039     0.052 r  u_my_ip/u_axi4_mapping/map_rd_data_reg[98]/Q
                         net (fo=1, routed)           0.062     0.114    u_my_ip/map_rd_data[98]
    SLICE_X96Y222        FDRE                                         r  u_my_ip/rdata_r_reg[98]/D
  -------------------------------------------------------------------    -------------------

                         (clock s00_axi_aclk rise edge)
                                                      0.000     0.000 r  
                                                      0.000     0.000 r  s00_axi_aclk (IN)
                         net (fo=3968, unset)         0.019     0.019    u_my_ip/s00_axi_aclk
    SLICE_X96Y222        FDRE                                         r  u_my_ip/rdata_r_reg[98]/C
                         clock pessimism              0.000     0.019    
    SLICE_X96Y222        FDRE (Hold_EFF2_SLICEM_C_D)
                                                      0.047     0.066    u_my_ip/rdata_r_reg[98]
  -------------------------------------------------------------------
                         required time                         -0.066    
                         arrival time                           0.114    
  -------------------------------------------------------------------
                         slack                                  0.048    

Slack (MET) :             0.049ns  (arrival time - required time)
  Source:                 u_my_ip/map_wr_data_r_reg[50]/C
                            (rising edge-triggered cell FDRE clocked by s00_axi_aclk  {rise@0.000ns fall@2.500ns period=5.000ns})
  Destination:            u_my_ip/u_axi4_mapping/core_wr_data_r_reg[50]/D
                            (rising edge-triggered cell FDRE clocked by s00_axi_aclk  {rise@0.000ns fall@2.500ns period=5.000ns})
  Path Group:             s00_axi_aclk
  Path Type:              Hold (Min at Fast Process Corner)
  Requirement:            0.000ns  (s00_axi_aclk rise@0.000ns - s00_axi_aclk rise@0.000ns)
  Data Path Delay:        0.102ns  (logic 0.038ns (37.255%)  route 0.064ns (62.745%))
  Logic Levels:           0  
  Clock Path Skew:        0.006ns (DCD - SCD - CPR)
    Destination Clock Delay (DCD):    0.019ns
    Source Clock Delay      (SCD):    0.013ns
    Clock Pessimism Removal (CPR):    -0.000ns

    Location             Delay type                Incr(ns)  Path(ns)    Netlist Resource(s)
  -------------------------------------------------------------------    -------------------
                         (clock s00_axi_aclk rise edge)
                                                      0.000     0.000 r  
                                                      0.000     0.000 r  s00_axi_aclk (IN)
                         net (fo=3968, unset)         0.013     0.013    u_my_ip/s00_axi_aclk
    SLICE_X88Y144        FDRE                                         r  u_my_ip/map_wr_data_r_reg[50]/C
  -------------------------------------------------------------------    -------------------
    SLICE_X88Y144        FDRE (Prop_CFF_SLICEM_C_Q)
                                                      0.038     0.051 r  u_my_ip/map_wr_data_r_reg[50]/Q
                         net (fo=1, routed)           0.064     0.115    u_my_ip/u_axi4_mapping/core_wr_data_r_reg[127]_0[50]
    SLICE_X88Y144        FDRE                                         r  u_my_ip/u_axi4_mapping/core_wr_data_r_reg[50]/D
  -------------------------------------------------------------------    -------------------

                         (clock s00_axi_aclk rise edge)
                                                      0.000     0.000 r  
                                                      0.000     0.000 r  s00_axi_aclk (IN)
                         net (fo=3968, unset)         0.019     0.019    u_my_ip/u_axi4_mapping/s00_axi_aclk
    SLICE_X88Y144        FDRE                                         r  u_my_ip/u_axi4_mapping/core_wr_data_r_reg[50]/C
                         clock pessimism              0.000     0.019    
    SLICE_X88Y144        FDRE (Hold_CFF2_SLICEM_C_D)
                                                      0.047     0.066    u_my_ip/u_axi4_mapping/core_wr_data_r_reg[50]
  -------------------------------------------------------------------
                         required time                         -0.066    
                         arrival time                           0.115    
  -------------------------------------------------------------------
                         slack                                  0.049    

Slack (MET) :             0.049ns  (arrival time - required time)
  Source:                 u_my_ip/map_wr_data_r_reg[51]/C
                            (rising edge-triggered cell FDRE clocked by s00_axi_aclk  {rise@0.000ns fall@2.500ns period=5.000ns})
  Destination:            u_my_ip/u_axi4_mapping/core_wr_data_r_reg[51]/D
                            (rising edge-triggered cell FDRE clocked by s00_axi_aclk  {rise@0.000ns fall@2.500ns period=5.000ns})
  Path Group:             s00_axi_aclk
  Path Type:              Hold (Min at Fast Process Corner)
  Requirement:            0.000ns  (s00_axi_aclk rise@0.000ns - s00_axi_aclk rise@0.000ns)
  Data Path Delay:        0.102ns  (logic 0.038ns (37.255%)  route 0.064ns (62.745%))
  Logic Levels:           0  
  Clock Path Skew:        0.006ns (DCD - SCD - CPR)
    Destination Clock Delay (DCD):    0.019ns
    Source Clock Delay      (SCD):    0.013ns
    Clock Pessimism Removal (CPR):    -0.000ns

    Location             Delay type                Incr(ns)  Path(ns)    Netlist Resource(s)
  -------------------------------------------------------------------    -------------------
                         (clock s00_axi_aclk rise edge)
                                                      0.000     0.000 r  
                                                      0.000     0.000 r  s00_axi_aclk (IN)
                         net (fo=3968, unset)         0.013     0.013    u_my_ip/s00_axi_aclk
    SLICE_X89Y153        FDRE                                         r  u_my_ip/map_wr_data_r_reg[51]/C
  -------------------------------------------------------------------    -------------------
    SLICE_X89Y153        FDRE (Prop_CFF_SLICEM_C_Q)
                                                      0.038     0.051 r  u_my_ip/map_wr_data_r_reg[51]/Q
                         net (fo=1, routed)           0.064     0.115    u_my_ip/u_axi4_mapping/core_wr_data_r_reg[127]_0[51]
    SLICE_X89Y153        FDRE                                         r  u_my_ip/u_axi4_mapping/core_wr_data_r_reg[51]/D
  -------------------------------------------------------------------    -------------------

                         (clock s00_axi_aclk rise edge)
                                                      0.000     0.000 r  
                                                      0.000     0.000 r  s00_axi_aclk (IN)
                         net (fo=3968, unset)         0.019     0.019    u_my_ip/u_axi4_mapping/s00_axi_aclk
    SLICE_X89Y153        FDRE                                         r  u_my_ip/u_axi4_mapping/core_wr_data_r_reg[51]/C
                         clock pessimism              0.000     0.019    
    SLICE_X89Y153        FDRE (Hold_CFF2_SLICEM_C_D)
                                                      0.047     0.066    u_my_ip/u_axi4_mapping/core_wr_data_r_reg[51]
  -------------------------------------------------------------------
                         required time                         -0.066    
                         arrival time                           0.115    
  -------------------------------------------------------------------
                         slack                                  0.049    

Slack (MET) :             0.049ns  (arrival time - required time)
  Source:                 u_my_ip/map_wr_strb_r_reg[6]/C
                            (rising edge-triggered cell FDRE clocked by s00_axi_aclk  {rise@0.000ns fall@2.500ns period=5.000ns})
  Destination:            u_my_ip/u_axi4_mapping/core_wr_strb_r_reg[6]/D
                            (rising edge-triggered cell FDRE clocked by s00_axi_aclk  {rise@0.000ns fall@2.500ns period=5.000ns})
  Path Group:             s00_axi_aclk
  Path Type:              Hold (Min at Fast Process Corner)
  Requirement:            0.000ns  (s00_axi_aclk rise@0.000ns - s00_axi_aclk rise@0.000ns)
  Data Path Delay:        0.102ns  (logic 0.038ns (37.255%)  route 0.064ns (62.745%))
  Logic Levels:           0  
  Clock Path Skew:        0.006ns (DCD - SCD - CPR)
    Destination Clock Delay (DCD):    0.019ns
    Source Clock Delay      (SCD):    0.013ns
    Clock Pessimism Removal (CPR):    -0.000ns

    Location             Delay type                Incr(ns)  Path(ns)    Netlist Resource(s)
  -------------------------------------------------------------------    -------------------
                         (clock s00_axi_aclk rise edge)
                                                      0.000     0.000 r  
                                                      0.000     0.000 r  s00_axi_aclk (IN)
                         net (fo=3968, unset)         0.013     0.013    u_my_ip/s00_axi_aclk
    SLICE_X78Y183        FDRE                                         r  u_my_ip/map_wr_strb_r_reg[6]/C
  -------------------------------------------------------------------    -------------------
    SLICE_X78Y183        FDRE (Prop_CFF_SLICEM_C_Q)
                                                      0.038     0.051 r  u_my_ip/map_wr_strb_r_reg[6]/Q
                         net (fo=1, routed)           0.064     0.115    u_my_ip/u_axi4_mapping/core_wr_strb_r_reg[15]_0[6]
    SLICE_X78Y183        FDRE                                         r  u_my_ip/u_axi4_mapping/core_wr_strb_r_reg[6]/D
  -------------------------------------------------------------------    -------------------

                         (clock s00_axi_aclk rise edge)
                                                      0.000     0.000 r  
                                                      0.000     0.000 r  s00_axi_aclk (IN)
                         net (fo=3968, unset)         0.019     0.019    u_my_ip/u_axi4_mapping/s00_axi_aclk
    SLICE_X78Y183        FDRE                                         r  u_my_ip/u_axi4_mapping/core_wr_strb_r_reg[6]/C
                         clock pessimism              0.000     0.019    
    SLICE_X78Y183        FDRE (Hold_CFF2_SLICEM_C_D)
                                                      0.047     0.066    u_my_ip/u_axi4_mapping/core_wr_strb_r_reg[6]
  -------------------------------------------------------------------
                         required time                         -0.066    
                         arrival time                           0.115    
  -------------------------------------------------------------------
                         slack                                  0.049    

Slack (MET) :             0.049ns  (arrival time - required time)
  Source:                 u_my_ip/map_wr_data_r_reg[84]/C
                            (rising edge-triggered cell FDRE clocked by s00_axi_aclk  {rise@0.000ns fall@2.500ns period=5.000ns})
  Destination:            u_my_ip/u_axi4_mapping/core_wr_data_r_reg[84]/D
                            (rising edge-triggered cell FDRE clocked by s00_axi_aclk  {rise@0.000ns fall@2.500ns period=5.000ns})
  Path Group:             s00_axi_aclk
  Path Type:              Hold (Min at Fast Process Corner)
  Requirement:            0.000ns  (s00_axi_aclk rise@0.000ns - s00_axi_aclk rise@0.000ns)
  Data Path Delay:        0.101ns  (logic 0.039ns (38.614%)  route 0.062ns (61.386%))
  Logic Levels:           0  
  Clock Path Skew:        0.006ns (DCD - SCD - CPR)
    Destination Clock Delay (DCD):    0.019ns
    Source Clock Delay      (SCD):    0.013ns
    Clock Pessimism Removal (CPR):    -0.000ns

    Location             Delay type                Incr(ns)  Path(ns)    Netlist Resource(s)
  -------------------------------------------------------------------    -------------------
                         (clock s00_axi_aclk rise edge)
                                                      0.000     0.000 r  
                                                      0.000     0.000 r  s00_axi_aclk (IN)
                         net (fo=3968, unset)         0.013     0.013    u_my_ip/s00_axi_aclk
    SLICE_X84Y69         FDRE                                         r  u_my_ip/map_wr_data_r_reg[84]/C
  -------------------------------------------------------------------    -------------------
    SLICE_X84Y69         FDRE (Prop_GFF_SLICEM_C_Q)
                                                      0.039     0.052 r  u_my_ip/map_wr_data_r_reg[84]/Q
                         net (fo=1, routed)           0.062     0.114    u_my_ip/u_axi4_mapping/core_wr_data_r_reg[127]_0[84]
    SLICE_X85Y69         FDRE                                         r  u_my_ip/u_axi4_mapping/core_wr_data_r_reg[84]/D
  -------------------------------------------------------------------    -------------------

                         (clock s00_axi_aclk rise edge)
                                                      0.000     0.000 r  
                                                      0.000     0.000 r  s00_axi_aclk (IN)
                         net (fo=3968, unset)         0.019     0.019    u_my_ip/u_axi4_mapping/s00_axi_aclk
    SLICE_X85Y69         FDRE                                         r  u_my_ip/u_axi4_mapping/core_wr_data_r_reg[84]/C
                         clock pessimism              0.000     0.019    
    SLICE_X85Y69         FDRE (Hold_GFF_SLICEL_C_D)
                                                      0.046     0.065    u_my_ip/u_axi4_mapping/core_wr_data_r_reg[84]
  -------------------------------------------------------------------
                         required time                         -0.065    
                         arrival time                           0.114    
  -------------------------------------------------------------------
                         slack                                  0.049    

Slack (MET) :             0.049ns  (arrival time - required time)
  Source:                 u_my_ip/map_wr_data_r_reg[86]/C
                            (rising edge-triggered cell FDRE clocked by s00_axi_aclk  {rise@0.000ns fall@2.500ns period=5.000ns})
  Destination:            u_my_ip/u_axi4_mapping/core_wr_data_r_reg[86]/D
                            (rising edge-triggered cell FDRE clocked by s00_axi_aclk  {rise@0.000ns fall@2.500ns period=5.000ns})
  Path Group:             s00_axi_aclk
  Path Type:              Hold (Min at Fast Process Corner)
  Requirement:            0.000ns  (s00_axi_aclk rise@0.000ns - s00_axi_aclk rise@0.000ns)
  Data Path Delay:        0.101ns  (logic 0.039ns (38.614%)  route 0.062ns (61.386%))
  Logic Levels:           0  
  Clock Path Skew:        0.006ns (DCD - SCD - CPR)
    Destination Clock Delay (DCD):    0.019ns
    Source Clock Delay      (SCD):    0.013ns
    Clock Pessimism Removal (CPR):    -0.000ns

    Location             Delay type                Incr(ns)  Path(ns)    Netlist Resource(s)
  -------------------------------------------------------------------    -------------------
                         (clock s00_axi_aclk rise edge)
                                                      0.000     0.000 r  
                                                      0.000     0.000 r  s00_axi_aclk (IN)
                         net (fo=3968, unset)         0.013     0.013    u_my_ip/s00_axi_aclk
    SLICE_X84Y69         FDRE                                         r  u_my_ip/map_wr_data_r_reg[86]/C
  -------------------------------------------------------------------    -------------------
    SLICE_X84Y69         FDRE (Prop_HFF_SLICEM_C_Q)
                                                      0.039     0.052 r  u_my_ip/map_wr_data_r_reg[86]/Q
                         net (fo=1, routed)           0.062     0.114    u_my_ip/u_axi4_mapping/core_wr_data_r_reg[127]_0[86]
    SLICE_X85Y69         FDRE                                         r  u_my_ip/u_axi4_mapping/core_wr_data_r_reg[86]/D
  -------------------------------------------------------------------    -------------------

                         (clock s00_axi_aclk rise edge)
                                                      0.000     0.000 r  
                                                      0.000     0.000 r  s00_axi_aclk (IN)
                         net (fo=3968, unset)         0.019     0.019    u_my_ip/u_axi4_mapping/s00_axi_aclk
    SLICE_X85Y69         FDRE                                         r  u_my_ip/u_axi4_mapping/core_wr_data_r_reg[86]/C
                         clock pessimism              0.000     0.019    
    SLICE_X85Y69         FDRE (Hold_HFF_SLICEL_C_D)
                                                      0.046     0.065    u_my_ip/u_axi4_mapping/core_wr_data_r_reg[86]
  -------------------------------------------------------------------
                         required time                         -0.065    
                         arrival time                           0.114    
  -------------------------------------------------------------------
                         slack                                  0.049    

Slack (MET) :             0.049ns  (arrival time - required time)
  Source:                 u_my_ip/u_axi4_mapping/u_gemv/GEN_WEIGHT_BANK[3].u_weight_bram_bank/GEN_OUTPUT_REG.doutb_reg_reg[13]/C
                            (rising edge-triggered cell FDRE clocked by s00_axi_aclk  {rise@0.000ns fall@2.500ns period=5.000ns})
  Destination:            u_my_ip/u_axi4_mapping/u_gemv/weight_pmau_data_reg[109]/D
                            (rising edge-triggered cell FDRE clocked by s00_axi_aclk  {rise@0.000ns fall@2.500ns period=5.000ns})
  Path Group:             s00_axi_aclk
  Path Type:              Hold (Min at Fast Process Corner)
  Requirement:            0.000ns  (s00_axi_aclk rise@0.000ns - s00_axi_aclk rise@0.000ns)
  Data Path Delay:        0.103ns  (logic 0.040ns (38.835%)  route 0.063ns (61.165%))
  Logic Levels:           0  
  Clock Path Skew:        0.007ns (DCD - SCD - CPR)
    Destination Clock Delay (DCD):    0.019ns
    Source Clock Delay      (SCD):    0.012ns
    Clock Pessimism Removal (CPR):    -0.000ns

    Location             Delay type                Incr(ns)  Path(ns)    Netlist Resource(s)
  -------------------------------------------------------------------    -------------------
                         (clock s00_axi_aclk rise edge)
                                                      0.000     0.000 r  
                                                      0.000     0.000 r  s00_axi_aclk (IN)
                         net (fo=3968, unset)         0.012     0.012    u_my_ip/u_axi4_mapping/u_gemv/GEN_WEIGHT_BANK[3].u_weight_bram_bank/s00_axi_aclk
    SLICE_X98Y118        FDRE                                         r  u_my_ip/u_axi4_mapping/u_gemv/GEN_WEIGHT_BANK[3].u_weight_bram_bank/GEN_OUTPUT_REG.doutb_reg_reg[13]/C
  -------------------------------------------------------------------    -------------------
    SLICE_X98Y118        FDRE (Prop_CFF2_SLICEL_C_Q)
                                                      0.040     0.052 r  u_my_ip/u_axi4_mapping/u_gemv/GEN_WEIGHT_BANK[3].u_weight_bram_bank/GEN_OUTPUT_REG.doutb_reg_reg[13]/Q
                         net (fo=1, routed)           0.063     0.115    u_my_ip/u_axi4_mapping/u_gemv/weight_compute_data[109]
    SLICE_X98Y119        FDRE                                         r  u_my_ip/u_axi4_mapping/u_gemv/weight_pmau_data_reg[109]/D
  -------------------------------------------------------------------    -------------------

                         (clock s00_axi_aclk rise edge)
                                                      0.000     0.000 r  
                                                      0.000     0.000 r  s00_axi_aclk (IN)
                         net (fo=3968, unset)         0.019     0.019    u_my_ip/u_axi4_mapping/u_gemv/s00_axi_aclk
    SLICE_X98Y119        FDRE                                         r  u_my_ip/u_axi4_mapping/u_gemv/weight_pmau_data_reg[109]/C
                         clock pessimism              0.000     0.019    
    SLICE_X98Y119        FDRE (Hold_GFF2_SLICEL_C_D)
                                                      0.047     0.066    u_my_ip/u_axi4_mapping/u_gemv/weight_pmau_data_reg[109]
  -------------------------------------------------------------------
                         required time                         -0.066    
                         arrival time                           0.115    
  -------------------------------------------------------------------
                         slack                                  0.049    

Slack (MET) :             0.049ns  (arrival time - required time)
  Source:                 u_my_ip/u_axi4_mapping/u_gemv/GEN_WEIGHT_BANK[2].u_weight_bram_bank/GEN_OUTPUT_REG.doutb_reg_reg[3]/C
                            (rising edge-triggered cell FDRE clocked by s00_axi_aclk  {rise@0.000ns fall@2.500ns period=5.000ns})
  Destination:            u_my_ip/u_axi4_mapping/u_gemv/weight_pmau_data_reg[67]/D
                            (rising edge-triggered cell FDRE clocked by s00_axi_aclk  {rise@0.000ns fall@2.500ns period=5.000ns})
  Path Group:             s00_axi_aclk
  Path Type:              Hold (Min at Fast Process Corner)
  Requirement:            0.000ns  (s00_axi_aclk rise@0.000ns - s00_axi_aclk rise@0.000ns)
  Data Path Delay:        0.102ns  (logic 0.039ns (38.235%)  route 0.063ns (61.765%))
  Logic Levels:           0  
  Clock Path Skew:        0.006ns (DCD - SCD - CPR)
    Destination Clock Delay (DCD):    0.019ns
    Source Clock Delay      (SCD):    0.013ns
    Clock Pessimism Removal (CPR):    -0.000ns

    Location             Delay type                Incr(ns)  Path(ns)    Netlist Resource(s)
  -------------------------------------------------------------------    -------------------
                         (clock s00_axi_aclk rise edge)
                                                      0.000     0.000 r  
                                                      0.000     0.000 r  s00_axi_aclk (IN)
                         net (fo=3968, unset)         0.013     0.013    u_my_ip/u_axi4_mapping/u_gemv/GEN_WEIGHT_BANK[2].u_weight_bram_bank/s00_axi_aclk
    SLICE_X89Y119        FDRE                                         r  u_my_ip/u_axi4_mapping/u_gemv/GEN_WEIGHT_BANK[2].u_weight_bram_bank/GEN_OUTPUT_REG.doutb_reg_reg[3]/C
  -------------------------------------------------------------------    -------------------
    SLICE_X89Y119        FDRE (Prop_CFF2_SLICEM_C_Q)
                                                      0.039     0.052 r  u_my_ip/u_axi4_mapping/u_gemv/GEN_WEIGHT_BANK[2].u_weight_bram_bank/GEN_OUTPUT_REG.doutb_reg_reg[3]/Q
                         net (fo=1, routed)           0.063     0.115    u_my_ip/u_axi4_mapping/u_gemv/weight_compute_data[67]
    SLICE_X90Y119        FDRE                                         r  u_my_ip/u_axi4_mapping/u_gemv/weight_pmau_data_reg[67]/D
  -------------------------------------------------------------------    -------------------

                         (clock s00_axi_aclk rise edge)
                                                      0.000     0.000 r  
                                                      0.000     0.000 r  s00_axi_aclk (IN)
                         net (fo=3968, unset)         0.019     0.019    u_my_ip/u_axi4_mapping/u_gemv/s00_axi_aclk
    SLICE_X90Y119        FDRE                                         r  u_my_ip/u_axi4_mapping/u_gemv/weight_pmau_data_reg[67]/C
                         clock pessimism              0.000     0.019    
    SLICE_X90Y119        FDRE (Hold_FFF2_SLICEL_C_D)
                                                      0.047     0.066    u_my_ip/u_axi4_mapping/u_gemv/weight_pmau_data_reg[67]
  -------------------------------------------------------------------
                         required time                         -0.066    
                         arrival time                           0.115    
  -------------------------------------------------------------------
                         slack                                  0.049    

Slack (MET) :             0.049ns  (arrival time - required time)
  Source:                 u_my_ip/read_active_r_reg/C
                            (rising edge-triggered cell FDRE clocked by s00_axi_aclk  {rise@0.000ns fall@2.500ns period=5.000ns})
  Destination:            u_my_ip/read_active_r_reg/D
                            (rising edge-triggered cell FDRE clocked by s00_axi_aclk  {rise@0.000ns fall@2.500ns period=5.000ns})
  Path Group:             s00_axi_aclk
  Path Type:              Hold (Min at Fast Process Corner)
  Requirement:            0.000ns  (s00_axi_aclk rise@0.000ns - s00_axi_aclk rise@0.000ns)
  Data Path Delay:        0.101ns  (logic 0.053ns (52.286%)  route 0.048ns (47.714%))
  Logic Levels:           1  (LUT6=1)
  Clock Path Skew:        0.006ns (DCD - SCD - CPR)
    Destination Clock Delay (DCD):    0.018ns
    Source Clock Delay      (SCD):    0.012ns
    Clock Pessimism Removal (CPR):    -0.000ns

    Location             Delay type                Incr(ns)  Path(ns)    Netlist Resource(s)
  -------------------------------------------------------------------    -------------------
                         (clock s00_axi_aclk rise edge)
                                                      0.000     0.000 r  
                                                      0.000     0.000 r  s00_axi_aclk (IN)
                         net (fo=3968, unset)         0.012     0.012    u_my_ip/s00_axi_aclk
    SLICE_X97Y226        FDRE                                         r  u_my_ip/read_active_r_reg/C
  -------------------------------------------------------------------    -------------------
    SLICE_X97Y226        FDRE (Prop_CFF_SLICEL_C_Q)
                                                      0.039     0.051 r  u_my_ip/read_active_r_reg/Q
                         net (fo=7, routed)           0.031     0.082    u_my_ip/read_active_r_reg_n_0
    SLICE_X97Y226        LUT6 (Prop_C6LUT_SLICEL_I5_O)
                                                      0.014     0.096 r  u_my_ip/read_active_r_i_1/O
                         net (fo=1, routed)           0.017     0.113    u_my_ip/read_active_r_i_1_n_0
    SLICE_X97Y226        FDRE                                         r  u_my_ip/read_active_r_reg/D
  -------------------------------------------------------------------    -------------------

                         (clock s00_axi_aclk rise edge)
                                                      0.000     0.000 r  
                                                      0.000     0.000 r  s00_axi_aclk (IN)
                         net (fo=3968, unset)         0.018     0.018    u_my_ip/s00_axi_aclk
    SLICE_X97Y226        FDRE                                         r  u_my_ip/read_active_r_reg/C
                         clock pessimism              0.000     0.018    
    SLICE_X97Y226        FDRE (Hold_CFF_SLICEL_C_D)
                                                      0.046     0.064    u_my_ip/read_active_r_reg
  -------------------------------------------------------------------
                         required time                         -0.064    
                         arrival time                           0.113    
  -------------------------------------------------------------------
                         slack                                  0.049    

Slack (MET) :             0.050ns  (arrival time - required time)
  Source:                 u_my_ip/u_axi4_mapping/map_rd_data_reg[45]/C
                            (rising edge-triggered cell FDRE clocked by s00_axi_aclk  {rise@0.000ns fall@2.500ns period=5.000ns})
  Destination:            u_my_ip/rdata_r_reg[45]/D
                            (rising edge-triggered cell FDRE clocked by s00_axi_aclk  {rise@0.000ns fall@2.500ns period=5.000ns})
  Path Group:             s00_axi_aclk
  Path Type:              Hold (Min at Fast Process Corner)
  Requirement:            0.000ns  (s00_axi_aclk rise@0.000ns - s00_axi_aclk rise@0.000ns)
  Data Path Delay:        0.104ns  (logic 0.041ns (39.423%)  route 0.063ns (60.577%))
  Logic Levels:           0  
  Clock Path Skew:        0.007ns (DCD - SCD - CPR)
    Destination Clock Delay (DCD):    0.019ns
    Source Clock Delay      (SCD):    0.012ns
    Clock Pessimism Removal (CPR):    -0.000ns

    Location             Delay type                Incr(ns)  Path(ns)    Netlist Resource(s)
  -------------------------------------------------------------------    -------------------
                         (clock s00_axi_aclk rise edge)
                                                      0.000     0.000 r  
                                                      0.000     0.000 r  s00_axi_aclk (IN)
                         net (fo=3968, unset)         0.012     0.012    u_my_ip/u_axi4_mapping/s00_axi_aclk
    SLICE_X103Y229       FDRE                                         r  u_my_ip/u_axi4_mapping/map_rd_data_reg[45]/C
  -------------------------------------------------------------------    -------------------
    SLICE_X103Y229       FDRE (Prop_DFF2_SLICEL_C_Q)
                                                      0.041     0.053 r  u_my_ip/u_axi4_mapping/map_rd_data_reg[45]/Q
                         net (fo=1, routed)           0.063     0.116    u_my_ip/map_rd_data[45]
    SLICE_X104Y229       FDRE                                         r  u_my_ip/rdata_r_reg[45]/D
  -------------------------------------------------------------------    -------------------

                         (clock s00_axi_aclk rise edge)
                                                      0.000     0.000 r  
                                                      0.000     0.000 r  s00_axi_aclk (IN)
                         net (fo=3968, unset)         0.019     0.019    u_my_ip/s00_axi_aclk
    SLICE_X104Y229       FDRE                                         r  u_my_ip/rdata_r_reg[45]/C
                         clock pessimism              0.000     0.019    
    SLICE_X104Y229       FDRE (Hold_EFF2_SLICEM_C_D)
                                                      0.047     0.066    u_my_ip/rdata_r_reg[45]
  -------------------------------------------------------------------
                         required time                         -0.066    
                         arrival time                           0.116    
  -------------------------------------------------------------------
                         slack                                  0.050    

Slack (MET) :             0.050ns  (arrival time - required time)
  Source:                 u_my_ip/u_axi4_mapping/map_rd_data_reg[63]/C
                            (rising edge-triggered cell FDRE clocked by s00_axi_aclk  {rise@0.000ns fall@2.500ns period=5.000ns})
  Destination:            u_my_ip/rdata_r_reg[63]/D
                            (rising edge-triggered cell FDRE clocked by s00_axi_aclk  {rise@0.000ns fall@2.500ns period=5.000ns})
  Path Group:             s00_axi_aclk
  Path Type:              Hold (Min at Fast Process Corner)
  Requirement:            0.000ns  (s00_axi_aclk rise@0.000ns - s00_axi_aclk rise@0.000ns)
  Data Path Delay:        0.104ns  (logic 0.041ns (39.423%)  route 0.063ns (60.577%))
  Logic Levels:           0  
  Clock Path Skew:        0.007ns (DCD - SCD - CPR)
    Destination Clock Delay (DCD):    0.019ns
    Source Clock Delay      (SCD):    0.012ns
    Clock Pessimism Removal (CPR):    -0.000ns

    Location             Delay type                Incr(ns)  Path(ns)    Netlist Resource(s)
  -------------------------------------------------------------------    -------------------
                         (clock s00_axi_aclk rise edge)
                                                      0.000     0.000 r  
                                                      0.000     0.000 r  s00_axi_aclk (IN)
                         net (fo=3968, unset)         0.012     0.012    u_my_ip/u_axi4_mapping/s00_axi_aclk
    SLICE_X103Y228       FDRE                                         r  u_my_ip/u_axi4_mapping/map_rd_data_reg[63]/C
  -------------------------------------------------------------------    -------------------
    SLICE_X103Y228       FDRE (Prop_DFF2_SLICEL_C_Q)
                                                      0.041     0.053 r  u_my_ip/u_axi4_mapping/map_rd_data_reg[63]/Q
                         net (fo=1, routed)           0.063     0.116    u_my_ip/map_rd_data[63]
    SLICE_X104Y228       FDRE                                         r  u_my_ip/rdata_r_reg[63]/D
  -------------------------------------------------------------------    -------------------

                         (clock s00_axi_aclk rise edge)
                                                      0.000     0.000 r  
                                                      0.000     0.000 r  s00_axi_aclk (IN)
                         net (fo=3968, unset)         0.019     0.019    u_my_ip/s00_axi_aclk
    SLICE_X104Y228       FDRE                                         r  u_my_ip/rdata_r_reg[63]/C
                         clock pessimism              0.000     0.019    
    SLICE_X104Y228       FDRE (Hold_EFF2_SLICEM_C_D)
                                                      0.047     0.066    u_my_ip/rdata_r_reg[63]
  -------------------------------------------------------------------
                         required time                         -0.066    
                         arrival time                           0.116    
  -------------------------------------------------------------------
                         slack                                  0.050    

Slack (MET) :             0.050ns  (arrival time - required time)
  Source:                 u_my_ip/u_axi4_mapping/map_rd_data_reg[66]/C
                            (rising edge-triggered cell FDRE clocked by s00_axi_aclk  {rise@0.000ns fall@2.500ns period=5.000ns})
  Destination:            u_my_ip/rdata_r_reg[66]/D
                            (rising edge-triggered cell FDRE clocked by s00_axi_aclk  {rise@0.000ns fall@2.500ns period=5.000ns})
  Path Group:             s00_axi_aclk
  Path Type:              Hold (Min at Fast Process Corner)
  Requirement:            0.000ns  (s00_axi_aclk rise@0.000ns - s00_axi_aclk rise@0.000ns)
  Data Path Delay:        0.103ns  (logic 0.039ns (37.864%)  route 0.064ns (62.136%))
  Logic Levels:           0  
  Clock Path Skew:        0.007ns (DCD - SCD - CPR)
    Destination Clock Delay (DCD):    0.019ns
    Source Clock Delay      (SCD):    0.012ns
    Clock Pessimism Removal (CPR):    -0.000ns

    Location             Delay type                Incr(ns)  Path(ns)    Netlist Resource(s)
  -------------------------------------------------------------------    -------------------
                         (clock s00_axi_aclk rise edge)
                                                      0.000     0.000 r  
                                                      0.000     0.000 r  s00_axi_aclk (IN)
                         net (fo=3968, unset)         0.012     0.012    u_my_ip/u_axi4_mapping/s00_axi_aclk
    SLICE_X98Y223        FDRE                                         r  u_my_ip/u_axi4_mapping/map_rd_data_reg[66]/C
  -------------------------------------------------------------------    -------------------
    SLICE_X98Y223        FDRE (Prop_DFF_SLICEL_C_Q)
                                                      0.039     0.051 r  u_my_ip/u_axi4_mapping/map_rd_data_reg[66]/Q
                         net (fo=1, routed)           0.064     0.115    u_my_ip/map_rd_data[66]
    SLICE_X98Y223        FDRE                                         r  u_my_ip/rdata_r_reg[66]/D
  -------------------------------------------------------------------    -------------------

                         (clock s00_axi_aclk rise edge)
                                                      0.000     0.000 r  
                                                      0.000     0.000 r  s00_axi_aclk (IN)
                         net (fo=3968, unset)         0.019     0.019    u_my_ip/s00_axi_aclk
    SLICE_X98Y223        FDRE                                         r  u_my_ip/rdata_r_reg[66]/C
                         clock pessimism              0.000     0.019    
    SLICE_X98Y223        FDRE (Hold_FFF_SLICEL_C_D)
                                                      0.046     0.065    u_my_ip/rdata_r_reg[66]
  -------------------------------------------------------------------
                         required time                         -0.065    
                         arrival time                           0.115    
  -------------------------------------------------------------------
                         slack                                  0.050    

Slack (MET) :             0.050ns  (arrival time - required time)
  Source:                 u_my_ip/map_wr_data_r_reg[18]/C
                            (rising edge-triggered cell FDRE clocked by s00_axi_aclk  {rise@0.000ns fall@2.500ns period=5.000ns})
  Destination:            u_my_ip/u_axi4_mapping/cfg_col_beats_reg_reg[18]/D
                            (rising edge-triggered cell FDRE clocked by s00_axi_aclk  {rise@0.000ns fall@2.500ns period=5.000ns})
  Path Group:             s00_axi_aclk
  Path Type:              Hold (Min at Fast Process Corner)
  Requirement:            0.000ns  (s00_axi_aclk rise@0.000ns - s00_axi_aclk rise@0.000ns)
  Data Path Delay:        0.103ns  (logic 0.039ns (37.786%)  route 0.064ns (62.214%))
  Logic Levels:           0  
  Clock Path Skew:        0.006ns (DCD - SCD - CPR)
    Destination Clock Delay (DCD):    0.018ns
    Source Clock Delay      (SCD):    0.012ns
    Clock Pessimism Removal (CPR):    -0.000ns

    Location             Delay type                Incr(ns)  Path(ns)    Netlist Resource(s)
  -------------------------------------------------------------------    -------------------
                         (clock s00_axi_aclk rise edge)
                                                      0.000     0.000 r  
                                                      0.000     0.000 r  s00_axi_aclk (IN)
                         net (fo=3968, unset)         0.012     0.012    u_my_ip/s00_axi_aclk
    SLICE_X90Y240        FDRE                                         r  u_my_ip/map_wr_data_r_reg[18]/C
  -------------------------------------------------------------------    -------------------
    SLICE_X90Y240        FDRE (Prop_DFF_SLICEL_C_Q)
                                                      0.039     0.051 r  u_my_ip/map_wr_data_r_reg[18]/Q
                         net (fo=6, routed)           0.064     0.115    u_my_ip/u_axi4_mapping/core_wr_data_r_reg[127]_0[18]
    SLICE_X91Y240        FDRE                                         r  u_my_ip/u_axi4_mapping/cfg_col_beats_reg_reg[18]/D
  -------------------------------------------------------------------    -------------------

                         (clock s00_axi_aclk rise edge)
                                                      0.000     0.000 r  
                                                      0.000     0.000 r  s00_axi_aclk (IN)
                         net (fo=3968, unset)         0.018     0.018    u_my_ip/u_axi4_mapping/s00_axi_aclk
    SLICE_X91Y240        FDRE                                         r  u_my_ip/u_axi4_mapping/cfg_col_beats_reg_reg[18]/C
                         clock pessimism              0.000     0.018    
    SLICE_X91Y240        FDRE (Hold_DFF2_SLICEL_C_D)
                                                      0.047     0.065    u_my_ip/u_axi4_mapping/cfg_col_beats_reg_reg[18]
  -------------------------------------------------------------------
                         required time                         -0.065    
                         arrival time                           0.115    
  -------------------------------------------------------------------
                         slack                                  0.050    

Slack (MET) :             0.051ns  (arrival time - required time)
  Source:                 u_my_ip/map_wr_data_r_reg[4]/C
                            (rising edge-triggered cell FDRE clocked by s00_axi_aclk  {rise@0.000ns fall@2.500ns period=5.000ns})
  Destination:            u_my_ip/u_axi4_mapping/cfg_mode_reg_reg[4]/D
                            (rising edge-triggered cell FDRE clocked by s00_axi_aclk  {rise@0.000ns fall@2.500ns period=5.000ns})
  Path Group:             s00_axi_aclk
  Path Type:              Hold (Min at Fast Process Corner)
  Requirement:            0.000ns  (s00_axi_aclk rise@0.000ns - s00_axi_aclk rise@0.000ns)
  Data Path Delay:        0.103ns  (logic 0.039ns (38.043%)  route 0.064ns (61.957%))
  Logic Levels:           0  
  Clock Path Skew:        0.005ns (DCD - SCD - CPR)
    Destination Clock Delay (DCD):    0.018ns
    Source Clock Delay      (SCD):    0.013ns
    Clock Pessimism Removal (CPR):    -0.000ns

    Location             Delay type                Incr(ns)  Path(ns)    Netlist Resource(s)
  -------------------------------------------------------------------    -------------------
                         (clock s00_axi_aclk rise edge)
                                                      0.000     0.000 r  
                                                      0.000     0.000 r  s00_axi_aclk (IN)
                         net (fo=3968, unset)         0.013     0.013    u_my_ip/s00_axi_aclk
    SLICE_X92Y242        FDRE                                         r  u_my_ip/map_wr_data_r_reg[4]/C
  -------------------------------------------------------------------    -------------------
    SLICE_X92Y242        FDRE (Prop_FFF_SLICEL_C_Q)
                                                      0.039     0.052 r  u_my_ip/map_wr_data_r_reg[4]/Q
                         net (fo=6, routed)           0.064     0.116    u_my_ip/u_axi4_mapping/core_wr_data_r_reg[127]_0[4]
    SLICE_X92Y241        FDRE                                         r  u_my_ip/u_axi4_mapping/cfg_mode_reg_reg[4]/D
  -------------------------------------------------------------------    -------------------

                         (clock s00_axi_aclk rise edge)
                                                      0.000     0.000 r  
                                                      0.000     0.000 r  s00_axi_aclk (IN)
                         net (fo=3968, unset)         0.018     0.018    u_my_ip/u_axi4_mapping/s00_axi_aclk
    SLICE_X92Y241        FDRE                                         r  u_my_ip/u_axi4_mapping/cfg_mode_reg_reg[4]/C
                         clock pessimism              0.000     0.018    
    SLICE_X92Y241        FDRE (Hold_DFF2_SLICEL_C_D)
                                                      0.047     0.065    u_my_ip/u_axi4_mapping/cfg_mode_reg_reg[4]
  -------------------------------------------------------------------
                         required time                         -0.065    
                         arrival time                           0.116    
  -------------------------------------------------------------------
                         slack                                  0.051    

Slack (MET) :             0.051ns  (arrival time - required time)
  Source:                 u_my_ip/map_wr_data_r_reg[6]/C
                            (rising edge-triggered cell FDRE clocked by s00_axi_aclk  {rise@0.000ns fall@2.500ns period=5.000ns})
  Destination:            u_my_ip/u_axi4_mapping/cfg_col_beats_reg_reg[6]/D
                            (rising edge-triggered cell FDRE clocked by s00_axi_aclk  {rise@0.000ns fall@2.500ns period=5.000ns})
  Path Group:             s00_axi_aclk
  Path Type:              Hold (Min at Fast Process Corner)
  Requirement:            0.000ns  (s00_axi_aclk rise@0.000ns - s00_axi_aclk rise@0.000ns)
  Data Path Delay:        0.103ns  (logic 0.040ns (38.955%)  route 0.063ns (61.045%))
  Logic Levels:           0  
  Clock Path Skew:        0.005ns (DCD - SCD - CPR)
    Destination Clock Delay (DCD):    0.018ns
    Source Clock Delay      (SCD):    0.013ns
    Clock Pessimism Removal (CPR):    -0.000ns

    Location             Delay type                Incr(ns)  Path(ns)    Netlist Resource(s)
  -------------------------------------------------------------------    -------------------
                         (clock s00_axi_aclk rise edge)
                                                      0.000     0.000 r  
                                                      0.000     0.000 r  s00_axi_aclk (IN)
                         net (fo=3968, unset)         0.013     0.013    u_my_ip/s00_axi_aclk
    SLICE_X92Y237        FDRE                                         r  u_my_ip/map_wr_data_r_reg[6]/C
  -------------------------------------------------------------------    -------------------
    SLICE_X92Y237        FDRE (Prop_GFF2_SLICEL_C_Q)
                                                      0.040     0.053 r  u_my_ip/map_wr_data_r_reg[6]/Q
                         net (fo=6, routed)           0.063     0.116    u_my_ip/u_axi4_mapping/core_wr_data_r_reg[127]_0[6]
    SLICE_X92Y235        FDRE                                         r  u_my_ip/u_axi4_mapping/cfg_col_beats_reg_reg[6]/D
  -------------------------------------------------------------------    -------------------

                         (clock s00_axi_aclk rise edge)
                                                      0.000     0.000 r  
                                                      0.000     0.000 r  s00_axi_aclk (IN)
                         net (fo=3968, unset)         0.018     0.018    u_my_ip/u_axi4_mapping/s00_axi_aclk
    SLICE_X92Y235        FDRE                                         r  u_my_ip/u_axi4_mapping/cfg_col_beats_reg_reg[6]/C
                         clock pessimism              0.000     0.018    
    SLICE_X92Y235        FDRE (Hold_DFF2_SLICEL_C_D)
                                                      0.047     0.065    u_my_ip/u_axi4_mapping/cfg_col_beats_reg_reg[6]
  -------------------------------------------------------------------
                         required time                         -0.065    
                         arrival time                           0.116    
  -------------------------------------------------------------------
                         slack                                  0.051    

Slack (MET) :             0.051ns  (arrival time - required time)
  Source:                 u_my_ip/u_axi4_mapping/u_gemv/u_pmau/mult_scale_pipe_reg[0][12]/C
                            (rising edge-triggered cell FDRE clocked by s00_axi_aclk  {rise@0.000ns fall@2.500ns period=5.000ns})
  Destination:            u_my_ip/u_axi4_mapping/u_gemv/u_pmau/scale_pipe_reg[1][12]_srl5___u_my_ip_u_axi4_mapping_u_gemv_u_pmau_last_pipe_reg_r/D
                            (rising edge-triggered cell SRL16E clocked by s00_axi_aclk  {rise@0.000ns fall@2.500ns period=5.000ns})
  Path Group:             s00_axi_aclk
  Path Type:              Hold (Min at Fast Process Corner)
  Requirement:            0.000ns  (s00_axi_aclk rise@0.000ns - s00_axi_aclk rise@0.000ns)
  Data Path Delay:        0.120ns  (logic 0.039ns (32.500%)  route 0.081ns (67.500%))
  Logic Levels:           0  
  Clock Path Skew:        0.026ns (DCD - SCD - CPR)
    Destination Clock Delay (DCD):    0.039ns
    Source Clock Delay      (SCD):    0.013ns
    Clock Pessimism Removal (CPR):    -0.000ns

    Location             Delay type                Incr(ns)  Path(ns)    Netlist Resource(s)
  -------------------------------------------------------------------    -------------------
                         (clock s00_axi_aclk rise edge)
                                                      0.000     0.000 r  
                                                      0.000     0.000 r  s00_axi_aclk (IN)
                         net (fo=3968, unset)         0.013     0.013    u_my_ip/u_axi4_mapping/u_gemv/u_pmau/s00_axi_aclk
    SLICE_X93Y231        FDRE                                         r  u_my_ip/u_axi4_mapping/u_gemv/u_pmau/mult_scale_pipe_reg[0][12]/C
  -------------------------------------------------------------------    -------------------
    SLICE_X93Y231        FDRE (Prop_AFF2_SLICEM_C_Q)
                                                      0.039     0.052 r  u_my_ip/u_axi4_mapping/u_gemv/u_pmau/mult_scale_pipe_reg[0][12]/Q
                         net (fo=1, routed)           0.081     0.133    u_my_ip/u_axi4_mapping/u_gemv/u_pmau/mult_scale_pipe_reg[0]_63[12]
    SLICE_X93Y228        SRL16E                                       r  u_my_ip/u_axi4_mapping/u_gemv/u_pmau/scale_pipe_reg[1][12]_srl5___u_my_ip_u_axi4_mapping_u_gemv_u_pmau_last_pipe_reg_r/D
  -------------------------------------------------------------------    -------------------

                         (clock s00_axi_aclk rise edge)
                                                      0.000     0.000 r  
                                                      0.000     0.000 r  s00_axi_aclk (IN)
                         net (fo=3968, unset)         0.039     0.039    u_my_ip/u_axi4_mapping/u_gemv/u_pmau/s00_axi_aclk
    SLICE_X93Y228        SRL16E                                       r  u_my_ip/u_axi4_mapping/u_gemv/u_pmau/scale_pipe_reg[1][12]_srl5___u_my_ip_u_axi4_mapping_u_gemv_u_pmau_last_pipe_reg_r/CLK
                         clock pessimism              0.000     0.039    
    SLICE_X93Y228        SRL16E (Hold_E5LUT_SLICEM_CLK_D)
                                                      0.043     0.082    u_my_ip/u_axi4_mapping/u_gemv/u_pmau/scale_pipe_reg[1][12]_srl5___u_my_ip_u_axi4_mapping_u_gemv_u_pmau_last_pipe_reg_r
  -------------------------------------------------------------------
                         required time                         -0.082    
                         arrival time                           0.133    
  -------------------------------------------------------------------
                         slack                                  0.051    

Slack (MET) :             0.051ns  (arrival time - required time)
  Source:                 u_my_ip/u_axi4_mapping/map_rd_data_reg[88]/C
                            (rising edge-triggered cell FDRE clocked by s00_axi_aclk  {rise@0.000ns fall@2.500ns period=5.000ns})
  Destination:            u_my_ip/rdata_r_reg[88]/D
                            (rising edge-triggered cell FDRE clocked by s00_axi_aclk  {rise@0.000ns fall@2.500ns period=5.000ns})
  Path Group:             s00_axi_aclk
  Path Type:              Hold (Min at Fast Process Corner)
  Requirement:            0.000ns  (s00_axi_aclk rise@0.000ns - s00_axi_aclk rise@0.000ns)
  Data Path Delay:        0.102ns  (logic 0.039ns (38.235%)  route 0.063ns (61.765%))
  Logic Levels:           0  
  Clock Path Skew:        0.005ns (DCD - SCD - CPR)
    Destination Clock Delay (DCD):    0.018ns
    Source Clock Delay      (SCD):    0.013ns
    Clock Pessimism Removal (CPR):    -0.000ns

    Location             Delay type                Incr(ns)  Path(ns)    Netlist Resource(s)
  -------------------------------------------------------------------    -------------------
                         (clock s00_axi_aclk rise edge)
                                                      0.000     0.000 r  
                                                      0.000     0.000 r  s00_axi_aclk (IN)
                         net (fo=3968, unset)         0.013     0.013    u_my_ip/u_axi4_mapping/s00_axi_aclk
    SLICE_X99Y225        FDRE                                         r  u_my_ip/u_axi4_mapping/map_rd_data_reg[88]/C
  -------------------------------------------------------------------    -------------------
    SLICE_X99Y225        FDRE (Prop_GFF_SLICEL_C_Q)
                                                      0.039     0.052 r  u_my_ip/u_axi4_mapping/map_rd_data_reg[88]/Q
                         net (fo=1, routed)           0.063     0.115    u_my_ip/map_rd_data[88]
    SLICE_X99Y225        FDRE                                         r  u_my_ip/rdata_r_reg[88]/D
  -------------------------------------------------------------------    -------------------

                         (clock s00_axi_aclk rise edge)
                                                      0.000     0.000 r  
                                                      0.000     0.000 r  s00_axi_aclk (IN)
                         net (fo=3968, unset)         0.018     0.018    u_my_ip/s00_axi_aclk
    SLICE_X99Y225        FDRE                                         r  u_my_ip/rdata_r_reg[88]/C
                         clock pessimism              0.000     0.018    
    SLICE_X99Y225        FDRE (Hold_CFF_SLICEL_C_D)
                                                      0.046     0.064    u_my_ip/rdata_r_reg[88]
  -------------------------------------------------------------------
                         required time                         -0.064    
                         arrival time                           0.115    
  -------------------------------------------------------------------
                         slack                                  0.051    

Slack (MET) :             0.051ns  (arrival time - required time)
  Source:                 u_my_ip/u_axi4_mapping/map_rd_data_reg[90]/C
                            (rising edge-triggered cell FDRE clocked by s00_axi_aclk  {rise@0.000ns fall@2.500ns period=5.000ns})
  Destination:            u_my_ip/rdata_r_reg[90]/D
                            (rising edge-triggered cell FDRE clocked by s00_axi_aclk  {rise@0.000ns fall@2.500ns period=5.000ns})
  Path Group:             s00_axi_aclk
  Path Type:              Hold (Min at Fast Process Corner)
  Requirement:            0.000ns  (s00_axi_aclk rise@0.000ns - s00_axi_aclk rise@0.000ns)
  Data Path Delay:        0.103ns  (logic 0.039ns (37.864%)  route 0.064ns (62.136%))
  Logic Levels:           0  
  Clock Path Skew:        0.006ns (DCD - SCD - CPR)
    Destination Clock Delay (DCD):    0.018ns
    Source Clock Delay      (SCD):    0.012ns
    Clock Pessimism Removal (CPR):    -0.000ns

    Location             Delay type                Incr(ns)  Path(ns)    Netlist Resource(s)
  -------------------------------------------------------------------    -------------------
                         (clock s00_axi_aclk rise edge)
                                                      0.000     0.000 r  
                                                      0.000     0.000 r  s00_axi_aclk (IN)
                         net (fo=3968, unset)         0.012     0.012    u_my_ip/u_axi4_mapping/s00_axi_aclk
    SLICE_X99Y226        FDRE                                         r  u_my_ip/u_axi4_mapping/map_rd_data_reg[90]/C
  -------------------------------------------------------------------    -------------------
    SLICE_X99Y226        FDRE (Prop_CFF_SLICEL_C_Q)
                                                      0.039     0.051 r  u_my_ip/u_axi4_mapping/map_rd_data_reg[90]/Q
                         net (fo=1, routed)           0.064     0.115    u_my_ip/map_rd_data[90]
    SLICE_X99Y225        FDRE                                         r  u_my_ip/rdata_r_reg[90]/D
  -------------------------------------------------------------------    -------------------

                         (clock s00_axi_aclk rise edge)
                                                      0.000     0.000 r  
                                                      0.000     0.000 r  s00_axi_aclk (IN)
                         net (fo=3968, unset)         0.018     0.018    u_my_ip/s00_axi_aclk
    SLICE_X99Y225        FDRE                                         r  u_my_ip/rdata_r_reg[90]/C
                         clock pessimism              0.000     0.018    
    SLICE_X99Y225        FDRE (Hold_DFF_SLICEL_C_D)
                                                      0.046     0.064    u_my_ip/rdata_r_reg[90]
  -------------------------------------------------------------------
                         required time                         -0.064    
                         arrival time                           0.115    
  -------------------------------------------------------------------
                         slack                                  0.051    

Slack (MET) :             0.051ns  (arrival time - required time)
  Source:                 u_my_ip/map_wr_data_r_reg[82]/C
                            (rising edge-triggered cell FDRE clocked by s00_axi_aclk  {rise@0.000ns fall@2.500ns period=5.000ns})
  Destination:            u_my_ip/u_axi4_mapping/core_wr_data_r_reg[82]/D
                            (rising edge-triggered cell FDRE clocked by s00_axi_aclk  {rise@0.000ns fall@2.500ns period=5.000ns})
  Path Group:             s00_axi_aclk
  Path Type:              Hold (Min at Fast Process Corner)
  Requirement:            0.000ns  (s00_axi_aclk rise@0.000ns - s00_axi_aclk rise@0.000ns)
  Data Path Delay:        0.103ns  (logic 0.037ns (35.922%)  route 0.066ns (64.078%))
  Logic Levels:           0  
  Clock Path Skew:        0.006ns (DCD - SCD - CPR)
    Destination Clock Delay (DCD):    0.019ns
    Source Clock Delay      (SCD):    0.013ns
    Clock Pessimism Removal (CPR):    -0.000ns

    Location             Delay type                Incr(ns)  Path(ns)    Netlist Resource(s)
  -------------------------------------------------------------------    -------------------
                         (clock s00_axi_aclk rise edge)
                                                      0.000     0.000 r  
                                                      0.000     0.000 r  s00_axi_aclk (IN)
                         net (fo=3968, unset)         0.013     0.013    u_my_ip/s00_axi_aclk
    SLICE_X84Y69         FDRE                                         r  u_my_ip/map_wr_data_r_reg[82]/C
  -------------------------------------------------------------------    -------------------
    SLICE_X84Y69         FDRE (Prop_FFF_SLICEM_C_Q)
                                                      0.037     0.050 r  u_my_ip/map_wr_data_r_reg[82]/Q
                         net (fo=1, routed)           0.066     0.116    u_my_ip/u_axi4_mapping/core_wr_data_r_reg[127]_0[82]
    SLICE_X85Y69         FDRE                                         r  u_my_ip/u_axi4_mapping/core_wr_data_r_reg[82]/D
  -------------------------------------------------------------------    -------------------

                         (clock s00_axi_aclk rise edge)
                                                      0.000     0.000 r  
                                                      0.000     0.000 r  s00_axi_aclk (IN)
                         net (fo=3968, unset)         0.019     0.019    u_my_ip/u_axi4_mapping/s00_axi_aclk
    SLICE_X85Y69         FDRE                                         r  u_my_ip/u_axi4_mapping/core_wr_data_r_reg[82]/C
                         clock pessimism              0.000     0.019    
    SLICE_X85Y69         FDRE (Hold_FFF_SLICEL_C_D)
                                                      0.046     0.065    u_my_ip/u_axi4_mapping/core_wr_data_r_reg[82]
  -------------------------------------------------------------------
                         required time                         -0.065    
                         arrival time                           0.116    
  -------------------------------------------------------------------
                         slack                                  0.051    

Slack (MET) :             0.051ns  (arrival time - required time)
  Source:                 u_my_ip/u_axi4_mapping/map_rd_data_reg[110]/C
                            (rising edge-triggered cell FDRE clocked by s00_axi_aclk  {rise@0.000ns fall@2.500ns period=5.000ns})
  Destination:            u_my_ip/rdata_r_reg[110]/D
                            (rising edge-triggered cell FDRE clocked by s00_axi_aclk  {rise@0.000ns fall@2.500ns period=5.000ns})
  Path Group:             s00_axi_aclk
  Path Type:              Hold (Min at Fast Process Corner)
  Requirement:            0.000ns  (s00_axi_aclk rise@0.000ns - s00_axi_aclk rise@0.000ns)
  Data Path Delay:        0.104ns  (logic 0.039ns (37.500%)  route 0.065ns (62.500%))
  Logic Levels:           0  
  Clock Path Skew:        0.007ns (DCD - SCD - CPR)
    Destination Clock Delay (DCD):    0.019ns
    Source Clock Delay      (SCD):    0.012ns
    Clock Pessimism Removal (CPR):    -0.000ns

    Location             Delay type                Incr(ns)  Path(ns)    Netlist Resource(s)
  -------------------------------------------------------------------    -------------------
                         (clock s00_axi_aclk rise edge)
                                                      0.000     0.000 r  
                                                      0.000     0.000 r  s00_axi_aclk (IN)
                         net (fo=3968, unset)         0.012     0.012    u_my_ip/u_axi4_mapping/s00_axi_aclk
    SLICE_X97Y223        FDRE                                         r  u_my_ip/u_axi4_mapping/map_rd_data_reg[110]/C
  -------------------------------------------------------------------    -------------------
    SLICE_X97Y223        FDRE (Prop_CFF_SLICEL_C_Q)
                                                      0.039     0.051 r  u_my_ip/u_axi4_mapping/map_rd_data_reg[110]/Q
                         net (fo=1, routed)           0.065     0.116    u_my_ip/map_rd_data[110]
    SLICE_X97Y223        FDRE                                         r  u_my_ip/rdata_r_reg[110]/D
  -------------------------------------------------------------------    -------------------

                         (clock s00_axi_aclk rise edge)
                                                      0.000     0.000 r  
                                                      0.000     0.000 r  s00_axi_aclk (IN)
                         net (fo=3968, unset)         0.019     0.019    u_my_ip/s00_axi_aclk
    SLICE_X97Y223        FDRE                                         r  u_my_ip/rdata_r_reg[110]/C
                         clock pessimism              0.000     0.019    
    SLICE_X97Y223        FDRE (Hold_FFF_SLICEL_C_D)
                                                      0.046     0.065    u_my_ip/rdata_r_reg[110]
  -------------------------------------------------------------------
                         required time                         -0.065    
                         arrival time                           0.116    
  -------------------------------------------------------------------
                         slack                                  0.051    

Slack (MET) :             0.051ns  (arrival time - required time)
  Source:                 u_my_ip/u_axi4_mapping/map_rd_data_reg[112]/C
                            (rising edge-triggered cell FDRE clocked by s00_axi_aclk  {rise@0.000ns fall@2.500ns period=5.000ns})
  Destination:            u_my_ip/rdata_r_reg[112]/D
                            (rising edge-triggered cell FDRE clocked by s00_axi_aclk  {rise@0.000ns fall@2.500ns period=5.000ns})
  Path Group:             s00_axi_aclk
  Path Type:              Hold (Min at Fast Process Corner)
  Requirement:            0.000ns  (s00_axi_aclk rise@0.000ns - s00_axi_aclk rise@0.000ns)
  Data Path Delay:        0.104ns  (logic 0.039ns (37.500%)  route 0.065ns (62.500%))
  Logic Levels:           0  
  Clock Path Skew:        0.007ns (DCD - SCD - CPR)
    Destination Clock Delay (DCD):    0.019ns
    Source Clock Delay      (SCD):    0.012ns
    Clock Pessimism Removal (CPR):    -0.000ns

    Location             Delay type                Incr(ns)  Path(ns)    Netlist Resource(s)
  -------------------------------------------------------------------    -------------------
                         (clock s00_axi_aclk rise edge)
                                                      0.000     0.000 r  
                                                      0.000     0.000 r  s00_axi_aclk (IN)
                         net (fo=3968, unset)         0.012     0.012    u_my_ip/u_axi4_mapping/s00_axi_aclk
    SLICE_X97Y220        FDRE                                         r  u_my_ip/u_axi4_mapping/map_rd_data_reg[112]/C
  -------------------------------------------------------------------    -------------------
    SLICE_X97Y220        FDRE (Prop_CFF_SLICEL_C_Q)
                                                      0.039     0.051 r  u_my_ip/u_axi4_mapping/map_rd_data_reg[112]/Q
                         net (fo=1, routed)           0.065     0.116    u_my_ip/map_rd_data[112]
    SLICE_X97Y220        FDRE                                         r  u_my_ip/rdata_r_reg[112]/D
  -------------------------------------------------------------------    -------------------

                         (clock s00_axi_aclk rise edge)
                                                      0.000     0.000 r  
                                                      0.000     0.000 r  s00_axi_aclk (IN)
                         net (fo=3968, unset)         0.019     0.019    u_my_ip/s00_axi_aclk
    SLICE_X97Y220        FDRE                                         r  u_my_ip/rdata_r_reg[112]/C
                         clock pessimism              0.000     0.019    
    SLICE_X97Y220        FDRE (Hold_FFF_SLICEL_C_D)
                                                      0.046     0.065    u_my_ip/rdata_r_reg[112]
  -------------------------------------------------------------------
                         required time                         -0.065    
                         arrival time                           0.116    
  -------------------------------------------------------------------
                         slack                                  0.051    

Slack (MET) :             0.051ns  (arrival time - required time)
  Source:                 u_my_ip/u_axi4_mapping/map_rd_data_reg[56]/C
                            (rising edge-triggered cell FDRE clocked by s00_axi_aclk  {rise@0.000ns fall@2.500ns period=5.000ns})
  Destination:            u_my_ip/rdata_r_reg[56]/D
                            (rising edge-triggered cell FDRE clocked by s00_axi_aclk  {rise@0.000ns fall@2.500ns period=5.000ns})
  Path Group:             s00_axi_aclk
  Path Type:              Hold (Min at Fast Process Corner)
  Requirement:            0.000ns  (s00_axi_aclk rise@0.000ns - s00_axi_aclk rise@0.000ns)
  Data Path Delay:        0.104ns  (logic 0.039ns (37.500%)  route 0.065ns (62.500%))
  Logic Levels:           0  
  Clock Path Skew:        0.007ns (DCD - SCD - CPR)
    Destination Clock Delay (DCD):    0.019ns
    Source Clock Delay      (SCD):    0.012ns
    Clock Pessimism Removal (CPR):    -0.000ns

    Location             Delay type                Incr(ns)  Path(ns)    Netlist Resource(s)
  -------------------------------------------------------------------    -------------------
                         (clock s00_axi_aclk rise edge)
                                                      0.000     0.000 r  
                                                      0.000     0.000 r  s00_axi_aclk (IN)
                         net (fo=3968, unset)         0.012     0.012    u_my_ip/u_axi4_mapping/s00_axi_aclk
    SLICE_X101Y228       FDRE                                         r  u_my_ip/u_axi4_mapping/map_rd_data_reg[56]/C
  -------------------------------------------------------------------    -------------------
    SLICE_X101Y228       FDRE (Prop_CFF_SLICEL_C_Q)
                                                      0.039     0.051 r  u_my_ip/u_axi4_mapping/map_rd_data_reg[56]/Q
                         net (fo=1, routed)           0.065     0.116    u_my_ip/map_rd_data[56]
    SLICE_X101Y228       FDRE                                         r  u_my_ip/rdata_r_reg[56]/D
  -------------------------------------------------------------------    -------------------

                         (clock s00_axi_aclk rise edge)
                                                      0.000     0.000 r  
                                                      0.000     0.000 r  s00_axi_aclk (IN)
                         net (fo=3968, unset)         0.019     0.019    u_my_ip/s00_axi_aclk
    SLICE_X101Y228       FDRE                                         r  u_my_ip/rdata_r_reg[56]/C
                         clock pessimism              0.000     0.019    
    SLICE_X101Y228       FDRE (Hold_FFF_SLICEL_C_D)
                                                      0.046     0.065    u_my_ip/rdata_r_reg[56]
  -------------------------------------------------------------------
                         required time                         -0.065    
                         arrival time                           0.116    
  -------------------------------------------------------------------
                         slack                                  0.051    

Slack (MET) :             0.051ns  (arrival time - required time)
  Source:                 u_my_ip/map_wr_data_r_reg[78]/C
                            (rising edge-triggered cell FDRE clocked by s00_axi_aclk  {rise@0.000ns fall@2.500ns period=5.000ns})
  Destination:            u_my_ip/u_axi4_mapping/core_wr_data_r_reg[78]/D
                            (rising edge-triggered cell FDRE clocked by s00_axi_aclk  {rise@0.000ns fall@2.500ns period=5.000ns})
  Path Group:             s00_axi_aclk
  Path Type:              Hold (Min at Fast Process Corner)
  Requirement:            0.000ns  (s00_axi_aclk rise@0.000ns - s00_axi_aclk rise@0.000ns)
  Data Path Delay:        0.104ns  (logic 0.039ns (37.500%)  route 0.065ns (62.500%))
  Logic Levels:           0  
  Clock Path Skew:        0.007ns (DCD - SCD - CPR)
    Destination Clock Delay (DCD):    0.019ns
    Source Clock Delay      (SCD):    0.012ns
    Clock Pessimism Removal (CPR):    -0.000ns

    Location             Delay type                Incr(ns)  Path(ns)    Netlist Resource(s)
  -------------------------------------------------------------------    -------------------
                         (clock s00_axi_aclk rise edge)
                                                      0.000     0.000 r  
                                                      0.000     0.000 r  s00_axi_aclk (IN)
                         net (fo=3968, unset)         0.012     0.012    u_my_ip/s00_axi_aclk
    SLICE_X82Y206        FDRE                                         r  u_my_ip/map_wr_data_r_reg[78]/C
  -------------------------------------------------------------------    -------------------
    SLICE_X82Y206        FDRE (Prop_BFF_SLICEL_C_Q)
                                                      0.039     0.051 r  u_my_ip/map_wr_data_r_reg[78]/Q
                         net (fo=1, routed)           0.065     0.116    u_my_ip/u_axi4_mapping/core_wr_data_r_reg[127]_0[78]
    SLICE_X82Y206        FDRE                                         r  u_my_ip/u_axi4_mapping/core_wr_data_r_reg[78]/D
  -------------------------------------------------------------------    -------------------

                         (clock s00_axi_aclk rise edge)
                                                      0.000     0.000 r  
                                                      0.000     0.000 r  s00_axi_aclk (IN)
                         net (fo=3968, unset)         0.019     0.019    u_my_ip/u_axi4_mapping/s00_axi_aclk
    SLICE_X82Y206        FDRE                                         r  u_my_ip/u_axi4_mapping/core_wr_data_r_reg[78]/C
                         clock pessimism              0.000     0.019    
    SLICE_X82Y206        FDRE (Hold_FFF_SLICEL_C_D)
                                                      0.046     0.065    u_my_ip/u_axi4_mapping/core_wr_data_r_reg[78]
  -------------------------------------------------------------------
                         required time                         -0.065    
                         arrival time                           0.116    
  -------------------------------------------------------------------
                         slack                                  0.051    

Slack (MET) :             0.051ns  (arrival time - required time)
  Source:                 u_my_ip/u_axi4_mapping/u_gemv/block_idx_r_reg[8]/C
                            (rising edge-triggered cell FDRE clocked by s00_axi_aclk  {rise@0.000ns fall@2.500ns period=5.000ns})
  Destination:            u_my_ip/u_axi4_mapping/u_gemv/block_idx_r_reg[8]/D
                            (rising edge-triggered cell FDRE clocked by s00_axi_aclk  {rise@0.000ns fall@2.500ns period=5.000ns})
  Path Group:             s00_axi_aclk
  Path Type:              Hold (Min at Fast Process Corner)
  Requirement:            0.000ns  (s00_axi_aclk rise@0.000ns - s00_axi_aclk rise@0.000ns)
  Data Path Delay:        0.103ns  (logic 0.053ns (51.425%)  route 0.050ns (48.575%))
  Logic Levels:           1  (LUT6=1)
  Clock Path Skew:        0.006ns (DCD - SCD - CPR)
    Destination Clock Delay (DCD):    0.018ns
    Source Clock Delay      (SCD):    0.012ns
    Clock Pessimism Removal (CPR):    -0.000ns

    Location             Delay type                Incr(ns)  Path(ns)    Netlist Resource(s)
  -------------------------------------------------------------------    -------------------
                         (clock s00_axi_aclk rise edge)
                                                      0.000     0.000 r  
                                                      0.000     0.000 r  s00_axi_aclk (IN)
                         net (fo=3968, unset)         0.012     0.012    u_my_ip/u_axi4_mapping/u_gemv/s00_axi_aclk
    SLICE_X95Y234        FDRE                                         r  u_my_ip/u_axi4_mapping/u_gemv/block_idx_r_reg[8]/C
  -------------------------------------------------------------------    -------------------
    SLICE_X95Y234        FDRE (Prop_DFF_SLICEL_C_Q)
                                                      0.039     0.051 r  u_my_ip/u_axi4_mapping/u_gemv/block_idx_r_reg[8]/Q
                         net (fo=6, routed)           0.034     0.085    u_my_ip/u_axi4_mapping/u_gemv/block_idx_r_reg_n_0_[8]
    SLICE_X95Y234        LUT6 (Prop_D6LUT_SLICEL_I4_O)
                                                      0.014     0.099 r  u_my_ip/u_axi4_mapping/u_gemv/block_idx_r[8]_i_1/O
                         net (fo=1, routed)           0.016     0.115    u_my_ip/u_axi4_mapping/u_gemv/block_idx_r[8]_i_1_n_0
    SLICE_X95Y234        FDRE                                         r  u_my_ip/u_axi4_mapping/u_gemv/block_idx_r_reg[8]/D
  -------------------------------------------------------------------    -------------------

                         (clock s00_axi_aclk rise edge)
                                                      0.000     0.000 r  
                                                      0.000     0.000 r  s00_axi_aclk (IN)
                         net (fo=3968, unset)         0.018     0.018    u_my_ip/u_axi4_mapping/u_gemv/s00_axi_aclk
    SLICE_X95Y234        FDRE                                         r  u_my_ip/u_axi4_mapping/u_gemv/block_idx_r_reg[8]/C
                         clock pessimism              0.000     0.018    
    SLICE_X95Y234        FDRE (Hold_DFF_SLICEL_C_D)
                                                      0.046     0.064    u_my_ip/u_axi4_mapping/u_gemv/block_idx_r_reg[8]
  -------------------------------------------------------------------
                         required time                         -0.064    
                         arrival time                           0.115    
  -------------------------------------------------------------------
                         slack                                  0.051    

Slack (MET) :             0.052ns  (arrival time - required time)
  Source:                 u_my_ip/map_wr_data_r_reg[27]/C
                            (rising edge-triggered cell FDRE clocked by s00_axi_aclk  {rise@0.000ns fall@2.500ns period=5.000ns})
  Destination:            u_my_ip/u_axi4_mapping/core_wr_data_r_reg[27]/D
                            (rising edge-triggered cell FDRE clocked by s00_axi_aclk  {rise@0.000ns fall@2.500ns period=5.000ns})
  Path Group:             s00_axi_aclk
  Path Type:              Hold (Min at Fast Process Corner)
  Requirement:            0.000ns  (s00_axi_aclk rise@0.000ns - s00_axi_aclk rise@0.000ns)
  Data Path Delay:        0.105ns  (logic 0.038ns (36.300%)  route 0.067ns (63.700%))
  Logic Levels:           0  
  Clock Path Skew:        0.006ns (DCD - SCD - CPR)
    Destination Clock Delay (DCD):    0.019ns
    Source Clock Delay      (SCD):    0.013ns
    Clock Pessimism Removal (CPR):    -0.000ns

    Location             Delay type                Incr(ns)  Path(ns)    Netlist Resource(s)
  -------------------------------------------------------------------    -------------------
                         (clock s00_axi_aclk rise edge)
                                                      0.000     0.000 r  
                                                      0.000     0.000 r  s00_axi_aclk (IN)
                         net (fo=3968, unset)         0.013     0.013    u_my_ip/s00_axi_aclk
    SLICE_X86Y242        FDRE                                         r  u_my_ip/map_wr_data_r_reg[27]/C
  -------------------------------------------------------------------    -------------------
    SLICE_X86Y242        FDRE (Prop_EFF_SLICEM_C_Q)
                                                      0.038     0.051 r  u_my_ip/map_wr_data_r_reg[27]/Q
                         net (fo=6, routed)           0.067     0.118    u_my_ip/u_axi4_mapping/core_wr_data_r_reg[127]_0[27]
    SLICE_X86Y242        FDRE                                         r  u_my_ip/u_axi4_mapping/core_wr_data_r_reg[27]/D
  -------------------------------------------------------------------    -------------------

                         (clock s00_axi_aclk rise edge)
                                                      0.000     0.000 r  
                                                      0.000     0.000 r  s00_axi_aclk (IN)
                         net (fo=3968, unset)         0.019     0.019    u_my_ip/u_axi4_mapping/s00_axi_aclk
    SLICE_X86Y242        FDRE                                         r  u_my_ip/u_axi4_mapping/core_wr_data_r_reg[27]/C
                         clock pessimism              0.000     0.019    
    SLICE_X86Y242        FDRE (Hold_EFF2_SLICEM_C_D)
                                                      0.047     0.066    u_my_ip/u_axi4_mapping/core_wr_data_r_reg[27]
  -------------------------------------------------------------------
                         required time                         -0.066    
                         arrival time                           0.118    
  -------------------------------------------------------------------
                         slack                                  0.052    

Slack (MET) :             0.052ns  (arrival time - required time)
  Source:                 u_my_ip/u_axi4_mapping/u_gemv/u_pmau/inflight_result_count_reg[1]/C
                            (rising edge-triggered cell FDRE clocked by s00_axi_aclk  {rise@0.000ns fall@2.500ns period=5.000ns})
  Destination:            u_my_ip/u_axi4_mapping/u_gemv/u_pmau/inflight_result_count_reg[2]/D
                            (rising edge-triggered cell FDRE clocked by s00_axi_aclk  {rise@0.000ns fall@2.500ns period=5.000ns})
  Path Group:             s00_axi_aclk
  Path Type:              Hold (Min at Fast Process Corner)
  Requirement:            0.000ns  (s00_axi_aclk rise@0.000ns - s00_axi_aclk rise@0.000ns)
  Data Path Delay:        0.105ns  (logic 0.072ns (68.779%)  route 0.033ns (31.221%))
  Logic Levels:           1  (LUT5=1)
  Clock Path Skew:        0.006ns (DCD - SCD - CPR)
    Destination Clock Delay (DCD):    0.018ns
    Source Clock Delay      (SCD):    0.012ns
    Clock Pessimism Removal (CPR):    -0.000ns

    Location             Delay type                Incr(ns)  Path(ns)    Netlist Resource(s)
  -------------------------------------------------------------------    -------------------
                         (clock s00_axi_aclk rise edge)
                                                      0.000     0.000 r  
                                                      0.000     0.000 r  s00_axi_aclk (IN)
                         net (fo=3968, unset)         0.012     0.012    u_my_ip/u_axi4_mapping/u_gemv/u_pmau/s00_axi_aclk
    SLICE_X92Y230        FDRE                                         r  u_my_ip/u_axi4_mapping/u_gemv/u_pmau/inflight_result_count_reg[1]/C
  -------------------------------------------------------------------    -------------------
    SLICE_X92Y230        FDRE (Prop_DFF_SLICEL_C_Q)
                                                      0.039     0.051 r  u_my_ip/u_axi4_mapping/u_gemv/u_pmau/inflight_result_count_reg[1]/Q
                         net (fo=4, routed)           0.027     0.078    u_my_ip/u_axi4_mapping/u_gemv/u_pmau/inflight_result_count_reg[1]
    SLICE_X92Y230        LUT5 (Prop_D5LUT_SLICEL_I4_O)
                                                      0.033     0.111 r  u_my_ip/u_axi4_mapping/u_gemv/u_pmau/inflight_result_count[2]_i_1/O
                         net (fo=1, routed)           0.006     0.117    u_my_ip/u_axi4_mapping/u_gemv/u_pmau/inflight_result_count[2]
    SLICE_X92Y230        FDRE                                         r  u_my_ip/u_axi4_mapping/u_gemv/u_pmau/inflight_result_count_reg[2]/D
  -------------------------------------------------------------------    -------------------

                         (clock s00_axi_aclk rise edge)
                                                      0.000     0.000 r  
                                                      0.000     0.000 r  s00_axi_aclk (IN)
                         net (fo=3968, unset)         0.018     0.018    u_my_ip/u_axi4_mapping/u_gemv/u_pmau/s00_axi_aclk
    SLICE_X92Y230        FDRE                                         r  u_my_ip/u_axi4_mapping/u_gemv/u_pmau/inflight_result_count_reg[2]/C
                         clock pessimism              0.000     0.018    
    SLICE_X92Y230        FDRE (Hold_DFF2_SLICEL_C_D)
                                                      0.047     0.065    u_my_ip/u_axi4_mapping/u_gemv/u_pmau/inflight_result_count_reg[2]
  -------------------------------------------------------------------
                         required time                         -0.065    
                         arrival time                           0.117    
  -------------------------------------------------------------------
                         slack                                  0.052    

Slack (MET) :             0.052ns  (arrival time - required time)
  Source:                 u_my_ip/u_axi4_mapping/u_gemv/u_pmau/mult_scale_pipe_reg[0][11]/C
                            (rising edge-triggered cell FDRE clocked by s00_axi_aclk  {rise@0.000ns fall@2.500ns period=5.000ns})
  Destination:            u_my_ip/u_axi4_mapping/u_gemv/u_pmau/scale_pipe_reg[1][11]_srl5___u_my_ip_u_axi4_mapping_u_gemv_u_pmau_last_pipe_reg_r/D
                            (rising edge-triggered cell SRL16E clocked by s00_axi_aclk  {rise@0.000ns fall@2.500ns period=5.000ns})
  Path Group:             s00_axi_aclk
  Path Type:              Hold (Min at Fast Process Corner)
  Requirement:            0.000ns  (s00_axi_aclk rise@0.000ns - s00_axi_aclk rise@0.000ns)
  Data Path Delay:        0.124ns  (logic 0.039ns (31.452%)  route 0.085ns (68.548%))
  Logic Levels:           0  
  Clock Path Skew:        0.026ns (DCD - SCD - CPR)
    Destination Clock Delay (DCD):    0.039ns
    Source Clock Delay      (SCD):    0.013ns
    Clock Pessimism Removal (CPR):    -0.000ns

    Location             Delay type                Incr(ns)  Path(ns)    Netlist Resource(s)
  -------------------------------------------------------------------    -------------------
                         (clock s00_axi_aclk rise edge)
                                                      0.000     0.000 r  
                                                      0.000     0.000 r  s00_axi_aclk (IN)
                         net (fo=3968, unset)         0.013     0.013    u_my_ip/u_axi4_mapping/u_gemv/u_pmau/s00_axi_aclk
    SLICE_X93Y231        FDRE                                         r  u_my_ip/u_axi4_mapping/u_gemv/u_pmau/mult_scale_pipe_reg[0][11]/C
  -------------------------------------------------------------------    -------------------
    SLICE_X93Y231        FDRE (Prop_HFF2_SLICEM_C_Q)
                                                      0.039     0.052 r  u_my_ip/u_axi4_mapping/u_gemv/u_pmau/mult_scale_pipe_reg[0][11]/Q
                         net (fo=1, routed)           0.085     0.137    u_my_ip/u_axi4_mapping/u_gemv/u_pmau/mult_scale_pipe_reg[0]_63[11]
    SLICE_X93Y228        SRL16E                                       r  u_my_ip/u_axi4_mapping/u_gemv/u_pmau/scale_pipe_reg[1][11]_srl5___u_my_ip_u_axi4_mapping_u_gemv_u_pmau_last_pipe_reg_r/D
  -------------------------------------------------------------------    -------------------

                         (clock s00_axi_aclk rise edge)
                                                      0.000     0.000 r  
                                                      0.000     0.000 r  s00_axi_aclk (IN)
                         net (fo=3968, unset)         0.039     0.039    u_my_ip/u_axi4_mapping/u_gemv/u_pmau/s00_axi_aclk
    SLICE_X93Y228        SRL16E                                       r  u_my_ip/u_axi4_mapping/u_gemv/u_pmau/scale_pipe_reg[1][11]_srl5___u_my_ip_u_axi4_mapping_u_gemv_u_pmau_last_pipe_reg_r/CLK
                         clock pessimism              0.000     0.039    
    SLICE_X93Y228        SRL16E (Hold_D5LUT_SLICEM_CLK_D)
                                                      0.046     0.085    u_my_ip/u_axi4_mapping/u_gemv/u_pmau/scale_pipe_reg[1][11]_srl5___u_my_ip_u_axi4_mapping_u_gemv_u_pmau_last_pipe_reg_r
  -------------------------------------------------------------------
                         required time                         -0.085    
                         arrival time                           0.137    
  -------------------------------------------------------------------
                         slack                                  0.052    

Slack (MET) :             0.053ns  (arrival time - required time)
  Source:                 u_my_ip/u_axi4_mapping/u_gemv/rd_pipe_en_r_reg/C
                            (rising edge-triggered cell FDRE clocked by s00_axi_aclk  {rise@0.000ns fall@2.500ns period=5.000ns})
  Destination:            u_my_ip/u_axi4_mapping/u_gemv/mm_rd_pending_r_reg/D
                            (rising edge-triggered cell FDRE clocked by s00_axi_aclk  {rise@0.000ns fall@2.500ns period=5.000ns})
  Path Group:             s00_axi_aclk
  Path Type:              Hold (Min at Fast Process Corner)
  Requirement:            0.000ns  (s00_axi_aclk rise@0.000ns - s00_axi_aclk rise@0.000ns)
  Data Path Delay:        0.105ns  (logic 0.039ns (37.310%)  route 0.066ns (62.690%))
  Logic Levels:           0  
  Clock Path Skew:        0.006ns (DCD - SCD - CPR)
    Destination Clock Delay (DCD):    0.019ns
    Source Clock Delay      (SCD):    0.013ns
    Clock Pessimism Removal (CPR):    -0.000ns

    Location             Delay type                Incr(ns)  Path(ns)    Netlist Resource(s)
  -------------------------------------------------------------------    -------------------
                         (clock s00_axi_aclk rise edge)
                                                      0.000     0.000 r  
                                                      0.000     0.000 r  s00_axi_aclk (IN)
                         net (fo=3968, unset)         0.013     0.013    u_my_ip/u_axi4_mapping/u_gemv/s00_axi_aclk
    SLICE_X97Y238        FDRE                                         r  u_my_ip/u_axi4_mapping/u_gemv/rd_pipe_en_r_reg/C
  -------------------------------------------------------------------    -------------------
    SLICE_X97Y238        FDRE (Prop_GFF_SLICEL_C_Q)
                                                      0.039     0.052 r  u_my_ip/u_axi4_mapping/u_gemv/rd_pipe_en_r_reg/Q
                         net (fo=5, routed)           0.066     0.118    u_my_ip/u_axi4_mapping/u_gemv/rd_pipe_en_r
    SLICE_X97Y238        FDRE                                         r  u_my_ip/u_axi4_mapping/u_gemv/mm_rd_pending_r_reg/D
  -------------------------------------------------------------------    -------------------

                         (clock s00_axi_aclk rise edge)
                                                      0.000     0.000 r  
                                                      0.000     0.000 r  s00_axi_aclk (IN)
                         net (fo=3968, unset)         0.019     0.019    u_my_ip/u_axi4_mapping/u_gemv/s00_axi_aclk
    SLICE_X97Y238        FDRE                                         r  u_my_ip/u_axi4_mapping/u_gemv/mm_rd_pending_r_reg/C
                         clock pessimism              0.000     0.019    
    SLICE_X97Y238        FDRE (Hold_HFF_SLICEL_C_D)
                                                      0.046     0.065    u_my_ip/u_axi4_mapping/u_gemv/mm_rd_pending_r_reg
  -------------------------------------------------------------------
                         required time                         -0.065    
                         arrival time                           0.118    
  -------------------------------------------------------------------
                         slack                                  0.053    

Slack (MET) :             0.053ns  (arrival time - required time)
  Source:                 u_my_ip/u_axi4_mapping/map_rd_data_reg[34]/C
                            (rising edge-triggered cell FDRE clocked by s00_axi_aclk  {rise@0.000ns fall@2.500ns period=5.000ns})
  Destination:            u_my_ip/rdata_r_reg[34]/D
                            (rising edge-triggered cell FDRE clocked by s00_axi_aclk  {rise@0.000ns fall@2.500ns period=5.000ns})
  Path Group:             s00_axi_aclk
  Path Type:              Hold (Min at Fast Process Corner)
  Requirement:            0.000ns  (s00_axi_aclk rise@0.000ns - s00_axi_aclk rise@0.000ns)
  Data Path Delay:        0.106ns  (logic 0.039ns (36.792%)  route 0.067ns (63.208%))
  Logic Levels:           0  
  Clock Path Skew:        0.007ns (DCD - SCD - CPR)
    Destination Clock Delay (DCD):    0.019ns
    Source Clock Delay      (SCD):    0.012ns
    Clock Pessimism Removal (CPR):    -0.000ns

    Location             Delay type                Incr(ns)  Path(ns)    Netlist Resource(s)
  -------------------------------------------------------------------    -------------------
                         (clock s00_axi_aclk rise edge)
                                                      0.000     0.000 r  
                                                      0.000     0.000 r  s00_axi_aclk (IN)
                         net (fo=3968, unset)         0.012     0.012    u_my_ip/u_axi4_mapping/s00_axi_aclk
    SLICE_X103Y226       FDRE                                         r  u_my_ip/u_axi4_mapping/map_rd_data_reg[34]/C
  -------------------------------------------------------------------    -------------------
    SLICE_X103Y226       FDRE (Prop_DFF_SLICEL_C_Q)
                                                      0.039     0.051 r  u_my_ip/u_axi4_mapping/map_rd_data_reg[34]/Q
                         net (fo=1, routed)           0.067     0.118    u_my_ip/map_rd_data[34]
    SLICE_X103Y225       FDRE                                         r  u_my_ip/rdata_r_reg[34]/D
  -------------------------------------------------------------------    -------------------

                         (clock s00_axi_aclk rise edge)
                                                      0.000     0.000 r  
                                                      0.000     0.000 r  s00_axi_aclk (IN)
                         net (fo=3968, unset)         0.019     0.019    u_my_ip/s00_axi_aclk
    SLICE_X103Y225       FDRE                                         r  u_my_ip/rdata_r_reg[34]/C
                         clock pessimism              0.000     0.019    
    SLICE_X103Y225       FDRE (Hold_EFF_SLICEL_C_D)
                                                      0.046     0.065    u_my_ip/rdata_r_reg[34]
  -------------------------------------------------------------------
                         required time                         -0.065    
                         arrival time                           0.118    
  -------------------------------------------------------------------
                         slack                                  0.053    

Slack (MET) :             0.053ns  (arrival time - required time)
  Source:                 u_my_ip/u_axi4_mapping/map_rd_data_reg[46]/C
                            (rising edge-triggered cell FDRE clocked by s00_axi_aclk  {rise@0.000ns fall@2.500ns period=5.000ns})
  Destination:            u_my_ip/rdata_r_reg[46]/D
                            (rising edge-triggered cell FDRE clocked by s00_axi_aclk  {rise@0.000ns fall@2.500ns period=5.000ns})
  Path Group:             s00_axi_aclk
  Path Type:              Hold (Min at Fast Process Corner)
  Requirement:            0.000ns  (s00_axi_aclk rise@0.000ns - s00_axi_aclk rise@0.000ns)
  Data Path Delay:        0.106ns  (logic 0.039ns (36.792%)  route 0.067ns (63.208%))
  Logic Levels:           0  
  Clock Path Skew:        0.007ns (DCD - SCD - CPR)
    Destination Clock Delay (DCD):    0.019ns
    Source Clock Delay      (SCD):    0.012ns
    Clock Pessimism Removal (CPR):    -0.000ns

    Location             Delay type                Incr(ns)  Path(ns)    Netlist Resource(s)
  -------------------------------------------------------------------    -------------------
                         (clock s00_axi_aclk rise edge)
                                                      0.000     0.000 r  
                                                      0.000     0.000 r  s00_axi_aclk (IN)
                         net (fo=3968, unset)         0.012     0.012    u_my_ip/u_axi4_mapping/s00_axi_aclk
    SLICE_X102Y228       FDRE                                         r  u_my_ip/u_axi4_mapping/map_rd_data_reg[46]/C
  -------------------------------------------------------------------    -------------------
    SLICE_X102Y228       FDRE (Prop_DFF_SLICEL_C_Q)
                                                      0.039     0.051 r  u_my_ip/u_axi4_mapping/map_rd_data_reg[46]/Q
                         net (fo=1, routed)           0.067     0.118    u_my_ip/map_rd_data[46]
    SLICE_X102Y227       FDRE                                         r  u_my_ip/rdata_r_reg[46]/D
  -------------------------------------------------------------------    -------------------

                         (clock s00_axi_aclk rise edge)
                                                      0.000     0.000 r  
                                                      0.000     0.000 r  s00_axi_aclk (IN)
                         net (fo=3968, unset)         0.019     0.019    u_my_ip/s00_axi_aclk
    SLICE_X102Y227       FDRE                                         r  u_my_ip/rdata_r_reg[46]/C
                         clock pessimism              0.000     0.019    
    SLICE_X102Y227       FDRE (Hold_EFF_SLICEL_C_D)
                                                      0.046     0.065    u_my_ip/rdata_r_reg[46]
  -------------------------------------------------------------------
                         required time                         -0.065    
                         arrival time                           0.118    
  -------------------------------------------------------------------
                         slack                                  0.053    





Pulse Width Checks
--------------------------------------------------------------------------------------
Clock Name:         s00_axi_aclk
Waveform(ns):       { 0.000 2.500 }
Period(ns):         5.000
Sources:            { s00_axi_aclk }

Check Type        Corner  Lib Pin             Reference Pin  Required(ns)  Actual(ns)  Slack(ns)  Location      Pin
Min Period        n/a     RAMB36E2/CLKARDCLK  n/a            1.569         5.000       3.431      RAMB36_X1Y53  u_my_ip/u_axi4_mapping/u_gemv/GEN_WEIGHT_BANK[0].u_weight_bram_bank/mem_reg_0_bram_0/CLKARDCLK
Min Period        n/a     RAMB36E2/CLKBWRCLK  n/a            1.569         5.000       3.431      RAMB36_X1Y53  u_my_ip/u_axi4_mapping/u_gemv/GEN_WEIGHT_BANK[0].u_weight_bram_bank/mem_reg_0_bram_0/CLKBWRCLK
Min Period        n/a     RAMB36E2/CLKARDCLK  n/a            1.569         5.000       3.431      RAMB36_X1Y54  u_my_ip/u_axi4_mapping/u_gemv/GEN_WEIGHT_BANK[0].u_weight_bram_bank/mem_reg_0_bram_1/CLKARDCLK
Min Period        n/a     RAMB36E2/CLKBWRCLK  n/a            1.569         5.000       3.431      RAMB36_X1Y54  u_my_ip/u_axi4_mapping/u_gemv/GEN_WEIGHT_BANK[0].u_weight_bram_bank/mem_reg_0_bram_1/CLKBWRCLK
Min Period        n/a     RAMB36E2/CLKARDCLK  n/a            1.569         5.000       3.431      RAMB36_X3Y55  u_my_ip/u_axi4_mapping/u_gemv/GEN_WEIGHT_BANK[0].u_weight_bram_bank/mem_reg_0_bram_10/CLKARDCLK
Min Period        n/a     RAMB36E2/CLKBWRCLK  n/a            1.569         5.000       3.431      RAMB36_X3Y55  u_my_ip/u_axi4_mapping/u_gemv/GEN_WEIGHT_BANK[0].u_weight_bram_bank/mem_reg_0_bram_10/CLKBWRCLK
Min Period        n/a     RAMB36E2/CLKARDCLK  n/a            1.569         5.000       3.431      RAMB36_X3Y56  u_my_ip/u_axi4_mapping/u_gemv/GEN_WEIGHT_BANK[0].u_weight_bram_bank/mem_reg_0_bram_11/CLKARDCLK
Min Period        n/a     RAMB36E2/CLKBWRCLK  n/a            1.569         5.000       3.431      RAMB36_X3Y56  u_my_ip/u_axi4_mapping/u_gemv/GEN_WEIGHT_BANK[0].u_weight_bram_bank/mem_reg_0_bram_11/CLKBWRCLK
Min Period        n/a     RAMB36E2/CLKARDCLK  n/a            1.569         5.000       3.431      RAMB36_X3Y57  u_my_ip/u_axi4_mapping/u_gemv/GEN_WEIGHT_BANK[0].u_weight_bram_bank/mem_reg_0_bram_12/CLKARDCLK
Min Period        n/a     RAMB36E2/CLKBWRCLK  n/a            1.569         5.000       3.431      RAMB36_X3Y57  u_my_ip/u_axi4_mapping/u_gemv/GEN_WEIGHT_BANK[0].u_weight_bram_bank/mem_reg_0_bram_12/CLKBWRCLK
Min Period        n/a     RAMB36E2/CLKARDCLK  n/a            1.569         5.000       3.431      RAMB36_X3Y58  u_my_ip/u_axi4_mapping/u_gemv/GEN_WEIGHT_BANK[0].u_weight_bram_bank/mem_reg_0_bram_13/CLKARDCLK
Min Period        n/a     RAMB36E2/CLKBWRCLK  n/a            1.569         5.000       3.431      RAMB36_X3Y58  u_my_ip/u_axi4_mapping/u_gemv/GEN_WEIGHT_BANK[0].u_weight_bram_bank/mem_reg_0_bram_13/CLKBWRCLK
Min Period        n/a     RAMB36E2/CLKARDCLK  n/a            1.569         5.000       3.431      RAMB36_X3Y59  u_my_ip/u_axi4_mapping/u_gemv/GEN_WEIGHT_BANK[0].u_weight_bram_bank/mem_reg_0_bram_14/CLKARDCLK
Min Period        n/a     RAMB36E2/CLKBWRCLK  n/a            1.569         5.000       3.431      RAMB36_X3Y59  u_my_ip/u_axi4_mapping/u_gemv/GEN_WEIGHT_BANK[0].u_weight_bram_bank/mem_reg_0_bram_14/CLKBWRCLK
Min Period        n/a     RAMB36E2/CLKARDCLK  n/a            1.569         5.000       3.431      RAMB36_X3Y60  u_my_ip/u_axi4_mapping/u_gemv/GEN_WEIGHT_BANK[0].u_weight_bram_bank/mem_reg_0_bram_15/CLKARDCLK
Min Period        n/a     RAMB36E2/CLKBWRCLK  n/a            1.569         5.000       3.431      RAMB36_X3Y60  u_my_ip/u_axi4_mapping/u_gemv/GEN_WEIGHT_BANK[0].u_weight_bram_bank/mem_reg_0_bram_15/CLKBWRCLK
Min Period        n/a     RAMB36E2/CLKARDCLK  n/a            1.569         5.000       3.431      RAMB36_X1Y55  u_my_ip/u_axi4_mapping/u_gemv/GEN_WEIGHT_BANK[0].u_weight_bram_bank/mem_reg_0_bram_2/CLKARDCLK
Min Period        n/a     RAMB36E2/CLKBWRCLK  n/a            1.569         5.000       3.431      RAMB36_X1Y55  u_my_ip/u_axi4_mapping/u_gemv/GEN_WEIGHT_BANK[0].u_weight_bram_bank/mem_reg_0_bram_2/CLKBWRCLK
Min Period        n/a     RAMB36E2/CLKARDCLK  n/a            1.569         5.000       3.431      RAMB36_X1Y56  u_my_ip/u_axi4_mapping/u_gemv/GEN_WEIGHT_BANK[0].u_weight_bram_bank/mem_reg_0_bram_3/CLKARDCLK
Min Period        n/a     RAMB36E2/CLKBWRCLK  n/a            1.569         5.000       3.431      RAMB36_X1Y56  u_my_ip/u_axi4_mapping/u_gemv/GEN_WEIGHT_BANK[0].u_weight_bram_bank/mem_reg_0_bram_3/CLKBWRCLK
Min Period        n/a     RAMB36E2/CLKARDCLK  n/a            1.569         5.000       3.431      RAMB36_X1Y57  u_my_ip/u_axi4_mapping/u_gemv/GEN_WEIGHT_BANK[0].u_weight_bram_bank/mem_reg_0_bram_4/CLKARDCLK
Min Period        n/a     RAMB36E2/CLKBWRCLK  n/a            1.569         5.000       3.431      RAMB36_X1Y57  u_my_ip/u_axi4_mapping/u_gemv/GEN_WEIGHT_BANK[0].u_weight_bram_bank/mem_reg_0_bram_4/CLKBWRCLK
Min Period        n/a     RAMB36E2/CLKARDCLK  n/a            1.569         5.000       3.431      RAMB36_X1Y58  u_my_ip/u_axi4_mapping/u_gemv/GEN_WEIGHT_BANK[0].u_weight_bram_bank/mem_reg_0_bram_5/CLKARDCLK
Min Period        n/a     RAMB36E2/CLKBWRCLK  n/a            1.569         5.000       3.431      RAMB36_X1Y58  u_my_ip/u_axi4_mapping/u_gemv/GEN_WEIGHT_BANK[0].u_weight_bram_bank/mem_reg_0_bram_5/CLKBWRCLK
Min Period        n/a     RAMB36E2/CLKARDCLK  n/a            1.569         5.000       3.431      RAMB36_X1Y59  u_my_ip/u_axi4_mapping/u_gemv/GEN_WEIGHT_BANK[0].u_weight_bram_bank/mem_reg_0_bram_6/CLKARDCLK
Min Period        n/a     RAMB36E2/CLKBWRCLK  n/a            1.569         5.000       3.431      RAMB36_X1Y59  u_my_ip/u_axi4_mapping/u_gemv/GEN_WEIGHT_BANK[0].u_weight_bram_bank/mem_reg_0_bram_6/CLKBWRCLK
Min Period        n/a     RAMB36E2/CLKARDCLK  n/a            1.569         5.000       3.431      RAMB36_X1Y60  u_my_ip/u_axi4_mapping/u_gemv/GEN_WEIGHT_BANK[0].u_weight_bram_bank/mem_reg_0_bram_7/CLKARDCLK
Min Period        n/a     RAMB36E2/CLKBWRCLK  n/a            1.569         5.000       3.431      RAMB36_X1Y60  u_my_ip/u_axi4_mapping/u_gemv/GEN_WEIGHT_BANK[0].u_weight_bram_bank/mem_reg_0_bram_7/CLKBWRCLK
Min Period        n/a     RAMB36E2/CLKARDCLK  n/a            1.569         5.000       3.431      RAMB36_X3Y53  u_my_ip/u_axi4_mapping/u_gemv/GEN_WEIGHT_BANK[0].u_weight_bram_bank/mem_reg_0_bram_8/CLKARDCLK
Min Period        n/a     RAMB36E2/CLKBWRCLK  n/a            1.569         5.000       3.431      RAMB36_X3Y53  u_my_ip/u_axi4_mapping/u_gemv/GEN_WEIGHT_BANK[0].u_weight_bram_bank/mem_reg_0_bram_8/CLKBWRCLK
Min Period        n/a     RAMB36E2/CLKARDCLK  n/a            1.569         5.000       3.431      RAMB36_X3Y54  u_my_ip/u_axi4_mapping/u_gemv/GEN_WEIGHT_BANK[0].u_weight_bram_bank/mem_reg_0_bram_9/CLKARDCLK
Min Period        n/a     RAMB36E2/CLKBWRCLK  n/a            1.569         5.000       3.431      RAMB36_X3Y54  u_my_ip/u_axi4_mapping/u_gemv/GEN_WEIGHT_BANK[0].u_weight_bram_bank/mem_reg_0_bram_9/CLKBWRCLK
Min Period        n/a     RAMB36E2/CLKARDCLK  n/a            1.569         5.000       3.431      RAMB36_X3Y61  u_my_ip/u_axi4_mapping/u_gemv/GEN_WEIGHT_BANK[0].u_weight_bram_bank/mem_reg_1_bram_0/CLKARDCLK
Min Period        n/a     RAMB36E2/CLKBWRCLK  n/a            1.569         5.000       3.431      RAMB36_X3Y61  u_my_ip/u_axi4_mapping/u_gemv/GEN_WEIGHT_BANK[0].u_weight_bram_bank/mem_reg_1_bram_0/CLKBWRCLK
Min Period        n/a     RAMB36E2/CLKARDCLK  n/a            1.569         5.000       3.431      RAMB36_X3Y62  u_my_ip/u_axi4_mapping/u_gemv/GEN_WEIGHT_BANK[0].u_weight_bram_bank/mem_reg_1_bram_1/CLKARDCLK
Min Period        n/a     RAMB36E2/CLKBWRCLK  n/a            1.569         5.000       3.431      RAMB36_X3Y62  u_my_ip/u_axi4_mapping/u_gemv/GEN_WEIGHT_BANK[0].u_weight_bram_bank/mem_reg_1_bram_1/CLKBWRCLK
Min Period        n/a     RAMB36E2/CLKARDCLK  n/a            1.569         5.000       3.431      RAMB36_X4Y54  u_my_ip/u_axi4_mapping/u_gemv/GEN_WEIGHT_BANK[0].u_weight_bram_bank/mem_reg_1_bram_10/CLKARDCLK
Min Period        n/a     RAMB36E2/CLKBWRCLK  n/a            1.569         5.000       3.431      RAMB36_X4Y54  u_my_ip/u_axi4_mapping/u_gemv/GEN_WEIGHT_BANK[0].u_weight_bram_bank/mem_reg_1_bram_10/CLKBWRCLK
Min Period        n/a     RAMB36E2/CLKARDCLK  n/a            1.569         5.000       3.431      RAMB36_X4Y55  u_my_ip/u_axi4_mapping/u_gemv/GEN_WEIGHT_BANK[0].u_weight_bram_bank/mem_reg_1_bram_11/CLKARDCLK
Min Period        n/a     RAMB36E2/CLKBWRCLK  n/a            1.569         5.000       3.431      RAMB36_X4Y55  u_my_ip/u_axi4_mapping/u_gemv/GEN_WEIGHT_BANK[0].u_weight_bram_bank/mem_reg_1_bram_11/CLKBWRCLK
Min Period        n/a     RAMB36E2/CLKARDCLK  n/a            1.569         5.000       3.431      RAMB36_X4Y56  u_my_ip/u_axi4_mapping/u_gemv/GEN_WEIGHT_BANK[0].u_weight_bram_bank/mem_reg_1_bram_12/CLKARDCLK
Min Period        n/a     RAMB36E2/CLKBWRCLK  n/a            1.569         5.000       3.431      RAMB36_X4Y56  u_my_ip/u_axi4_mapping/u_gemv/GEN_WEIGHT_BANK[0].u_weight_bram_bank/mem_reg_1_bram_12/CLKBWRCLK
Min Period        n/a     RAMB36E2/CLKARDCLK  n/a            1.569         5.000       3.431      RAMB36_X4Y57  u_my_ip/u_axi4_mapping/u_gemv/GEN_WEIGHT_BANK[0].u_weight_bram_bank/mem_reg_1_bram_13/CLKARDCLK
Min Period        n/a     RAMB36E2/CLKBWRCLK  n/a            1.569         5.000       3.431      RAMB36_X4Y57  u_my_ip/u_axi4_mapping/u_gemv/GEN_WEIGHT_BANK[0].u_weight_bram_bank/mem_reg_1_bram_13/CLKBWRCLK
Min Period        n/a     RAMB36E2/CLKARDCLK  n/a            1.569         5.000       3.431      RAMB36_X4Y58  u_my_ip/u_axi4_mapping/u_gemv/GEN_WEIGHT_BANK[0].u_weight_bram_bank/mem_reg_1_bram_14/CLKARDCLK
Min Period        n/a     RAMB36E2/CLKBWRCLK  n/a            1.569         5.000       3.431      RAMB36_X4Y58  u_my_ip/u_axi4_mapping/u_gemv/GEN_WEIGHT_BANK[0].u_weight_bram_bank/mem_reg_1_bram_14/CLKBWRCLK
Min Period        n/a     RAMB36E2/CLKARDCLK  n/a            1.569         5.000       3.431      RAMB36_X4Y59  u_my_ip/u_axi4_mapping/u_gemv/GEN_WEIGHT_BANK[0].u_weight_bram_bank/mem_reg_1_bram_15/CLKARDCLK
Min Period        n/a     RAMB36E2/CLKBWRCLK  n/a            1.569         5.000       3.431      RAMB36_X4Y59  u_my_ip/u_axi4_mapping/u_gemv/GEN_WEIGHT_BANK[0].u_weight_bram_bank/mem_reg_1_bram_15/CLKBWRCLK
Min Period        n/a     RAMB36E2/CLKARDCLK  n/a            1.569         5.000       3.431      RAMB36_X3Y63  u_my_ip/u_axi4_mapping/u_gemv/GEN_WEIGHT_BANK[0].u_weight_bram_bank/mem_reg_1_bram_2/CLKARDCLK
Min Period        n/a     RAMB36E2/CLKBWRCLK  n/a            1.569         5.000       3.431      RAMB36_X3Y63  u_my_ip/u_axi4_mapping/u_gemv/GEN_WEIGHT_BANK[0].u_weight_bram_bank/mem_reg_1_bram_2/CLKBWRCLK
Low Pulse Width   Slow    RAMB36E2/CLKARDCLK  n/a            0.542         2.500       1.958      RAMB36_X1Y53  u_my_ip/u_axi4_mapping/u_gemv/GEN_WEIGHT_BANK[0].u_weight_bram_bank/mem_reg_0_bram_0/CLKARDCLK
Low Pulse Width   Fast    RAMB36E2/CLKARDCLK  n/a            0.542         2.500       1.958      RAMB36_X1Y53  u_my_ip/u_axi4_mapping/u_gemv/GEN_WEIGHT_BANK[0].u_weight_bram_bank/mem_reg_0_bram_0/CLKARDCLK
Low Pulse Width   Slow    RAMB36E2/CLKBWRCLK  n/a            0.542         2.500       1.958      RAMB36_X1Y53  u_my_ip/u_axi4_mapping/u_gemv/GEN_WEIGHT_BANK[0].u_weight_bram_bank/mem_reg_0_bram_0/CLKBWRCLK
Low Pulse Width   Fast    RAMB36E2/CLKBWRCLK  n/a            0.542         2.500       1.958      RAMB36_X1Y53  u_my_ip/u_axi4_mapping/u_gemv/GEN_WEIGHT_BANK[0].u_weight_bram_bank/mem_reg_0_bram_0/CLKBWRCLK
Low Pulse Width   Slow    RAMB36E2/CLKARDCLK  n/a            0.542         2.500       1.958      RAMB36_X1Y54  u_my_ip/u_axi4_mapping/u_gemv/GEN_WEIGHT_BANK[0].u_weight_bram_bank/mem_reg_0_bram_1/CLKARDCLK
Low Pulse Width   Fast    RAMB36E2/CLKARDCLK  n/a            0.542         2.500       1.958      RAMB36_X1Y54  u_my_ip/u_axi4_mapping/u_gemv/GEN_WEIGHT_BANK[0].u_weight_bram_bank/mem_reg_0_bram_1/CLKARDCLK
Low Pulse Width   Slow    RAMB36E2/CLKBWRCLK  n/a            0.542         2.500       1.958      RAMB36_X1Y54  u_my_ip/u_axi4_mapping/u_gemv/GEN_WEIGHT_BANK[0].u_weight_bram_bank/mem_reg_0_bram_1/CLKBWRCLK
Low Pulse Width   Fast    RAMB36E2/CLKBWRCLK  n/a            0.542         2.500       1.958      RAMB36_X1Y54  u_my_ip/u_axi4_mapping/u_gemv/GEN_WEIGHT_BANK[0].u_weight_bram_bank/mem_reg_0_bram_1/CLKBWRCLK
Low Pulse Width   Slow    RAMB36E2/CLKARDCLK  n/a            0.542         2.500       1.958      RAMB36_X3Y55  u_my_ip/u_axi4_mapping/u_gemv/GEN_WEIGHT_BANK[0].u_weight_bram_bank/mem_reg_0_bram_10/CLKARDCLK
Low Pulse Width   Fast    RAMB36E2/CLKARDCLK  n/a            0.542         2.500       1.958      RAMB36_X3Y55  u_my_ip/u_axi4_mapping/u_gemv/GEN_WEIGHT_BANK[0].u_weight_bram_bank/mem_reg_0_bram_10/CLKARDCLK
Low Pulse Width   Slow    RAMB36E2/CLKBWRCLK  n/a            0.542         2.500       1.958      RAMB36_X3Y55  u_my_ip/u_axi4_mapping/u_gemv/GEN_WEIGHT_BANK[0].u_weight_bram_bank/mem_reg_0_bram_10/CLKBWRCLK
Low Pulse Width   Fast    RAMB36E2/CLKBWRCLK  n/a            0.542         2.500       1.958      RAMB36_X3Y55  u_my_ip/u_axi4_mapping/u_gemv/GEN_WEIGHT_BANK[0].u_weight_bram_bank/mem_reg_0_bram_10/CLKBWRCLK
Low Pulse Width   Slow    RAMB36E2/CLKARDCLK  n/a            0.542         2.500       1.958      RAMB36_X3Y56  u_my_ip/u_axi4_mapping/u_gemv/GEN_WEIGHT_BANK[0].u_weight_bram_bank/mem_reg_0_bram_11/CLKARDCLK
Low Pulse Width   Fast    RAMB36E2/CLKARDCLK  n/a            0.542         2.500       1.958      RAMB36_X3Y56  u_my_ip/u_axi4_mapping/u_gemv/GEN_WEIGHT_BANK[0].u_weight_bram_bank/mem_reg_0_bram_11/CLKARDCLK
Low Pulse Width   Slow    RAMB36E2/CLKBWRCLK  n/a            0.542         2.500       1.958      RAMB36_X3Y56  u_my_ip/u_axi4_mapping/u_gemv/GEN_WEIGHT_BANK[0].u_weight_bram_bank/mem_reg_0_bram_11/CLKBWRCLK
Low Pulse Width   Fast    RAMB36E2/CLKBWRCLK  n/a            0.542         2.500       1.958      RAMB36_X3Y56  u_my_ip/u_axi4_mapping/u_gemv/GEN_WEIGHT_BANK[0].u_weight_bram_bank/mem_reg_0_bram_11/CLKBWRCLK
Low Pulse Width   Slow    RAMB36E2/CLKARDCLK  n/a            0.542         2.500       1.958      RAMB36_X3Y57  u_my_ip/u_axi4_mapping/u_gemv/GEN_WEIGHT_BANK[0].u_weight_bram_bank/mem_reg_0_bram_12/CLKARDCLK
Low Pulse Width   Fast    RAMB36E2/CLKARDCLK  n/a            0.542         2.500       1.958      RAMB36_X3Y57  u_my_ip/u_axi4_mapping/u_gemv/GEN_WEIGHT_BANK[0].u_weight_bram_bank/mem_reg_0_bram_12/CLKARDCLK
Low Pulse Width   Slow    RAMB36E2/CLKBWRCLK  n/a            0.542         2.500       1.958      RAMB36_X3Y57  u_my_ip/u_axi4_mapping/u_gemv/GEN_WEIGHT_BANK[0].u_weight_bram_bank/mem_reg_0_bram_12/CLKBWRCLK
Low Pulse Width   Fast    RAMB36E2/CLKBWRCLK  n/a            0.542         2.500       1.958      RAMB36_X3Y57  u_my_ip/u_axi4_mapping/u_gemv/GEN_WEIGHT_BANK[0].u_weight_bram_bank/mem_reg_0_bram_12/CLKBWRCLK
Low Pulse Width   Slow    RAMB36E2/CLKARDCLK  n/a            0.542         2.500       1.958      RAMB36_X3Y58  u_my_ip/u_axi4_mapping/u_gemv/GEN_WEIGHT_BANK[0].u_weight_bram_bank/mem_reg_0_bram_13/CLKARDCLK
Low Pulse Width   Fast    RAMB36E2/CLKARDCLK  n/a            0.542         2.500       1.958      RAMB36_X3Y58  u_my_ip/u_axi4_mapping/u_gemv/GEN_WEIGHT_BANK[0].u_weight_bram_bank/mem_reg_0_bram_13/CLKARDCLK
Low Pulse Width   Slow    RAMB36E2/CLKBWRCLK  n/a            0.542         2.500       1.958      RAMB36_X3Y58  u_my_ip/u_axi4_mapping/u_gemv/GEN_WEIGHT_BANK[0].u_weight_bram_bank/mem_reg_0_bram_13/CLKBWRCLK
Low Pulse Width   Fast    RAMB36E2/CLKBWRCLK  n/a            0.542         2.500       1.958      RAMB36_X3Y58  u_my_ip/u_axi4_mapping/u_gemv/GEN_WEIGHT_BANK[0].u_weight_bram_bank/mem_reg_0_bram_13/CLKBWRCLK
Low Pulse Width   Slow    RAMB36E2/CLKARDCLK  n/a            0.542         2.500       1.958      RAMB36_X3Y59  u_my_ip/u_axi4_mapping/u_gemv/GEN_WEIGHT_BANK[0].u_weight_bram_bank/mem_reg_0_bram_14/CLKARDCLK
Low Pulse Width   Fast    RAMB36E2/CLKARDCLK  n/a            0.542         2.500       1.958      RAMB36_X3Y59  u_my_ip/u_axi4_mapping/u_gemv/GEN_WEIGHT_BANK[0].u_weight_bram_bank/mem_reg_0_bram_14/CLKARDCLK
Low Pulse Width   Slow    RAMB36E2/CLKBWRCLK  n/a            0.542         2.500       1.958      RAMB36_X3Y59  u_my_ip/u_axi4_mapping/u_gemv/GEN_WEIGHT_BANK[0].u_weight_bram_bank/mem_reg_0_bram_14/CLKBWRCLK
Low Pulse Width   Fast    RAMB36E2/CLKBWRCLK  n/a            0.542         2.500       1.958      RAMB36_X3Y59  u_my_ip/u_axi4_mapping/u_gemv/GEN_WEIGHT_BANK[0].u_weight_bram_bank/mem_reg_0_bram_14/CLKBWRCLK
Low Pulse Width   Slow    RAMB36E2/CLKARDCLK  n/a            0.542         2.500       1.958      RAMB36_X3Y60  u_my_ip/u_axi4_mapping/u_gemv/GEN_WEIGHT_BANK[0].u_weight_bram_bank/mem_reg_0_bram_15/CLKARDCLK
Low Pulse Width   Fast    RAMB36E2/CLKARDCLK  n/a            0.542         2.500       1.958      RAMB36_X3Y60  u_my_ip/u_axi4_mapping/u_gemv/GEN_WEIGHT_BANK[0].u_weight_bram_bank/mem_reg_0_bram_15/CLKARDCLK
Low Pulse Width   Slow    RAMB36E2/CLKBWRCLK  n/a            0.542         2.500       1.958      RAMB36_X3Y60  u_my_ip/u_axi4_mapping/u_gemv/GEN_WEIGHT_BANK[0].u_weight_bram_bank/mem_reg_0_bram_15/CLKBWRCLK
Low Pulse Width   Fast    RAMB36E2/CLKBWRCLK  n/a            0.542         2.500       1.958      RAMB36_X3Y60  u_my_ip/u_axi4_mapping/u_gemv/GEN_WEIGHT_BANK[0].u_weight_bram_bank/mem_reg_0_bram_15/CLKBWRCLK
Low Pulse Width   Slow    RAMB36E2/CLKARDCLK  n/a            0.542         2.500       1.958      RAMB36_X1Y55  u_my_ip/u_axi4_mapping/u_gemv/GEN_WEIGHT_BANK[0].u_weight_bram_bank/mem_reg_0_bram_2/CLKARDCLK
Low Pulse Width   Fast    RAMB36E2/CLKARDCLK  n/a            0.542         2.500       1.958      RAMB36_X1Y55  u_my_ip/u_axi4_mapping/u_gemv/GEN_WEIGHT_BANK[0].u_weight_bram_bank/mem_reg_0_bram_2/CLKARDCLK
Low Pulse Width   Slow    RAMB36E2/CLKBWRCLK  n/a            0.542         2.500       1.958      RAMB36_X1Y55  u_my_ip/u_axi4_mapping/u_gemv/GEN_WEIGHT_BANK[0].u_weight_bram_bank/mem_reg_0_bram_2/CLKBWRCLK
Low Pulse Width   Fast    RAMB36E2/CLKBWRCLK  n/a            0.542         2.500       1.958      RAMB36_X1Y55  u_my_ip/u_axi4_mapping/u_gemv/GEN_WEIGHT_BANK[0].u_weight_bram_bank/mem_reg_0_bram_2/CLKBWRCLK
Low Pulse Width   Slow    RAMB36E2/CLKARDCLK  n/a            0.542         2.500       1.958      RAMB36_X1Y56  u_my_ip/u_axi4_mapping/u_gemv/GEN_WEIGHT_BANK[0].u_weight_bram_bank/mem_reg_0_bram_3/CLKARDCLK
Low Pulse Width   Fast    RAMB36E2/CLKARDCLK  n/a            0.542         2.500       1.958      RAMB36_X1Y56  u_my_ip/u_axi4_mapping/u_gemv/GEN_WEIGHT_BANK[0].u_weight_bram_bank/mem_reg_0_bram_3/CLKARDCLK
Low Pulse Width   Slow    RAMB36E2/CLKBWRCLK  n/a            0.542         2.500       1.958      RAMB36_X1Y56  u_my_ip/u_axi4_mapping/u_gemv/GEN_WEIGHT_BANK[0].u_weight_bram_bank/mem_reg_0_bram_3/CLKBWRCLK
Low Pulse Width   Fast    RAMB36E2/CLKBWRCLK  n/a            0.542         2.500       1.958      RAMB36_X1Y56  u_my_ip/u_axi4_mapping/u_gemv/GEN_WEIGHT_BANK[0].u_weight_bram_bank/mem_reg_0_bram_3/CLKBWRCLK
Low Pulse Width   Slow    RAMB36E2/CLKARDCLK  n/a            0.542         2.500       1.958      RAMB36_X1Y57  u_my_ip/u_axi4_mapping/u_gemv/GEN_WEIGHT_BANK[0].u_weight_bram_bank/mem_reg_0_bram_4/CLKARDCLK
Low Pulse Width   Fast    RAMB36E2/CLKARDCLK  n/a            0.542         2.500       1.958      RAMB36_X1Y57  u_my_ip/u_axi4_mapping/u_gemv/GEN_WEIGHT_BANK[0].u_weight_bram_bank/mem_reg_0_bram_4/CLKARDCLK
Low Pulse Width   Slow    RAMB36E2/CLKBWRCLK  n/a            0.542         2.500       1.958      RAMB36_X1Y57  u_my_ip/u_axi4_mapping/u_gemv/GEN_WEIGHT_BANK[0].u_weight_bram_bank/mem_reg_0_bram_4/CLKBWRCLK
Low Pulse Width   Fast    RAMB36E2/CLKBWRCLK  n/a            0.542         2.500       1.958      RAMB36_X1Y57  u_my_ip/u_axi4_mapping/u_gemv/GEN_WEIGHT_BANK[0].u_weight_bram_bank/mem_reg_0_bram_4/CLKBWRCLK
Low Pulse Width   Slow    RAMB36E2/CLKARDCLK  n/a            0.542         2.500       1.958      RAMB36_X1Y58  u_my_ip/u_axi4_mapping/u_gemv/GEN_WEIGHT_BANK[0].u_weight_bram_bank/mem_reg_0_bram_5/CLKARDCLK
Low Pulse Width   Fast    RAMB36E2/CLKARDCLK  n/a            0.542         2.500       1.958      RAMB36_X1Y58  u_my_ip/u_axi4_mapping/u_gemv/GEN_WEIGHT_BANK[0].u_weight_bram_bank/mem_reg_0_bram_5/CLKARDCLK
Low Pulse Width   Slow    RAMB36E2/CLKBWRCLK  n/a            0.542         2.500       1.958      RAMB36_X1Y58  u_my_ip/u_axi4_mapping/u_gemv/GEN_WEIGHT_BANK[0].u_weight_bram_bank/mem_reg_0_bram_5/CLKBWRCLK
Low Pulse Width   Fast    RAMB36E2/CLKBWRCLK  n/a            0.542         2.500       1.958      RAMB36_X1Y58  u_my_ip/u_axi4_mapping/u_gemv/GEN_WEIGHT_BANK[0].u_weight_bram_bank/mem_reg_0_bram_5/CLKBWRCLK
Low Pulse Width   Slow    RAMB36E2/CLKARDCLK  n/a            0.542         2.500       1.958      RAMB36_X1Y59  u_my_ip/u_axi4_mapping/u_gemv/GEN_WEIGHT_BANK[0].u_weight_bram_bank/mem_reg_0_bram_6/CLKARDCLK
Low Pulse Width   Fast    RAMB36E2/CLKARDCLK  n/a            0.542         2.500       1.958      RAMB36_X1Y59  u_my_ip/u_axi4_mapping/u_gemv/GEN_WEIGHT_BANK[0].u_weight_bram_bank/mem_reg_0_bram_6/CLKARDCLK
High Pulse Width  Slow    RAMB36E2/CLKARDCLK  n/a            0.542         2.500       1.958      RAMB36_X1Y53  u_my_ip/u_axi4_mapping/u_gemv/GEN_WEIGHT_BANK[0].u_weight_bram_bank/mem_reg_0_bram_0/CLKARDCLK
High Pulse Width  Fast    RAMB36E2/CLKARDCLK  n/a            0.542         2.500       1.958      RAMB36_X1Y53  u_my_ip/u_axi4_mapping/u_gemv/GEN_WEIGHT_BANK[0].u_weight_bram_bank/mem_reg_0_bram_0/CLKARDCLK
High Pulse Width  Slow    RAMB36E2/CLKBWRCLK  n/a            0.542         2.500       1.958      RAMB36_X1Y53  u_my_ip/u_axi4_mapping/u_gemv/GEN_WEIGHT_BANK[0].u_weight_bram_bank/mem_reg_0_bram_0/CLKBWRCLK
High Pulse Width  Fast    RAMB36E2/CLKBWRCLK  n/a            0.542         2.500       1.958      RAMB36_X1Y53  u_my_ip/u_axi4_mapping/u_gemv/GEN_WEIGHT_BANK[0].u_weight_bram_bank/mem_reg_0_bram_0/CLKBWRCLK
High Pulse Width  Slow    RAMB36E2/CLKARDCLK  n/a            0.542         2.500       1.958      RAMB36_X1Y54  u_my_ip/u_axi4_mapping/u_gemv/GEN_WEIGHT_BANK[0].u_weight_bram_bank/mem_reg_0_bram_1/CLKARDCLK
High Pulse Width  Fast    RAMB36E2/CLKARDCLK  n/a            0.542         2.500       1.958      RAMB36_X1Y54  u_my_ip/u_axi4_mapping/u_gemv/GEN_WEIGHT_BANK[0].u_weight_bram_bank/mem_reg_0_bram_1/CLKARDCLK
High Pulse Width  Slow    RAMB36E2/CLKBWRCLK  n/a            0.542         2.500       1.958      RAMB36_X1Y54  u_my_ip/u_axi4_mapping/u_gemv/GEN_WEIGHT_BANK[0].u_weight_bram_bank/mem_reg_0_bram_1/CLKBWRCLK
High Pulse Width  Fast    RAMB36E2/CLKBWRCLK  n/a            0.542         2.500       1.958      RAMB36_X1Y54  u_my_ip/u_axi4_mapping/u_gemv/GEN_WEIGHT_BANK[0].u_weight_bram_bank/mem_reg_0_bram_1/CLKBWRCLK
High Pulse Width  Slow    RAMB36E2/CLKARDCLK  n/a            0.542         2.500       1.958      RAMB36_X3Y55  u_my_ip/u_axi4_mapping/u_gemv/GEN_WEIGHT_BANK[0].u_weight_bram_bank/mem_reg_0_bram_10/CLKARDCLK
High Pulse Width  Fast    RAMB36E2/CLKARDCLK  n/a            0.542         2.500       1.958      RAMB36_X3Y55  u_my_ip/u_axi4_mapping/u_gemv/GEN_WEIGHT_BANK[0].u_weight_bram_bank/mem_reg_0_bram_10/CLKARDCLK
High Pulse Width  Slow    RAMB36E2/CLKBWRCLK  n/a            0.542         2.500       1.958      RAMB36_X3Y55  u_my_ip/u_axi4_mapping/u_gemv/GEN_WEIGHT_BANK[0].u_weight_bram_bank/mem_reg_0_bram_10/CLKBWRCLK
High Pulse Width  Fast    RAMB36E2/CLKBWRCLK  n/a            0.542         2.500       1.958      RAMB36_X3Y55  u_my_ip/u_axi4_mapping/u_gemv/GEN_WEIGHT_BANK[0].u_weight_bram_bank/mem_reg_0_bram_10/CLKBWRCLK
High Pulse Width  Slow    RAMB36E2/CLKARDCLK  n/a            0.542         2.500       1.958      RAMB36_X3Y56  u_my_ip/u_axi4_mapping/u_gemv/GEN_WEIGHT_BANK[0].u_weight_bram_bank/mem_reg_0_bram_11/CLKARDCLK
High Pulse Width  Fast    RAMB36E2/CLKARDCLK  n/a            0.542         2.500       1.958      RAMB36_X3Y56  u_my_ip/u_axi4_mapping/u_gemv/GEN_WEIGHT_BANK[0].u_weight_bram_bank/mem_reg_0_bram_11/CLKARDCLK
High Pulse Width  Slow    RAMB36E2/CLKBWRCLK  n/a            0.542         2.500       1.958      RAMB36_X3Y56  u_my_ip/u_axi4_mapping/u_gemv/GEN_WEIGHT_BANK[0].u_weight_bram_bank/mem_reg_0_bram_11/CLKBWRCLK
High Pulse Width  Fast    RAMB36E2/CLKBWRCLK  n/a            0.542         2.500       1.958      RAMB36_X3Y56  u_my_ip/u_axi4_mapping/u_gemv/GEN_WEIGHT_BANK[0].u_weight_bram_bank/mem_reg_0_bram_11/CLKBWRCLK
High Pulse Width  Slow    RAMB36E2/CLKARDCLK  n/a            0.542         2.500       1.958      RAMB36_X3Y57  u_my_ip/u_axi4_mapping/u_gemv/GEN_WEIGHT_BANK[0].u_weight_bram_bank/mem_reg_0_bram_12/CLKARDCLK
High Pulse Width  Fast    RAMB36E2/CLKARDCLK  n/a            0.542         2.500       1.958      RAMB36_X3Y57  u_my_ip/u_axi4_mapping/u_gemv/GEN_WEIGHT_BANK[0].u_weight_bram_bank/mem_reg_0_bram_12/CLKARDCLK
High Pulse Width  Slow    RAMB36E2/CLKBWRCLK  n/a            0.542         2.500       1.958      RAMB36_X3Y57  u_my_ip/u_axi4_mapping/u_gemv/GEN_WEIGHT_BANK[0].u_weight_bram_bank/mem_reg_0_bram_12/CLKBWRCLK
High Pulse Width  Fast    RAMB36E2/CLKBWRCLK  n/a            0.542         2.500       1.958      RAMB36_X3Y57  u_my_ip/u_axi4_mapping/u_gemv/GEN_WEIGHT_BANK[0].u_weight_bram_bank/mem_reg_0_bram_12/CLKBWRCLK
High Pulse Width  Slow    RAMB36E2/CLKARDCLK  n/a            0.542         2.500       1.958      RAMB36_X3Y58  u_my_ip/u_axi4_mapping/u_gemv/GEN_WEIGHT_BANK[0].u_weight_bram_bank/mem_reg_0_bram_13/CLKARDCLK
High Pulse Width  Fast    RAMB36E2/CLKARDCLK  n/a            0.542         2.500       1.958      RAMB36_X3Y58  u_my_ip/u_axi4_mapping/u_gemv/GEN_WEIGHT_BANK[0].u_weight_bram_bank/mem_reg_0_bram_13/CLKARDCLK
High Pulse Width  Slow    RAMB36E2/CLKBWRCLK  n/a            0.542         2.500       1.958      RAMB36_X3Y58  u_my_ip/u_axi4_mapping/u_gemv/GEN_WEIGHT_BANK[0].u_weight_bram_bank/mem_reg_0_bram_13/CLKBWRCLK
High Pulse Width  Fast    RAMB36E2/CLKBWRCLK  n/a            0.542         2.500       1.958      RAMB36_X3Y58  u_my_ip/u_axi4_mapping/u_gemv/GEN_WEIGHT_BANK[0].u_weight_bram_bank/mem_reg_0_bram_13/CLKBWRCLK
High Pulse Width  Slow    RAMB36E2/CLKARDCLK  n/a            0.542         2.500       1.958      RAMB36_X3Y59  u_my_ip/u_axi4_mapping/u_gemv/GEN_WEIGHT_BANK[0].u_weight_bram_bank/mem_reg_0_bram_14/CLKARDCLK
High Pulse Width  Fast    RAMB36E2/CLKARDCLK  n/a            0.542         2.500       1.958      RAMB36_X3Y59  u_my_ip/u_axi4_mapping/u_gemv/GEN_WEIGHT_BANK[0].u_weight_bram_bank/mem_reg_0_bram_14/CLKARDCLK
High Pulse Width  Slow    RAMB36E2/CLKBWRCLK  n/a            0.542         2.500       1.958      RAMB36_X3Y59  u_my_ip/u_axi4_mapping/u_gemv/GEN_WEIGHT_BANK[0].u_weight_bram_bank/mem_reg_0_bram_14/CLKBWRCLK
High Pulse Width  Fast    RAMB36E2/CLKBWRCLK  n/a            0.542         2.500       1.958      RAMB36_X3Y59  u_my_ip/u_axi4_mapping/u_gemv/GEN_WEIGHT_BANK[0].u_weight_bram_bank/mem_reg_0_bram_14/CLKBWRCLK
High Pulse Width  Slow    RAMB36E2/CLKARDCLK  n/a            0.542         2.500       1.958      RAMB36_X3Y60  u_my_ip/u_axi4_mapping/u_gemv/GEN_WEIGHT_BANK[0].u_weight_bram_bank/mem_reg_0_bram_15/CLKARDCLK
High Pulse Width  Fast    RAMB36E2/CLKARDCLK  n/a            0.542         2.500       1.958      RAMB36_X3Y60  u_my_ip/u_axi4_mapping/u_gemv/GEN_WEIGHT_BANK[0].u_weight_bram_bank/mem_reg_0_bram_15/CLKARDCLK
High Pulse Width  Slow    RAMB36E2/CLKBWRCLK  n/a            0.542         2.500       1.958      RAMB36_X3Y60  u_my_ip/u_axi4_mapping/u_gemv/GEN_WEIGHT_BANK[0].u_weight_bram_bank/mem_reg_0_bram_15/CLKBWRCLK
High Pulse Width  Fast    RAMB36E2/CLKBWRCLK  n/a            0.542         2.500       1.958      RAMB36_X3Y60  u_my_ip/u_axi4_mapping/u_gemv/GEN_WEIGHT_BANK[0].u_weight_bram_bank/mem_reg_0_bram_15/CLKBWRCLK
High Pulse Width  Slow    RAMB36E2/CLKARDCLK  n/a            0.542         2.500       1.958      RAMB36_X1Y55  u_my_ip/u_axi4_mapping/u_gemv/GEN_WEIGHT_BANK[0].u_weight_bram_bank/mem_reg_0_bram_2/CLKARDCLK
High Pulse Width  Fast    RAMB36E2/CLKARDCLK  n/a            0.542         2.500       1.958      RAMB36_X1Y55  u_my_ip/u_axi4_mapping/u_gemv/GEN_WEIGHT_BANK[0].u_weight_bram_bank/mem_reg_0_bram_2/CLKARDCLK
High Pulse Width  Slow    RAMB36E2/CLKBWRCLK  n/a            0.542         2.500       1.958      RAMB36_X1Y55  u_my_ip/u_axi4_mapping/u_gemv/GEN_WEIGHT_BANK[0].u_weight_bram_bank/mem_reg_0_bram_2/CLKBWRCLK
High Pulse Width  Fast    RAMB36E2/CLKBWRCLK  n/a            0.542         2.500       1.958      RAMB36_X1Y55  u_my_ip/u_axi4_mapping/u_gemv/GEN_WEIGHT_BANK[0].u_weight_bram_bank/mem_reg_0_bram_2/CLKBWRCLK
High Pulse Width  Slow    RAMB36E2/CLKARDCLK  n/a            0.542         2.500       1.958      RAMB36_X1Y56  u_my_ip/u_axi4_mapping/u_gemv/GEN_WEIGHT_BANK[0].u_weight_bram_bank/mem_reg_0_bram_3/CLKARDCLK
High Pulse Width  Fast    RAMB36E2/CLKARDCLK  n/a            0.542         2.500       1.958      RAMB36_X1Y56  u_my_ip/u_axi4_mapping/u_gemv/GEN_WEIGHT_BANK[0].u_weight_bram_bank/mem_reg_0_bram_3/CLKARDCLK
High Pulse Width  Slow    RAMB36E2/CLKBWRCLK  n/a            0.542         2.500       1.958      RAMB36_X1Y56  u_my_ip/u_axi4_mapping/u_gemv/GEN_WEIGHT_BANK[0].u_weight_bram_bank/mem_reg_0_bram_3/CLKBWRCLK
High Pulse Width  Fast    RAMB36E2/CLKBWRCLK  n/a            0.542         2.500       1.958      RAMB36_X1Y56  u_my_ip/u_axi4_mapping/u_gemv/GEN_WEIGHT_BANK[0].u_weight_bram_bank/mem_reg_0_bram_3/CLKBWRCLK
High Pulse Width  Slow    RAMB36E2/CLKARDCLK  n/a            0.542         2.500       1.958      RAMB36_X1Y57  u_my_ip/u_axi4_mapping/u_gemv/GEN_WEIGHT_BANK[0].u_weight_bram_bank/mem_reg_0_bram_4/CLKARDCLK
High Pulse Width  Fast    RAMB36E2/CLKARDCLK  n/a            0.542         2.500       1.958      RAMB36_X1Y57  u_my_ip/u_axi4_mapping/u_gemv/GEN_WEIGHT_BANK[0].u_weight_bram_bank/mem_reg_0_bram_4/CLKARDCLK
High Pulse Width  Slow    RAMB36E2/CLKBWRCLK  n/a            0.542         2.500       1.958      RAMB36_X1Y57  u_my_ip/u_axi4_mapping/u_gemv/GEN_WEIGHT_BANK[0].u_weight_bram_bank/mem_reg_0_bram_4/CLKBWRCLK
High Pulse Width  Fast    RAMB36E2/CLKBWRCLK  n/a            0.542         2.500       1.958      RAMB36_X1Y57  u_my_ip/u_axi4_mapping/u_gemv/GEN_WEIGHT_BANK[0].u_weight_bram_bank/mem_reg_0_bram_4/CLKBWRCLK
High Pulse Width  Slow    RAMB36E2/CLKARDCLK  n/a            0.542         2.500       1.958      RAMB36_X1Y58  u_my_ip/u_axi4_mapping/u_gemv/GEN_WEIGHT_BANK[0].u_weight_bram_bank/mem_reg_0_bram_5/CLKARDCLK
High Pulse Width  Fast    RAMB36E2/CLKARDCLK  n/a            0.542         2.500       1.958      RAMB36_X1Y58  u_my_ip/u_axi4_mapping/u_gemv/GEN_WEIGHT_BANK[0].u_weight_bram_bank/mem_reg_0_bram_5/CLKARDCLK
High Pulse Width  Slow    RAMB36E2/CLKBWRCLK  n/a            0.542         2.500       1.958      RAMB36_X1Y58  u_my_ip/u_axi4_mapping/u_gemv/GEN_WEIGHT_BANK[0].u_weight_bram_bank/mem_reg_0_bram_5/CLKBWRCLK
High Pulse Width  Fast    RAMB36E2/CLKBWRCLK  n/a            0.542         2.500       1.958      RAMB36_X1Y58  u_my_ip/u_axi4_mapping/u_gemv/GEN_WEIGHT_BANK[0].u_weight_bram_bank/mem_reg_0_bram_5/CLKBWRCLK
High Pulse Width  Slow    RAMB36E2/CLKARDCLK  n/a            0.542         2.500       1.958      RAMB36_X1Y59  u_my_ip/u_axi4_mapping/u_gemv/GEN_WEIGHT_BANK[0].u_weight_bram_bank/mem_reg_0_bram_6/CLKARDCLK
High Pulse Width  Fast    RAMB36E2/CLKARDCLK  n/a            0.542         2.500       1.958      RAMB36_X1Y59  u_my_ip/u_axi4_mapping/u_gemv/GEN_WEIGHT_BANK[0].u_weight_bram_bank/mem_reg_0_bram_6/CLKARDCLK



