Copyright 1986-2022 Xilinx, Inc. All Rights Reserved.
-----------------------------------------------------------------------------------------------------------------------------------------------------------------------------------------------------------------------------------------------------------------------------------------------------------------------------------------------------------------------------------------------------------------------------------------------------------------------------------------------------------------------------------------------------------------------------------------------
| Tool Version      : Vivado v.2022.2 (win64) Build 3671981 Fri Oct 14 05:00:03 MDT 2022
| Date              : Tue Jun 16 13:21:34 2026
| Host              : Cuong-Desktop running 64-bit major release  (build 9200)
| Command           : report_timing -from [get_pins -hier -quiet -filter {
        DIRECTION == OUT &&
        (NAME =~ *weight_compute_addr_leaf_reg*/Q ||
         NAME =~ *weight_wr_addr_leaf_reg*/Q ||
         NAME =~ *weight_compute_addr_bank_reg*/Q ||
         NAME =~ *weight_wr_addr_bank_reg*/Q)
    }] -to [get_pins -hier -quiet -filter {
        REF_NAME == RAMB36E2 &&
        (REF_PIN_NAME =~ ADDRARDADDR* || REF_PIN_NAME =~ ADDRBWRADDR*)
    }] -max_paths 50 -path_type full -file D:/DOAN/DATN_RTL/DATN_VIVADO/manual_sim/current_256_impl_weight_address_paths.rpt
| Design            : VPU_Top
| Device            : xczu7ev-ffvc1156
| Speed File        : -2  PRODUCTION 1.30 05-15-2022
| Temperature Grade : E
-----------------------------------------------------------------------------------------------------------------------------------------------------------------------------------------------------------------------------------------------------------------------------------------------------------------------------------------------------------------------------------------------------------------------------------------------------------------------------------------------------------------------------------------------------------------------------------------------

Timing Report

Slack (MET) :             0.167ns  (required time - arrival time)
  Source:                 u_my_ip/u_axi4_mapping/u_gemv/weight_wr_addr_bank_reg[0][10]/C
                            (rising edge-triggered cell FDRE clocked by s00_axi_aclk  {rise@0.000ns fall@2.500ns period=5.000ns})
  Destination:            u_my_ip/u_axi4_mapping/u_gemv/GEN_WEIGHT_BANK[0].u_weight_bram_bank/mem_reg_2_bram_0/ADDRBWRADDR[13]
                            (rising edge-triggered cell RAMB36E2 clocked by s00_axi_aclk  {rise@0.000ns fall@2.500ns period=5.000ns})
  Path Group:             s00_axi_aclk
  Path Type:              Setup (Max at Slow Process Corner)
  Requirement:            5.000ns  (s00_axi_aclk rise@5.000ns - s00_axi_aclk rise@0.000ns)
  Data Path Delay:        4.518ns  (logic 0.076ns (1.682%)  route 4.442ns (98.318%))
  Logic Levels:           0  
  Clock Path Skew:        0.010ns (DCD - SCD + CPR)
    Destination Clock Delay (DCD):    0.040ns = ( 5.040 - 5.000 ) 
    Source Clock Delay      (SCD):    0.030ns
    Clock Pessimism Removal (CPR):    0.000ns
  Clock Uncertainty:      0.035ns  ((TSJ^2 + TIJ^2)^1/2 + DJ) / 2 + PE
    Total System Jitter     (TSJ):    0.071ns
    Total Input Jitter      (TIJ):    0.000ns
    Discrete Jitter          (DJ):    0.000ns
    Phase Error              (PE):    0.000ns

    Location             Delay type                Incr(ns)  Path(ns)    Netlist Resource(s)
  -------------------------------------------------------------------    -------------------
                         (clock s00_axi_aclk rise edge)
                                                      0.000     0.000 r  
                         propagated clock network latency
                                                      0.030     0.030    
    SLICE_X89Y248        FDRE                         0.000     0.030 r  u_my_ip/u_axi4_mapping/u_gemv/weight_wr_addr_bank_reg[0][10]/C
    SLICE_X89Y248        FDRE (Prop_EFF_SLICEM_C_Q)
                                                      0.076     0.106 r  u_my_ip/u_axi4_mapping/u_gemv/weight_wr_addr_bank_reg[0][10]/Q
                         net (fo=64, routed)          4.442     4.548    u_my_ip/u_axi4_mapping/u_gemv/GEN_WEIGHT_BANK[0].u_weight_bram_bank/mem_reg_0_bram_0_0[10]
    RAMB36_X0Y64         RAMB36E2                                     r  u_my_ip/u_axi4_mapping/u_gemv/GEN_WEIGHT_BANK[0].u_weight_bram_bank/mem_reg_2_bram_0/ADDRBWRADDR[13]
  -------------------------------------------------------------------    -------------------

                         (clock s00_axi_aclk rise edge)
                                                      5.000     5.000 r  
                         propagated clock network latency
                                                      0.040     5.040    
                         clock pessimism              0.000     5.040    
                         clock uncertainty           -0.035     5.005    
    RAMB36_X0Y64         RAMB36E2 (Setup_RAMB36E2_RAMB36_CLKBWRCLK_ADDRBWRADDR[13])
                                                     -0.290     4.715    u_my_ip/u_axi4_mapping/u_gemv/GEN_WEIGHT_BANK[0].u_weight_bram_bank/mem_reg_2_bram_0
  -------------------------------------------------------------------
                         required time                          4.715    
                         arrival time                          -4.548    
  -------------------------------------------------------------------
                         slack                                  0.167    

Slack (MET) :             0.171ns  (required time - arrival time)
  Source:                 u_my_ip/u_axi4_mapping/u_gemv/weight_wr_addr_bank_reg[0][10]/C
                            (rising edge-triggered cell FDRE clocked by s00_axi_aclk  {rise@0.000ns fall@2.500ns period=5.000ns})
  Destination:            u_my_ip/u_axi4_mapping/u_gemv/GEN_WEIGHT_BANK[0].u_weight_bram_bank/mem_reg_2_bram_10/ADDRBWRADDR[13]
                            (rising edge-triggered cell RAMB36E2 clocked by s00_axi_aclk  {rise@0.000ns fall@2.500ns period=5.000ns})
  Path Group:             s00_axi_aclk
  Path Type:              Setup (Max at Slow Process Corner)
  Requirement:            5.000ns  (s00_axi_aclk rise@5.000ns - s00_axi_aclk rise@0.000ns)
  Data Path Delay:        4.514ns  (logic 0.076ns (1.684%)  route 4.438ns (98.316%))
  Logic Levels:           0  
  Clock Path Skew:        0.010ns (DCD - SCD + CPR)
    Destination Clock Delay (DCD):    0.040ns = ( 5.040 - 5.000 ) 
    Source Clock Delay      (SCD):    0.030ns
    Clock Pessimism Removal (CPR):    0.000ns
  Clock Uncertainty:      0.035ns  ((TSJ^2 + TIJ^2)^1/2 + DJ) / 2 + PE
    Total System Jitter     (TSJ):    0.071ns
    Total Input Jitter      (TIJ):    0.000ns
    Discrete Jitter          (DJ):    0.000ns
    Phase Error              (PE):    0.000ns

    Location             Delay type                Incr(ns)  Path(ns)    Netlist Resource(s)
  -------------------------------------------------------------------    -------------------
                         (clock s00_axi_aclk rise edge)
                                                      0.000     0.000 r  
                         propagated clock network latency
                                                      0.030     0.030    
    SLICE_X89Y248        FDRE                         0.000     0.030 r  u_my_ip/u_axi4_mapping/u_gemv/weight_wr_addr_bank_reg[0][10]/C
    SLICE_X89Y248        FDRE (Prop_EFF_SLICEM_C_Q)
                                                      0.076     0.106 r  u_my_ip/u_axi4_mapping/u_gemv/weight_wr_addr_bank_reg[0][10]/Q
                         net (fo=64, routed)          4.438     4.544    u_my_ip/u_axi4_mapping/u_gemv/GEN_WEIGHT_BANK[0].u_weight_bram_bank/mem_reg_0_bram_0_0[10]
    RAMB36_X0Y58         RAMB36E2                                     r  u_my_ip/u_axi4_mapping/u_gemv/GEN_WEIGHT_BANK[0].u_weight_bram_bank/mem_reg_2_bram_10/ADDRBWRADDR[13]
  -------------------------------------------------------------------    -------------------

                         (clock s00_axi_aclk rise edge)
                                                      5.000     5.000 r  
                         propagated clock network latency
                                                      0.040     5.040    
                         clock pessimism              0.000     5.040    
                         clock uncertainty           -0.035     5.005    
    RAMB36_X0Y58         RAMB36E2 (Setup_RAMB36E2_RAMB36_CLKBWRCLK_ADDRBWRADDR[13])
                                                     -0.290     4.715    u_my_ip/u_axi4_mapping/u_gemv/GEN_WEIGHT_BANK[0].u_weight_bram_bank/mem_reg_2_bram_10
  -------------------------------------------------------------------
                         required time                          4.715    
                         arrival time                          -4.544    
  -------------------------------------------------------------------
                         slack                                  0.171    

Slack (MET) :             0.181ns  (required time - arrival time)
  Source:                 u_my_ip/u_axi4_mapping/u_gemv/weight_compute_addr_bank_reg[0][1]/C
                            (rising edge-triggered cell FDRE clocked by s00_axi_aclk  {rise@0.000ns fall@2.500ns period=5.000ns})
  Destination:            u_my_ip/u_axi4_mapping/u_gemv/GEN_WEIGHT_BANK[0].u_weight_bram_bank/mem_reg_2_bram_8/ADDRARDADDR[4]
                            (rising edge-triggered cell RAMB36E2 clocked by s00_axi_aclk  {rise@0.000ns fall@2.500ns period=5.000ns})
  Path Group:             s00_axi_aclk
  Path Type:              Setup (Max at Slow Process Corner)
  Requirement:            5.000ns  (s00_axi_aclk rise@5.000ns - s00_axi_aclk rise@0.000ns)
  Data Path Delay:        4.456ns  (logic 0.078ns (1.751%)  route 4.378ns (98.249%))
  Logic Levels:           0  
  Clock Path Skew:        0.009ns (DCD - SCD + CPR)
    Destination Clock Delay (DCD):    0.039ns = ( 5.039 - 5.000 ) 
    Source Clock Delay      (SCD):    0.030ns
    Clock Pessimism Removal (CPR):    0.000ns
  Clock Uncertainty:      0.035ns  ((TSJ^2 + TIJ^2)^1/2 + DJ) / 2 + PE
    Total System Jitter     (TSJ):    0.071ns
    Total Input Jitter      (TIJ):    0.000ns
    Discrete Jitter          (DJ):    0.000ns
    Phase Error              (PE):    0.000ns

    Location             Delay type                Incr(ns)  Path(ns)    Netlist Resource(s)
  -------------------------------------------------------------------    -------------------
                         (clock s00_axi_aclk rise edge)
                                                      0.000     0.000 r  
                         propagated clock network latency
                                                      0.030     0.030    
    SLICE_X94Y239        FDRE                         0.000     0.030 r  u_my_ip/u_axi4_mapping/u_gemv/weight_compute_addr_bank_reg[0][1]/C
    SLICE_X94Y239        FDRE (Prop_BFF_SLICEM_C_Q)
                                                      0.078     0.108 r  u_my_ip/u_axi4_mapping/u_gemv/weight_compute_addr_bank_reg[0][1]/Q
                         net (fo=65, routed)          4.378     4.486    u_my_ip/u_axi4_mapping/u_gemv/GEN_WEIGHT_BANK[0].u_weight_bram_bank/out[1]
    RAMB36_X0Y56         RAMB36E2                                     r  u_my_ip/u_axi4_mapping/u_gemv/GEN_WEIGHT_BANK[0].u_weight_bram_bank/mem_reg_2_bram_8/ADDRARDADDR[4]
  -------------------------------------------------------------------    -------------------

                         (clock s00_axi_aclk rise edge)
                                                      5.000     5.000 r  
                         propagated clock network latency
                                                      0.039     5.039    
                         clock pessimism              0.000     5.039    
                         clock uncertainty           -0.035     5.004    
    RAMB36_X0Y56         RAMB36E2 (Setup_RAMB36E2_RAMB36_CLKARDCLK_ADDRARDADDR[4])
                                                     -0.337     4.667    u_my_ip/u_axi4_mapping/u_gemv/GEN_WEIGHT_BANK[0].u_weight_bram_bank/mem_reg_2_bram_8
  -------------------------------------------------------------------
                         required time                          4.667    
                         arrival time                          -4.486    
  -------------------------------------------------------------------
                         slack                                  0.181    

Slack (MET) :             0.182ns  (required time - arrival time)
  Source:                 u_my_ip/u_axi4_mapping/u_gemv/weight_wr_addr_bank_reg[1][1]/C
                            (rising edge-triggered cell FDRE clocked by s00_axi_aclk  {rise@0.000ns fall@2.500ns period=5.000ns})
  Destination:            u_my_ip/u_axi4_mapping/u_gemv/GEN_WEIGHT_BANK[1].u_weight_bram_bank/mem_reg_1_bram_5/ADDRBWRADDR[4]
                            (rising edge-triggered cell RAMB36E2 clocked by s00_axi_aclk  {rise@0.000ns fall@2.500ns period=5.000ns})
  Path Group:             s00_axi_aclk
  Path Type:              Setup (Max at Slow Process Corner)
  Requirement:            5.000ns  (s00_axi_aclk rise@5.000ns - s00_axi_aclk rise@0.000ns)
  Data Path Delay:        4.450ns  (logic 0.079ns (1.775%)  route 4.371ns (98.225%))
  Logic Levels:           0  
  Clock Path Skew:        0.010ns (DCD - SCD + CPR)
    Destination Clock Delay (DCD):    0.040ns = ( 5.040 - 5.000 ) 
    Source Clock Delay      (SCD):    0.030ns
    Clock Pessimism Removal (CPR):    0.000ns
  Clock Uncertainty:      0.035ns  ((TSJ^2 + TIJ^2)^1/2 + DJ) / 2 + PE
    Total System Jitter     (TSJ):    0.071ns
    Total Input Jitter      (TIJ):    0.000ns
    Discrete Jitter          (DJ):    0.000ns
    Phase Error              (PE):    0.000ns

    Location             Delay type                Incr(ns)  Path(ns)    Netlist Resource(s)
  -------------------------------------------------------------------    -------------------
                         (clock s00_axi_aclk rise edge)
                                                      0.000     0.000 r  
                         propagated clock network latency
                                                      0.030     0.030    
    SLICE_X89Y201        FDRE                         0.000     0.030 r  u_my_ip/u_axi4_mapping/u_gemv/weight_wr_addr_bank_reg[1][1]/C
    SLICE_X89Y201        FDRE (Prop_EFF2_SLICEM_C_Q)
                                                      0.079     0.109 r  u_my_ip/u_axi4_mapping/u_gemv/weight_wr_addr_bank_reg[1][1]/Q
                         net (fo=64, routed)          4.371     4.480    u_my_ip/u_axi4_mapping/u_gemv/GEN_WEIGHT_BANK[1].u_weight_bram_bank/mem_reg_0_bram_0_0[1]
    RAMB36_X0Y53         RAMB36E2                                     r  u_my_ip/u_axi4_mapping/u_gemv/GEN_WEIGHT_BANK[1].u_weight_bram_bank/mem_reg_1_bram_5/ADDRBWRADDR[4]
  -------------------------------------------------------------------    -------------------

                         (clock s00_axi_aclk rise edge)
                                                      5.000     5.000 r  
                         propagated clock network latency
                                                      0.040     5.040    
                         clock pessimism              0.000     5.040    
                         clock uncertainty           -0.035     5.005    
    RAMB36_X0Y53         RAMB36E2 (Setup_RAMB36E2_RAMB36_CLKBWRCLK_ADDRBWRADDR[4])
                                                     -0.343     4.662    u_my_ip/u_axi4_mapping/u_gemv/GEN_WEIGHT_BANK[1].u_weight_bram_bank/mem_reg_1_bram_5
  -------------------------------------------------------------------
                         required time                          4.662    
                         arrival time                          -4.480    
  -------------------------------------------------------------------
                         slack                                  0.182    

Slack (MET) :             0.186ns  (required time - arrival time)
  Source:                 u_my_ip/u_axi4_mapping/u_gemv/weight_wr_addr_bank_reg[0][10]/C
                            (rising edge-triggered cell FDRE clocked by s00_axi_aclk  {rise@0.000ns fall@2.500ns period=5.000ns})
  Destination:            u_my_ip/u_axi4_mapping/u_gemv/GEN_WEIGHT_BANK[0].u_weight_bram_bank/mem_reg_2_bram_15/ADDRBWRADDR[13]
                            (rising edge-triggered cell RAMB36E2 clocked by s00_axi_aclk  {rise@0.000ns fall@2.500ns period=5.000ns})
  Path Group:             s00_axi_aclk
  Path Type:              Setup (Max at Slow Process Corner)
  Requirement:            5.000ns  (s00_axi_aclk rise@5.000ns - s00_axi_aclk rise@0.000ns)
  Data Path Delay:        4.499ns  (logic 0.076ns (1.689%)  route 4.423ns (98.311%))
  Logic Levels:           0  
  Clock Path Skew:        0.010ns (DCD - SCD + CPR)
    Destination Clock Delay (DCD):    0.040ns = ( 5.040 - 5.000 ) 
    Source Clock Delay      (SCD):    0.030ns
    Clock Pessimism Removal (CPR):    0.000ns
  Clock Uncertainty:      0.035ns  ((TSJ^2 + TIJ^2)^1/2 + DJ) / 2 + PE
    Total System Jitter     (TSJ):    0.071ns
    Total Input Jitter      (TIJ):    0.000ns
    Discrete Jitter          (DJ):    0.000ns
    Phase Error              (PE):    0.000ns

    Location             Delay type                Incr(ns)  Path(ns)    Netlist Resource(s)
  -------------------------------------------------------------------    -------------------
                         (clock s00_axi_aclk rise edge)
                                                      0.000     0.000 r  
                         propagated clock network latency
                                                      0.030     0.030    
    SLICE_X89Y248        FDRE                         0.000     0.030 r  u_my_ip/u_axi4_mapping/u_gemv/weight_wr_addr_bank_reg[0][10]/C
    SLICE_X89Y248        FDRE (Prop_EFF_SLICEM_C_Q)
                                                      0.076     0.106 r  u_my_ip/u_axi4_mapping/u_gemv/weight_wr_addr_bank_reg[0][10]/Q
                         net (fo=64, routed)          4.423     4.529    u_my_ip/u_axi4_mapping/u_gemv/GEN_WEIGHT_BANK[0].u_weight_bram_bank/mem_reg_0_bram_0_0[10]
    RAMB36_X0Y63         RAMB36E2                                     r  u_my_ip/u_axi4_mapping/u_gemv/GEN_WEIGHT_BANK[0].u_weight_bram_bank/mem_reg_2_bram_15/ADDRBWRADDR[13]
  -------------------------------------------------------------------    -------------------

                         (clock s00_axi_aclk rise edge)
                                                      5.000     5.000 r  
                         propagated clock network latency
                                                      0.040     5.040    
                         clock pessimism              0.000     5.040    
                         clock uncertainty           -0.035     5.005    
    RAMB36_X0Y63         RAMB36E2 (Setup_RAMB36E2_RAMB36_CLKBWRCLK_ADDRBWRADDR[13])
                                                     -0.290     4.715    u_my_ip/u_axi4_mapping/u_gemv/GEN_WEIGHT_BANK[0].u_weight_bram_bank/mem_reg_2_bram_15
  -------------------------------------------------------------------
                         required time                          4.715    
                         arrival time                          -4.529    
  -------------------------------------------------------------------
                         slack                                  0.186    

Slack (MET) :             0.187ns  (required time - arrival time)
  Source:                 u_my_ip/u_axi4_mapping/u_gemv/weight_compute_addr_bank_reg[2][2]/C
                            (rising edge-triggered cell FDRE clocked by s00_axi_aclk  {rise@0.000ns fall@2.500ns period=5.000ns})
  Destination:            u_my_ip/u_axi4_mapping/u_gemv/GEN_WEIGHT_BANK[2].u_weight_bram_bank/mem_reg_2_bram_8/ADDRARDADDR[5]
                            (rising edge-triggered cell RAMB36E2 clocked by s00_axi_aclk  {rise@0.000ns fall@2.500ns period=5.000ns})
  Path Group:             s00_axi_aclk
  Path Type:              Setup (Max at Slow Process Corner)
  Requirement:            5.000ns  (s00_axi_aclk rise@5.000ns - s00_axi_aclk rise@0.000ns)
  Data Path Delay:        4.436ns  (logic 0.079ns (1.781%)  route 4.357ns (98.219%))
  Logic Levels:           0  
  Clock Path Skew:        0.011ns (DCD - SCD + CPR)
    Destination Clock Delay (DCD):    0.039ns = ( 5.039 - 5.000 ) 
    Source Clock Delay      (SCD):    0.028ns
    Clock Pessimism Removal (CPR):    0.000ns
  Clock Uncertainty:      0.035ns  ((TSJ^2 + TIJ^2)^1/2 + DJ) / 2 + PE
    Total System Jitter     (TSJ):    0.071ns
    Total Input Jitter      (TIJ):    0.000ns
    Discrete Jitter          (DJ):    0.000ns
    Phase Error              (PE):    0.000ns

    Location             Delay type                Incr(ns)  Path(ns)    Netlist Resource(s)
  -------------------------------------------------------------------    -------------------
                         (clock s00_axi_aclk rise edge)
                                                      0.000     0.000 r  
                         propagated clock network latency
                                                      0.028     0.028    
    SLICE_X90Y221        FDRE                         0.000     0.028 r  u_my_ip/u_axi4_mapping/u_gemv/weight_compute_addr_bank_reg[2][2]/C
    SLICE_X90Y221        FDRE (Prop_CFF_SLICEL_C_Q)
                                                      0.079     0.107 r  u_my_ip/u_axi4_mapping/u_gemv/weight_compute_addr_bank_reg[2][2]/Q
                         net (fo=65, routed)          4.357     4.464    u_my_ip/u_axi4_mapping/u_gemv/GEN_WEIGHT_BANK[2].u_weight_bram_bank/out[2]
    RAMB36_X2Y1          RAMB36E2                                     r  u_my_ip/u_axi4_mapping/u_gemv/GEN_WEIGHT_BANK[2].u_weight_bram_bank/mem_reg_2_bram_8/ADDRARDADDR[5]
  -------------------------------------------------------------------    -------------------

                         (clock s00_axi_aclk rise edge)
                                                      5.000     5.000 r  
                         propagated clock network latency
                                                      0.039     5.039    
                         clock pessimism              0.000     5.039    
                         clock uncertainty           -0.035     5.004    
    RAMB36_X2Y1          RAMB36E2 (Setup_RAMB36E2_RAMB36_CLKARDCLK_ADDRARDADDR[5])
                                                     -0.352     4.652    u_my_ip/u_axi4_mapping/u_gemv/GEN_WEIGHT_BANK[2].u_weight_bram_bank/mem_reg_2_bram_8
  -------------------------------------------------------------------
                         required time                          4.652    
                         arrival time                          -4.464    
  -------------------------------------------------------------------
                         slack                                  0.187    

Slack (MET) :             0.191ns  (required time - arrival time)
  Source:                 u_my_ip/u_axi4_mapping/u_gemv/weight_compute_addr_bank_reg[1][4]/C
                            (rising edge-triggered cell FDRE clocked by s00_axi_aclk  {rise@0.000ns fall@2.500ns period=5.000ns})
  Destination:            u_my_ip/u_axi4_mapping/u_gemv/GEN_WEIGHT_BANK[1].u_weight_bram_bank/mem_reg_2_bram_13/ADDRARDADDR[7]
                            (rising edge-triggered cell RAMB36E2 clocked by s00_axi_aclk  {rise@0.000ns fall@2.500ns period=5.000ns})
  Path Group:             s00_axi_aclk
  Path Type:              Setup (Max at Slow Process Corner)
  Requirement:            5.000ns  (s00_axi_aclk rise@5.000ns - s00_axi_aclk rise@0.000ns)
  Data Path Delay:        4.517ns  (logic 0.079ns (1.749%)  route 4.438ns (98.251%))
  Logic Levels:           0  
  Clock Path Skew:        0.010ns (DCD - SCD + CPR)
    Destination Clock Delay (DCD):    0.039ns = ( 5.039 - 5.000 ) 
    Source Clock Delay      (SCD):    0.029ns
    Clock Pessimism Removal (CPR):    0.000ns
  Clock Uncertainty:      0.035ns  ((TSJ^2 + TIJ^2)^1/2 + DJ) / 2 + PE
    Total System Jitter     (TSJ):    0.071ns
    Total Input Jitter      (TIJ):    0.000ns
    Discrete Jitter          (DJ):    0.000ns
    Phase Error              (PE):    0.000ns

    Location             Delay type                Incr(ns)  Path(ns)    Netlist Resource(s)
  -------------------------------------------------------------------    -------------------
                         (clock s00_axi_aclk rise edge)
                                                      0.000     0.000 r  
                         propagated clock network latency
                                                      0.029     0.029    
    SLICE_X95Y223        FDRE                         0.000     0.029 r  u_my_ip/u_axi4_mapping/u_gemv/weight_compute_addr_bank_reg[1][4]/C
    SLICE_X95Y223        FDRE (Prop_EFF_SLICEL_C_Q)
                                                      0.079     0.108 r  u_my_ip/u_axi4_mapping/u_gemv/weight_compute_addr_bank_reg[1][4]/Q
                         net (fo=65, routed)          4.438     4.546    u_my_ip/u_axi4_mapping/u_gemv/GEN_WEIGHT_BANK[1].u_weight_bram_bank/out[4]
    RAMB36_X1Y18         RAMB36E2                                     r  u_my_ip/u_axi4_mapping/u_gemv/GEN_WEIGHT_BANK[1].u_weight_bram_bank/mem_reg_2_bram_13/ADDRARDADDR[7]
  -------------------------------------------------------------------    -------------------

                         (clock s00_axi_aclk rise edge)
                                                      5.000     5.000 r  
                         propagated clock network latency
                                                      0.039     5.039    
                         clock pessimism              0.000     5.039    
                         clock uncertainty           -0.035     5.004    
    RAMB36_X1Y18         RAMB36E2 (Setup_RAMB36E2_RAMB36_CLKARDCLK_ADDRARDADDR[7])
                                                     -0.267     4.737    u_my_ip/u_axi4_mapping/u_gemv/GEN_WEIGHT_BANK[1].u_weight_bram_bank/mem_reg_2_bram_13
  -------------------------------------------------------------------
                         required time                          4.737    
                         arrival time                          -4.546    
  -------------------------------------------------------------------
                         slack                                  0.191    

Slack (MET) :             0.192ns  (required time - arrival time)
  Source:                 u_my_ip/u_axi4_mapping/u_gemv/weight_wr_addr_bank_reg[0][0]/C
                            (rising edge-triggered cell FDRE clocked by s00_axi_aclk  {rise@0.000ns fall@2.500ns period=5.000ns})
  Destination:            u_my_ip/u_axi4_mapping/u_gemv/GEN_WEIGHT_BANK[0].u_weight_bram_bank/mem_reg_2_bram_1/ADDRBWRADDR[3]
                            (rising edge-triggered cell RAMB36E2 clocked by s00_axi_aclk  {rise@0.000ns fall@2.500ns period=5.000ns})
  Path Group:             s00_axi_aclk
  Path Type:              Setup (Max at Slow Process Corner)
  Requirement:            5.000ns  (s00_axi_aclk rise@5.000ns - s00_axi_aclk rise@0.000ns)
  Data Path Delay:        4.448ns  (logic 0.076ns (1.709%)  route 4.372ns (98.291%))
  Logic Levels:           0  
  Clock Path Skew:        0.010ns (DCD - SCD + CPR)
    Destination Clock Delay (DCD):    0.040ns = ( 5.040 - 5.000 ) 
    Source Clock Delay      (SCD):    0.030ns
    Clock Pessimism Removal (CPR):    0.000ns
  Clock Uncertainty:      0.035ns  ((TSJ^2 + TIJ^2)^1/2 + DJ) / 2 + PE
    Total System Jitter     (TSJ):    0.071ns
    Total Input Jitter      (TIJ):    0.000ns
    Discrete Jitter          (DJ):    0.000ns
    Phase Error              (PE):    0.000ns

    Location             Delay type                Incr(ns)  Path(ns)    Netlist Resource(s)
  -------------------------------------------------------------------    -------------------
                         (clock s00_axi_aclk rise edge)
                                                      0.000     0.000 r  
                         propagated clock network latency
                                                      0.030     0.030    
    SLICE_X89Y243        FDRE                         0.000     0.030 r  u_my_ip/u_axi4_mapping/u_gemv/weight_wr_addr_bank_reg[0][0]/C
    SLICE_X89Y243        FDRE (Prop_EFF_SLICEM_C_Q)
                                                      0.076     0.106 r  u_my_ip/u_axi4_mapping/u_gemv/weight_wr_addr_bank_reg[0][0]/Q
                         net (fo=64, routed)          4.372     4.478    u_my_ip/u_axi4_mapping/u_gemv/GEN_WEIGHT_BANK[0].u_weight_bram_bank/mem_reg_0_bram_0_0[0]
    RAMB36_X0Y65         RAMB36E2                                     r  u_my_ip/u_axi4_mapping/u_gemv/GEN_WEIGHT_BANK[0].u_weight_bram_bank/mem_reg_2_bram_1/ADDRBWRADDR[3]
  -------------------------------------------------------------------    -------------------

                         (clock s00_axi_aclk rise edge)
                                                      5.000     5.000 r  
                         propagated clock network latency
                                                      0.040     5.040    
                         clock pessimism              0.000     5.040    
                         clock uncertainty           -0.035     5.005    
    RAMB36_X0Y65         RAMB36E2 (Setup_RAMB36E2_RAMB36_CLKBWRCLK_ADDRBWRADDR[3])
                                                     -0.334     4.671    u_my_ip/u_axi4_mapping/u_gemv/GEN_WEIGHT_BANK[0].u_weight_bram_bank/mem_reg_2_bram_1
  -------------------------------------------------------------------
                         required time                          4.671    
                         arrival time                          -4.478    
  -------------------------------------------------------------------
                         slack                                  0.192    

Slack (MET) :             0.194ns  (required time - arrival time)
  Source:                 u_my_ip/u_axi4_mapping/u_gemv/weight_wr_addr_bank_reg[0][10]/C
                            (rising edge-triggered cell FDRE clocked by s00_axi_aclk  {rise@0.000ns fall@2.500ns period=5.000ns})
  Destination:            u_my_ip/u_axi4_mapping/u_gemv/GEN_WEIGHT_BANK[0].u_weight_bram_bank/mem_reg_2_bram_14/ADDRBWRADDR[13]
                            (rising edge-triggered cell RAMB36E2 clocked by s00_axi_aclk  {rise@0.000ns fall@2.500ns period=5.000ns})
  Path Group:             s00_axi_aclk
  Path Type:              Setup (Max at Slow Process Corner)
  Requirement:            5.000ns  (s00_axi_aclk rise@5.000ns - s00_axi_aclk rise@0.000ns)
  Data Path Delay:        4.491ns  (logic 0.076ns (1.692%)  route 4.415ns (98.308%))
  Logic Levels:           0  
  Clock Path Skew:        0.010ns (DCD - SCD + CPR)
    Destination Clock Delay (DCD):    0.040ns = ( 5.040 - 5.000 ) 
    Source Clock Delay      (SCD):    0.030ns
    Clock Pessimism Removal (CPR):    0.000ns
  Clock Uncertainty:      0.035ns  ((TSJ^2 + TIJ^2)^1/2 + DJ) / 2 + PE
    Total System Jitter     (TSJ):    0.071ns
    Total Input Jitter      (TIJ):    0.000ns
    Discrete Jitter          (DJ):    0.000ns
    Phase Error              (PE):    0.000ns

    Location             Delay type                Incr(ns)  Path(ns)    Netlist Resource(s)
  -------------------------------------------------------------------    -------------------
                         (clock s00_axi_aclk rise edge)
                                                      0.000     0.000 r  
                         propagated clock network latency
                                                      0.030     0.030    
    SLICE_X89Y248        FDRE                         0.000     0.030 r  u_my_ip/u_axi4_mapping/u_gemv/weight_wr_addr_bank_reg[0][10]/C
    SLICE_X89Y248        FDRE (Prop_EFF_SLICEM_C_Q)
                                                      0.076     0.106 r  u_my_ip/u_axi4_mapping/u_gemv/weight_wr_addr_bank_reg[0][10]/Q
                         net (fo=64, routed)          4.415     4.521    u_my_ip/u_axi4_mapping/u_gemv/GEN_WEIGHT_BANK[0].u_weight_bram_bank/mem_reg_0_bram_0_0[10]
    RAMB36_X0Y62         RAMB36E2                                     r  u_my_ip/u_axi4_mapping/u_gemv/GEN_WEIGHT_BANK[0].u_weight_bram_bank/mem_reg_2_bram_14/ADDRBWRADDR[13]
  -------------------------------------------------------------------    -------------------

                         (clock s00_axi_aclk rise edge)
                                                      5.000     5.000 r  
                         propagated clock network latency
                                                      0.040     5.040    
                         clock pessimism              0.000     5.040    
                         clock uncertainty           -0.035     5.005    
    RAMB36_X0Y62         RAMB36E2 (Setup_RAMB36E2_RAMB36_CLKBWRCLK_ADDRBWRADDR[13])
                                                     -0.290     4.715    u_my_ip/u_axi4_mapping/u_gemv/GEN_WEIGHT_BANK[0].u_weight_bram_bank/mem_reg_2_bram_14
  -------------------------------------------------------------------
                         required time                          4.715    
                         arrival time                          -4.521    
  -------------------------------------------------------------------
                         slack                                  0.194    

Slack (MET) :             0.195ns  (required time - arrival time)
  Source:                 u_my_ip/u_axi4_mapping/u_gemv/weight_compute_addr_bank_reg[0][1]/C
                            (rising edge-triggered cell FDRE clocked by s00_axi_aclk  {rise@0.000ns fall@2.500ns period=5.000ns})
  Destination:            u_my_ip/u_axi4_mapping/u_gemv/GEN_WEIGHT_BANK[0].u_weight_bram_bank/mem_reg_2_bram_4/ADDRARDADDR[4]
                            (rising edge-triggered cell RAMB36E2 clocked by s00_axi_aclk  {rise@0.000ns fall@2.500ns period=5.000ns})
  Path Group:             s00_axi_aclk
  Path Type:              Setup (Max at Slow Process Corner)
  Requirement:            5.000ns  (s00_axi_aclk rise@5.000ns - s00_axi_aclk rise@0.000ns)
  Data Path Delay:        4.442ns  (logic 0.078ns (1.756%)  route 4.364ns (98.244%))
  Logic Levels:           0  
  Clock Path Skew:        0.009ns (DCD - SCD + CPR)
    Destination Clock Delay (DCD):    0.039ns = ( 5.039 - 5.000 ) 
    Source Clock Delay      (SCD):    0.030ns
    Clock Pessimism Removal (CPR):    0.000ns
  Clock Uncertainty:      0.035ns  ((TSJ^2 + TIJ^2)^1/2 + DJ) / 2 + PE
    Total System Jitter     (TSJ):    0.071ns
    Total Input Jitter      (TIJ):    0.000ns
    Discrete Jitter          (DJ):    0.000ns
    Phase Error              (PE):    0.000ns

    Location             Delay type                Incr(ns)  Path(ns)    Netlist Resource(s)
  -------------------------------------------------------------------    -------------------
                         (clock s00_axi_aclk rise edge)
                                                      0.000     0.000 r  
                         propagated clock network latency
                                                      0.030     0.030    
    SLICE_X94Y239        FDRE                         0.000     0.030 r  u_my_ip/u_axi4_mapping/u_gemv/weight_compute_addr_bank_reg[0][1]/C
    SLICE_X94Y239        FDRE (Prop_BFF_SLICEM_C_Q)
                                                      0.078     0.108 r  u_my_ip/u_axi4_mapping/u_gemv/weight_compute_addr_bank_reg[0][1]/Q
                         net (fo=65, routed)          4.364     4.472    u_my_ip/u_axi4_mapping/u_gemv/GEN_WEIGHT_BANK[0].u_weight_bram_bank/out[1]
    RAMB36_X0Y68         RAMB36E2                                     r  u_my_ip/u_axi4_mapping/u_gemv/GEN_WEIGHT_BANK[0].u_weight_bram_bank/mem_reg_2_bram_4/ADDRARDADDR[4]
  -------------------------------------------------------------------    -------------------

                         (clock s00_axi_aclk rise edge)
                                                      5.000     5.000 r  
                         propagated clock network latency
                                                      0.039     5.039    
                         clock pessimism              0.000     5.039    
                         clock uncertainty           -0.035     5.004    
    RAMB36_X0Y68         RAMB36E2 (Setup_RAMB36E2_RAMB36_CLKARDCLK_ADDRARDADDR[4])
                                                     -0.337     4.667    u_my_ip/u_axi4_mapping/u_gemv/GEN_WEIGHT_BANK[0].u_weight_bram_bank/mem_reg_2_bram_4
  -------------------------------------------------------------------
                         required time                          4.667    
                         arrival time                          -4.472    
  -------------------------------------------------------------------
                         slack                                  0.195    

Slack (MET) :             0.202ns  (required time - arrival time)
  Source:                 u_my_ip/u_axi4_mapping/u_gemv/weight_wr_addr_bank_reg[0][8]/C
                            (rising edge-triggered cell FDRE clocked by s00_axi_aclk  {rise@0.000ns fall@2.500ns period=5.000ns})
  Destination:            u_my_ip/u_axi4_mapping/u_gemv/GEN_WEIGHT_BANK[0].u_weight_bram_bank/mem_reg_2_bram_13/ADDRBWRADDR[11]
                            (rising edge-triggered cell RAMB36E2 clocked by s00_axi_aclk  {rise@0.000ns fall@2.500ns period=5.000ns})
  Path Group:             s00_axi_aclk
  Path Type:              Setup (Max at Slow Process Corner)
  Requirement:            5.000ns  (s00_axi_aclk rise@5.000ns - s00_axi_aclk rise@0.000ns)
  Data Path Delay:        4.469ns  (logic 0.079ns (1.768%)  route 4.390ns (98.232%))
  Logic Levels:           0  
  Clock Path Skew:        0.010ns (DCD - SCD + CPR)
    Destination Clock Delay (DCD):    0.040ns = ( 5.040 - 5.000 ) 
    Source Clock Delay      (SCD):    0.030ns
    Clock Pessimism Removal (CPR):    0.000ns
  Clock Uncertainty:      0.035ns  ((TSJ^2 + TIJ^2)^1/2 + DJ) / 2 + PE
    Total System Jitter     (TSJ):    0.071ns
    Total Input Jitter      (TIJ):    0.000ns
    Discrete Jitter          (DJ):    0.000ns
    Phase Error              (PE):    0.000ns

    Location             Delay type                Incr(ns)  Path(ns)    Netlist Resource(s)
  -------------------------------------------------------------------    -------------------
                         (clock s00_axi_aclk rise edge)
                                                      0.000     0.000 r  
                         propagated clock network latency
                                                      0.030     0.030    
    SLICE_X89Y248        FDRE                         0.000     0.030 r  u_my_ip/u_axi4_mapping/u_gemv/weight_wr_addr_bank_reg[0][8]/C
    SLICE_X89Y248        FDRE (Prop_GFF2_SLICEM_C_Q)
                                                      0.079     0.109 r  u_my_ip/u_axi4_mapping/u_gemv/weight_wr_addr_bank_reg[0][8]/Q
                         net (fo=64, routed)          4.390     4.499    u_my_ip/u_axi4_mapping/u_gemv/GEN_WEIGHT_BANK[0].u_weight_bram_bank/mem_reg_0_bram_0_0[8]
    RAMB36_X0Y61         RAMB36E2                                     r  u_my_ip/u_axi4_mapping/u_gemv/GEN_WEIGHT_BANK[0].u_weight_bram_bank/mem_reg_2_bram_13/ADDRBWRADDR[11]
  -------------------------------------------------------------------    -------------------

                         (clock s00_axi_aclk rise edge)
                                                      5.000     5.000 r  
                         propagated clock network latency
                                                      0.040     5.040    
                         clock pessimism              0.000     5.040    
                         clock uncertainty           -0.035     5.005    
    RAMB36_X0Y61         RAMB36E2 (Setup_RAMB36E2_RAMB36_CLKBWRCLK_ADDRBWRADDR[11])
                                                     -0.303     4.702    u_my_ip/u_axi4_mapping/u_gemv/GEN_WEIGHT_BANK[0].u_weight_bram_bank/mem_reg_2_bram_13
  -------------------------------------------------------------------
                         required time                          4.702    
                         arrival time                          -4.499    
  -------------------------------------------------------------------
                         slack                                  0.202    

Slack (MET) :             0.205ns  (required time - arrival time)
  Source:                 u_my_ip/u_axi4_mapping/u_gemv/weight_wr_addr_bank_reg[3][9]/C
                            (rising edge-triggered cell FDRE clocked by s00_axi_aclk  {rise@0.000ns fall@2.500ns period=5.000ns})
  Destination:            u_my_ip/u_axi4_mapping/u_gemv/GEN_WEIGHT_BANK[3].u_weight_bram_bank/mem_reg_3_bram_11/ADDRBWRADDR[12]
                            (rising edge-triggered cell RAMB36E2 clocked by s00_axi_aclk  {rise@0.000ns fall@2.500ns period=5.000ns})
  Path Group:             s00_axi_aclk
  Path Type:              Setup (Max at Slow Process Corner)
  Requirement:            5.000ns  (s00_axi_aclk rise@5.000ns - s00_axi_aclk rise@0.000ns)
  Data Path Delay:        4.486ns  (logic 0.076ns (1.694%)  route 4.410ns (98.306%))
  Logic Levels:           0  
  Clock Path Skew:        0.010ns (DCD - SCD + CPR)
    Destination Clock Delay (DCD):    0.040ns = ( 5.040 - 5.000 ) 
    Source Clock Delay      (SCD):    0.030ns
    Clock Pessimism Removal (CPR):    0.000ns
  Clock Uncertainty:      0.035ns  ((TSJ^2 + TIJ^2)^1/2 + DJ) / 2 + PE
    Total System Jitter     (TSJ):    0.071ns
    Total Input Jitter      (TIJ):    0.000ns
    Discrete Jitter          (DJ):    0.000ns
    Phase Error              (PE):    0.000ns

    Location             Delay type                Incr(ns)  Path(ns)    Netlist Resource(s)
  -------------------------------------------------------------------    -------------------
                         (clock s00_axi_aclk rise edge)
                                                      0.000     0.000 r  
                         propagated clock network latency
                                                      0.030     0.030    
    SLICE_X89Y203        FDRE                         0.000     0.030 r  u_my_ip/u_axi4_mapping/u_gemv/weight_wr_addr_bank_reg[3][9]/C
    SLICE_X89Y203        FDRE (Prop_FFF_SLICEM_C_Q)
                                                      0.076     0.106 r  u_my_ip/u_axi4_mapping/u_gemv/weight_wr_addr_bank_reg[3][9]/Q
                         net (fo=64, routed)          4.410     4.516    u_my_ip/u_axi4_mapping/u_gemv/GEN_WEIGHT_BANK[3].u_weight_bram_bank/mem_reg_0_bram_0_0[9]
    RAMB36_X4Y13         RAMB36E2                                     r  u_my_ip/u_axi4_mapping/u_gemv/GEN_WEIGHT_BANK[3].u_weight_bram_bank/mem_reg_3_bram_11/ADDRBWRADDR[12]
  -------------------------------------------------------------------    -------------------

                         (clock s00_axi_aclk rise edge)
                                                      5.000     5.000 r  
                         propagated clock network latency
                                                      0.040     5.040    
                         clock pessimism              0.000     5.040    
                         clock uncertainty           -0.035     5.005    
    RAMB36_X4Y13         RAMB36E2 (Setup_RAMB36E2_RAMB36_CLKBWRCLK_ADDRBWRADDR[12])
                                                     -0.284     4.721    u_my_ip/u_axi4_mapping/u_gemv/GEN_WEIGHT_BANK[3].u_weight_bram_bank/mem_reg_3_bram_11
  -------------------------------------------------------------------
                         required time                          4.721    
                         arrival time                          -4.516    
  -------------------------------------------------------------------
                         slack                                  0.205    

Slack (MET) :             0.206ns  (required time - arrival time)
  Source:                 u_my_ip/u_axi4_mapping/u_gemv/weight_wr_addr_bank_reg[0][8]/C
                            (rising edge-triggered cell FDRE clocked by s00_axi_aclk  {rise@0.000ns fall@2.500ns period=5.000ns})
  Destination:            u_my_ip/u_axi4_mapping/u_gemv/GEN_WEIGHT_BANK[0].u_weight_bram_bank/mem_reg_2_bram_1/ADDRBWRADDR[11]
                            (rising edge-triggered cell RAMB36E2 clocked by s00_axi_aclk  {rise@0.000ns fall@2.500ns period=5.000ns})
  Path Group:             s00_axi_aclk
  Path Type:              Setup (Max at Slow Process Corner)
  Requirement:            5.000ns  (s00_axi_aclk rise@5.000ns - s00_axi_aclk rise@0.000ns)
  Data Path Delay:        4.466ns  (logic 0.079ns (1.769%)  route 4.387ns (98.231%))
  Logic Levels:           0  
  Clock Path Skew:        0.010ns (DCD - SCD + CPR)
    Destination Clock Delay (DCD):    0.040ns = ( 5.040 - 5.000 ) 
    Source Clock Delay      (SCD):    0.030ns
    Clock Pessimism Removal (CPR):    0.000ns
  Clock Uncertainty:      0.035ns  ((TSJ^2 + TIJ^2)^1/2 + DJ) / 2 + PE
    Total System Jitter     (TSJ):    0.071ns
    Total Input Jitter      (TIJ):    0.000ns
    Discrete Jitter          (DJ):    0.000ns
    Phase Error              (PE):    0.000ns

    Location             Delay type                Incr(ns)  Path(ns)    Netlist Resource(s)
  -------------------------------------------------------------------    -------------------
                         (clock s00_axi_aclk rise edge)
                                                      0.000     0.000 r  
                         propagated clock network latency
                                                      0.030     0.030    
    SLICE_X89Y248        FDRE                         0.000     0.030 r  u_my_ip/u_axi4_mapping/u_gemv/weight_wr_addr_bank_reg[0][8]/C
    SLICE_X89Y248        FDRE (Prop_GFF2_SLICEM_C_Q)
                                                      0.079     0.109 r  u_my_ip/u_axi4_mapping/u_gemv/weight_wr_addr_bank_reg[0][8]/Q
                         net (fo=64, routed)          4.387     4.496    u_my_ip/u_axi4_mapping/u_gemv/GEN_WEIGHT_BANK[0].u_weight_bram_bank/mem_reg_0_bram_0_0[8]
    RAMB36_X0Y65         RAMB36E2                                     r  u_my_ip/u_axi4_mapping/u_gemv/GEN_WEIGHT_BANK[0].u_weight_bram_bank/mem_reg_2_bram_1/ADDRBWRADDR[11]
  -------------------------------------------------------------------    -------------------

                         (clock s00_axi_aclk rise edge)
                                                      5.000     5.000 r  
                         propagated clock network latency
                                                      0.040     5.040    
                         clock pessimism              0.000     5.040    
                         clock uncertainty           -0.035     5.005    
    RAMB36_X0Y65         RAMB36E2 (Setup_RAMB36E2_RAMB36_CLKBWRCLK_ADDRBWRADDR[11])
                                                     -0.303     4.702    u_my_ip/u_axi4_mapping/u_gemv/GEN_WEIGHT_BANK[0].u_weight_bram_bank/mem_reg_2_bram_1
  -------------------------------------------------------------------
                         required time                          4.702    
                         arrival time                          -4.496    
  -------------------------------------------------------------------
                         slack                                  0.206    

Slack (MET) :             0.210ns  (required time - arrival time)
  Source:                 u_my_ip/u_axi4_mapping/u_gemv/weight_wr_addr_bank_reg[0][5]/C
                            (rising edge-triggered cell FDRE clocked by s00_axi_aclk  {rise@0.000ns fall@2.500ns period=5.000ns})
  Destination:            u_my_ip/u_axi4_mapping/u_gemv/GEN_WEIGHT_BANK[0].u_weight_bram_bank/mem_reg_2_bram_0/ADDRBWRADDR[8]
                            (rising edge-triggered cell RAMB36E2 clocked by s00_axi_aclk  {rise@0.000ns fall@2.500ns period=5.000ns})
  Path Group:             s00_axi_aclk
  Path Type:              Setup (Max at Slow Process Corner)
  Requirement:            5.000ns  (s00_axi_aclk rise@5.000ns - s00_axi_aclk rise@0.000ns)
  Data Path Delay:        4.460ns  (logic 0.079ns (1.771%)  route 4.381ns (98.229%))
  Logic Levels:           0  
  Clock Path Skew:        0.011ns (DCD - SCD + CPR)
    Destination Clock Delay (DCD):    0.040ns = ( 5.040 - 5.000 ) 
    Source Clock Delay      (SCD):    0.029ns
    Clock Pessimism Removal (CPR):    0.000ns
  Clock Uncertainty:      0.035ns  ((TSJ^2 + TIJ^2)^1/2 + DJ) / 2 + PE
    Total System Jitter     (TSJ):    0.071ns
    Total Input Jitter      (TIJ):    0.000ns
    Discrete Jitter          (DJ):    0.000ns
    Phase Error              (PE):    0.000ns

    Location             Delay type                Incr(ns)  Path(ns)    Netlist Resource(s)
  -------------------------------------------------------------------    -------------------
                         (clock s00_axi_aclk rise edge)
                                                      0.000     0.000 r  
                         propagated clock network latency
                                                      0.029     0.029    
    SLICE_X90Y243        FDRE                         0.000     0.029 r  u_my_ip/u_axi4_mapping/u_gemv/weight_wr_addr_bank_reg[0][5]/C
    SLICE_X90Y243        FDRE (Prop_FFF_SLICEL_C_Q)
                                                      0.079     0.108 r  u_my_ip/u_axi4_mapping/u_gemv/weight_wr_addr_bank_reg[0][5]/Q
                         net (fo=64, routed)          4.381     4.489    u_my_ip/u_axi4_mapping/u_gemv/GEN_WEIGHT_BANK[0].u_weight_bram_bank/mem_reg_0_bram_0_0[5]
    RAMB36_X0Y64         RAMB36E2                                     r  u_my_ip/u_axi4_mapping/u_gemv/GEN_WEIGHT_BANK[0].u_weight_bram_bank/mem_reg_2_bram_0/ADDRBWRADDR[8]
  -------------------------------------------------------------------    -------------------

                         (clock s00_axi_aclk rise edge)
                                                      5.000     5.000 r  
                         propagated clock network latency
                                                      0.040     5.040    
                         clock pessimism              0.000     5.040    
                         clock uncertainty           -0.035     5.005    
    RAMB36_X0Y64         RAMB36E2 (Setup_RAMB36E2_RAMB36_CLKBWRCLK_ADDRBWRADDR[8])
                                                     -0.306     4.699    u_my_ip/u_axi4_mapping/u_gemv/GEN_WEIGHT_BANK[0].u_weight_bram_bank/mem_reg_2_bram_0
  -------------------------------------------------------------------
                         required time                          4.699    
                         arrival time                          -4.489    
  -------------------------------------------------------------------
                         slack                                  0.210    

Slack (MET) :             0.212ns  (required time - arrival time)
  Source:                 u_my_ip/u_axi4_mapping/u_gemv/weight_wr_addr_bank_reg[0][10]/C
                            (rising edge-triggered cell FDRE clocked by s00_axi_aclk  {rise@0.000ns fall@2.500ns period=5.000ns})
  Destination:            u_my_ip/u_axi4_mapping/u_gemv/GEN_WEIGHT_BANK[0].u_weight_bram_bank/mem_reg_2_bram_4/ADDRBWRADDR[13]
                            (rising edge-triggered cell RAMB36E2 clocked by s00_axi_aclk  {rise@0.000ns fall@2.500ns period=5.000ns})
  Path Group:             s00_axi_aclk
  Path Type:              Setup (Max at Slow Process Corner)
  Requirement:            5.000ns  (s00_axi_aclk rise@5.000ns - s00_axi_aclk rise@0.000ns)
  Data Path Delay:        4.473ns  (logic 0.076ns (1.699%)  route 4.397ns (98.301%))
  Logic Levels:           0  
  Clock Path Skew:        0.010ns (DCD - SCD + CPR)
    Destination Clock Delay (DCD):    0.040ns = ( 5.040 - 5.000 ) 
    Source Clock Delay      (SCD):    0.030ns
    Clock Pessimism Removal (CPR):    0.000ns
  Clock Uncertainty:      0.035ns  ((TSJ^2 + TIJ^2)^1/2 + DJ) / 2 + PE
    Total System Jitter     (TSJ):    0.071ns
    Total Input Jitter      (TIJ):    0.000ns
    Discrete Jitter          (DJ):    0.000ns
    Phase Error              (PE):    0.000ns

    Location             Delay type                Incr(ns)  Path(ns)    Netlist Resource(s)
  -------------------------------------------------------------------    -------------------
                         (clock s00_axi_aclk rise edge)
                                                      0.000     0.000 r  
                         propagated clock network latency
                                                      0.030     0.030    
    SLICE_X89Y248        FDRE                         0.000     0.030 r  u_my_ip/u_axi4_mapping/u_gemv/weight_wr_addr_bank_reg[0][10]/C
    SLICE_X89Y248        FDRE (Prop_EFF_SLICEM_C_Q)
                                                      0.076     0.106 r  u_my_ip/u_axi4_mapping/u_gemv/weight_wr_addr_bank_reg[0][10]/Q
                         net (fo=64, routed)          4.397     4.503    u_my_ip/u_axi4_mapping/u_gemv/GEN_WEIGHT_BANK[0].u_weight_bram_bank/mem_reg_0_bram_0_0[10]
    RAMB36_X0Y68         RAMB36E2                                     r  u_my_ip/u_axi4_mapping/u_gemv/GEN_WEIGHT_BANK[0].u_weight_bram_bank/mem_reg_2_bram_4/ADDRBWRADDR[13]
  -------------------------------------------------------------------    -------------------

                         (clock s00_axi_aclk rise edge)
                                                      5.000     5.000 r  
                         propagated clock network latency
                                                      0.040     5.040    
                         clock pessimism              0.000     5.040    
                         clock uncertainty           -0.035     5.005    
    RAMB36_X0Y68         RAMB36E2 (Setup_RAMB36E2_RAMB36_CLKBWRCLK_ADDRBWRADDR[13])
                                                     -0.290     4.715    u_my_ip/u_axi4_mapping/u_gemv/GEN_WEIGHT_BANK[0].u_weight_bram_bank/mem_reg_2_bram_4
  -------------------------------------------------------------------
                         required time                          4.715    
                         arrival time                          -4.503    
  -------------------------------------------------------------------
                         slack                                  0.212    

Slack (MET) :             0.213ns  (required time - arrival time)
  Source:                 u_my_ip/u_axi4_mapping/u_gemv/weight_compute_addr_bank_reg[0][1]/C
                            (rising edge-triggered cell FDRE clocked by s00_axi_aclk  {rise@0.000ns fall@2.500ns period=5.000ns})
  Destination:            u_my_ip/u_axi4_mapping/u_gemv/GEN_WEIGHT_BANK[0].u_weight_bram_bank/mem_reg_2_bram_7/ADDRARDADDR[4]
                            (rising edge-triggered cell RAMB36E2 clocked by s00_axi_aclk  {rise@0.000ns fall@2.500ns period=5.000ns})
  Path Group:             s00_axi_aclk
  Path Type:              Setup (Max at Slow Process Corner)
  Requirement:            5.000ns  (s00_axi_aclk rise@5.000ns - s00_axi_aclk rise@0.000ns)
  Data Path Delay:        4.424ns  (logic 0.078ns (1.763%)  route 4.346ns (98.237%))
  Logic Levels:           0  
  Clock Path Skew:        0.009ns (DCD - SCD + CPR)
    Destination Clock Delay (DCD):    0.039ns = ( 5.039 - 5.000 ) 
    Source Clock Delay      (SCD):    0.030ns
    Clock Pessimism Removal (CPR):    0.000ns
  Clock Uncertainty:      0.035ns  ((TSJ^2 + TIJ^2)^1/2 + DJ) / 2 + PE
    Total System Jitter     (TSJ):    0.071ns
    Total Input Jitter      (TIJ):    0.000ns
    Discrete Jitter          (DJ):    0.000ns
    Phase Error              (PE):    0.000ns

    Location             Delay type                Incr(ns)  Path(ns)    Netlist Resource(s)
  -------------------------------------------------------------------    -------------------
                         (clock s00_axi_aclk rise edge)
                                                      0.000     0.000 r  
                         propagated clock network latency
                                                      0.030     0.030    
    SLICE_X94Y239        FDRE                         0.000     0.030 r  u_my_ip/u_axi4_mapping/u_gemv/weight_compute_addr_bank_reg[0][1]/C
    SLICE_X94Y239        FDRE (Prop_BFF_SLICEM_C_Q)
                                                      0.078     0.108 r  u_my_ip/u_axi4_mapping/u_gemv/weight_compute_addr_bank_reg[0][1]/Q
                         net (fo=65, routed)          4.346     4.454    u_my_ip/u_axi4_mapping/u_gemv/GEN_WEIGHT_BANK[0].u_weight_bram_bank/out[1]
    RAMB36_X0Y71         RAMB36E2                                     r  u_my_ip/u_axi4_mapping/u_gemv/GEN_WEIGHT_BANK[0].u_weight_bram_bank/mem_reg_2_bram_7/ADDRARDADDR[4]
  -------------------------------------------------------------------    -------------------

                         (clock s00_axi_aclk rise edge)
                                                      5.000     5.000 r  
                         propagated clock network latency
                                                      0.039     5.039    
                         clock pessimism              0.000     5.039    
                         clock uncertainty           -0.035     5.004    
    RAMB36_X0Y71         RAMB36E2 (Setup_RAMB36E2_RAMB36_CLKARDCLK_ADDRARDADDR[4])
                                                     -0.337     4.667    u_my_ip/u_axi4_mapping/u_gemv/GEN_WEIGHT_BANK[0].u_weight_bram_bank/mem_reg_2_bram_7
  -------------------------------------------------------------------
                         required time                          4.667    
                         arrival time                          -4.454    
  -------------------------------------------------------------------
                         slack                                  0.213    

Slack (MET) :             0.214ns  (required time - arrival time)
  Source:                 u_my_ip/u_axi4_mapping/u_gemv/weight_wr_addr_bank_reg[0][8]/C
                            (rising edge-triggered cell FDRE clocked by s00_axi_aclk  {rise@0.000ns fall@2.500ns period=5.000ns})
  Destination:            u_my_ip/u_axi4_mapping/u_gemv/GEN_WEIGHT_BANK[0].u_weight_bram_bank/mem_reg_2_bram_3/ADDRBWRADDR[11]
                            (rising edge-triggered cell RAMB36E2 clocked by s00_axi_aclk  {rise@0.000ns fall@2.500ns period=5.000ns})
  Path Group:             s00_axi_aclk
  Path Type:              Setup (Max at Slow Process Corner)
  Requirement:            5.000ns  (s00_axi_aclk rise@5.000ns - s00_axi_aclk rise@0.000ns)
  Data Path Delay:        4.458ns  (logic 0.079ns (1.772%)  route 4.379ns (98.228%))
  Logic Levels:           0  
  Clock Path Skew:        0.010ns (DCD - SCD + CPR)
    Destination Clock Delay (DCD):    0.040ns = ( 5.040 - 5.000 ) 
    Source Clock Delay      (SCD):    0.030ns
    Clock Pessimism Removal (CPR):    0.000ns
  Clock Uncertainty:      0.035ns  ((TSJ^2 + TIJ^2)^1/2 + DJ) / 2 + PE
    Total System Jitter     (TSJ):    0.071ns
    Total Input Jitter      (TIJ):    0.000ns
    Discrete Jitter          (DJ):    0.000ns
    Phase Error              (PE):    0.000ns

    Location             Delay type                Incr(ns)  Path(ns)    Netlist Resource(s)
  -------------------------------------------------------------------    -------------------
                         (clock s00_axi_aclk rise edge)
                                                      0.000     0.000 r  
                         propagated clock network latency
                                                      0.030     0.030    
    SLICE_X89Y248        FDRE                         0.000     0.030 r  u_my_ip/u_axi4_mapping/u_gemv/weight_wr_addr_bank_reg[0][8]/C
    SLICE_X89Y248        FDRE (Prop_GFF2_SLICEM_C_Q)
                                                      0.079     0.109 r  u_my_ip/u_axi4_mapping/u_gemv/weight_wr_addr_bank_reg[0][8]/Q
                         net (fo=64, routed)          4.379     4.488    u_my_ip/u_axi4_mapping/u_gemv/GEN_WEIGHT_BANK[0].u_weight_bram_bank/mem_reg_0_bram_0_0[8]
    RAMB36_X0Y67         RAMB36E2                                     r  u_my_ip/u_axi4_mapping/u_gemv/GEN_WEIGHT_BANK[0].u_weight_bram_bank/mem_reg_2_bram_3/ADDRBWRADDR[11]
  -------------------------------------------------------------------    -------------------

                         (clock s00_axi_aclk rise edge)
                                                      5.000     5.000 r  
                         propagated clock network latency
                                                      0.040     5.040    
                         clock pessimism              0.000     5.040    
                         clock uncertainty           -0.035     5.005    
    RAMB36_X0Y67         RAMB36E2 (Setup_RAMB36E2_RAMB36_CLKBWRCLK_ADDRBWRADDR[11])
                                                     -0.303     4.702    u_my_ip/u_axi4_mapping/u_gemv/GEN_WEIGHT_BANK[0].u_weight_bram_bank/mem_reg_2_bram_3
  -------------------------------------------------------------------
                         required time                          4.702    
                         arrival time                          -4.488    
  -------------------------------------------------------------------
                         slack                                  0.214    

Slack (MET) :             0.215ns  (required time - arrival time)
  Source:                 u_my_ip/u_axi4_mapping/u_gemv/weight_wr_addr_bank_reg[0][8]/C
                            (rising edge-triggered cell FDRE clocked by s00_axi_aclk  {rise@0.000ns fall@2.500ns period=5.000ns})
  Destination:            u_my_ip/u_axi4_mapping/u_gemv/GEN_WEIGHT_BANK[0].u_weight_bram_bank/mem_reg_2_bram_15/ADDRBWRADDR[11]
                            (rising edge-triggered cell RAMB36E2 clocked by s00_axi_aclk  {rise@0.000ns fall@2.500ns period=5.000ns})
  Path Group:             s00_axi_aclk
  Path Type:              Setup (Max at Slow Process Corner)
  Requirement:            5.000ns  (s00_axi_aclk rise@5.000ns - s00_axi_aclk rise@0.000ns)
  Data Path Delay:        4.457ns  (logic 0.079ns (1.772%)  route 4.378ns (98.228%))
  Logic Levels:           0  
  Clock Path Skew:        0.010ns (DCD - SCD + CPR)
    Destination Clock Delay (DCD):    0.040ns = ( 5.040 - 5.000 ) 
    Source Clock Delay      (SCD):    0.030ns
    Clock Pessimism Removal (CPR):    0.000ns
  Clock Uncertainty:      0.035ns  ((TSJ^2 + TIJ^2)^1/2 + DJ) / 2 + PE
    Total System Jitter     (TSJ):    0.071ns
    Total Input Jitter      (TIJ):    0.000ns
    Discrete Jitter          (DJ):    0.000ns
    Phase Error              (PE):    0.000ns

    Location             Delay type                Incr(ns)  Path(ns)    Netlist Resource(s)
  -------------------------------------------------------------------    -------------------
                         (clock s00_axi_aclk rise edge)
                                                      0.000     0.000 r  
                         propagated clock network latency
                                                      0.030     0.030    
    SLICE_X89Y248        FDRE                         0.000     0.030 r  u_my_ip/u_axi4_mapping/u_gemv/weight_wr_addr_bank_reg[0][8]/C
    SLICE_X89Y248        FDRE (Prop_GFF2_SLICEM_C_Q)
                                                      0.079     0.109 r  u_my_ip/u_axi4_mapping/u_gemv/weight_wr_addr_bank_reg[0][8]/Q
                         net (fo=64, routed)          4.378     4.487    u_my_ip/u_axi4_mapping/u_gemv/GEN_WEIGHT_BANK[0].u_weight_bram_bank/mem_reg_0_bram_0_0[8]
    RAMB36_X0Y63         RAMB36E2                                     r  u_my_ip/u_axi4_mapping/u_gemv/GEN_WEIGHT_BANK[0].u_weight_bram_bank/mem_reg_2_bram_15/ADDRBWRADDR[11]
  -------------------------------------------------------------------    -------------------

                         (clock s00_axi_aclk rise edge)
                                                      5.000     5.000 r  
                         propagated clock network latency
                                                      0.040     5.040    
                         clock pessimism              0.000     5.040    
                         clock uncertainty           -0.035     5.005    
    RAMB36_X0Y63         RAMB36E2 (Setup_RAMB36E2_RAMB36_CLKBWRCLK_ADDRBWRADDR[11])
                                                     -0.303     4.702    u_my_ip/u_axi4_mapping/u_gemv/GEN_WEIGHT_BANK[0].u_weight_bram_bank/mem_reg_2_bram_15
  -------------------------------------------------------------------
                         required time                          4.702    
                         arrival time                          -4.487    
  -------------------------------------------------------------------
                         slack                                  0.215    

Slack (MET) :             0.223ns  (required time - arrival time)
  Source:                 u_my_ip/u_axi4_mapping/u_gemv/weight_wr_addr_bank_reg[0][0]/C
                            (rising edge-triggered cell FDRE clocked by s00_axi_aclk  {rise@0.000ns fall@2.500ns period=5.000ns})
  Destination:            u_my_ip/u_axi4_mapping/u_gemv/GEN_WEIGHT_BANK[0].u_weight_bram_bank/mem_reg_2_bram_3/ADDRBWRADDR[3]
                            (rising edge-triggered cell RAMB36E2 clocked by s00_axi_aclk  {rise@0.000ns fall@2.500ns period=5.000ns})
  Path Group:             s00_axi_aclk
  Path Type:              Setup (Max at Slow Process Corner)
  Requirement:            5.000ns  (s00_axi_aclk rise@5.000ns - s00_axi_aclk rise@0.000ns)
  Data Path Delay:        4.418ns  (logic 0.076ns (1.720%)  route 4.342ns (98.280%))
  Logic Levels:           0  
  Clock Path Skew:        0.010ns (DCD - SCD + CPR)
    Destination Clock Delay (DCD):    0.040ns = ( 5.040 - 5.000 ) 
    Source Clock Delay      (SCD):    0.030ns
    Clock Pessimism Removal (CPR):    0.000ns
  Clock Uncertainty:      0.035ns  ((TSJ^2 + TIJ^2)^1/2 + DJ) / 2 + PE
    Total System Jitter     (TSJ):    0.071ns
    Total Input Jitter      (TIJ):    0.000ns
    Discrete Jitter          (DJ):    0.000ns
    Phase Error              (PE):    0.000ns

    Location             Delay type                Incr(ns)  Path(ns)    Netlist Resource(s)
  -------------------------------------------------------------------    -------------------
                         (clock s00_axi_aclk rise edge)
                                                      0.000     0.000 r  
                         propagated clock network latency
                                                      0.030     0.030    
    SLICE_X89Y243        FDRE                         0.000     0.030 r  u_my_ip/u_axi4_mapping/u_gemv/weight_wr_addr_bank_reg[0][0]/C
    SLICE_X89Y243        FDRE (Prop_EFF_SLICEM_C_Q)
                                                      0.076     0.106 r  u_my_ip/u_axi4_mapping/u_gemv/weight_wr_addr_bank_reg[0][0]/Q
                         net (fo=64, routed)          4.342     4.448    u_my_ip/u_axi4_mapping/u_gemv/GEN_WEIGHT_BANK[0].u_weight_bram_bank/mem_reg_0_bram_0_0[0]
    RAMB36_X0Y67         RAMB36E2                                     r  u_my_ip/u_axi4_mapping/u_gemv/GEN_WEIGHT_BANK[0].u_weight_bram_bank/mem_reg_2_bram_3/ADDRBWRADDR[3]
  -------------------------------------------------------------------    -------------------

                         (clock s00_axi_aclk rise edge)
                                                      5.000     5.000 r  
                         propagated clock network latency
                                                      0.040     5.040    
                         clock pessimism              0.000     5.040    
                         clock uncertainty           -0.035     5.005    
    RAMB36_X0Y67         RAMB36E2 (Setup_RAMB36E2_RAMB36_CLKBWRCLK_ADDRBWRADDR[3])
                                                     -0.334     4.671    u_my_ip/u_axi4_mapping/u_gemv/GEN_WEIGHT_BANK[0].u_weight_bram_bank/mem_reg_2_bram_3
  -------------------------------------------------------------------
                         required time                          4.671    
                         arrival time                          -4.448    
  -------------------------------------------------------------------
                         slack                                  0.223    

Slack (MET) :             0.224ns  (required time - arrival time)
  Source:                 u_my_ip/u_axi4_mapping/u_gemv/weight_wr_addr_bank_reg[0][10]/C
                            (rising edge-triggered cell FDRE clocked by s00_axi_aclk  {rise@0.000ns fall@2.500ns period=5.000ns})
  Destination:            u_my_ip/u_axi4_mapping/u_gemv/GEN_WEIGHT_BANK[0].u_weight_bram_bank/mem_reg_2_bram_9/ADDRBWRADDR[13]
                            (rising edge-triggered cell RAMB36E2 clocked by s00_axi_aclk  {rise@0.000ns fall@2.500ns period=5.000ns})
  Path Group:             s00_axi_aclk
  Path Type:              Setup (Max at Slow Process Corner)
  Requirement:            5.000ns  (s00_axi_aclk rise@5.000ns - s00_axi_aclk rise@0.000ns)
  Data Path Delay:        4.461ns  (logic 0.076ns (1.704%)  route 4.385ns (98.296%))
  Logic Levels:           0  
  Clock Path Skew:        0.010ns (DCD - SCD + CPR)
    Destination Clock Delay (DCD):    0.040ns = ( 5.040 - 5.000 ) 
    Source Clock Delay      (SCD):    0.030ns
    Clock Pessimism Removal (CPR):    0.000ns
  Clock Uncertainty:      0.035ns  ((TSJ^2 + TIJ^2)^1/2 + DJ) / 2 + PE
    Total System Jitter     (TSJ):    0.071ns
    Total Input Jitter      (TIJ):    0.000ns
    Discrete Jitter          (DJ):    0.000ns
    Phase Error              (PE):    0.000ns

    Location             Delay type                Incr(ns)  Path(ns)    Netlist Resource(s)
  -------------------------------------------------------------------    -------------------
                         (clock s00_axi_aclk rise edge)
                                                      0.000     0.000 r  
                         propagated clock network latency
                                                      0.030     0.030    
    SLICE_X89Y248        FDRE                         0.000     0.030 r  u_my_ip/u_axi4_mapping/u_gemv/weight_wr_addr_bank_reg[0][10]/C
    SLICE_X89Y248        FDRE (Prop_EFF_SLICEM_C_Q)
                                                      0.076     0.106 r  u_my_ip/u_axi4_mapping/u_gemv/weight_wr_addr_bank_reg[0][10]/Q
                         net (fo=64, routed)          4.385     4.491    u_my_ip/u_axi4_mapping/u_gemv/GEN_WEIGHT_BANK[0].u_weight_bram_bank/mem_reg_0_bram_0_0[10]
    RAMB36_X0Y57         RAMB36E2                                     r  u_my_ip/u_axi4_mapping/u_gemv/GEN_WEIGHT_BANK[0].u_weight_bram_bank/mem_reg_2_bram_9/ADDRBWRADDR[13]
  -------------------------------------------------------------------    -------------------

                         (clock s00_axi_aclk rise edge)
                                                      5.000     5.000 r  
                         propagated clock network latency
                                                      0.040     5.040    
                         clock pessimism              0.000     5.040    
                         clock uncertainty           -0.035     5.005    
    RAMB36_X0Y57         RAMB36E2 (Setup_RAMB36E2_RAMB36_CLKBWRCLK_ADDRBWRADDR[13])
                                                     -0.290     4.715    u_my_ip/u_axi4_mapping/u_gemv/GEN_WEIGHT_BANK[0].u_weight_bram_bank/mem_reg_2_bram_9
  -------------------------------------------------------------------
                         required time                          4.715    
                         arrival time                          -4.491    
  -------------------------------------------------------------------
                         slack                                  0.224    

Slack (MET) :             0.226ns  (required time - arrival time)
  Source:                 u_my_ip/u_axi4_mapping/u_gemv/weight_wr_addr_bank_reg[3][11]/C
                            (rising edge-triggered cell FDRE clocked by s00_axi_aclk  {rise@0.000ns fall@2.500ns period=5.000ns})
  Destination:            u_my_ip/u_axi4_mapping/u_gemv/GEN_WEIGHT_BANK[3].u_weight_bram_bank/mem_reg_3_bram_1/ADDRBWRADDR[14]
                            (rising edge-triggered cell RAMB36E2 clocked by s00_axi_aclk  {rise@0.000ns fall@2.500ns period=5.000ns})
  Path Group:             s00_axi_aclk
  Path Type:              Setup (Max at Slow Process Corner)
  Requirement:            5.000ns  (s00_axi_aclk rise@5.000ns - s00_axi_aclk rise@0.000ns)
  Data Path Delay:        4.420ns  (logic 0.076ns (1.720%)  route 4.344ns (98.280%))
  Logic Levels:           0  
  Clock Path Skew:        0.010ns (DCD - SCD + CPR)
    Destination Clock Delay (DCD):    0.040ns = ( 5.040 - 5.000 ) 
    Source Clock Delay      (SCD):    0.030ns
    Clock Pessimism Removal (CPR):    0.000ns
  Clock Uncertainty:      0.035ns  ((TSJ^2 + TIJ^2)^1/2 + DJ) / 2 + PE
    Total System Jitter     (TSJ):    0.071ns
    Total Input Jitter      (TIJ):    0.000ns
    Discrete Jitter          (DJ):    0.000ns
    Phase Error              (PE):    0.000ns

    Location             Delay type                Incr(ns)  Path(ns)    Netlist Resource(s)
  -------------------------------------------------------------------    -------------------
                         (clock s00_axi_aclk rise edge)
                                                      0.000     0.000 r  
                         propagated clock network latency
                                                      0.030     0.030    
    SLICE_X89Y212        FDRE                         0.000     0.030 r  u_my_ip/u_axi4_mapping/u_gemv/weight_wr_addr_bank_reg[3][11]/C
    SLICE_X89Y212        FDRE (Prop_FFF_SLICEM_C_Q)
                                                      0.076     0.106 r  u_my_ip/u_axi4_mapping/u_gemv/weight_wr_addr_bank_reg[3][11]/Q
                         net (fo=64, routed)          4.344     4.450    u_my_ip/u_axi4_mapping/u_gemv/GEN_WEIGHT_BANK[3].u_weight_bram_bank/mem_reg_0_bram_0_0[11]
    RAMB36_X4Y3          RAMB36E2                                     r  u_my_ip/u_axi4_mapping/u_gemv/GEN_WEIGHT_BANK[3].u_weight_bram_bank/mem_reg_3_bram_1/ADDRBWRADDR[14]
  -------------------------------------------------------------------    -------------------

                         (clock s00_axi_aclk rise edge)
                                                      5.000     5.000 r  
                         propagated clock network latency
                                                      0.040     5.040    
                         clock pessimism              0.000     5.040    
                         clock uncertainty           -0.035     5.005    
    RAMB36_X4Y3          RAMB36E2 (Setup_RAMB36E2_RAMB36_CLKBWRCLK_ADDRBWRADDR[14])
                                                     -0.329     4.676    u_my_ip/u_axi4_mapping/u_gemv/GEN_WEIGHT_BANK[3].u_weight_bram_bank/mem_reg_3_bram_1
  -------------------------------------------------------------------
                         required time                          4.676    
                         arrival time                          -4.450    
  -------------------------------------------------------------------
                         slack                                  0.226    

Slack (MET) :             0.227ns  (required time - arrival time)
  Source:                 u_my_ip/u_axi4_mapping/u_gemv/weight_wr_addr_bank_reg[1][7]/C
                            (rising edge-triggered cell FDRE clocked by s00_axi_aclk  {rise@0.000ns fall@2.500ns period=5.000ns})
  Destination:            u_my_ip/u_axi4_mapping/u_gemv/GEN_WEIGHT_BANK[1].u_weight_bram_bank/mem_reg_1_bram_12/ADDRBWRADDR[10]
                            (rising edge-triggered cell RAMB36E2 clocked by s00_axi_aclk  {rise@0.000ns fall@2.500ns period=5.000ns})
  Path Group:             s00_axi_aclk
  Path Type:              Setup (Max at Slow Process Corner)
  Requirement:            5.000ns  (s00_axi_aclk rise@5.000ns - s00_axi_aclk rise@0.000ns)
  Data Path Delay:        4.439ns  (logic 0.081ns (1.825%)  route 4.358ns (98.175%))
  Logic Levels:           0  
  Clock Path Skew:        0.011ns (DCD - SCD + CPR)
    Destination Clock Delay (DCD):    0.040ns = ( 5.040 - 5.000 ) 
    Source Clock Delay      (SCD):    0.029ns
    Clock Pessimism Removal (CPR):    0.000ns
  Clock Uncertainty:      0.035ns  ((TSJ^2 + TIJ^2)^1/2 + DJ) / 2 + PE
    Total System Jitter     (TSJ):    0.071ns
    Total Input Jitter      (TIJ):    0.000ns
    Discrete Jitter          (DJ):    0.000ns
    Phase Error              (PE):    0.000ns

    Location             Delay type                Incr(ns)  Path(ns)    Netlist Resource(s)
  -------------------------------------------------------------------    -------------------
                         (clock s00_axi_aclk rise edge)
                                                      0.000     0.000 r  
                         propagated clock network latency
                                                      0.029     0.029    
    SLICE_X87Y203        FDRE                         0.000     0.029 r  u_my_ip/u_axi4_mapping/u_gemv/weight_wr_addr_bank_reg[1][7]/C
    SLICE_X87Y203        FDRE (Prop_EFF2_SLICEL_C_Q)
                                                      0.081     0.110 r  u_my_ip/u_axi4_mapping/u_gemv/weight_wr_addr_bank_reg[1][7]/Q
                         net (fo=64, routed)          4.358     4.468    u_my_ip/u_axi4_mapping/u_gemv/GEN_WEIGHT_BANK[1].u_weight_bram_bank/mem_reg_0_bram_0_0[7]
    RAMB36_X1Y25         RAMB36E2                                     r  u_my_ip/u_axi4_mapping/u_gemv/GEN_WEIGHT_BANK[1].u_weight_bram_bank/mem_reg_1_bram_12/ADDRBWRADDR[10]
  -------------------------------------------------------------------    -------------------

                         (clock s00_axi_aclk rise edge)
                                                      5.000     5.000 r  
                         propagated clock network latency
                                                      0.040     5.040    
                         clock pessimism              0.000     5.040    
                         clock uncertainty           -0.035     5.005    
    RAMB36_X1Y25         RAMB36E2 (Setup_RAMB36E2_RAMB36_CLKBWRCLK_ADDRBWRADDR[10])
                                                     -0.309     4.696    u_my_ip/u_axi4_mapping/u_gemv/GEN_WEIGHT_BANK[1].u_weight_bram_bank/mem_reg_1_bram_12
  -------------------------------------------------------------------
                         required time                          4.696    
                         arrival time                          -4.468    
  -------------------------------------------------------------------
                         slack                                  0.227    

Slack (MET) :             0.231ns  (required time - arrival time)
  Source:                 u_my_ip/u_axi4_mapping/u_gemv/weight_wr_addr_bank_reg[1][7]/C
                            (rising edge-triggered cell FDRE clocked by s00_axi_aclk  {rise@0.000ns fall@2.500ns period=5.000ns})
  Destination:            u_my_ip/u_axi4_mapping/u_gemv/GEN_WEIGHT_BANK[1].u_weight_bram_bank/mem_reg_2_bram_11/ADDRBWRADDR[10]
                            (rising edge-triggered cell RAMB36E2 clocked by s00_axi_aclk  {rise@0.000ns fall@2.500ns period=5.000ns})
  Path Group:             s00_axi_aclk
  Path Type:              Setup (Max at Slow Process Corner)
  Requirement:            5.000ns  (s00_axi_aclk rise@5.000ns - s00_axi_aclk rise@0.000ns)
  Data Path Delay:        4.436ns  (logic 0.081ns (1.826%)  route 4.355ns (98.174%))
  Logic Levels:           0  
  Clock Path Skew:        0.011ns (DCD - SCD + CPR)
    Destination Clock Delay (DCD):    0.040ns = ( 5.040 - 5.000 ) 
    Source Clock Delay      (SCD):    0.029ns
    Clock Pessimism Removal (CPR):    0.000ns
  Clock Uncertainty:      0.035ns  ((TSJ^2 + TIJ^2)^1/2 + DJ) / 2 + PE
    Total System Jitter     (TSJ):    0.071ns
    Total Input Jitter      (TIJ):    0.000ns
    Discrete Jitter          (DJ):    0.000ns
    Phase Error              (PE):    0.000ns

    Location             Delay type                Incr(ns)  Path(ns)    Netlist Resource(s)
  -------------------------------------------------------------------    -------------------
                         (clock s00_axi_aclk rise edge)
                                                      0.000     0.000 r  
                         propagated clock network latency
                                                      0.029     0.029    
    SLICE_X87Y203        FDRE                         0.000     0.029 r  u_my_ip/u_axi4_mapping/u_gemv/weight_wr_addr_bank_reg[1][7]/C
    SLICE_X87Y203        FDRE (Prop_EFF2_SLICEL_C_Q)
                                                      0.081     0.110 r  u_my_ip/u_axi4_mapping/u_gemv/weight_wr_addr_bank_reg[1][7]/Q
                         net (fo=64, routed)          4.355     4.465    u_my_ip/u_axi4_mapping/u_gemv/GEN_WEIGHT_BANK[1].u_weight_bram_bank/mem_reg_0_bram_0_0[7]
    RAMB36_X1Y16         RAMB36E2                                     r  u_my_ip/u_axi4_mapping/u_gemv/GEN_WEIGHT_BANK[1].u_weight_bram_bank/mem_reg_2_bram_11/ADDRBWRADDR[10]
  -------------------------------------------------------------------    -------------------

                         (clock s00_axi_aclk rise edge)
                                                      5.000     5.000 r  
                         propagated clock network latency
                                                      0.040     5.040    
                         clock pessimism              0.000     5.040    
                         clock uncertainty           -0.035     5.005    
    RAMB36_X1Y16         RAMB36E2 (Setup_RAMB36E2_RAMB36_CLKBWRCLK_ADDRBWRADDR[10])
                                                     -0.309     4.696    u_my_ip/u_axi4_mapping/u_gemv/GEN_WEIGHT_BANK[1].u_weight_bram_bank/mem_reg_2_bram_11
  -------------------------------------------------------------------
                         required time                          4.696    
                         arrival time                          -4.465    
  -------------------------------------------------------------------
                         slack                                  0.231    

Slack (MET) :             0.232ns  (required time - arrival time)
  Source:                 u_my_ip/u_axi4_mapping/u_gemv/weight_wr_addr_bank_reg[1][7]/C
                            (rising edge-triggered cell FDRE clocked by s00_axi_aclk  {rise@0.000ns fall@2.500ns period=5.000ns})
  Destination:            u_my_ip/u_axi4_mapping/u_gemv/GEN_WEIGHT_BANK[1].u_weight_bram_bank/mem_reg_1_bram_6/ADDRBWRADDR[10]
                            (rising edge-triggered cell RAMB36E2 clocked by s00_axi_aclk  {rise@0.000ns fall@2.500ns period=5.000ns})
  Path Group:             s00_axi_aclk
  Path Type:              Setup (Max at Slow Process Corner)
  Requirement:            5.000ns  (s00_axi_aclk rise@5.000ns - s00_axi_aclk rise@0.000ns)
  Data Path Delay:        4.435ns  (logic 0.081ns (1.827%)  route 4.354ns (98.173%))
  Logic Levels:           0  
  Clock Path Skew:        0.011ns (DCD - SCD + CPR)
    Destination Clock Delay (DCD):    0.040ns = ( 5.040 - 5.000 ) 
    Source Clock Delay      (SCD):    0.029ns
    Clock Pessimism Removal (CPR):    0.000ns
  Clock Uncertainty:      0.035ns  ((TSJ^2 + TIJ^2)^1/2 + DJ) / 2 + PE
    Total System Jitter     (TSJ):    0.071ns
    Total Input Jitter      (TIJ):    0.000ns
    Discrete Jitter          (DJ):    0.000ns
    Phase Error              (PE):    0.000ns

    Location             Delay type                Incr(ns)  Path(ns)    Netlist Resource(s)
  -------------------------------------------------------------------    -------------------
                         (clock s00_axi_aclk rise edge)
                                                      0.000     0.000 r  
                         propagated clock network latency
                                                      0.029     0.029    
    SLICE_X87Y203        FDRE                         0.000     0.029 r  u_my_ip/u_axi4_mapping/u_gemv/weight_wr_addr_bank_reg[1][7]/C
    SLICE_X87Y203        FDRE (Prop_EFF2_SLICEL_C_Q)
                                                      0.081     0.110 r  u_my_ip/u_axi4_mapping/u_gemv/weight_wr_addr_bank_reg[1][7]/Q
                         net (fo=64, routed)          4.354     4.464    u_my_ip/u_axi4_mapping/u_gemv/GEN_WEIGHT_BANK[1].u_weight_bram_bank/mem_reg_0_bram_0_0[7]
    RAMB36_X0Y54         RAMB36E2                                     r  u_my_ip/u_axi4_mapping/u_gemv/GEN_WEIGHT_BANK[1].u_weight_bram_bank/mem_reg_1_bram_6/ADDRBWRADDR[10]
  -------------------------------------------------------------------    -------------------

                         (clock s00_axi_aclk rise edge)
                                                      5.000     5.000 r  
                         propagated clock network latency
                                                      0.040     5.040    
                         clock pessimism              0.000     5.040    
                         clock uncertainty           -0.035     5.005    
    RAMB36_X0Y54         RAMB36E2 (Setup_RAMB36E2_RAMB36_CLKBWRCLK_ADDRBWRADDR[10])
                                                     -0.309     4.696    u_my_ip/u_axi4_mapping/u_gemv/GEN_WEIGHT_BANK[1].u_weight_bram_bank/mem_reg_1_bram_6
  -------------------------------------------------------------------
                         required time                          4.696    
                         arrival time                          -4.464    
  -------------------------------------------------------------------
                         slack                                  0.232    

Slack (MET) :             0.234ns  (required time - arrival time)
  Source:                 u_my_ip/u_axi4_mapping/u_gemv/weight_compute_addr_bank_reg[0][5]/C
                            (rising edge-triggered cell FDRE clocked by s00_axi_aclk  {rise@0.000ns fall@2.500ns period=5.000ns})
  Destination:            u_my_ip/u_axi4_mapping/u_gemv/GEN_WEIGHT_BANK[0].u_weight_bram_bank/mem_reg_0_bram_3/ADDRARDADDR[8]
                            (rising edge-triggered cell RAMB36E2 clocked by s00_axi_aclk  {rise@0.000ns fall@2.500ns period=5.000ns})
  Path Group:             s00_axi_aclk
  Path Type:              Setup (Max at Slow Process Corner)
  Requirement:            5.000ns  (s00_axi_aclk rise@5.000ns - s00_axi_aclk rise@0.000ns)
  Data Path Delay:        4.456ns  (logic 0.076ns (1.705%)  route 4.380ns (98.295%))
  Logic Levels:           0  
  Clock Path Skew:        0.009ns (DCD - SCD + CPR)
    Destination Clock Delay (DCD):    0.039ns = ( 5.039 - 5.000 ) 
    Source Clock Delay      (SCD):    0.030ns
    Clock Pessimism Removal (CPR):    0.000ns
  Clock Uncertainty:      0.035ns  ((TSJ^2 + TIJ^2)^1/2 + DJ) / 2 + PE
    Total System Jitter     (TSJ):    0.071ns
    Total Input Jitter      (TIJ):    0.000ns
    Discrete Jitter          (DJ):    0.000ns
    Phase Error              (PE):    0.000ns

    Location             Delay type                Incr(ns)  Path(ns)    Netlist Resource(s)
  -------------------------------------------------------------------    -------------------
                         (clock s00_axi_aclk rise edge)
                                                      0.000     0.000 r  
                         propagated clock network latency
                                                      0.030     0.030    
    SLICE_X94Y239        FDRE                         0.000     0.030 r  u_my_ip/u_axi4_mapping/u_gemv/weight_compute_addr_bank_reg[0][5]/C
    SLICE_X94Y239        FDRE (Prop_FFF_SLICEM_C_Q)
                                                      0.076     0.106 r  u_my_ip/u_axi4_mapping/u_gemv/weight_compute_addr_bank_reg[0][5]/Q
                         net (fo=65, routed)          4.380     4.486    u_my_ip/u_axi4_mapping/u_gemv/GEN_WEIGHT_BANK[0].u_weight_bram_bank/out[5]
    RAMB36_X1Y56         RAMB36E2                                     r  u_my_ip/u_axi4_mapping/u_gemv/GEN_WEIGHT_BANK[0].u_weight_bram_bank/mem_reg_0_bram_3/ADDRARDADDR[8]
  -------------------------------------------------------------------    -------------------

                         (clock s00_axi_aclk rise edge)
                                                      5.000     5.000 r  
                         propagated clock network latency
                                                      0.039     5.039    
                         clock pessimism              0.000     5.039    
                         clock uncertainty           -0.035     5.004    
    RAMB36_X1Y56         RAMB36E2 (Setup_RAMB36E2_RAMB36_CLKARDCLK_ADDRARDADDR[8])
                                                     -0.283     4.721    u_my_ip/u_axi4_mapping/u_gemv/GEN_WEIGHT_BANK[0].u_weight_bram_bank/mem_reg_0_bram_3
  -------------------------------------------------------------------
                         required time                          4.721    
                         arrival time                          -4.486    
  -------------------------------------------------------------------
                         slack                                  0.234    

Slack (MET) :             0.234ns  (required time - arrival time)
  Source:                 u_my_ip/u_axi4_mapping/u_gemv/weight_compute_addr_bank_reg[1][4]/C
                            (rising edge-triggered cell FDRE clocked by s00_axi_aclk  {rise@0.000ns fall@2.500ns period=5.000ns})
  Destination:            u_my_ip/u_axi4_mapping/u_gemv/GEN_WEIGHT_BANK[1].u_weight_bram_bank/mem_reg_2_bram_10/ADDRARDADDR[7]
                            (rising edge-triggered cell RAMB36E2 clocked by s00_axi_aclk  {rise@0.000ns fall@2.500ns period=5.000ns})
  Path Group:             s00_axi_aclk
  Path Type:              Setup (Max at Slow Process Corner)
  Requirement:            5.000ns  (s00_axi_aclk rise@5.000ns - s00_axi_aclk rise@0.000ns)
  Data Path Delay:        4.473ns  (logic 0.079ns (1.766%)  route 4.394ns (98.234%))
  Logic Levels:           0  
  Clock Path Skew:        0.010ns (DCD - SCD + CPR)
    Destination Clock Delay (DCD):    0.039ns = ( 5.039 - 5.000 ) 
    Source Clock Delay      (SCD):    0.029ns
    Clock Pessimism Removal (CPR):    0.000ns
  Clock Uncertainty:      0.035ns  ((TSJ^2 + TIJ^2)^1/2 + DJ) / 2 + PE
    Total System Jitter     (TSJ):    0.071ns
    Total Input Jitter      (TIJ):    0.000ns
    Discrete Jitter          (DJ):    0.000ns
    Phase Error              (PE):    0.000ns

    Location             Delay type                Incr(ns)  Path(ns)    Netlist Resource(s)
  -------------------------------------------------------------------    -------------------
                         (clock s00_axi_aclk rise edge)
                                                      0.000     0.000 r  
                         propagated clock network latency
                                                      0.029     0.029    
    SLICE_X95Y223        FDRE                         0.000     0.029 r  u_my_ip/u_axi4_mapping/u_gemv/weight_compute_addr_bank_reg[1][4]/C
    SLICE_X95Y223        FDRE (Prop_EFF_SLICEL_C_Q)
                                                      0.079     0.108 r  u_my_ip/u_axi4_mapping/u_gemv/weight_compute_addr_bank_reg[1][4]/Q
                         net (fo=65, routed)          4.394     4.502    u_my_ip/u_axi4_mapping/u_gemv/GEN_WEIGHT_BANK[1].u_weight_bram_bank/out[4]
    RAMB36_X1Y15         RAMB36E2                                     r  u_my_ip/u_axi4_mapping/u_gemv/GEN_WEIGHT_BANK[1].u_weight_bram_bank/mem_reg_2_bram_10/ADDRARDADDR[7]
  -------------------------------------------------------------------    -------------------

                         (clock s00_axi_aclk rise edge)
                                                      5.000     5.000 r  
                         propagated clock network latency
                                                      0.039     5.039    
                         clock pessimism              0.000     5.039    
                         clock uncertainty           -0.035     5.004    
    RAMB36_X1Y15         RAMB36E2 (Setup_RAMB36E2_RAMB36_CLKARDCLK_ADDRARDADDR[7])
                                                     -0.267     4.737    u_my_ip/u_axi4_mapping/u_gemv/GEN_WEIGHT_BANK[1].u_weight_bram_bank/mem_reg_2_bram_10
  -------------------------------------------------------------------
                         required time                          4.737    
                         arrival time                          -4.502    
  -------------------------------------------------------------------
                         slack                                  0.234    

Slack (MET) :             0.237ns  (required time - arrival time)
  Source:                 u_my_ip/u_axi4_mapping/u_gemv/weight_wr_addr_bank_reg[0][0]/C
                            (rising edge-triggered cell FDRE clocked by s00_axi_aclk  {rise@0.000ns fall@2.500ns period=5.000ns})
  Destination:            u_my_ip/u_axi4_mapping/u_gemv/GEN_WEIGHT_BANK[0].u_weight_bram_bank/mem_reg_2_bram_2/ADDRBWRADDR[3]
                            (rising edge-triggered cell RAMB36E2 clocked by s00_axi_aclk  {rise@0.000ns fall@2.500ns period=5.000ns})
  Path Group:             s00_axi_aclk
  Path Type:              Setup (Max at Slow Process Corner)
  Requirement:            5.000ns  (s00_axi_aclk rise@5.000ns - s00_axi_aclk rise@0.000ns)
  Data Path Delay:        4.403ns  (logic 0.076ns (1.726%)  route 4.327ns (98.274%))
  Logic Levels:           0  
  Clock Path Skew:        0.010ns (DCD - SCD + CPR)
    Destination Clock Delay (DCD):    0.040ns = ( 5.040 - 5.000 ) 
    Source Clock Delay      (SCD):    0.030ns
    Clock Pessimism Removal (CPR):    0.000ns
  Clock Uncertainty:      0.035ns  ((TSJ^2 + TIJ^2)^1/2 + DJ) / 2 + PE
    Total System Jitter     (TSJ):    0.071ns
    Total Input Jitter      (TIJ):    0.000ns
    Discrete Jitter          (DJ):    0.000ns
    Phase Error              (PE):    0.000ns

    Location             Delay type                Incr(ns)  Path(ns)    Netlist Resource(s)
  -------------------------------------------------------------------    -------------------
                         (clock s00_axi_aclk rise edge)
                                                      0.000     0.000 r  
                         propagated clock network latency
                                                      0.030     0.030    
    SLICE_X89Y243        FDRE                         0.000     0.030 r  u_my_ip/u_axi4_mapping/u_gemv/weight_wr_addr_bank_reg[0][0]/C
    SLICE_X89Y243        FDRE (Prop_EFF_SLICEM_C_Q)
                                                      0.076     0.106 r  u_my_ip/u_axi4_mapping/u_gemv/weight_wr_addr_bank_reg[0][0]/Q
                         net (fo=64, routed)          4.327     4.433    u_my_ip/u_axi4_mapping/u_gemv/GEN_WEIGHT_BANK[0].u_weight_bram_bank/mem_reg_0_bram_0_0[0]
    RAMB36_X0Y66         RAMB36E2                                     r  u_my_ip/u_axi4_mapping/u_gemv/GEN_WEIGHT_BANK[0].u_weight_bram_bank/mem_reg_2_bram_2/ADDRBWRADDR[3]
  -------------------------------------------------------------------    -------------------

                         (clock s00_axi_aclk rise edge)
                                                      5.000     5.000 r  
                         propagated clock network latency
                                                      0.040     5.040    
                         clock pessimism              0.000     5.040    
                         clock uncertainty           -0.035     5.005    
    RAMB36_X0Y66         RAMB36E2 (Setup_RAMB36E2_RAMB36_CLKBWRCLK_ADDRBWRADDR[3])
                                                     -0.334     4.671    u_my_ip/u_axi4_mapping/u_gemv/GEN_WEIGHT_BANK[0].u_weight_bram_bank/mem_reg_2_bram_2
  -------------------------------------------------------------------
                         required time                          4.671    
                         arrival time                          -4.433    
  -------------------------------------------------------------------
                         slack                                  0.237    

Slack (MET) :             0.239ns  (required time - arrival time)
  Source:                 u_my_ip/u_axi4_mapping/u_gemv/weight_wr_addr_bank_reg[1][7]/C
                            (rising edge-triggered cell FDRE clocked by s00_axi_aclk  {rise@0.000ns fall@2.500ns period=5.000ns})
  Destination:            u_my_ip/u_axi4_mapping/u_gemv/GEN_WEIGHT_BANK[1].u_weight_bram_bank/mem_reg_2_bram_15/ADDRBWRADDR[10]
                            (rising edge-triggered cell RAMB36E2 clocked by s00_axi_aclk  {rise@0.000ns fall@2.500ns period=5.000ns})
  Path Group:             s00_axi_aclk
  Path Type:              Setup (Max at Slow Process Corner)
  Requirement:            5.000ns  (s00_axi_aclk rise@5.000ns - s00_axi_aclk rise@0.000ns)
  Data Path Delay:        4.428ns  (logic 0.081ns (1.829%)  route 4.347ns (98.171%))
  Logic Levels:           0  
  Clock Path Skew:        0.011ns (DCD - SCD + CPR)
    Destination Clock Delay (DCD):    0.040ns = ( 5.040 - 5.000 ) 
    Source Clock Delay      (SCD):    0.029ns
    Clock Pessimism Removal (CPR):    0.000ns
  Clock Uncertainty:      0.035ns  ((TSJ^2 + TIJ^2)^1/2 + DJ) / 2 + PE
    Total System Jitter     (TSJ):    0.071ns
    Total Input Jitter      (TIJ):    0.000ns
    Discrete Jitter          (DJ):    0.000ns
    Phase Error              (PE):    0.000ns

    Location             Delay type                Incr(ns)  Path(ns)    Netlist Resource(s)
  -------------------------------------------------------------------    -------------------
                         (clock s00_axi_aclk rise edge)
                                                      0.000     0.000 r  
                         propagated clock network latency
                                                      0.029     0.029    
    SLICE_X87Y203        FDRE                         0.000     0.029 r  u_my_ip/u_axi4_mapping/u_gemv/weight_wr_addr_bank_reg[1][7]/C
    SLICE_X87Y203        FDRE (Prop_EFF2_SLICEL_C_Q)
                                                      0.081     0.110 r  u_my_ip/u_axi4_mapping/u_gemv/weight_wr_addr_bank_reg[1][7]/Q
                         net (fo=64, routed)          4.347     4.457    u_my_ip/u_axi4_mapping/u_gemv/GEN_WEIGHT_BANK[1].u_weight_bram_bank/mem_reg_0_bram_0_0[7]
    RAMB36_X1Y20         RAMB36E2                                     r  u_my_ip/u_axi4_mapping/u_gemv/GEN_WEIGHT_BANK[1].u_weight_bram_bank/mem_reg_2_bram_15/ADDRBWRADDR[10]
  -------------------------------------------------------------------    -------------------

                         (clock s00_axi_aclk rise edge)
                                                      5.000     5.000 r  
                         propagated clock network latency
                                                      0.040     5.040    
                         clock pessimism              0.000     5.040    
                         clock uncertainty           -0.035     5.005    
    RAMB36_X1Y20         RAMB36E2 (Setup_RAMB36E2_RAMB36_CLKBWRCLK_ADDRBWRADDR[10])
                                                     -0.309     4.696    u_my_ip/u_axi4_mapping/u_gemv/GEN_WEIGHT_BANK[1].u_weight_bram_bank/mem_reg_2_bram_15
  -------------------------------------------------------------------
                         required time                          4.696    
                         arrival time                          -4.457    
  -------------------------------------------------------------------
                         slack                                  0.239    

Slack (MET) :             0.240ns  (required time - arrival time)
  Source:                 u_my_ip/u_axi4_mapping/u_gemv/weight_wr_addr_bank_reg[1][1]/C
                            (rising edge-triggered cell FDRE clocked by s00_axi_aclk  {rise@0.000ns fall@2.500ns period=5.000ns})
  Destination:            u_my_ip/u_axi4_mapping/u_gemv/GEN_WEIGHT_BANK[1].u_weight_bram_bank/mem_reg_1_bram_7/ADDRBWRADDR[4]
                            (rising edge-triggered cell RAMB36E2 clocked by s00_axi_aclk  {rise@0.000ns fall@2.500ns period=5.000ns})
  Path Group:             s00_axi_aclk
  Path Type:              Setup (Max at Slow Process Corner)
  Requirement:            5.000ns  (s00_axi_aclk rise@5.000ns - s00_axi_aclk rise@0.000ns)
  Data Path Delay:        4.392ns  (logic 0.079ns (1.799%)  route 4.313ns (98.201%))
  Logic Levels:           0  
  Clock Path Skew:        0.010ns (DCD - SCD + CPR)
    Destination Clock Delay (DCD):    0.040ns = ( 5.040 - 5.000 ) 
    Source Clock Delay      (SCD):    0.030ns
    Clock Pessimism Removal (CPR):    0.000ns
  Clock Uncertainty:      0.035ns  ((TSJ^2 + TIJ^2)^1/2 + DJ) / 2 + PE
    Total System Jitter     (TSJ):    0.071ns
    Total Input Jitter      (TIJ):    0.000ns
    Discrete Jitter          (DJ):    0.000ns
    Phase Error              (PE):    0.000ns

    Location             Delay type                Incr(ns)  Path(ns)    Netlist Resource(s)
  -------------------------------------------------------------------    -------------------
                         (clock s00_axi_aclk rise edge)
                                                      0.000     0.000 r  
                         propagated clock network latency
                                                      0.030     0.030    
    SLICE_X89Y201        FDRE                         0.000     0.030 r  u_my_ip/u_axi4_mapping/u_gemv/weight_wr_addr_bank_reg[1][1]/C
    SLICE_X89Y201        FDRE (Prop_EFF2_SLICEM_C_Q)
                                                      0.079     0.109 r  u_my_ip/u_axi4_mapping/u_gemv/weight_wr_addr_bank_reg[1][1]/Q
                         net (fo=64, routed)          4.313     4.422    u_my_ip/u_axi4_mapping/u_gemv/GEN_WEIGHT_BANK[1].u_weight_bram_bank/mem_reg_0_bram_0_0[1]
    RAMB36_X0Y55         RAMB36E2                                     r  u_my_ip/u_axi4_mapping/u_gemv/GEN_WEIGHT_BANK[1].u_weight_bram_bank/mem_reg_1_bram_7/ADDRBWRADDR[4]
  -------------------------------------------------------------------    -------------------

                         (clock s00_axi_aclk rise edge)
                                                      5.000     5.000 r  
                         propagated clock network latency
                                                      0.040     5.040    
                         clock pessimism              0.000     5.040    
                         clock uncertainty           -0.035     5.005    
    RAMB36_X0Y55         RAMB36E2 (Setup_RAMB36E2_RAMB36_CLKBWRCLK_ADDRBWRADDR[4])
                                                     -0.343     4.662    u_my_ip/u_axi4_mapping/u_gemv/GEN_WEIGHT_BANK[1].u_weight_bram_bank/mem_reg_1_bram_7
  -------------------------------------------------------------------
                         required time                          4.662    
                         arrival time                          -4.422    
  -------------------------------------------------------------------
                         slack                                  0.240    

Slack (MET) :             0.240ns  (required time - arrival time)
  Source:                 u_my_ip/u_axi4_mapping/u_gemv/weight_compute_addr_bank_reg[0][5]/C
                            (rising edge-triggered cell FDRE clocked by s00_axi_aclk  {rise@0.000ns fall@2.500ns period=5.000ns})
  Destination:            u_my_ip/u_axi4_mapping/u_gemv/GEN_WEIGHT_BANK[0].u_weight_bram_bank/mem_reg_0_bram_4/ADDRARDADDR[8]
                            (rising edge-triggered cell RAMB36E2 clocked by s00_axi_aclk  {rise@0.000ns fall@2.500ns period=5.000ns})
  Path Group:             s00_axi_aclk
  Path Type:              Setup (Max at Slow Process Corner)
  Requirement:            5.000ns  (s00_axi_aclk rise@5.000ns - s00_axi_aclk rise@0.000ns)
  Data Path Delay:        4.451ns  (logic 0.076ns (1.708%)  route 4.375ns (98.292%))
  Logic Levels:           0  
  Clock Path Skew:        0.009ns (DCD - SCD + CPR)
    Destination Clock Delay (DCD):    0.039ns = ( 5.039 - 5.000 ) 
    Source Clock Delay      (SCD):    0.030ns
    Clock Pessimism Removal (CPR):    0.000ns
  Clock Uncertainty:      0.035ns  ((TSJ^2 + TIJ^2)^1/2 + DJ) / 2 + PE
    Total System Jitter     (TSJ):    0.071ns
    Total Input Jitter      (TIJ):    0.000ns
    Discrete Jitter          (DJ):    0.000ns
    Phase Error              (PE):    0.000ns

    Location             Delay type                Incr(ns)  Path(ns)    Netlist Resource(s)
  -------------------------------------------------------------------    -------------------
                         (clock s00_axi_aclk rise edge)
                                                      0.000     0.000 r  
                         propagated clock network latency
                                                      0.030     0.030    
    SLICE_X94Y239        FDRE                         0.000     0.030 r  u_my_ip/u_axi4_mapping/u_gemv/weight_compute_addr_bank_reg[0][5]/C
    SLICE_X94Y239        FDRE (Prop_FFF_SLICEM_C_Q)
                                                      0.076     0.106 r  u_my_ip/u_axi4_mapping/u_gemv/weight_compute_addr_bank_reg[0][5]/Q
                         net (fo=65, routed)          4.375     4.481    u_my_ip/u_axi4_mapping/u_gemv/GEN_WEIGHT_BANK[0].u_weight_bram_bank/out[5]
    RAMB36_X1Y57         RAMB36E2                                     r  u_my_ip/u_axi4_mapping/u_gemv/GEN_WEIGHT_BANK[0].u_weight_bram_bank/mem_reg_0_bram_4/ADDRARDADDR[8]
  -------------------------------------------------------------------    -------------------

                         (clock s00_axi_aclk rise edge)
                                                      5.000     5.000 r  
                         propagated clock network latency
                                                      0.039     5.039    
                         clock pessimism              0.000     5.039    
                         clock uncertainty           -0.035     5.004    
    RAMB36_X1Y57         RAMB36E2 (Setup_RAMB36E2_RAMB36_CLKARDCLK_ADDRARDADDR[8])
                                                     -0.283     4.721    u_my_ip/u_axi4_mapping/u_gemv/GEN_WEIGHT_BANK[0].u_weight_bram_bank/mem_reg_0_bram_4
  -------------------------------------------------------------------
                         required time                          4.721    
                         arrival time                          -4.481    
  -------------------------------------------------------------------
                         slack                                  0.240    

Slack (MET) :             0.243ns  (required time - arrival time)
  Source:                 u_my_ip/u_axi4_mapping/u_gemv/weight_compute_addr_bank_reg[0][5]/C
                            (rising edge-triggered cell FDRE clocked by s00_axi_aclk  {rise@0.000ns fall@2.500ns period=5.000ns})
  Destination:            u_my_ip/u_axi4_mapping/u_gemv/GEN_WEIGHT_BANK[0].u_weight_bram_bank/mem_reg_0_bram_0/ADDRARDADDR[8]
                            (rising edge-triggered cell RAMB36E2 clocked by s00_axi_aclk  {rise@0.000ns fall@2.500ns period=5.000ns})
  Path Group:             s00_axi_aclk
  Path Type:              Setup (Max at Slow Process Corner)
  Requirement:            5.000ns  (s00_axi_aclk rise@5.000ns - s00_axi_aclk rise@0.000ns)
  Data Path Delay:        4.447ns  (logic 0.076ns (1.709%)  route 4.371ns (98.291%))
  Logic Levels:           0  
  Clock Path Skew:        0.009ns (DCD - SCD + CPR)
    Destination Clock Delay (DCD):    0.039ns = ( 5.039 - 5.000 ) 
    Source Clock Delay      (SCD):    0.030ns
    Clock Pessimism Removal (CPR):    0.000ns
  Clock Uncertainty:      0.035ns  ((TSJ^2 + TIJ^2)^1/2 + DJ) / 2 + PE
    Total System Jitter     (TSJ):    0.071ns
    Total Input Jitter      (TIJ):    0.000ns
    Discrete Jitter          (DJ):    0.000ns
    Phase Error              (PE):    0.000ns

    Location             Delay type                Incr(ns)  Path(ns)    Netlist Resource(s)
  -------------------------------------------------------------------    -------------------
                         (clock s00_axi_aclk rise edge)
                                                      0.000     0.000 r  
                         propagated clock network latency
                                                      0.030     0.030    
    SLICE_X94Y239        FDRE                         0.000     0.030 r  u_my_ip/u_axi4_mapping/u_gemv/weight_compute_addr_bank_reg[0][5]/C
    SLICE_X94Y239        FDRE (Prop_FFF_SLICEM_C_Q)
                                                      0.076     0.106 r  u_my_ip/u_axi4_mapping/u_gemv/weight_compute_addr_bank_reg[0][5]/Q
                         net (fo=65, routed)          4.371     4.477    u_my_ip/u_axi4_mapping/u_gemv/GEN_WEIGHT_BANK[0].u_weight_bram_bank/out[5]
    RAMB36_X1Y53         RAMB36E2                                     r  u_my_ip/u_axi4_mapping/u_gemv/GEN_WEIGHT_BANK[0].u_weight_bram_bank/mem_reg_0_bram_0/ADDRARDADDR[8]
  -------------------------------------------------------------------    -------------------

                         (clock s00_axi_aclk rise edge)
                                                      5.000     5.000 r  
                         propagated clock network latency
                                                      0.039     5.039    
                         clock pessimism              0.000     5.039    
                         clock uncertainty           -0.035     5.004    
    RAMB36_X1Y53         RAMB36E2 (Setup_RAMB36E2_RAMB36_CLKARDCLK_ADDRARDADDR[8])
                                                     -0.283     4.721    u_my_ip/u_axi4_mapping/u_gemv/GEN_WEIGHT_BANK[0].u_weight_bram_bank/mem_reg_0_bram_0
  -------------------------------------------------------------------
                         required time                          4.721    
                         arrival time                          -4.477    
  -------------------------------------------------------------------
                         slack                                  0.243    

Slack (MET) :             0.245ns  (required time - arrival time)
  Source:                 u_my_ip/u_axi4_mapping/u_gemv/weight_wr_addr_bank_reg[0][10]/C
                            (rising edge-triggered cell FDRE clocked by s00_axi_aclk  {rise@0.000ns fall@2.500ns period=5.000ns})
  Destination:            u_my_ip/u_axi4_mapping/u_gemv/GEN_WEIGHT_BANK[0].u_weight_bram_bank/mem_reg_2_bram_3/ADDRBWRADDR[13]
                            (rising edge-triggered cell RAMB36E2 clocked by s00_axi_aclk  {rise@0.000ns fall@2.500ns period=5.000ns})
  Path Group:             s00_axi_aclk
  Path Type:              Setup (Max at Slow Process Corner)
  Requirement:            5.000ns  (s00_axi_aclk rise@5.000ns - s00_axi_aclk rise@0.000ns)
  Data Path Delay:        4.440ns  (logic 0.076ns (1.712%)  route 4.364ns (98.288%))
  Logic Levels:           0  
  Clock Path Skew:        0.010ns (DCD - SCD + CPR)
    Destination Clock Delay (DCD):    0.040ns = ( 5.040 - 5.000 ) 
    Source Clock Delay      (SCD):    0.030ns
    Clock Pessimism Removal (CPR):    0.000ns
  Clock Uncertainty:      0.035ns  ((TSJ^2 + TIJ^2)^1/2 + DJ) / 2 + PE
    Total System Jitter     (TSJ):    0.071ns
    Total Input Jitter      (TIJ):    0.000ns
    Discrete Jitter          (DJ):    0.000ns
    Phase Error              (PE):    0.000ns

    Location             Delay type                Incr(ns)  Path(ns)    Netlist Resource(s)
  -------------------------------------------------------------------    -------------------
                         (clock s00_axi_aclk rise edge)
                                                      0.000     0.000 r  
                         propagated clock network latency
                                                      0.030     0.030    
    SLICE_X89Y248        FDRE                         0.000     0.030 r  u_my_ip/u_axi4_mapping/u_gemv/weight_wr_addr_bank_reg[0][10]/C
    SLICE_X89Y248        FDRE (Prop_EFF_SLICEM_C_Q)
                                                      0.076     0.106 r  u_my_ip/u_axi4_mapping/u_gemv/weight_wr_addr_bank_reg[0][10]/Q
                         net (fo=64, routed)          4.364     4.470    u_my_ip/u_axi4_mapping/u_gemv/GEN_WEIGHT_BANK[0].u_weight_bram_bank/mem_reg_0_bram_0_0[10]
    RAMB36_X0Y67         RAMB36E2                                     r  u_my_ip/u_axi4_mapping/u_gemv/GEN_WEIGHT_BANK[0].u_weight_bram_bank/mem_reg_2_bram_3/ADDRBWRADDR[13]
  -------------------------------------------------------------------    -------------------

                         (clock s00_axi_aclk rise edge)
                                                      5.000     5.000 r  
                         propagated clock network latency
                                                      0.040     5.040    
                         clock pessimism              0.000     5.040    
                         clock uncertainty           -0.035     5.005    
    RAMB36_X0Y67         RAMB36E2 (Setup_RAMB36E2_RAMB36_CLKBWRCLK_ADDRBWRADDR[13])
                                                     -0.290     4.715    u_my_ip/u_axi4_mapping/u_gemv/GEN_WEIGHT_BANK[0].u_weight_bram_bank/mem_reg_2_bram_3
  -------------------------------------------------------------------
                         required time                          4.715    
                         arrival time                          -4.470    
  -------------------------------------------------------------------
                         slack                                  0.245    

Slack (MET) :             0.245ns  (required time - arrival time)
  Source:                 u_my_ip/u_axi4_mapping/u_gemv/weight_wr_addr_bank_reg[0][10]/C
                            (rising edge-triggered cell FDRE clocked by s00_axi_aclk  {rise@0.000ns fall@2.500ns period=5.000ns})
  Destination:            u_my_ip/u_axi4_mapping/u_gemv/GEN_WEIGHT_BANK[0].u_weight_bram_bank/mem_reg_2_bram_11/ADDRBWRADDR[13]
                            (rising edge-triggered cell RAMB36E2 clocked by s00_axi_aclk  {rise@0.000ns fall@2.500ns period=5.000ns})
  Path Group:             s00_axi_aclk
  Path Type:              Setup (Max at Slow Process Corner)
  Requirement:            5.000ns  (s00_axi_aclk rise@5.000ns - s00_axi_aclk rise@0.000ns)
  Data Path Delay:        4.440ns  (logic 0.076ns (1.712%)  route 4.364ns (98.288%))
  Logic Levels:           0  
  Clock Path Skew:        0.010ns (DCD - SCD + CPR)
    Destination Clock Delay (DCD):    0.040ns = ( 5.040 - 5.000 ) 
    Source Clock Delay      (SCD):    0.030ns
    Clock Pessimism Removal (CPR):    0.000ns
  Clock Uncertainty:      0.035ns  ((TSJ^2 + TIJ^2)^1/2 + DJ) / 2 + PE
    Total System Jitter     (TSJ):    0.071ns
    Total Input Jitter      (TIJ):    0.000ns
    Discrete Jitter          (DJ):    0.000ns
    Phase Error              (PE):    0.000ns

    Location             Delay type                Incr(ns)  Path(ns)    Netlist Resource(s)
  -------------------------------------------------------------------    -------------------
                         (clock s00_axi_aclk rise edge)
                                                      0.000     0.000 r  
                         propagated clock network latency
                                                      0.030     0.030    
    SLICE_X89Y248        FDRE                         0.000     0.030 r  u_my_ip/u_axi4_mapping/u_gemv/weight_wr_addr_bank_reg[0][10]/C
    SLICE_X89Y248        FDRE (Prop_EFF_SLICEM_C_Q)
                                                      0.076     0.106 r  u_my_ip/u_axi4_mapping/u_gemv/weight_wr_addr_bank_reg[0][10]/Q
                         net (fo=64, routed)          4.364     4.470    u_my_ip/u_axi4_mapping/u_gemv/GEN_WEIGHT_BANK[0].u_weight_bram_bank/mem_reg_0_bram_0_0[10]
    RAMB36_X0Y59         RAMB36E2                                     r  u_my_ip/u_axi4_mapping/u_gemv/GEN_WEIGHT_BANK[0].u_weight_bram_bank/mem_reg_2_bram_11/ADDRBWRADDR[13]
  -------------------------------------------------------------------    -------------------

                         (clock s00_axi_aclk rise edge)
                                                      5.000     5.000 r  
                         propagated clock network latency
                                                      0.040     5.040    
                         clock pessimism              0.000     5.040    
                         clock uncertainty           -0.035     5.005    
    RAMB36_X0Y59         RAMB36E2 (Setup_RAMB36E2_RAMB36_CLKBWRCLK_ADDRBWRADDR[13])
                                                     -0.290     4.715    u_my_ip/u_axi4_mapping/u_gemv/GEN_WEIGHT_BANK[0].u_weight_bram_bank/mem_reg_2_bram_11
  -------------------------------------------------------------------
                         required time                          4.715    
                         arrival time                          -4.470    
  -------------------------------------------------------------------
                         slack                                  0.245    

Slack (MET) :             0.246ns  (required time - arrival time)
  Source:                 u_my_ip/u_axi4_mapping/u_gemv/weight_compute_addr_bank_reg[0][5]/C
                            (rising edge-triggered cell FDRE clocked by s00_axi_aclk  {rise@0.000ns fall@2.500ns period=5.000ns})
  Destination:            u_my_ip/u_axi4_mapping/u_gemv/GEN_WEIGHT_BANK[0].u_weight_bram_bank/mem_reg_2_bram_6/ADDRARDADDR[8]
                            (rising edge-triggered cell RAMB36E2 clocked by s00_axi_aclk  {rise@0.000ns fall@2.500ns period=5.000ns})
  Path Group:             s00_axi_aclk
  Path Type:              Setup (Max at Slow Process Corner)
  Requirement:            5.000ns  (s00_axi_aclk rise@5.000ns - s00_axi_aclk rise@0.000ns)
  Data Path Delay:        4.445ns  (logic 0.076ns (1.710%)  route 4.369ns (98.290%))
  Logic Levels:           0  
  Clock Path Skew:        0.009ns (DCD - SCD + CPR)
    Destination Clock Delay (DCD):    0.039ns = ( 5.039 - 5.000 ) 
    Source Clock Delay      (SCD):    0.030ns
    Clock Pessimism Removal (CPR):    0.000ns
  Clock Uncertainty:      0.035ns  ((TSJ^2 + TIJ^2)^1/2 + DJ) / 2 + PE
    Total System Jitter     (TSJ):    0.071ns
    Total Input Jitter      (TIJ):    0.000ns
    Discrete Jitter          (DJ):    0.000ns
    Phase Error              (PE):    0.000ns

    Location             Delay type                Incr(ns)  Path(ns)    Netlist Resource(s)
  -------------------------------------------------------------------    -------------------
                         (clock s00_axi_aclk rise edge)
                                                      0.000     0.000 r  
                         propagated clock network latency
                                                      0.030     0.030    
    SLICE_X94Y239        FDRE                         0.000     0.030 r  u_my_ip/u_axi4_mapping/u_gemv/weight_compute_addr_bank_reg[0][5]/C
    SLICE_X94Y239        FDRE (Prop_FFF_SLICEM_C_Q)
                                                      0.076     0.106 r  u_my_ip/u_axi4_mapping/u_gemv/weight_compute_addr_bank_reg[0][5]/Q
                         net (fo=65, routed)          4.369     4.475    u_my_ip/u_axi4_mapping/u_gemv/GEN_WEIGHT_BANK[0].u_weight_bram_bank/out[5]
    RAMB36_X0Y70         RAMB36E2                                     r  u_my_ip/u_axi4_mapping/u_gemv/GEN_WEIGHT_BANK[0].u_weight_bram_bank/mem_reg_2_bram_6/ADDRARDADDR[8]
  -------------------------------------------------------------------    -------------------

                         (clock s00_axi_aclk rise edge)
                                                      5.000     5.000 r  
                         propagated clock network latency
                                                      0.039     5.039    
                         clock pessimism              0.000     5.039    
                         clock uncertainty           -0.035     5.004    
    RAMB36_X0Y70         RAMB36E2 (Setup_RAMB36E2_RAMB36_CLKARDCLK_ADDRARDADDR[8])
                                                     -0.283     4.721    u_my_ip/u_axi4_mapping/u_gemv/GEN_WEIGHT_BANK[0].u_weight_bram_bank/mem_reg_2_bram_6
  -------------------------------------------------------------------
                         required time                          4.721    
                         arrival time                          -4.475    
  -------------------------------------------------------------------
                         slack                                  0.246    

Slack (MET) :             0.247ns  (required time - arrival time)
  Source:                 u_my_ip/u_axi4_mapping/u_gemv/weight_wr_addr_bank_reg[3][11]/C
                            (rising edge-triggered cell FDRE clocked by s00_axi_aclk  {rise@0.000ns fall@2.500ns period=5.000ns})
  Destination:            u_my_ip/u_axi4_mapping/u_gemv/GEN_WEIGHT_BANK[3].u_weight_bram_bank/mem_reg_3_bram_4/ADDRBWRADDR[14]
                            (rising edge-triggered cell RAMB36E2 clocked by s00_axi_aclk  {rise@0.000ns fall@2.500ns period=5.000ns})
  Path Group:             s00_axi_aclk
  Path Type:              Setup (Max at Slow Process Corner)
  Requirement:            5.000ns  (s00_axi_aclk rise@5.000ns - s00_axi_aclk rise@0.000ns)
  Data Path Delay:        4.399ns  (logic 0.076ns (1.728%)  route 4.323ns (98.272%))
  Logic Levels:           0  
  Clock Path Skew:        0.010ns (DCD - SCD + CPR)
    Destination Clock Delay (DCD):    0.040ns = ( 5.040 - 5.000 ) 
    Source Clock Delay      (SCD):    0.030ns
    Clock Pessimism Removal (CPR):    0.000ns
  Clock Uncertainty:      0.035ns  ((TSJ^2 + TIJ^2)^1/2 + DJ) / 2 + PE
    Total System Jitter     (TSJ):    0.071ns
    Total Input Jitter      (TIJ):    0.000ns
    Discrete Jitter          (DJ):    0.000ns
    Phase Error              (PE):    0.000ns

    Location             Delay type                Incr(ns)  Path(ns)    Netlist Resource(s)
  -------------------------------------------------------------------    -------------------
                         (clock s00_axi_aclk rise edge)
                                                      0.000     0.000 r  
                         propagated clock network latency
                                                      0.030     0.030    
    SLICE_X89Y212        FDRE                         0.000     0.030 r  u_my_ip/u_axi4_mapping/u_gemv/weight_wr_addr_bank_reg[3][11]/C
    SLICE_X89Y212        FDRE (Prop_FFF_SLICEM_C_Q)
                                                      0.076     0.106 r  u_my_ip/u_axi4_mapping/u_gemv/weight_wr_addr_bank_reg[3][11]/Q
                         net (fo=64, routed)          4.323     4.429    u_my_ip/u_axi4_mapping/u_gemv/GEN_WEIGHT_BANK[3].u_weight_bram_bank/mem_reg_0_bram_0_0[11]
    RAMB36_X4Y6          RAMB36E2                                     r  u_my_ip/u_axi4_mapping/u_gemv/GEN_WEIGHT_BANK[3].u_weight_bram_bank/mem_reg_3_bram_4/ADDRBWRADDR[14]
  -------------------------------------------------------------------    -------------------

                         (clock s00_axi_aclk rise edge)
                                                      5.000     5.000 r  
                         propagated clock network latency
                                                      0.040     5.040    
                         clock pessimism              0.000     5.040    
                         clock uncertainty           -0.035     5.005    
    RAMB36_X4Y6          RAMB36E2 (Setup_RAMB36E2_RAMB36_CLKBWRCLK_ADDRBWRADDR[14])
                                                     -0.329     4.676    u_my_ip/u_axi4_mapping/u_gemv/GEN_WEIGHT_BANK[3].u_weight_bram_bank/mem_reg_3_bram_4
  -------------------------------------------------------------------
                         required time                          4.676    
                         arrival time                          -4.429    
  -------------------------------------------------------------------
                         slack                                  0.247    

Slack (MET) :             0.249ns  (required time - arrival time)
  Source:                 u_my_ip/u_axi4_mapping/u_gemv/weight_compute_addr_bank_reg[0][1]/C
                            (rising edge-triggered cell FDRE clocked by s00_axi_aclk  {rise@0.000ns fall@2.500ns period=5.000ns})
  Destination:            u_my_ip/u_axi4_mapping/u_gemv/GEN_WEIGHT_BANK[0].u_weight_bram_bank/mem_reg_2_bram_5/ADDRARDADDR[4]
                            (rising edge-triggered cell RAMB36E2 clocked by s00_axi_aclk  {rise@0.000ns fall@2.500ns period=5.000ns})
  Path Group:             s00_axi_aclk
  Path Type:              Setup (Max at Slow Process Corner)
  Requirement:            5.000ns  (s00_axi_aclk rise@5.000ns - s00_axi_aclk rise@0.000ns)
  Data Path Delay:        4.388ns  (logic 0.078ns (1.778%)  route 4.310ns (98.222%))
  Logic Levels:           0  
  Clock Path Skew:        0.009ns (DCD - SCD + CPR)
    Destination Clock Delay (DCD):    0.039ns = ( 5.039 - 5.000 ) 
    Source Clock Delay      (SCD):    0.030ns
    Clock Pessimism Removal (CPR):    0.000ns
  Clock Uncertainty:      0.035ns  ((TSJ^2 + TIJ^2)^1/2 + DJ) / 2 + PE
    Total System Jitter     (TSJ):    0.071ns
    Total Input Jitter      (TIJ):    0.000ns
    Discrete Jitter          (DJ):    0.000ns
    Phase Error              (PE):    0.000ns

    Location             Delay type                Incr(ns)  Path(ns)    Netlist Resource(s)
  -------------------------------------------------------------------    -------------------
                         (clock s00_axi_aclk rise edge)
                                                      0.000     0.000 r  
                         propagated clock network latency
                                                      0.030     0.030    
    SLICE_X94Y239        FDRE                         0.000     0.030 r  u_my_ip/u_axi4_mapping/u_gemv/weight_compute_addr_bank_reg[0][1]/C
    SLICE_X94Y239        FDRE (Prop_BFF_SLICEM_C_Q)
                                                      0.078     0.108 r  u_my_ip/u_axi4_mapping/u_gemv/weight_compute_addr_bank_reg[0][1]/Q
                         net (fo=65, routed)          4.310     4.418    u_my_ip/u_axi4_mapping/u_gemv/GEN_WEIGHT_BANK[0].u_weight_bram_bank/out[1]
    RAMB36_X0Y69         RAMB36E2                                     r  u_my_ip/u_axi4_mapping/u_gemv/GEN_WEIGHT_BANK[0].u_weight_bram_bank/mem_reg_2_bram_5/ADDRARDADDR[4]
  -------------------------------------------------------------------    -------------------

                         (clock s00_axi_aclk rise edge)
                                                      5.000     5.000 r  
                         propagated clock network latency
                                                      0.039     5.039    
                         clock pessimism              0.000     5.039    
                         clock uncertainty           -0.035     5.004    
    RAMB36_X0Y69         RAMB36E2 (Setup_RAMB36E2_RAMB36_CLKARDCLK_ADDRARDADDR[4])
                                                     -0.337     4.667    u_my_ip/u_axi4_mapping/u_gemv/GEN_WEIGHT_BANK[0].u_weight_bram_bank/mem_reg_2_bram_5
  -------------------------------------------------------------------
                         required time                          4.667    
                         arrival time                          -4.418    
  -------------------------------------------------------------------
                         slack                                  0.249    

Slack (MET) :             0.250ns  (required time - arrival time)
  Source:                 u_my_ip/u_axi4_mapping/u_gemv/weight_wr_addr_bank_reg[0][10]/C
                            (rising edge-triggered cell FDRE clocked by s00_axi_aclk  {rise@0.000ns fall@2.500ns period=5.000ns})
  Destination:            u_my_ip/u_axi4_mapping/u_gemv/GEN_WEIGHT_BANK[0].u_weight_bram_bank/mem_reg_2_bram_13/ADDRBWRADDR[13]
                            (rising edge-triggered cell RAMB36E2 clocked by s00_axi_aclk  {rise@0.000ns fall@2.500ns period=5.000ns})
  Path Group:             s00_axi_aclk
  Path Type:              Setup (Max at Slow Process Corner)
  Requirement:            5.000ns  (s00_axi_aclk rise@5.000ns - s00_axi_aclk rise@0.000ns)
  Data Path Delay:        4.435ns  (logic 0.076ns (1.714%)  route 4.359ns (98.286%))
  Logic Levels:           0  
  Clock Path Skew:        0.010ns (DCD - SCD + CPR)
    Destination Clock Delay (DCD):    0.040ns = ( 5.040 - 5.000 ) 
    Source Clock Delay      (SCD):    0.030ns
    Clock Pessimism Removal (CPR):    0.000ns
  Clock Uncertainty:      0.035ns  ((TSJ^2 + TIJ^2)^1/2 + DJ) / 2 + PE
    Total System Jitter     (TSJ):    0.071ns
    Total Input Jitter      (TIJ):    0.000ns
    Discrete Jitter          (DJ):    0.000ns
    Phase Error              (PE):    0.000ns

    Location             Delay type                Incr(ns)  Path(ns)    Netlist Resource(s)
  -------------------------------------------------------------------    -------------------
                         (clock s00_axi_aclk rise edge)
                                                      0.000     0.000 r  
                         propagated clock network latency
                                                      0.030     0.030    
    SLICE_X89Y248        FDRE                         0.000     0.030 r  u_my_ip/u_axi4_mapping/u_gemv/weight_wr_addr_bank_reg[0][10]/C
    SLICE_X89Y248        FDRE (Prop_EFF_SLICEM_C_Q)
                                                      0.076     0.106 r  u_my_ip/u_axi4_mapping/u_gemv/weight_wr_addr_bank_reg[0][10]/Q
                         net (fo=64, routed)          4.359     4.465    u_my_ip/u_axi4_mapping/u_gemv/GEN_WEIGHT_BANK[0].u_weight_bram_bank/mem_reg_0_bram_0_0[10]
    RAMB36_X0Y61         RAMB36E2                                     r  u_my_ip/u_axi4_mapping/u_gemv/GEN_WEIGHT_BANK[0].u_weight_bram_bank/mem_reg_2_bram_13/ADDRBWRADDR[13]
  -------------------------------------------------------------------    -------------------

                         (clock s00_axi_aclk rise edge)
                                                      5.000     5.000 r  
                         propagated clock network latency
                                                      0.040     5.040    
                         clock pessimism              0.000     5.040    
                         clock uncertainty           -0.035     5.005    
    RAMB36_X0Y61         RAMB36E2 (Setup_RAMB36E2_RAMB36_CLKBWRCLK_ADDRBWRADDR[13])
                                                     -0.290     4.715    u_my_ip/u_axi4_mapping/u_gemv/GEN_WEIGHT_BANK[0].u_weight_bram_bank/mem_reg_2_bram_13
  -------------------------------------------------------------------
                         required time                          4.715    
                         arrival time                          -4.465    
  -------------------------------------------------------------------
                         slack                                  0.250    

Slack (MET) :             0.250ns  (required time - arrival time)
  Source:                 u_my_ip/u_axi4_mapping/u_gemv/weight_wr_addr_bank_reg[3][9]/C
                            (rising edge-triggered cell FDRE clocked by s00_axi_aclk  {rise@0.000ns fall@2.500ns period=5.000ns})
  Destination:            u_my_ip/u_axi4_mapping/u_gemv/GEN_WEIGHT_BANK[3].u_weight_bram_bank/mem_reg_3_bram_6/ADDRBWRADDR[12]
                            (rising edge-triggered cell RAMB36E2 clocked by s00_axi_aclk  {rise@0.000ns fall@2.500ns period=5.000ns})
  Path Group:             s00_axi_aclk
  Path Type:              Setup (Max at Slow Process Corner)
  Requirement:            5.000ns  (s00_axi_aclk rise@5.000ns - s00_axi_aclk rise@0.000ns)
  Data Path Delay:        4.441ns  (logic 0.076ns (1.711%)  route 4.365ns (98.289%))
  Logic Levels:           0  
  Clock Path Skew:        0.010ns (DCD - SCD + CPR)
    Destination Clock Delay (DCD):    0.040ns = ( 5.040 - 5.000 ) 
    Source Clock Delay      (SCD):    0.030ns
    Clock Pessimism Removal (CPR):    0.000ns
  Clock Uncertainty:      0.035ns  ((TSJ^2 + TIJ^2)^1/2 + DJ) / 2 + PE
    Total System Jitter     (TSJ):    0.071ns
    Total Input Jitter      (TIJ):    0.000ns
    Discrete Jitter          (DJ):    0.000ns
    Phase Error              (PE):    0.000ns

    Location             Delay type                Incr(ns)  Path(ns)    Netlist Resource(s)
  -------------------------------------------------------------------    -------------------
                         (clock s00_axi_aclk rise edge)
                                                      0.000     0.000 r  
                         propagated clock network latency
                                                      0.030     0.030    
    SLICE_X89Y203        FDRE                         0.000     0.030 r  u_my_ip/u_axi4_mapping/u_gemv/weight_wr_addr_bank_reg[3][9]/C
    SLICE_X89Y203        FDRE (Prop_FFF_SLICEM_C_Q)
                                                      0.076     0.106 r  u_my_ip/u_axi4_mapping/u_gemv/weight_wr_addr_bank_reg[3][9]/Q
                         net (fo=64, routed)          4.365     4.471    u_my_ip/u_axi4_mapping/u_gemv/GEN_WEIGHT_BANK[3].u_weight_bram_bank/mem_reg_0_bram_0_0[9]
    RAMB36_X4Y8          RAMB36E2                                     r  u_my_ip/u_axi4_mapping/u_gemv/GEN_WEIGHT_BANK[3].u_weight_bram_bank/mem_reg_3_bram_6/ADDRBWRADDR[12]
  -------------------------------------------------------------------    -------------------

                         (clock s00_axi_aclk rise edge)
                                                      5.000     5.000 r  
                         propagated clock network latency
                                                      0.040     5.040    
                         clock pessimism              0.000     5.040    
                         clock uncertainty           -0.035     5.005    
    RAMB36_X4Y8          RAMB36E2 (Setup_RAMB36E2_RAMB36_CLKBWRCLK_ADDRBWRADDR[12])
                                                     -0.284     4.721    u_my_ip/u_axi4_mapping/u_gemv/GEN_WEIGHT_BANK[3].u_weight_bram_bank/mem_reg_3_bram_6
  -------------------------------------------------------------------
                         required time                          4.721    
                         arrival time                          -4.471    
  -------------------------------------------------------------------
                         slack                                  0.250    

Slack (MET) :             0.253ns  (required time - arrival time)
  Source:                 u_my_ip/u_axi4_mapping/u_gemv/weight_compute_addr_bank_reg[3][1]/C
                            (rising edge-triggered cell FDRE clocked by s00_axi_aclk  {rise@0.000ns fall@2.500ns period=5.000ns})
  Destination:            u_my_ip/u_axi4_mapping/u_gemv/GEN_WEIGHT_BANK[3].u_weight_bram_bank/mem_reg_1_bram_2/ADDRARDADDR[4]
                            (rising edge-triggered cell RAMB36E2 clocked by s00_axi_aclk  {rise@0.000ns fall@2.500ns period=5.000ns})
  Path Group:             s00_axi_aclk
  Path Type:              Setup (Max at Slow Process Corner)
  Requirement:            5.000ns  (s00_axi_aclk rise@5.000ns - s00_axi_aclk rise@0.000ns)
  Data Path Delay:        4.386ns  (logic 0.079ns (1.801%)  route 4.307ns (98.199%))
  Logic Levels:           0  
  Clock Path Skew:        0.011ns (DCD - SCD + CPR)
    Destination Clock Delay (DCD):    0.039ns = ( 5.039 - 5.000 ) 
    Source Clock Delay      (SCD):    0.028ns
    Clock Pessimism Removal (CPR):    0.000ns
  Clock Uncertainty:      0.035ns  ((TSJ^2 + TIJ^2)^1/2 + DJ) / 2 + PE
    Total System Jitter     (TSJ):    0.071ns
    Total Input Jitter      (TIJ):    0.000ns
    Discrete Jitter          (DJ):    0.000ns
    Phase Error              (PE):    0.000ns

    Location             Delay type                Incr(ns)  Path(ns)    Netlist Resource(s)
  -------------------------------------------------------------------    -------------------
                         (clock s00_axi_aclk rise edge)
                                                      0.000     0.000 r  
                         propagated clock network latency
                                                      0.028     0.028    
    SLICE_X95Y221        FDRE                         0.000     0.028 r  u_my_ip/u_axi4_mapping/u_gemv/weight_compute_addr_bank_reg[3][1]/C
    SLICE_X95Y221        FDRE (Prop_BFF_SLICEL_C_Q)
                                                      0.079     0.107 r  u_my_ip/u_axi4_mapping/u_gemv/weight_compute_addr_bank_reg[3][1]/Q
                         net (fo=65, routed)          4.307     4.414    u_my_ip/u_axi4_mapping/u_gemv/GEN_WEIGHT_BANK[3].u_weight_bram_bank/out[1]
    RAMB36_X3Y11         RAMB36E2                                     r  u_my_ip/u_axi4_mapping/u_gemv/GEN_WEIGHT_BANK[3].u_weight_bram_bank/mem_reg_1_bram_2/ADDRARDADDR[4]
  -------------------------------------------------------------------    -------------------

                         (clock s00_axi_aclk rise edge)
                                                      5.000     5.000 r  
                         propagated clock network latency
                                                      0.039     5.039    
                         clock pessimism              0.000     5.039    
                         clock uncertainty           -0.035     5.004    
    RAMB36_X3Y11         RAMB36E2 (Setup_RAMB36E2_RAMB36_CLKARDCLK_ADDRARDADDR[4])
                                                     -0.337     4.667    u_my_ip/u_axi4_mapping/u_gemv/GEN_WEIGHT_BANK[3].u_weight_bram_bank/mem_reg_1_bram_2
  -------------------------------------------------------------------
                         required time                          4.667    
                         arrival time                          -4.414    
  -------------------------------------------------------------------
                         slack                                  0.253    

Slack (MET) :             0.254ns  (required time - arrival time)
  Source:                 u_my_ip/u_axi4_mapping/u_gemv/weight_wr_addr_bank_reg[1][7]/C
                            (rising edge-triggered cell FDRE clocked by s00_axi_aclk  {rise@0.000ns fall@2.500ns period=5.000ns})
  Destination:            u_my_ip/u_axi4_mapping/u_gemv/GEN_WEIGHT_BANK[1].u_weight_bram_bank/mem_reg_1_bram_11/ADDRBWRADDR[10]
                            (rising edge-triggered cell RAMB36E2 clocked by s00_axi_aclk  {rise@0.000ns fall@2.500ns period=5.000ns})
  Path Group:             s00_axi_aclk
  Path Type:              Setup (Max at Slow Process Corner)
  Requirement:            5.000ns  (s00_axi_aclk rise@5.000ns - s00_axi_aclk rise@0.000ns)
  Data Path Delay:        4.413ns  (logic 0.081ns (1.836%)  route 4.332ns (98.164%))
  Logic Levels:           0  
  Clock Path Skew:        0.011ns (DCD - SCD + CPR)
    Destination Clock Delay (DCD):    0.040ns = ( 5.040 - 5.000 ) 
    Source Clock Delay      (SCD):    0.029ns
    Clock Pessimism Removal (CPR):    0.000ns
  Clock Uncertainty:      0.035ns  ((TSJ^2 + TIJ^2)^1/2 + DJ) / 2 + PE
    Total System Jitter     (TSJ):    0.071ns
    Total Input Jitter      (TIJ):    0.000ns
    Discrete Jitter          (DJ):    0.000ns
    Phase Error              (PE):    0.000ns

    Location             Delay type                Incr(ns)  Path(ns)    Netlist Resource(s)
  -------------------------------------------------------------------    -------------------
                         (clock s00_axi_aclk rise edge)
                                                      0.000     0.000 r  
                         propagated clock network latency
                                                      0.029     0.029    
    SLICE_X87Y203        FDRE                         0.000     0.029 r  u_my_ip/u_axi4_mapping/u_gemv/weight_wr_addr_bank_reg[1][7]/C
    SLICE_X87Y203        FDRE (Prop_EFF2_SLICEL_C_Q)
                                                      0.081     0.110 r  u_my_ip/u_axi4_mapping/u_gemv/weight_wr_addr_bank_reg[1][7]/Q
                         net (fo=64, routed)          4.332     4.442    u_my_ip/u_axi4_mapping/u_gemv/GEN_WEIGHT_BANK[1].u_weight_bram_bank/mem_reg_0_bram_0_0[7]
    RAMB36_X1Y24         RAMB36E2                                     r  u_my_ip/u_axi4_mapping/u_gemv/GEN_WEIGHT_BANK[1].u_weight_bram_bank/mem_reg_1_bram_11/ADDRBWRADDR[10]
  -------------------------------------------------------------------    -------------------

                         (clock s00_axi_aclk rise edge)
                                                      5.000     5.000 r  
                         propagated clock network latency
                                                      0.040     5.040    
                         clock pessimism              0.000     5.040    
                         clock uncertainty           -0.035     5.005    
    RAMB36_X1Y24         RAMB36E2 (Setup_RAMB36E2_RAMB36_CLKBWRCLK_ADDRBWRADDR[10])
                                                     -0.309     4.696    u_my_ip/u_axi4_mapping/u_gemv/GEN_WEIGHT_BANK[1].u_weight_bram_bank/mem_reg_1_bram_11
  -------------------------------------------------------------------
                         required time                          4.696    
                         arrival time                          -4.442    
  -------------------------------------------------------------------
                         slack                                  0.254    

Slack (MET) :             0.254ns  (required time - arrival time)
  Source:                 u_my_ip/u_axi4_mapping/u_gemv/weight_compute_addr_bank_reg[2][6]/C
                            (rising edge-triggered cell FDRE clocked by s00_axi_aclk  {rise@0.000ns fall@2.500ns period=5.000ns})
  Destination:            u_my_ip/u_axi4_mapping/u_gemv/GEN_WEIGHT_BANK[2].u_weight_bram_bank/mem_reg_3_bram_15/ADDRARDADDR[9]
                            (rising edge-triggered cell RAMB36E2 clocked by s00_axi_aclk  {rise@0.000ns fall@2.500ns period=5.000ns})
  Path Group:             s00_axi_aclk
  Path Type:              Setup (Max at Slow Process Corner)
  Requirement:            5.000ns  (s00_axi_aclk rise@5.000ns - s00_axi_aclk rise@0.000ns)
  Data Path Delay:        4.444ns  (logic 0.079ns (1.778%)  route 4.365ns (98.222%))
  Logic Levels:           0  
  Clock Path Skew:        0.010ns (DCD - SCD + CPR)
    Destination Clock Delay (DCD):    0.039ns = ( 5.039 - 5.000 ) 
    Source Clock Delay      (SCD):    0.029ns
    Clock Pessimism Removal (CPR):    0.000ns
  Clock Uncertainty:      0.035ns  ((TSJ^2 + TIJ^2)^1/2 + DJ) / 2 + PE
    Total System Jitter     (TSJ):    0.071ns
    Total Input Jitter      (TIJ):    0.000ns
    Discrete Jitter          (DJ):    0.000ns
    Phase Error              (PE):    0.000ns

    Location             Delay type                Incr(ns)  Path(ns)    Netlist Resource(s)
  -------------------------------------------------------------------    -------------------
                         (clock s00_axi_aclk rise edge)
                                                      0.000     0.000 r  
                         propagated clock network latency
                                                      0.029     0.029    
    SLICE_X90Y221        FDRE                         0.000     0.029 r  u_my_ip/u_axi4_mapping/u_gemv/weight_compute_addr_bank_reg[2][6]/C
    SLICE_X90Y221        FDRE (Prop_GFF_SLICEL_C_Q)
                                                      0.079     0.108 r  u_my_ip/u_axi4_mapping/u_gemv/weight_compute_addr_bank_reg[2][6]/Q
                         net (fo=65, routed)          4.365     4.473    u_my_ip/u_axi4_mapping/u_gemv/GEN_WEIGHT_BANK[2].u_weight_bram_bank/out[6]
    RAMB36_X1Y11         RAMB36E2                                     r  u_my_ip/u_axi4_mapping/u_gemv/GEN_WEIGHT_BANK[2].u_weight_bram_bank/mem_reg_3_bram_15/ADDRARDADDR[9]
  -------------------------------------------------------------------    -------------------

                         (clock s00_axi_aclk rise edge)
                                                      5.000     5.000 r  
                         propagated clock network latency
                                                      0.039     5.039    
                         clock pessimism              0.000     5.039    
                         clock uncertainty           -0.035     5.004    
    RAMB36_X1Y11         RAMB36E2 (Setup_RAMB36E2_RAMB36_CLKARDCLK_ADDRARDADDR[9])
                                                     -0.277     4.727    u_my_ip/u_axi4_mapping/u_gemv/GEN_WEIGHT_BANK[2].u_weight_bram_bank/mem_reg_3_bram_15
  -------------------------------------------------------------------
                         required time                          4.727    
                         arrival time                          -4.473    
  -------------------------------------------------------------------
                         slack                                  0.254    

Slack (MET) :             0.254ns  (required time - arrival time)
  Source:                 u_my_ip/u_axi4_mapping/u_gemv/weight_compute_addr_bank_reg[2][2]/C
                            (rising edge-triggered cell FDRE clocked by s00_axi_aclk  {rise@0.000ns fall@2.500ns period=5.000ns})
  Destination:            u_my_ip/u_axi4_mapping/u_gemv/GEN_WEIGHT_BANK[2].u_weight_bram_bank/mem_reg_2_bram_9/ADDRARDADDR[5]
                            (rising edge-triggered cell RAMB36E2 clocked by s00_axi_aclk  {rise@0.000ns fall@2.500ns period=5.000ns})
  Path Group:             s00_axi_aclk
  Path Type:              Setup (Max at Slow Process Corner)
  Requirement:            5.000ns  (s00_axi_aclk rise@5.000ns - s00_axi_aclk rise@0.000ns)
  Data Path Delay:        4.369ns  (logic 0.079ns (1.808%)  route 4.290ns (98.192%))
  Logic Levels:           0  
  Clock Path Skew:        0.011ns (DCD - SCD + CPR)
    Destination Clock Delay (DCD):    0.039ns = ( 5.039 - 5.000 ) 
    Source Clock Delay      (SCD):    0.028ns
    Clock Pessimism Removal (CPR):    0.000ns
  Clock Uncertainty:      0.035ns  ((TSJ^2 + TIJ^2)^1/2 + DJ) / 2 + PE
    Total System Jitter     (TSJ):    0.071ns
    Total Input Jitter      (TIJ):    0.000ns
    Discrete Jitter          (DJ):    0.000ns
    Phase Error              (PE):    0.000ns

    Location             Delay type                Incr(ns)  Path(ns)    Netlist Resource(s)
  -------------------------------------------------------------------    -------------------
                         (clock s00_axi_aclk rise edge)
                                                      0.000     0.000 r  
                         propagated clock network latency
                                                      0.028     0.028    
    SLICE_X90Y221        FDRE                         0.000     0.028 r  u_my_ip/u_axi4_mapping/u_gemv/weight_compute_addr_bank_reg[2][2]/C
    SLICE_X90Y221        FDRE (Prop_CFF_SLICEL_C_Q)
                                                      0.079     0.107 r  u_my_ip/u_axi4_mapping/u_gemv/weight_compute_addr_bank_reg[2][2]/Q
                         net (fo=65, routed)          4.290     4.397    u_my_ip/u_axi4_mapping/u_gemv/GEN_WEIGHT_BANK[2].u_weight_bram_bank/out[2]
    RAMB36_X2Y2          RAMB36E2                                     r  u_my_ip/u_axi4_mapping/u_gemv/GEN_WEIGHT_BANK[2].u_weight_bram_bank/mem_reg_2_bram_9/ADDRARDADDR[5]
  -------------------------------------------------------------------    -------------------

                         (clock s00_axi_aclk rise edge)
                                                      5.000     5.000 r  
                         propagated clock network latency
                                                      0.039     5.039    
                         clock pessimism              0.000     5.039    
                         clock uncertainty           -0.035     5.004    
    RAMB36_X2Y2          RAMB36E2 (Setup_RAMB36E2_RAMB36_CLKARDCLK_ADDRARDADDR[5])
                                                     -0.352     4.652    u_my_ip/u_axi4_mapping/u_gemv/GEN_WEIGHT_BANK[2].u_weight_bram_bank/mem_reg_2_bram_9
  -------------------------------------------------------------------
                         required time                          4.652    
                         arrival time                          -4.397    
  -------------------------------------------------------------------
                         slack                                  0.254    

Slack (MET) :             0.255ns  (required time - arrival time)
  Source:                 u_my_ip/u_axi4_mapping/u_gemv/weight_wr_addr_bank_reg[1][1]/C
                            (rising edge-triggered cell FDRE clocked by s00_axi_aclk  {rise@0.000ns fall@2.500ns period=5.000ns})
  Destination:            u_my_ip/u_axi4_mapping/u_gemv/GEN_WEIGHT_BANK[1].u_weight_bram_bank/mem_reg_1_bram_1/ADDRBWRADDR[4]
                            (rising edge-triggered cell RAMB36E2 clocked by s00_axi_aclk  {rise@0.000ns fall@2.500ns period=5.000ns})
  Path Group:             s00_axi_aclk
  Path Type:              Setup (Max at Slow Process Corner)
  Requirement:            5.000ns  (s00_axi_aclk rise@5.000ns - s00_axi_aclk rise@0.000ns)
  Data Path Delay:        4.377ns  (logic 0.079ns (1.805%)  route 4.298ns (98.195%))
  Logic Levels:           0  
  Clock Path Skew:        0.010ns (DCD - SCD + CPR)
    Destination Clock Delay (DCD):    0.040ns = ( 5.040 - 5.000 ) 
    Source Clock Delay      (SCD):    0.030ns
    Clock Pessimism Removal (CPR):    0.000ns
  Clock Uncertainty:      0.035ns  ((TSJ^2 + TIJ^2)^1/2 + DJ) / 2 + PE
    Total System Jitter     (TSJ):    0.071ns
    Total Input Jitter      (TIJ):    0.000ns
    Discrete Jitter          (DJ):    0.000ns
    Phase Error              (PE):    0.000ns

    Location             Delay type                Incr(ns)  Path(ns)    Netlist Resource(s)
  -------------------------------------------------------------------    -------------------
                         (clock s00_axi_aclk rise edge)
                                                      0.000     0.000 r  
                         propagated clock network latency
                                                      0.030     0.030    
    SLICE_X89Y201        FDRE                         0.000     0.030 r  u_my_ip/u_axi4_mapping/u_gemv/weight_wr_addr_bank_reg[1][1]/C
    SLICE_X89Y201        FDRE (Prop_EFF2_SLICEM_C_Q)
                                                      0.079     0.109 r  u_my_ip/u_axi4_mapping/u_gemv/weight_wr_addr_bank_reg[1][1]/Q
                         net (fo=64, routed)          4.298     4.407    u_my_ip/u_axi4_mapping/u_gemv/GEN_WEIGHT_BANK[1].u_weight_bram_bank/mem_reg_0_bram_0_0[1]
    RAMB36_X0Y49         RAMB36E2                                     r  u_my_ip/u_axi4_mapping/u_gemv/GEN_WEIGHT_BANK[1].u_weight_bram_bank/mem_reg_1_bram_1/ADDRBWRADDR[4]
  -------------------------------------------------------------------    -------------------

                         (clock s00_axi_aclk rise edge)
                                                      5.000     5.000 r  
                         propagated clock network latency
                                                      0.040     5.040    
                         clock pessimism              0.000     5.040    
                         clock uncertainty           -0.035     5.005    
    RAMB36_X0Y49         RAMB36E2 (Setup_RAMB36E2_RAMB36_CLKBWRCLK_ADDRBWRADDR[4])
                                                     -0.343     4.662    u_my_ip/u_axi4_mapping/u_gemv/GEN_WEIGHT_BANK[1].u_weight_bram_bank/mem_reg_1_bram_1
  -------------------------------------------------------------------
                         required time                          4.662    
                         arrival time                          -4.407    
  -------------------------------------------------------------------
                         slack                                  0.255    

Slack (MET) :             0.255ns  (required time - arrival time)
  Source:                 u_my_ip/u_axi4_mapping/u_gemv/weight_wr_addr_bank_reg[3][11]/C
                            (rising edge-triggered cell FDRE clocked by s00_axi_aclk  {rise@0.000ns fall@2.500ns period=5.000ns})
  Destination:            u_my_ip/u_axi4_mapping/u_gemv/GEN_WEIGHT_BANK[3].u_weight_bram_bank/mem_reg_3_bram_3/ADDRBWRADDR[14]
                            (rising edge-triggered cell RAMB36E2 clocked by s00_axi_aclk  {rise@0.000ns fall@2.500ns period=5.000ns})
  Path Group:             s00_axi_aclk
  Path Type:              Setup (Max at Slow Process Corner)
  Requirement:            5.000ns  (s00_axi_aclk rise@5.000ns - s00_axi_aclk rise@0.000ns)
  Data Path Delay:        4.390ns  (logic 0.076ns (1.731%)  route 4.314ns (98.269%))
  Logic Levels:           0  
  Clock Path Skew:        0.010ns (DCD - SCD + CPR)
    Destination Clock Delay (DCD):    0.040ns = ( 5.040 - 5.000 ) 
    Source Clock Delay      (SCD):    0.030ns
    Clock Pessimism Removal (CPR):    0.000ns
  Clock Uncertainty:      0.035ns  ((TSJ^2 + TIJ^2)^1/2 + DJ) / 2 + PE
    Total System Jitter     (TSJ):    0.071ns
    Total Input Jitter      (TIJ):    0.000ns
    Discrete Jitter          (DJ):    0.000ns
    Phase Error              (PE):    0.000ns

    Location             Delay type                Incr(ns)  Path(ns)    Netlist Resource(s)
  -------------------------------------------------------------------    -------------------
                         (clock s00_axi_aclk rise edge)
                                                      0.000     0.000 r  
                         propagated clock network latency
                                                      0.030     0.030    
    SLICE_X89Y212        FDRE                         0.000     0.030 r  u_my_ip/u_axi4_mapping/u_gemv/weight_wr_addr_bank_reg[3][11]/C
    SLICE_X89Y212        FDRE (Prop_FFF_SLICEM_C_Q)
                                                      0.076     0.106 r  u_my_ip/u_axi4_mapping/u_gemv/weight_wr_addr_bank_reg[3][11]/Q
                         net (fo=64, routed)          4.314     4.420    u_my_ip/u_axi4_mapping/u_gemv/GEN_WEIGHT_BANK[3].u_weight_bram_bank/mem_reg_0_bram_0_0[11]
    RAMB36_X4Y5          RAMB36E2                                     r  u_my_ip/u_axi4_mapping/u_gemv/GEN_WEIGHT_BANK[3].u_weight_bram_bank/mem_reg_3_bram_3/ADDRBWRADDR[14]
  -------------------------------------------------------------------    -------------------

                         (clock s00_axi_aclk rise edge)
                                                      5.000     5.000 r  
                         propagated clock network latency
                                                      0.040     5.040    
                         clock pessimism              0.000     5.040    
                         clock uncertainty           -0.035     5.005    
    RAMB36_X4Y5          RAMB36E2 (Setup_RAMB36E2_RAMB36_CLKBWRCLK_ADDRBWRADDR[14])
                                                     -0.329     4.676    u_my_ip/u_axi4_mapping/u_gemv/GEN_WEIGHT_BANK[3].u_weight_bram_bank/mem_reg_3_bram_3
  -------------------------------------------------------------------
                         required time                          4.676    
                         arrival time                          -4.420    
  -------------------------------------------------------------------
                         slack                                  0.255    

Slack (MET) :             0.256ns  (required time - arrival time)
  Source:                 u_my_ip/u_axi4_mapping/u_gemv/weight_wr_addr_bank_reg[3][4]/C
                            (rising edge-triggered cell FDRE clocked by s00_axi_aclk  {rise@0.000ns fall@2.500ns period=5.000ns})
  Destination:            u_my_ip/u_axi4_mapping/u_gemv/GEN_WEIGHT_BANK[3].u_weight_bram_bank/mem_reg_1_bram_0/ADDRBWRADDR[7]
                            (rising edge-triggered cell RAMB36E2 clocked by s00_axi_aclk  {rise@0.000ns fall@2.500ns period=5.000ns})
  Path Group:             s00_axi_aclk
  Path Type:              Setup (Max at Slow Process Corner)
  Requirement:            5.000ns  (s00_axi_aclk rise@5.000ns - s00_axi_aclk rise@0.000ns)
  Data Path Delay:        4.434ns  (logic 0.076ns (1.714%)  route 4.358ns (98.286%))
  Logic Levels:           0  
  Clock Path Skew:        0.010ns (DCD - SCD + CPR)
    Destination Clock Delay (DCD):    0.040ns = ( 5.040 - 5.000 ) 
    Source Clock Delay      (SCD):    0.030ns
    Clock Pessimism Removal (CPR):    0.000ns
  Clock Uncertainty:      0.035ns  ((TSJ^2 + TIJ^2)^1/2 + DJ) / 2 + PE
    Total System Jitter     (TSJ):    0.071ns
    Total Input Jitter      (TIJ):    0.000ns
    Discrete Jitter          (DJ):    0.000ns
    Phase Error              (PE):    0.000ns

    Location             Delay type                Incr(ns)  Path(ns)    Netlist Resource(s)
  -------------------------------------------------------------------    -------------------
                         (clock s00_axi_aclk rise edge)
                                                      0.000     0.000 r  
                         propagated clock network latency
                                                      0.030     0.030    
    SLICE_X89Y202        FDRE                         0.000     0.030 r  u_my_ip/u_axi4_mapping/u_gemv/weight_wr_addr_bank_reg[3][4]/C
    SLICE_X89Y202        FDRE (Prop_EFF_SLICEM_C_Q)
                                                      0.076     0.106 r  u_my_ip/u_axi4_mapping/u_gemv/weight_wr_addr_bank_reg[3][4]/Q
                         net (fo=64, routed)          4.358     4.464    u_my_ip/u_axi4_mapping/u_gemv/GEN_WEIGHT_BANK[3].u_weight_bram_bank/mem_reg_0_bram_0_0[4]
    RAMB36_X3Y9          RAMB36E2                                     r  u_my_ip/u_axi4_mapping/u_gemv/GEN_WEIGHT_BANK[3].u_weight_bram_bank/mem_reg_1_bram_0/ADDRBWRADDR[7]
  -------------------------------------------------------------------    -------------------

                         (clock s00_axi_aclk rise edge)
                                                      5.000     5.000 r  
                         propagated clock network latency
                                                      0.040     5.040    
                         clock pessimism              0.000     5.040    
                         clock uncertainty           -0.035     5.005    
    RAMB36_X3Y9          RAMB36E2 (Setup_RAMB36E2_RAMB36_CLKBWRCLK_ADDRBWRADDR[7])
                                                     -0.285     4.720    u_my_ip/u_axi4_mapping/u_gemv/GEN_WEIGHT_BANK[3].u_weight_bram_bank/mem_reg_1_bram_0
  -------------------------------------------------------------------
                         required time                          4.720    
                         arrival time                          -4.464    
  -------------------------------------------------------------------
                         slack                                  0.256    

Slack (MET) :             0.258ns  (required time - arrival time)
  Source:                 u_my_ip/u_axi4_mapping/u_gemv/weight_wr_addr_bank_reg[0][10]/C
                            (rising edge-triggered cell FDRE clocked by s00_axi_aclk  {rise@0.000ns fall@2.500ns period=5.000ns})
  Destination:            u_my_ip/u_axi4_mapping/u_gemv/GEN_WEIGHT_BANK[0].u_weight_bram_bank/mem_reg_2_bram_2/ADDRBWRADDR[13]
                            (rising edge-triggered cell RAMB36E2 clocked by s00_axi_aclk  {rise@0.000ns fall@2.500ns period=5.000ns})
  Path Group:             s00_axi_aclk
  Path Type:              Setup (Max at Slow Process Corner)
  Requirement:            5.000ns  (s00_axi_aclk rise@5.000ns - s00_axi_aclk rise@0.000ns)
  Data Path Delay:        4.426ns  (logic 0.076ns (1.717%)  route 4.350ns (98.283%))
  Logic Levels:           0  
  Clock Path Skew:        0.010ns (DCD - SCD + CPR)
    Destination Clock Delay (DCD):    0.040ns = ( 5.040 - 5.000 ) 
    Source Clock Delay      (SCD):    0.030ns
    Clock Pessimism Removal (CPR):    0.000ns
  Clock Uncertainty:      0.035ns  ((TSJ^2 + TIJ^2)^1/2 + DJ) / 2 + PE
    Total System Jitter     (TSJ):    0.071ns
    Total Input Jitter      (TIJ):    0.000ns
    Discrete Jitter          (DJ):    0.000ns
    Phase Error              (PE):    0.000ns

    Location             Delay type                Incr(ns)  Path(ns)    Netlist Resource(s)
  -------------------------------------------------------------------    -------------------
                         (clock s00_axi_aclk rise edge)
                                                      0.000     0.000 r  
                         propagated clock network latency
                                                      0.030     0.030    
    SLICE_X89Y248        FDRE                         0.000     0.030 r  u_my_ip/u_axi4_mapping/u_gemv/weight_wr_addr_bank_reg[0][10]/C
    SLICE_X89Y248        FDRE (Prop_EFF_SLICEM_C_Q)
                                                      0.076     0.106 r  u_my_ip/u_axi4_mapping/u_gemv/weight_wr_addr_bank_reg[0][10]/Q
                         net (fo=64, routed)          4.350     4.456    u_my_ip/u_axi4_mapping/u_gemv/GEN_WEIGHT_BANK[0].u_weight_bram_bank/mem_reg_0_bram_0_0[10]
    RAMB36_X0Y66         RAMB36E2                                     r  u_my_ip/u_axi4_mapping/u_gemv/GEN_WEIGHT_BANK[0].u_weight_bram_bank/mem_reg_2_bram_2/ADDRBWRADDR[13]
  -------------------------------------------------------------------    -------------------

                         (clock s00_axi_aclk rise edge)
                                                      5.000     5.000 r  
                         propagated clock network latency
                                                      0.040     5.040    
                         clock pessimism              0.000     5.040    
                         clock uncertainty           -0.035     5.005    
    RAMB36_X0Y66         RAMB36E2 (Setup_RAMB36E2_RAMB36_CLKBWRCLK_ADDRBWRADDR[13])
                                                     -0.290     4.715    u_my_ip/u_axi4_mapping/u_gemv/GEN_WEIGHT_BANK[0].u_weight_bram_bank/mem_reg_2_bram_2
  -------------------------------------------------------------------
                         required time                          4.715    
                         arrival time                          -4.456    
  -------------------------------------------------------------------
                         slack                                  0.258    

Slack (MET) :             0.259ns  (required time - arrival time)
  Source:                 u_my_ip/u_axi4_mapping/u_gemv/weight_wr_addr_bank_reg[0][0]/C
                            (rising edge-triggered cell FDRE clocked by s00_axi_aclk  {rise@0.000ns fall@2.500ns period=5.000ns})
  Destination:            u_my_ip/u_axi4_mapping/u_gemv/GEN_WEIGHT_BANK[0].u_weight_bram_bank/mem_reg_2_bram_14/ADDRBWRADDR[3]
                            (rising edge-triggered cell RAMB36E2 clocked by s00_axi_aclk  {rise@0.000ns fall@2.500ns period=5.000ns})
  Path Group:             s00_axi_aclk
  Path Type:              Setup (Max at Slow Process Corner)
  Requirement:            5.000ns  (s00_axi_aclk rise@5.000ns - s00_axi_aclk rise@0.000ns)
  Data Path Delay:        4.382ns  (logic 0.076ns (1.734%)  route 4.306ns (98.266%))
  Logic Levels:           0  
  Clock Path Skew:        0.010ns (DCD - SCD + CPR)
    Destination Clock Delay (DCD):    0.040ns = ( 5.040 - 5.000 ) 
    Source Clock Delay      (SCD):    0.030ns
    Clock Pessimism Removal (CPR):    0.000ns
  Clock Uncertainty:      0.035ns  ((TSJ^2 + TIJ^2)^1/2 + DJ) / 2 + PE
    Total System Jitter     (TSJ):    0.071ns
    Total Input Jitter      (TIJ):    0.000ns
    Discrete Jitter          (DJ):    0.000ns
    Phase Error              (PE):    0.000ns

    Location             Delay type                Incr(ns)  Path(ns)    Netlist Resource(s)
  -------------------------------------------------------------------    -------------------
                         (clock s00_axi_aclk rise edge)
                                                      0.000     0.000 r  
                         propagated clock network latency
                                                      0.030     0.030    
    SLICE_X89Y243        FDRE                         0.000     0.030 r  u_my_ip/u_axi4_mapping/u_gemv/weight_wr_addr_bank_reg[0][0]/C
    SLICE_X89Y243        FDRE (Prop_EFF_SLICEM_C_Q)
                                                      0.076     0.106 r  u_my_ip/u_axi4_mapping/u_gemv/weight_wr_addr_bank_reg[0][0]/Q
                         net (fo=64, routed)          4.306     4.412    u_my_ip/u_axi4_mapping/u_gemv/GEN_WEIGHT_BANK[0].u_weight_bram_bank/mem_reg_0_bram_0_0[0]
    RAMB36_X0Y62         RAMB36E2                                     r  u_my_ip/u_axi4_mapping/u_gemv/GEN_WEIGHT_BANK[0].u_weight_bram_bank/mem_reg_2_bram_14/ADDRBWRADDR[3]
  -------------------------------------------------------------------    -------------------

                         (clock s00_axi_aclk rise edge)
                                                      5.000     5.000 r  
                         propagated clock network latency
                                                      0.040     5.040    
                         clock pessimism              0.000     5.040    
                         clock uncertainty           -0.035     5.005    
    RAMB36_X0Y62         RAMB36E2 (Setup_RAMB36E2_RAMB36_CLKBWRCLK_ADDRBWRADDR[3])
                                                     -0.334     4.671    u_my_ip/u_axi4_mapping/u_gemv/GEN_WEIGHT_BANK[0].u_weight_bram_bank/mem_reg_2_bram_14
  -------------------------------------------------------------------
                         required time                          4.671    
                         arrival time                          -4.412    
  -------------------------------------------------------------------
                         slack                                  0.259    

Slack (MET) :             0.262ns  (required time - arrival time)
  Source:                 u_my_ip/u_axi4_mapping/u_gemv/weight_wr_addr_bank_reg[0][11]/C
                            (rising edge-triggered cell FDRE clocked by s00_axi_aclk  {rise@0.000ns fall@2.500ns period=5.000ns})
  Destination:            u_my_ip/u_axi4_mapping/u_gemv/GEN_WEIGHT_BANK[0].u_weight_bram_bank/mem_reg_2_bram_3/ADDRBWRADDR[14]
                            (rising edge-triggered cell RAMB36E2 clocked by s00_axi_aclk  {rise@0.000ns fall@2.500ns period=5.000ns})
  Path Group:             s00_axi_aclk
  Path Type:              Setup (Max at Slow Process Corner)
  Requirement:            5.000ns  (s00_axi_aclk rise@5.000ns - s00_axi_aclk rise@0.000ns)
  Data Path Delay:        4.384ns  (logic 0.079ns (1.802%)  route 4.305ns (98.198%))
  Logic Levels:           0  
  Clock Path Skew:        0.010ns (DCD - SCD + CPR)
    Destination Clock Delay (DCD):    0.040ns = ( 5.040 - 5.000 ) 
    Source Clock Delay      (SCD):    0.030ns
    Clock Pessimism Removal (CPR):    0.000ns
  Clock Uncertainty:      0.035ns  ((TSJ^2 + TIJ^2)^1/2 + DJ) / 2 + PE
    Total System Jitter     (TSJ):    0.071ns
    Total Input Jitter      (TIJ):    0.000ns
    Discrete Jitter          (DJ):    0.000ns
    Phase Error              (PE):    0.000ns

    Location             Delay type                Incr(ns)  Path(ns)    Netlist Resource(s)
  -------------------------------------------------------------------    -------------------
                         (clock s00_axi_aclk rise edge)
                                                      0.000     0.000 r  
                         propagated clock network latency
                                                      0.030     0.030    
    SLICE_X89Y248        FDRE                         0.000     0.030 r  u_my_ip/u_axi4_mapping/u_gemv/weight_wr_addr_bank_reg[0][11]/C
    SLICE_X89Y248        FDRE (Prop_EFF2_SLICEM_C_Q)
                                                      0.079     0.109 r  u_my_ip/u_axi4_mapping/u_gemv/weight_wr_addr_bank_reg[0][11]/Q
                         net (fo=64, routed)          4.305     4.414    u_my_ip/u_axi4_mapping/u_gemv/GEN_WEIGHT_BANK[0].u_weight_bram_bank/mem_reg_0_bram_0_0[11]
    RAMB36_X0Y67         RAMB36E2                                     r  u_my_ip/u_axi4_mapping/u_gemv/GEN_WEIGHT_BANK[0].u_weight_bram_bank/mem_reg_2_bram_3/ADDRBWRADDR[14]
  -------------------------------------------------------------------    -------------------

                         (clock s00_axi_aclk rise edge)
                                                      5.000     5.000 r  
                         propagated clock network latency
                                                      0.040     5.040    
                         clock pessimism              0.000     5.040    
                         clock uncertainty           -0.035     5.005    
    RAMB36_X0Y67         RAMB36E2 (Setup_RAMB36E2_RAMB36_CLKBWRCLK_ADDRBWRADDR[14])
                                                     -0.329     4.676    u_my_ip/u_axi4_mapping/u_gemv/GEN_WEIGHT_BANK[0].u_weight_bram_bank/mem_reg_2_bram_3
  -------------------------------------------------------------------
                         required time                          4.676    
                         arrival time                          -4.414    
  -------------------------------------------------------------------
                         slack                                  0.262    

Slack (MET) :             0.262ns  (required time - arrival time)
  Source:                 u_my_ip/u_axi4_mapping/u_gemv/weight_wr_addr_bank_reg[1][7]/C
                            (rising edge-triggered cell FDRE clocked by s00_axi_aclk  {rise@0.000ns fall@2.500ns period=5.000ns})
  Destination:            u_my_ip/u_axi4_mapping/u_gemv/GEN_WEIGHT_BANK[1].u_weight_bram_bank/mem_reg_1_bram_9/ADDRBWRADDR[10]
                            (rising edge-triggered cell RAMB36E2 clocked by s00_axi_aclk  {rise@0.000ns fall@2.500ns period=5.000ns})
  Path Group:             s00_axi_aclk
  Path Type:              Setup (Max at Slow Process Corner)
  Requirement:            5.000ns  (s00_axi_aclk rise@5.000ns - s00_axi_aclk rise@0.000ns)
  Data Path Delay:        4.405ns  (logic 0.081ns (1.839%)  route 4.324ns (98.161%))
  Logic Levels:           0  
  Clock Path Skew:        0.011ns (DCD - SCD + CPR)
    Destination Clock Delay (DCD):    0.040ns = ( 5.040 - 5.000 ) 
    Source Clock Delay      (SCD):    0.029ns
    Clock Pessimism Removal (CPR):    0.000ns
  Clock Uncertainty:      0.035ns  ((TSJ^2 + TIJ^2)^1/2 + DJ) / 2 + PE
    Total System Jitter     (TSJ):    0.071ns
    Total Input Jitter      (TIJ):    0.000ns
    Discrete Jitter          (DJ):    0.000ns
    Phase Error              (PE):    0.000ns

    Location             Delay type                Incr(ns)  Path(ns)    Netlist Resource(s)
  -------------------------------------------------------------------    -------------------
                         (clock s00_axi_aclk rise edge)
                                                      0.000     0.000 r  
                         propagated clock network latency
                                                      0.029     0.029    
    SLICE_X87Y203        FDRE                         0.000     0.029 r  u_my_ip/u_axi4_mapping/u_gemv/weight_wr_addr_bank_reg[1][7]/C
    SLICE_X87Y203        FDRE (Prop_EFF2_SLICEL_C_Q)
                                                      0.081     0.110 r  u_my_ip/u_axi4_mapping/u_gemv/weight_wr_addr_bank_reg[1][7]/Q
                         net (fo=64, routed)          4.324     4.434    u_my_ip/u_axi4_mapping/u_gemv/GEN_WEIGHT_BANK[1].u_weight_bram_bank/mem_reg_0_bram_0_0[7]
    RAMB36_X1Y22         RAMB36E2                                     r  u_my_ip/u_axi4_mapping/u_gemv/GEN_WEIGHT_BANK[1].u_weight_bram_bank/mem_reg_1_bram_9/ADDRBWRADDR[10]
  -------------------------------------------------------------------    -------------------

                         (clock s00_axi_aclk rise edge)
                                                      5.000     5.000 r  
                         propagated clock network latency
                                                      0.040     5.040    
                         clock pessimism              0.000     5.040    
                         clock uncertainty           -0.035     5.005    
    RAMB36_X1Y22         RAMB36E2 (Setup_RAMB36E2_RAMB36_CLKBWRCLK_ADDRBWRADDR[10])
                                                     -0.309     4.696    u_my_ip/u_axi4_mapping/u_gemv/GEN_WEIGHT_BANK[1].u_weight_bram_bank/mem_reg_1_bram_9
  -------------------------------------------------------------------
                         required time                          4.696    
                         arrival time                          -4.434    
  -------------------------------------------------------------------
                         slack                                  0.262    

Slack (MET) :             0.264ns  (required time - arrival time)
  Source:                 u_my_ip/u_axi4_mapping/u_gemv/weight_compute_addr_bank_reg[0][10]/C
                            (rising edge-triggered cell FDRE clocked by s00_axi_aclk  {rise@0.000ns fall@2.500ns period=5.000ns})
  Destination:            u_my_ip/u_axi4_mapping/u_gemv/GEN_WEIGHT_BANK[0].u_weight_bram_bank/mem_reg_2_bram_10/ADDRARDADDR[13]
                            (rising edge-triggered cell RAMB36E2 clocked by s00_axi_aclk  {rise@0.000ns fall@2.500ns period=5.000ns})
  Path Group:             s00_axi_aclk
  Path Type:              Setup (Max at Slow Process Corner)
  Requirement:            5.000ns  (s00_axi_aclk rise@5.000ns - s00_axi_aclk rise@0.000ns)
  Data Path Delay:        4.436ns  (logic 0.078ns (1.758%)  route 4.358ns (98.242%))
  Logic Levels:           0  
  Clock Path Skew:        0.009ns (DCD - SCD + CPR)
    Destination Clock Delay (DCD):    0.039ns = ( 5.039 - 5.000 ) 
    Source Clock Delay      (SCD):    0.030ns
    Clock Pessimism Removal (CPR):    0.000ns
  Clock Uncertainty:      0.035ns  ((TSJ^2 + TIJ^2)^1/2 + DJ) / 2 + PE
    Total System Jitter     (TSJ):    0.071ns
    Total Input Jitter      (TIJ):    0.000ns
    Discrete Jitter          (DJ):    0.000ns
    Phase Error              (PE):    0.000ns

    Location             Delay type                Incr(ns)  Path(ns)    Netlist Resource(s)
  -------------------------------------------------------------------    -------------------
                         (clock s00_axi_aclk rise edge)
                                                      0.000     0.000 r  
                         propagated clock network latency
                                                      0.030     0.030    
    SLICE_X94Y240        FDRE                         0.000     0.030 r  u_my_ip/u_axi4_mapping/u_gemv/weight_compute_addr_bank_reg[0][10]/C
    SLICE_X94Y240        FDRE (Prop_CFF_SLICEM_C_Q)
                                                      0.078     0.108 r  u_my_ip/u_axi4_mapping/u_gemv/weight_compute_addr_bank_reg[0][10]/Q
                         net (fo=65, routed)          4.358     4.466    u_my_ip/u_axi4_mapping/u_gemv/GEN_WEIGHT_BANK[0].u_weight_bram_bank/out[10]
    RAMB36_X0Y58         RAMB36E2                                     r  u_my_ip/u_axi4_mapping/u_gemv/GEN_WEIGHT_BANK[0].u_weight_bram_bank/mem_reg_2_bram_10/ADDRARDADDR[13]
  -------------------------------------------------------------------    -------------------

                         (clock s00_axi_aclk rise edge)
                                                      5.000     5.000 r  
                         propagated clock network latency
                                                      0.039     5.039    
                         clock pessimism              0.000     5.039    
                         clock uncertainty           -0.035     5.004    
    RAMB36_X0Y58         RAMB36E2 (Setup_RAMB36E2_RAMB36_CLKARDCLK_ADDRARDADDR[13])
                                                     -0.274     4.730    u_my_ip/u_axi4_mapping/u_gemv/GEN_WEIGHT_BANK[0].u_weight_bram_bank/mem_reg_2_bram_10
  -------------------------------------------------------------------
                         required time                          4.730    
                         arrival time                          -4.466    
  -------------------------------------------------------------------
                         slack                                  0.264    




