
============================================================
[FPGA] ZDMA DDR-to-IP log started at 1781911494
============================================================
[FPGA][INFO] ready version=zcu104-gemma3-q8-zdma-ddr-to-ip-v1 path=dma(default) rows=256 col_beats=32 cols=512 packed_q8=1 max_group_blocks=16 result_words=1024 weight_cache=0 profile_log=1 dma_detail=0 ip_detail=0 detail_every=0 flush_every=256
[FPGA][INFO] msync unsupported for ddr_high source=/dev/uio13(ddr_high,O_SYNC) errno=22 (Invalid argument); continuing with CPU barriers/O_SYNC mapping assumption
[FPGA][INFO] basic ZDMA-to-IP self-test result=32 expected=32
[FPGA][INFO] packed ZDMA-to-IP self-test results=[32,64,-32,192] expected=[32,64,-32,192]
[FPGA][INFO] multi-group ZDMA-to-IP self-test results=[1152.0,2304.0] expected=[1152.0,2304.0] vpu_runs=3
[FPGA][MATMUL] tensor=blk.0.attn_q.weight layer=0 pos=0 phase=prefill M=2 K=1152 N=1024 rows=256 col_beats=32 vpu_runs=24 io_ms=3.886 ip_ms=2.539 total_ms=26.444 status=OK
[FPGA][MATMUL] tensor=blk.0.attn_k.weight layer=0 pos=0 phase=prefill M=2 K=1152 N=256 rows=256 col_beats=32 vpu_runs=6 io_ms=0.970 ip_ms=0.634 total_ms=6.610 status=OK
[FPGA][MATMUL] tensor=blk.0.attn_v.weight layer=0 pos=0 phase=prefill M=2 K=1152 N=256 rows=256 col_beats=32 vpu_runs=6 io_ms=0.968 ip_ms=0.634 total_ms=6.603 status=OK
[FPGA][INFO] attention path is currently bypassed to CPU; FPGA timing log below only covers Q8_0 matmul/GEMV hooks
[FPGA][MATMUL] tensor=blk.0.attn_output.weight layer=0 pos=0 phase=prefill M=2 K=1024 N=1152 rows=256 col_beats=32 vpu_runs=20 io_ms=3.253 ip_ms=2.271 total_ms=24.888 status=OK
[FPGA][MATMUL] tensor=blk.0.ffn_gate.weight layer=0 pos=0 phase=prefill M=2 K=1152 N=6912 rows=256 col_beats=32 vpu_runs=162 io_ms=26.116 ip_ms=17.127 total_ms=177.561 status=OK
[FPGA][MATMUL] tensor=blk.0.ffn_up.weight layer=0 pos=0 phase=prefill M=2 K=1152 N=6912 rows=256 col_beats=32 vpu_runs=162 io_ms=26.134 ip_ms=17.144 total_ms=177.751 status=OK
[FPGA][MATMUL] tensor=blk.0.ffn_down.weight layer=0 pos=0 phase=prefill M=2 K=6912 N=1152 rows=256 col_beats=32 vpu_runs=140 io_ms=22.443 ip_ms=15.537 total_ms=165.736 status=OK
[FPGA][MATMUL] tensor=blk.1.attn_q.weight layer=1 pos=0 phase=prefill M=2 K=1152 N=1024 rows=256 col_beats=32 vpu_runs=24 io_ms=3.870 ip_ms=2.538 total_ms=26.283 status=OK
[FPGA][MATMUL] tensor=blk.1.attn_k.weight layer=1 pos=0 phase=prefill M=2 K=1152 N=256 rows=256 col_beats=32 vpu_runs=6 io_ms=0.968 ip_ms=0.634 total_ms=6.632 status=OK
[FPGA][MATMUL] tensor=blk.1.attn_v.weight layer=1 pos=0 phase=prefill M=2 K=1152 N=256 rows=256 col_beats=32 vpu_runs=6 io_ms=0.967 ip_ms=0.635 total_ms=6.623 status=OK
[FPGA][MATMUL] tensor=blk.1.attn_output.weight layer=1 pos=0 phase=prefill M=2 K=1024 N=1152 rows=256 col_beats=32 vpu_runs=20 io_ms=3.247 ip_ms=2.271 total_ms=24.794 status=OK
[FPGA][MATMUL] tensor=blk.1.ffn_gate.weight layer=1 pos=0 phase=prefill M=2 K=1152 N=6912 rows=256 col_beats=32 vpu_runs=162 io_ms=26.174 ip_ms=17.124 total_ms=177.900 status=OK
[FPGA][MATMUL] tensor=blk.1.ffn_up.weight layer=1 pos=0 phase=prefill M=2 K=1152 N=6912 rows=256 col_beats=32 vpu_runs=162 io_ms=26.146 ip_ms=17.125 total_ms=177.289 status=OK
[FPGA][MATMUL] tensor=blk.1.ffn_down.weight layer=1 pos=0 phase=prefill M=2 K=6912 N=1152 rows=256 col_beats=32 vpu_runs=140 io_ms=22.447 ip_ms=15.535 total_ms=165.066 status=OK
[FPGA][MATMUL] tensor=blk.2.attn_q.weight layer=2 pos=0 phase=prefill M=2 K=1152 N=1024 rows=256 col_beats=32 vpu_runs=24 io_ms=3.868 ip_ms=2.537 total_ms=26.276 status=OK
[FPGA][MATMUL] tensor=blk.2.attn_k.weight layer=2 pos=0 phase=prefill M=2 K=1152 N=256 rows=256 col_beats=32 vpu_runs=6 io_ms=0.970 ip_ms=0.634 total_ms=6.591 status=OK
[FPGA][MATMUL] tensor=blk.2.attn_v.weight layer=2 pos=0 phase=prefill M=2 K=1152 N=256 rows=256 col_beats=32 vpu_runs=6 io_ms=0.968 ip_ms=0.635 total_ms=6.587 status=OK
[FPGA][MATMUL] tensor=blk.2.attn_output.weight layer=2 pos=0 phase=prefill M=2 K=1024 N=1152 rows=256 col_beats=32 vpu_runs=20 io_ms=3.245 ip_ms=2.271 total_ms=24.791 status=OK
[FPGA][MATMUL] tensor=blk.2.ffn_gate.weight layer=2 pos=0 phase=prefill M=2 K=1152 N=6912 rows=256 col_beats=32 vpu_runs=162 io_ms=26.132 ip_ms=17.128 total_ms=177.291 status=OK
[FPGA][MATMUL] tensor=blk.2.ffn_up.weight layer=2 pos=0 phase=prefill M=2 K=1152 N=6912 rows=256 col_beats=32 vpu_runs=162 io_ms=26.120 ip_ms=17.130 total_ms=177.743 status=OK
[FPGA][MATMUL] tensor=blk.2.ffn_down.weight layer=2 pos=0 phase=prefill M=2 K=6912 N=1152 rows=256 col_beats=32 vpu_runs=140 io_ms=22.443 ip_ms=15.791 total_ms=165.387 status=OK
[FPGA][MATMUL] tensor=blk.3.attn_q.weight layer=3 pos=0 phase=prefill M=2 K=1152 N=1024 rows=256 col_beats=32 vpu_runs=24 io_ms=3.869 ip_ms=2.540 total_ms=26.482 status=OK
[FPGA][MATMUL] tensor=blk.3.attn_k.weight layer=3 pos=0 phase=prefill M=2 K=1152 N=256 rows=256 col_beats=32 vpu_runs=6 io_ms=0.971 ip_ms=0.634 total_ms=6.580 status=OK
[FPGA][MATMUL] tensor=blk.3.attn_v.weight layer=3 pos=0 phase=prefill M=2 K=1152 N=256 rows=256 col_beats=32 vpu_runs=6 io_ms=0.969 ip_ms=0.634 total_ms=6.558 status=OK
[FPGA][MATMUL] tensor=blk.3.attn_output.weight layer=3 pos=0 phase=prefill M=2 K=1024 N=1152 rows=256 col_beats=32 vpu_runs=20 io_ms=3.253 ip_ms=2.272 total_ms=25.237 status=OK
[FPGA][MATMUL] tensor=blk.3.ffn_gate.weight layer=3 pos=0 phase=prefill M=2 K=1152 N=6912 rows=256 col_beats=32 vpu_runs=162 io_ms=26.120 ip_ms=17.127 total_ms=177.242 status=OK
[FPGA][MATMUL] tensor=blk.3.ffn_up.weight layer=3 pos=0 phase=prefill M=2 K=1152 N=6912 rows=256 col_beats=32 vpu_runs=162 io_ms=26.093 ip_ms=17.129 total_ms=177.369 status=OK
[FPGA][MATMUL] tensor=blk.3.ffn_down.weight layer=3 pos=0 phase=prefill M=2 K=6912 N=1152 rows=256 col_beats=32 vpu_runs=140 io_ms=22.435 ip_ms=15.524 total_ms=165.114 status=OK
[FPGA][MATMUL] tensor=blk.4.attn_q.weight layer=4 pos=0 phase=prefill M=2 K=1152 N=1024 rows=256 col_beats=32 vpu_runs=24 io_ms=3.872 ip_ms=2.539 total_ms=26.433 status=OK
[FPGA][MATMUL] tensor=blk.4.attn_k.weight layer=4 pos=0 phase=prefill M=2 K=1152 N=256 rows=256 col_beats=32 vpu_runs=6 io_ms=0.967 ip_ms=0.635 total_ms=6.643 status=OK
[FPGA][MATMUL] tensor=blk.4.attn_v.weight layer=4 pos=0 phase=prefill M=2 K=1152 N=256 rows=256 col_beats=32 vpu_runs=6 io_ms=0.969 ip_ms=0.634 total_ms=6.581 status=OK
[FPGA][MATMUL] tensor=blk.4.attn_output.weight layer=4 pos=0 phase=prefill M=2 K=1024 N=1152 rows=256 col_beats=32 vpu_runs=20 io_ms=3.246 ip_ms=2.274 total_ms=24.888 status=OK
[FPGA][MATMUL] tensor=blk.4.ffn_gate.weight layer=4 pos=0 phase=prefill M=2 K=1152 N=6912 rows=256 col_beats=32 vpu_runs=162 io_ms=26.123 ip_ms=17.122 total_ms=177.924 status=OK
[FPGA][MATMUL] tensor=blk.4.ffn_up.weight layer=4 pos=0 phase=prefill M=2 K=1152 N=6912 rows=256 col_beats=32 vpu_runs=162 io_ms=26.141 ip_ms=17.120 total_ms=177.335 status=OK
[FPGA][MATMUL] tensor=blk.4.ffn_down.weight layer=4 pos=0 phase=prefill M=2 K=6912 N=1152 rows=256 col_beats=32 vpu_runs=140 io_ms=22.447 ip_ms=15.627 total_ms=165.844 status=OK
[FPGA][MATMUL] tensor=blk.5.attn_q.weight layer=5 pos=0 phase=prefill M=2 K=1152 N=1024 rows=256 col_beats=32 vpu_runs=24 io_ms=3.873 ip_ms=2.572 total_ms=26.266 status=OK
[FPGA][MATMUL] tensor=blk.5.attn_k.weight layer=5 pos=0 phase=prefill M=2 K=1152 N=256 rows=256 col_beats=32 vpu_runs=6 io_ms=0.972 ip_ms=0.633 total_ms=6.594 status=OK
[FPGA][MATMUL] tensor=blk.5.attn_v.weight layer=5 pos=0 phase=prefill M=2 K=1152 N=256 rows=256 col_beats=32 vpu_runs=6 io_ms=0.971 ip_ms=0.634 total_ms=6.578 status=OK
[FPGA][MATMUL] tensor=blk.5.attn_output.weight layer=5 pos=0 phase=prefill M=2 K=1024 N=1152 rows=256 col_beats=32 vpu_runs=20 io_ms=3.246 ip_ms=2.273 total_ms=24.788 status=OK
[FPGA][MATMUL] tensor=blk.5.ffn_gate.weight layer=5 pos=0 phase=prefill M=2 K=1152 N=6912 rows=256 col_beats=32 vpu_runs=162 io_ms=26.113 ip_ms=17.127 total_ms=177.522 status=OK
[FPGA][MATMUL] tensor=blk.5.ffn_up.weight layer=5 pos=0 phase=prefill M=2 K=1152 N=6912 rows=256 col_beats=32 vpu_runs=162 io_ms=26.115 ip_ms=17.132 total_ms=177.580 status=OK
[FPGA][MATMUL] tensor=blk.5.ffn_down.weight layer=5 pos=0 phase=prefill M=2 K=6912 N=1152 rows=256 col_beats=32 vpu_runs=140 io_ms=22.438 ip_ms=15.533 total_ms=165.394 status=OK
[FPGA][MATMUL] tensor=blk.6.attn_q.weight layer=6 pos=0 phase=prefill M=2 K=1152 N=1024 rows=256 col_beats=32 vpu_runs=24 io_ms=3.866 ip_ms=2.547 total_ms=26.268 status=OK
[FPGA][MATMUL] tensor=blk.6.attn_k.weight layer=6 pos=0 phase=prefill M=2 K=1152 N=256 rows=256 col_beats=32 vpu_runs=6 io_ms=0.969 ip_ms=0.635 total_ms=6.657 status=OK
[FPGA][MATMUL] tensor=blk.6.attn_v.weight layer=6 pos=0 phase=prefill M=2 K=1152 N=256 rows=256 col_beats=32 vpu_runs=6 io_ms=0.969 ip_ms=0.634 total_ms=6.609 status=OK
[FPGA][MATMUL] tensor=blk.6.attn_output.weight layer=6 pos=0 phase=prefill M=2 K=1024 N=1152 rows=256 col_beats=32 vpu_runs=20 io_ms=3.245 ip_ms=2.274 total_ms=24.960 status=OK
[FPGA][MATMUL] tensor=blk.6.ffn_gate.weight layer=6 pos=0 phase=prefill M=2 K=1152 N=6912 rows=256 col_beats=32 vpu_runs=162 io_ms=26.111 ip_ms=17.117 total_ms=177.518 status=OK
[FPGA][MATMUL] tensor=blk.6.ffn_up.weight layer=6 pos=0 phase=prefill M=2 K=1152 N=6912 rows=256 col_beats=32 vpu_runs=162 io_ms=26.205 ip_ms=17.125 total_ms=178.041 status=OK
[FPGA][MATMUL] tensor=blk.6.ffn_down.weight layer=6 pos=0 phase=prefill M=2 K=6912 N=1152 rows=256 col_beats=32 vpu_runs=140 io_ms=22.413 ip_ms=15.539 total_ms=165.052 status=OK
[FPGA][MATMUL] tensor=blk.7.attn_q.weight layer=7 pos=0 phase=prefill M=2 K=1152 N=1024 rows=256 col_beats=32 vpu_runs=24 io_ms=3.868 ip_ms=2.539 total_ms=26.439 status=OK
[FPGA][MATMUL] tensor=blk.7.attn_k.weight layer=7 pos=0 phase=prefill M=2 K=1152 N=256 rows=256 col_beats=32 vpu_runs=6 io_ms=0.982 ip_ms=0.634 total_ms=6.597 status=OK
[FPGA][MATMUL] tensor=blk.7.attn_v.weight layer=7 pos=0 phase=prefill M=2 K=1152 N=256 rows=256 col_beats=32 vpu_runs=6 io_ms=0.968 ip_ms=0.636 total_ms=6.568 status=OK
[FPGA][MATMUL] tensor=blk.7.attn_output.weight layer=7 pos=0 phase=prefill M=2 K=1024 N=1152 rows=256 col_beats=32 vpu_runs=20 io_ms=3.252 ip_ms=2.271 total_ms=24.723 status=OK
[FPGA][MATMUL] tensor=blk.7.ffn_gate.weight layer=7 pos=0 phase=prefill M=2 K=1152 N=6912 rows=256 col_beats=32 vpu_runs=162 io_ms=26.151 ip_ms=17.125 total_ms=177.529 status=OK
[FPGA][MATMUL] tensor=blk.7.ffn_up.weight layer=7 pos=0 phase=prefill M=2 K=1152 N=6912 rows=256 col_beats=32 vpu_runs=162 io_ms=26.112 ip_ms=17.125 total_ms=177.782 status=OK
[FPGA][MATMUL] tensor=blk.7.ffn_down.weight layer=7 pos=0 phase=prefill M=2 K=6912 N=1152 rows=256 col_beats=32 vpu_runs=140 io_ms=22.494 ip_ms=15.537 total_ms=165.400 status=OK
[FPGA][MATMUL] tensor=blk.8.attn_q.weight layer=8 pos=0 phase=prefill M=2 K=1152 N=1024 rows=256 col_beats=32 vpu_runs=24 io_ms=3.860 ip_ms=2.536 total_ms=26.308 status=OK
[FPGA][MATMUL] tensor=blk.8.attn_k.weight layer=8 pos=0 phase=prefill M=2 K=1152 N=256 rows=256 col_beats=32 vpu_runs=6 io_ms=0.971 ip_ms=0.635 total_ms=6.635 status=OK
[FPGA][MATMUL] tensor=blk.8.attn_v.weight layer=8 pos=0 phase=prefill M=2 K=1152 N=256 rows=256 col_beats=32 vpu_runs=6 io_ms=0.970 ip_ms=0.634 total_ms=6.605 status=OK
[FPGA][MATMUL] tensor=blk.8.attn_output.weight layer=8 pos=0 phase=prefill M=2 K=1024 N=1152 rows=256 col_beats=32 vpu_runs=20 io_ms=3.246 ip_ms=2.272 total_ms=24.778 status=OK
[FPGA][MATMUL] tensor=blk.8.ffn_gate.weight layer=8 pos=0 phase=prefill M=2 K=1152 N=6912 rows=256 col_beats=32 vpu_runs=162 io_ms=26.136 ip_ms=17.136 total_ms=178.542 status=OK
[FPGA][MATMUL] tensor=blk.8.ffn_up.weight layer=8 pos=0 phase=prefill M=2 K=1152 N=6912 rows=256 col_beats=32 vpu_runs=162 io_ms=26.144 ip_ms=17.128 total_ms=177.987 status=OK
[FPGA][MATMUL] tensor=blk.8.ffn_down.weight layer=8 pos=0 phase=prefill M=2 K=6912 N=1152 rows=256 col_beats=32 vpu_runs=140 io_ms=22.468 ip_ms=15.532 total_ms=165.366 status=OK
[FPGA][MATMUL] tensor=blk.9.attn_q.weight layer=9 pos=0 phase=prefill M=2 K=1152 N=1024 rows=256 col_beats=32 vpu_runs=24 io_ms=3.876 ip_ms=2.536 total_ms=26.488 status=OK
[FPGA][MATMUL] tensor=blk.9.attn_k.weight layer=9 pos=0 phase=prefill M=2 K=1152 N=256 rows=256 col_beats=32 vpu_runs=6 io_ms=0.967 ip_ms=0.634 total_ms=6.645 status=OK
[FPGA][MATMUL] tensor=blk.9.attn_v.weight layer=9 pos=0 phase=prefill M=2 K=1152 N=256 rows=256 col_beats=32 vpu_runs=6 io_ms=0.968 ip_ms=0.634 total_ms=6.567 status=OK
[FPGA][MATMUL] tensor=blk.9.attn_output.weight layer=9 pos=0 phase=prefill M=2 K=1024 N=1152 rows=256 col_beats=32 vpu_runs=20 io_ms=3.248 ip_ms=2.272 total_ms=24.776 status=OK
[FPGA][MATMUL] tensor=blk.9.ffn_gate.weight layer=9 pos=0 phase=prefill M=2 K=1152 N=6912 rows=256 col_beats=32 vpu_runs=162 io_ms=26.112 ip_ms=17.148 total_ms=177.517 status=OK
[FPGA][MATMUL] tensor=blk.9.ffn_up.weight layer=9 pos=0 phase=prefill M=2 K=1152 N=6912 rows=256 col_beats=32 vpu_runs=162 io_ms=26.130 ip_ms=17.122 total_ms=177.563 status=OK
[FPGA][MATMUL] tensor=blk.9.ffn_down.weight layer=9 pos=0 phase=prefill M=2 K=6912 N=1152 rows=256 col_beats=32 vpu_runs=140 io_ms=22.440 ip_ms=15.674 total_ms=166.233 status=OK
[FPGA][MATMUL] tensor=blk.10.attn_q.weight layer=10 pos=0 phase=prefill M=2 K=1152 N=1024 rows=256 col_beats=32 vpu_runs=24 io_ms=3.873 ip_ms=2.535 total_ms=26.412 status=OK
[FPGA][MATMUL] tensor=blk.10.attn_k.weight layer=10 pos=0 phase=prefill M=2 K=1152 N=256 rows=256 col_beats=32 vpu_runs=6 io_ms=0.971 ip_ms=0.634 total_ms=6.643 status=OK
[FPGA][MATMUL] tensor=blk.10.attn_v.weight layer=10 pos=0 phase=prefill M=2 K=1152 N=256 rows=256 col_beats=32 vpu_runs=6 io_ms=0.967 ip_ms=0.635 total_ms=6.572 status=OK
[FPGA][MATMUL] tensor=blk.10.attn_output.weight layer=10 pos=0 phase=prefill M=2 K=1024 N=1152 rows=256 col_beats=32 vpu_runs=20 io_ms=3.252 ip_ms=2.272 total_ms=24.887 status=OK
[FPGA][MATMUL] tensor=blk.10.ffn_gate.weight layer=10 pos=0 phase=prefill M=2 K=1152 N=6912 rows=256 col_beats=32 vpu_runs=162 io_ms=26.094 ip_ms=17.133 total_ms=177.686 status=OK
[FPGA][MATMUL] tensor=blk.10.ffn_up.weight layer=10 pos=0 phase=prefill M=2 K=1152 N=6912 rows=256 col_beats=32 vpu_runs=162 io_ms=26.123 ip_ms=17.130 total_ms=177.158 status=OK
[FPGA][MATMUL] tensor=blk.10.ffn_down.weight layer=10 pos=0 phase=prefill M=2 K=6912 N=1152 rows=256 col_beats=32 vpu_runs=140 io_ms=22.447 ip_ms=15.736 total_ms=165.470 status=OK
[FPGA][MATMUL] tensor=blk.11.attn_q.weight layer=11 pos=0 phase=prefill M=2 K=1152 N=1024 rows=256 col_beats=32 vpu_runs=24 io_ms=3.866 ip_ms=2.537 total_ms=26.244 status=OK
[FPGA][MATMUL] tensor=blk.11.attn_k.weight layer=11 pos=0 phase=prefill M=2 K=1152 N=256 rows=256 col_beats=32 vpu_runs=6 io_ms=0.971 ip_ms=0.634 total_ms=6.601 status=OK
[FPGA][MATMUL] tensor=blk.11.attn_v.weight layer=11 pos=0 phase=prefill M=2 K=1152 N=256 rows=256 col_beats=32 vpu_runs=6 io_ms=0.975 ip_ms=0.633 total_ms=6.597 status=OK
[FPGA][MATMUL] tensor=blk.11.attn_output.weight layer=11 pos=0 phase=prefill M=2 K=1024 N=1152 rows=256 col_beats=32 vpu_runs=20 io_ms=3.244 ip_ms=2.273 total_ms=24.879 status=OK
[FPGA][MATMUL] tensor=blk.11.ffn_gate.weight layer=11 pos=0 phase=prefill M=2 K=1152 N=6912 rows=256 col_beats=32 vpu_runs=162 io_ms=26.164 ip_ms=17.127 total_ms=177.501 status=OK
[FPGA][MATMUL] tensor=blk.11.ffn_up.weight layer=11 pos=0 phase=prefill M=2 K=1152 N=6912 rows=256 col_beats=32 vpu_runs=162 io_ms=26.139 ip_ms=17.274 total_ms=178.275 status=OK
[FPGA][MATMUL] tensor=blk.11.ffn_down.weight layer=11 pos=0 phase=prefill M=2 K=6912 N=1152 rows=256 col_beats=32 vpu_runs=140 io_ms=22.449 ip_ms=15.535 total_ms=165.093 status=OK
[FPGA][MATMUL] tensor=blk.12.attn_q.weight layer=12 pos=0 phase=prefill M=2 K=1152 N=1024 rows=256 col_beats=32 vpu_runs=24 io_ms=3.869 ip_ms=2.538 total_ms=26.297 status=OK
[FPGA][MATMUL] tensor=blk.12.attn_k.weight layer=12 pos=0 phase=prefill M=2 K=1152 N=256 rows=256 col_beats=32 vpu_runs=6 io_ms=0.972 ip_ms=0.633 total_ms=6.634 status=OK
[FPGA][MATMUL] tensor=blk.12.attn_v.weight layer=12 pos=0 phase=prefill M=2 K=1152 N=256 rows=256 col_beats=32 vpu_runs=6 io_ms=0.965 ip_ms=0.635 total_ms=6.569 status=OK
[FPGA][MATMUL] tensor=blk.12.attn_output.weight layer=12 pos=0 phase=prefill M=2 K=1024 N=1152 rows=256 col_beats=32 vpu_runs=20 io_ms=3.248 ip_ms=2.272 total_ms=24.812 status=OK
[FPGA][MATMUL] tensor=blk.12.ffn_gate.weight layer=12 pos=0 phase=prefill M=2 K=1152 N=6912 rows=256 col_beats=32 vpu_runs=162 io_ms=26.130 ip_ms=17.122 total_ms=177.742 status=OK
[FPGA][MATMUL] tensor=blk.12.ffn_up.weight layer=12 pos=0 phase=prefill M=2 K=1152 N=6912 rows=256 col_beats=32 vpu_runs=162 io_ms=26.105 ip_ms=17.133 total_ms=177.776 status=OK
[FPGA][MATMUL] tensor=blk.12.ffn_down.weight layer=12 pos=0 phase=prefill M=2 K=6912 N=1152 rows=256 col_beats=32 vpu_runs=140 io_ms=22.477 ip_ms=15.541 total_ms=165.034 status=OK
[FPGA][MATMUL] tensor=blk.13.attn_q.weight layer=13 pos=0 phase=prefill M=2 K=1152 N=1024 rows=256 col_beats=32 vpu_runs=24 io_ms=3.868 ip_ms=2.538 total_ms=26.274 status=OK
[FPGA][MATMUL] tensor=blk.13.attn_k.weight layer=13 pos=0 phase=prefill M=2 K=1152 N=256 rows=256 col_beats=32 vpu_runs=6 io_ms=0.971 ip_ms=0.634 total_ms=6.627 status=OK
[FPGA][MATMUL] tensor=blk.13.attn_v.weight layer=13 pos=0 phase=prefill M=2 K=1152 N=256 rows=256 col_beats=32 vpu_runs=6 io_ms=0.970 ip_ms=0.636 total_ms=6.648 status=OK
[FPGA][MATMUL] tensor=blk.13.attn_output.weight layer=13 pos=0 phase=prefill M=2 K=1024 N=1152 rows=256 col_beats=32 vpu_runs=20 io_ms=3.248 ip_ms=2.273 total_ms=24.796 status=OK
[FPGA][MATMUL] tensor=blk.13.ffn_gate.weight layer=13 pos=0 phase=prefill M=2 K=1152 N=6912 rows=256 col_beats=32 vpu_runs=162 io_ms=26.121 ip_ms=17.121 total_ms=179.298 status=OK
[FPGA][MATMUL] tensor=blk.13.ffn_up.weight layer=13 pos=0 phase=prefill M=2 K=1152 N=6912 rows=256 col_beats=32 vpu_runs=162 io_ms=26.106 ip_ms=17.147 total_ms=177.154 status=OK
[FPGA][MATMUL] tensor=blk.13.ffn_down.weight layer=13 pos=0 phase=prefill M=2 K=6912 N=1152 rows=256 col_beats=32 vpu_runs=140 io_ms=22.432 ip_ms=15.530 total_ms=165.368 status=OK
[FPGA][MATMUL] tensor=blk.14.attn_q.weight layer=14 pos=0 phase=prefill M=2 K=1152 N=1024 rows=256 col_beats=32 vpu_runs=24 io_ms=3.865 ip_ms=2.538 total_ms=26.387 status=OK
[FPGA][MATMUL] tensor=blk.14.attn_k.weight layer=14 pos=0 phase=prefill M=2 K=1152 N=256 rows=256 col_beats=32 vpu_runs=6 io_ms=0.970 ip_ms=0.635 total_ms=6.619 status=OK
[FPGA][MATMUL] tensor=blk.14.attn_v.weight layer=14 pos=0 phase=prefill M=2 K=1152 N=256 rows=256 col_beats=32 vpu_runs=6 io_ms=0.965 ip_ms=0.635 total_ms=6.594 status=OK
[FPGA][MATMUL] tensor=blk.14.attn_output.weight layer=14 pos=0 phase=prefill M=2 K=1024 N=1152 rows=256 col_beats=32 vpu_runs=20 io_ms=3.250 ip_ms=2.272 total_ms=24.806 status=OK
[FPGA][MATMUL] tensor=blk.14.ffn_gate.weight layer=14 pos=0 phase=prefill M=2 K=1152 N=6912 rows=256 col_beats=32 vpu_runs=162 io_ms=26.110 ip_ms=17.120 total_ms=177.193 status=OK
[FPGA][MATMUL] tensor=blk.14.ffn_up.weight layer=14 pos=0 phase=prefill M=2 K=1152 N=6912 rows=256 col_beats=32 vpu_runs=162 io_ms=26.114 ip_ms=17.127 total_ms=177.293 status=OK
[FPGA][MATMUL] tensor=blk.14.ffn_down.weight layer=14 pos=0 phase=prefill M=2 K=6912 N=1152 rows=256 col_beats=32 vpu_runs=140 io_ms=22.507 ip_ms=15.536 total_ms=165.198 status=OK
[FPGA][MATMUL] tensor=blk.15.attn_q.weight layer=15 pos=0 phase=prefill M=2 K=1152 N=1024 rows=256 col_beats=32 vpu_runs=24 io_ms=3.877 ip_ms=2.538 total_ms=27.626 status=OK
[FPGA][MATMUL] tensor=blk.15.attn_k.weight layer=15 pos=0 phase=prefill M=2 K=1152 N=256 rows=256 col_beats=32 vpu_runs=6 io_ms=0.970 ip_ms=0.634 total_ms=6.596 status=OK
[FPGA][MATMUL] tensor=blk.15.attn_v.weight layer=15 pos=0 phase=prefill M=2 K=1152 N=256 rows=256 col_beats=32 vpu_runs=6 io_ms=0.969 ip_ms=0.634 total_ms=6.604 status=OK
[FPGA][MATMUL] tensor=blk.15.attn_output.weight layer=15 pos=0 phase=prefill M=2 K=1024 N=1152 rows=256 col_beats=32 vpu_runs=20 io_ms=3.243 ip_ms=2.276 total_ms=24.834 status=OK
[FPGA][MATMUL] tensor=blk.15.ffn_gate.weight layer=15 pos=0 phase=prefill M=2 K=1152 N=6912 rows=256 col_beats=32 vpu_runs=162 io_ms=26.113 ip_ms=17.123 total_ms=177.610 status=OK
[FPGA][MATMUL] tensor=blk.15.ffn_up.weight layer=15 pos=0 phase=prefill M=2 K=1152 N=6912 rows=256 col_beats=32 vpu_runs=162 io_ms=26.126 ip_ms=17.123 total_ms=177.986 status=OK
[FPGA][MATMUL] tensor=blk.15.ffn_down.weight layer=15 pos=0 phase=prefill M=2 K=6912 N=1152 rows=256 col_beats=32 vpu_runs=140 io_ms=22.463 ip_ms=15.538 total_ms=165.199 status=OK
[FPGA][MATMUL] tensor=blk.16.attn_q.weight layer=16 pos=0 phase=prefill M=2 K=1152 N=1024 rows=256 col_beats=32 vpu_runs=24 io_ms=3.862 ip_ms=2.537 total_ms=26.487 status=OK
[FPGA][MATMUL] tensor=blk.16.attn_k.weight layer=16 pos=0 phase=prefill M=2 K=1152 N=256 rows=256 col_beats=32 vpu_runs=6 io_ms=0.969 ip_ms=0.635 total_ms=6.606 status=OK
[FPGA][MATMUL] tensor=blk.16.attn_v.weight layer=16 pos=0 phase=prefill M=2 K=1152 N=256 rows=256 col_beats=32 vpu_runs=6 io_ms=0.967 ip_ms=0.634 total_ms=6.572 status=OK
[FPGA][MATMUL] tensor=blk.16.attn_output.weight layer=16 pos=0 phase=prefill M=2 K=1024 N=1152 rows=256 col_beats=32 vpu_runs=20 io_ms=3.256 ip_ms=2.271 total_ms=24.842 status=OK
[FPGA][MATMUL] tensor=blk.16.ffn_gate.weight layer=16 pos=0 phase=prefill M=2 K=1152 N=6912 rows=256 col_beats=32 vpu_runs=162 io_ms=26.116 ip_ms=17.131 total_ms=177.672 status=OK
[FPGA][MATMUL] tensor=blk.16.ffn_up.weight layer=16 pos=0 phase=prefill M=2 K=1152 N=6912 rows=256 col_beats=32 vpu_runs=162 io_ms=26.117 ip_ms=17.259 total_ms=177.480 status=OK
[FPGA][MATMUL] tensor=blk.16.ffn_down.weight layer=16 pos=0 phase=prefill M=2 K=6912 N=1152 rows=256 col_beats=32 vpu_runs=140 io_ms=22.445 ip_ms=16.527 total_ms=166.398 status=OK
[FPGA][MATMUL] tensor=blk.17.attn_q.weight layer=17 pos=0 phase=prefill M=2 K=1152 N=1024 rows=256 col_beats=32 vpu_runs=24 io_ms=3.868 ip_ms=2.534 total_ms=26.273 status=OK
[FPGA][MATMUL] tensor=blk.17.attn_k.weight layer=17 pos=0 phase=prefill M=2 K=1152 N=256 rows=256 col_beats=32 vpu_runs=6 io_ms=0.970 ip_ms=0.635 total_ms=6.585 status=OK
[FPGA][MATMUL] tensor=blk.17.attn_v.weight layer=17 pos=0 phase=prefill M=2 K=1152 N=256 rows=256 col_beats=32 vpu_runs=6 io_ms=0.969 ip_ms=0.635 total_ms=6.616 status=OK
[FPGA][MATMUL] tensor=blk.17.attn_output.weight layer=17 pos=0 phase=prefill M=2 K=1024 N=1152 rows=256 col_beats=32 vpu_runs=20 io_ms=3.242 ip_ms=2.272 total_ms=24.811 status=OK
[FPGA][MATMUL] tensor=blk.17.ffn_gate.weight layer=17 pos=0 phase=prefill M=2 K=1152 N=6912 rows=256 col_beats=32 vpu_runs=162 io_ms=26.159 ip_ms=17.306 total_ms=177.949 status=OK
[FPGA][MATMUL] tensor=blk.17.ffn_up.weight layer=17 pos=0 phase=prefill M=2 K=1152 N=6912 rows=256 col_beats=32 vpu_runs=162 io_ms=26.122 ip_ms=17.142 total_ms=177.256 status=OK
[FPGA][MATMUL] tensor=blk.17.ffn_down.weight layer=17 pos=0 phase=prefill M=2 K=6912 N=1152 rows=256 col_beats=32 vpu_runs=140 io_ms=22.458 ip_ms=15.540 total_ms=164.943 status=OK
[FPGA][MATMUL] tensor=blk.18.attn_q.weight layer=18 pos=0 phase=prefill M=2 K=1152 N=1024 rows=256 col_beats=32 vpu_runs=24 io_ms=3.864 ip_ms=2.540 total_ms=26.373 status=OK
[FPGA][MATMUL] tensor=blk.18.attn_k.weight layer=18 pos=0 phase=prefill M=2 K=1152 N=256 rows=256 col_beats=32 vpu_runs=6 io_ms=0.970 ip_ms=0.633 total_ms=6.640 status=OK
[FPGA][MATMUL] tensor=blk.18.attn_v.weight layer=18 pos=0 phase=prefill M=2 K=1152 N=256 rows=256 col_beats=32 vpu_runs=6 io_ms=0.967 ip_ms=0.634 total_ms=6.567 status=OK
[FPGA][MATMUL] tensor=blk.18.attn_output.weight layer=18 pos=0 phase=prefill M=2 K=1024 N=1152 rows=256 col_beats=32 vpu_runs=20 io_ms=3.253 ip_ms=2.271 total_ms=25.031 status=OK
[FPGA][MATMUL] tensor=blk.18.ffn_gate.weight layer=18 pos=0 phase=prefill M=2 K=1152 N=6912 rows=256 col_beats=32 vpu_runs=162 io_ms=26.109 ip_ms=17.131 total_ms=177.710 status=OK
[FPGA][MATMUL] tensor=blk.18.ffn_up.weight layer=18 pos=0 phase=prefill M=2 K=1152 N=6912 rows=256 col_beats=32 vpu_runs=162 io_ms=27.201 ip_ms=17.126 total_ms=178.592 status=OK
[FPGA][MATMUL] tensor=blk.18.ffn_down.weight layer=18 pos=0 phase=prefill M=2 K=6912 N=1152 rows=256 col_beats=32 vpu_runs=140 io_ms=22.458 ip_ms=15.534 total_ms=165.133 status=OK
[FPGA][MATMUL] tensor=blk.19.attn_q.weight layer=19 pos=0 phase=prefill M=2 K=1152 N=1024 rows=256 col_beats=32 vpu_runs=24 io_ms=3.871 ip_ms=2.536 total_ms=26.290 status=OK
[FPGA][MATMUL] tensor=blk.19.attn_k.weight layer=19 pos=0 phase=prefill M=2 K=1152 N=256 rows=256 col_beats=32 vpu_runs=6 io_ms=0.968 ip_ms=0.633 total_ms=6.598 status=OK
[FPGA][MATMUL] tensor=blk.19.attn_v.weight layer=19 pos=0 phase=prefill M=2 K=1152 N=256 rows=256 col_beats=32 vpu_runs=6 io_ms=0.966 ip_ms=0.634 total_ms=6.584 status=OK
[FPGA][MATMUL] tensor=blk.19.attn_output.weight layer=19 pos=0 phase=prefill M=2 K=1024 N=1152 rows=256 col_beats=32 vpu_runs=20 io_ms=3.254 ip_ms=2.272 total_ms=24.751 status=OK
[FPGA][MATMUL] tensor=blk.19.ffn_gate.weight layer=19 pos=0 phase=prefill M=2 K=1152 N=6912 rows=256 col_beats=32 vpu_runs=162 io_ms=26.124 ip_ms=17.124 total_ms=177.147 status=OK
[FPGA][MATMUL] tensor=blk.19.ffn_up.weight layer=19 pos=0 phase=prefill M=2 K=1152 N=6912 rows=256 col_beats=32 vpu_runs=162 io_ms=26.084 ip_ms=17.284 total_ms=177.456 status=OK
[FPGA][MATMUL] tensor=blk.19.ffn_down.weight layer=19 pos=0 phase=prefill M=2 K=6912 N=1152 rows=256 col_beats=32 vpu_runs=140 io_ms=22.431 ip_ms=15.537 total_ms=165.019 status=OK
[FPGA][MATMUL] tensor=blk.20.attn_q.weight layer=20 pos=0 phase=prefill M=2 K=1152 N=1024 rows=256 col_beats=32 vpu_runs=24 io_ms=3.867 ip_ms=2.539 total_ms=26.385 status=OK
[FPGA][MATMUL] tensor=blk.20.attn_k.weight layer=20 pos=0 phase=prefill M=2 K=1152 N=256 rows=256 col_beats=32 vpu_runs=6 io_ms=0.969 ip_ms=0.634 total_ms=6.607 status=OK
[FPGA][MATMUL] tensor=blk.20.attn_v.weight layer=20 pos=0 phase=prefill M=2 K=1152 N=256 rows=256 col_beats=32 vpu_runs=6 io_ms=0.968 ip_ms=0.635 total_ms=6.578 status=OK
[FPGA][MATMUL] tensor=blk.20.attn_output.weight layer=20 pos=0 phase=prefill M=2 K=1024 N=1152 rows=256 col_beats=32 vpu_runs=20 io_ms=3.255 ip_ms=2.272 total_ms=24.925 status=OK
[FPGA][MATMUL] tensor=blk.20.ffn_gate.weight layer=20 pos=0 phase=prefill M=2 K=1152 N=6912 rows=256 col_beats=32 vpu_runs=162 io_ms=27.385 ip_ms=17.128 total_ms=178.907 status=OK
[FPGA][MATMUL] tensor=blk.20.ffn_up.weight layer=20 pos=0 phase=prefill M=2 K=1152 N=6912 rows=256 col_beats=32 vpu_runs=162 io_ms=26.112 ip_ms=17.118 total_ms=177.059 status=OK
[FPGA][MATMUL] tensor=blk.20.ffn_down.weight layer=20 pos=0 phase=prefill M=2 K=6912 N=1152 rows=256 col_beats=32 vpu_runs=140 io_ms=22.457 ip_ms=15.580 total_ms=165.016 status=OK
[FPGA][MATMUL] tensor=blk.21.attn_q.weight layer=21 pos=0 phase=prefill M=2 K=1152 N=1024 rows=256 col_beats=32 vpu_runs=24 io_ms=3.873 ip_ms=2.537 total_ms=26.277 status=OK
[FPGA][MATMUL] tensor=blk.21.attn_k.weight layer=21 pos=0 phase=prefill M=2 K=1152 N=256 rows=256 col_beats=32 vpu_runs=6 io_ms=0.969 ip_ms=0.635 total_ms=6.584 status=OK
[FPGA][MATMUL] tensor=blk.21.attn_v.weight layer=21 pos=0 phase=prefill M=2 K=1152 N=256 rows=256 col_beats=32 vpu_runs=6 io_ms=0.968 ip_ms=0.635 total_ms=6.580 status=OK
[FPGA][MATMUL] tensor=blk.21.attn_output.weight layer=21 pos=0 phase=prefill M=2 K=1024 N=1152 rows=256 col_beats=32 vpu_runs=20 io_ms=3.257 ip_ms=2.272 total_ms=24.796 status=OK
[FPGA][MATMUL] tensor=blk.21.ffn_gate.weight layer=21 pos=0 phase=prefill M=2 K=1152 N=6912 rows=256 col_beats=32 vpu_runs=162 io_ms=26.116 ip_ms=17.127 total_ms=177.549 status=OK
[FPGA][MATMUL] tensor=blk.21.ffn_up.weight layer=21 pos=0 phase=prefill M=2 K=1152 N=6912 rows=256 col_beats=32 vpu_runs=162 io_ms=26.105 ip_ms=17.130 total_ms=177.230 status=OK
[FPGA][MATMUL] tensor=blk.21.ffn_down.weight layer=21 pos=0 phase=prefill M=2 K=6912 N=1152 rows=256 col_beats=32 vpu_runs=140 io_ms=22.453 ip_ms=15.547 total_ms=166.927 status=OK
[FPGA][MATMUL] tensor=blk.22.attn_q.weight layer=22 pos=0 phase=prefill M=2 K=1152 N=1024 rows=256 col_beats=32 vpu_runs=24 io_ms=3.870 ip_ms=2.539 total_ms=26.214 status=OK
[FPGA][MATMUL] tensor=blk.22.attn_k.weight layer=22 pos=0 phase=prefill M=2 K=1152 N=256 rows=256 col_beats=32 vpu_runs=6 io_ms=0.967 ip_ms=0.634 total_ms=6.606 status=OK
[FPGA][MATMUL] tensor=blk.22.attn_v.weight layer=22 pos=0 phase=prefill M=2 K=1152 N=256 rows=256 col_beats=32 vpu_runs=6 io_ms=0.969 ip_ms=0.634 total_ms=6.556 status=OK
[FPGA][MATMUL] tensor=blk.22.attn_output.weight layer=22 pos=0 phase=prefill M=2 K=1024 N=1152 rows=256 col_beats=32 vpu_runs=20 io_ms=3.250 ip_ms=2.270 total_ms=24.834 status=OK
[FPGA][MATMUL] tensor=blk.22.ffn_gate.weight layer=22 pos=0 phase=prefill M=2 K=1152 N=6912 rows=256 col_beats=32 vpu_runs=162 io_ms=26.113 ip_ms=17.130 total_ms=177.505 status=OK
[FPGA][MATMUL] tensor=blk.22.ffn_up.weight layer=22 pos=0 phase=prefill M=2 K=1152 N=6912 rows=256 col_beats=32 vpu_runs=162 io_ms=26.108 ip_ms=17.120 total_ms=177.520 status=OK
[FPGA][MATMUL] tensor=blk.22.ffn_down.weight layer=22 pos=0 phase=prefill M=2 K=6912 N=1152 rows=256 col_beats=32 vpu_runs=140 io_ms=22.443 ip_ms=15.527 total_ms=165.046 status=OK
[FPGA][MATMUL] tensor=blk.23.attn_q.weight layer=23 pos=0 phase=prefill M=2 K=1152 N=1024 rows=256 col_beats=32 vpu_runs=24 io_ms=3.878 ip_ms=2.538 total_ms=26.307 status=OK
[FPGA][MATMUL] tensor=blk.23.attn_k.weight layer=23 pos=0 phase=prefill M=2 K=1152 N=256 rows=256 col_beats=32 vpu_runs=6 io_ms=0.971 ip_ms=0.634 total_ms=6.597 status=OK
[FPGA][MATMUL] tensor=blk.23.attn_v.weight layer=23 pos=0 phase=prefill M=2 K=1152 N=256 rows=256 col_beats=32 vpu_runs=6 io_ms=0.967 ip_ms=0.635 total_ms=6.584 status=OK
[FPGA][MATMUL] tensor=blk.23.attn_output.weight layer=23 pos=0 phase=prefill M=2 K=1024 N=1152 rows=256 col_beats=32 vpu_runs=20 io_ms=3.255 ip_ms=2.272 total_ms=25.070 status=OK
[FPGA][MATMUL] tensor=blk.23.ffn_gate.weight layer=23 pos=0 phase=prefill M=2 K=1152 N=6912 rows=256 col_beats=32 vpu_runs=162 io_ms=26.118 ip_ms=17.138 total_ms=177.528 status=OK
[FPGA][MATMUL] tensor=blk.23.ffn_up.weight layer=23 pos=0 phase=prefill M=2 K=1152 N=6912 rows=256 col_beats=32 vpu_runs=162 io_ms=27.308 ip_ms=17.123 total_ms=179.490 status=OK
[FPGA][MATMUL] tensor=blk.23.ffn_down.weight layer=23 pos=0 phase=prefill M=2 K=6912 N=1152 rows=256 col_beats=32 vpu_runs=140 io_ms=22.423 ip_ms=15.534 total_ms=165.425 status=OK
[FPGA][MATMUL] tensor=blk.24.attn_q.weight layer=24 pos=0 phase=prefill M=2 K=1152 N=1024 rows=256 col_beats=32 vpu_runs=24 io_ms=3.873 ip_ms=2.537 total_ms=26.390 status=OK
[FPGA][MATMUL] tensor=blk.24.attn_k.weight layer=24 pos=0 phase=prefill M=2 K=1152 N=256 rows=256 col_beats=32 vpu_runs=6 io_ms=0.970 ip_ms=0.635 total_ms=6.644 status=OK
[FPGA][MATMUL] tensor=blk.24.attn_v.weight layer=24 pos=0 phase=prefill M=2 K=1152 N=256 rows=256 col_beats=32 vpu_runs=6 io_ms=0.969 ip_ms=0.634 total_ms=6.588 status=OK
[FPGA][MATMUL] tensor=blk.24.attn_output.weight layer=24 pos=0 phase=prefill M=2 K=1024 N=1152 rows=256 col_beats=32 vpu_runs=20 io_ms=3.245 ip_ms=2.271 total_ms=25.008 status=OK
[FPGA][MATMUL] tensor=blk.24.ffn_gate.weight layer=24 pos=0 phase=prefill M=2 K=1152 N=6912 rows=256 col_beats=32 vpu_runs=162 io_ms=26.108 ip_ms=17.125 total_ms=177.905 status=OK
[FPGA][MATMUL] tensor=blk.24.ffn_up.weight layer=24 pos=0 phase=prefill M=2 K=1152 N=6912 rows=256 col_beats=32 vpu_runs=162 io_ms=26.106 ip_ms=17.129 total_ms=177.571 status=OK
[FPGA][MATMUL] tensor=blk.24.ffn_down.weight layer=24 pos=0 phase=prefill M=2 K=6912 N=1152 rows=256 col_beats=32 vpu_runs=140 io_ms=22.432 ip_ms=15.544 total_ms=165.340 status=OK
[FPGA][MATMUL] tensor=blk.25.attn_q.weight layer=25 pos=0 phase=prefill M=2 K=1152 N=1024 rows=256 col_beats=32 vpu_runs=24 io_ms=3.869 ip_ms=2.537 total_ms=26.257 status=OK
[FPGA][MATMUL] tensor=blk.25.attn_k.weight layer=25 pos=0 phase=prefill M=2 K=1152 N=256 rows=256 col_beats=32 vpu_runs=6 io_ms=0.969 ip_ms=0.633 total_ms=6.592 status=OK
[FPGA][MATMUL] tensor=blk.25.attn_v.weight layer=25 pos=0 phase=prefill M=2 K=1152 N=256 rows=256 col_beats=32 vpu_runs=6 io_ms=0.969 ip_ms=0.635 total_ms=6.582 status=OK
[FPGA][MATMUL] tensor=blk.25.attn_output.weight layer=25 pos=0 phase=prefill M=2 K=1024 N=1152 rows=256 col_beats=32 vpu_runs=20 io_ms=3.257 ip_ms=2.273 total_ms=24.935 status=OK
[FPGA][MATMUL] tensor=blk.25.ffn_gate.weight layer=25 pos=0 phase=decode M=1 K=1152 N=6912 rows=256 col_beats=32 vpu_runs=81 io_ms=13.077 ip_ms=8.564 total_ms=93.058 status=OK
[FPGA][MATMUL] tensor=blk.25.ffn_up.weight layer=25 pos=0 phase=decode M=1 K=1152 N=6912 rows=256 col_beats=32 vpu_runs=81 io_ms=13.062 ip_ms=8.563 total_ms=92.564 status=OK
[FPGA][MATMUL] tensor=blk.25.ffn_down.weight layer=25 pos=0 phase=decode M=1 K=6912 N=1152 rows=256 col_beats=32 vpu_runs=70 io_ms=11.237 ip_ms=7.769 total_ms=83.510 status=OK
[FPGA][MATMUL] tensor=token_embd.weight layer=0 pos=0 phase=decode M=1 K=1152 N=262144 rows=256 col_beats=32 vpu_runs=3072 io_ms=496.098 ip_ms=324.835 total_ms=3514.668 status=OK
[FPGA][MATMUL] tensor=blk.0.attn_q.weight layer=0 pos=0 phase=prefill M=13 K=1152 N=1024 rows=256 col_beats=32 vpu_runs=156 io_ms=25.142 ip_ms=16.495 total_ms=165.526 status=OK
[FPGA][MATMUL] tensor=blk.0.attn_k.weight layer=0 pos=0 phase=prefill M=13 K=1152 N=256 rows=256 col_beats=32 vpu_runs=39 io_ms=6.277 ip_ms=4.156 total_ms=41.231 status=OK
[FPGA][MATMUL] tensor=blk.0.attn_v.weight layer=0 pos=0 phase=prefill M=13 K=1152 N=256 rows=256 col_beats=32 vpu_runs=39 io_ms=6.273 ip_ms=4.128 total_ms=41.194 status=OK
[FPGA][MATMUL] tensor=blk.0.attn_output.weight layer=0 pos=0 phase=prefill M=13 K=1024 N=1152 rows=256 col_beats=32 vpu_runs=130 io_ms=21.185 ip_ms=14.768 total_ms=157.800 status=OK
[FPGA][MATMUL] tensor=blk.0.ffn_gate.weight layer=0 pos=0 phase=prefill M=13 K=1152 N=6912 rows=256 col_beats=32 vpu_runs=1053 io_ms=169.612 ip_ms=111.310 total_ms=1113.072 status=OK
[FPGA][MATMUL] tensor=blk.0.ffn_up.weight layer=0 pos=0 phase=prefill M=13 K=1152 N=6912 rows=256 col_beats=32 vpu_runs=1053 io_ms=169.529 ip_ms=111.311 total_ms=1114.633 status=OK
[FPGA][MATMUL] tensor=blk.0.ffn_down.weight layer=0 pos=0 phase=prefill M=13 K=6912 N=1152 rows=256 col_beats=32 vpu_runs=910 io_ms=145.578 ip_ms=100.993 total_ms=1067.798 status=OK
[FPGA][MATMUL] tensor=blk.1.attn_q.weight layer=1 pos=0 phase=prefill M=13 K=1152 N=1024 rows=256 col_beats=32 vpu_runs=156 io_ms=25.107 ip_ms=16.489 total_ms=164.738 status=OK
[FPGA][MATMUL] tensor=blk.1.attn_k.weight layer=1 pos=0 phase=prefill M=13 K=1152 N=256 rows=256 col_beats=32 vpu_runs=39 io_ms=6.277 ip_ms=4.124 total_ms=41.242 status=OK
[FPGA][MATMUL] tensor=blk.1.attn_v.weight layer=1 pos=0 phase=prefill M=13 K=1152 N=256 rows=256 col_beats=32 vpu_runs=39 io_ms=6.269 ip_ms=4.118 total_ms=41.463 status=OK
[FPGA][MATMUL] tensor=blk.1.attn_output.weight layer=1 pos=0 phase=prefill M=13 K=1024 N=1152 rows=256 col_beats=32 vpu_runs=130 io_ms=21.110 ip_ms=14.768 total_ms=157.572 status=OK
[FPGA][MATMUL] tensor=blk.1.ffn_gate.weight layer=1 pos=0 phase=prefill M=13 K=1152 N=6912 rows=256 col_beats=32 vpu_runs=1053 io_ms=169.642 ip_ms=111.312 total_ms=1112.482 status=OK
[FPGA][MATMUL] tensor=blk.1.ffn_up.weight layer=1 pos=0 phase=prefill M=13 K=1152 N=6912 rows=256 col_beats=32 vpu_runs=1053 io_ms=169.555 ip_ms=111.388 total_ms=1111.851 status=OK
[FPGA][MATMUL] tensor=blk.1.ffn_down.weight layer=1 pos=0 phase=prefill M=13 K=6912 N=1152 rows=256 col_beats=32 vpu_runs=910 io_ms=145.692 ip_ms=100.970 total_ms=1067.026 status=OK
[FPGA][MATMUL] tensor=blk.2.attn_q.weight layer=2 pos=0 phase=prefill M=13 K=1152 N=1024 rows=256 col_beats=32 vpu_runs=156 io_ms=25.116 ip_ms=16.530 total_ms=164.692 status=OK
[FPGA][MATMUL] tensor=blk.2.attn_k.weight layer=2 pos=0 phase=prefill M=13 K=1152 N=256 rows=256 col_beats=32 vpu_runs=39 io_ms=6.269 ip_ms=4.126 total_ms=41.416 status=OK
[FPGA][MATMUL] tensor=blk.2.attn_v.weight layer=2 pos=0 phase=prefill M=13 K=1152 N=256 rows=256 col_beats=32 vpu_runs=39 io_ms=6.270 ip_ms=4.120 total_ms=41.237 status=OK
[FPGA][MATMUL] tensor=blk.2.attn_output.weight layer=2 pos=0 phase=prefill M=13 K=1024 N=1152 rows=256 col_beats=32 vpu_runs=130 io_ms=21.237 ip_ms=14.775 total_ms=158.244 status=OK
[FPGA][MATMUL] tensor=blk.2.ffn_gate.weight layer=2 pos=0 phase=prefill M=13 K=1152 N=6912 rows=256 col_beats=32 vpu_runs=1053 io_ms=169.464 ip_ms=111.471 total_ms=1111.988 status=OK
[FPGA][MATMUL] tensor=blk.2.ffn_up.weight layer=2 pos=0 phase=prefill M=13 K=1152 N=6912 rows=256 col_beats=32 vpu_runs=1053 io_ms=169.461 ip_ms=111.314 total_ms=1112.613 status=OK
[FPGA][MATMUL] tensor=blk.2.ffn_down.weight layer=2 pos=0 phase=prefill M=13 K=6912 N=1152 rows=256 col_beats=32 vpu_runs=910 io_ms=145.602 ip_ms=101.067 total_ms=1068.428 status=OK
[FPGA][MATMUL] tensor=blk.3.attn_q.weight layer=3 pos=0 phase=prefill M=13 K=1152 N=1024 rows=256 col_beats=32 vpu_runs=156 io_ms=25.096 ip_ms=16.532 total_ms=165.477 status=OK
[FPGA][MATMUL] tensor=blk.3.attn_k.weight layer=3 pos=0 phase=prefill M=13 K=1152 N=256 rows=256 col_beats=32 vpu_runs=39 io_ms=6.280 ip_ms=4.122 total_ms=41.255 status=OK
[FPGA][MATMUL] tensor=blk.3.attn_v.weight layer=3 pos=0 phase=prefill M=13 K=1152 N=256 rows=256 col_beats=32 vpu_runs=39 io_ms=6.276 ip_ms=4.123 total_ms=41.203 status=OK
[FPGA][MATMUL] tensor=blk.3.attn_output.weight layer=3 pos=0 phase=prefill M=13 K=1024 N=1152 rows=256 col_beats=32 vpu_runs=130 io_ms=21.090 ip_ms=14.765 total_ms=157.543 status=OK
[FPGA][MATMUL] tensor=blk.3.ffn_gate.weight layer=3 pos=0 phase=prefill M=13 K=1152 N=6912 rows=256 col_beats=32 vpu_runs=1053 io_ms=169.492 ip_ms=111.322 total_ms=1112.446 status=OK
[FPGA][MATMUL] tensor=blk.3.ffn_up.weight layer=3 pos=0 phase=prefill M=13 K=1152 N=6912 rows=256 col_beats=32 vpu_runs=1053 io_ms=169.536 ip_ms=111.413 total_ms=1112.873 status=OK
[FPGA][MATMUL] tensor=blk.3.ffn_down.weight layer=3 pos=0 phase=prefill M=13 K=6912 N=1152 rows=256 col_beats=32 vpu_runs=910 io_ms=145.594 ip_ms=100.953 total_ms=1067.887 status=OK
[FPGA][MATMUL] tensor=blk.4.attn_q.weight layer=4 pos=0 phase=prefill M=13 K=1152 N=1024 rows=256 col_beats=32 vpu_runs=156 io_ms=25.120 ip_ms=16.496 total_ms=165.106 status=OK
[FPGA][MATMUL] tensor=blk.4.attn_k.weight layer=4 pos=0 phase=prefill M=13 K=1152 N=256 rows=256 col_beats=32 vpu_runs=39 io_ms=6.277 ip_ms=4.122 total_ms=41.187 status=OK
[FPGA][MATMUL] tensor=blk.4.attn_v.weight layer=4 pos=0 phase=prefill M=13 K=1152 N=256 rows=256 col_beats=32 vpu_runs=39 io_ms=6.276 ip_ms=4.123 total_ms=41.501 status=OK
[FPGA][MATMUL] tensor=blk.4.attn_output.weight layer=4 pos=0 phase=prefill M=13 K=1024 N=1152 rows=256 col_beats=32 vpu_runs=130 io_ms=21.086 ip_ms=14.762 total_ms=157.805 status=OK
[FPGA][MATMUL] tensor=blk.4.ffn_gate.weight layer=4 pos=0 phase=prefill M=13 K=1152 N=6912 rows=256 col_beats=32 vpu_runs=1053 io_ms=169.463 ip_ms=111.315 total_ms=1113.108 status=OK
[FPGA][MATMUL] tensor=blk.4.ffn_up.weight layer=4 pos=0 phase=prefill M=13 K=1152 N=6912 rows=256 col_beats=32 vpu_runs=1053 io_ms=169.434 ip_ms=111.417 total_ms=1112.948 status=OK
[FPGA][MATMUL] tensor=blk.4.ffn_down.weight layer=4 pos=0 phase=prefill M=13 K=6912 N=1152 rows=256 col_beats=32 vpu_runs=910 io_ms=145.570 ip_ms=100.991 total_ms=1066.822 status=OK
[FPGA][MATMUL] tensor=blk.5.attn_q.weight layer=5 pos=0 phase=prefill M=13 K=1152 N=1024 rows=256 col_beats=32 vpu_runs=156 io_ms=25.094 ip_ms=16.486 total_ms=164.750 status=OK
[FPGA][MATMUL] tensor=blk.5.attn_k.weight layer=5 pos=0 phase=prefill M=13 K=1152 N=256 rows=256 col_beats=32 vpu_runs=39 io_ms=6.280 ip_ms=4.122 total_ms=41.353 status=OK
[FPGA][MATMUL] tensor=blk.5.attn_v.weight layer=5 pos=0 phase=prefill M=13 K=1152 N=256 rows=256 col_beats=32 vpu_runs=39 io_ms=6.279 ip_ms=4.122 total_ms=41.306 status=OK
[FPGA][MATMUL] tensor=blk.5.attn_output.weight layer=5 pos=0 phase=prefill M=13 K=1024 N=1152 rows=256 col_beats=32 vpu_runs=130 io_ms=21.085 ip_ms=14.928 total_ms=157.988 status=OK
[FPGA][MATMUL] tensor=blk.5.ffn_gate.weight layer=5 pos=0 phase=prefill M=13 K=1152 N=6912 rows=256 col_beats=32 vpu_runs=1053 io_ms=169.468 ip_ms=111.325 total_ms=1113.023 status=OK
[FPGA][MATMUL] tensor=blk.5.ffn_up.weight layer=5 pos=0 phase=prefill M=13 K=1152 N=6912 rows=256 col_beats=32 vpu_runs=1053 io_ms=169.482 ip_ms=111.326 total_ms=1113.990 status=OK
[FPGA][MATMUL] tensor=blk.5.ffn_down.weight layer=5 pos=0 phase=prefill M=13 K=6912 N=1152 rows=256 col_beats=32 vpu_runs=910 io_ms=145.598 ip_ms=100.971 total_ms=1068.454 status=OK
[FPGA][MATMUL] tensor=blk.6.attn_q.weight layer=6 pos=0 phase=prefill M=13 K=1152 N=1024 rows=256 col_beats=32 vpu_runs=156 io_ms=25.116 ip_ms=16.495 total_ms=164.744 status=OK
[FPGA][MATMUL] tensor=blk.6.attn_k.weight layer=6 pos=0 phase=prefill M=13 K=1152 N=256 rows=256 col_beats=32 vpu_runs=39 io_ms=6.278 ip_ms=4.124 total_ms=41.362 status=OK
[FPGA][MATMUL] tensor=blk.6.attn_v.weight layer=6 pos=0 phase=prefill M=13 K=1152 N=256 rows=256 col_beats=32 vpu_runs=39 io_ms=6.278 ip_ms=4.124 total_ms=41.520 status=OK
[FPGA][MATMUL] tensor=blk.6.attn_output.weight layer=6 pos=0 phase=prefill M=13 K=1024 N=1152 rows=256 col_beats=32 vpu_runs=130 io_ms=21.103 ip_ms=14.773 total_ms=157.976 status=OK
[FPGA][MATMUL] tensor=blk.6.ffn_gate.weight layer=6 pos=0 phase=prefill M=13 K=1152 N=6912 rows=256 col_beats=32 vpu_runs=1053 io_ms=169.589 ip_ms=111.335 total_ms=1111.316 status=OK
[FPGA][MATMUL] tensor=blk.6.ffn_up.weight layer=6 pos=0 phase=prefill M=13 K=1152 N=6912 rows=256 col_beats=32 vpu_runs=1053 io_ms=169.615 ip_ms=111.335 total_ms=1112.138 status=OK
[FPGA][MATMUL] tensor=blk.6.ffn_down.weight layer=6 pos=0 phase=prefill M=13 K=6912 N=1152 rows=256 col_beats=32 vpu_runs=910 io_ms=145.606 ip_ms=101.060 total_ms=1066.955 status=OK
[FPGA][MATMUL] tensor=blk.7.attn_q.weight layer=7 pos=0 phase=prefill M=13 K=1152 N=1024 rows=256 col_beats=32 vpu_runs=156 io_ms=25.100 ip_ms=16.500 total_ms=164.738 status=OK
[FPGA][MATMUL] tensor=blk.7.attn_k.weight layer=7 pos=0 phase=prefill M=13 K=1152 N=256 rows=256 col_beats=32 vpu_runs=39 io_ms=6.281 ip_ms=4.123 total_ms=41.214 status=OK
[FPGA][MATMUL] tensor=blk.7.attn_v.weight layer=7 pos=0 phase=prefill M=13 K=1152 N=256 rows=256 col_beats=32 vpu_runs=39 io_ms=6.282 ip_ms=4.120 total_ms=41.543 status=OK
[FPGA][MATMUL] tensor=blk.7.attn_output.weight layer=7 pos=0 phase=prefill M=13 K=1024 N=1152 rows=256 col_beats=32 vpu_runs=130 io_ms=21.093 ip_ms=14.773 total_ms=157.950 status=OK
[FPGA][MATMUL] tensor=blk.7.ffn_gate.weight layer=7 pos=0 phase=prefill M=13 K=1152 N=6912 rows=256 col_beats=32 vpu_runs=1053 io_ms=169.513 ip_ms=111.388 total_ms=1112.336 status=OK
[FPGA][MATMUL] tensor=blk.7.ffn_up.weight layer=7 pos=0 phase=prefill M=13 K=1152 N=6912 rows=256 col_beats=32 vpu_runs=1053 io_ms=169.462 ip_ms=111.411 total_ms=1112.984 status=OK
[FPGA][MATMUL] tensor=blk.7.ffn_down.weight layer=7 pos=0 phase=prefill M=13 K=6912 N=1152 rows=256 col_beats=32 vpu_runs=910 io_ms=145.670 ip_ms=101.067 total_ms=1069.581 status=OK
[FPGA][MATMUL] tensor=blk.8.attn_q.weight layer=8 pos=0 phase=prefill M=13 K=1152 N=1024 rows=256 col_beats=32 vpu_runs=156 io_ms=25.102 ip_ms=16.487 total_ms=164.799 status=OK
[FPGA][MATMUL] tensor=blk.8.attn_k.weight layer=8 pos=0 phase=prefill M=13 K=1152 N=256 rows=256 col_beats=32 vpu_runs=39 io_ms=6.281 ip_ms=4.123 total_ms=41.423 status=OK
[FPGA][MATMUL] tensor=blk.8.attn_v.weight layer=8 pos=0 phase=prefill M=13 K=1152 N=256 rows=256 col_beats=32 vpu_runs=39 io_ms=6.276 ip_ms=4.123 total_ms=41.381 status=OK
[FPGA][MATMUL] tensor=blk.8.attn_output.weight layer=8 pos=0 phase=prefill M=13 K=1024 N=1152 rows=256 col_beats=32 vpu_runs=130 io_ms=21.077 ip_ms=14.771 total_ms=158.086 status=OK
[FPGA][MATMUL] tensor=blk.8.ffn_gate.weight layer=8 pos=0 phase=prefill M=13 K=1152 N=6912 rows=256 col_beats=32 vpu_runs=1053 io_ms=169.541 ip_ms=111.412 total_ms=1112.743 status=OK
[FPGA][MATMUL] tensor=blk.8.ffn_up.weight layer=8 pos=0 phase=prefill M=13 K=1152 N=6912 rows=256 col_beats=32 vpu_runs=1053 io_ms=169.491 ip_ms=111.313 total_ms=1112.083 status=OK
[FPGA][MATMUL] tensor=blk.8.ffn_down.weight layer=8 pos=0 phase=prefill M=13 K=6912 N=1152 rows=256 col_beats=32 vpu_runs=910 io_ms=145.623 ip_ms=100.982 total_ms=1068.367 status=OK
[FPGA][MATMUL] tensor=blk.9.attn_q.weight layer=9 pos=0 phase=prefill M=13 K=1152 N=1024 rows=256 col_beats=32 vpu_runs=156 io_ms=25.114 ip_ms=16.485 total_ms=164.751 status=OK
[FPGA][MATMUL] tensor=blk.9.attn_k.weight layer=9 pos=0 phase=prefill M=13 K=1152 N=256 rows=256 col_beats=32 vpu_runs=39 io_ms=6.262 ip_ms=4.122 total_ms=41.292 status=OK
[FPGA][MATMUL] tensor=blk.9.attn_v.weight layer=9 pos=0 phase=prefill M=13 K=1152 N=256 rows=256 col_beats=32 vpu_runs=39 io_ms=6.282 ip_ms=4.119 total_ms=41.362 status=OK
[FPGA][MATMUL] tensor=blk.9.attn_output.weight layer=9 pos=0 phase=prefill M=13 K=1024 N=1152 rows=256 col_beats=32 vpu_runs=130 io_ms=21.076 ip_ms=14.773 total_ms=157.488 status=OK
[FPGA][MATMUL] tensor=blk.9.ffn_gate.weight layer=9 pos=0 phase=prefill M=13 K=1152 N=6912 rows=256 col_beats=32 vpu_runs=1053 io_ms=169.471 ip_ms=111.327 total_ms=1111.445 status=OK
[FPGA][MATMUL] tensor=blk.9.ffn_up.weight layer=9 pos=0 phase=prefill M=13 K=1152 N=6912 rows=256 col_beats=32 vpu_runs=1053 io_ms=169.510 ip_ms=111.315 total_ms=1112.497 status=OK
[FPGA][MATMUL] tensor=blk.9.ffn_down.weight layer=9 pos=0 phase=prefill M=13 K=6912 N=1152 rows=256 col_beats=32 vpu_runs=910 io_ms=145.585 ip_ms=100.965 total_ms=1068.570 status=OK
[FPGA][MATMUL] tensor=blk.10.attn_q.weight layer=10 pos=0 phase=prefill M=13 K=1152 N=1024 rows=256 col_beats=32 vpu_runs=156 io_ms=25.111 ip_ms=16.511 total_ms=165.040 status=OK
[FPGA][MATMUL] tensor=blk.10.attn_k.weight layer=10 pos=0 phase=prefill M=13 K=1152 N=256 rows=256 col_beats=32 vpu_runs=39 io_ms=6.287 ip_ms=4.126 total_ms=41.397 status=OK
[FPGA][MATMUL] tensor=blk.10.attn_v.weight layer=10 pos=0 phase=prefill M=13 K=1152 N=256 rows=256 col_beats=32 vpu_runs=39 io_ms=6.278 ip_ms=4.122 total_ms=41.357 status=OK
[FPGA][MATMUL] tensor=blk.10.attn_output.weight layer=10 pos=0 phase=prefill M=13 K=1024 N=1152 rows=256 col_beats=32 vpu_runs=130 io_ms=21.080 ip_ms=14.768 total_ms=157.757 status=OK
[FPGA][MATMUL] tensor=blk.10.ffn_gate.weight layer=10 pos=0 phase=prefill M=13 K=1152 N=6912 rows=256 col_beats=32 vpu_runs=1053 io_ms=169.493 ip_ms=111.316 total_ms=1111.974 status=OK
[FPGA][MATMUL] tensor=blk.10.ffn_up.weight layer=10 pos=0 phase=prefill M=13 K=1152 N=6912 rows=256 col_beats=32 vpu_runs=1053 io_ms=169.474 ip_ms=111.470 total_ms=1113.414 status=OK
[FPGA][MATMUL] tensor=blk.10.ffn_down.weight layer=10 pos=0 phase=prefill M=13 K=6912 N=1152 rows=256 col_beats=32 vpu_runs=910 io_ms=145.559 ip_ms=101.162 total_ms=1068.004 status=OK
[FPGA][MATMUL] tensor=blk.11.attn_q.weight layer=11 pos=0 phase=prefill M=13 K=1152 N=1024 rows=256 col_beats=32 vpu_runs=156 io_ms=25.094 ip_ms=16.490 total_ms=165.434 status=OK
[FPGA][MATMUL] tensor=blk.11.attn_k.weight layer=11 pos=0 phase=prefill M=13 K=1152 N=256 rows=256 col_beats=32 vpu_runs=39 io_ms=6.278 ip_ms=4.124 total_ms=41.383 status=OK
[FPGA][MATMUL] tensor=blk.11.attn_v.weight layer=11 pos=0 phase=prefill M=13 K=1152 N=256 rows=256 col_beats=32 vpu_runs=39 io_ms=6.287 ip_ms=4.122 total_ms=41.271 status=OK
[FPGA][MATMUL] tensor=blk.11.attn_output.weight layer=11 pos=0 phase=prefill M=13 K=1024 N=1152 rows=256 col_beats=32 vpu_runs=130 io_ms=21.083 ip_ms=14.763 total_ms=157.771 status=OK
[FPGA][MATMUL] tensor=blk.11.ffn_gate.weight layer=11 pos=0 phase=prefill M=13 K=1152 N=6912 rows=256 col_beats=32 vpu_runs=1053 io_ms=169.545 ip_ms=111.347 total_ms=1112.656 status=OK
[FPGA][MATMUL] tensor=blk.11.ffn_up.weight layer=11 pos=0 phase=prefill M=13 K=1152 N=6912 rows=256 col_beats=32 vpu_runs=1053 io_ms=169.612 ip_ms=111.388 total_ms=1112.932 status=OK
[FPGA][MATMUL] tensor=blk.11.ffn_down.weight layer=11 pos=0 phase=prefill M=13 K=6912 N=1152 rows=256 col_beats=32 vpu_runs=910 io_ms=145.613 ip_ms=100.987 total_ms=1067.573 status=OK
[FPGA][MATMUL] tensor=blk.12.attn_q.weight layer=12 pos=0 phase=prefill M=13 K=1152 N=1024 rows=256 col_beats=32 vpu_runs=156 io_ms=25.106 ip_ms=16.493 total_ms=164.822 status=OK
[FPGA][MATMUL] tensor=blk.12.attn_k.weight layer=12 pos=0 phase=prefill M=13 K=1152 N=256 rows=256 col_beats=32 vpu_runs=39 io_ms=6.285 ip_ms=4.120 total_ms=41.214 status=OK
[FPGA][MATMUL] tensor=blk.12.attn_v.weight layer=12 pos=0 phase=prefill M=13 K=1152 N=256 rows=256 col_beats=32 vpu_runs=39 io_ms=6.274 ip_ms=4.121 total_ms=41.215 status=OK
[FPGA][MATMUL] tensor=blk.12.attn_output.weight layer=12 pos=0 phase=prefill M=13 K=1024 N=1152 rows=256 col_beats=32 vpu_runs=130 io_ms=21.095 ip_ms=14.762 total_ms=157.601 status=OK
[FPGA][MATMUL] tensor=blk.12.ffn_gate.weight layer=12 pos=0 phase=prefill M=13 K=1152 N=6912 rows=256 col_beats=32 vpu_runs=1053 io_ms=169.449 ip_ms=111.399 total_ms=1113.326 status=OK
[FPGA][MATMUL] tensor=blk.12.ffn_up.weight layer=12 pos=0 phase=prefill M=13 K=1152 N=6912 rows=256 col_beats=32 vpu_runs=1053 io_ms=169.660 ip_ms=111.335 total_ms=1111.681 status=OK
[FPGA][MATMUL] tensor=blk.12.ffn_down.weight layer=12 pos=0 phase=prefill M=13 K=6912 N=1152 rows=256 col_beats=32 vpu_runs=910 io_ms=145.662 ip_ms=101.113 total_ms=1068.979 status=OK
[FPGA][MATMUL] tensor=blk.13.attn_q.weight layer=13 pos=0 phase=prefill M=13 K=1152 N=1024 rows=256 col_beats=32 vpu_runs=156 io_ms=25.139 ip_ms=16.519 total_ms=165.762 status=OK
[FPGA][MATMUL] tensor=blk.13.attn_k.weight layer=13 pos=0 phase=prefill M=13 K=1152 N=256 rows=256 col_beats=32 vpu_runs=39 io_ms=6.284 ip_ms=4.117 total_ms=41.368 status=OK
[FPGA][MATMUL] tensor=blk.13.attn_v.weight layer=13 pos=0 phase=prefill M=13 K=1152 N=256 rows=256 col_beats=32 vpu_runs=39 io_ms=6.269 ip_ms=4.124 total_ms=41.305 status=OK
[FPGA][MATMUL] tensor=blk.13.attn_output.weight layer=13 pos=0 phase=prefill M=13 K=1024 N=1152 rows=256 col_beats=32 vpu_runs=130 io_ms=21.089 ip_ms=14.771 total_ms=157.925 status=OK
[FPGA][MATMUL] tensor=blk.13.ffn_gate.weight layer=13 pos=0 phase=prefill M=13 K=1152 N=6912 rows=256 col_beats=32 vpu_runs=1053 io_ms=169.563 ip_ms=111.337 total_ms=1113.131 status=OK
[FPGA][MATMUL] tensor=blk.13.ffn_up.weight layer=13 pos=0 phase=prefill M=13 K=1152 N=6912 rows=256 col_beats=32 vpu_runs=1053 io_ms=169.493 ip_ms=111.327 total_ms=1112.966 status=OK
[FPGA][MATMUL] tensor=blk.13.ffn_down.weight layer=13 pos=0 phase=prefill M=13 K=6912 N=1152 rows=256 col_beats=32 vpu_runs=910 io_ms=145.609 ip_ms=101.159 total_ms=1067.812 status=OK
[FPGA][MATMUL] tensor=blk.14.attn_q.weight layer=14 pos=0 phase=prefill M=13 K=1152 N=1024 rows=256 col_beats=32 vpu_runs=156 io_ms=25.116 ip_ms=16.490 total_ms=165.227 status=OK
[FPGA][MATMUL] tensor=blk.14.attn_k.weight layer=14 pos=0 phase=prefill M=13 K=1152 N=256 rows=256 col_beats=32 vpu_runs=39 io_ms=6.279 ip_ms=4.119 total_ms=41.224 status=OK
[FPGA][MATMUL] tensor=blk.14.attn_v.weight layer=14 pos=0 phase=prefill M=13 K=1152 N=256 rows=256 col_beats=32 vpu_runs=39 io_ms=6.273 ip_ms=4.120 total_ms=41.246 status=OK
[FPGA][MATMUL] tensor=blk.14.attn_output.weight layer=14 pos=0 phase=prefill M=13 K=1024 N=1152 rows=256 col_beats=32 vpu_runs=130 io_ms=21.080 ip_ms=14.768 total_ms=158.131 status=OK
[FPGA][MATMUL] tensor=blk.14.ffn_gate.weight layer=14 pos=0 phase=prefill M=13 K=1152 N=6912 rows=256 col_beats=32 vpu_runs=1053 io_ms=169.422 ip_ms=111.314 total_ms=1112.807 status=OK
[FPGA][MATMUL] tensor=blk.14.ffn_up.weight layer=14 pos=0 phase=prefill M=13 K=1152 N=6912 rows=256 col_beats=32 vpu_runs=1053 io_ms=169.464 ip_ms=111.427 total_ms=1115.309 status=OK
[FPGA][MATMUL] tensor=blk.14.ffn_down.weight layer=14 pos=0 phase=prefill M=13 K=6912 N=1152 rows=256 col_beats=32 vpu_runs=910 io_ms=145.605 ip_ms=100.986 total_ms=1068.028 status=OK
[FPGA][MATMUL] tensor=blk.15.attn_q.weight layer=15 pos=0 phase=prefill M=13 K=1152 N=1024 rows=256 col_beats=32 vpu_runs=156 io_ms=25.093 ip_ms=16.496 total_ms=165.248 status=OK
[FPGA][MATMUL] tensor=blk.15.attn_k.weight layer=15 pos=0 phase=prefill M=13 K=1152 N=256 rows=256 col_beats=32 vpu_runs=39 io_ms=6.290 ip_ms=4.122 total_ms=41.233 status=OK
[FPGA][MATMUL] tensor=blk.15.attn_v.weight layer=15 pos=0 phase=prefill M=13 K=1152 N=256 rows=256 col_beats=32 vpu_runs=39 io_ms=6.287 ip_ms=4.127 total_ms=41.590 status=OK
[FPGA][MATMUL] tensor=blk.15.attn_output.weight layer=15 pos=0 phase=prefill M=13 K=1024 N=1152 rows=256 col_beats=32 vpu_runs=130 io_ms=21.076 ip_ms=14.766 total_ms=157.510 status=OK
[FPGA][MATMUL] tensor=blk.15.ffn_gate.weight layer=15 pos=0 phase=prefill M=13 K=1152 N=6912 rows=256 col_beats=32 vpu_runs=1053 io_ms=169.452 ip_ms=111.447 total_ms=1112.307 status=OK
[FPGA][MATMUL] tensor=blk.15.ffn_up.weight layer=15 pos=0 phase=prefill M=13 K=1152 N=6912 rows=256 col_beats=32 vpu_runs=1053 io_ms=169.497 ip_ms=111.324 total_ms=1111.735 status=OK
[FPGA][MATMUL] tensor=blk.15.ffn_down.weight layer=15 pos=0 phase=prefill M=13 K=6912 N=1152 rows=256 col_beats=32 vpu_runs=910 io_ms=145.577 ip_ms=101.060 total_ms=1067.628 status=OK
[FPGA][MATMUL] tensor=blk.16.attn_q.weight layer=16 pos=0 phase=prefill M=13 K=1152 N=1024 rows=256 col_beats=32 vpu_runs=156 io_ms=25.089 ip_ms=16.496 total_ms=164.755 status=OK
[FPGA][MATMUL] tensor=blk.16.attn_k.weight layer=16 pos=0 phase=prefill M=13 K=1152 N=256 rows=256 col_beats=32 vpu_runs=39 io_ms=6.279 ip_ms=4.120 total_ms=41.262 status=OK
[FPGA][MATMUL] tensor=blk.16.attn_v.weight layer=16 pos=0 phase=prefill M=13 K=1152 N=256 rows=256 col_beats=32 vpu_runs=39 io_ms=6.271 ip_ms=4.125 total_ms=41.383 status=OK
[FPGA][MATMUL] tensor=blk.16.attn_output.weight layer=16 pos=0 phase=prefill M=13 K=1024 N=1152 rows=256 col_beats=32 vpu_runs=130 io_ms=21.091 ip_ms=14.763 total_ms=157.825 status=OK
[FPGA][MATMUL] tensor=blk.16.ffn_gate.weight layer=16 pos=0 phase=prefill M=13 K=1152 N=6912 rows=256 col_beats=32 vpu_runs=1053 io_ms=169.453 ip_ms=111.310 total_ms=1111.578 status=OK
[FPGA][MATMUL] tensor=blk.16.ffn_up.weight layer=16 pos=0 phase=prefill M=13 K=1152 N=6912 rows=256 col_beats=32 vpu_runs=1053 io_ms=169.470 ip_ms=111.316 total_ms=1111.700 status=OK
[FPGA][MATMUL] tensor=blk.16.ffn_down.weight layer=16 pos=0 phase=prefill M=13 K=6912 N=1152 rows=256 col_beats=32 vpu_runs=910 io_ms=145.664 ip_ms=101.098 total_ms=1066.718 status=OK
[FPGA][MATMUL] tensor=blk.17.attn_q.weight layer=17 pos=0 phase=prefill M=13 K=1152 N=1024 rows=256 col_beats=32 vpu_runs=156 io_ms=25.112 ip_ms=16.492 total_ms=164.764 status=OK
[FPGA][MATMUL] tensor=blk.17.attn_k.weight layer=17 pos=0 phase=prefill M=13 K=1152 N=256 rows=256 col_beats=32 vpu_runs=39 io_ms=6.273 ip_ms=4.120 total_ms=41.182 status=OK
[FPGA][MATMUL] tensor=blk.17.attn_v.weight layer=17 pos=0 phase=prefill M=13 K=1152 N=256 rows=256 col_beats=32 vpu_runs=39 io_ms=6.283 ip_ms=4.123 total_ms=41.306 status=OK
[FPGA][MATMUL] tensor=blk.17.attn_output.weight layer=17 pos=0 phase=prefill M=13 K=1024 N=1152 rows=256 col_beats=32 vpu_runs=130 io_ms=21.079 ip_ms=14.764 total_ms=157.828 status=OK
[FPGA][MATMUL] tensor=blk.17.ffn_gate.weight layer=17 pos=0 phase=prefill M=13 K=1152 N=6912 rows=256 col_beats=32 vpu_runs=1053 io_ms=169.472 ip_ms=111.323 total_ms=1111.360 status=OK
[FPGA][MATMUL] tensor=blk.17.ffn_up.weight layer=17 pos=0 phase=prefill M=13 K=1152 N=6912 rows=256 col_beats=32 vpu_runs=1053 io_ms=169.488 ip_ms=111.334 total_ms=1111.758 status=OK
[FPGA][MATMUL] tensor=blk.17.ffn_down.weight layer=17 pos=0 phase=prefill M=13 K=6912 N=1152 rows=256 col_beats=32 vpu_runs=910 io_ms=145.568 ip_ms=100.987 total_ms=1067.191 status=OK
[FPGA][MATMUL] tensor=blk.18.attn_q.weight layer=18 pos=0 phase=prefill M=13 K=1152 N=1024 rows=256 col_beats=32 vpu_runs=156 io_ms=25.085 ip_ms=16.490 total_ms=164.718 status=OK
[FPGA][MATMUL] tensor=blk.18.attn_k.weight layer=18 pos=0 phase=prefill M=13 K=1152 N=256 rows=256 col_beats=32 vpu_runs=39 io_ms=6.277 ip_ms=4.121 total_ms=41.264 status=OK
[FPGA][MATMUL] tensor=blk.18.attn_v.weight layer=18 pos=0 phase=prefill M=13 K=1152 N=256 rows=256 col_beats=32 vpu_runs=39 io_ms=6.276 ip_ms=4.122 total_ms=41.228 status=OK
[FPGA][MATMUL] tensor=blk.18.attn_output.weight layer=18 pos=0 phase=prefill M=13 K=1024 N=1152 rows=256 col_beats=32 vpu_runs=130 io_ms=21.078 ip_ms=14.771 total_ms=157.930 status=OK
[FPGA][MATMUL] tensor=blk.18.ffn_gate.weight layer=18 pos=0 phase=prefill M=13 K=1152 N=6912 rows=256 col_beats=32 vpu_runs=1053 io_ms=169.554 ip_ms=111.464 total_ms=1111.853 status=OK
[FPGA][MATMUL] tensor=blk.18.ffn_up.weight layer=18 pos=0 phase=prefill M=13 K=1152 N=6912 rows=256 col_beats=32 vpu_runs=1053 io_ms=169.483 ip_ms=111.317 total_ms=1113.033 status=OK
[FPGA][MATMUL] tensor=blk.18.ffn_down.weight layer=18 pos=0 phase=prefill M=13 K=6912 N=1152 rows=256 col_beats=32 vpu_runs=910 io_ms=145.563 ip_ms=100.995 total_ms=1067.723 status=OK
[FPGA][MATMUL] tensor=blk.19.attn_q.weight layer=19 pos=0 phase=prefill M=13 K=1152 N=1024 rows=256 col_beats=32 vpu_runs=156 io_ms=25.125 ip_ms=16.491 total_ms=164.614 status=OK
[FPGA][MATMUL] tensor=blk.19.attn_k.weight layer=19 pos=0 phase=prefill M=13 K=1152 N=256 rows=256 col_beats=32 vpu_runs=39 io_ms=6.278 ip_ms=4.139 total_ms=41.254 status=OK
[FPGA][MATMUL] tensor=blk.19.attn_v.weight layer=19 pos=0 phase=prefill M=13 K=1152 N=256 rows=256 col_beats=32 vpu_runs=39 io_ms=6.276 ip_ms=4.122 total_ms=41.465 status=OK
[FPGA][MATMUL] tensor=blk.19.attn_output.weight layer=19 pos=0 phase=prefill M=13 K=1024 N=1152 rows=256 col_beats=32 vpu_runs=130 io_ms=21.091 ip_ms=14.773 total_ms=158.089 status=OK
[FPGA][MATMUL] tensor=blk.19.ffn_gate.weight layer=19 pos=0 phase=prefill M=13 K=1152 N=6912 rows=256 col_beats=32 vpu_runs=1053 io_ms=169.613 ip_ms=111.329 total_ms=1111.489 status=OK
[FPGA][MATMUL] tensor=blk.19.ffn_up.weight layer=19 pos=0 phase=prefill M=13 K=1152 N=6912 rows=256 col_beats=32 vpu_runs=1053 io_ms=169.487 ip_ms=111.307 total_ms=1111.547 status=OK
[FPGA][MATMUL] tensor=blk.19.ffn_down.weight layer=19 pos=0 phase=prefill M=13 K=6912 N=1152 rows=256 col_beats=32 vpu_runs=910 io_ms=145.617 ip_ms=100.961 total_ms=1067.940 status=OK
[FPGA][MATMUL] tensor=blk.20.attn_q.weight layer=20 pos=0 phase=prefill M=13 K=1152 N=1024 rows=256 col_beats=32 vpu_runs=156 io_ms=25.105 ip_ms=16.492 total_ms=165.288 status=OK
[FPGA][MATMUL] tensor=blk.20.attn_k.weight layer=20 pos=0 phase=prefill M=13 K=1152 N=256 rows=256 col_beats=32 vpu_runs=39 io_ms=6.282 ip_ms=4.123 total_ms=41.399 status=OK
[FPGA][MATMUL] tensor=blk.20.attn_v.weight layer=20 pos=0 phase=prefill M=13 K=1152 N=256 rows=256 col_beats=32 vpu_runs=39 io_ms=6.290 ip_ms=4.121 total_ms=41.174 status=OK
[FPGA][MATMUL] tensor=blk.20.attn_output.weight layer=20 pos=0 phase=prefill M=13 K=1024 N=1152 rows=256 col_beats=32 vpu_runs=130 io_ms=21.065 ip_ms=14.770 total_ms=157.582 status=OK
[FPGA][MATMUL] tensor=blk.20.ffn_gate.weight layer=20 pos=0 phase=prefill M=13 K=1152 N=6912 rows=256 col_beats=32 vpu_runs=1053 io_ms=169.475 ip_ms=111.448 total_ms=1111.606 status=OK
[FPGA][MATMUL] tensor=blk.20.ffn_up.weight layer=20 pos=0 phase=prefill M=13 K=1152 N=6912 rows=256 col_beats=32 vpu_runs=1053 io_ms=169.461 ip_ms=111.311 total_ms=1111.639 status=OK
[FPGA][MATMUL] tensor=blk.20.ffn_down.weight layer=20 pos=0 phase=prefill M=13 K=6912 N=1152 rows=256 col_beats=32 vpu_runs=910 io_ms=145.745 ip_ms=100.967 total_ms=1066.548 status=OK
[FPGA][MATMUL] tensor=blk.21.attn_q.weight layer=21 pos=0 phase=prefill M=13 K=1152 N=1024 rows=256 col_beats=32 vpu_runs=156 io_ms=25.113 ip_ms=16.493 total_ms=164.957 status=OK
[FPGA][MATMUL] tensor=blk.21.attn_k.weight layer=21 pos=0 phase=prefill M=13 K=1152 N=256 rows=256 col_beats=32 vpu_runs=39 io_ms=6.275 ip_ms=4.128 total_ms=41.186 status=OK
[FPGA][MATMUL] tensor=blk.21.attn_v.weight layer=21 pos=0 phase=prefill M=13 K=1152 N=256 rows=256 col_beats=32 vpu_runs=39 io_ms=6.292 ip_ms=4.120 total_ms=41.420 status=OK
[FPGA][MATMUL] tensor=blk.21.attn_output.weight layer=21 pos=0 phase=prefill M=13 K=1024 N=1152 rows=256 col_beats=32 vpu_runs=130 io_ms=21.090 ip_ms=14.767 total_ms=157.701 status=OK
[FPGA][MATMUL] tensor=blk.21.ffn_gate.weight layer=21 pos=0 phase=prefill M=13 K=1152 N=6912 rows=256 col_beats=32 vpu_runs=1053 io_ms=169.655 ip_ms=111.310 total_ms=1113.357 status=OK
[FPGA][MATMUL] tensor=blk.21.ffn_up.weight layer=21 pos=0 phase=prefill M=13 K=1152 N=6912 rows=256 col_beats=32 vpu_runs=1053 io_ms=169.477 ip_ms=111.339 total_ms=1111.414 status=OK
[FPGA][MATMUL] tensor=blk.21.ffn_down.weight layer=21 pos=0 phase=prefill M=13 K=6912 N=1152 rows=256 col_beats=32 vpu_runs=910 io_ms=145.617 ip_ms=100.962 total_ms=1066.435 status=OK
[FPGA][MATMUL] tensor=blk.22.attn_q.weight layer=22 pos=0 phase=prefill M=13 K=1152 N=1024 rows=256 col_beats=32 vpu_runs=156 io_ms=25.100 ip_ms=16.489 total_ms=164.781 status=OK
[FPGA][MATMUL] tensor=blk.22.attn_k.weight layer=22 pos=0 phase=prefill M=13 K=1152 N=256 rows=256 col_beats=32 vpu_runs=39 io_ms=6.281 ip_ms=4.130 total_ms=41.504 status=OK
[FPGA][MATMUL] tensor=blk.22.attn_v.weight layer=22 pos=0 phase=prefill M=13 K=1152 N=256 rows=256 col_beats=32 vpu_runs=39 io_ms=6.274 ip_ms=4.121 total_ms=41.299 status=OK
[FPGA][MATMUL] tensor=blk.22.attn_output.weight layer=22 pos=0 phase=prefill M=13 K=1024 N=1152 rows=256 col_beats=32 vpu_runs=130 io_ms=21.077 ip_ms=14.778 total_ms=157.719 status=OK
[FPGA][MATMUL] tensor=blk.22.ffn_gate.weight layer=22 pos=0 phase=prefill M=13 K=1152 N=6912 rows=256 col_beats=32 vpu_runs=1053 io_ms=169.592 ip_ms=111.339 total_ms=1111.379 status=OK
[FPGA][MATMUL] tensor=blk.22.ffn_up.weight layer=22 pos=0 phase=prefill M=13 K=1152 N=6912 rows=256 col_beats=32 vpu_runs=1053 io_ms=169.417 ip_ms=111.326 total_ms=1111.970 status=OK
[FPGA][MATMUL] tensor=blk.22.ffn_down.weight layer=22 pos=0 phase=prefill M=13 K=6912 N=1152 rows=256 col_beats=32 vpu_runs=910 io_ms=145.608 ip_ms=100.986 total_ms=1067.044 status=OK
[FPGA][MATMUL] tensor=blk.23.attn_q.weight layer=23 pos=0 phase=prefill M=13 K=1152 N=1024 rows=256 col_beats=32 vpu_runs=156 io_ms=25.094 ip_ms=16.493 total_ms=165.552 status=OK
[FPGA][MATMUL] tensor=blk.23.attn_k.weight layer=23 pos=0 phase=prefill M=13 K=1152 N=256 rows=256 col_beats=32 vpu_runs=39 io_ms=6.283 ip_ms=4.122 total_ms=41.478 status=OK
[FPGA][MATMUL] tensor=blk.23.attn_v.weight layer=23 pos=0 phase=prefill M=13 K=1152 N=256 rows=256 col_beats=32 vpu_runs=39 io_ms=6.287 ip_ms=4.221 total_ms=41.334 status=OK
[FPGA][MATMUL] tensor=blk.23.attn_output.weight layer=23 pos=0 phase=prefill M=13 K=1024 N=1152 rows=256 col_beats=32 vpu_runs=130 io_ms=21.081 ip_ms=14.768 total_ms=157.563 status=OK
[FPGA][MATMUL] tensor=blk.23.ffn_gate.weight layer=23 pos=0 phase=prefill M=13 K=1152 N=6912 rows=256 col_beats=32 vpu_runs=1053 io_ms=169.471 ip_ms=111.329 total_ms=1113.009 status=OK
[FPGA][MATMUL] tensor=blk.23.ffn_up.weight layer=23 pos=0 phase=prefill M=13 K=1152 N=6912 rows=256 col_beats=32 vpu_runs=1053 io_ms=169.500 ip_ms=111.336 total_ms=1112.517 status=OK
[FPGA][MATMUL] tensor=blk.23.ffn_down.weight layer=23 pos=0 phase=prefill M=13 K=6912 N=1152 rows=256 col_beats=32 vpu_runs=910 io_ms=145.605 ip_ms=100.967 total_ms=1068.401 status=OK
[FPGA][MATMUL] tensor=blk.24.attn_q.weight layer=24 pos=0 phase=prefill M=13 K=1152 N=1024 rows=256 col_beats=32 vpu_runs=156 io_ms=25.105 ip_ms=16.490 total_ms=164.931 status=OK
[FPGA][MATMUL] tensor=blk.24.attn_k.weight layer=24 pos=0 phase=prefill M=13 K=1152 N=256 rows=256 col_beats=32 vpu_runs=39 io_ms=6.283 ip_ms=4.119 total_ms=41.200 status=OK
[FPGA][MATMUL] tensor=blk.24.attn_v.weight layer=24 pos=0 phase=prefill M=13 K=1152 N=256 rows=256 col_beats=32 vpu_runs=39 io_ms=6.278 ip_ms=4.125 total_ms=41.233 status=OK
[FPGA][MATMUL] tensor=blk.24.attn_output.weight layer=24 pos=0 phase=prefill M=13 K=1024 N=1152 rows=256 col_beats=32 vpu_runs=130 io_ms=21.080 ip_ms=14.768 total_ms=157.975 status=OK
[FPGA][MATMUL] tensor=blk.24.ffn_gate.weight layer=24 pos=0 phase=prefill M=13 K=1152 N=6912 rows=256 col_beats=32 vpu_runs=1053 io_ms=169.477 ip_ms=111.322 total_ms=1112.122 status=OK
[FPGA][MATMUL] tensor=blk.24.ffn_up.weight layer=24 pos=0 phase=prefill M=13 K=1152 N=6912 rows=256 col_beats=32 vpu_runs=1053 io_ms=169.491 ip_ms=111.466 total_ms=1112.141 status=OK
[FPGA][MATMUL] tensor=blk.24.ffn_down.weight layer=24 pos=0 phase=prefill M=13 K=6912 N=1152 rows=256 col_beats=32 vpu_runs=910 io_ms=145.575 ip_ms=100.957 total_ms=1067.666 status=OK
[FPGA][MATMUL] tensor=blk.25.attn_q.weight layer=25 pos=0 phase=prefill M=13 K=1152 N=1024 rows=256 col_beats=32 vpu_runs=156 io_ms=25.116 ip_ms=16.492 total_ms=164.562 status=OK
[FPGA][MATMUL] tensor=blk.25.attn_k.weight layer=25 pos=0 phase=prefill M=13 K=1152 N=256 rows=256 col_beats=32 vpu_runs=39 io_ms=6.292 ip_ms=4.136 total_ms=41.471 status=OK
[FPGA][MATMUL] tensor=blk.25.attn_v.weight layer=25 pos=0 phase=prefill M=13 K=1152 N=256 rows=256 col_beats=32 vpu_runs=39 io_ms=6.271 ip_ms=4.125 total_ms=41.481 status=OK
[FPGA][MATMUL] tensor=blk.25.attn_output.weight layer=25 pos=0 phase=prefill M=13 K=1024 N=1152 rows=256 col_beats=32 vpu_runs=130 io_ms=21.085 ip_ms=14.877 total_ms=157.763 status=OK
[FPGA][MATMUL] tensor=blk.25.ffn_gate.weight layer=25 pos=0 phase=decode M=1 K=1152 N=6912 rows=256 col_beats=32 vpu_runs=81 io_ms=13.057 ip_ms=8.572 total_ms=92.771 status=OK
[FPGA][MATMUL] tensor=blk.25.ffn_up.weight layer=25 pos=0 phase=decode M=1 K=1152 N=6912 rows=256 col_beats=32 vpu_runs=81 io_ms=13.066 ip_ms=8.562 total_ms=92.499 status=OK
[FPGA][MATMUL] tensor=blk.25.ffn_down.weight layer=25 pos=0 phase=decode M=1 K=6912 N=1152 rows=256 col_beats=32 vpu_runs=70 io_ms=11.249 ip_ms=7.763 total_ms=84.078 status=OK
[FPGA][MATMUL] tensor=token_embd.weight layer=0 pos=0 phase=decode M=1 K=1152 N=262144 rows=256 col_beats=32 vpu_runs=3072 io_ms=495.847 ip_ms=324.758 total_ms=3509.448 status=OK
[FPGA][MATMUL] tensor=blk.0.attn_q.weight layer=0 pos=0 phase=decode M=1 K=1152 N=1024 rows=256 col_beats=32 vpu_runs=12 io_ms=1.948 ip_ms=1.270 total_ms=13.816 status=OK
[FPGA][MATMUL] tensor=blk.0.attn_k.weight layer=0 pos=0 phase=decode M=1 K=1152 N=256 rows=256 col_beats=32 vpu_runs=3 io_ms=0.501 ip_ms=0.317 total_ms=3.473 status=OK
[FPGA][MATMUL] tensor=blk.0.attn_v.weight layer=0 pos=0 phase=decode M=1 K=1152 N=256 rows=256 col_beats=32 vpu_runs=3 io_ms=0.483 ip_ms=0.318 total_ms=3.460 status=OK
[FPGA][MATMUL] tensor=blk.0.attn_output.weight layer=0 pos=0 phase=decode M=1 K=1024 N=1152 rows=256 col_beats=32 vpu_runs=10 io_ms=1.624 ip_ms=1.137 total_ms=12.748 status=OK
[FPGA][MATMUL] tensor=blk.0.ffn_gate.weight layer=0 pos=0 phase=decode M=1 K=1152 N=6912 rows=256 col_beats=32 vpu_runs=81 io_ms=13.064 ip_ms=8.564 total_ms=92.545 status=OK
[FPGA][MATMUL] tensor=blk.0.ffn_up.weight layer=0 pos=0 phase=decode M=1 K=1152 N=6912 rows=256 col_beats=32 vpu_runs=81 io_ms=13.064 ip_ms=8.648 total_ms=92.623 status=OK
[FPGA][MATMUL] tensor=blk.0.ffn_down.weight layer=0 pos=0 phase=decode M=1 K=6912 N=1152 rows=256 col_beats=32 vpu_runs=70 io_ms=11.233 ip_ms=7.770 total_ms=83.554 status=OK
[FPGA][MATMUL] tensor=blk.1.attn_q.weight layer=1 pos=0 phase=decode M=1 K=1152 N=1024 rows=256 col_beats=32 vpu_runs=12 io_ms=1.937 ip_ms=1.268 total_ms=13.719 status=OK
[FPGA][MATMUL] tensor=blk.1.attn_k.weight layer=1 pos=0 phase=decode M=1 K=1152 N=256 rows=256 col_beats=32 vpu_runs=3 io_ms=0.493 ip_ms=0.317 total_ms=3.436 status=OK
[FPGA][MATMUL] tensor=blk.1.attn_v.weight layer=1 pos=0 phase=decode M=1 K=1152 N=256 rows=256 col_beats=32 vpu_runs=3 io_ms=0.486 ip_ms=0.316 total_ms=3.438 status=OK
[FPGA][MATMUL] tensor=blk.1.attn_output.weight layer=1 pos=0 phase=decode M=1 K=1024 N=1152 rows=256 col_beats=32 vpu_runs=10 io_ms=1.627 ip_ms=1.136 total_ms=12.761 status=OK
[FPGA][MATMUL] tensor=blk.1.ffn_gate.weight layer=1 pos=0 phase=decode M=1 K=1152 N=6912 rows=256 col_beats=32 vpu_runs=81 io_ms=13.123 ip_ms=8.564 total_ms=92.624 status=OK
[FPGA][MATMUL] tensor=blk.1.ffn_up.weight layer=1 pos=0 phase=decode M=1 K=1152 N=6912 rows=256 col_beats=32 vpu_runs=81 io_ms=13.082 ip_ms=8.565 total_ms=93.046 status=OK
[FPGA][MATMUL] tensor=blk.1.ffn_down.weight layer=1 pos=0 phase=decode M=1 K=6912 N=1152 rows=256 col_beats=32 vpu_runs=70 io_ms=11.232 ip_ms=7.767 total_ms=83.461 status=OK
[FPGA][MATMUL] tensor=blk.2.attn_q.weight layer=2 pos=0 phase=decode M=1 K=1152 N=1024 rows=256 col_beats=32 vpu_runs=12 io_ms=1.939 ip_ms=1.269 total_ms=13.784 status=OK
[FPGA][MATMUL] tensor=blk.2.attn_k.weight layer=2 pos=0 phase=decode M=1 K=1152 N=256 rows=256 col_beats=32 vpu_runs=3 io_ms=0.503 ip_ms=0.318 total_ms=3.465 status=OK
[FPGA][MATMUL] tensor=blk.2.attn_v.weight layer=2 pos=0 phase=decode M=1 K=1152 N=256 rows=256 col_beats=32 vpu_runs=3 io_ms=0.486 ip_ms=0.317 total_ms=3.447 status=OK
[FPGA][MATMUL] tensor=blk.2.attn_output.weight layer=2 pos=0 phase=decode M=1 K=1024 N=1152 rows=256 col_beats=32 vpu_runs=10 io_ms=1.624 ip_ms=1.136 total_ms=12.701 status=OK
[FPGA][MATMUL] tensor=blk.2.ffn_gate.weight layer=2 pos=0 phase=decode M=1 K=1152 N=6912 rows=256 col_beats=32 vpu_runs=81 io_ms=13.100 ip_ms=8.559 total_ms=92.632 status=OK
[FPGA][MATMUL] tensor=blk.2.ffn_up.weight layer=2 pos=0 phase=decode M=1 K=1152 N=6912 rows=256 col_beats=32 vpu_runs=81 io_ms=13.072 ip_ms=8.559 total_ms=92.412 status=OK
[FPGA][MATMUL] tensor=blk.2.ffn_down.weight layer=2 pos=0 phase=decode M=1 K=6912 N=1152 rows=256 col_beats=32 vpu_runs=70 io_ms=11.262 ip_ms=7.766 total_ms=83.323 status=OK
[FPGA][MATMUL] tensor=blk.3.attn_q.weight layer=3 pos=0 phase=decode M=1 K=1152 N=1024 rows=256 col_beats=32 vpu_runs=12 io_ms=1.938 ip_ms=1.267 total_ms=13.902 status=OK
[FPGA][MATMUL] tensor=blk.3.attn_k.weight layer=3 pos=0 phase=decode M=1 K=1152 N=256 rows=256 col_beats=32 vpu_runs=3 io_ms=0.486 ip_ms=0.317 total_ms=3.453 status=OK
[FPGA][MATMUL] tensor=blk.3.attn_v.weight layer=3 pos=0 phase=decode M=1 K=1152 N=256 rows=256 col_beats=32 vpu_runs=3 io_ms=0.486 ip_ms=0.317 total_ms=3.428 status=OK
[FPGA][MATMUL] tensor=blk.3.attn_output.weight layer=3 pos=0 phase=decode M=1 K=1024 N=1152 rows=256 col_beats=32 vpu_runs=10 io_ms=1.636 ip_ms=1.139 total_ms=12.718 status=OK
[FPGA][MATMUL] tensor=blk.3.ffn_gate.weight layer=3 pos=0 phase=decode M=1 K=1152 N=6912 rows=256 col_beats=32 vpu_runs=81 io_ms=13.070 ip_ms=8.558 total_ms=92.532 status=OK
[FPGA][MATMUL] tensor=blk.3.ffn_up.weight layer=3 pos=0 phase=decode M=1 K=1152 N=6912 rows=256 col_beats=32 vpu_runs=81 io_ms=13.074 ip_ms=8.564 total_ms=92.589 status=OK
[FPGA][MATMUL] tensor=blk.3.ffn_down.weight layer=3 pos=0 phase=decode M=1 K=6912 N=1152 rows=256 col_beats=32 vpu_runs=70 io_ms=11.289 ip_ms=7.960 total_ms=83.708 status=OK
[FPGA][MATMUL] tensor=blk.4.attn_q.weight layer=4 pos=0 phase=decode M=1 K=1152 N=1024 rows=256 col_beats=32 vpu_runs=12 io_ms=1.943 ip_ms=1.269 total_ms=13.717 status=OK
[FPGA][MATMUL] tensor=blk.4.attn_k.weight layer=4 pos=0 phase=decode M=1 K=1152 N=256 rows=256 col_beats=32 vpu_runs=3 io_ms=0.487 ip_ms=0.317 total_ms=3.452 status=OK
[FPGA][MATMUL] tensor=blk.4.attn_v.weight layer=4 pos=0 phase=decode M=1 K=1152 N=256 rows=256 col_beats=32 vpu_runs=3 io_ms=0.484 ip_ms=0.316 total_ms=3.430 status=OK
[FPGA][MATMUL] tensor=blk.4.attn_output.weight layer=4 pos=0 phase=decode M=1 K=1024 N=1152 rows=256 col_beats=32 vpu_runs=10 io_ms=1.621 ip_ms=1.138 total_ms=12.782 status=OK
[FPGA][MATMUL] tensor=blk.4.ffn_gate.weight layer=4 pos=0 phase=decode M=1 K=1152 N=6912 rows=256 col_beats=32 vpu_runs=81 io_ms=13.098 ip_ms=8.569 total_ms=92.382 status=OK
[FPGA][MATMUL] tensor=blk.4.ffn_up.weight layer=4 pos=0 phase=decode M=1 K=1152 N=6912 rows=256 col_beats=32 vpu_runs=81 io_ms=13.086 ip_ms=8.561 total_ms=92.330 status=OK
[FPGA][MATMUL] tensor=blk.4.ffn_down.weight layer=4 pos=0 phase=decode M=1 K=6912 N=1152 rows=256 col_beats=32 vpu_runs=70 io_ms=11.249 ip_ms=7.770 total_ms=83.420 status=OK
[FPGA][MATMUL] tensor=blk.5.attn_q.weight layer=5 pos=0 phase=decode M=1 K=1152 N=1024 rows=256 col_beats=32 vpu_runs=12 io_ms=1.936 ip_ms=1.269 total_ms=13.839 status=OK
[FPGA][MATMUL] tensor=blk.5.attn_k.weight layer=5 pos=0 phase=decode M=1 K=1152 N=256 rows=256 col_beats=32 vpu_runs=3 io_ms=0.487 ip_ms=0.318 total_ms=3.430 status=OK
[FPGA][MATMUL] tensor=blk.5.attn_v.weight layer=5 pos=0 phase=decode M=1 K=1152 N=256 rows=256 col_beats=32 vpu_runs=3 io_ms=0.485 ip_ms=0.318 total_ms=3.437 status=OK
[FPGA][MATMUL] tensor=blk.5.attn_output.weight layer=5 pos=0 phase=decode M=1 K=1024 N=1152 rows=256 col_beats=32 vpu_runs=10 io_ms=1.629 ip_ms=1.136 total_ms=12.842 status=OK
[FPGA][MATMUL] tensor=blk.5.ffn_gate.weight layer=5 pos=0 phase=decode M=1 K=1152 N=6912 rows=256 col_beats=32 vpu_runs=81 io_ms=13.067 ip_ms=8.564 total_ms=92.517 status=OK
[FPGA][MATMUL] tensor=blk.5.ffn_up.weight layer=5 pos=0 phase=decode M=1 K=1152 N=6912 rows=256 col_beats=32 vpu_runs=81 io_ms=13.082 ip_ms=8.564 total_ms=92.428 status=OK
[FPGA][MATMUL] tensor=blk.5.ffn_down.weight layer=5 pos=0 phase=decode M=1 K=6912 N=1152 rows=256 col_beats=32 vpu_runs=70 io_ms=11.255 ip_ms=7.764 total_ms=83.309 status=OK
[FPGA][MATMUL] tensor=blk.6.attn_q.weight layer=6 pos=0 phase=decode M=1 K=1152 N=1024 rows=256 col_beats=32 vpu_runs=12 io_ms=1.940 ip_ms=1.269 total_ms=13.755 status=OK
[FPGA][MATMUL] tensor=blk.6.attn_k.weight layer=6 pos=0 phase=decode M=1 K=1152 N=256 rows=256 col_beats=32 vpu_runs=3 io_ms=0.486 ip_ms=0.318 total_ms=3.453 status=OK
[FPGA][MATMUL] tensor=blk.6.attn_v.weight layer=6 pos=0 phase=decode M=1 K=1152 N=256 rows=256 col_beats=32 vpu_runs=3 io_ms=0.486 ip_ms=0.317 total_ms=3.440 status=OK
[FPGA][MATMUL] tensor=blk.6.attn_output.weight layer=6 pos=0 phase=decode M=1 K=1024 N=1152 rows=256 col_beats=32 vpu_runs=10 io_ms=1.630 ip_ms=1.135 total_ms=12.704 status=OK
[FPGA][MATMUL] tensor=blk.6.ffn_gate.weight layer=6 pos=0 phase=decode M=1 K=1152 N=6912 rows=256 col_beats=32 vpu_runs=81 io_ms=13.073 ip_ms=8.565 total_ms=92.688 status=OK
[FPGA][MATMUL] tensor=blk.6.ffn_up.weight layer=6 pos=0 phase=decode M=1 K=1152 N=6912 rows=256 col_beats=32 vpu_runs=81 io_ms=13.065 ip_ms=8.560 total_ms=92.775 status=OK
[FPGA][MATMUL] tensor=blk.6.ffn_down.weight layer=6 pos=0 phase=decode M=1 K=6912 N=1152 rows=256 col_beats=32 vpu_runs=70 io_ms=11.230 ip_ms=7.767 total_ms=83.346 status=OK
[FPGA][MATMUL] tensor=blk.7.attn_q.weight layer=7 pos=0 phase=decode M=1 K=1152 N=1024 rows=256 col_beats=32 vpu_runs=12 io_ms=1.938 ip_ms=1.268 total_ms=13.732 status=OK
[FPGA][MATMUL] tensor=blk.7.attn_k.weight layer=7 pos=0 phase=decode M=1 K=1152 N=256 rows=256 col_beats=32 vpu_runs=3 io_ms=0.489 ip_ms=0.346 total_ms=3.483 status=OK
[FPGA][MATMUL] tensor=blk.7.attn_v.weight layer=7 pos=0 phase=decode M=1 K=1152 N=256 rows=256 col_beats=32 vpu_runs=3 io_ms=0.485 ip_ms=0.317 total_ms=3.423 status=OK
[FPGA][MATMUL] tensor=blk.7.attn_output.weight layer=7 pos=0 phase=decode M=1 K=1024 N=1152 rows=256 col_beats=32 vpu_runs=10 io_ms=1.626 ip_ms=1.136 total_ms=12.653 status=OK
[FPGA][MATMUL] tensor=blk.7.ffn_gate.weight layer=7 pos=0 phase=decode M=1 K=1152 N=6912 rows=256 col_beats=32 vpu_runs=81 io_ms=13.089 ip_ms=8.561 total_ms=92.522 status=OK
[FPGA][MATMUL] tensor=blk.7.ffn_up.weight layer=7 pos=0 phase=decode M=1 K=1152 N=6912 rows=256 col_beats=32 vpu_runs=81 io_ms=13.083 ip_ms=8.573 total_ms=92.519 status=OK
[FPGA][MATMUL] tensor=blk.7.ffn_down.weight layer=7 pos=0 phase=decode M=1 K=6912 N=1152 rows=256 col_beats=32 vpu_runs=70 io_ms=11.247 ip_ms=7.775 total_ms=84.039 status=OK
[FPGA][MATMUL] tensor=blk.8.attn_q.weight layer=8 pos=0 phase=decode M=1 K=1152 N=1024 rows=256 col_beats=32 vpu_runs=12 io_ms=1.941 ip_ms=1.271 total_ms=13.760 status=OK
[FPGA][MATMUL] tensor=blk.8.attn_k.weight layer=8 pos=0 phase=decode M=1 K=1152 N=256 rows=256 col_beats=32 vpu_runs=3 io_ms=0.486 ip_ms=0.317 total_ms=3.482 status=OK
[FPGA][MATMUL] tensor=blk.8.attn_v.weight layer=8 pos=0 phase=decode M=1 K=1152 N=256 rows=256 col_beats=32 vpu_runs=3 io_ms=0.484 ip_ms=0.317 total_ms=3.445 status=OK
[FPGA][MATMUL] tensor=blk.8.attn_output.weight layer=8 pos=0 phase=decode M=1 K=1024 N=1152 rows=256 col_beats=32 vpu_runs=10 io_ms=1.626 ip_ms=1.137 total_ms=12.700 status=OK
[FPGA][MATMUL] tensor=blk.8.ffn_gate.weight layer=8 pos=0 phase=decode M=1 K=1152 N=6912 rows=256 col_beats=32 vpu_runs=81 io_ms=13.077 ip_ms=8.558 total_ms=92.446 status=OK
[FPGA][MATMUL] tensor=blk.8.ffn_up.weight layer=8 pos=0 phase=decode M=1 K=1152 N=6912 rows=256 col_beats=32 vpu_runs=81 io_ms=13.065 ip_ms=8.562 total_ms=92.353 status=OK
[FPGA][MATMUL] tensor=blk.8.ffn_down.weight layer=8 pos=0 phase=decode M=1 K=6912 N=1152 rows=256 col_beats=32 vpu_runs=70 io_ms=11.250 ip_ms=7.766 total_ms=83.838 status=OK
[FPGA][MATMUL] tensor=blk.9.attn_q.weight layer=9 pos=0 phase=decode M=1 K=1152 N=1024 rows=256 col_beats=32 vpu_runs=12 io_ms=1.936 ip_ms=1.268 total_ms=13.781 status=OK
[FPGA][MATMUL] tensor=blk.9.attn_k.weight layer=9 pos=0 phase=decode M=1 K=1152 N=256 rows=256 col_beats=32 vpu_runs=3 io_ms=0.488 ip_ms=0.317 total_ms=3.474 status=OK
[FPGA][MATMUL] tensor=blk.9.attn_v.weight layer=9 pos=0 phase=decode M=1 K=1152 N=256 rows=256 col_beats=32 vpu_runs=3 io_ms=0.484 ip_ms=0.318 total_ms=3.438 status=OK
[FPGA][MATMUL] tensor=blk.9.attn_output.weight layer=9 pos=0 phase=decode M=1 K=1024 N=1152 rows=256 col_beats=32 vpu_runs=10 io_ms=1.629 ip_ms=1.135 total_ms=12.808 status=OK
[FPGA][MATMUL] tensor=blk.9.ffn_gate.weight layer=9 pos=0 phase=decode M=1 K=1152 N=6912 rows=256 col_beats=32 vpu_runs=81 io_ms=13.064 ip_ms=8.563 total_ms=92.895 status=OK
[FPGA][MATMUL] tensor=blk.9.ffn_up.weight layer=9 pos=0 phase=decode M=1 K=1152 N=6912 rows=256 col_beats=32 vpu_runs=81 io_ms=13.084 ip_ms=8.565 total_ms=92.958 status=OK
[FPGA][MATMUL] tensor=blk.9.ffn_down.weight layer=9 pos=0 phase=decode M=1 K=6912 N=1152 rows=256 col_beats=32 vpu_runs=70 io_ms=11.372 ip_ms=7.769 total_ms=83.774 status=OK
[FPGA][MATMUL] tensor=blk.10.attn_q.weight layer=10 pos=0 phase=decode M=1 K=1152 N=1024 rows=256 col_beats=32 vpu_runs=12 io_ms=1.939 ip_ms=1.270 total_ms=13.701 status=OK
[FPGA][MATMUL] tensor=blk.10.attn_k.weight layer=10 pos=0 phase=decode M=1 K=1152 N=256 rows=256 col_beats=32 vpu_runs=3 io_ms=0.489 ip_ms=0.317 total_ms=3.481 status=OK
[FPGA][MATMUL] tensor=blk.10.attn_v.weight layer=10 pos=0 phase=decode M=1 K=1152 N=256 rows=256 col_beats=32 vpu_runs=3 io_ms=0.485 ip_ms=0.318 total_ms=3.433 status=OK
[FPGA][MATMUL] tensor=blk.10.attn_output.weight layer=10 pos=0 phase=decode M=1 K=1024 N=1152 rows=256 col_beats=32 vpu_runs=10 io_ms=1.627 ip_ms=1.135 total_ms=12.785 status=OK
[FPGA][MATMUL] tensor=blk.10.ffn_gate.weight layer=10 pos=0 phase=decode M=1 K=1152 N=6912 rows=256 col_beats=32 vpu_runs=81 io_ms=13.099 ip_ms=8.568 total_ms=92.691 status=OK
[FPGA][MATMUL] tensor=blk.10.ffn_up.weight layer=10 pos=0 phase=decode M=1 K=1152 N=6912 rows=256 col_beats=32 vpu_runs=81 io_ms=13.071 ip_ms=8.561 total_ms=92.359 status=OK
[FPGA][MATMUL] tensor=blk.10.ffn_down.weight layer=10 pos=0 phase=decode M=1 K=6912 N=1152 rows=256 col_beats=32 vpu_runs=70 io_ms=11.238 ip_ms=7.768 total_ms=83.442 status=OK
[FPGA][MATMUL] tensor=blk.11.attn_q.weight layer=11 pos=0 phase=decode M=1 K=1152 N=1024 rows=256 col_beats=32 vpu_runs=12 io_ms=1.941 ip_ms=1.268 total_ms=13.726 status=OK
[FPGA][MATMUL] tensor=blk.11.attn_k.weight layer=11 pos=0 phase=decode M=1 K=1152 N=256 rows=256 col_beats=32 vpu_runs=3 io_ms=0.488 ip_ms=0.317 total_ms=3.437 status=OK
[FPGA][MATMUL] tensor=blk.11.attn_v.weight layer=11 pos=0 phase=decode M=1 K=1152 N=256 rows=256 col_beats=32 vpu_runs=3 io_ms=0.485 ip_ms=0.317 total_ms=3.421 status=OK
[FPGA][MATMUL] tensor=blk.11.attn_output.weight layer=11 pos=0 phase=decode M=1 K=1024 N=1152 rows=256 col_beats=32 vpu_runs=10 io_ms=1.627 ip_ms=1.135 total_ms=12.751 status=OK
[FPGA][MATMUL] tensor=blk.11.ffn_gate.weight layer=11 pos=0 phase=decode M=1 K=1152 N=6912 rows=256 col_beats=32 vpu_runs=81 io_ms=13.094 ip_ms=8.561 total_ms=92.468 status=OK
[FPGA][MATMUL] tensor=blk.11.ffn_up.weight layer=11 pos=0 phase=decode M=1 K=1152 N=6912 rows=256 col_beats=32 vpu_runs=81 io_ms=13.081 ip_ms=8.564 total_ms=92.443 status=OK
[FPGA][MATMUL] tensor=blk.11.ffn_down.weight layer=11 pos=0 phase=decode M=1 K=6912 N=1152 rows=256 col_beats=32 vpu_runs=70 io_ms=11.236 ip_ms=7.764 total_ms=83.544 status=OK
[FPGA][MATMUL] tensor=blk.12.attn_q.weight layer=12 pos=0 phase=decode M=1 K=1152 N=1024 rows=256 col_beats=32 vpu_runs=12 io_ms=1.947 ip_ms=1.268 total_ms=13.710 status=OK
[FPGA][MATMUL] tensor=blk.12.attn_k.weight layer=12 pos=0 phase=decode M=1 K=1152 N=256 rows=256 col_beats=32 vpu_runs=3 io_ms=0.485 ip_ms=0.317 total_ms=3.438 status=OK
[FPGA][MATMUL] tensor=blk.12.attn_v.weight layer=12 pos=0 phase=decode M=1 K=1152 N=256 rows=256 col_beats=32 vpu_runs=3 io_ms=0.485 ip_ms=0.317 total_ms=3.444 status=OK
[FPGA][MATMUL] tensor=blk.12.attn_output.weight layer=12 pos=0 phase=decode M=1 K=1024 N=1152 rows=256 col_beats=32 vpu_runs=10 io_ms=1.623 ip_ms=1.137 total_ms=12.759 status=OK
[FPGA][MATMUL] tensor=blk.12.ffn_gate.weight layer=12 pos=0 phase=decode M=1 K=1152 N=6912 rows=256 col_beats=32 vpu_runs=81 io_ms=13.064 ip_ms=8.568 total_ms=92.495 status=OK
[FPGA][MATMUL] tensor=blk.12.ffn_up.weight layer=12 pos=0 phase=decode M=1 K=1152 N=6912 rows=256 col_beats=32 vpu_runs=81 io_ms=13.065 ip_ms=8.567 total_ms=92.408 status=OK
[FPGA][MATMUL] tensor=blk.12.ffn_down.weight layer=12 pos=0 phase=decode M=1 K=6912 N=1152 rows=256 col_beats=32 vpu_runs=70 io_ms=11.258 ip_ms=7.762 total_ms=83.337 status=OK
[FPGA][MATMUL] tensor=blk.13.attn_q.weight layer=13 pos=0 phase=decode M=1 K=1152 N=1024 rows=256 col_beats=32 vpu_runs=12 io_ms=1.938 ip_ms=1.270 total_ms=13.708 status=OK
[FPGA][MATMUL] tensor=blk.13.attn_k.weight layer=13 pos=0 phase=decode M=1 K=1152 N=256 rows=256 col_beats=32 vpu_runs=3 io_ms=0.489 ip_ms=0.317 total_ms=3.447 status=OK
[FPGA][MATMUL] tensor=blk.13.attn_v.weight layer=13 pos=0 phase=decode M=1 K=1152 N=256 rows=256 col_beats=32 vpu_runs=3 io_ms=0.482 ip_ms=0.317 total_ms=3.431 status=OK
[FPGA][MATMUL] tensor=blk.13.attn_output.weight layer=13 pos=0 phase=decode M=1 K=1024 N=1152 rows=256 col_beats=32 vpu_runs=10 io_ms=1.627 ip_ms=1.134 total_ms=12.763 status=OK
[FPGA][MATMUL] tensor=blk.13.ffn_gate.weight layer=13 pos=0 phase=decode M=1 K=1152 N=6912 rows=256 col_beats=32 vpu_runs=81 io_ms=13.085 ip_ms=8.566 total_ms=92.516 status=OK
[FPGA][MATMUL] tensor=blk.13.ffn_up.weight layer=13 pos=0 phase=decode M=1 K=1152 N=6912 rows=256 col_beats=32 vpu_runs=81 io_ms=13.075 ip_ms=8.561 total_ms=92.365 status=OK
[FPGA][MATMUL] tensor=blk.13.ffn_down.weight layer=13 pos=0 phase=decode M=1 K=6912 N=1152 rows=256 col_beats=32 vpu_runs=70 io_ms=11.241 ip_ms=7.779 total_ms=83.454 status=OK
[FPGA][MATMUL] tensor=blk.14.attn_q.weight layer=14 pos=0 phase=decode M=1 K=1152 N=1024 rows=256 col_beats=32 vpu_runs=12 io_ms=1.938 ip_ms=1.270 total_ms=13.711 status=OK
[FPGA][MATMUL] tensor=blk.14.attn_k.weight layer=14 pos=0 phase=decode M=1 K=1152 N=256 rows=256 col_beats=32 vpu_runs=3 io_ms=0.487 ip_ms=0.318 total_ms=3.458 status=OK
[FPGA][MATMUL] tensor=blk.14.attn_v.weight layer=14 pos=0 phase=decode M=1 K=1152 N=256 rows=256 col_beats=32 vpu_runs=3 io_ms=0.486 ip_ms=0.318 total_ms=3.422 status=OK
[FPGA][MATMUL] tensor=blk.14.attn_output.weight layer=14 pos=0 phase=decode M=1 K=1024 N=1152 rows=256 col_beats=32 vpu_runs=10 io_ms=1.625 ip_ms=1.135 total_ms=12.739 status=OK
[FPGA][MATMUL] tensor=blk.14.ffn_gate.weight layer=14 pos=0 phase=decode M=1 K=1152 N=6912 rows=256 col_beats=32 vpu_runs=81 io_ms=13.067 ip_ms=8.563 total_ms=92.394 status=OK
[FPGA][MATMUL] tensor=blk.14.ffn_up.weight layer=14 pos=0 phase=decode M=1 K=1152 N=6912 rows=256 col_beats=32 vpu_runs=81 io_ms=13.064 ip_ms=8.573 total_ms=92.498 status=OK
[FPGA][MATMUL] tensor=blk.14.ffn_down.weight layer=14 pos=0 phase=decode M=1 K=6912 N=1152 rows=256 col_beats=32 vpu_runs=70 io_ms=11.248 ip_ms=7.765 total_ms=83.841 status=OK
[FPGA][MATMUL] tensor=blk.15.attn_q.weight layer=15 pos=0 phase=decode M=1 K=1152 N=1024 rows=256 col_beats=32 vpu_runs=12 io_ms=1.941 ip_ms=1.267 total_ms=13.719 status=OK
[FPGA][MATMUL] tensor=blk.15.attn_k.weight layer=15 pos=0 phase=decode M=1 K=1152 N=256 rows=256 col_beats=32 vpu_runs=3 io_ms=0.488 ip_ms=0.317 total_ms=3.440 status=OK
[FPGA][MATMUL] tensor=blk.15.attn_v.weight layer=15 pos=0 phase=decode M=1 K=1152 N=256 rows=256 col_beats=32 vpu_runs=3 io_ms=0.485 ip_ms=0.317 total_ms=3.445 status=OK
[FPGA][MATMUL] tensor=blk.15.attn_output.weight layer=15 pos=0 phase=decode M=1 K=1024 N=1152 rows=256 col_beats=32 vpu_runs=10 io_ms=1.628 ip_ms=1.136 total_ms=12.733 status=OK
[FPGA][MATMUL] tensor=blk.15.ffn_gate.weight layer=15 pos=0 phase=decode M=1 K=1152 N=6912 rows=256 col_beats=32 vpu_runs=81 io_ms=13.089 ip_ms=8.567 total_ms=92.634 status=OK
[FPGA][MATMUL] tensor=blk.15.ffn_up.weight layer=15 pos=0 phase=decode M=1 K=1152 N=6912 rows=256 col_beats=32 vpu_runs=81 io_ms=13.058 ip_ms=8.564 total_ms=92.333 status=OK
[FPGA][MATMUL] tensor=blk.15.ffn_down.weight layer=15 pos=0 phase=decode M=1 K=6912 N=1152 rows=256 col_beats=32 vpu_runs=70 io_ms=11.226 ip_ms=7.767 total_ms=83.500 status=OK
[FPGA][MATMUL] tensor=blk.16.attn_q.weight layer=16 pos=0 phase=decode M=1 K=1152 N=1024 rows=256 col_beats=32 vpu_runs=12 io_ms=1.937 ip_ms=1.272 total_ms=13.740 status=OK
[FPGA][MATMUL] tensor=blk.16.attn_k.weight layer=16 pos=0 phase=decode M=1 K=1152 N=256 rows=256 col_beats=32 vpu_runs=3 io_ms=0.487 ip_ms=0.317 total_ms=3.436 status=OK
[FPGA][MATMUL] tensor=blk.16.attn_v.weight layer=16 pos=0 phase=decode M=1 K=1152 N=256 rows=256 col_beats=32 vpu_runs=3 io_ms=0.487 ip_ms=0.317 total_ms=3.448 status=OK
[FPGA][MATMUL] tensor=blk.16.attn_output.weight layer=16 pos=0 phase=decode M=1 K=1024 N=1152 rows=256 col_beats=32 vpu_runs=10 io_ms=1.628 ip_ms=1.135 total_ms=12.772 status=OK
[FPGA][MATMUL] tensor=blk.16.ffn_gate.weight layer=16 pos=0 phase=decode M=1 K=1152 N=6912 rows=256 col_beats=32 vpu_runs=81 io_ms=13.083 ip_ms=8.563 total_ms=92.741 status=OK
[FPGA][MATMUL] tensor=blk.16.ffn_up.weight layer=16 pos=0 phase=decode M=1 K=1152 N=6912 rows=256 col_beats=32 vpu_runs=81 io_ms=13.082 ip_ms=8.561 total_ms=92.900 status=OK
[FPGA][MATMUL] tensor=blk.16.ffn_down.weight layer=16 pos=0 phase=decode M=1 K=6912 N=1152 rows=256 col_beats=32 vpu_runs=70 io_ms=11.237 ip_ms=7.767 total_ms=83.452 status=OK
[FPGA][MATMUL] tensor=blk.17.attn_q.weight layer=17 pos=0 phase=decode M=1 K=1152 N=1024 rows=256 col_beats=32 vpu_runs=12 io_ms=1.940 ip_ms=1.269 total_ms=13.696 status=OK
[FPGA][MATMUL] tensor=blk.17.attn_k.weight layer=17 pos=0 phase=decode M=1 K=1152 N=256 rows=256 col_beats=32 vpu_runs=3 io_ms=0.486 ip_ms=0.318 total_ms=3.434 status=OK
[FPGA][MATMUL] tensor=blk.17.attn_v.weight layer=17 pos=0 phase=decode M=1 K=1152 N=256 rows=256 col_beats=32 vpu_runs=3 io_ms=0.486 ip_ms=0.317 total_ms=3.478 status=OK
[FPGA][MATMUL] tensor=blk.17.attn_output.weight layer=17 pos=0 phase=decode M=1 K=1024 N=1152 rows=256 col_beats=32 vpu_runs=10 io_ms=1.626 ip_ms=1.138 total_ms=12.738 status=OK
[FPGA][MATMUL] tensor=blk.17.ffn_gate.weight layer=17 pos=0 phase=decode M=1 K=1152 N=6912 rows=256 col_beats=32 vpu_runs=81 io_ms=13.075 ip_ms=8.562 total_ms=92.377 status=OK
[FPGA][MATMUL] tensor=blk.17.ffn_up.weight layer=17 pos=0 phase=decode M=1 K=1152 N=6912 rows=256 col_beats=32 vpu_runs=81 io_ms=13.078 ip_ms=8.568 total_ms=92.594 status=OK
[FPGA][MATMUL] tensor=blk.17.ffn_down.weight layer=17 pos=0 phase=decode M=1 K=6912 N=1152 rows=256 col_beats=32 vpu_runs=70 io_ms=11.255 ip_ms=7.765 total_ms=83.487 status=OK
[FPGA][MATMUL] tensor=blk.18.attn_q.weight layer=18 pos=0 phase=decode M=1 K=1152 N=1024 rows=256 col_beats=32 vpu_runs=12 io_ms=1.939 ip_ms=1.291 total_ms=13.816 status=OK
[FPGA][MATMUL] tensor=blk.18.attn_k.weight layer=18 pos=0 phase=decode M=1 K=1152 N=256 rows=256 col_beats=32 vpu_runs=3 io_ms=0.487 ip_ms=0.318 total_ms=3.464 status=OK
[FPGA][MATMUL] tensor=blk.18.attn_v.weight layer=18 pos=0 phase=decode M=1 K=1152 N=256 rows=256 col_beats=32 vpu_runs=3 io_ms=0.485 ip_ms=0.317 total_ms=3.445 status=OK
[FPGA][MATMUL] tensor=blk.18.attn_output.weight layer=18 pos=0 phase=decode M=1 K=1024 N=1152 rows=256 col_beats=32 vpu_runs=10 io_ms=1.630 ip_ms=1.135 total_ms=12.758 status=OK
[FPGA][MATMUL] tensor=blk.18.ffn_gate.weight layer=18 pos=0 phase=decode M=1 K=1152 N=6912 rows=256 col_beats=32 vpu_runs=81 io_ms=13.083 ip_ms=8.561 total_ms=92.733 status=OK
[FPGA][MATMUL] tensor=blk.18.ffn_up.weight layer=18 pos=0 phase=decode M=1 K=1152 N=6912 rows=256 col_beats=32 vpu_runs=81 io_ms=13.086 ip_ms=8.560 total_ms=92.596 status=OK
[FPGA][MATMUL] tensor=blk.18.ffn_down.weight layer=18 pos=0 phase=decode M=1 K=6912 N=1152 rows=256 col_beats=32 vpu_runs=70 io_ms=11.250 ip_ms=7.765 total_ms=83.308 status=OK
[FPGA][MATMUL] tensor=blk.19.attn_q.weight layer=19 pos=0 phase=decode M=1 K=1152 N=1024 rows=256 col_beats=32 vpu_runs=12 io_ms=1.940 ip_ms=1.268 total_ms=13.779 status=OK
[FPGA][MATMUL] tensor=blk.19.attn_k.weight layer=19 pos=0 phase=decode M=1 K=1152 N=256 rows=256 col_beats=32 vpu_runs=3 io_ms=0.487 ip_ms=0.318 total_ms=3.505 status=OK
[FPGA][MATMUL] tensor=blk.19.attn_v.weight layer=19 pos=0 phase=decode M=1 K=1152 N=256 rows=256 col_beats=32 vpu_runs=3 io_ms=0.486 ip_ms=0.317 total_ms=3.444 status=OK
[FPGA][MATMUL] tensor=blk.19.attn_output.weight layer=19 pos=0 phase=decode M=1 K=1024 N=1152 rows=256 col_beats=32 vpu_runs=10 io_ms=1.624 ip_ms=1.137 total_ms=12.708 status=OK
[FPGA][MATMUL] tensor=blk.19.ffn_gate.weight layer=19 pos=0 phase=decode M=1 K=1152 N=6912 rows=256 col_beats=32 vpu_runs=81 io_ms=13.065 ip_ms=8.563 total_ms=92.770 status=OK
[FPGA][MATMUL] tensor=blk.19.ffn_up.weight layer=19 pos=0 phase=decode M=1 K=1152 N=6912 rows=256 col_beats=32 vpu_runs=81 io_ms=13.074 ip_ms=8.565 total_ms=92.373 status=OK
[FPGA][MATMUL] tensor=blk.19.ffn_down.weight layer=19 pos=0 phase=decode M=1 K=6912 N=1152 rows=256 col_beats=32 vpu_runs=70 io_ms=11.248 ip_ms=7.764 total_ms=83.827 status=OK
[FPGA][MATMUL] tensor=blk.20.attn_q.weight layer=20 pos=0 phase=decode M=1 K=1152 N=1024 rows=256 col_beats=32 vpu_runs=12 io_ms=1.939 ip_ms=1.269 total_ms=13.777 status=OK
[FPGA][MATMUL] tensor=blk.20.attn_k.weight layer=20 pos=0 phase=decode M=1 K=1152 N=256 rows=256 col_beats=32 vpu_runs=3 io_ms=0.490 ip_ms=0.317 total_ms=3.469 status=OK
[FPGA][MATMUL] tensor=blk.20.attn_v.weight layer=20 pos=0 phase=decode M=1 K=1152 N=256 rows=256 col_beats=32 vpu_runs=3 io_ms=0.484 ip_ms=0.317 total_ms=3.439 status=OK
[FPGA][MATMUL] tensor=blk.20.attn_output.weight layer=20 pos=0 phase=decode M=1 K=1024 N=1152 rows=256 col_beats=32 vpu_runs=10 io_ms=1.626 ip_ms=1.136 total_ms=12.735 status=OK
[FPGA][MATMUL] tensor=blk.20.ffn_gate.weight layer=20 pos=0 phase=decode M=1 K=1152 N=6912 rows=256 col_beats=32 vpu_runs=81 io_ms=13.088 ip_ms=8.563 total_ms=92.729 status=OK
[FPGA][MATMUL] tensor=blk.20.ffn_up.weight layer=20 pos=0 phase=decode M=1 K=1152 N=6912 rows=256 col_beats=32 vpu_runs=81 io_ms=13.063 ip_ms=8.594 total_ms=92.704 status=OK
[FPGA][MATMUL] tensor=blk.20.ffn_down.weight layer=20 pos=0 phase=decode M=1 K=6912 N=1152 rows=256 col_beats=32 vpu_runs=70 io_ms=11.234 ip_ms=7.766 total_ms=83.439 status=OK
[FPGA][MATMUL] tensor=blk.21.attn_q.weight layer=21 pos=0 phase=decode M=1 K=1152 N=1024 rows=256 col_beats=32 vpu_runs=12 io_ms=1.931 ip_ms=1.271 total_ms=13.814 status=OK
[FPGA][MATMUL] tensor=blk.21.attn_k.weight layer=21 pos=0 phase=decode M=1 K=1152 N=256 rows=256 col_beats=32 vpu_runs=3 io_ms=0.486 ip_ms=0.319 total_ms=3.434 status=OK
[FPGA][MATMUL] tensor=blk.21.attn_v.weight layer=21 pos=0 phase=decode M=1 K=1152 N=256 rows=256 col_beats=32 vpu_runs=3 io_ms=0.486 ip_ms=0.317 total_ms=3.439 status=OK
[FPGA][MATMUL] tensor=blk.21.attn_output.weight layer=21 pos=0 phase=decode M=1 K=1024 N=1152 rows=256 col_beats=32 vpu_runs=10 io_ms=1.633 ip_ms=1.135 total_ms=12.798 status=OK
[FPGA][MATMUL] tensor=blk.21.ffn_gate.weight layer=21 pos=0 phase=decode M=1 K=1152 N=6912 rows=256 col_beats=32 vpu_runs=81 io_ms=13.075 ip_ms=8.557 total_ms=92.480 status=OK
[FPGA][MATMUL] tensor=blk.21.ffn_up.weight layer=21 pos=0 phase=decode M=1 K=1152 N=6912 rows=256 col_beats=32 vpu_runs=81 io_ms=13.067 ip_ms=8.563 total_ms=92.575 status=OK
[FPGA][MATMUL] tensor=blk.21.ffn_down.weight layer=21 pos=0 phase=decode M=1 K=6912 N=1152 rows=256 col_beats=32 vpu_runs=70 io_ms=11.243 ip_ms=7.768 total_ms=83.424 status=OK
[FPGA][MATMUL] tensor=blk.22.attn_q.weight layer=22 pos=0 phase=decode M=1 K=1152 N=1024 rows=256 col_beats=32 vpu_runs=12 io_ms=1.942 ip_ms=1.267 total_ms=13.835 status=OK
[FPGA][MATMUL] tensor=blk.22.attn_k.weight layer=22 pos=0 phase=decode M=1 K=1152 N=256 rows=256 col_beats=32 vpu_runs=3 io_ms=0.487 ip_ms=0.318 total_ms=3.471 status=OK
[FPGA][MATMUL] tensor=blk.22.attn_v.weight layer=22 pos=0 phase=decode M=1 K=1152 N=256 rows=256 col_beats=32 vpu_runs=3 io_ms=0.482 ip_ms=0.319 total_ms=3.432 status=OK
[FPGA][MATMUL] tensor=blk.22.attn_output.weight layer=22 pos=0 phase=decode M=1 K=1024 N=1152 rows=256 col_beats=32 vpu_runs=10 io_ms=1.629 ip_ms=1.135 total_ms=12.711 status=OK
[FPGA][MATMUL] tensor=blk.22.ffn_gate.weight layer=22 pos=0 phase=decode M=1 K=1152 N=6912 rows=256 col_beats=32 vpu_runs=81 io_ms=13.078 ip_ms=8.562 total_ms=92.478 status=OK
[FPGA][MATMUL] tensor=blk.22.ffn_up.weight layer=22 pos=0 phase=decode M=1 K=1152 N=6912 rows=256 col_beats=32 vpu_runs=81 io_ms=13.080 ip_ms=8.562 total_ms=92.554 status=OK
[FPGA][MATMUL] tensor=blk.22.ffn_down.weight layer=22 pos=0 phase=decode M=1 K=6912 N=1152 rows=256 col_beats=32 vpu_runs=70 io_ms=11.235 ip_ms=7.768 total_ms=83.411 status=OK
[FPGA][MATMUL] tensor=blk.23.attn_q.weight layer=23 pos=0 phase=decode M=1 K=1152 N=1024 rows=256 col_beats=32 vpu_runs=12 io_ms=1.937 ip_ms=1.269 total_ms=13.706 status=OK
[FPGA][MATMUL] tensor=blk.23.attn_k.weight layer=23 pos=0 phase=decode M=1 K=1152 N=256 rows=256 col_beats=32 vpu_runs=3 io_ms=0.486 ip_ms=0.318 total_ms=3.454 status=OK
[FPGA][MATMUL] tensor=blk.23.attn_v.weight layer=23 pos=0 phase=decode M=1 K=1152 N=256 rows=256 col_beats=32 vpu_runs=3 io_ms=0.484 ip_ms=0.317 total_ms=3.443 status=OK
[FPGA][MATMUL] tensor=blk.23.attn_output.weight layer=23 pos=0 phase=decode M=1 K=1024 N=1152 rows=256 col_beats=32 vpu_runs=10 io_ms=1.637 ip_ms=1.136 total_ms=12.811 status=OK
[FPGA][MATMUL] tensor=blk.23.ffn_gate.weight layer=23 pos=0 phase=decode M=1 K=1152 N=6912 rows=256 col_beats=32 vpu_runs=81 io_ms=13.103 ip_ms=8.565 total_ms=92.550 status=OK
[FPGA][MATMUL] tensor=blk.23.ffn_up.weight layer=23 pos=0 phase=decode M=1 K=1152 N=6912 rows=256 col_beats=32 vpu_runs=81 io_ms=13.114 ip_ms=8.565 total_ms=92.523 status=OK
[FPGA][MATMUL] tensor=blk.23.ffn_down.weight layer=23 pos=0 phase=decode M=1 K=6912 N=1152 rows=256 col_beats=32 vpu_runs=70 io_ms=11.233 ip_ms=7.769 total_ms=83.586 status=OK
[FPGA][MATMUL] tensor=blk.24.attn_q.weight layer=24 pos=0 phase=decode M=1 K=1152 N=1024 rows=256 col_beats=32 vpu_runs=12 io_ms=1.940 ip_ms=1.268 total_ms=13.716 status=OK
[FPGA][MATMUL] tensor=blk.24.attn_k.weight layer=24 pos=0 phase=decode M=1 K=1152 N=256 rows=256 col_beats=32 vpu_runs=3 io_ms=0.488 ip_ms=0.317 total_ms=3.437 status=OK
[FPGA][MATMUL] tensor=blk.24.attn_v.weight layer=24 pos=0 phase=decode M=1 K=1152 N=256 rows=256 col_beats=32 vpu_runs=3 io_ms=0.484 ip_ms=0.317 total_ms=3.439 status=OK
[FPGA][MATMUL] tensor=blk.24.attn_output.weight layer=24 pos=0 phase=decode M=1 K=1024 N=1152 rows=256 col_beats=32 vpu_runs=10 io_ms=1.627 ip_ms=1.134 total_ms=12.713 status=OK
[FPGA][MATMUL] tensor=blk.24.ffn_gate.weight layer=24 pos=0 phase=decode M=1 K=1152 N=6912 rows=256 col_beats=32 vpu_runs=81 io_ms=13.110 ip_ms=8.564 total_ms=92.578 status=OK
[FPGA][MATMUL] tensor=blk.24.ffn_up.weight layer=24 pos=0 phase=decode M=1 K=1152 N=6912 rows=256 col_beats=32 vpu_runs=81 io_ms=13.075 ip_ms=8.564 total_ms=92.518 status=OK
[FPGA][MATMUL] tensor=blk.24.ffn_down.weight layer=24 pos=0 phase=decode M=1 K=6912 N=1152 rows=256 col_beats=32 vpu_runs=70 io_ms=11.241 ip_ms=7.767 total_ms=83.696 status=OK
[FPGA][MATMUL] tensor=blk.25.attn_q.weight layer=25 pos=0 phase=decode M=1 K=1152 N=1024 rows=256 col_beats=32 vpu_runs=12 io_ms=1.936 ip_ms=1.270 total_ms=13.717 status=OK
[FPGA][MATMUL] tensor=blk.25.attn_k.weight layer=25 pos=0 phase=decode M=1 K=1152 N=256 rows=256 col_beats=32 vpu_runs=3 io_ms=0.489 ip_ms=0.317 total_ms=3.458 status=OK
[FPGA][MATMUL] tensor=blk.25.attn_v.weight layer=25 pos=0 phase=decode M=1 K=1152 N=256 rows=256 col_beats=32 vpu_runs=3 io_ms=0.485 ip_ms=0.317 total_ms=3.422 status=OK
[FPGA][MATMUL] tensor=blk.25.attn_output.weight layer=25 pos=0 phase=decode M=1 K=1024 N=1152 rows=256 col_beats=32 vpu_runs=10 io_ms=1.630 ip_ms=1.134 total_ms=12.738 status=OK
[FPGA][MATMUL] tensor=blk.25.ffn_gate.weight layer=25 pos=0 phase=decode M=1 K=1152 N=6912 rows=256 col_beats=32 vpu_runs=81 io_ms=13.085 ip_ms=8.562 total_ms=92.496 status=OK
[FPGA][MATMUL] tensor=blk.25.ffn_up.weight layer=25 pos=0 phase=decode M=1 K=1152 N=6912 rows=256 col_beats=32 vpu_runs=81 io_ms=13.084 ip_ms=8.566 total_ms=92.443 status=OK
[FPGA][MATMUL] tensor=blk.25.ffn_down.weight layer=25 pos=0 phase=decode M=1 K=6912 N=1152 rows=256 col_beats=32 vpu_runs=70 io_ms=11.242 ip_ms=7.765 total_ms=83.403 status=OK
[FPGA][MATMUL] tensor=token_embd.weight layer=0 pos=0 phase=decode M=1 K=1152 N=262144 rows=256 col_beats=32 vpu_runs=3072 io_ms=495.937 ip_ms=324.862 total_ms=3509.179 status=OK
[FPGA][MATMUL] tensor=blk.0.attn_q.weight layer=0 pos=0 phase=decode M=1 K=1152 N=1024 rows=256 col_beats=32 vpu_runs=12 io_ms=1.945 ip_ms=1.268 total_ms=13.719 status=OK
[FPGA][MATMUL] tensor=blk.0.attn_k.weight layer=0 pos=0 phase=decode M=1 K=1152 N=256 rows=256 col_beats=32 vpu_runs=3 io_ms=0.488 ip_ms=0.317 total_ms=3.465 status=OK
[FPGA][MATMUL] tensor=blk.0.attn_v.weight layer=0 pos=0 phase=decode M=1 K=1152 N=256 rows=256 col_beats=32 vpu_runs=3 io_ms=0.483 ip_ms=0.318 total_ms=3.428 status=OK
[FPGA][MATMUL] tensor=blk.0.attn_output.weight layer=0 pos=0 phase=decode M=1 K=1024 N=1152 rows=256 col_beats=32 vpu_runs=10 io_ms=1.631 ip_ms=1.136 total_ms=12.832 status=OK
[FPGA][MATMUL] tensor=blk.0.ffn_gate.weight layer=0 pos=0 phase=decode M=1 K=1152 N=6912 rows=256 col_beats=32 vpu_runs=81 io_ms=13.113 ip_ms=8.590 total_ms=92.497 status=OK
[FPGA][MATMUL] tensor=blk.0.ffn_up.weight layer=0 pos=0 phase=decode M=1 K=1152 N=6912 rows=256 col_beats=32 vpu_runs=81 io_ms=13.060 ip_ms=8.558 total_ms=92.525 status=OK
[FPGA][MATMUL] tensor=blk.0.ffn_down.weight layer=0 pos=0 phase=decode M=1 K=6912 N=1152 rows=256 col_beats=32 vpu_runs=70 io_ms=11.238 ip_ms=7.764 total_ms=83.575 status=OK
[FPGA][MATMUL] tensor=blk.1.attn_q.weight layer=1 pos=0 phase=decode M=1 K=1152 N=1024 rows=256 col_beats=32 vpu_runs=12 io_ms=1.940 ip_ms=1.267 total_ms=13.840 status=OK
[FPGA][MATMUL] tensor=blk.1.attn_k.weight layer=1 pos=0 phase=decode M=1 K=1152 N=256 rows=256 col_beats=32 vpu_runs=3 io_ms=0.486 ip_ms=0.317 total_ms=3.471 status=OK
[FPGA][MATMUL] tensor=blk.1.attn_v.weight layer=1 pos=0 phase=decode M=1 K=1152 N=256 rows=256 col_beats=32 vpu_runs=3 io_ms=0.486 ip_ms=0.317 total_ms=3.420 status=OK
[FPGA][MATMUL] tensor=blk.1.attn_output.weight layer=1 pos=0 phase=decode M=1 K=1024 N=1152 rows=256 col_beats=32 vpu_runs=10 io_ms=1.626 ip_ms=1.135 total_ms=12.781 status=OK
[FPGA][MATMUL] tensor=blk.1.ffn_gate.weight layer=1 pos=0 phase=decode M=1 K=1152 N=6912 rows=256 col_beats=32 vpu_runs=81 io_ms=13.066 ip_ms=8.582 total_ms=92.413 status=OK
[FPGA][MATMUL] tensor=blk.1.ffn_up.weight layer=1 pos=0 phase=decode M=1 K=1152 N=6912 rows=256 col_beats=32 vpu_runs=81 io_ms=13.068 ip_ms=8.568 total_ms=92.494 status=OK
[FPGA][MATMUL] tensor=blk.1.ffn_down.weight layer=1 pos=0 phase=decode M=1 K=6912 N=1152 rows=256 col_beats=32 vpu_runs=70 io_ms=11.238 ip_ms=7.770 total_ms=83.406 status=OK
[FPGA][MATMUL] tensor=blk.2.attn_q.weight layer=2 pos=0 phase=decode M=1 K=1152 N=1024 rows=256 col_beats=32 vpu_runs=12 io_ms=1.941 ip_ms=1.297 total_ms=13.761 status=OK
[FPGA][MATMUL] tensor=blk.2.attn_k.weight layer=2 pos=0 phase=decode M=1 K=1152 N=256 rows=256 col_beats=32 vpu_runs=3 io_ms=0.487 ip_ms=0.317 total_ms=3.435 status=OK
[FPGA][MATMUL] tensor=blk.2.attn_v.weight layer=2 pos=0 phase=decode M=1 K=1152 N=256 rows=256 col_beats=32 vpu_runs=3 io_ms=0.485 ip_ms=0.317 total_ms=3.481 status=OK
[FPGA][MATMUL] tensor=blk.2.attn_output.weight layer=2 pos=0 phase=decode M=1 K=1024 N=1152 rows=256 col_beats=32 vpu_runs=10 io_ms=1.628 ip_ms=1.134 total_ms=12.720 status=OK
[FPGA][MATMUL] tensor=blk.2.ffn_gate.weight layer=2 pos=0 phase=decode M=1 K=1152 N=6912 rows=256 col_beats=32 vpu_runs=81 io_ms=13.082 ip_ms=8.564 total_ms=92.373 status=OK
[FPGA][MATMUL] tensor=blk.2.ffn_up.weight layer=2 pos=0 phase=decode M=1 K=1152 N=6912 rows=256 col_beats=32 vpu_runs=81 io_ms=13.069 ip_ms=8.636 total_ms=92.465 status=OK
[FPGA][MATMUL] tensor=blk.2.ffn_down.weight layer=2 pos=0 phase=decode M=1 K=6912 N=1152 rows=256 col_beats=32 vpu_runs=70 io_ms=11.268 ip_ms=7.767 total_ms=83.318 status=OK
[FPGA][MATMUL] tensor=blk.3.attn_q.weight layer=3 pos=0 phase=decode M=1 K=1152 N=1024 rows=256 col_beats=32 vpu_runs=12 io_ms=1.938 ip_ms=1.269 total_ms=13.816 status=OK
[FPGA][MATMUL] tensor=blk.3.attn_k.weight layer=3 pos=0 phase=decode M=1 K=1152 N=256 rows=256 col_beats=32 vpu_runs=3 io_ms=0.488 ip_ms=0.317 total_ms=3.443 status=OK
[FPGA][MATMUL] tensor=blk.3.attn_v.weight layer=3 pos=0 phase=decode M=1 K=1152 N=256 rows=256 col_beats=32 vpu_runs=3 io_ms=0.485 ip_ms=0.317 total_ms=3.479 status=OK
[FPGA][MATMUL] tensor=blk.3.attn_output.weight layer=3 pos=0 phase=decode M=1 K=1024 N=1152 rows=256 col_beats=32 vpu_runs=10 io_ms=1.621 ip_ms=1.137 total_ms=12.741 status=OK
[FPGA][MATMUL] tensor=blk.3.ffn_gate.weight layer=3 pos=0 phase=decode M=1 K=1152 N=6912 rows=256 col_beats=32 vpu_runs=81 io_ms=13.079 ip_ms=8.561 total_ms=92.385 status=OK
[FPGA][MATMUL] tensor=blk.3.ffn_up.weight layer=3 pos=0 phase=decode M=1 K=1152 N=6912 rows=256 col_beats=32 vpu_runs=81 io_ms=13.076 ip_ms=8.564 total_ms=92.404 status=OK
[FPGA][MATMUL] tensor=blk.3.ffn_down.weight layer=3 pos=0 phase=decode M=1 K=6912 N=1152 rows=256 col_beats=32 vpu_runs=70 io_ms=11.259 ip_ms=7.767 total_ms=83.411 status=OK
[FPGA][MATMUL] tensor=blk.4.attn_q.weight layer=4 pos=0 phase=decode M=1 K=1152 N=1024 rows=256 col_beats=32 vpu_runs=12 io_ms=1.950 ip_ms=1.269 total_ms=13.800 status=OK
[FPGA][MATMUL] tensor=blk.4.attn_k.weight layer=4 pos=0 phase=decode M=1 K=1152 N=256 rows=256 col_beats=32 vpu_runs=3 io_ms=0.488 ip_ms=0.317 total_ms=3.475 status=OK
[FPGA][MATMUL] tensor=blk.4.attn_v.weight layer=4 pos=0 phase=decode M=1 K=1152 N=256 rows=256 col_beats=32 vpu_runs=3 io_ms=0.486 ip_ms=0.317 total_ms=3.449 status=OK
[FPGA][MATMUL] tensor=blk.4.attn_output.weight layer=4 pos=0 phase=decode M=1 K=1024 N=1152 rows=256 col_beats=32 vpu_runs=10 io_ms=1.625 ip_ms=1.152 total_ms=12.779 status=OK
[FPGA][MATMUL] tensor=blk.4.ffn_gate.weight layer=4 pos=0 phase=decode M=1 K=1152 N=6912 rows=256 col_beats=32 vpu_runs=81 io_ms=13.074 ip_ms=8.564 total_ms=92.791 status=OK
[FPGA][MATMUL] tensor=blk.4.ffn_up.weight layer=4 pos=0 phase=decode M=1 K=1152 N=6912 rows=256 col_beats=32 vpu_runs=81 io_ms=13.082 ip_ms=8.560 total_ms=92.401 status=OK
[FPGA][MATMUL] tensor=blk.4.ffn_down.weight layer=4 pos=0 phase=decode M=1 K=6912 N=1152 rows=256 col_beats=32 vpu_runs=70 io_ms=11.255 ip_ms=7.766 total_ms=83.313 status=OK
[FPGA][MATMUL] tensor=blk.5.attn_q.weight layer=5 pos=0 phase=decode M=1 K=1152 N=1024 rows=256 col_beats=32 vpu_runs=12 io_ms=1.940 ip_ms=1.267 total_ms=13.732 status=OK
[FPGA][MATMUL] tensor=blk.5.attn_k.weight layer=5 pos=0 phase=decode M=1 K=1152 N=256 rows=256 col_beats=32 vpu_runs=3 io_ms=0.486 ip_ms=0.317 total_ms=3.431 status=OK
[FPGA][MATMUL] tensor=blk.5.attn_v.weight layer=5 pos=0 phase=decode M=1 K=1152 N=256 rows=256 col_beats=32 vpu_runs=3 io_ms=0.484 ip_ms=0.317 total_ms=3.443 status=OK
[FPGA][MATMUL] tensor=blk.5.attn_output.weight layer=5 pos=0 phase=decode M=1 K=1024 N=1152 rows=256 col_beats=32 vpu_runs=10 io_ms=1.624 ip_ms=1.137 total_ms=12.725 status=OK
[FPGA][MATMUL] tensor=blk.5.ffn_gate.weight layer=5 pos=0 phase=decode M=1 K=1152 N=6912 rows=256 col_beats=32 vpu_runs=81 io_ms=13.073 ip_ms=8.562 total_ms=92.602 status=OK
[FPGA][MATMUL] tensor=blk.5.ffn_up.weight layer=5 pos=0 phase=decode M=1 K=1152 N=6912 rows=256 col_beats=32 vpu_runs=81 io_ms=13.069 ip_ms=8.561 total_ms=92.437 status=OK
[FPGA][MATMUL] tensor=blk.5.ffn_down.weight layer=5 pos=0 phase=decode M=1 K=6912 N=1152 rows=256 col_beats=32 vpu_runs=70 io_ms=11.252 ip_ms=7.772 total_ms=83.834 status=OK
[FPGA][MATMUL] tensor=blk.6.attn_q.weight layer=6 pos=0 phase=decode M=1 K=1152 N=1024 rows=256 col_beats=32 vpu_runs=12 io_ms=1.937 ip_ms=1.270 total_ms=13.727 status=OK
[FPGA][MATMUL] tensor=blk.6.attn_k.weight layer=6 pos=0 phase=decode M=1 K=1152 N=256 rows=256 col_beats=32 vpu_runs=3 io_ms=0.486 ip_ms=0.318 total_ms=3.442 status=OK
[FPGA][MATMUL] tensor=blk.6.attn_v.weight layer=6 pos=0 phase=decode M=1 K=1152 N=256 rows=256 col_beats=32 vpu_runs=3 io_ms=0.485 ip_ms=0.317 total_ms=3.444 status=OK
[FPGA][MATMUL] tensor=blk.6.attn_output.weight layer=6 pos=0 phase=decode M=1 K=1024 N=1152 rows=256 col_beats=32 vpu_runs=10 io_ms=1.638 ip_ms=1.135 total_ms=12.778 status=OK
[FPGA][MATMUL] tensor=blk.6.ffn_gate.weight layer=6 pos=0 phase=decode M=1 K=1152 N=6912 rows=256 col_beats=32 vpu_runs=81 io_ms=13.085 ip_ms=8.564 total_ms=92.509 status=OK
[FPGA][MATMUL] tensor=blk.6.ffn_up.weight layer=6 pos=0 phase=decode M=1 K=1152 N=6912 rows=256 col_beats=32 vpu_runs=81 io_ms=13.078 ip_ms=8.557 total_ms=92.604 status=OK
[FPGA][MATMUL] tensor=blk.6.ffn_down.weight layer=6 pos=0 phase=decode M=1 K=6912 N=1152 rows=256 col_beats=32 vpu_runs=70 io_ms=11.248 ip_ms=7.767 total_ms=83.630 status=OK
[FPGA][MATMUL] tensor=blk.7.attn_q.weight layer=7 pos=0 phase=decode M=1 K=1152 N=1024 rows=256 col_beats=32 vpu_runs=12 io_ms=1.934 ip_ms=1.271 total_ms=13.771 status=OK
[FPGA][MATMUL] tensor=blk.7.attn_k.weight layer=7 pos=0 phase=decode M=1 K=1152 N=256 rows=256 col_beats=32 vpu_runs=3 io_ms=0.485 ip_ms=0.318 total_ms=3.485 status=OK
[FPGA][MATMUL] tensor=blk.7.attn_v.weight layer=7 pos=0 phase=decode M=1 K=1152 N=256 rows=256 col_beats=32 vpu_runs=3 io_ms=0.483 ip_ms=0.317 total_ms=3.435 status=OK
[FPGA][MATMUL] tensor=blk.7.attn_output.weight layer=7 pos=0 phase=decode M=1 K=1024 N=1152 rows=256 col_beats=32 vpu_runs=10 io_ms=1.629 ip_ms=1.135 total_ms=12.781 status=OK
[FPGA][MATMUL] tensor=blk.7.ffn_gate.weight layer=7 pos=0 phase=decode M=1 K=1152 N=6912 rows=256 col_beats=32 vpu_runs=81 io_ms=13.066 ip_ms=8.572 total_ms=92.647 status=OK
[FPGA][MATMUL] tensor=blk.7.ffn_up.weight layer=7 pos=0 phase=decode M=1 K=1152 N=6912 rows=256 col_beats=32 vpu_runs=81 io_ms=13.069 ip_ms=8.577 total_ms=92.890 status=OK
[FPGA][MATMUL] tensor=blk.7.ffn_down.weight layer=7 pos=0 phase=decode M=1 K=6912 N=1152 rows=256 col_beats=32 vpu_runs=70 io_ms=11.254 ip_ms=7.765 total_ms=84.033 status=OK
[FPGA][MATMUL] tensor=blk.8.attn_q.weight layer=8 pos=0 phase=decode M=1 K=1152 N=1024 rows=256 col_beats=32 vpu_runs=12 io_ms=1.939 ip_ms=1.268 total_ms=13.776 status=OK
[FPGA][MATMUL] tensor=blk.8.attn_k.weight layer=8 pos=0 phase=decode M=1 K=1152 N=256 rows=256 col_beats=32 vpu_runs=3 io_ms=0.486 ip_ms=0.318 total_ms=3.456 status=OK
[FPGA][MATMUL] tensor=blk.8.attn_v.weight layer=8 pos=0 phase=decode M=1 K=1152 N=256 rows=256 col_beats=32 vpu_runs=3 io_ms=0.483 ip_ms=0.317 total_ms=3.488 status=OK
[FPGA][MATMUL] tensor=blk.8.attn_output.weight layer=8 pos=0 phase=decode M=1 K=1024 N=1152 rows=256 col_beats=32 vpu_runs=10 io_ms=1.638 ip_ms=1.136 total_ms=12.762 status=OK
[FPGA][MATMUL] tensor=blk.8.ffn_gate.weight layer=8 pos=0 phase=decode M=1 K=1152 N=6912 rows=256 col_beats=32 vpu_runs=81 io_ms=13.068 ip_ms=8.565 total_ms=92.698 status=OK
[FPGA][MATMUL] tensor=blk.8.ffn_up.weight layer=8 pos=0 phase=decode M=1 K=1152 N=6912 rows=256 col_beats=32 vpu_runs=81 io_ms=13.084 ip_ms=8.560 total_ms=92.625 status=OK
[FPGA][MATMUL] tensor=blk.8.ffn_down.weight layer=8 pos=0 phase=decode M=1 K=6912 N=1152 rows=256 col_beats=32 vpu_runs=70 io_ms=11.232 ip_ms=7.769 total_ms=84.048 status=OK
[FPGA][MATMUL] tensor=blk.9.attn_q.weight layer=9 pos=0 phase=decode M=1 K=1152 N=1024 rows=256 col_beats=32 vpu_runs=12 io_ms=1.934 ip_ms=1.270 total_ms=13.712 status=OK
[FPGA][MATMUL] tensor=blk.9.attn_k.weight layer=9 pos=0 phase=decode M=1 K=1152 N=256 rows=256 col_beats=32 vpu_runs=3 io_ms=0.489 ip_ms=0.317 total_ms=3.435 status=OK
[FPGA][MATMUL] tensor=blk.9.attn_v.weight layer=9 pos=0 phase=decode M=1 K=1152 N=256 rows=256 col_beats=32 vpu_runs=3 io_ms=0.485 ip_ms=0.317 total_ms=3.439 status=OK
[FPGA][MATMUL] tensor=blk.9.attn_output.weight layer=9 pos=0 phase=decode M=1 K=1024 N=1152 rows=256 col_beats=32 vpu_runs=10 io_ms=1.626 ip_ms=1.138 total_ms=12.751 status=OK
[FPGA][MATMUL] tensor=blk.9.ffn_gate.weight layer=9 pos=0 phase=decode M=1 K=1152 N=6912 rows=256 col_beats=32 vpu_runs=81 io_ms=13.071 ip_ms=8.565 total_ms=92.764 status=OK
[FPGA][MATMUL] tensor=blk.9.ffn_up.weight layer=9 pos=0 phase=decode M=1 K=1152 N=6912 rows=256 col_beats=32 vpu_runs=81 io_ms=13.074 ip_ms=8.559 total_ms=92.553 status=OK
[FPGA][MATMUL] tensor=blk.9.ffn_down.weight layer=9 pos=0 phase=decode M=1 K=6912 N=1152 rows=256 col_beats=32 vpu_runs=70 io_ms=11.243 ip_ms=7.763 total_ms=83.738 status=OK
[FPGA][MATMUL] tensor=blk.10.attn_q.weight layer=10 pos=0 phase=decode M=1 K=1152 N=1024 rows=256 col_beats=32 vpu_runs=12 io_ms=1.930 ip_ms=1.270 total_ms=13.816 status=OK
[FPGA][MATMUL] tensor=blk.10.attn_k.weight layer=10 pos=0 phase=decode M=1 K=1152 N=256 rows=256 col_beats=32 vpu_runs=3 io_ms=0.487 ip_ms=0.317 total_ms=3.449 status=OK
[FPGA][MATMUL] tensor=blk.10.attn_v.weight layer=10 pos=0 phase=decode M=1 K=1152 N=256 rows=256 col_beats=32 vpu_runs=3 io_ms=0.485 ip_ms=0.317 total_ms=3.447 status=OK
[FPGA][MATMUL] tensor=blk.10.attn_output.weight layer=10 pos=0 phase=decode M=1 K=1024 N=1152 rows=256 col_beats=32 vpu_runs=10 io_ms=1.626 ip_ms=1.137 total_ms=12.730 status=OK
[FPGA][MATMUL] tensor=blk.10.ffn_gate.weight layer=10 pos=0 phase=decode M=1 K=1152 N=6912 rows=256 col_beats=32 vpu_runs=81 io_ms=13.071 ip_ms=8.566 total_ms=92.575 status=OK
[FPGA][MATMUL] tensor=blk.10.ffn_up.weight layer=10 pos=0 phase=decode M=1 K=1152 N=6912 rows=256 col_beats=32 vpu_runs=81 io_ms=13.069 ip_ms=8.555 total_ms=92.407 status=OK
[FPGA][MATMUL] tensor=blk.10.ffn_down.weight layer=10 pos=0 phase=decode M=1 K=6912 N=1152 rows=256 col_beats=32 vpu_runs=70 io_ms=11.240 ip_ms=7.768 total_ms=83.536 status=OK
[FPGA][MATMUL] tensor=blk.11.attn_q.weight layer=11 pos=0 phase=decode M=1 K=1152 N=1024 rows=256 col_beats=32 vpu_runs=12 io_ms=1.940 ip_ms=1.268 total_ms=13.738 status=OK
[FPGA][MATMUL] tensor=blk.11.attn_k.weight layer=11 pos=0 phase=decode M=1 K=1152 N=256 rows=256 col_beats=32 vpu_runs=3 io_ms=0.487 ip_ms=0.317 total_ms=3.440 status=OK
[FPGA][MATMUL] tensor=blk.11.attn_v.weight layer=11 pos=0 phase=decode M=1 K=1152 N=256 rows=256 col_beats=32 vpu_runs=3 io_ms=0.486 ip_ms=0.317 total_ms=3.437 status=OK
[FPGA][MATMUL] tensor=blk.11.attn_output.weight layer=11 pos=0 phase=decode M=1 K=1024 N=1152 rows=256 col_beats=32 vpu_runs=10 io_ms=1.627 ip_ms=1.135 total_ms=12.717 status=OK
[FPGA][MATMUL] tensor=blk.11.ffn_gate.weight layer=11 pos=0 phase=decode M=1 K=1152 N=6912 rows=256 col_beats=32 vpu_runs=81 io_ms=13.072 ip_ms=8.563 total_ms=92.436 status=OK
[FPGA][MATMUL] tensor=blk.11.ffn_up.weight layer=11 pos=0 phase=decode M=1 K=1152 N=6912 rows=256 col_beats=32 vpu_runs=81 io_ms=13.074 ip_ms=8.568 total_ms=92.932 status=OK
[FPGA][MATMUL] tensor=blk.11.ffn_down.weight layer=11 pos=0 phase=decode M=1 K=6912 N=1152 rows=256 col_beats=32 vpu_runs=70 io_ms=11.251 ip_ms=7.770 total_ms=83.288 status=OK
[FPGA][MATMUL] tensor=blk.12.attn_q.weight layer=12 pos=0 phase=decode M=1 K=1152 N=1024 rows=256 col_beats=32 vpu_runs=12 io_ms=1.939 ip_ms=1.268 total_ms=13.701 status=OK
[FPGA][MATMUL] tensor=blk.12.attn_k.weight layer=12 pos=0 phase=decode M=1 K=1152 N=256 rows=256 col_beats=32 vpu_runs=3 io_ms=0.487 ip_ms=0.318 total_ms=3.439 status=OK
[FPGA][MATMUL] tensor=blk.12.attn_v.weight layer=12 pos=0 phase=decode M=1 K=1152 N=256 rows=256 col_beats=32 vpu_runs=3 io_ms=0.486 ip_ms=0.317 total_ms=3.438 status=OK
[FPGA][MATMUL] tensor=blk.12.attn_output.weight layer=12 pos=0 phase=decode M=1 K=1024 N=1152 rows=256 col_beats=32 vpu_runs=10 io_ms=1.628 ip_ms=1.136 total_ms=12.756 status=OK
[FPGA][MATMUL] tensor=blk.12.ffn_gate.weight layer=12 pos=0 phase=decode M=1 K=1152 N=6912 rows=256 col_beats=32 vpu_runs=81 io_ms=13.078 ip_ms=8.561 total_ms=92.772 status=OK
[FPGA][MATMUL] tensor=blk.12.ffn_up.weight layer=12 pos=0 phase=decode M=1 K=1152 N=6912 rows=256 col_beats=32 vpu_runs=81 io_ms=13.128 ip_ms=8.564 total_ms=92.613 status=OK
[FPGA][MATMUL] tensor=blk.12.ffn_down.weight layer=12 pos=0 phase=decode M=1 K=6912 N=1152 rows=256 col_beats=32 vpu_runs=70 io_ms=11.227 ip_ms=7.768 total_ms=83.315 status=OK
[FPGA][MATMUL] tensor=blk.13.attn_q.weight layer=13 pos=0 phase=decode M=1 K=1152 N=1024 rows=256 col_beats=32 vpu_runs=12 io_ms=1.941 ip_ms=1.270 total_ms=13.746 status=OK
[FPGA][MATMUL] tensor=blk.13.attn_k.weight layer=13 pos=0 phase=decode M=1 K=1152 N=256 rows=256 col_beats=32 vpu_runs=3 io_ms=0.488 ip_ms=0.317 total_ms=3.450 status=OK
[FPGA][MATMUL] tensor=blk.13.attn_v.weight layer=13 pos=0 phase=decode M=1 K=1152 N=256 rows=256 col_beats=32 vpu_runs=3 io_ms=0.486 ip_ms=0.317 total_ms=3.440 status=OK
[FPGA][MATMUL] tensor=blk.13.attn_output.weight layer=13 pos=0 phase=decode M=1 K=1024 N=1152 rows=256 col_beats=32 vpu_runs=10 io_ms=1.628 ip_ms=1.135 total_ms=12.724 status=OK
[FPGA][MATMUL] tensor=blk.13.ffn_gate.weight layer=13 pos=0 phase=decode M=1 K=1152 N=6912 rows=256 col_beats=32 vpu_runs=81 io_ms=13.066 ip_ms=8.563 total_ms=92.913 status=OK
[FPGA][MATMUL] tensor=blk.13.ffn_up.weight layer=13 pos=0 phase=decode M=1 K=1152 N=6912 rows=256 col_beats=32 vpu_runs=81 io_ms=13.064 ip_ms=8.565 total_ms=92.320 status=OK
[FPGA][MATMUL] tensor=blk.13.ffn_down.weight layer=13 pos=0 phase=decode M=1 K=6912 N=1152 rows=256 col_beats=32 vpu_runs=70 io_ms=11.245 ip_ms=7.767 total_ms=83.272 status=OK
[FPGA][MATMUL] tensor=blk.14.attn_q.weight layer=14 pos=0 phase=decode M=1 K=1152 N=1024 rows=256 col_beats=32 vpu_runs=12 io_ms=1.943 ip_ms=1.269 total_ms=13.765 status=OK
[FPGA][MATMUL] tensor=blk.14.attn_k.weight layer=14 pos=0 phase=decode M=1 K=1152 N=256 rows=256 col_beats=32 vpu_runs=3 io_ms=0.484 ip_ms=0.317 total_ms=3.449 status=OK
[FPGA][MATMUL] tensor=blk.14.attn_v.weight layer=14 pos=0 phase=decode M=1 K=1152 N=256 rows=256 col_beats=32 vpu_runs=3 io_ms=0.485 ip_ms=0.318 total_ms=3.423 status=OK
[FPGA][MATMUL] tensor=blk.14.attn_output.weight layer=14 pos=0 phase=decode M=1 K=1024 N=1152 rows=256 col_beats=32 vpu_runs=10 io_ms=1.628 ip_ms=1.136 total_ms=12.740 status=OK
[FPGA][MATMUL] tensor=blk.14.ffn_gate.weight layer=14 pos=0 phase=decode M=1 K=1152 N=6912 rows=256 col_beats=32 vpu_runs=81 io_ms=13.107 ip_ms=8.562 total_ms=92.456 status=OK
[FPGA][MATMUL] tensor=blk.14.ffn_up.weight layer=14 pos=0 phase=decode M=1 K=1152 N=6912 rows=256 col_beats=32 vpu_runs=81 io_ms=13.066 ip_ms=8.566 total_ms=92.468 status=OK
[FPGA][MATMUL] tensor=blk.14.ffn_down.weight layer=14 pos=0 phase=decode M=1 K=6912 N=1152 rows=256 col_beats=32 vpu_runs=70 io_ms=11.254 ip_ms=7.763 total_ms=83.267 status=OK
[FPGA][MATMUL] tensor=blk.15.attn_q.weight layer=15 pos=0 phase=decode M=1 K=1152 N=1024 rows=256 col_beats=32 vpu_runs=12 io_ms=1.939 ip_ms=1.267 total_ms=13.802 status=OK
[FPGA][MATMUL] tensor=blk.15.attn_k.weight layer=15 pos=0 phase=decode M=1 K=1152 N=256 rows=256 col_beats=32 vpu_runs=3 io_ms=0.489 ip_ms=0.317 total_ms=3.460 status=OK
[FPGA][MATMUL] tensor=blk.15.attn_v.weight layer=15 pos=0 phase=decode M=1 K=1152 N=256 rows=256 col_beats=32 vpu_runs=3 io_ms=0.486 ip_ms=0.318 total_ms=3.478 status=OK
[FPGA][MATMUL] tensor=blk.15.attn_output.weight layer=15 pos=0 phase=decode M=1 K=1024 N=1152 rows=256 col_beats=32 vpu_runs=10 io_ms=1.623 ip_ms=1.135 total_ms=12.764 status=OK
[FPGA][MATMUL] tensor=blk.15.ffn_gate.weight layer=15 pos=0 phase=decode M=1 K=1152 N=6912 rows=256 col_beats=32 vpu_runs=81 io_ms=13.072 ip_ms=8.563 total_ms=92.545 status=OK
[FPGA][MATMUL] tensor=blk.15.ffn_up.weight layer=15 pos=0 phase=decode M=1 K=1152 N=6912 rows=256 col_beats=32 vpu_runs=81 io_ms=13.084 ip_ms=8.564 total_ms=92.831 status=OK
[FPGA][MATMUL] tensor=blk.15.ffn_down.weight layer=15 pos=0 phase=decode M=1 K=6912 N=1152 rows=256 col_beats=32 vpu_runs=70 io_ms=11.233 ip_ms=7.768 total_ms=83.625 status=OK
[FPGA][MATMUL] tensor=blk.16.attn_q.weight layer=16 pos=0 phase=decode M=1 K=1152 N=1024 rows=256 col_beats=32 vpu_runs=12 io_ms=1.940 ip_ms=1.269 total_ms=13.715 status=OK
[FPGA][MATMUL] tensor=blk.16.attn_k.weight layer=16 pos=0 phase=decode M=1 K=1152 N=256 rows=256 col_beats=32 vpu_runs=3 io_ms=0.487 ip_ms=0.318 total_ms=3.432 status=OK
[FPGA][MATMUL] tensor=blk.16.attn_v.weight layer=16 pos=0 phase=decode M=1 K=1152 N=256 rows=256 col_beats=32 vpu_runs=3 io_ms=0.486 ip_ms=0.318 total_ms=3.440 status=OK
[FPGA][MATMUL] tensor=blk.16.attn_output.weight layer=16 pos=0 phase=decode M=1 K=1024 N=1152 rows=256 col_beats=32 vpu_runs=10 io_ms=1.627 ip_ms=1.137 total_ms=12.941 status=OK
[FPGA][MATMUL] tensor=blk.16.ffn_gate.weight layer=16 pos=0 phase=decode M=1 K=1152 N=6912 rows=256 col_beats=32 vpu_runs=81 io_ms=13.078 ip_ms=8.567 total_ms=92.316 status=OK
[FPGA][MATMUL] tensor=blk.16.ffn_up.weight layer=16 pos=0 phase=decode M=1 K=1152 N=6912 rows=256 col_beats=32 vpu_runs=81 io_ms=13.080 ip_ms=8.560 total_ms=92.531 status=OK
[FPGA][MATMUL] tensor=blk.16.ffn_down.weight layer=16 pos=0 phase=decode M=1 K=6912 N=1152 rows=256 col_beats=32 vpu_runs=70 io_ms=11.239 ip_ms=7.766 total_ms=83.852 status=OK
[FPGA][MATMUL] tensor=blk.17.attn_q.weight layer=17 pos=0 phase=decode M=1 K=1152 N=1024 rows=256 col_beats=32 vpu_runs=12 io_ms=1.938 ip_ms=1.268 total_ms=13.752 status=OK
[FPGA][MATMUL] tensor=blk.17.attn_k.weight layer=17 pos=0 phase=decode M=1 K=1152 N=256 rows=256 col_beats=32 vpu_runs=3 io_ms=0.487 ip_ms=0.317 total_ms=3.435 status=OK
[FPGA][MATMUL] tensor=blk.17.attn_v.weight layer=17 pos=0 phase=decode M=1 K=1152 N=256 rows=256 col_beats=32 vpu_runs=3 io_ms=0.485 ip_ms=0.317 total_ms=3.439 status=OK
[FPGA][MATMUL] tensor=blk.17.attn_output.weight layer=17 pos=0 phase=decode M=1 K=1024 N=1152 rows=256 col_beats=32 vpu_runs=10 io_ms=1.630 ip_ms=1.135 total_ms=12.740 status=OK
[FPGA][MATMUL] tensor=blk.17.ffn_gate.weight layer=17 pos=0 phase=decode M=1 K=1152 N=6912 rows=256 col_beats=32 vpu_runs=81 io_ms=13.059 ip_ms=8.561 total_ms=92.630 status=OK
[FPGA][MATMUL] tensor=blk.17.ffn_up.weight layer=17 pos=0 phase=decode M=1 K=1152 N=6912 rows=256 col_beats=32 vpu_runs=81 io_ms=13.080 ip_ms=8.560 total_ms=92.373 status=OK
[FPGA][MATMUL] tensor=blk.17.ffn_down.weight layer=17 pos=0 phase=decode M=1 K=6912 N=1152 rows=256 col_beats=32 vpu_runs=70 io_ms=11.248 ip_ms=7.770 total_ms=83.397 status=OK
[FPGA][MATMUL] tensor=blk.18.attn_q.weight layer=18 pos=0 phase=decode M=1 K=1152 N=1024 rows=256 col_beats=32 vpu_runs=12 io_ms=1.939 ip_ms=1.270 total_ms=13.713 status=OK
[FPGA][MATMUL] tensor=blk.18.attn_k.weight layer=18 pos=0 phase=decode M=1 K=1152 N=256 rows=256 col_beats=32 vpu_runs=3 io_ms=0.486 ip_ms=0.318 total_ms=3.468 status=OK
[FPGA][MATMUL] tensor=blk.18.attn_v.weight layer=18 pos=0 phase=decode M=1 K=1152 N=256 rows=256 col_beats=32 vpu_runs=3 io_ms=0.486 ip_ms=0.318 total_ms=3.449 status=OK
[FPGA][MATMUL] tensor=blk.18.attn_output.weight layer=18 pos=0 phase=decode M=1 K=1024 N=1152 rows=256 col_beats=32 vpu_runs=10 io_ms=1.630 ip_ms=1.135 total_ms=12.742 status=OK
[FPGA][MATMUL] tensor=blk.18.ffn_gate.weight layer=18 pos=0 phase=decode M=1 K=1152 N=6912 rows=256 col_beats=32 vpu_runs=81 io_ms=13.096 ip_ms=8.563 total_ms=92.513 status=OK
[FPGA][MATMUL] tensor=blk.18.ffn_up.weight layer=18 pos=0 phase=decode M=1 K=1152 N=6912 rows=256 col_beats=32 vpu_runs=81 io_ms=13.070 ip_ms=8.559 total_ms=92.429 status=OK
[FPGA][MATMUL] tensor=blk.18.ffn_down.weight layer=18 pos=0 phase=decode M=1 K=6912 N=1152 rows=256 col_beats=32 vpu_runs=70 io_ms=11.257 ip_ms=7.766 total_ms=83.378 status=OK
[FPGA][MATMUL] tensor=blk.19.attn_q.weight layer=19 pos=0 phase=decode M=1 K=1152 N=1024 rows=256 col_beats=32 vpu_runs=12 io_ms=1.942 ip_ms=1.268 total_ms=13.768 status=OK
[FPGA][MATMUL] tensor=blk.19.attn_k.weight layer=19 pos=0 phase=decode M=1 K=1152 N=256 rows=256 col_beats=32 vpu_runs=3 io_ms=0.484 ip_ms=0.317 total_ms=3.425 status=OK
[FPGA][MATMUL] tensor=blk.19.attn_v.weight layer=19 pos=0 phase=decode M=1 K=1152 N=256 rows=256 col_beats=32 vpu_runs=3 io_ms=0.484 ip_ms=0.318 total_ms=3.421 status=OK
[FPGA][MATMUL] tensor=blk.19.attn_output.weight layer=19 pos=0 phase=decode M=1 K=1024 N=1152 rows=256 col_beats=32 vpu_runs=10 io_ms=1.625 ip_ms=1.138 total_ms=12.712 status=OK
[FPGA][MATMUL] tensor=blk.19.ffn_gate.weight layer=19 pos=0 phase=decode M=1 K=1152 N=6912 rows=256 col_beats=32 vpu_runs=81 io_ms=13.092 ip_ms=8.562 total_ms=92.319 status=OK
[FPGA][MATMUL] tensor=blk.19.ffn_up.weight layer=19 pos=0 phase=decode M=1 K=1152 N=6912 rows=256 col_beats=32 vpu_runs=81 io_ms=13.079 ip_ms=8.617 total_ms=92.455 status=OK
[FPGA][MATMUL] tensor=blk.19.ffn_down.weight layer=19 pos=0 phase=decode M=1 K=6912 N=1152 rows=256 col_beats=32 vpu_runs=70 io_ms=11.240 ip_ms=7.772 total_ms=83.470 status=OK
[FPGA][MATMUL] tensor=blk.20.attn_q.weight layer=20 pos=0 phase=decode M=1 K=1152 N=1024 rows=256 col_beats=32 vpu_runs=12 io_ms=1.936 ip_ms=1.267 total_ms=13.710 status=OK
[FPGA][MATMUL] tensor=blk.20.attn_k.weight layer=20 pos=0 phase=decode M=1 K=1152 N=256 rows=256 col_beats=32 vpu_runs=3 io_ms=0.494 ip_ms=0.317 total_ms=3.438 status=OK
[FPGA][MATMUL] tensor=blk.20.attn_v.weight layer=20 pos=0 phase=decode M=1 K=1152 N=256 rows=256 col_beats=32 vpu_runs=3 io_ms=0.486 ip_ms=0.317 total_ms=3.435 status=OK
[FPGA][MATMUL] tensor=blk.20.attn_output.weight layer=20 pos=0 phase=decode M=1 K=1024 N=1152 rows=256 col_beats=32 vpu_runs=10 io_ms=1.627 ip_ms=1.138 total_ms=12.719 status=OK
[FPGA][MATMUL] tensor=blk.20.ffn_gate.weight layer=20 pos=0 phase=decode M=1 K=1152 N=6912 rows=256 col_beats=32 vpu_runs=81 io_ms=13.076 ip_ms=8.560 total_ms=92.566 status=OK
[FPGA][MATMUL] tensor=blk.20.ffn_up.weight layer=20 pos=0 phase=decode M=1 K=1152 N=6912 rows=256 col_beats=32 vpu_runs=81 io_ms=13.075 ip_ms=8.560 total_ms=92.350 status=OK
[FPGA][MATMUL] tensor=blk.20.ffn_down.weight layer=20 pos=0 phase=decode M=1 K=6912 N=1152 rows=256 col_beats=32 vpu_runs=70 io_ms=11.287 ip_ms=7.768 total_ms=83.335 status=OK
[FPGA][MATMUL] tensor=blk.21.attn_q.weight layer=21 pos=0 phase=decode M=1 K=1152 N=1024 rows=256 col_beats=32 vpu_runs=12 io_ms=1.940 ip_ms=1.269 total_ms=13.787 status=OK
[FPGA][MATMUL] tensor=blk.21.attn_k.weight layer=21 pos=0 phase=decode M=1 K=1152 N=256 rows=256 col_beats=32 vpu_runs=3 io_ms=0.488 ip_ms=0.317 total_ms=3.476 status=OK
[FPGA][MATMUL] tensor=blk.21.attn_v.weight layer=21 pos=0 phase=decode M=1 K=1152 N=256 rows=256 col_beats=32 vpu_runs=3 io_ms=0.484 ip_ms=0.317 total_ms=3.436 status=OK
[FPGA][MATMUL] tensor=blk.21.attn_output.weight layer=21 pos=0 phase=decode M=1 K=1024 N=1152 rows=256 col_beats=32 vpu_runs=10 io_ms=1.633 ip_ms=1.137 total_ms=12.750 status=OK
[FPGA][MATMUL] tensor=blk.21.ffn_gate.weight layer=21 pos=0 phase=decode M=1 K=1152 N=6912 rows=256 col_beats=32 vpu_runs=81 io_ms=13.086 ip_ms=8.562 total_ms=92.776 status=OK
[FPGA][MATMUL] tensor=blk.21.ffn_up.weight layer=21 pos=0 phase=decode M=1 K=1152 N=6912 rows=256 col_beats=32 vpu_runs=81 io_ms=13.059 ip_ms=8.562 total_ms=92.404 status=OK
[FPGA][MATMUL] tensor=blk.21.ffn_down.weight layer=21 pos=0 phase=decode M=1 K=6912 N=1152 rows=256 col_beats=32 vpu_runs=70 io_ms=11.226 ip_ms=7.773 total_ms=83.646 status=OK
[FPGA][MATMUL] tensor=blk.22.attn_q.weight layer=22 pos=0 phase=decode M=1 K=1152 N=1024 rows=256 col_beats=32 vpu_runs=12 io_ms=1.940 ip_ms=1.276 total_ms=13.721 status=OK
[FPGA][MATMUL] tensor=blk.22.attn_k.weight layer=22 pos=0 phase=decode M=1 K=1152 N=256 rows=256 col_beats=32 vpu_runs=3 io_ms=0.487 ip_ms=0.317 total_ms=3.463 status=OK
[FPGA][MATMUL] tensor=blk.22.attn_v.weight layer=22 pos=0 phase=decode M=1 K=1152 N=256 rows=256 col_beats=32 vpu_runs=3 io_ms=0.484 ip_ms=0.318 total_ms=3.429 status=OK
[FPGA][MATMUL] tensor=blk.22.attn_output.weight layer=22 pos=0 phase=decode M=1 K=1024 N=1152 rows=256 col_beats=32 vpu_runs=10 io_ms=1.626 ip_ms=1.137 total_ms=12.743 status=OK
[FPGA][MATMUL] tensor=blk.22.ffn_gate.weight layer=22 pos=0 phase=decode M=1 K=1152 N=6912 rows=256 col_beats=32 vpu_runs=81 io_ms=13.090 ip_ms=8.560 total_ms=92.587 status=OK
[FPGA][MATMUL] tensor=blk.22.ffn_up.weight layer=22 pos=0 phase=decode M=1 K=1152 N=6912 rows=256 col_beats=32 vpu_runs=81 io_ms=13.058 ip_ms=8.559 total_ms=92.548 status=OK
[FPGA][MATMUL] tensor=blk.22.ffn_down.weight layer=22 pos=0 phase=decode M=1 K=6912 N=1152 rows=256 col_beats=32 vpu_runs=70 io_ms=11.255 ip_ms=7.900 total_ms=83.470 status=OK
[FPGA][MATMUL] tensor=blk.23.attn_q.weight layer=23 pos=0 phase=decode M=1 K=1152 N=1024 rows=256 col_beats=32 vpu_runs=12 io_ms=1.941 ip_ms=1.268 total_ms=13.740 status=OK
[FPGA][MATMUL] tensor=blk.23.attn_k.weight layer=23 pos=0 phase=decode M=1 K=1152 N=256 rows=256 col_beats=32 vpu_runs=3 io_ms=0.487 ip_ms=0.317 total_ms=3.435 status=OK
[FPGA][MATMUL] tensor=blk.23.attn_v.weight layer=23 pos=0 phase=decode M=1 K=1152 N=256 rows=256 col_beats=32 vpu_runs=3 io_ms=0.485 ip_ms=0.317 total_ms=3.426 status=OK
[FPGA][MATMUL] tensor=blk.23.attn_output.weight layer=23 pos=0 phase=decode M=1 K=1024 N=1152 rows=256 col_beats=32 vpu_runs=10 io_ms=1.629 ip_ms=1.135 total_ms=12.775 status=OK
[FPGA][MATMUL] tensor=blk.23.ffn_gate.weight layer=23 pos=0 phase=decode M=1 K=1152 N=6912 rows=256 col_beats=32 vpu_runs=81 io_ms=13.079 ip_ms=8.561 total_ms=92.439 status=OK
[FPGA][MATMUL] tensor=blk.23.ffn_up.weight layer=23 pos=0 phase=decode M=1 K=1152 N=6912 rows=256 col_beats=32 vpu_runs=81 io_ms=13.080 ip_ms=8.564 total_ms=92.445 status=OK
[FPGA][MATMUL] tensor=blk.23.ffn_down.weight layer=23 pos=0 phase=decode M=1 K=6912 N=1152 rows=256 col_beats=32 vpu_runs=70 io_ms=11.262 ip_ms=7.770 total_ms=83.945 status=OK
[FPGA][MATMUL] tensor=blk.24.attn_q.weight layer=24 pos=0 phase=decode M=1 K=1152 N=1024 rows=256 col_beats=32 vpu_runs=12 io_ms=1.939 ip_ms=1.272 total_ms=13.703 status=OK
[FPGA][MATMUL] tensor=blk.24.attn_k.weight layer=24 pos=0 phase=decode M=1 K=1152 N=256 rows=256 col_beats=32 vpu_runs=3 io_ms=0.486 ip_ms=0.318 total_ms=3.442 status=OK
[FPGA][MATMUL] tensor=blk.24.attn_v.weight layer=24 pos=0 phase=decode M=1 K=1152 N=256 rows=256 col_beats=32 vpu_runs=3 io_ms=0.488 ip_ms=0.317 total_ms=3.450 status=OK
[FPGA][MATMUL] tensor=blk.24.attn_output.weight layer=24 pos=0 phase=decode M=1 K=1024 N=1152 rows=256 col_beats=32 vpu_runs=10 io_ms=1.631 ip_ms=1.134 total_ms=12.701 status=OK
[FPGA][MATMUL] tensor=blk.24.ffn_gate.weight layer=24 pos=0 phase=decode M=1 K=1152 N=6912 rows=256 col_beats=32 vpu_runs=81 io_ms=13.068 ip_ms=8.566 total_ms=92.770 status=OK
[FPGA][MATMUL] tensor=blk.24.ffn_up.weight layer=24 pos=0 phase=decode M=1 K=1152 N=6912 rows=256 col_beats=32 vpu_runs=81 io_ms=13.056 ip_ms=8.560 total_ms=92.654 status=OK
[FPGA][MATMUL] tensor=blk.24.ffn_down.weight layer=24 pos=0 phase=decode M=1 K=6912 N=1152 rows=256 col_beats=32 vpu_runs=70 io_ms=11.255 ip_ms=7.764 total_ms=83.845 status=OK
[FPGA][MATMUL] tensor=blk.25.attn_q.weight layer=25 pos=0 phase=decode M=1 K=1152 N=1024 rows=256 col_beats=32 vpu_runs=12 io_ms=1.936 ip_ms=1.268 total_ms=13.763 status=OK
[FPGA][MATMUL] tensor=blk.25.attn_k.weight layer=25 pos=0 phase=decode M=1 K=1152 N=256 rows=256 col_beats=32 vpu_runs=3 io_ms=0.485 ip_ms=0.316 total_ms=3.431 status=OK
[FPGA][MATMUL] tensor=blk.25.attn_v.weight layer=25 pos=0 phase=decode M=1 K=1152 N=256 rows=256 col_beats=32 vpu_runs=3 io_ms=0.486 ip_ms=0.317 total_ms=3.440 status=OK
[FPGA][MATMUL] tensor=blk.25.attn_output.weight layer=25 pos=0 phase=decode M=1 K=1024 N=1152 rows=256 col_beats=32 vpu_runs=10 io_ms=1.625 ip_ms=1.138 total_ms=12.718 status=OK
[FPGA][MATMUL] tensor=blk.25.ffn_gate.weight layer=25 pos=0 phase=decode M=1 K=1152 N=6912 rows=256 col_beats=32 vpu_runs=81 io_ms=13.061 ip_ms=8.565 total_ms=92.610 status=OK
[FPGA][MATMUL] tensor=blk.25.ffn_up.weight layer=25 pos=0 phase=decode M=1 K=1152 N=6912 rows=256 col_beats=32 vpu_runs=81 io_ms=13.099 ip_ms=8.560 total_ms=92.521 status=OK
[FPGA][MATMUL] tensor=blk.25.ffn_down.weight layer=25 pos=0 phase=decode M=1 K=6912 N=1152 rows=256 col_beats=32 vpu_runs=70 io_ms=11.246 ip_ms=7.772 total_ms=83.727 status=OK
[FPGA][MATMUL] tensor=token_embd.weight layer=0 pos=0 phase=decode M=1 K=1152 N=262144 rows=256 col_beats=32 vpu_runs=3072 io_ms=495.907 ip_ms=325.032 total_ms=3508.833 status=OK
[FPGA][MATMUL] tensor=blk.0.attn_q.weight layer=0 pos=0 phase=decode M=1 K=1152 N=1024 rows=256 col_beats=32 vpu_runs=12 io_ms=1.947 ip_ms=1.269 total_ms=13.755 status=OK
[FPGA][MATMUL] tensor=blk.0.attn_k.weight layer=0 pos=0 phase=decode M=1 K=1152 N=256 rows=256 col_beats=32 vpu_runs=3 io_ms=0.487 ip_ms=0.317 total_ms=3.441 status=OK
[FPGA][MATMUL] tensor=blk.0.attn_v.weight layer=0 pos=0 phase=decode M=1 K=1152 N=256 rows=256 col_beats=32 vpu_runs=3 io_ms=0.485 ip_ms=0.317 total_ms=3.448 status=OK
[FPGA][MATMUL] tensor=blk.0.attn_output.weight layer=0 pos=0 phase=decode M=1 K=1024 N=1152 rows=256 col_beats=32 vpu_runs=10 io_ms=1.631 ip_ms=1.135 total_ms=12.787 status=OK
[FPGA][MATMUL] tensor=blk.0.ffn_gate.weight layer=0 pos=0 phase=decode M=1 K=1152 N=6912 rows=256 col_beats=32 vpu_runs=81 io_ms=13.068 ip_ms=8.573 total_ms=92.340 status=OK
[FPGA][MATMUL] tensor=blk.0.ffn_up.weight layer=0 pos=0 phase=decode M=1 K=1152 N=6912 rows=256 col_beats=32 vpu_runs=81 io_ms=13.068 ip_ms=8.570 total_ms=92.603 status=OK
[FPGA][MATMUL] tensor=blk.0.ffn_down.weight layer=0 pos=0 phase=decode M=1 K=6912 N=1152 rows=256 col_beats=32 vpu_runs=70 io_ms=11.262 ip_ms=7.763 total_ms=83.828 status=OK
[FPGA][MATMUL] tensor=blk.1.attn_q.weight layer=1 pos=0 phase=decode M=1 K=1152 N=1024 rows=256 col_beats=32 vpu_runs=12 io_ms=1.937 ip_ms=1.275 total_ms=13.721 status=OK
[FPGA][MATMUL] tensor=blk.1.attn_k.weight layer=1 pos=0 phase=decode M=1 K=1152 N=256 rows=256 col_beats=32 vpu_runs=3 io_ms=0.490 ip_ms=0.317 total_ms=3.482 status=OK
[FPGA][MATMUL] tensor=blk.1.attn_v.weight layer=1 pos=0 phase=decode M=1 K=1152 N=256 rows=256 col_beats=32 vpu_runs=3 io_ms=0.486 ip_ms=0.317 total_ms=3.418 status=OK
[FPGA][MATMUL] tensor=blk.1.attn_output.weight layer=1 pos=0 phase=decode M=1 K=1024 N=1152 rows=256 col_beats=32 vpu_runs=10 io_ms=1.621 ip_ms=1.140 total_ms=12.757 status=OK
[FPGA][MATMUL] tensor=blk.1.ffn_gate.weight layer=1 pos=0 phase=decode M=1 K=1152 N=6912 rows=256 col_beats=32 vpu_runs=81 io_ms=13.080 ip_ms=8.559 total_ms=92.433 status=OK
[FPGA][MATMUL] tensor=blk.1.ffn_up.weight layer=1 pos=0 phase=decode M=1 K=1152 N=6912 rows=256 col_beats=32 vpu_runs=81 io_ms=13.093 ip_ms=8.596 total_ms=92.545 status=OK
[FPGA][MATMUL] tensor=blk.1.ffn_down.weight layer=1 pos=0 phase=decode M=1 K=6912 N=1152 rows=256 col_beats=32 vpu_runs=70 io_ms=11.241 ip_ms=7.765 total_ms=83.327 status=OK
[FPGA][MATMUL] tensor=blk.2.attn_q.weight layer=2 pos=0 phase=decode M=1 K=1152 N=1024 rows=256 col_beats=32 vpu_runs=12 io_ms=1.936 ip_ms=1.270 total_ms=13.734 status=OK
[FPGA][MATMUL] tensor=blk.2.attn_k.weight layer=2 pos=0 phase=decode M=1 K=1152 N=256 rows=256 col_beats=32 vpu_runs=3 io_ms=0.486 ip_ms=0.317 total_ms=3.426 status=OK
[FPGA][MATMUL] tensor=blk.2.attn_v.weight layer=2 pos=0 phase=decode M=1 K=1152 N=256 rows=256 col_beats=32 vpu_runs=3 io_ms=0.486 ip_ms=0.317 total_ms=3.457 status=OK
[FPGA][MATMUL] tensor=blk.2.attn_output.weight layer=2 pos=0 phase=decode M=1 K=1024 N=1152 rows=256 col_beats=32 vpu_runs=10 io_ms=1.627 ip_ms=1.136 total_ms=12.872 status=OK
[FPGA][MATMUL] tensor=blk.2.ffn_gate.weight layer=2 pos=0 phase=decode M=1 K=1152 N=6912 rows=256 col_beats=32 vpu_runs=81 io_ms=13.228 ip_ms=8.564 total_ms=92.761 status=OK
[FPGA][MATMUL] tensor=blk.2.ffn_up.weight layer=2 pos=0 phase=decode M=1 K=1152 N=6912 rows=256 col_beats=32 vpu_runs=81 io_ms=13.067 ip_ms=8.561 total_ms=92.703 status=OK
[FPGA][MATMUL] tensor=blk.2.ffn_down.weight layer=2 pos=0 phase=decode M=1 K=6912 N=1152 rows=256 col_beats=32 vpu_runs=70 io_ms=11.248 ip_ms=7.766 total_ms=83.587 status=OK
[FPGA][MATMUL] tensor=blk.3.attn_q.weight layer=3 pos=0 phase=decode M=1 K=1152 N=1024 rows=256 col_beats=32 vpu_runs=12 io_ms=1.945 ip_ms=1.268 total_ms=13.797 status=OK
[FPGA][MATMUL] tensor=blk.3.attn_k.weight layer=3 pos=0 phase=decode M=1 K=1152 N=256 rows=256 col_beats=32 vpu_runs=3 io_ms=0.483 ip_ms=0.317 total_ms=3.433 status=OK
[FPGA][MATMUL] tensor=blk.3.attn_v.weight layer=3 pos=0 phase=decode M=1 K=1152 N=256 rows=256 col_beats=32 vpu_runs=3 io_ms=0.484 ip_ms=0.317 total_ms=3.424 status=OK
[FPGA][MATMUL] tensor=blk.3.attn_output.weight layer=3 pos=0 phase=decode M=1 K=1024 N=1152 rows=256 col_beats=32 vpu_runs=10 io_ms=1.628 ip_ms=1.137 total_ms=12.758 status=OK
[FPGA][MATMUL] tensor=blk.3.ffn_gate.weight layer=3 pos=0 phase=decode M=1 K=1152 N=6912 rows=256 col_beats=32 vpu_runs=81 io_ms=13.063 ip_ms=8.565 total_ms=92.908 status=OK
[FPGA][MATMUL] tensor=blk.3.ffn_up.weight layer=3 pos=0 phase=decode M=1 K=1152 N=6912 rows=256 col_beats=32 vpu_runs=81 io_ms=13.073 ip_ms=8.564 total_ms=92.718 status=OK
[FPGA][MATMUL] tensor=blk.3.ffn_down.weight layer=3 pos=0 phase=decode M=1 K=6912 N=1152 rows=256 col_beats=32 vpu_runs=70 io_ms=11.240 ip_ms=7.771 total_ms=83.648 status=OK
[FPGA][MATMUL] tensor=blk.4.attn_q.weight layer=4 pos=0 phase=decode M=1 K=1152 N=1024 rows=256 col_beats=32 vpu_runs=12 io_ms=1.935 ip_ms=1.271 total_ms=13.712 status=OK
[FPGA][MATMUL] tensor=blk.4.attn_k.weight layer=4 pos=0 phase=decode M=1 K=1152 N=256 rows=256 col_beats=32 vpu_runs=3 io_ms=0.486 ip_ms=0.317 total_ms=3.454 status=OK
[FPGA][MATMUL] tensor=blk.4.attn_v.weight layer=4 pos=0 phase=decode M=1 K=1152 N=256 rows=256 col_beats=32 vpu_runs=3 io_ms=0.485 ip_ms=0.317 total_ms=3.421 status=OK
[FPGA][MATMUL] tensor=blk.4.attn_output.weight layer=4 pos=0 phase=decode M=1 K=1024 N=1152 rows=256 col_beats=32 vpu_runs=10 io_ms=1.625 ip_ms=1.137 total_ms=12.761 status=OK
[FPGA][MATMUL] tensor=blk.4.ffn_gate.weight layer=4 pos=0 phase=decode M=1 K=1152 N=6912 rows=256 col_beats=32 vpu_runs=81 io_ms=13.074 ip_ms=8.563 total_ms=92.375 status=OK
[FPGA][MATMUL] tensor=blk.4.ffn_up.weight layer=4 pos=0 phase=decode M=1 K=1152 N=6912 rows=256 col_beats=32 vpu_runs=81 io_ms=13.070 ip_ms=8.566 total_ms=92.470 status=OK
[FPGA][MATMUL] tensor=blk.4.ffn_down.weight layer=4 pos=0 phase=decode M=1 K=6912 N=1152 rows=256 col_beats=32 vpu_runs=70 io_ms=11.250 ip_ms=7.769 total_ms=83.913 status=OK
[FPGA][MATMUL] tensor=blk.5.attn_q.weight layer=5 pos=0 phase=decode M=1 K=1152 N=1024 rows=256 col_beats=32 vpu_runs=12 io_ms=1.940 ip_ms=1.269 total_ms=13.792 status=OK
[FPGA][MATMUL] tensor=blk.5.attn_k.weight layer=5 pos=0 phase=decode M=1 K=1152 N=256 rows=256 col_beats=32 vpu_runs=3 io_ms=0.485 ip_ms=0.319 total_ms=3.454 status=OK
[FPGA][MATMUL] tensor=blk.5.attn_v.weight layer=5 pos=0 phase=decode M=1 K=1152 N=256 rows=256 col_beats=32 vpu_runs=3 io_ms=0.485 ip_ms=0.317 total_ms=3.464 status=OK
[FPGA][MATMUL] tensor=blk.5.attn_output.weight layer=5 pos=0 phase=decode M=1 K=1024 N=1152 rows=256 col_beats=32 vpu_runs=10 io_ms=1.626 ip_ms=1.141 total_ms=12.746 status=OK
[FPGA][MATMUL] tensor=blk.5.ffn_gate.weight layer=5 pos=0 phase=decode M=1 K=1152 N=6912 rows=256 col_beats=32 vpu_runs=81 io_ms=13.060 ip_ms=8.566 total_ms=92.626 status=OK
[FPGA][MATMUL] tensor=blk.5.ffn_up.weight layer=5 pos=0 phase=decode M=1 K=1152 N=6912 rows=256 col_beats=32 vpu_runs=81 io_ms=13.218 ip_ms=8.564 total_ms=92.617 status=OK
[FPGA][MATMUL] tensor=blk.5.ffn_down.weight layer=5 pos=0 phase=decode M=1 K=6912 N=1152 rows=256 col_beats=32 vpu_runs=70 io_ms=11.243 ip_ms=7.765 total_ms=83.298 status=OK
[FPGA][MATMUL] tensor=blk.6.attn_q.weight layer=6 pos=0 phase=decode M=1 K=1152 N=1024 rows=256 col_beats=32 vpu_runs=12 io_ms=1.939 ip_ms=1.268 total_ms=13.712 status=OK
[FPGA][MATMUL] tensor=blk.6.attn_k.weight layer=6 pos=0 phase=decode M=1 K=1152 N=256 rows=256 col_beats=32 vpu_runs=3 io_ms=0.484 ip_ms=0.318 total_ms=3.451 status=OK
[FPGA][MATMUL] tensor=blk.6.attn_v.weight layer=6 pos=0 phase=decode M=1 K=1152 N=256 rows=256 col_beats=32 vpu_runs=3 io_ms=0.486 ip_ms=0.317 total_ms=3.441 status=OK
[FPGA][MATMUL] tensor=blk.6.attn_output.weight layer=6 pos=0 phase=decode M=1 K=1024 N=1152 rows=256 col_beats=32 vpu_runs=10 io_ms=1.630 ip_ms=1.134 total_ms=12.756 status=OK
[FPGA][MATMUL] tensor=blk.6.ffn_gate.weight layer=6 pos=0 phase=decode M=1 K=1152 N=6912 rows=256 col_beats=32 vpu_runs=81 io_ms=13.062 ip_ms=8.563 total_ms=92.540 status=OK
[FPGA][MATMUL] tensor=blk.6.ffn_up.weight layer=6 pos=0 phase=decode M=1 K=1152 N=6912 rows=256 col_beats=32 vpu_runs=81 io_ms=13.079 ip_ms=8.567 total_ms=92.747 status=OK
[FPGA][MATMUL] tensor=blk.6.ffn_down.weight layer=6 pos=0 phase=decode M=1 K=6912 N=1152 rows=256 col_beats=32 vpu_runs=70 io_ms=11.252 ip_ms=7.775 total_ms=83.372 status=OK
[FPGA][MATMUL] tensor=blk.7.attn_q.weight layer=7 pos=0 phase=decode M=1 K=1152 N=1024 rows=256 col_beats=32 vpu_runs=12 io_ms=1.935 ip_ms=1.269 total_ms=13.687 status=OK
[FPGA][MATMUL] tensor=blk.7.attn_k.weight layer=7 pos=0 phase=decode M=1 K=1152 N=256 rows=256 col_beats=32 vpu_runs=3 io_ms=0.490 ip_ms=0.317 total_ms=3.477 status=OK
[FPGA][MATMUL] tensor=blk.7.attn_v.weight layer=7 pos=0 phase=decode M=1 K=1152 N=256 rows=256 col_beats=32 vpu_runs=3 io_ms=0.485 ip_ms=0.317 total_ms=3.427 status=OK
[FPGA][MATMUL] tensor=blk.7.attn_output.weight layer=7 pos=0 phase=decode M=1 K=1024 N=1152 rows=256 col_beats=32 vpu_runs=10 io_ms=1.625 ip_ms=1.136 total_ms=12.664 status=OK
[FPGA][MATMUL] tensor=blk.7.ffn_gate.weight layer=7 pos=0 phase=decode M=1 K=1152 N=6912 rows=256 col_beats=32 vpu_runs=81 io_ms=13.083 ip_ms=8.562 total_ms=92.819 status=OK
[FPGA][MATMUL] tensor=blk.7.ffn_up.weight layer=7 pos=0 phase=decode M=1 K=1152 N=6912 rows=256 col_beats=32 vpu_runs=81 io_ms=13.097 ip_ms=8.562 total_ms=92.681 status=OK
[FPGA][MATMUL] tensor=blk.7.ffn_down.weight layer=7 pos=0 phase=decode M=1 K=6912 N=1152 rows=256 col_beats=32 vpu_runs=70 io_ms=11.244 ip_ms=7.772 total_ms=83.646 status=OK
[FPGA][MATMUL] tensor=blk.8.attn_q.weight layer=8 pos=0 phase=decode M=1 K=1152 N=1024 rows=256 col_beats=32 vpu_runs=12 io_ms=1.935 ip_ms=1.268 total_ms=13.720 status=OK
[FPGA][MATMUL] tensor=blk.8.attn_k.weight layer=8 pos=0 phase=decode M=1 K=1152 N=256 rows=256 col_beats=32 vpu_runs=3 io_ms=0.488 ip_ms=0.317 total_ms=3.452 status=OK
[FPGA][MATMUL] tensor=blk.8.attn_v.weight layer=8 pos=0 phase=decode M=1 K=1152 N=256 rows=256 col_beats=32 vpu_runs=3 io_ms=0.483 ip_ms=0.317 total_ms=3.456 status=OK
[FPGA][MATMUL] tensor=blk.8.attn_output.weight layer=8 pos=0 phase=decode M=1 K=1024 N=1152 rows=256 col_beats=32 vpu_runs=10 io_ms=1.624 ip_ms=1.136 total_ms=12.661 status=OK
[FPGA][MATMUL] tensor=blk.8.ffn_gate.weight layer=8 pos=0 phase=decode M=1 K=1152 N=6912 rows=256 col_beats=32 vpu_runs=81 io_ms=13.076 ip_ms=8.561 total_ms=92.539 status=OK
[FPGA][MATMUL] tensor=blk.8.ffn_up.weight layer=8 pos=0 phase=decode M=1 K=1152 N=6912 rows=256 col_beats=32 vpu_runs=81 io_ms=13.088 ip_ms=8.560 total_ms=92.907 status=OK
[FPGA][MATMUL] tensor=blk.8.ffn_down.weight layer=8 pos=0 phase=decode M=1 K=6912 N=1152 rows=256 col_beats=32 vpu_runs=70 io_ms=11.243 ip_ms=7.770 total_ms=84.000 status=OK
[FPGA][MATMUL] tensor=blk.9.attn_q.weight layer=9 pos=0 phase=decode M=1 K=1152 N=1024 rows=256 col_beats=32 vpu_runs=12 io_ms=1.938 ip_ms=1.269 total_ms=13.736 status=OK
[FPGA][MATMUL] tensor=blk.9.attn_k.weight layer=9 pos=0 phase=decode M=1 K=1152 N=256 rows=256 col_beats=32 vpu_runs=3 io_ms=0.487 ip_ms=0.317 total_ms=3.455 status=OK
[FPGA][MATMUL] tensor=blk.9.attn_v.weight layer=9 pos=0 phase=decode M=1 K=1152 N=256 rows=256 col_beats=32 vpu_runs=3 io_ms=0.485 ip_ms=0.317 total_ms=3.443 status=OK
[FPGA][MATMUL] tensor=blk.9.attn_output.weight layer=9 pos=0 phase=decode M=1 K=1024 N=1152 rows=256 col_beats=32 vpu_runs=10 io_ms=1.628 ip_ms=1.138 total_ms=12.749 status=OK
[FPGA][MATMUL] tensor=blk.9.ffn_gate.weight layer=9 pos=0 phase=decode M=1 K=1152 N=6912 rows=256 col_beats=32 vpu_runs=81 io_ms=13.078 ip_ms=8.563 total_ms=92.365 status=OK
[FPGA][MATMUL] tensor=blk.9.ffn_up.weight layer=9 pos=0 phase=decode M=1 K=1152 N=6912 rows=256 col_beats=32 vpu_runs=81 io_ms=13.112 ip_ms=8.570 total_ms=92.464 status=OK
[FPGA][MATMUL] tensor=blk.9.ffn_down.weight layer=9 pos=0 phase=decode M=1 K=6912 N=1152 rows=256 col_beats=32 vpu_runs=70 io_ms=11.250 ip_ms=7.762 total_ms=83.701 status=OK
[FPGA][MATMUL] tensor=blk.10.attn_q.weight layer=10 pos=0 phase=decode M=1 K=1152 N=1024 rows=256 col_beats=32 vpu_runs=12 io_ms=1.943 ip_ms=1.269 total_ms=13.809 status=OK
[FPGA][MATMUL] tensor=blk.10.attn_k.weight layer=10 pos=0 phase=decode M=1 K=1152 N=256 rows=256 col_beats=32 vpu_runs=3 io_ms=0.486 ip_ms=0.316 total_ms=3.476 status=OK
[FPGA][MATMUL] tensor=blk.10.attn_v.weight layer=10 pos=0 phase=decode M=1 K=1152 N=256 rows=256 col_beats=32 vpu_runs=3 io_ms=0.484 ip_ms=0.318 total_ms=3.434 status=OK
[FPGA][MATMUL] tensor=blk.10.attn_output.weight layer=10 pos=0 phase=decode M=1 K=1024 N=1152 rows=256 col_beats=32 vpu_runs=10 io_ms=1.626 ip_ms=1.136 total_ms=12.761 status=OK
[FPGA][MATMUL] tensor=blk.10.ffn_gate.weight layer=10 pos=0 phase=decode M=1 K=1152 N=6912 rows=256 col_beats=32 vpu_runs=81 io_ms=13.069 ip_ms=8.563 total_ms=92.353 status=OK
[FPGA][MATMUL] tensor=blk.10.ffn_up.weight layer=10 pos=0 phase=decode M=1 K=1152 N=6912 rows=256 col_beats=32 vpu_runs=81 io_ms=13.066 ip_ms=8.562 total_ms=92.388 status=OK
[FPGA][MATMUL] tensor=blk.10.ffn_down.weight layer=10 pos=0 phase=decode M=1 K=6912 N=1152 rows=256 col_beats=32 vpu_runs=70 io_ms=11.240 ip_ms=7.777 total_ms=83.962 status=OK
[FPGA][MATMUL] tensor=blk.11.attn_q.weight layer=11 pos=0 phase=decode M=1 K=1152 N=1024 rows=256 col_beats=32 vpu_runs=12 io_ms=1.938 ip_ms=1.268 total_ms=13.796 status=OK
[FPGA][MATMUL] tensor=blk.11.attn_k.weight layer=11 pos=0 phase=decode M=1 K=1152 N=256 rows=256 col_beats=32 vpu_runs=3 io_ms=0.489 ip_ms=0.317 total_ms=3.452 status=OK
[FPGA][MATMUL] tensor=blk.11.attn_v.weight layer=11 pos=0 phase=decode M=1 K=1152 N=256 rows=256 col_beats=32 vpu_runs=3 io_ms=0.486 ip_ms=0.317 total_ms=3.473 status=OK
[FPGA][MATMUL] tensor=blk.11.attn_output.weight layer=11 pos=0 phase=decode M=1 K=1024 N=1152 rows=256 col_beats=32 vpu_runs=10 io_ms=1.629 ip_ms=1.137 total_ms=12.947 status=OK
[FPGA][MATMUL] tensor=blk.11.ffn_gate.weight layer=11 pos=0 phase=decode M=1 K=1152 N=6912 rows=256 col_beats=32 vpu_runs=81 io_ms=13.079 ip_ms=8.565 total_ms=92.405 status=OK
[FPGA][MATMUL] tensor=blk.11.ffn_up.weight layer=11 pos=0 phase=decode M=1 K=1152 N=6912 rows=256 col_beats=32 vpu_runs=81 io_ms=13.070 ip_ms=8.566 total_ms=92.399 status=OK
[FPGA][MATMUL] tensor=blk.11.ffn_down.weight layer=11 pos=0 phase=decode M=1 K=6912 N=1152 rows=256 col_beats=32 vpu_runs=70 io_ms=11.242 ip_ms=7.775 total_ms=83.484 status=OK
[FPGA][MATMUL] tensor=blk.12.attn_q.weight layer=12 pos=0 phase=decode M=1 K=1152 N=1024 rows=256 col_beats=32 vpu_runs=12 io_ms=1.937 ip_ms=1.268 total_ms=13.715 status=OK
[FPGA][MATMUL] tensor=blk.12.attn_k.weight layer=12 pos=0 phase=decode M=1 K=1152 N=256 rows=256 col_beats=32 vpu_runs=3 io_ms=0.487 ip_ms=0.317 total_ms=3.480 status=OK
[FPGA][MATMUL] tensor=blk.12.attn_v.weight layer=12 pos=0 phase=decode M=1 K=1152 N=256 rows=256 col_beats=32 vpu_runs=3 io_ms=0.484 ip_ms=0.317 total_ms=3.433 status=OK
[FPGA][MATMUL] tensor=blk.12.attn_output.weight layer=12 pos=0 phase=decode M=1 K=1024 N=1152 rows=256 col_beats=32 vpu_runs=10 io_ms=1.629 ip_ms=1.135 total_ms=12.791 status=OK
[FPGA][MATMUL] tensor=blk.12.ffn_gate.weight layer=12 pos=0 phase=decode M=1 K=1152 N=6912 rows=256 col_beats=32 vpu_runs=81 io_ms=13.096 ip_ms=8.562 total_ms=92.786 status=OK
[FPGA][MATMUL] tensor=blk.12.ffn_up.weight layer=12 pos=0 phase=decode M=1 K=1152 N=6912 rows=256 col_beats=32 vpu_runs=81 io_ms=13.066 ip_ms=8.566 total_ms=92.447 status=OK
[FPGA][MATMUL] tensor=blk.12.ffn_down.weight layer=12 pos=0 phase=decode M=1 K=6912 N=1152 rows=256 col_beats=32 vpu_runs=70 io_ms=11.247 ip_ms=7.770 total_ms=83.542 status=OK
[FPGA][MATMUL] tensor=blk.13.attn_q.weight layer=13 pos=0 phase=decode M=1 K=1152 N=1024 rows=256 col_beats=32 vpu_runs=12 io_ms=1.938 ip_ms=1.267 total_ms=13.769 status=OK
[FPGA][MATMUL] tensor=blk.13.attn_k.weight layer=13 pos=0 phase=decode M=1 K=1152 N=256 rows=256 col_beats=32 vpu_runs=3 io_ms=0.486 ip_ms=0.317 total_ms=3.456 status=OK
[FPGA][MATMUL] tensor=blk.13.attn_v.weight layer=13 pos=0 phase=decode M=1 K=1152 N=256 rows=256 col_beats=32 vpu_runs=3 io_ms=0.483 ip_ms=0.317 total_ms=3.455 status=OK
[FPGA][MATMUL] tensor=blk.13.attn_output.weight layer=13 pos=0 phase=decode M=1 K=1024 N=1152 rows=256 col_beats=32 vpu_runs=10 io_ms=1.628 ip_ms=1.137 total_ms=12.725 status=OK
[FPGA][MATMUL] tensor=blk.13.ffn_gate.weight layer=13 pos=0 phase=decode M=1 K=1152 N=6912 rows=256 col_beats=32 vpu_runs=81 io_ms=13.085 ip_ms=8.578 total_ms=92.651 status=OK
[FPGA][MATMUL] tensor=blk.13.ffn_up.weight layer=13 pos=0 phase=decode M=1 K=1152 N=6912 rows=256 col_beats=32 vpu_runs=81 io_ms=13.076 ip_ms=8.561 total_ms=92.498 status=OK
[FPGA][MATMUL] tensor=blk.13.ffn_down.weight layer=13 pos=0 phase=decode M=1 K=6912 N=1152 rows=256 col_beats=32 vpu_runs=70 io_ms=11.244 ip_ms=7.772 total_ms=83.361 status=OK
[FPGA][MATMUL] tensor=blk.14.attn_q.weight layer=14 pos=0 phase=decode M=1 K=1152 N=1024 rows=256 col_beats=32 vpu_runs=12 io_ms=1.938 ip_ms=1.267 total_ms=13.713 status=OK
[FPGA][MATMUL] tensor=blk.14.attn_k.weight layer=14 pos=0 phase=decode M=1 K=1152 N=256 rows=256 col_beats=32 vpu_runs=3 io_ms=0.486 ip_ms=0.318 total_ms=3.436 status=OK
[FPGA][MATMUL] tensor=blk.14.attn_v.weight layer=14 pos=0 phase=decode M=1 K=1152 N=256 rows=256 col_beats=32 vpu_runs=3 io_ms=0.485 ip_ms=0.318 total_ms=3.446 status=OK
[FPGA][MATMUL] tensor=blk.14.attn_output.weight layer=14 pos=0 phase=decode M=1 K=1024 N=1152 rows=256 col_beats=32 vpu_runs=10 io_ms=1.627 ip_ms=1.137 total_ms=12.767 status=OK
[FPGA][MATMUL] tensor=blk.14.ffn_gate.weight layer=14 pos=0 phase=decode M=1 K=1152 N=6912 rows=256 col_beats=32 vpu_runs=81 io_ms=13.075 ip_ms=8.567 total_ms=92.369 status=OK
[FPGA][MATMUL] tensor=blk.14.ffn_up.weight layer=14 pos=0 phase=decode M=1 K=1152 N=6912 rows=256 col_beats=32 vpu_runs=81 io_ms=13.088 ip_ms=8.567 total_ms=92.403 status=OK
[FPGA][MATMUL] tensor=blk.14.ffn_down.weight layer=14 pos=0 phase=decode M=1 K=6912 N=1152 rows=256 col_beats=32 vpu_runs=70 io_ms=11.238 ip_ms=7.776 total_ms=83.419 status=OK
[FPGA][MATMUL] tensor=blk.15.attn_q.weight layer=15 pos=0 phase=decode M=1 K=1152 N=1024 rows=256 col_beats=32 vpu_runs=12 io_ms=1.939 ip_ms=1.268 total_ms=13.730 status=OK
[FPGA][MATMUL] tensor=blk.15.attn_k.weight layer=15 pos=0 phase=decode M=1 K=1152 N=256 rows=256 col_beats=32 vpu_runs=3 io_ms=0.488 ip_ms=0.317 total_ms=3.473 status=OK
[FPGA][MATMUL] tensor=blk.15.attn_v.weight layer=15 pos=0 phase=decode M=1 K=1152 N=256 rows=256 col_beats=32 vpu_runs=3 io_ms=0.484 ip_ms=0.316 total_ms=3.438 status=OK
[FPGA][MATMUL] tensor=blk.15.attn_output.weight layer=15 pos=0 phase=decode M=1 K=1024 N=1152 rows=256 col_beats=32 vpu_runs=10 io_ms=1.628 ip_ms=1.135 total_ms=12.741 status=OK
[FPGA][MATMUL] tensor=blk.15.ffn_gate.weight layer=15 pos=0 phase=decode M=1 K=1152 N=6912 rows=256 col_beats=32 vpu_runs=81 io_ms=13.069 ip_ms=8.570 total_ms=92.469 status=OK
[FPGA][MATMUL] tensor=blk.15.ffn_up.weight layer=15 pos=0 phase=decode M=1 K=1152 N=6912 rows=256 col_beats=32 vpu_runs=81 io_ms=13.149 ip_ms=8.564 total_ms=92.536 status=OK
[FPGA][MATMUL] tensor=blk.15.ffn_down.weight layer=15 pos=0 phase=decode M=1 K=6912 N=1152 rows=256 col_beats=32 vpu_runs=70 io_ms=11.243 ip_ms=7.775 total_ms=83.274 status=OK
[FPGA][MATMUL] tensor=blk.16.attn_q.weight layer=16 pos=0 phase=decode M=1 K=1152 N=1024 rows=256 col_beats=32 vpu_runs=12 io_ms=1.957 ip_ms=1.269 total_ms=13.820 status=OK
[FPGA][MATMUL] tensor=blk.16.attn_k.weight layer=16 pos=0 phase=decode M=1 K=1152 N=256 rows=256 col_beats=32 vpu_runs=3 io_ms=0.487 ip_ms=0.318 total_ms=3.447 status=OK
[FPGA][MATMUL] tensor=blk.16.attn_v.weight layer=16 pos=0 phase=decode M=1 K=1152 N=256 rows=256 col_beats=32 vpu_runs=3 io_ms=0.484 ip_ms=0.317 total_ms=3.426 status=OK
[FPGA][MATMUL] tensor=blk.16.attn_output.weight layer=16 pos=0 phase=decode M=1 K=1024 N=1152 rows=256 col_beats=32 vpu_runs=10 io_ms=1.624 ip_ms=1.137 total_ms=12.799 status=OK
[FPGA][MATMUL] tensor=blk.16.ffn_gate.weight layer=16 pos=0 phase=decode M=1 K=1152 N=6912 rows=256 col_beats=32 vpu_runs=81 io_ms=13.075 ip_ms=8.568 total_ms=92.477 status=OK
[FPGA][MATMUL] tensor=blk.16.ffn_up.weight layer=16 pos=0 phase=decode M=1 K=1152 N=6912 rows=256 col_beats=32 vpu_runs=81 io_ms=13.068 ip_ms=8.567 total_ms=92.519 status=OK
[FPGA][MATMUL] tensor=blk.16.ffn_down.weight layer=16 pos=0 phase=decode M=1 K=6912 N=1152 rows=256 col_beats=32 vpu_runs=70 io_ms=11.242 ip_ms=7.771 total_ms=83.757 status=OK
[FPGA][MATMUL] tensor=blk.17.attn_q.weight layer=17 pos=0 phase=decode M=1 K=1152 N=1024 rows=256 col_beats=32 vpu_runs=12 io_ms=1.939 ip_ms=1.269 total_ms=13.779 status=OK
[FPGA][MATMUL] tensor=blk.17.attn_k.weight layer=17 pos=0 phase=decode M=1 K=1152 N=256 rows=256 col_beats=32 vpu_runs=3 io_ms=0.486 ip_ms=0.317 total_ms=3.436 status=OK
[FPGA][MATMUL] tensor=blk.17.attn_v.weight layer=17 pos=0 phase=decode M=1 K=1152 N=256 rows=256 col_beats=32 vpu_runs=3 io_ms=0.485 ip_ms=0.317 total_ms=3.454 status=OK
[FPGA][MATMUL] tensor=blk.17.attn_output.weight layer=17 pos=0 phase=decode M=1 K=1024 N=1152 rows=256 col_beats=32 vpu_runs=10 io_ms=1.625 ip_ms=1.138 total_ms=12.759 status=OK
[FPGA][MATMUL] tensor=blk.17.ffn_gate.weight layer=17 pos=0 phase=decode M=1 K=1152 N=6912 rows=256 col_beats=32 vpu_runs=81 io_ms=13.054 ip_ms=8.563 total_ms=92.612 status=OK
[FPGA][MATMUL] tensor=blk.17.ffn_up.weight layer=17 pos=0 phase=decode M=1 K=1152 N=6912 rows=256 col_beats=32 vpu_runs=81 io_ms=13.062 ip_ms=8.579 total_ms=92.594 status=OK
[FPGA][MATMUL] tensor=blk.17.ffn_down.weight layer=17 pos=0 phase=decode M=1 K=6912 N=1152 rows=256 col_beats=32 vpu_runs=70 io_ms=11.235 ip_ms=7.769 total_ms=83.500 status=OK
[FPGA][MATMUL] tensor=blk.18.attn_q.weight layer=18 pos=0 phase=decode M=1 K=1152 N=1024 rows=256 col_beats=32 vpu_runs=12 io_ms=1.939 ip_ms=1.269 total_ms=13.763 status=OK
[FPGA][MATMUL] tensor=blk.18.attn_k.weight layer=18 pos=0 phase=decode M=1 K=1152 N=256 rows=256 col_beats=32 vpu_runs=3 io_ms=0.486 ip_ms=0.316 total_ms=3.446 status=OK
[FPGA][MATMUL] tensor=blk.18.attn_v.weight layer=18 pos=0 phase=decode M=1 K=1152 N=256 rows=256 col_beats=32 vpu_runs=3 io_ms=0.485 ip_ms=0.317 total_ms=3.422 status=OK
[FPGA][MATMUL] tensor=blk.18.attn_output.weight layer=18 pos=0 phase=decode M=1 K=1024 N=1152 rows=256 col_beats=32 vpu_runs=10 io_ms=1.628 ip_ms=1.136 total_ms=12.747 status=OK
[FPGA][MATMUL] tensor=blk.18.ffn_gate.weight layer=18 pos=0 phase=decode M=1 K=1152 N=6912 rows=256 col_beats=32 vpu_runs=81 io_ms=13.072 ip_ms=8.566 total_ms=92.790 status=OK
[FPGA][MATMUL] tensor=blk.18.ffn_up.weight layer=18 pos=0 phase=decode M=1 K=1152 N=6912 rows=256 col_beats=32 vpu_runs=81 io_ms=13.115 ip_ms=8.562 total_ms=92.683 status=OK
[FPGA][MATMUL] tensor=blk.18.ffn_down.weight layer=18 pos=0 phase=decode M=1 K=6912 N=1152 rows=256 col_beats=32 vpu_runs=70 io_ms=11.239 ip_ms=7.915 total_ms=83.768 status=OK
[FPGA][MATMUL] tensor=blk.19.attn_q.weight layer=19 pos=0 phase=decode M=1 K=1152 N=1024 rows=256 col_beats=32 vpu_runs=12 io_ms=1.931 ip_ms=1.267 total_ms=13.699 status=OK
[FPGA][MATMUL] tensor=blk.19.attn_k.weight layer=19 pos=0 phase=decode M=1 K=1152 N=256 rows=256 col_beats=32 vpu_runs=3 io_ms=0.485 ip_ms=0.317 total_ms=3.447 status=OK
[FPGA][MATMUL] tensor=blk.19.attn_v.weight layer=19 pos=0 phase=decode M=1 K=1152 N=256 rows=256 col_beats=32 vpu_runs=3 io_ms=0.486 ip_ms=0.316 total_ms=3.431 status=OK
[FPGA][MATMUL] tensor=blk.19.attn_output.weight layer=19 pos=0 phase=decode M=1 K=1024 N=1152 rows=256 col_beats=32 vpu_runs=10 io_ms=1.625 ip_ms=1.136 total_ms=12.726 status=OK
[FPGA][MATMUL] tensor=blk.19.ffn_gate.weight layer=19 pos=0 phase=decode M=1 K=1152 N=6912 rows=256 col_beats=32 vpu_runs=81 io_ms=13.073 ip_ms=8.568 total_ms=92.515 status=OK
[FPGA][MATMUL] tensor=blk.19.ffn_up.weight layer=19 pos=0 phase=decode M=1 K=1152 N=6912 rows=256 col_beats=32 vpu_runs=81 io_ms=13.074 ip_ms=8.559 total_ms=92.356 status=OK
[FPGA][MATMUL] tensor=blk.19.ffn_down.weight layer=19 pos=0 phase=decode M=1 K=6912 N=1152 rows=256 col_beats=32 vpu_runs=70 io_ms=11.241 ip_ms=7.770 total_ms=83.844 status=OK
[FPGA][MATMUL] tensor=blk.20.attn_q.weight layer=20 pos=0 phase=decode M=1 K=1152 N=1024 rows=256 col_beats=32 vpu_runs=12 io_ms=1.937 ip_ms=1.268 total_ms=13.711 status=OK
[FPGA][MATMUL] tensor=blk.20.attn_k.weight layer=20 pos=0 phase=decode M=1 K=1152 N=256 rows=256 col_beats=32 vpu_runs=3 io_ms=0.490 ip_ms=0.317 total_ms=3.483 status=OK
[FPGA][MATMUL] tensor=blk.20.attn_v.weight layer=20 pos=0 phase=decode M=1 K=1152 N=256 rows=256 col_beats=32 vpu_runs=3 io_ms=0.485 ip_ms=0.317 total_ms=3.436 status=OK
[FPGA][MATMUL] tensor=blk.20.attn_output.weight layer=20 pos=0 phase=decode M=1 K=1024 N=1152 rows=256 col_beats=32 vpu_runs=10 io_ms=1.626 ip_ms=1.135 total_ms=12.690 status=OK
[FPGA][MATMUL] tensor=blk.20.ffn_gate.weight layer=20 pos=0 phase=decode M=1 K=1152 N=6912 rows=256 col_beats=32 vpu_runs=81 io_ms=13.092 ip_ms=8.561 total_ms=92.462 status=OK
[FPGA][MATMUL] tensor=blk.20.ffn_up.weight layer=20 pos=0 phase=decode M=1 K=1152 N=6912 rows=256 col_beats=32 vpu_runs=81 io_ms=13.065 ip_ms=8.566 total_ms=92.484 status=OK
[FPGA][MATMUL] tensor=blk.20.ffn_down.weight layer=20 pos=0 phase=decode M=1 K=6912 N=1152 rows=256 col_beats=32 vpu_runs=70 io_ms=11.244 ip_ms=7.772 total_ms=83.297 status=OK
[FPGA][MATMUL] tensor=blk.21.attn_q.weight layer=21 pos=0 phase=decode M=1 K=1152 N=1024 rows=256 col_beats=32 vpu_runs=12 io_ms=1.951 ip_ms=1.270 total_ms=13.755 status=OK
[FPGA][MATMUL] tensor=blk.21.attn_k.weight layer=21 pos=0 phase=decode M=1 K=1152 N=256 rows=256 col_beats=32 vpu_runs=3 io_ms=0.483 ip_ms=0.318 total_ms=3.431 status=OK
[FPGA][MATMUL] tensor=blk.21.attn_v.weight layer=21 pos=0 phase=decode M=1 K=1152 N=256 rows=256 col_beats=32 vpu_runs=3 io_ms=0.486 ip_ms=0.317 total_ms=3.428 status=OK
[FPGA][MATMUL] tensor=blk.21.attn_output.weight layer=21 pos=0 phase=decode M=1 K=1024 N=1152 rows=256 col_beats=32 vpu_runs=10 io_ms=1.629 ip_ms=1.137 total_ms=12.742 status=OK
[FPGA][MATMUL] tensor=blk.21.ffn_gate.weight layer=21 pos=0 phase=decode M=1 K=1152 N=6912 rows=256 col_beats=32 vpu_runs=81 io_ms=13.090 ip_ms=8.569 total_ms=92.525 status=OK
[FPGA][MATMUL] tensor=blk.21.ffn_up.weight layer=21 pos=0 phase=decode M=1 K=1152 N=6912 rows=256 col_beats=32 vpu_runs=81 io_ms=13.067 ip_ms=8.560 total_ms=92.559 status=OK
[FPGA][MATMUL] tensor=blk.21.ffn_down.weight layer=21 pos=0 phase=decode M=1 K=6912 N=1152 rows=256 col_beats=32 vpu_runs=70 io_ms=11.268 ip_ms=7.767 total_ms=83.967 status=OK
[FPGA][MATMUL] tensor=blk.22.attn_q.weight layer=22 pos=0 phase=decode M=1 K=1152 N=1024 rows=256 col_beats=32 vpu_runs=12 io_ms=1.941 ip_ms=1.270 total_ms=13.801 status=OK
[FPGA][MATMUL] tensor=blk.22.attn_k.weight layer=22 pos=0 phase=decode M=1 K=1152 N=256 rows=256 col_beats=32 vpu_runs=3 io_ms=0.486 ip_ms=0.317 total_ms=3.468 status=OK
[FPGA][MATMUL] tensor=blk.22.attn_v.weight layer=22 pos=0 phase=decode M=1 K=1152 N=256 rows=256 col_beats=32 vpu_runs=3 io_ms=0.483 ip_ms=0.317 total_ms=3.436 status=OK
[FPGA][MATMUL] tensor=blk.22.attn_output.weight layer=22 pos=0 phase=decode M=1 K=1024 N=1152 rows=256 col_beats=32 vpu_runs=10 io_ms=1.624 ip_ms=1.137 total_ms=12.839 status=OK
[FPGA][MATMUL] tensor=blk.22.ffn_gate.weight layer=22 pos=0 phase=decode M=1 K=1152 N=6912 rows=256 col_beats=32 vpu_runs=81 io_ms=13.082 ip_ms=8.678 total_ms=92.490 status=OK
[FPGA][MATMUL] tensor=blk.22.ffn_up.weight layer=22 pos=0 phase=decode M=1 K=1152 N=6912 rows=256 col_beats=32 vpu_runs=81 io_ms=13.061 ip_ms=8.564 total_ms=92.480 status=OK
[FPGA][MATMUL] tensor=blk.22.ffn_down.weight layer=22 pos=0 phase=decode M=1 K=6912 N=1152 rows=256 col_beats=32 vpu_runs=70 io_ms=11.267 ip_ms=7.773 total_ms=83.637 status=OK
[FPGA][MATMUL] tensor=blk.23.attn_q.weight layer=23 pos=0 phase=decode M=1 K=1152 N=1024 rows=256 col_beats=32 vpu_runs=12 io_ms=1.950 ip_ms=1.269 total_ms=13.739 status=OK
[FPGA][MATMUL] tensor=blk.23.attn_k.weight layer=23 pos=0 phase=decode M=1 K=1152 N=256 rows=256 col_beats=32 vpu_runs=3 io_ms=0.486 ip_ms=0.318 total_ms=3.440 status=OK
[FPGA][MATMUL] tensor=blk.23.attn_v.weight layer=23 pos=0 phase=decode M=1 K=1152 N=256 rows=256 col_beats=32 vpu_runs=3 io_ms=0.483 ip_ms=0.317 total_ms=3.435 status=OK
[FPGA][MATMUL] tensor=blk.23.attn_output.weight layer=23 pos=0 phase=decode M=1 K=1024 N=1152 rows=256 col_beats=32 vpu_runs=10 io_ms=1.628 ip_ms=1.136 total_ms=12.773 status=OK
[FPGA][MATMUL] tensor=blk.23.ffn_gate.weight layer=23 pos=0 phase=decode M=1 K=1152 N=6912 rows=256 col_beats=32 vpu_runs=81 io_ms=13.098 ip_ms=8.560 total_ms=92.366 status=OK
[FPGA][MATMUL] tensor=blk.23.ffn_up.weight layer=23 pos=0 phase=decode M=1 K=1152 N=6912 rows=256 col_beats=32 vpu_runs=81 io_ms=13.067 ip_ms=8.560 total_ms=92.334 status=OK
[FPGA][MATMUL] tensor=blk.23.ffn_down.weight layer=23 pos=0 phase=decode M=1 K=6912 N=1152 rows=256 col_beats=32 vpu_runs=70 io_ms=11.252 ip_ms=7.769 total_ms=83.269 status=OK
[FPGA][MATMUL] tensor=blk.24.attn_q.weight layer=24 pos=0 phase=decode M=1 K=1152 N=1024 rows=256 col_beats=32 vpu_runs=12 io_ms=1.945 ip_ms=1.268 total_ms=13.689 status=OK
[FPGA][MATMUL] tensor=blk.24.attn_k.weight layer=24 pos=0 phase=decode M=1 K=1152 N=256 rows=256 col_beats=32 vpu_runs=3 io_ms=0.487 ip_ms=0.318 total_ms=3.442 status=OK
[FPGA][MATMUL] tensor=blk.24.attn_v.weight layer=24 pos=0 phase=decode M=1 K=1152 N=256 rows=256 col_beats=32 vpu_runs=3 io_ms=0.486 ip_ms=0.317 total_ms=3.432 status=OK
[FPGA][MATMUL] tensor=blk.24.attn_output.weight layer=24 pos=0 phase=decode M=1 K=1024 N=1152 rows=256 col_beats=32 vpu_runs=10 io_ms=1.626 ip_ms=1.136 total_ms=12.739 status=OK
[FPGA][MATMUL] tensor=blk.24.ffn_gate.weight layer=24 pos=0 phase=decode M=1 K=1152 N=6912 rows=256 col_beats=32 vpu_runs=81 io_ms=13.226 ip_ms=8.571 total_ms=92.515 status=OK
[FPGA][MATMUL] tensor=blk.24.ffn_up.weight layer=24 pos=0 phase=decode M=1 K=1152 N=6912 rows=256 col_beats=32 vpu_runs=81 io_ms=13.070 ip_ms=8.569 total_ms=92.664 status=OK
[FPGA][MATMUL] tensor=blk.24.ffn_down.weight layer=24 pos=0 phase=decode M=1 K=6912 N=1152 rows=256 col_beats=32 vpu_runs=70 io_ms=11.235 ip_ms=7.769 total_ms=83.742 status=OK
[FPGA][MATMUL] tensor=blk.25.attn_q.weight layer=25 pos=0 phase=decode M=1 K=1152 N=1024 rows=256 col_beats=32 vpu_runs=12 io_ms=1.939 ip_ms=1.270 total_ms=13.668 status=OK
[FPGA][MATMUL] tensor=blk.25.attn_k.weight layer=25 pos=0 phase=decode M=1 K=1152 N=256 rows=256 col_beats=32 vpu_runs=3 io_ms=0.488 ip_ms=0.317 total_ms=3.465 status=OK
[FPGA][MATMUL] tensor=blk.25.attn_v.weight layer=25 pos=0 phase=decode M=1 K=1152 N=256 rows=256 col_beats=32 vpu_runs=3 io_ms=0.486 ip_ms=0.317 total_ms=3.440 status=OK
[FPGA][MATMUL] tensor=blk.25.attn_output.weight layer=25 pos=0 phase=decode M=1 K=1024 N=1152 rows=256 col_beats=32 vpu_runs=10 io_ms=1.626 ip_ms=1.138 total_ms=12.739 status=OK
[FPGA][MATMUL] tensor=blk.25.ffn_gate.weight layer=25 pos=0 phase=decode M=1 K=1152 N=6912 rows=256 col_beats=32 vpu_runs=81 io_ms=13.077 ip_ms=8.567 total_ms=92.964 status=OK
[FPGA][MATMUL] tensor=blk.25.ffn_up.weight layer=25 pos=0 phase=decode M=1 K=1152 N=6912 rows=256 col_beats=32 vpu_runs=81 io_ms=13.066 ip_ms=8.565 total_ms=92.393 status=OK
[FPGA][MATMUL] tensor=blk.25.ffn_down.weight layer=25 pos=0 phase=decode M=1 K=6912 N=1152 rows=256 col_beats=32 vpu_runs=70 io_ms=11.376 ip_ms=7.774 total_ms=83.386 status=OK
[FPGA][MATMUL] tensor=token_embd.weight layer=0 pos=0 phase=decode M=1 K=1152 N=262144 rows=256 col_beats=32 vpu_runs=3072 io_ms=495.997 ip_ms=324.758 total_ms=3510.862 status=OK
[FPGA][MATMUL] tensor=blk.0.attn_q.weight layer=0 pos=0 phase=decode M=1 K=1152 N=1024 rows=256 col_beats=32 vpu_runs=12 io_ms=1.948 ip_ms=1.269 total_ms=13.727 status=OK
[FPGA][MATMUL] tensor=blk.0.attn_k.weight layer=0 pos=0 phase=decode M=1 K=1152 N=256 rows=256 col_beats=32 vpu_runs=3 io_ms=0.487 ip_ms=0.318 total_ms=3.451 status=OK
[FPGA][MATMUL] tensor=blk.0.attn_v.weight layer=0 pos=0 phase=decode M=1 K=1152 N=256 rows=256 col_beats=32 vpu_runs=3 io_ms=0.484 ip_ms=0.317 total_ms=3.441 status=OK
[FPGA][MATMUL] tensor=blk.0.attn_output.weight layer=0 pos=0 phase=decode M=1 K=1024 N=1152 rows=256 col_beats=32 vpu_runs=10 io_ms=1.628 ip_ms=1.136 total_ms=12.753 status=OK
[FPGA][MATMUL] tensor=blk.0.ffn_gate.weight layer=0 pos=0 phase=decode M=1 K=1152 N=6912 rows=256 col_beats=32 vpu_runs=81 io_ms=13.062 ip_ms=8.564 total_ms=92.753 status=OK
[FPGA][MATMUL] tensor=blk.0.ffn_up.weight layer=0 pos=0 phase=decode M=1 K=1152 N=6912 rows=256 col_beats=32 vpu_runs=81 io_ms=13.125 ip_ms=8.559 total_ms=92.612 status=OK
[FPGA][MATMUL] tensor=blk.0.ffn_down.weight layer=0 pos=0 phase=decode M=1 K=6912 N=1152 rows=256 col_beats=32 vpu_runs=70 io_ms=11.245 ip_ms=7.769 total_ms=83.526 status=OK
[FPGA][MATMUL] tensor=blk.1.attn_q.weight layer=1 pos=0 phase=decode M=1 K=1152 N=1024 rows=256 col_beats=32 vpu_runs=12 io_ms=1.942 ip_ms=1.269 total_ms=13.784 status=OK
[FPGA][MATMUL] tensor=blk.1.attn_k.weight layer=1 pos=0 phase=decode M=1 K=1152 N=256 rows=256 col_beats=32 vpu_runs=3 io_ms=0.485 ip_ms=0.318 total_ms=3.463 status=OK
[FPGA][MATMUL] tensor=blk.1.attn_v.weight layer=1 pos=0 phase=decode M=1 K=1152 N=256 rows=256 col_beats=32 vpu_runs=3 io_ms=0.485 ip_ms=0.317 total_ms=3.434 status=OK
[FPGA][MATMUL] tensor=blk.1.attn_output.weight layer=1 pos=0 phase=decode M=1 K=1024 N=1152 rows=256 col_beats=32 vpu_runs=10 io_ms=1.627 ip_ms=1.134 total_ms=12.768 status=OK
[FPGA][MATMUL] tensor=blk.1.ffn_gate.weight layer=1 pos=0 phase=decode M=1 K=1152 N=6912 rows=256 col_beats=32 vpu_runs=81 io_ms=13.061 ip_ms=8.563 total_ms=92.402 status=OK
[FPGA][MATMUL] tensor=blk.1.ffn_up.weight layer=1 pos=0 phase=decode M=1 K=1152 N=6912 rows=256 col_beats=32 vpu_runs=81 io_ms=13.087 ip_ms=8.568 total_ms=92.996 status=OK
[FPGA][MATMUL] tensor=blk.1.ffn_down.weight layer=1 pos=0 phase=decode M=1 K=6912 N=1152 rows=256 col_beats=32 vpu_runs=70 io_ms=11.240 ip_ms=7.770 total_ms=83.278 status=OK
[FPGA][MATMUL] tensor=blk.2.attn_q.weight layer=2 pos=0 phase=decode M=1 K=1152 N=1024 rows=256 col_beats=32 vpu_runs=12 io_ms=1.940 ip_ms=1.282 total_ms=13.777 status=OK
[FPGA][MATMUL] tensor=blk.2.attn_k.weight layer=2 pos=0 phase=decode M=1 K=1152 N=256 rows=256 col_beats=32 vpu_runs=3 io_ms=0.487 ip_ms=0.317 total_ms=3.475 status=OK
[FPGA][MATMUL] tensor=blk.2.attn_v.weight layer=2 pos=0 phase=decode M=1 K=1152 N=256 rows=256 col_beats=32 vpu_runs=3 io_ms=0.485 ip_ms=0.317 total_ms=3.432 status=OK
[FPGA][MATMUL] tensor=blk.2.attn_output.weight layer=2 pos=0 phase=decode M=1 K=1024 N=1152 rows=256 col_beats=32 vpu_runs=10 io_ms=1.627 ip_ms=1.135 total_ms=12.712 status=OK
[FPGA][MATMUL] tensor=blk.2.ffn_gate.weight layer=2 pos=0 phase=decode M=1 K=1152 N=6912 rows=256 col_beats=32 vpu_runs=81 io_ms=13.069 ip_ms=8.564 total_ms=92.421 status=OK
[FPGA][MATMUL] tensor=blk.2.ffn_up.weight layer=2 pos=0 phase=decode M=1 K=1152 N=6912 rows=256 col_beats=32 vpu_runs=81 io_ms=13.077 ip_ms=8.579 total_ms=92.395 status=OK
[FPGA][MATMUL] tensor=blk.2.ffn_down.weight layer=2 pos=0 phase=decode M=1 K=6912 N=1152 rows=256 col_beats=32 vpu_runs=70 io_ms=11.253 ip_ms=7.765 total_ms=83.510 status=OK
[FPGA][MATMUL] tensor=blk.3.attn_q.weight layer=3 pos=0 phase=decode M=1 K=1152 N=1024 rows=256 col_beats=32 vpu_runs=12 io_ms=1.940 ip_ms=1.270 total_ms=13.729 status=OK
[FPGA][MATMUL] tensor=blk.3.attn_k.weight layer=3 pos=0 phase=decode M=1 K=1152 N=256 rows=256 col_beats=32 vpu_runs=3 io_ms=0.487 ip_ms=0.318 total_ms=3.433 status=OK
[FPGA][MATMUL] tensor=blk.3.attn_v.weight layer=3 pos=0 phase=decode M=1 K=1152 N=256 rows=256 col_beats=32 vpu_runs=3 io_ms=0.484 ip_ms=0.318 total_ms=3.441 status=OK
[FPGA][MATMUL] tensor=blk.3.attn_output.weight layer=3 pos=0 phase=decode M=1 K=1024 N=1152 rows=256 col_beats=32 vpu_runs=10 io_ms=1.624 ip_ms=1.137 total_ms=12.827 status=OK
[FPGA][MATMUL] tensor=blk.3.ffn_gate.weight layer=3 pos=0 phase=decode M=1 K=1152 N=6912 rows=256 col_beats=32 vpu_runs=81 io_ms=13.076 ip_ms=8.564 total_ms=92.710 status=OK
[FPGA][MATMUL] tensor=blk.3.ffn_up.weight layer=3 pos=0 phase=decode M=1 K=1152 N=6912 rows=256 col_beats=32 vpu_runs=81 io_ms=13.080 ip_ms=8.562 total_ms=92.364 status=OK
[FPGA][MATMUL] tensor=blk.3.ffn_down.weight layer=3 pos=0 phase=decode M=1 K=6912 N=1152 rows=256 col_beats=32 vpu_runs=70 io_ms=11.309 ip_ms=7.769 total_ms=83.403 status=OK
[FPGA][MATMUL] tensor=blk.4.attn_q.weight layer=4 pos=0 phase=decode M=1 K=1152 N=1024 rows=256 col_beats=32 vpu_runs=12 io_ms=1.937 ip_ms=1.269 total_ms=13.734 status=OK
[FPGA][MATMUL] tensor=blk.4.attn_k.weight layer=4 pos=0 phase=decode M=1 K=1152 N=256 rows=256 col_beats=32 vpu_runs=3 io_ms=0.488 ip_ms=0.317 total_ms=3.456 status=OK
[FPGA][MATMUL] tensor=blk.4.attn_v.weight layer=4 pos=0 phase=decode M=1 K=1152 N=256 rows=256 col_beats=32 vpu_runs=3 io_ms=0.488 ip_ms=0.317 total_ms=3.434 status=OK
[FPGA][MATMUL] tensor=blk.4.attn_output.weight layer=4 pos=0 phase=decode M=1 K=1024 N=1152 rows=256 col_beats=32 vpu_runs=10 io_ms=1.624 ip_ms=1.138 total_ms=12.744 status=OK
[FPGA][MATMUL] tensor=blk.4.ffn_gate.weight layer=4 pos=0 phase=decode M=1 K=1152 N=6912 rows=256 col_beats=32 vpu_runs=81 io_ms=13.073 ip_ms=8.562 total_ms=92.507 status=OK
[FPGA][MATMUL] tensor=blk.4.ffn_up.weight layer=4 pos=0 phase=decode M=1 K=1152 N=6912 rows=256 col_beats=32 vpu_runs=81 io_ms=13.069 ip_ms=8.564 total_ms=92.414 status=OK
[FPGA][MATMUL] tensor=blk.4.ffn_down.weight layer=4 pos=0 phase=decode M=1 K=6912 N=1152 rows=256 col_beats=32 vpu_runs=70 io_ms=11.242 ip_ms=7.770 total_ms=83.343 status=OK
[FPGA][MATMUL] tensor=blk.5.attn_q.weight layer=5 pos=0 phase=decode M=1 K=1152 N=1024 rows=256 col_beats=32 vpu_runs=12 io_ms=2.041 ip_ms=1.268 total_ms=13.815 status=OK
[FPGA][MATMUL] tensor=blk.5.attn_k.weight layer=5 pos=0 phase=decode M=1 K=1152 N=256 rows=256 col_beats=32 vpu_runs=3 io_ms=0.488 ip_ms=0.317 total_ms=3.442 status=OK
[FPGA][MATMUL] tensor=blk.5.attn_v.weight layer=5 pos=0 phase=decode M=1 K=1152 N=256 rows=256 col_beats=32 vpu_runs=3 io_ms=0.482 ip_ms=0.316 total_ms=3.435 status=OK
[FPGA][MATMUL] tensor=blk.5.attn_output.weight layer=5 pos=0 phase=decode M=1 K=1024 N=1152 rows=256 col_beats=32 vpu_runs=10 io_ms=1.630 ip_ms=1.135 total_ms=12.683 status=OK
[FPGA][MATMUL] tensor=blk.5.ffn_gate.weight layer=5 pos=0 phase=decode M=1 K=1152 N=6912 rows=256 col_beats=32 vpu_runs=81 io_ms=13.096 ip_ms=8.562 total_ms=92.491 status=OK
[FPGA][MATMUL] tensor=blk.5.ffn_up.weight layer=5 pos=0 phase=decode M=1 K=1152 N=6912 rows=256 col_beats=32 vpu_runs=81 io_ms=13.056 ip_ms=8.563 total_ms=92.563 status=OK
[FPGA][MATMUL] tensor=blk.5.ffn_down.weight layer=5 pos=0 phase=decode M=1 K=6912 N=1152 rows=256 col_beats=32 vpu_runs=70 io_ms=11.233 ip_ms=7.771 total_ms=83.836 status=OK
[FPGA][MATMUL] tensor=blk.6.attn_q.weight layer=6 pos=0 phase=decode M=1 K=1152 N=1024 rows=256 col_beats=32 vpu_runs=12 io_ms=1.952 ip_ms=1.270 total_ms=13.786 status=OK
[FPGA][MATMUL] tensor=blk.6.attn_k.weight layer=6 pos=0 phase=decode M=1 K=1152 N=256 rows=256 col_beats=32 vpu_runs=3 io_ms=0.487 ip_ms=0.317 total_ms=3.499 status=OK
[FPGA][MATMUL] tensor=blk.6.attn_v.weight layer=6 pos=0 phase=decode M=1 K=1152 N=256 rows=256 col_beats=32 vpu_runs=3 io_ms=0.487 ip_ms=0.317 total_ms=3.445 status=OK
[FPGA][MATMUL] tensor=blk.6.attn_output.weight layer=6 pos=0 phase=decode M=1 K=1024 N=1152 rows=256 col_beats=32 vpu_runs=10 io_ms=1.625 ip_ms=1.142 total_ms=12.752 status=OK
[FPGA][MATMUL] tensor=blk.6.ffn_gate.weight layer=6 pos=0 phase=decode M=1 K=1152 N=6912 rows=256 col_beats=32 vpu_runs=81 io_ms=13.083 ip_ms=8.564 total_ms=92.317 status=OK
[FPGA][MATMUL] tensor=blk.6.ffn_up.weight layer=6 pos=0 phase=decode M=1 K=1152 N=6912 rows=256 col_beats=32 vpu_runs=81 io_ms=13.068 ip_ms=8.565 total_ms=92.564 status=OK
[FPGA][MATMUL] tensor=blk.6.ffn_down.weight layer=6 pos=0 phase=decode M=1 K=6912 N=1152 rows=256 col_beats=32 vpu_runs=70 io_ms=11.263 ip_ms=7.771 total_ms=83.528 status=OK
[FPGA][MATMUL] tensor=blk.7.attn_q.weight layer=7 pos=0 phase=decode M=1 K=1152 N=1024 rows=256 col_beats=32 vpu_runs=12 io_ms=1.939 ip_ms=1.268 total_ms=13.792 status=OK
[FPGA][MATMUL] tensor=blk.7.attn_k.weight layer=7 pos=0 phase=decode M=1 K=1152 N=256 rows=256 col_beats=32 vpu_runs=3 io_ms=0.487 ip_ms=0.317 total_ms=3.481 status=OK
[FPGA][MATMUL] tensor=blk.7.attn_v.weight layer=7 pos=0 phase=decode M=1 K=1152 N=256 rows=256 col_beats=32 vpu_runs=3 io_ms=0.485 ip_ms=0.317 total_ms=3.424 status=OK
[FPGA][MATMUL] tensor=blk.7.attn_output.weight layer=7 pos=0 phase=decode M=1 K=1024 N=1152 rows=256 col_beats=32 vpu_runs=10 io_ms=1.626 ip_ms=1.136 total_ms=12.700 status=OK
[FPGA][MATMUL] tensor=blk.7.ffn_gate.weight layer=7 pos=0 phase=decode M=1 K=1152 N=6912 rows=256 col_beats=32 vpu_runs=81 io_ms=13.075 ip_ms=8.573 total_ms=92.468 status=OK
[FPGA][MATMUL] tensor=blk.7.ffn_up.weight layer=7 pos=0 phase=decode M=1 K=1152 N=6912 rows=256 col_beats=32 vpu_runs=81 io_ms=13.076 ip_ms=8.566 total_ms=92.809 status=OK
[FPGA][MATMUL] tensor=blk.7.ffn_down.weight layer=7 pos=0 phase=decode M=1 K=6912 N=1152 rows=256 col_beats=32 vpu_runs=70 io_ms=11.242 ip_ms=7.764 total_ms=83.728 status=OK
[FPGA][MATMUL] tensor=blk.8.attn_q.weight layer=8 pos=0 phase=decode M=1 K=1152 N=1024 rows=256 col_beats=32 vpu_runs=12 io_ms=1.944 ip_ms=1.269 total_ms=13.797 status=OK
[FPGA][MATMUL] tensor=blk.8.attn_k.weight layer=8 pos=0 phase=decode M=1 K=1152 N=256 rows=256 col_beats=32 vpu_runs=3 io_ms=0.487 ip_ms=0.317 total_ms=3.444 status=OK
[FPGA][MATMUL] tensor=blk.8.attn_v.weight layer=8 pos=0 phase=decode M=1 K=1152 N=256 rows=256 col_beats=32 vpu_runs=3 io_ms=0.485 ip_ms=0.317 total_ms=3.449 status=OK
[FPGA][MATMUL] tensor=blk.8.attn_output.weight layer=8 pos=0 phase=decode M=1 K=1024 N=1152 rows=256 col_beats=32 vpu_runs=10 io_ms=1.627 ip_ms=1.135 total_ms=12.737 status=OK
[FPGA][MATMUL] tensor=blk.8.ffn_gate.weight layer=8 pos=0 phase=decode M=1 K=1152 N=6912 rows=256 col_beats=32 vpu_runs=81 io_ms=13.073 ip_ms=8.562 total_ms=92.772 status=OK
[FPGA][MATMUL] tensor=blk.8.ffn_up.weight layer=8 pos=0 phase=decode M=1 K=1152 N=6912 rows=256 col_beats=32 vpu_runs=81 io_ms=13.071 ip_ms=8.568 total_ms=92.407 status=OK
[FPGA][MATMUL] tensor=blk.8.ffn_down.weight layer=8 pos=0 phase=decode M=1 K=6912 N=1152 rows=256 col_beats=32 vpu_runs=70 io_ms=11.256 ip_ms=7.768 total_ms=84.061 status=OK
[FPGA][MATMUL] tensor=blk.9.attn_q.weight layer=9 pos=0 phase=decode M=1 K=1152 N=1024 rows=256 col_beats=32 vpu_runs=12 io_ms=1.935 ip_ms=1.271 total_ms=13.776 status=OK
[FPGA][MATMUL] tensor=blk.9.attn_k.weight layer=9 pos=0 phase=decode M=1 K=1152 N=256 rows=256 col_beats=32 vpu_runs=3 io_ms=0.486 ip_ms=0.318 total_ms=3.464 status=OK
[FPGA][MATMUL] tensor=blk.9.attn_v.weight layer=9 pos=0 phase=decode M=1 K=1152 N=256 rows=256 col_beats=32 vpu_runs=3 io_ms=0.486 ip_ms=0.317 total_ms=3.435 status=OK
[FPGA][MATMUL] tensor=blk.9.attn_output.weight layer=9 pos=0 phase=decode M=1 K=1024 N=1152 rows=256 col_beats=32 vpu_runs=10 io_ms=1.625 ip_ms=1.137 total_ms=12.715 status=OK
[FPGA][MATMUL] tensor=blk.9.ffn_gate.weight layer=9 pos=0 phase=decode M=1 K=1152 N=6912 rows=256 col_beats=32 vpu_runs=81 io_ms=13.072 ip_ms=8.566 total_ms=92.710 status=OK
[FPGA][MATMUL] tensor=blk.9.ffn_up.weight layer=9 pos=0 phase=decode M=1 K=1152 N=6912 rows=256 col_beats=32 vpu_runs=81 io_ms=13.069 ip_ms=8.562 total_ms=92.455 status=OK
[FPGA][MATMUL] tensor=blk.9.ffn_down.weight layer=9 pos=0 phase=decode M=1 K=6912 N=1152 rows=256 col_beats=32 vpu_runs=70 io_ms=11.282 ip_ms=7.773 total_ms=84.072 status=OK
[FPGA][MATMUL] tensor=blk.10.attn_q.weight layer=10 pos=0 phase=decode M=1 K=1152 N=1024 rows=256 col_beats=32 vpu_runs=12 io_ms=1.942 ip_ms=1.270 total_ms=13.793 status=OK
[FPGA][MATMUL] tensor=blk.10.attn_k.weight layer=10 pos=0 phase=decode M=1 K=1152 N=256 rows=256 col_beats=32 vpu_runs=3 io_ms=0.487 ip_ms=0.318 total_ms=3.476 status=OK
[FPGA][MATMUL] tensor=blk.10.attn_v.weight layer=10 pos=0 phase=decode M=1 K=1152 N=256 rows=256 col_beats=32 vpu_runs=3 io_ms=0.486 ip_ms=0.317 total_ms=3.446 status=OK
[FPGA][MATMUL] tensor=blk.10.attn_output.weight layer=10 pos=0 phase=decode M=1 K=1024 N=1152 rows=256 col_beats=32 vpu_runs=10 io_ms=1.628 ip_ms=1.136 total_ms=12.768 status=OK
[FPGA][MATMUL] tensor=blk.10.ffn_gate.weight layer=10 pos=0 phase=decode M=1 K=1152 N=6912 rows=256 col_beats=32 vpu_runs=81 io_ms=13.071 ip_ms=8.564 total_ms=92.512 status=OK
[FPGA][MATMUL] tensor=blk.10.ffn_up.weight layer=10 pos=0 phase=decode M=1 K=1152 N=6912 rows=256 col_beats=32 vpu_runs=81 io_ms=13.074 ip_ms=8.567 total_ms=92.819 status=OK
[FPGA][MATMUL] tensor=blk.10.ffn_down.weight layer=10 pos=0 phase=decode M=1 K=6912 N=1152 rows=256 col_beats=32 vpu_runs=70 io_ms=11.247 ip_ms=7.768 total_ms=83.528 status=OK
[FPGA][MATMUL] tensor=blk.11.attn_q.weight layer=11 pos=0 phase=decode M=1 K=1152 N=1024 rows=256 col_beats=32 vpu_runs=12 io_ms=1.941 ip_ms=1.270 total_ms=13.724 status=OK
[FPGA][MATMUL] tensor=blk.11.attn_k.weight layer=11 pos=0 phase=decode M=1 K=1152 N=256 rows=256 col_beats=32 vpu_runs=3 io_ms=0.487 ip_ms=0.318 total_ms=3.426 status=OK
[FPGA][MATMUL] tensor=blk.11.attn_v.weight layer=11 pos=0 phase=decode M=1 K=1152 N=256 rows=256 col_beats=32 vpu_runs=3 io_ms=0.485 ip_ms=0.317 total_ms=3.419 status=OK
[FPGA][MATMUL] tensor=blk.11.attn_output.weight layer=11 pos=0 phase=decode M=1 K=1024 N=1152 rows=256 col_beats=32 vpu_runs=10 io_ms=1.632 ip_ms=1.135 total_ms=12.797 status=OK
[FPGA][MATMUL] tensor=blk.11.ffn_gate.weight layer=11 pos=0 phase=decode M=1 K=1152 N=6912 rows=256 col_beats=32 vpu_runs=81 io_ms=13.094 ip_ms=8.564 total_ms=92.606 status=OK
[FPGA][MATMUL] tensor=blk.11.ffn_up.weight layer=11 pos=0 phase=decode M=1 K=1152 N=6912 rows=256 col_beats=32 vpu_runs=81 io_ms=13.069 ip_ms=8.563 total_ms=92.598 status=OK
[FPGA][MATMUL] tensor=blk.11.ffn_down.weight layer=11 pos=0 phase=decode M=1 K=6912 N=1152 rows=256 col_beats=32 vpu_runs=70 io_ms=11.251 ip_ms=7.761 total_ms=83.658 status=OK
[FPGA][MATMUL] tensor=blk.12.attn_q.weight layer=12 pos=0 phase=decode M=1 K=1152 N=1024 rows=256 col_beats=32 vpu_runs=12 io_ms=1.940 ip_ms=1.269 total_ms=13.767 status=OK
[FPGA][MATMUL] tensor=blk.12.attn_k.weight layer=12 pos=0 phase=decode M=1 K=1152 N=256 rows=256 col_beats=32 vpu_runs=3 io_ms=0.482 ip_ms=0.317 total_ms=3.437 status=OK
[FPGA][MATMUL] tensor=blk.12.attn_v.weight layer=12 pos=0 phase=decode M=1 K=1152 N=256 rows=256 col_beats=32 vpu_runs=3 io_ms=0.485 ip_ms=0.318 total_ms=3.466 status=OK
[FPGA][MATMUL] tensor=blk.12.attn_output.weight layer=12 pos=0 phase=decode M=1 K=1024 N=1152 rows=256 col_beats=32 vpu_runs=10 io_ms=1.626 ip_ms=1.136 total_ms=12.745 status=OK
[FPGA][MATMUL] tensor=blk.12.ffn_gate.weight layer=12 pos=0 phase=decode M=1 K=1152 N=6912 rows=256 col_beats=32 vpu_runs=81 io_ms=13.070 ip_ms=8.568 total_ms=92.891 status=OK
[FPGA][MATMUL] tensor=blk.12.ffn_up.weight layer=12 pos=0 phase=decode M=1 K=1152 N=6912 rows=256 col_beats=32 vpu_runs=81 io_ms=13.073 ip_ms=8.566 total_ms=92.914 status=OK
[FPGA][MATMUL] tensor=blk.12.ffn_down.weight layer=12 pos=0 phase=decode M=1 K=6912 N=1152 rows=256 col_beats=32 vpu_runs=70 io_ms=11.236 ip_ms=7.771 total_ms=83.416 status=OK
[FPGA][MATMUL] tensor=blk.13.attn_q.weight layer=13 pos=0 phase=decode M=1 K=1152 N=1024 rows=256 col_beats=32 vpu_runs=12 io_ms=1.941 ip_ms=1.269 total_ms=13.896 status=OK
[FPGA][MATMUL] tensor=blk.13.attn_k.weight layer=13 pos=0 phase=decode M=1 K=1152 N=256 rows=256 col_beats=32 vpu_runs=3 io_ms=0.489 ip_ms=0.317 total_ms=3.427 status=OK
[FPGA][MATMUL] tensor=blk.13.attn_v.weight layer=13 pos=0 phase=decode M=1 K=1152 N=256 rows=256 col_beats=32 vpu_runs=3 io_ms=0.484 ip_ms=0.317 total_ms=3.451 status=OK
[FPGA][MATMUL] tensor=blk.13.attn_output.weight layer=13 pos=0 phase=decode M=1 K=1024 N=1152 rows=256 col_beats=32 vpu_runs=10 io_ms=1.626 ip_ms=1.136 total_ms=12.751 status=OK
[FPGA][MATMUL] tensor=blk.13.ffn_gate.weight layer=13 pos=0 phase=decode M=1 K=1152 N=6912 rows=256 col_beats=32 vpu_runs=81 io_ms=13.067 ip_ms=8.568 total_ms=92.424 status=OK
[FPGA][MATMUL] tensor=blk.13.ffn_up.weight layer=13 pos=0 phase=decode M=1 K=1152 N=6912 rows=256 col_beats=32 vpu_runs=81 io_ms=13.065 ip_ms=8.565 total_ms=92.358 status=OK
[FPGA][MATMUL] tensor=blk.13.ffn_down.weight layer=13 pos=0 phase=decode M=1 K=6912 N=1152 rows=256 col_beats=32 vpu_runs=70 io_ms=11.252 ip_ms=7.778 total_ms=83.469 status=OK
[FPGA][MATMUL] tensor=blk.14.attn_q.weight layer=14 pos=0 phase=decode M=1 K=1152 N=1024 rows=256 col_beats=32 vpu_runs=12 io_ms=1.938 ip_ms=1.269 total_ms=13.691 status=OK
[FPGA][MATMUL] tensor=blk.14.attn_k.weight layer=14 pos=0 phase=decode M=1 K=1152 N=256 rows=256 col_beats=32 vpu_runs=3 io_ms=0.488 ip_ms=0.318 total_ms=3.459 status=OK
[FPGA][MATMUL] tensor=blk.14.attn_v.weight layer=14 pos=0 phase=decode M=1 K=1152 N=256 rows=256 col_beats=32 vpu_runs=3 io_ms=0.484 ip_ms=0.317 total_ms=3.445 status=OK
[FPGA][MATMUL] tensor=blk.14.attn_output.weight layer=14 pos=0 phase=decode M=1 K=1024 N=1152 rows=256 col_beats=32 vpu_runs=10 io_ms=1.625 ip_ms=1.136 total_ms=12.743 status=OK
[FPGA][MATMUL] tensor=blk.14.ffn_gate.weight layer=14 pos=0 phase=decode M=1 K=1152 N=6912 rows=256 col_beats=32 vpu_runs=81 io_ms=13.072 ip_ms=8.570 total_ms=92.405 status=OK
[FPGA][MATMUL] tensor=blk.14.ffn_up.weight layer=14 pos=0 phase=decode M=1 K=1152 N=6912 rows=256 col_beats=32 vpu_runs=81 io_ms=13.078 ip_ms=8.564 total_ms=92.450 status=OK
[FPGA][MATMUL] tensor=blk.14.ffn_down.weight layer=14 pos=0 phase=decode M=1 K=6912 N=1152 rows=256 col_beats=32 vpu_runs=70 io_ms=11.247 ip_ms=7.767 total_ms=83.987 status=OK
[FPGA][MATMUL] tensor=blk.15.attn_q.weight layer=15 pos=0 phase=decode M=1 K=1152 N=1024 rows=256 col_beats=32 vpu_runs=12 io_ms=1.940 ip_ms=1.268 total_ms=13.780 status=OK
[FPGA][MATMUL] tensor=blk.15.attn_k.weight layer=15 pos=0 phase=decode M=1 K=1152 N=256 rows=256 col_beats=32 vpu_runs=3 io_ms=0.488 ip_ms=0.317 total_ms=3.447 status=OK
[FPGA][MATMUL] tensor=blk.15.attn_v.weight layer=15 pos=0 phase=decode M=1 K=1152 N=256 rows=256 col_beats=32 vpu_runs=3 io_ms=0.486 ip_ms=0.317 total_ms=3.434 status=OK
[FPGA][MATMUL] tensor=blk.15.attn_output.weight layer=15 pos=0 phase=decode M=1 K=1024 N=1152 rows=256 col_beats=32 vpu_runs=10 io_ms=1.627 ip_ms=1.137 total_ms=12.749 status=OK
[FPGA][MATMUL] tensor=blk.15.ffn_gate.weight layer=15 pos=0 phase=decode M=1 K=1152 N=6912 rows=256 col_beats=32 vpu_runs=81 io_ms=13.065 ip_ms=8.601 total_ms=92.678 status=OK
[FPGA][MATMUL] tensor=blk.15.ffn_up.weight layer=15 pos=0 phase=decode M=1 K=1152 N=6912 rows=256 col_beats=32 vpu_runs=81 io_ms=13.067 ip_ms=8.563 total_ms=92.391 status=OK
[FPGA][MATMUL] tensor=blk.15.ffn_down.weight layer=15 pos=0 phase=decode M=1 K=6912 N=1152 rows=256 col_beats=32 vpu_runs=70 io_ms=11.265 ip_ms=7.774 total_ms=83.293 status=OK
[FPGA][MATMUL] tensor=blk.16.attn_q.weight layer=16 pos=0 phase=decode M=1 K=1152 N=1024 rows=256 col_beats=32 vpu_runs=12 io_ms=1.938 ip_ms=1.270 total_ms=13.741 status=OK
[FPGA][MATMUL] tensor=blk.16.attn_k.weight layer=16 pos=0 phase=decode M=1 K=1152 N=256 rows=256 col_beats=32 vpu_runs=3 io_ms=0.486 ip_ms=0.318 total_ms=3.441 status=OK
[FPGA][MATMUL] tensor=blk.16.attn_v.weight layer=16 pos=0 phase=decode M=1 K=1152 N=256 rows=256 col_beats=32 vpu_runs=3 io_ms=0.485 ip_ms=0.317 total_ms=3.444 status=OK
[FPGA][MATMUL] tensor=blk.16.attn_output.weight layer=16 pos=0 phase=decode M=1 K=1024 N=1152 rows=256 col_beats=32 vpu_runs=10 io_ms=1.625 ip_ms=1.136 total_ms=12.749 status=OK
[FPGA][MATMUL] tensor=blk.16.ffn_gate.weight layer=16 pos=0 phase=decode M=1 K=1152 N=6912 rows=256 col_beats=32 vpu_runs=81 io_ms=13.080 ip_ms=8.568 total_ms=92.647 status=OK
[FPGA][MATMUL] tensor=blk.16.ffn_up.weight layer=16 pos=0 phase=decode M=1 K=1152 N=6912 rows=256 col_beats=32 vpu_runs=81 io_ms=13.071 ip_ms=8.560 total_ms=92.397 status=OK
[FPGA][MATMUL] tensor=blk.16.ffn_down.weight layer=16 pos=0 phase=decode M=1 K=6912 N=1152 rows=256 col_beats=32 vpu_runs=70 io_ms=11.235 ip_ms=7.773 total_ms=83.276 status=OK
[FPGA][MATMUL] tensor=blk.17.attn_q.weight layer=17 pos=0 phase=decode M=1 K=1152 N=1024 rows=256 col_beats=32 vpu_runs=12 io_ms=1.937 ip_ms=1.269 total_ms=13.752 status=OK
[FPGA][MATMUL] tensor=blk.17.attn_k.weight layer=17 pos=0 phase=decode M=1 K=1152 N=256 rows=256 col_beats=32 vpu_runs=3 io_ms=0.487 ip_ms=0.317 total_ms=3.472 status=OK
[FPGA][MATMUL] tensor=blk.17.attn_v.weight layer=17 pos=0 phase=decode M=1 K=1152 N=256 rows=256 col_beats=32 vpu_runs=3 io_ms=0.486 ip_ms=0.317 total_ms=3.428 status=OK
[FPGA][MATMUL] tensor=blk.17.attn_output.weight layer=17 pos=0 phase=decode M=1 K=1024 N=1152 rows=256 col_beats=32 vpu_runs=10 io_ms=1.624 ip_ms=1.138 total_ms=12.728 status=OK
[FPGA][MATMUL] tensor=blk.17.ffn_gate.weight layer=17 pos=0 phase=decode M=1 K=1152 N=6912 rows=256 col_beats=32 vpu_runs=81 io_ms=13.059 ip_ms=8.565 total_ms=92.632 status=OK
[FPGA][MATMUL] tensor=blk.17.ffn_up.weight layer=17 pos=0 phase=decode M=1 K=1152 N=6912 rows=256 col_beats=32 vpu_runs=81 io_ms=13.076 ip_ms=8.565 total_ms=92.627 status=OK
[FPGA][MATMUL] tensor=blk.17.ffn_down.weight layer=17 pos=0 phase=decode M=1 K=6912 N=1152 rows=256 col_beats=32 vpu_runs=70 io_ms=11.241 ip_ms=7.769 total_ms=83.332 status=OK
[FPGA][MATMUL] tensor=blk.18.attn_q.weight layer=18 pos=0 phase=decode M=1 K=1152 N=1024 rows=256 col_beats=32 vpu_runs=12 io_ms=1.940 ip_ms=1.270 total_ms=13.701 status=OK
[FPGA][MATMUL] tensor=blk.18.attn_k.weight layer=18 pos=0 phase=decode M=1 K=1152 N=256 rows=256 col_beats=32 vpu_runs=3 io_ms=0.488 ip_ms=0.317 total_ms=3.492 status=OK
[FPGA][MATMUL] tensor=blk.18.attn_v.weight layer=18 pos=0 phase=decode M=1 K=1152 N=256 rows=256 col_beats=32 vpu_runs=3 io_ms=0.485 ip_ms=0.316 total_ms=3.432 status=OK
[FPGA][MATMUL] tensor=blk.18.attn_output.weight layer=18 pos=0 phase=decode M=1 K=1024 N=1152 rows=256 col_beats=32 vpu_runs=10 io_ms=1.628 ip_ms=1.136 total_ms=12.740 status=OK
[FPGA][MATMUL] tensor=blk.18.ffn_gate.weight layer=18 pos=0 phase=decode M=1 K=1152 N=6912 rows=256 col_beats=32 vpu_runs=81 io_ms=13.069 ip_ms=8.564 total_ms=92.369 status=OK
[FPGA][MATMUL] tensor=blk.18.ffn_up.weight layer=18 pos=0 phase=decode M=1 K=1152 N=6912 rows=256 col_beats=32 vpu_runs=81 io_ms=13.082 ip_ms=8.566 total_ms=92.721 status=OK
[FPGA][MATMUL] tensor=blk.18.ffn_down.weight layer=18 pos=0 phase=decode M=1 K=6912 N=1152 rows=256 col_beats=32 vpu_runs=70 io_ms=11.242 ip_ms=7.767 total_ms=83.382 status=OK
[FPGA][MATMUL] tensor=blk.19.attn_q.weight layer=19 pos=0 phase=decode M=1 K=1152 N=1024 rows=256 col_beats=32 vpu_runs=12 io_ms=1.941 ip_ms=1.266 total_ms=13.810 status=OK
[FPGA][MATMUL] tensor=blk.19.attn_k.weight layer=19 pos=0 phase=decode M=1 K=1152 N=256 rows=256 col_beats=32 vpu_runs=3 io_ms=0.488 ip_ms=0.317 total_ms=3.448 status=OK
[FPGA][MATMUL] tensor=blk.19.attn_v.weight layer=19 pos=0 phase=decode M=1 K=1152 N=256 rows=256 col_beats=32 vpu_runs=3 io_ms=0.485 ip_ms=0.317 total_ms=3.428 status=OK
[FPGA][MATMUL] tensor=blk.19.attn_output.weight layer=19 pos=0 phase=decode M=1 K=1024 N=1152 rows=256 col_beats=32 vpu_runs=10 io_ms=1.625 ip_ms=1.136 total_ms=12.741 status=OK
[FPGA][MATMUL] tensor=blk.19.ffn_gate.weight layer=19 pos=0 phase=decode M=1 K=1152 N=6912 rows=256 col_beats=32 vpu_runs=81 io_ms=13.074 ip_ms=8.565 total_ms=92.870 status=OK
[FPGA][MATMUL] tensor=blk.19.ffn_up.weight layer=19 pos=0 phase=decode M=1 K=1152 N=6912 rows=256 col_beats=32 vpu_runs=81 io_ms=13.065 ip_ms=8.558 total_ms=92.790 status=OK
[FPGA][MATMUL] tensor=blk.19.ffn_down.weight layer=19 pos=0 phase=decode M=1 K=6912 N=1152 rows=256 col_beats=32 vpu_runs=70 io_ms=11.228 ip_ms=7.768 total_ms=83.363 status=OK
[FPGA][MATMUL] tensor=blk.20.attn_q.weight layer=20 pos=0 phase=decode M=1 K=1152 N=1024 rows=256 col_beats=32 vpu_runs=12 io_ms=1.940 ip_ms=1.269 total_ms=13.791 status=OK
[FPGA][MATMUL] tensor=blk.20.attn_k.weight layer=20 pos=0 phase=decode M=1 K=1152 N=256 rows=256 col_beats=32 vpu_runs=3 io_ms=0.486 ip_ms=0.317 total_ms=3.470 status=OK
[FPGA][MATMUL] tensor=blk.20.attn_v.weight layer=20 pos=0 phase=decode M=1 K=1152 N=256 rows=256 col_beats=32 vpu_runs=3 io_ms=0.485 ip_ms=0.317 total_ms=3.425 status=OK
[FPGA][MATMUL] tensor=blk.20.attn_output.weight layer=20 pos=0 phase=decode M=1 K=1024 N=1152 rows=256 col_beats=32 vpu_runs=10 io_ms=1.627 ip_ms=1.137 total_ms=12.833 status=OK
[FPGA][MATMUL] tensor=blk.20.ffn_gate.weight layer=20 pos=0 phase=decode M=1 K=1152 N=6912 rows=256 col_beats=32 vpu_runs=81 io_ms=13.077 ip_ms=8.564 total_ms=92.347 status=OK
[FPGA][MATMUL] tensor=blk.20.ffn_up.weight layer=20 pos=0 phase=decode M=1 K=1152 N=6912 rows=256 col_beats=32 vpu_runs=81 io_ms=13.086 ip_ms=8.563 total_ms=92.449 status=OK
[FPGA][MATMUL] tensor=blk.20.ffn_down.weight layer=20 pos=0 phase=decode M=1 K=6912 N=1152 rows=256 col_beats=32 vpu_runs=70 io_ms=11.236 ip_ms=7.767 total_ms=83.531 status=OK
[FPGA][MATMUL] tensor=blk.21.attn_q.weight layer=21 pos=0 phase=decode M=1 K=1152 N=1024 rows=256 col_beats=32 vpu_runs=12 io_ms=1.940 ip_ms=1.277 total_ms=13.727 status=OK
[FPGA][MATMUL] tensor=blk.21.attn_k.weight layer=21 pos=0 phase=decode M=1 K=1152 N=256 rows=256 col_beats=32 vpu_runs=3 io_ms=0.486 ip_ms=0.318 total_ms=3.456 status=OK
[FPGA][MATMUL] tensor=blk.21.attn_v.weight layer=21 pos=0 phase=decode M=1 K=1152 N=256 rows=256 col_beats=32 vpu_runs=3 io_ms=0.484 ip_ms=0.318 total_ms=3.434 status=OK
[FPGA][MATMUL] tensor=blk.21.attn_output.weight layer=21 pos=0 phase=decode M=1 K=1024 N=1152 rows=256 col_beats=32 vpu_runs=10 io_ms=1.632 ip_ms=1.135 total_ms=12.796 status=OK
[FPGA][MATMUL] tensor=blk.21.ffn_gate.weight layer=21 pos=0 phase=decode M=1 K=1152 N=6912 rows=256 col_beats=32 vpu_runs=81 io_ms=13.071 ip_ms=8.583 total_ms=92.603 status=OK
[FPGA][MATMUL] tensor=blk.21.ffn_up.weight layer=21 pos=0 phase=decode M=1 K=1152 N=6912 rows=256 col_beats=32 vpu_runs=81 io_ms=13.076 ip_ms=8.561 total_ms=92.361 status=OK
[FPGA][MATMUL] tensor=blk.21.ffn_down.weight layer=21 pos=0 phase=decode M=1 K=6912 N=1152 rows=256 col_beats=32 vpu_runs=70 io_ms=11.249 ip_ms=7.764 total_ms=83.506 status=OK
[FPGA][MATMUL] tensor=blk.22.attn_q.weight layer=22 pos=0 phase=decode M=1 K=1152 N=1024 rows=256 col_beats=32 vpu_runs=12 io_ms=1.938 ip_ms=1.271 total_ms=13.723 status=OK
[FPGA][MATMUL] tensor=blk.22.attn_k.weight layer=22 pos=0 phase=decode M=1 K=1152 N=256 rows=256 col_beats=32 vpu_runs=3 io_ms=0.486 ip_ms=0.318 total_ms=3.455 status=OK
[FPGA][MATMUL] tensor=blk.22.attn_v.weight layer=22 pos=0 phase=decode M=1 K=1152 N=256 rows=256 col_beats=32 vpu_runs=3 io_ms=0.484 ip_ms=0.317 total_ms=3.415 status=OK
[FPGA][MATMUL] tensor=blk.22.attn_output.weight layer=22 pos=0 phase=decode M=1 K=1024 N=1152 rows=256 col_beats=32 vpu_runs=10 io_ms=1.628 ip_ms=1.135 total_ms=12.770 status=OK
[FPGA][MATMUL] tensor=blk.22.ffn_gate.weight layer=22 pos=0 phase=decode M=1 K=1152 N=6912 rows=256 col_beats=32 vpu_runs=81 io_ms=13.073 ip_ms=8.563 total_ms=92.436 status=OK
[FPGA][MATMUL] tensor=blk.22.ffn_up.weight layer=22 pos=0 phase=decode M=1 K=1152 N=6912 rows=256 col_beats=32 vpu_runs=81 io_ms=13.072 ip_ms=8.564 total_ms=92.775 status=OK
[FPGA][MATMUL] tensor=blk.22.ffn_down.weight layer=22 pos=0 phase=decode M=1 K=6912 N=1152 rows=256 col_beats=32 vpu_runs=70 io_ms=11.242 ip_ms=7.767 total_ms=83.694 status=OK
[FPGA][MATMUL] tensor=blk.23.attn_q.weight layer=23 pos=0 phase=decode M=1 K=1152 N=1024 rows=256 col_beats=32 vpu_runs=12 io_ms=1.936 ip_ms=1.269 total_ms=13.791 status=OK
[FPGA][MATMUL] tensor=blk.23.attn_k.weight layer=23 pos=0 phase=decode M=1 K=1152 N=256 rows=256 col_beats=32 vpu_runs=3 io_ms=0.488 ip_ms=0.317 total_ms=3.427 status=OK
[FPGA][MATMUL] tensor=blk.23.attn_v.weight layer=23 pos=0 phase=decode M=1 K=1152 N=256 rows=256 col_beats=32 vpu_runs=3 io_ms=0.485 ip_ms=0.317 total_ms=3.436 status=OK
[FPGA][MATMUL] tensor=blk.23.attn_output.weight layer=23 pos=0 phase=decode M=1 K=1024 N=1152 rows=256 col_beats=32 vpu_runs=10 io_ms=1.624 ip_ms=1.136 total_ms=12.757 status=OK
[FPGA][MATMUL] tensor=blk.23.ffn_gate.weight layer=23 pos=0 phase=decode M=1 K=1152 N=6912 rows=256 col_beats=32 vpu_runs=81 io_ms=13.063 ip_ms=8.579 total_ms=92.504 status=OK
[FPGA][MATMUL] tensor=blk.23.ffn_up.weight layer=23 pos=0 phase=decode M=1 K=1152 N=6912 rows=256 col_beats=32 vpu_runs=81 io_ms=13.064 ip_ms=8.602 total_ms=92.401 status=OK
[FPGA][MATMUL] tensor=blk.23.ffn_down.weight layer=23 pos=0 phase=decode M=1 K=6912 N=1152 rows=256 col_beats=32 vpu_runs=70 io_ms=11.234 ip_ms=7.767 total_ms=83.450 status=OK
[FPGA][MATMUL] tensor=blk.24.attn_q.weight layer=24 pos=0 phase=decode M=1 K=1152 N=1024 rows=256 col_beats=32 vpu_runs=12 io_ms=1.934 ip_ms=1.270 total_ms=13.713 status=OK
[FPGA][MATMUL] tensor=blk.24.attn_k.weight layer=24 pos=0 phase=decode M=1 K=1152 N=256 rows=256 col_beats=32 vpu_runs=3 io_ms=0.488 ip_ms=0.317 total_ms=3.442 status=OK
[FPGA][MATMUL] tensor=blk.24.attn_v.weight layer=24 pos=0 phase=decode M=1 K=1152 N=256 rows=256 col_beats=32 vpu_runs=3 io_ms=0.485 ip_ms=0.317 total_ms=3.436 status=OK
[FPGA][MATMUL] tensor=blk.24.attn_output.weight layer=24 pos=0 phase=decode M=1 K=1024 N=1152 rows=256 col_beats=32 vpu_runs=10 io_ms=1.628 ip_ms=1.136 total_ms=12.739 status=OK
[FPGA][MATMUL] tensor=blk.24.ffn_gate.weight layer=24 pos=0 phase=decode M=1 K=1152 N=6912 rows=256 col_beats=32 vpu_runs=81 io_ms=13.065 ip_ms=8.560 total_ms=92.378 status=OK
[FPGA][MATMUL] tensor=blk.24.ffn_up.weight layer=24 pos=0 phase=decode M=1 K=1152 N=6912 rows=256 col_beats=32 vpu_runs=81 io_ms=13.078 ip_ms=8.560 total_ms=92.411 status=OK
[FPGA][MATMUL] tensor=blk.24.ffn_down.weight layer=24 pos=0 phase=decode M=1 K=6912 N=1152 rows=256 col_beats=32 vpu_runs=70 io_ms=11.232 ip_ms=7.767 total_ms=83.320 status=OK
[FPGA][MATMUL] tensor=blk.25.attn_q.weight layer=25 pos=0 phase=decode M=1 K=1152 N=1024 rows=256 col_beats=32 vpu_runs=12 io_ms=1.947 ip_ms=1.268 total_ms=13.723 status=OK
[FPGA][MATMUL] tensor=blk.25.attn_k.weight layer=25 pos=0 phase=decode M=1 K=1152 N=256 rows=256 col_beats=32 vpu_runs=3 io_ms=0.488 ip_ms=0.317 total_ms=3.430 status=OK
[FPGA][MATMUL] tensor=blk.25.attn_v.weight layer=25 pos=0 phase=decode M=1 K=1152 N=256 rows=256 col_beats=32 vpu_runs=3 io_ms=0.486 ip_ms=0.317 total_ms=3.470 status=OK
[FPGA][MATMUL] tensor=blk.25.attn_output.weight layer=25 pos=0 phase=decode M=1 K=1024 N=1152 rows=256 col_beats=32 vpu_runs=10 io_ms=1.630 ip_ms=1.135 total_ms=12.705 status=OK
[FPGA][MATMUL] tensor=blk.25.ffn_gate.weight layer=25 pos=0 phase=decode M=1 K=1152 N=6912 rows=256 col_beats=32 vpu_runs=81 io_ms=13.104 ip_ms=8.557 total_ms=92.587 status=OK
[FPGA][MATMUL] tensor=blk.25.ffn_up.weight layer=25 pos=0 phase=decode M=1 K=1152 N=6912 rows=256 col_beats=32 vpu_runs=81 io_ms=13.072 ip_ms=8.572 total_ms=92.540 status=OK
[FPGA][MATMUL] tensor=blk.25.ffn_down.weight layer=25 pos=0 phase=decode M=1 K=6912 N=1152 rows=256 col_beats=32 vpu_runs=70 io_ms=11.245 ip_ms=7.768 total_ms=83.325 status=OK
[FPGA][MATMUL] tensor=token_embd.weight layer=0 pos=0 phase=decode M=1 K=1152 N=262144 rows=256 col_beats=32 vpu_runs=3072 io_ms=496.051 ip_ms=324.746 total_ms=3507.682 status=OK
[FPGA][MATMUL] tensor=blk.0.attn_q.weight layer=0 pos=0 phase=decode M=1 K=1152 N=1024 rows=256 col_beats=32 vpu_runs=12 io_ms=1.940 ip_ms=1.270 total_ms=13.739 status=OK
[FPGA][MATMUL] tensor=blk.0.attn_k.weight layer=0 pos=0 phase=decode M=1 K=1152 N=256 rows=256 col_beats=32 vpu_runs=3 io_ms=0.487 ip_ms=0.316 total_ms=3.463 status=OK
[FPGA][MATMUL] tensor=blk.0.attn_v.weight layer=0 pos=0 phase=decode M=1 K=1152 N=256 rows=256 col_beats=32 vpu_runs=3 io_ms=0.484 ip_ms=0.318 total_ms=3.444 status=OK
[FPGA][MATMUL] tensor=blk.0.attn_output.weight layer=0 pos=0 phase=decode M=1 K=1024 N=1152 rows=256 col_beats=32 vpu_runs=10 io_ms=1.625 ip_ms=1.136 total_ms=12.779 status=OK
[FPGA][MATMUL] tensor=blk.0.ffn_gate.weight layer=0 pos=0 phase=decode M=1 K=1152 N=6912 rows=256 col_beats=32 vpu_runs=81 io_ms=13.084 ip_ms=8.564 total_ms=92.915 status=OK
[FPGA][MATMUL] tensor=blk.0.ffn_up.weight layer=0 pos=0 phase=decode M=1 K=1152 N=6912 rows=256 col_beats=32 vpu_runs=81 io_ms=13.068 ip_ms=8.563 total_ms=92.489 status=OK
[FPGA][MATMUL] tensor=blk.0.ffn_down.weight layer=0 pos=0 phase=decode M=1 K=6912 N=1152 rows=256 col_beats=32 vpu_runs=70 io_ms=11.233 ip_ms=7.773 total_ms=83.303 status=OK
[FPGA][MATMUL] tensor=blk.1.attn_q.weight layer=1 pos=0 phase=decode M=1 K=1152 N=1024 rows=256 col_beats=32 vpu_runs=12 io_ms=1.940 ip_ms=1.272 total_ms=13.722 status=OK
[FPGA][MATMUL] tensor=blk.1.attn_k.weight layer=1 pos=0 phase=decode M=1 K=1152 N=256 rows=256 col_beats=32 vpu_runs=3 io_ms=0.486 ip_ms=0.317 total_ms=3.445 status=OK
[FPGA][MATMUL] tensor=blk.1.attn_v.weight layer=1 pos=0 phase=decode M=1 K=1152 N=256 rows=256 col_beats=32 vpu_runs=3 io_ms=0.486 ip_ms=0.317 total_ms=3.430 status=OK
[FPGA][MATMUL] tensor=blk.1.attn_output.weight layer=1 pos=0 phase=decode M=1 K=1024 N=1152 rows=256 col_beats=32 vpu_runs=10 io_ms=1.626 ip_ms=1.136 total_ms=12.726 status=OK
[FPGA][MATMUL] tensor=blk.1.ffn_gate.weight layer=1 pos=0 phase=decode M=1 K=1152 N=6912 rows=256 col_beats=32 vpu_runs=81 io_ms=13.240 ip_ms=8.561 total_ms=92.672 status=OK
[FPGA][MATMUL] tensor=blk.1.ffn_up.weight layer=1 pos=0 phase=decode M=1 K=1152 N=6912 rows=256 col_beats=32 vpu_runs=81 io_ms=13.058 ip_ms=8.563 total_ms=92.463 status=OK
[FPGA][MATMUL] tensor=blk.1.ffn_down.weight layer=1 pos=0 phase=decode M=1 K=6912 N=1152 rows=256 col_beats=32 vpu_runs=70 io_ms=11.420 ip_ms=7.777 total_ms=83.474 status=OK
[FPGA][MATMUL] tensor=blk.2.attn_q.weight layer=2 pos=0 phase=decode M=1 K=1152 N=1024 rows=256 col_beats=32 vpu_runs=12 io_ms=1.937 ip_ms=1.268 total_ms=13.736 status=OK
[FPGA][MATMUL] tensor=blk.2.attn_k.weight layer=2 pos=0 phase=decode M=1 K=1152 N=256 rows=256 col_beats=32 vpu_runs=3 io_ms=0.500 ip_ms=0.318 total_ms=3.442 status=OK
[FPGA][MATMUL] tensor=blk.2.attn_v.weight layer=2 pos=0 phase=decode M=1 K=1152 N=256 rows=256 col_beats=32 vpu_runs=3 io_ms=0.484 ip_ms=0.317 total_ms=3.443 status=OK
[FPGA][MATMUL] tensor=blk.2.attn_output.weight layer=2 pos=0 phase=decode M=1 K=1024 N=1152 rows=256 col_beats=32 vpu_runs=10 io_ms=1.626 ip_ms=1.135 total_ms=12.746 status=OK
[FPGA][MATMUL] tensor=blk.2.ffn_gate.weight layer=2 pos=0 phase=decode M=1 K=1152 N=6912 rows=256 col_beats=32 vpu_runs=81 io_ms=13.101 ip_ms=8.562 total_ms=92.379 status=OK
[FPGA][MATMUL] tensor=blk.2.ffn_up.weight layer=2 pos=0 phase=decode M=1 K=1152 N=6912 rows=256 col_beats=32 vpu_runs=81 io_ms=13.072 ip_ms=8.563 total_ms=92.277 status=OK
[FPGA][MATMUL] tensor=blk.2.ffn_down.weight layer=2 pos=0 phase=decode M=1 K=6912 N=1152 rows=256 col_beats=32 vpu_runs=70 io_ms=11.241 ip_ms=7.765 total_ms=83.901 status=OK
[FPGA][MATMUL] tensor=blk.3.attn_q.weight layer=3 pos=0 phase=decode M=1 K=1152 N=1024 rows=256 col_beats=32 vpu_runs=12 io_ms=1.937 ip_ms=1.270 total_ms=13.708 status=OK
[FPGA][MATMUL] tensor=blk.3.attn_k.weight layer=3 pos=0 phase=decode M=1 K=1152 N=256 rows=256 col_beats=32 vpu_runs=3 io_ms=0.487 ip_ms=0.318 total_ms=3.416 status=OK
[FPGA][MATMUL] tensor=blk.3.attn_v.weight layer=3 pos=0 phase=decode M=1 K=1152 N=256 rows=256 col_beats=32 vpu_runs=3 io_ms=0.487 ip_ms=0.317 total_ms=3.446 status=OK
[FPGA][MATMUL] tensor=blk.3.attn_output.weight layer=3 pos=0 phase=decode M=1 K=1024 N=1152 rows=256 col_beats=32 vpu_runs=10 io_ms=1.631 ip_ms=1.136 total_ms=12.778 status=OK
[FPGA][MATMUL] tensor=blk.3.ffn_gate.weight layer=3 pos=0 phase=decode M=1 K=1152 N=6912 rows=256 col_beats=32 vpu_runs=81 io_ms=13.072 ip_ms=8.565 total_ms=92.504 status=OK
[FPGA][MATMUL] tensor=blk.3.ffn_up.weight layer=3 pos=0 phase=decode M=1 K=1152 N=6912 rows=256 col_beats=32 vpu_runs=81 io_ms=13.062 ip_ms=8.567 total_ms=92.676 status=OK
[FPGA][MATMUL] tensor=blk.3.ffn_down.weight layer=3 pos=0 phase=decode M=1 K=6912 N=1152 rows=256 col_beats=32 vpu_runs=70 io_ms=11.232 ip_ms=7.768 total_ms=83.571 status=OK
[FPGA][MATMUL] tensor=blk.4.attn_q.weight layer=4 pos=0 phase=decode M=1 K=1152 N=1024 rows=256 col_beats=32 vpu_runs=12 io_ms=1.937 ip_ms=1.272 total_ms=13.789 status=OK
[FPGA][MATMUL] tensor=blk.4.attn_k.weight layer=4 pos=0 phase=decode M=1 K=1152 N=256 rows=256 col_beats=32 vpu_runs=3 io_ms=0.487 ip_ms=0.317 total_ms=3.455 status=OK
[FPGA][MATMUL] tensor=blk.4.attn_v.weight layer=4 pos=0 phase=decode M=1 K=1152 N=256 rows=256 col_beats=32 vpu_runs=3 io_ms=0.486 ip_ms=0.318 total_ms=3.446 status=OK
[FPGA][MATMUL] tensor=blk.4.attn_output.weight layer=4 pos=0 phase=decode M=1 K=1024 N=1152 rows=256 col_beats=32 vpu_runs=10 io_ms=1.628 ip_ms=1.135 total_ms=12.827 status=OK
[FPGA][MATMUL] tensor=blk.4.ffn_gate.weight layer=4 pos=0 phase=decode M=1 K=1152 N=6912 rows=256 col_beats=32 vpu_runs=81 io_ms=13.080 ip_ms=8.560 total_ms=92.538 status=OK
[FPGA][MATMUL] tensor=blk.4.ffn_up.weight layer=4 pos=0 phase=decode M=1 K=1152 N=6912 rows=256 col_beats=32 vpu_runs=81 io_ms=13.076 ip_ms=8.719 total_ms=92.623 status=OK
[FPGA][MATMUL] tensor=blk.4.ffn_down.weight layer=4 pos=0 phase=decode M=1 K=6912 N=1152 rows=256 col_beats=32 vpu_runs=70 io_ms=11.258 ip_ms=7.789 total_ms=83.295 status=OK
[FPGA][MATMUL] tensor=blk.5.attn_q.weight layer=5 pos=0 phase=decode M=1 K=1152 N=1024 rows=256 col_beats=32 vpu_runs=12 io_ms=1.933 ip_ms=1.268 total_ms=13.708 status=OK
[FPGA][MATMUL] tensor=blk.5.attn_k.weight layer=5 pos=0 phase=decode M=1 K=1152 N=256 rows=256 col_beats=32 vpu_runs=3 io_ms=0.488 ip_ms=0.317 total_ms=3.466 status=OK
[FPGA][MATMUL] tensor=blk.5.attn_v.weight layer=5 pos=0 phase=decode M=1 K=1152 N=256 rows=256 col_beats=32 vpu_runs=3 io_ms=0.484 ip_ms=0.318 total_ms=3.423 status=OK
[FPGA][MATMUL] tensor=blk.5.attn_output.weight layer=5 pos=0 phase=decode M=1 K=1024 N=1152 rows=256 col_beats=32 vpu_runs=10 io_ms=1.628 ip_ms=1.137 total_ms=12.736 status=OK
[FPGA][MATMUL] tensor=blk.5.ffn_gate.weight layer=5 pos=0 phase=decode M=1 K=1152 N=6912 rows=256 col_beats=32 vpu_runs=81 io_ms=13.075 ip_ms=8.589 total_ms=92.476 status=OK
[FPGA][MATMUL] tensor=blk.5.ffn_up.weight layer=5 pos=0 phase=decode M=1 K=1152 N=6912 rows=256 col_beats=32 vpu_runs=81 io_ms=13.092 ip_ms=8.562 total_ms=92.782 status=OK
[FPGA][MATMUL] tensor=blk.5.ffn_down.weight layer=5 pos=0 phase=decode M=1 K=6912 N=1152 rows=256 col_beats=32 vpu_runs=70 io_ms=11.245 ip_ms=7.769 total_ms=83.376 status=OK
[FPGA][MATMUL] tensor=blk.6.attn_q.weight layer=6 pos=0 phase=decode M=1 K=1152 N=1024 rows=256 col_beats=32 vpu_runs=12 io_ms=1.943 ip_ms=1.266 total_ms=13.842 status=OK
[FPGA][MATMUL] tensor=blk.6.attn_k.weight layer=6 pos=0 phase=decode M=1 K=1152 N=256 rows=256 col_beats=32 vpu_runs=3 io_ms=0.486 ip_ms=0.318 total_ms=3.471 status=OK
[FPGA][MATMUL] tensor=blk.6.attn_v.weight layer=6 pos=0 phase=decode M=1 K=1152 N=256 rows=256 col_beats=32 vpu_runs=3 io_ms=0.485 ip_ms=0.317 total_ms=3.451 status=OK
[FPGA][MATMUL] tensor=blk.6.attn_output.weight layer=6 pos=0 phase=decode M=1 K=1024 N=1152 rows=256 col_beats=32 vpu_runs=10 io_ms=1.623 ip_ms=1.135 total_ms=12.831 status=OK
[FPGA][MATMUL] tensor=blk.6.ffn_gate.weight layer=6 pos=0 phase=decode M=1 K=1152 N=6912 rows=256 col_beats=32 vpu_runs=81 io_ms=13.063 ip_ms=8.561 total_ms=92.573 status=OK
[FPGA][MATMUL] tensor=blk.6.ffn_up.weight layer=6 pos=0 phase=decode M=1 K=1152 N=6912 rows=256 col_beats=32 vpu_runs=81 io_ms=13.070 ip_ms=8.561 total_ms=92.526 status=OK
[FPGA][MATMUL] tensor=blk.6.ffn_down.weight layer=6 pos=0 phase=decode M=1 K=6912 N=1152 rows=256 col_beats=32 vpu_runs=70 io_ms=11.240 ip_ms=7.767 total_ms=83.945 status=OK
[FPGA][MATMUL] tensor=blk.7.attn_q.weight layer=7 pos=0 phase=decode M=1 K=1152 N=1024 rows=256 col_beats=32 vpu_runs=12 io_ms=1.935 ip_ms=1.272 total_ms=13.695 status=OK
[FPGA][MATMUL] tensor=blk.7.attn_k.weight layer=7 pos=0 phase=decode M=1 K=1152 N=256 rows=256 col_beats=32 vpu_runs=3 io_ms=0.487 ip_ms=0.317 total_ms=3.465 status=OK
[FPGA][MATMUL] tensor=blk.7.attn_v.weight layer=7 pos=0 phase=decode M=1 K=1152 N=256 rows=256 col_beats=32 vpu_runs=3 io_ms=0.488 ip_ms=0.317 total_ms=3.452 status=OK
[FPGA][MATMUL] tensor=blk.7.attn_output.weight layer=7 pos=0 phase=decode M=1 K=1024 N=1152 rows=256 col_beats=32 vpu_runs=10 io_ms=1.622 ip_ms=1.138 total_ms=12.754 status=OK
[FPGA][MATMUL] tensor=blk.7.ffn_gate.weight layer=7 pos=0 phase=decode M=1 K=1152 N=6912 rows=256 col_beats=32 vpu_runs=81 io_ms=13.075 ip_ms=8.562 total_ms=92.734 status=OK
[FPGA][MATMUL] tensor=blk.7.ffn_up.weight layer=7 pos=0 phase=decode M=1 K=1152 N=6912 rows=256 col_beats=32 vpu_runs=81 io_ms=13.072 ip_ms=8.558 total_ms=92.648 status=OK
[FPGA][MATMUL] tensor=blk.7.ffn_down.weight layer=7 pos=0 phase=decode M=1 K=6912 N=1152 rows=256 col_beats=32 vpu_runs=70 io_ms=11.249 ip_ms=7.762 total_ms=84.212 status=OK
[FPGA][MATMUL] tensor=blk.8.attn_q.weight layer=8 pos=0 phase=decode M=1 K=1152 N=1024 rows=256 col_beats=32 vpu_runs=12 io_ms=1.936 ip_ms=1.271 total_ms=13.702 status=OK
[FPGA][MATMUL] tensor=blk.8.attn_k.weight layer=8 pos=0 phase=decode M=1 K=1152 N=256 rows=256 col_beats=32 vpu_runs=3 io_ms=0.489 ip_ms=0.317 total_ms=3.450 status=OK
[FPGA][MATMUL] tensor=blk.8.attn_v.weight layer=8 pos=0 phase=decode M=1 K=1152 N=256 rows=256 col_beats=32 vpu_runs=3 io_ms=0.486 ip_ms=0.318 total_ms=3.443 status=OK
[FPGA][MATMUL] tensor=blk.8.attn_output.weight layer=8 pos=0 phase=decode M=1 K=1024 N=1152 rows=256 col_beats=32 vpu_runs=10 io_ms=1.624 ip_ms=1.137 total_ms=12.719 status=OK
[FPGA][MATMUL] tensor=blk.8.ffn_gate.weight layer=8 pos=0 phase=decode M=1 K=1152 N=6912 rows=256 col_beats=32 vpu_runs=81 io_ms=13.072 ip_ms=8.558 total_ms=92.419 status=OK
[FPGA][MATMUL] tensor=blk.8.ffn_up.weight layer=8 pos=0 phase=decode M=1 K=1152 N=6912 rows=256 col_beats=32 vpu_runs=81 io_ms=13.110 ip_ms=8.566 total_ms=92.457 status=OK
[FPGA][MATMUL] tensor=blk.8.ffn_down.weight layer=8 pos=0 phase=decode M=1 K=6912 N=1152 rows=256 col_beats=32 vpu_runs=70 io_ms=11.251 ip_ms=7.776 total_ms=83.626 status=OK
[FPGA][MATMUL] tensor=blk.9.attn_q.weight layer=9 pos=0 phase=decode M=1 K=1152 N=1024 rows=256 col_beats=32 vpu_runs=12 io_ms=1.940 ip_ms=1.267 total_ms=13.781 status=OK
[FPGA][MATMUL] tensor=blk.9.attn_k.weight layer=9 pos=0 phase=decode M=1 K=1152 N=256 rows=256 col_beats=32 vpu_runs=3 io_ms=0.488 ip_ms=0.318 total_ms=3.475 status=OK
[FPGA][MATMUL] tensor=blk.9.attn_v.weight layer=9 pos=0 phase=decode M=1 K=1152 N=256 rows=256 col_beats=32 vpu_runs=3 io_ms=0.485 ip_ms=0.318 total_ms=3.414 status=OK
[FPGA][MATMUL] tensor=blk.9.attn_output.weight layer=9 pos=0 phase=decode M=1 K=1024 N=1152 rows=256 col_beats=32 vpu_runs=10 io_ms=1.625 ip_ms=1.138 total_ms=12.739 status=OK
[FPGA][MATMUL] tensor=blk.9.ffn_gate.weight layer=9 pos=0 phase=decode M=1 K=1152 N=6912 rows=256 col_beats=32 vpu_runs=81 io_ms=13.079 ip_ms=8.564 total_ms=92.549 status=OK
[FPGA][MATMUL] tensor=blk.9.ffn_up.weight layer=9 pos=0 phase=decode M=1 K=1152 N=6912 rows=256 col_beats=32 vpu_runs=81 io_ms=13.118 ip_ms=8.561 total_ms=92.547 status=OK
[FPGA][MATMUL] tensor=blk.9.ffn_down.weight layer=9 pos=0 phase=decode M=1 K=6912 N=1152 rows=256 col_beats=32 vpu_runs=70 io_ms=11.230 ip_ms=7.768 total_ms=83.956 status=OK
[FPGA][MATMUL] tensor=blk.10.attn_q.weight layer=10 pos=0 phase=decode M=1 K=1152 N=1024 rows=256 col_beats=32 vpu_runs=12 io_ms=1.935 ip_ms=1.271 total_ms=13.692 status=OK
[FPGA][MATMUL] tensor=blk.10.attn_k.weight layer=10 pos=0 phase=decode M=1 K=1152 N=256 rows=256 col_beats=32 vpu_runs=3 io_ms=0.489 ip_ms=0.317 total_ms=3.459 status=OK
[FPGA][MATMUL] tensor=blk.10.attn_v.weight layer=10 pos=0 phase=decode M=1 K=1152 N=256 rows=256 col_beats=32 vpu_runs=3 io_ms=0.486 ip_ms=0.317 total_ms=3.428 status=OK
[FPGA][MATMUL] tensor=blk.10.attn_output.weight layer=10 pos=0 phase=decode M=1 K=1024 N=1152 rows=256 col_beats=32 vpu_runs=10 io_ms=1.624 ip_ms=1.137 total_ms=12.823 status=OK
[FPGA][MATMUL] tensor=blk.10.ffn_gate.weight layer=10 pos=0 phase=decode M=1 K=1152 N=6912 rows=256 col_beats=32 vpu_runs=81 io_ms=13.090 ip_ms=8.600 total_ms=92.970 status=OK
[FPGA][MATMUL] tensor=blk.10.ffn_up.weight layer=10 pos=0 phase=decode M=1 K=1152 N=6912 rows=256 col_beats=32 vpu_runs=81 io_ms=13.067 ip_ms=8.593 total_ms=92.434 status=OK
[FPGA][MATMUL] tensor=blk.10.ffn_down.weight layer=10 pos=0 phase=decode M=1 K=6912 N=1152 rows=256 col_beats=32 vpu_runs=70 io_ms=11.236 ip_ms=7.802 total_ms=83.705 status=OK
[FPGA][MATMUL] tensor=blk.11.attn_q.weight layer=11 pos=0 phase=decode M=1 K=1152 N=1024 rows=256 col_beats=32 vpu_runs=12 io_ms=1.939 ip_ms=1.269 total_ms=13.792 status=OK
[FPGA][MATMUL] tensor=blk.11.attn_k.weight layer=11 pos=0 phase=decode M=1 K=1152 N=256 rows=256 col_beats=32 vpu_runs=3 io_ms=0.486 ip_ms=0.318 total_ms=3.455 status=OK
[FPGA][MATMUL] tensor=blk.11.attn_v.weight layer=11 pos=0 phase=decode M=1 K=1152 N=256 rows=256 col_beats=32 vpu_runs=3 io_ms=0.485 ip_ms=0.318 total_ms=3.426 status=OK
[FPGA][MATMUL] tensor=blk.11.attn_output.weight layer=11 pos=0 phase=decode M=1 K=1024 N=1152 rows=256 col_beats=32 vpu_runs=10 io_ms=1.625 ip_ms=1.134 total_ms=12.708 status=OK
[FPGA][MATMUL] tensor=blk.11.ffn_gate.weight layer=11 pos=0 phase=decode M=1 K=1152 N=6912 rows=256 col_beats=32 vpu_runs=81 io_ms=13.067 ip_ms=8.558 total_ms=92.814 status=OK
[FPGA][MATMUL] tensor=blk.11.ffn_up.weight layer=11 pos=0 phase=decode M=1 K=1152 N=6912 rows=256 col_beats=32 vpu_runs=81 io_ms=13.062 ip_ms=8.562 total_ms=92.766 status=OK
[FPGA][MATMUL] tensor=blk.11.ffn_down.weight layer=11 pos=0 phase=decode M=1 K=6912 N=1152 rows=256 col_beats=32 vpu_runs=70 io_ms=11.235 ip_ms=7.767 total_ms=83.446 status=OK
[FPGA][MATMUL] tensor=blk.12.attn_q.weight layer=12 pos=0 phase=decode M=1 K=1152 N=1024 rows=256 col_beats=32 vpu_runs=12 io_ms=1.941 ip_ms=1.267 total_ms=13.839 status=OK
[FPGA][MATMUL] tensor=blk.12.attn_k.weight layer=12 pos=0 phase=decode M=1 K=1152 N=256 rows=256 col_beats=32 vpu_runs=3 io_ms=0.488 ip_ms=0.317 total_ms=3.479 status=OK
[FPGA][MATMUL] tensor=blk.12.attn_v.weight layer=12 pos=0 phase=decode M=1 K=1152 N=256 rows=256 col_beats=32 vpu_runs=3 io_ms=0.486 ip_ms=0.317 total_ms=3.441 status=OK
[FPGA][MATMUL] tensor=blk.12.attn_output.weight layer=12 pos=0 phase=decode M=1 K=1024 N=1152 rows=256 col_beats=32 vpu_runs=10 io_ms=1.627 ip_ms=1.135 total_ms=12.772 status=OK
[FPGA][MATMUL] tensor=blk.12.ffn_gate.weight layer=12 pos=0 phase=decode M=1 K=1152 N=6912 rows=256 col_beats=32 vpu_runs=81 io_ms=13.073 ip_ms=8.562 total_ms=92.423 status=OK
[FPGA][MATMUL] tensor=blk.12.ffn_up.weight layer=12 pos=0 phase=decode M=1 K=1152 N=6912 rows=256 col_beats=32 vpu_runs=81 io_ms=13.093 ip_ms=8.566 total_ms=92.678 status=OK
[FPGA][MATMUL] tensor=blk.12.ffn_down.weight layer=12 pos=0 phase=decode M=1 K=6912 N=1152 rows=256 col_beats=32 vpu_runs=70 io_ms=11.241 ip_ms=7.763 total_ms=83.599 status=OK
[FPGA][MATMUL] tensor=blk.13.attn_q.weight layer=13 pos=0 phase=decode M=1 K=1152 N=1024 rows=256 col_beats=32 vpu_runs=12 io_ms=1.942 ip_ms=1.269 total_ms=13.750 status=OK
[FPGA][MATMUL] tensor=blk.13.attn_k.weight layer=13 pos=0 phase=decode M=1 K=1152 N=256 rows=256 col_beats=32 vpu_runs=3 io_ms=0.488 ip_ms=0.318 total_ms=3.454 status=OK
[FPGA][MATMUL] tensor=blk.13.attn_v.weight layer=13 pos=0 phase=decode M=1 K=1152 N=256 rows=256 col_beats=32 vpu_runs=3 io_ms=0.485 ip_ms=0.317 total_ms=3.473 status=OK
[FPGA][MATMUL] tensor=blk.13.attn_output.weight layer=13 pos=0 phase=decode M=1 K=1024 N=1152 rows=256 col_beats=32 vpu_runs=10 io_ms=1.629 ip_ms=1.134 total_ms=12.801 status=OK
[FPGA][MATMUL] tensor=blk.13.ffn_gate.weight layer=13 pos=0 phase=decode M=1 K=1152 N=6912 rows=256 col_beats=32 vpu_runs=81 io_ms=13.103 ip_ms=8.559 total_ms=92.920 status=OK
[FPGA][MATMUL] tensor=blk.13.ffn_up.weight layer=13 pos=0 phase=decode M=1 K=1152 N=6912 rows=256 col_beats=32 vpu_runs=81 io_ms=13.071 ip_ms=8.564 total_ms=92.630 status=OK
[FPGA][MATMUL] tensor=blk.13.ffn_down.weight layer=13 pos=0 phase=decode M=1 K=6912 N=1152 rows=256 col_beats=32 vpu_runs=70 io_ms=11.237 ip_ms=7.765 total_ms=83.398 status=OK
[FPGA][MATMUL] tensor=blk.14.attn_q.weight layer=14 pos=0 phase=decode M=1 K=1152 N=1024 rows=256 col_beats=32 vpu_runs=12 io_ms=1.941 ip_ms=1.269 total_ms=13.724 status=OK
[FPGA][MATMUL] tensor=blk.14.attn_k.weight layer=14 pos=0 phase=decode M=1 K=1152 N=256 rows=256 col_beats=32 vpu_runs=3 io_ms=0.488 ip_ms=0.316 total_ms=3.495 status=OK
[FPGA][MATMUL] tensor=blk.14.attn_v.weight layer=14 pos=0 phase=decode M=1 K=1152 N=256 rows=256 col_beats=32 vpu_runs=3 io_ms=0.484 ip_ms=0.317 total_ms=3.432 status=OK
[FPGA][MATMUL] tensor=blk.14.attn_output.weight layer=14 pos=0 phase=decode M=1 K=1024 N=1152 rows=256 col_beats=32 vpu_runs=10 io_ms=1.622 ip_ms=1.139 total_ms=12.727 status=OK
[FPGA][MATMUL] tensor=blk.14.ffn_gate.weight layer=14 pos=0 phase=decode M=1 K=1152 N=6912 rows=256 col_beats=32 vpu_runs=81 io_ms=13.068 ip_ms=8.560 total_ms=92.887 status=OK
[FPGA][MATMUL] tensor=blk.14.ffn_up.weight layer=14 pos=0 phase=decode M=1 K=1152 N=6912 rows=256 col_beats=32 vpu_runs=81 io_ms=13.060 ip_ms=8.715 total_ms=92.838 status=OK
[FPGA][MATMUL] tensor=blk.14.ffn_down.weight layer=14 pos=0 phase=decode M=1 K=6912 N=1152 rows=256 col_beats=32 vpu_runs=70 io_ms=11.237 ip_ms=7.772 total_ms=83.294 status=OK
[FPGA][MATMUL] tensor=blk.15.attn_q.weight layer=15 pos=0 phase=decode M=1 K=1152 N=1024 rows=256 col_beats=32 vpu_runs=12 io_ms=1.940 ip_ms=1.270 total_ms=13.921 status=OK
[FPGA][MATMUL] tensor=blk.15.attn_k.weight layer=15 pos=0 phase=decode M=1 K=1152 N=256 rows=256 col_beats=32 vpu_runs=3 io_ms=0.486 ip_ms=0.318 total_ms=3.456 status=OK
[FPGA][MATMUL] tensor=blk.15.attn_v.weight layer=15 pos=0 phase=decode M=1 K=1152 N=256 rows=256 col_beats=32 vpu_runs=3 io_ms=0.484 ip_ms=0.317 total_ms=3.422 status=OK
[FPGA][MATMUL] tensor=blk.15.attn_output.weight layer=15 pos=0 phase=decode M=1 K=1024 N=1152 rows=256 col_beats=32 vpu_runs=10 io_ms=1.627 ip_ms=1.135 total_ms=12.758 status=OK
[FPGA][MATMUL] tensor=blk.15.ffn_gate.weight layer=15 pos=0 phase=decode M=1 K=1152 N=6912 rows=256 col_beats=32 vpu_runs=81 io_ms=13.063 ip_ms=8.559 total_ms=92.494 status=OK
[FPGA][MATMUL] tensor=blk.15.ffn_up.weight layer=15 pos=0 phase=decode M=1 K=1152 N=6912 rows=256 col_beats=32 vpu_runs=81 io_ms=13.074 ip_ms=8.570 total_ms=92.385 status=OK
[FPGA][MATMUL] tensor=blk.15.ffn_down.weight layer=15 pos=0 phase=decode M=1 K=6912 N=1152 rows=256 col_beats=32 vpu_runs=70 io_ms=11.246 ip_ms=7.763 total_ms=83.468 status=OK
[FPGA][MATMUL] tensor=blk.16.attn_q.weight layer=16 pos=0 phase=decode M=1 K=1152 N=1024 rows=256 col_beats=32 vpu_runs=12 io_ms=1.939 ip_ms=1.269 total_ms=13.687 status=OK
[FPGA][MATMUL] tensor=blk.16.attn_k.weight layer=16 pos=0 phase=decode M=1 K=1152 N=256 rows=256 col_beats=32 vpu_runs=3 io_ms=0.489 ip_ms=0.317 total_ms=3.450 status=OK
[FPGA][MATMUL] tensor=blk.16.attn_v.weight layer=16 pos=0 phase=decode M=1 K=1152 N=256 rows=256 col_beats=32 vpu_runs=3 io_ms=0.484 ip_ms=0.317 total_ms=3.447 status=OK
[FPGA][MATMUL] tensor=blk.16.attn_output.weight layer=16 pos=0 phase=decode M=1 K=1024 N=1152 rows=256 col_beats=32 vpu_runs=10 io_ms=1.628 ip_ms=1.136 total_ms=12.752 status=OK
[FPGA][MATMUL] tensor=blk.16.ffn_gate.weight layer=16 pos=0 phase=decode M=1 K=1152 N=6912 rows=256 col_beats=32 vpu_runs=81 io_ms=13.074 ip_ms=8.567 total_ms=92.412 status=OK
[FPGA][MATMUL] tensor=blk.16.ffn_up.weight layer=16 pos=0 phase=decode M=1 K=1152 N=6912 rows=256 col_beats=32 vpu_runs=81 io_ms=13.060 ip_ms=8.563 total_ms=92.324 status=OK
[FPGA][MATMUL] tensor=blk.16.ffn_down.weight layer=16 pos=0 phase=decode M=1 K=6912 N=1152 rows=256 col_beats=32 vpu_runs=70 io_ms=11.252 ip_ms=7.771 total_ms=83.509 status=OK
[FPGA][MATMUL] tensor=blk.17.attn_q.weight layer=17 pos=0 phase=decode M=1 K=1152 N=1024 rows=256 col_beats=32 vpu_runs=12 io_ms=1.937 ip_ms=1.270 total_ms=13.801 status=OK
[FPGA][MATMUL] tensor=blk.17.attn_k.weight layer=17 pos=0 phase=decode M=1 K=1152 N=256 rows=256 col_beats=32 vpu_runs=3 io_ms=0.486 ip_ms=0.318 total_ms=3.484 status=OK
[FPGA][MATMUL] tensor=blk.17.attn_v.weight layer=17 pos=0 phase=decode M=1 K=1152 N=256 rows=256 col_beats=32 vpu_runs=3 io_ms=0.484 ip_ms=0.316 total_ms=3.425 status=OK
[FPGA][MATMUL] tensor=blk.17.attn_output.weight layer=17 pos=0 phase=decode M=1 K=1024 N=1152 rows=256 col_beats=32 vpu_runs=10 io_ms=1.627 ip_ms=1.135 total_ms=12.744 status=OK
[FPGA][MATMUL] tensor=blk.17.ffn_gate.weight layer=17 pos=0 phase=decode M=1 K=1152 N=6912 rows=256 col_beats=32 vpu_runs=81 io_ms=13.095 ip_ms=8.562 total_ms=92.423 status=OK
[FPGA][MATMUL] tensor=blk.17.ffn_up.weight layer=17 pos=0 phase=decode M=1 K=1152 N=6912 rows=256 col_beats=32 vpu_runs=81 io_ms=13.068 ip_ms=8.562 total_ms=92.458 status=OK
[FPGA][MATMUL] tensor=blk.17.ffn_down.weight layer=17 pos=0 phase=decode M=1 K=6912 N=1152 rows=256 col_beats=32 vpu_runs=70 io_ms=11.244 ip_ms=7.774 total_ms=83.373 status=OK
[FPGA][MATMUL] tensor=blk.18.attn_q.weight layer=18 pos=0 phase=decode M=1 K=1152 N=1024 rows=256 col_beats=32 vpu_runs=12 io_ms=1.949 ip_ms=1.268 total_ms=13.720 status=OK
[FPGA][MATMUL] tensor=blk.18.attn_k.weight layer=18 pos=0 phase=decode M=1 K=1152 N=256 rows=256 col_beats=32 vpu_runs=3 io_ms=0.486 ip_ms=0.319 total_ms=3.454 status=OK
[FPGA][MATMUL] tensor=blk.18.attn_v.weight layer=18 pos=0 phase=decode M=1 K=1152 N=256 rows=256 col_beats=32 vpu_runs=3 io_ms=0.486 ip_ms=0.317 total_ms=3.441 status=OK
[FPGA][MATMUL] tensor=blk.18.attn_output.weight layer=18 pos=0 phase=decode M=1 K=1024 N=1152 rows=256 col_beats=32 vpu_runs=10 io_ms=1.628 ip_ms=1.134 total_ms=12.887 status=OK
[FPGA][MATMUL] tensor=blk.18.ffn_gate.weight layer=18 pos=0 phase=decode M=1 K=1152 N=6912 rows=256 col_beats=32 vpu_runs=81 io_ms=13.118 ip_ms=8.561 total_ms=92.447 status=OK
[FPGA][MATMUL] tensor=blk.18.ffn_up.weight layer=18 pos=0 phase=decode M=1 K=1152 N=6912 rows=256 col_beats=32 vpu_runs=81 io_ms=13.078 ip_ms=8.562 total_ms=92.591 status=OK
[FPGA][MATMUL] tensor=blk.18.ffn_down.weight layer=18 pos=0 phase=decode M=1 K=6912 N=1152 rows=256 col_beats=32 vpu_runs=70 io_ms=11.287 ip_ms=7.773 total_ms=83.762 status=OK
[FPGA][MATMUL] tensor=blk.19.attn_q.weight layer=19 pos=0 phase=decode M=1 K=1152 N=1024 rows=256 col_beats=32 vpu_runs=12 io_ms=1.940 ip_ms=1.268 total_ms=13.789 status=OK
[FPGA][MATMUL] tensor=blk.19.attn_k.weight layer=19 pos=0 phase=decode M=1 K=1152 N=256 rows=256 col_beats=32 vpu_runs=3 io_ms=0.488 ip_ms=0.317 total_ms=3.463 status=OK
[FPGA][MATMUL] tensor=blk.19.attn_v.weight layer=19 pos=0 phase=decode M=1 K=1152 N=256 rows=256 col_beats=32 vpu_runs=3 io_ms=0.484 ip_ms=0.318 total_ms=3.418 status=OK
[FPGA][MATMUL] tensor=blk.19.attn_output.weight layer=19 pos=0 phase=decode M=1 K=1024 N=1152 rows=256 col_beats=32 vpu_runs=10 io_ms=1.624 ip_ms=1.135 total_ms=12.801 status=OK
[FPGA][MATMUL] tensor=blk.19.ffn_gate.weight layer=19 pos=0 phase=decode M=1 K=1152 N=6912 rows=256 col_beats=32 vpu_runs=81 io_ms=13.080 ip_ms=8.560 total_ms=92.430 status=OK
[FPGA][MATMUL] tensor=blk.19.ffn_up.weight layer=19 pos=0 phase=decode M=1 K=1152 N=6912 rows=256 col_beats=32 vpu_runs=81 io_ms=13.069 ip_ms=8.563 total_ms=92.604 status=OK
[FPGA][MATMUL] tensor=blk.19.ffn_down.weight layer=19 pos=0 phase=decode M=1 K=6912 N=1152 rows=256 col_beats=32 vpu_runs=70 io_ms=11.246 ip_ms=7.765 total_ms=83.590 status=OK
[FPGA][MATMUL] tensor=blk.20.attn_q.weight layer=20 pos=0 phase=decode M=1 K=1152 N=1024 rows=256 col_beats=32 vpu_runs=12 io_ms=1.940 ip_ms=1.269 total_ms=13.706 status=OK
[FPGA][MATMUL] tensor=blk.20.attn_k.weight layer=20 pos=0 phase=decode M=1 K=1152 N=256 rows=256 col_beats=32 vpu_runs=3 io_ms=0.487 ip_ms=0.317 total_ms=3.458 status=OK
[FPGA][MATMUL] tensor=blk.20.attn_v.weight layer=20 pos=0 phase=decode M=1 K=1152 N=256 rows=256 col_beats=32 vpu_runs=3 io_ms=0.485 ip_ms=0.317 total_ms=3.425 status=OK
[FPGA][MATMUL] tensor=blk.20.attn_output.weight layer=20 pos=0 phase=decode M=1 K=1024 N=1152 rows=256 col_beats=32 vpu_runs=10 io_ms=1.630 ip_ms=1.135 total_ms=12.750 status=OK
[FPGA][MATMUL] tensor=blk.20.ffn_gate.weight layer=20 pos=0 phase=decode M=1 K=1152 N=6912 rows=256 col_beats=32 vpu_runs=81 io_ms=13.067 ip_ms=8.560 total_ms=92.514 status=OK
[FPGA][MATMUL] tensor=blk.20.ffn_up.weight layer=20 pos=0 phase=decode M=1 K=1152 N=6912 rows=256 col_beats=32 vpu_runs=81 io_ms=13.071 ip_ms=8.572 total_ms=92.280 status=OK
[FPGA][MATMUL] tensor=blk.20.ffn_down.weight layer=20 pos=0 phase=decode M=1 K=6912 N=1152 rows=256 col_beats=32 vpu_runs=70 io_ms=11.288 ip_ms=7.763 total_ms=83.824 status=OK
[FPGA][MATMUL] tensor=blk.21.attn_q.weight layer=21 pos=0 phase=decode M=1 K=1152 N=1024 rows=256 col_beats=32 vpu_runs=12 io_ms=1.943 ip_ms=1.269 total_ms=13.693 status=OK
[FPGA][MATMUL] tensor=blk.21.attn_k.weight layer=21 pos=0 phase=decode M=1 K=1152 N=256 rows=256 col_beats=32 vpu_runs=3 io_ms=0.487 ip_ms=0.317 total_ms=3.442 status=OK
[FPGA][MATMUL] tensor=blk.21.attn_v.weight layer=21 pos=0 phase=decode M=1 K=1152 N=256 rows=256 col_beats=32 vpu_runs=3 io_ms=0.485 ip_ms=0.317 total_ms=3.428 status=OK
[FPGA][MATMUL] tensor=blk.21.attn_output.weight layer=21 pos=0 phase=decode M=1 K=1024 N=1152 rows=256 col_beats=32 vpu_runs=10 io_ms=1.624 ip_ms=1.136 total_ms=12.761 status=OK
[FPGA][MATMUL] tensor=blk.21.ffn_gate.weight layer=21 pos=0 phase=decode M=1 K=1152 N=6912 rows=256 col_beats=32 vpu_runs=81 io_ms=13.065 ip_ms=8.565 total_ms=92.559 status=OK
[FPGA][MATMUL] tensor=blk.21.ffn_up.weight layer=21 pos=0 phase=decode M=1 K=1152 N=6912 rows=256 col_beats=32 vpu_runs=81 io_ms=13.067 ip_ms=8.563 total_ms=92.919 status=OK
[FPGA][MATMUL] tensor=blk.21.ffn_down.weight layer=21 pos=0 phase=decode M=1 K=6912 N=1152 rows=256 col_beats=32 vpu_runs=70 io_ms=11.238 ip_ms=7.781 total_ms=83.463 status=OK
[FPGA][MATMUL] tensor=blk.22.attn_q.weight layer=22 pos=0 phase=decode M=1 K=1152 N=1024 rows=256 col_beats=32 vpu_runs=12 io_ms=1.943 ip_ms=1.268 total_ms=13.682 status=OK
[FPGA][MATMUL] tensor=blk.22.attn_k.weight layer=22 pos=0 phase=decode M=1 K=1152 N=256 rows=256 col_beats=32 vpu_runs=3 io_ms=0.487 ip_ms=0.318 total_ms=3.455 status=OK
[FPGA][MATMUL] tensor=blk.22.attn_v.weight layer=22 pos=0 phase=decode M=1 K=1152 N=256 rows=256 col_beats=32 vpu_runs=3 io_ms=0.486 ip_ms=0.317 total_ms=3.418 status=OK
[FPGA][MATMUL] tensor=blk.22.attn_output.weight layer=22 pos=0 phase=decode M=1 K=1024 N=1152 rows=256 col_beats=32 vpu_runs=10 io_ms=1.623 ip_ms=1.136 total_ms=12.759 status=OK
[FPGA][MATMUL] tensor=blk.22.ffn_gate.weight layer=22 pos=0 phase=decode M=1 K=1152 N=6912 rows=256 col_beats=32 vpu_runs=81 io_ms=13.095 ip_ms=8.561 total_ms=92.402 status=OK
[FPGA][MATMUL] tensor=blk.22.ffn_up.weight layer=22 pos=0 phase=decode M=1 K=1152 N=6912 rows=256 col_beats=32 vpu_runs=81 io_ms=13.076 ip_ms=8.563 total_ms=92.667 status=OK
[FPGA][MATMUL] tensor=blk.22.ffn_down.weight layer=22 pos=0 phase=decode M=1 K=6912 N=1152 rows=256 col_beats=32 vpu_runs=70 io_ms=11.243 ip_ms=7.770 total_ms=83.292 status=OK
[FPGA][MATMUL] tensor=blk.23.attn_q.weight layer=23 pos=0 phase=decode M=1 K=1152 N=1024 rows=256 col_beats=32 vpu_runs=12 io_ms=1.936 ip_ms=1.268 total_ms=13.723 status=OK
[FPGA][MATMUL] tensor=blk.23.attn_k.weight layer=23 pos=0 phase=decode M=1 K=1152 N=256 rows=256 col_beats=32 vpu_runs=3 io_ms=0.488 ip_ms=0.319 total_ms=3.451 status=OK
[FPGA][MATMUL] tensor=blk.23.attn_v.weight layer=23 pos=0 phase=decode M=1 K=1152 N=256 rows=256 col_beats=32 vpu_runs=3 io_ms=0.485 ip_ms=0.317 total_ms=3.448 status=OK
[FPGA][MATMUL] tensor=blk.23.attn_output.weight layer=23 pos=0 phase=decode M=1 K=1024 N=1152 rows=256 col_beats=32 vpu_runs=10 io_ms=1.628 ip_ms=1.136 total_ms=12.735 status=OK
[FPGA][MATMUL] tensor=blk.23.ffn_gate.weight layer=23 pos=0 phase=decode M=1 K=1152 N=6912 rows=256 col_beats=32 vpu_runs=81 io_ms=13.073 ip_ms=8.565 total_ms=92.421 status=OK
[FPGA][MATMUL] tensor=blk.23.ffn_up.weight layer=23 pos=0 phase=decode M=1 K=1152 N=6912 rows=256 col_beats=32 vpu_runs=81 io_ms=13.083 ip_ms=8.561 total_ms=92.405 status=OK
[FPGA][MATMUL] tensor=blk.23.ffn_down.weight layer=23 pos=0 phase=decode M=1 K=6912 N=1152 rows=256 col_beats=32 vpu_runs=70 io_ms=11.243 ip_ms=7.768 total_ms=83.382 status=OK
[FPGA][MATMUL] tensor=blk.24.attn_q.weight layer=24 pos=0 phase=decode M=1 K=1152 N=1024 rows=256 col_beats=32 vpu_runs=12 io_ms=1.943 ip_ms=1.303 total_ms=13.757 status=OK
[FPGA][MATMUL] tensor=blk.24.attn_k.weight layer=24 pos=0 phase=decode M=1 K=1152 N=256 rows=256 col_beats=32 vpu_runs=3 io_ms=0.489 ip_ms=0.317 total_ms=3.441 status=OK
[FPGA][MATMUL] tensor=blk.24.attn_v.weight layer=24 pos=0 phase=decode M=1 K=1152 N=256 rows=256 col_beats=32 vpu_runs=3 io_ms=0.484 ip_ms=0.317 total_ms=3.426 status=OK
[FPGA][MATMUL] tensor=blk.24.attn_output.weight layer=24 pos=0 phase=decode M=1 K=1024 N=1152 rows=256 col_beats=32 vpu_runs=10 io_ms=1.624 ip_ms=1.136 total_ms=12.723 status=OK
[FPGA][MATMUL] tensor=blk.24.ffn_gate.weight layer=24 pos=0 phase=decode M=1 K=1152 N=6912 rows=256 col_beats=32 vpu_runs=81 io_ms=13.077 ip_ms=8.562 total_ms=92.742 status=OK
[FPGA][MATMUL] tensor=blk.24.ffn_up.weight layer=24 pos=0 phase=decode M=1 K=1152 N=6912 rows=256 col_beats=32 vpu_runs=81 io_ms=13.062 ip_ms=8.569 total_ms=92.769 status=OK
[FPGA][MATMUL] tensor=blk.24.ffn_down.weight layer=24 pos=0 phase=decode M=1 K=6912 N=1152 rows=256 col_beats=32 vpu_runs=70 io_ms=11.248 ip_ms=7.770 total_ms=83.524 status=OK
[FPGA][MATMUL] tensor=blk.25.attn_q.weight layer=25 pos=0 phase=decode M=1 K=1152 N=1024 rows=256 col_beats=32 vpu_runs=12 io_ms=1.937 ip_ms=1.267 total_ms=13.768 status=OK
[FPGA][MATMUL] tensor=blk.25.attn_k.weight layer=25 pos=0 phase=decode M=1 K=1152 N=256 rows=256 col_beats=32 vpu_runs=3 io_ms=0.484 ip_ms=0.317 total_ms=3.446 status=OK
[FPGA][MATMUL] tensor=blk.25.attn_v.weight layer=25 pos=0 phase=decode M=1 K=1152 N=256 rows=256 col_beats=32 vpu_runs=3 io_ms=0.484 ip_ms=0.318 total_ms=3.430 status=OK
[FPGA][MATMUL] tensor=blk.25.attn_output.weight layer=25 pos=0 phase=decode M=1 K=1024 N=1152 rows=256 col_beats=32 vpu_runs=10 io_ms=1.628 ip_ms=1.137 total_ms=12.748 status=OK
[FPGA][MATMUL] tensor=blk.25.ffn_gate.weight layer=25 pos=0 phase=decode M=1 K=1152 N=6912 rows=256 col_beats=32 vpu_runs=81 io_ms=13.056 ip_ms=8.570 total_ms=92.442 status=OK
[FPGA][MATMUL] tensor=blk.25.ffn_up.weight layer=25 pos=0 phase=decode M=1 K=1152 N=6912 rows=256 col_beats=32 vpu_runs=81 io_ms=13.073 ip_ms=8.561 total_ms=92.449 status=OK
[FPGA][MATMUL] tensor=blk.25.ffn_down.weight layer=25 pos=0 phase=decode M=1 K=6912 N=1152 rows=256 col_beats=32 vpu_runs=70 io_ms=11.243 ip_ms=7.766 total_ms=83.305 status=OK
[FPGA][MATMUL] tensor=token_embd.weight layer=0 pos=0 phase=decode M=1 K=1152 N=262144 rows=256 col_beats=32 vpu_runs=3072 io_ms=495.878 ip_ms=324.866 total_ms=3506.574 status=OK
[FPGA][MATMUL] tensor=blk.0.attn_q.weight layer=0 pos=0 phase=decode M=1 K=1152 N=1024 rows=256 col_beats=32 vpu_runs=12 io_ms=1.945 ip_ms=1.268 total_ms=13.738 status=OK
[FPGA][MATMUL] tensor=blk.0.attn_k.weight layer=0 pos=0 phase=decode M=1 K=1152 N=256 rows=256 col_beats=32 vpu_runs=3 io_ms=0.488 ip_ms=0.317 total_ms=3.447 status=OK
[FPGA][MATMUL] tensor=blk.0.attn_v.weight layer=0 pos=0 phase=decode M=1 K=1152 N=256 rows=256 col_beats=32 vpu_runs=3 io_ms=0.484 ip_ms=0.318 total_ms=3.438 status=OK
[FPGA][MATMUL] tensor=blk.0.attn_output.weight layer=0 pos=0 phase=decode M=1 K=1024 N=1152 rows=256 col_beats=32 vpu_runs=10 io_ms=1.626 ip_ms=1.137 total_ms=12.732 status=OK
[FPGA][MATMUL] tensor=blk.0.ffn_gate.weight layer=0 pos=0 phase=decode M=1 K=1152 N=6912 rows=256 col_beats=32 vpu_runs=81 io_ms=13.066 ip_ms=8.567 total_ms=92.361 status=OK
[FPGA][MATMUL] tensor=blk.0.ffn_up.weight layer=0 pos=0 phase=decode M=1 K=1152 N=6912 rows=256 col_beats=32 vpu_runs=81 io_ms=13.070 ip_ms=8.564 total_ms=92.406 status=OK
[FPGA][MATMUL] tensor=blk.0.ffn_down.weight layer=0 pos=0 phase=decode M=1 K=6912 N=1152 rows=256 col_beats=32 vpu_runs=70 io_ms=11.251 ip_ms=7.911 total_ms=83.430 status=OK
[FPGA][MATMUL] tensor=blk.1.attn_q.weight layer=1 pos=0 phase=decode M=1 K=1152 N=1024 rows=256 col_beats=32 vpu_runs=12 io_ms=1.941 ip_ms=1.269 total_ms=13.781 status=OK
[FPGA][MATMUL] tensor=blk.1.attn_k.weight layer=1 pos=0 phase=decode M=1 K=1152 N=256 rows=256 col_beats=32 vpu_runs=3 io_ms=0.489 ip_ms=0.317 total_ms=3.430 status=OK
[FPGA][MATMUL] tensor=blk.1.attn_v.weight layer=1 pos=0 phase=decode M=1 K=1152 N=256 rows=256 col_beats=32 vpu_runs=3 io_ms=0.486 ip_ms=0.317 total_ms=3.431 status=OK
[FPGA][MATMUL] tensor=blk.1.attn_output.weight layer=1 pos=0 phase=decode M=1 K=1024 N=1152 rows=256 col_beats=32 vpu_runs=10 io_ms=1.627 ip_ms=1.134 total_ms=12.750 status=OK
[FPGA][MATMUL] tensor=blk.1.ffn_gate.weight layer=1 pos=0 phase=decode M=1 K=1152 N=6912 rows=256 col_beats=32 vpu_runs=81 io_ms=13.108 ip_ms=8.565 total_ms=92.581 status=OK
[FPGA][MATMUL] tensor=blk.1.ffn_up.weight layer=1 pos=0 phase=decode M=1 K=1152 N=6912 rows=256 col_beats=32 vpu_runs=81 io_ms=13.087 ip_ms=8.562 total_ms=92.415 status=OK
[FPGA][MATMUL] tensor=blk.1.ffn_down.weight layer=1 pos=0 phase=decode M=1 K=6912 N=1152 rows=256 col_beats=32 vpu_runs=70 io_ms=11.244 ip_ms=7.764 total_ms=83.272 status=OK
[FPGA][MATMUL] tensor=blk.2.attn_q.weight layer=2 pos=0 phase=decode M=1 K=1152 N=1024 rows=256 col_beats=32 vpu_runs=12 io_ms=1.937 ip_ms=1.270 total_ms=13.708 status=OK
[FPGA][MATMUL] tensor=blk.2.attn_k.weight layer=2 pos=0 phase=decode M=1 K=1152 N=256 rows=256 col_beats=32 vpu_runs=3 io_ms=0.487 ip_ms=0.319 total_ms=3.448 status=OK
[FPGA][MATMUL] tensor=blk.2.attn_v.weight layer=2 pos=0 phase=decode M=1 K=1152 N=256 rows=256 col_beats=32 vpu_runs=3 io_ms=0.486 ip_ms=0.317 total_ms=3.447 status=OK
[FPGA][MATMUL] tensor=blk.2.attn_output.weight layer=2 pos=0 phase=decode M=1 K=1024 N=1152 rows=256 col_beats=32 vpu_runs=10 io_ms=1.633 ip_ms=1.135 total_ms=12.714 status=OK
[FPGA][MATMUL] tensor=blk.2.ffn_gate.weight layer=2 pos=0 phase=decode M=1 K=1152 N=6912 rows=256 col_beats=32 vpu_runs=81 io_ms=13.070 ip_ms=8.560 total_ms=92.389 status=OK
[FPGA][MATMUL] tensor=blk.2.ffn_up.weight layer=2 pos=0 phase=decode M=1 K=1152 N=6912 rows=256 col_beats=32 vpu_runs=81 io_ms=13.069 ip_ms=8.567 total_ms=92.406 status=OK
[FPGA][MATMUL] tensor=blk.2.ffn_down.weight layer=2 pos=0 phase=decode M=1 K=6912 N=1152 rows=256 col_beats=32 vpu_runs=70 io_ms=11.246 ip_ms=7.765 total_ms=83.631 status=OK
[FPGA][MATMUL] tensor=blk.3.attn_q.weight layer=3 pos=0 phase=decode M=1 K=1152 N=1024 rows=256 col_beats=32 vpu_runs=12 io_ms=1.940 ip_ms=1.269 total_ms=13.734 status=OK
[FPGA][MATMUL] tensor=blk.3.attn_k.weight layer=3 pos=0 phase=decode M=1 K=1152 N=256 rows=256 col_beats=32 vpu_runs=3 io_ms=0.487 ip_ms=0.317 total_ms=3.445 status=OK
[FPGA][MATMUL] tensor=blk.3.attn_v.weight layer=3 pos=0 phase=decode M=1 K=1152 N=256 rows=256 col_beats=32 vpu_runs=3 io_ms=0.485 ip_ms=0.318 total_ms=3.447 status=OK
[FPGA][MATMUL] tensor=blk.3.attn_output.weight layer=3 pos=0 phase=decode M=1 K=1024 N=1152 rows=256 col_beats=32 vpu_runs=10 io_ms=1.631 ip_ms=1.135 total_ms=12.829 status=OK
[FPGA][MATMUL] tensor=blk.3.ffn_gate.weight layer=3 pos=0 phase=decode M=1 K=1152 N=6912 rows=256 col_beats=32 vpu_runs=81 io_ms=13.081 ip_ms=8.561 total_ms=92.874 status=OK
[FPGA][MATMUL] tensor=blk.3.ffn_up.weight layer=3 pos=0 phase=decode M=1 K=1152 N=6912 rows=256 col_beats=32 vpu_runs=81 io_ms=13.062 ip_ms=8.567 total_ms=92.901 status=OK
[FPGA][MATMUL] tensor=blk.3.ffn_down.weight layer=3 pos=0 phase=decode M=1 K=6912 N=1152 rows=256 col_beats=32 vpu_runs=70 io_ms=11.242 ip_ms=7.768 total_ms=83.703 status=OK
[FPGA][MATMUL] tensor=blk.4.attn_q.weight layer=4 pos=0 phase=decode M=1 K=1152 N=1024 rows=256 col_beats=32 vpu_runs=12 io_ms=1.944 ip_ms=1.270 total_ms=13.814 status=OK
[FPGA][MATMUL] tensor=blk.4.attn_k.weight layer=4 pos=0 phase=decode M=1 K=1152 N=256 rows=256 col_beats=32 vpu_runs=3 io_ms=0.488 ip_ms=0.317 total_ms=3.457 status=OK
[FPGA][MATMUL] tensor=blk.4.attn_v.weight layer=4 pos=0 phase=decode M=1 K=1152 N=256 rows=256 col_beats=32 vpu_runs=3 io_ms=0.485 ip_ms=0.317 total_ms=3.447 status=OK
[FPGA][MATMUL] tensor=blk.4.attn_output.weight layer=4 pos=0 phase=decode M=1 K=1024 N=1152 rows=256 col_beats=32 vpu_runs=10 io_ms=1.629 ip_ms=1.136 total_ms=12.755 status=OK
[FPGA][MATMUL] tensor=blk.4.ffn_gate.weight layer=4 pos=0 phase=decode M=1 K=1152 N=6912 rows=256 col_beats=32 vpu_runs=81 io_ms=13.070 ip_ms=8.563 total_ms=92.903 status=OK
[FPGA][MATMUL] tensor=blk.4.ffn_up.weight layer=4 pos=0 phase=decode M=1 K=1152 N=6912 rows=256 col_beats=32 vpu_runs=81 io_ms=13.093 ip_ms=8.567 total_ms=92.580 status=OK
[FPGA][MATMUL] tensor=blk.4.ffn_down.weight layer=4 pos=0 phase=decode M=1 K=6912 N=1152 rows=256 col_beats=32 vpu_runs=70 io_ms=11.249 ip_ms=7.768 total_ms=83.540 status=OK
[FPGA][MATMUL] tensor=blk.5.attn_q.weight layer=5 pos=0 phase=decode M=1 K=1152 N=1024 rows=256 col_beats=32 vpu_runs=12 io_ms=1.944 ip_ms=1.268 total_ms=13.800 status=OK
[FPGA][MATMUL] tensor=blk.5.attn_k.weight layer=5 pos=0 phase=decode M=1 K=1152 N=256 rows=256 col_beats=32 vpu_runs=3 io_ms=0.487 ip_ms=0.326 total_ms=3.474 status=OK
[FPGA][MATMUL] tensor=blk.5.attn_v.weight layer=5 pos=0 phase=decode M=1 K=1152 N=256 rows=256 col_beats=32 vpu_runs=3 io_ms=0.485 ip_ms=0.317 total_ms=3.443 status=OK
[FPGA][MATMUL] tensor=blk.5.attn_output.weight layer=5 pos=0 phase=decode M=1 K=1024 N=1152 rows=256 col_beats=32 vpu_runs=10 io_ms=1.632 ip_ms=1.136 total_ms=12.830 status=OK
[FPGA][MATMUL] tensor=blk.5.ffn_gate.weight layer=5 pos=0 phase=decode M=1 K=1152 N=6912 rows=256 col_beats=32 vpu_runs=81 io_ms=13.071 ip_ms=8.590 total_ms=92.712 status=OK
[FPGA][MATMUL] tensor=blk.5.ffn_up.weight layer=5 pos=0 phase=decode M=1 K=1152 N=6912 rows=256 col_beats=32 vpu_runs=81 io_ms=13.088 ip_ms=8.558 total_ms=92.609 status=OK
[FPGA][MATMUL] tensor=blk.5.ffn_down.weight layer=5 pos=0 phase=decode M=1 K=6912 N=1152 rows=256 col_beats=32 vpu_runs=70 io_ms=11.235 ip_ms=7.767 total_ms=83.484 status=OK
[FPGA][MATMUL] tensor=blk.6.attn_q.weight layer=6 pos=0 phase=decode M=1 K=1152 N=1024 rows=256 col_beats=32 vpu_runs=12 io_ms=1.935 ip_ms=1.272 total_ms=13.720 status=OK
[FPGA][MATMUL] tensor=blk.6.attn_k.weight layer=6 pos=0 phase=decode M=1 K=1152 N=256 rows=256 col_beats=32 vpu_runs=3 io_ms=0.486 ip_ms=0.318 total_ms=3.443 status=OK
[FPGA][MATMUL] tensor=blk.6.attn_v.weight layer=6 pos=0 phase=decode M=1 K=1152 N=256 rows=256 col_beats=32 vpu_runs=3 io_ms=0.485 ip_ms=0.318 total_ms=3.440 status=OK
[FPGA][MATMUL] tensor=blk.6.attn_output.weight layer=6 pos=0 phase=decode M=1 K=1024 N=1152 rows=256 col_beats=32 vpu_runs=10 io_ms=1.632 ip_ms=1.136 total_ms=12.725 status=OK
[FPGA][MATMUL] tensor=blk.6.ffn_gate.weight layer=6 pos=0 phase=decode M=1 K=1152 N=6912 rows=256 col_beats=32 vpu_runs=81 io_ms=13.081 ip_ms=8.564 total_ms=92.445 status=OK
[FPGA][MATMUL] tensor=blk.6.ffn_up.weight layer=6 pos=0 phase=decode M=1 K=1152 N=6912 rows=256 col_beats=32 vpu_runs=81 io_ms=13.080 ip_ms=8.565 total_ms=92.459 status=OK
[FPGA][MATMUL] tensor=blk.6.ffn_down.weight layer=6 pos=0 phase=decode M=1 K=6912 N=1152 rows=256 col_beats=32 vpu_runs=70 io_ms=11.233 ip_ms=7.768 total_ms=83.320 status=OK
[FPGA][MATMUL] tensor=blk.7.attn_q.weight layer=7 pos=0 phase=decode M=1 K=1152 N=1024 rows=256 col_beats=32 vpu_runs=12 io_ms=1.934 ip_ms=1.277 total_ms=13.696 status=OK
[FPGA][MATMUL] tensor=blk.7.attn_k.weight layer=7 pos=0 phase=decode M=1 K=1152 N=256 rows=256 col_beats=32 vpu_runs=3 io_ms=0.487 ip_ms=0.318 total_ms=3.456 status=OK
[FPGA][MATMUL] tensor=blk.7.attn_v.weight layer=7 pos=0 phase=decode M=1 K=1152 N=256 rows=256 col_beats=32 vpu_runs=3 io_ms=0.488 ip_ms=0.317 total_ms=3.418 status=OK
[FPGA][MATMUL] tensor=blk.7.attn_output.weight layer=7 pos=0 phase=decode M=1 K=1024 N=1152 rows=256 col_beats=32 vpu_runs=10 io_ms=1.631 ip_ms=1.135 total_ms=12.684 status=OK
[FPGA][MATMUL] tensor=blk.7.ffn_gate.weight layer=7 pos=0 phase=decode M=1 K=1152 N=6912 rows=256 col_beats=32 vpu_runs=81 io_ms=13.074 ip_ms=8.560 total_ms=92.564 status=OK
[FPGA][MATMUL] tensor=blk.7.ffn_up.weight layer=7 pos=0 phase=decode M=1 K=1152 N=6912 rows=256 col_beats=32 vpu_runs=81 io_ms=13.076 ip_ms=8.563 total_ms=92.824 status=OK
[FPGA][MATMUL] tensor=blk.7.ffn_down.weight layer=7 pos=0 phase=decode M=1 K=6912 N=1152 rows=256 col_beats=32 vpu_runs=70 io_ms=11.230 ip_ms=7.769 total_ms=83.925 status=OK
[FPGA][MATMUL] tensor=blk.8.attn_q.weight layer=8 pos=0 phase=decode M=1 K=1152 N=1024 rows=256 col_beats=32 vpu_runs=12 io_ms=1.935 ip_ms=1.270 total_ms=13.777 status=OK
[FPGA][MATMUL] tensor=blk.8.attn_k.weight layer=8 pos=0 phase=decode M=1 K=1152 N=256 rows=256 col_beats=32 vpu_runs=3 io_ms=0.484 ip_ms=0.317 total_ms=3.461 status=OK
[FPGA][MATMUL] tensor=blk.8.attn_v.weight layer=8 pos=0 phase=decode M=1 K=1152 N=256 rows=256 col_beats=32 vpu_runs=3 io_ms=0.484 ip_ms=0.317 total_ms=3.445 status=OK
[FPGA][MATMUL] tensor=blk.8.attn_output.weight layer=8 pos=0 phase=decode M=1 K=1024 N=1152 rows=256 col_beats=32 vpu_runs=10 io_ms=1.629 ip_ms=1.136 total_ms=12.713 status=OK
[FPGA][MATMUL] tensor=blk.8.ffn_gate.weight layer=8 pos=0 phase=decode M=1 K=1152 N=6912 rows=256 col_beats=32 vpu_runs=81 io_ms=13.073 ip_ms=8.572 total_ms=92.563 status=OK
[FPGA][MATMUL] tensor=blk.8.ffn_up.weight layer=8 pos=0 phase=decode M=1 K=1152 N=6912 rows=256 col_beats=32 vpu_runs=81 io_ms=13.077 ip_ms=8.570 total_ms=92.981 status=OK
[FPGA][MATMUL] tensor=blk.8.ffn_down.weight layer=8 pos=0 phase=decode M=1 K=6912 N=1152 rows=256 col_beats=32 vpu_runs=70 io_ms=11.249 ip_ms=7.764 total_ms=83.713 status=OK
[FPGA][MATMUL] tensor=blk.9.attn_q.weight layer=9 pos=0 phase=decode M=1 K=1152 N=1024 rows=256 col_beats=32 vpu_runs=12 io_ms=1.944 ip_ms=1.269 total_ms=13.685 status=OK
[FPGA][MATMUL] tensor=blk.9.attn_k.weight layer=9 pos=0 phase=decode M=1 K=1152 N=256 rows=256 col_beats=32 vpu_runs=3 io_ms=0.489 ip_ms=0.318 total_ms=3.459 status=OK
[FPGA][MATMUL] tensor=blk.9.attn_v.weight layer=9 pos=0 phase=decode M=1 K=1152 N=256 rows=256 col_beats=32 vpu_runs=3 io_ms=0.485 ip_ms=0.317 total_ms=3.444 status=OK
[FPGA][MATMUL] tensor=blk.9.attn_output.weight layer=9 pos=0 phase=decode M=1 K=1024 N=1152 rows=256 col_beats=32 vpu_runs=10 io_ms=1.625 ip_ms=1.135 total_ms=12.723 status=OK
[FPGA][MATMUL] tensor=blk.9.ffn_gate.weight layer=9 pos=0 phase=decode M=1 K=1152 N=6912 rows=256 col_beats=32 vpu_runs=81 io_ms=13.088 ip_ms=8.566 total_ms=92.374 status=OK
[FPGA][MATMUL] tensor=blk.9.ffn_up.weight layer=9 pos=0 phase=decode M=1 K=1152 N=6912 rows=256 col_beats=32 vpu_runs=81 io_ms=13.070 ip_ms=8.574 total_ms=92.440 status=OK
[FPGA][MATMUL] tensor=blk.9.ffn_down.weight layer=9 pos=0 phase=decode M=1 K=6912 N=1152 rows=256 col_beats=32 vpu_runs=70 io_ms=11.248 ip_ms=7.769 total_ms=83.635 status=OK
[FPGA][MATMUL] tensor=blk.10.attn_q.weight layer=10 pos=0 phase=decode M=1 K=1152 N=1024 rows=256 col_beats=32 vpu_runs=12 io_ms=1.939 ip_ms=1.269 total_ms=13.765 status=OK
[FPGA][MATMUL] tensor=blk.10.attn_k.weight layer=10 pos=0 phase=decode M=1 K=1152 N=256 rows=256 col_beats=32 vpu_runs=3 io_ms=0.488 ip_ms=0.317 total_ms=3.483 status=OK
[FPGA][MATMUL] tensor=blk.10.attn_v.weight layer=10 pos=0 phase=decode M=1 K=1152 N=256 rows=256 col_beats=32 vpu_runs=3 io_ms=0.488 ip_ms=0.317 total_ms=3.425 status=OK
[FPGA][MATMUL] tensor=blk.10.attn_output.weight layer=10 pos=0 phase=decode M=1 K=1024 N=1152 rows=256 col_beats=32 vpu_runs=10 io_ms=1.624 ip_ms=1.136 total_ms=12.744 status=OK
[FPGA][MATMUL] tensor=blk.10.ffn_gate.weight layer=10 pos=0 phase=decode M=1 K=1152 N=6912 rows=256 col_beats=32 vpu_runs=81 io_ms=13.073 ip_ms=8.563 total_ms=92.678 status=OK
[FPGA][MATMUL] tensor=blk.10.ffn_up.weight layer=10 pos=0 phase=decode M=1 K=1152 N=6912 rows=256 col_beats=32 vpu_runs=81 io_ms=13.069 ip_ms=8.602 total_ms=92.470 status=OK
[FPGA][MATMUL] tensor=blk.10.ffn_down.weight layer=10 pos=0 phase=decode M=1 K=6912 N=1152 rows=256 col_beats=32 vpu_runs=70 io_ms=11.242 ip_ms=7.770 total_ms=83.533 status=OK
[FPGA][MATMUL] tensor=blk.11.attn_q.weight layer=11 pos=0 phase=decode M=1 K=1152 N=1024 rows=256 col_beats=32 vpu_runs=12 io_ms=1.942 ip_ms=1.268 total_ms=13.679 status=OK
[FPGA][MATMUL] tensor=blk.11.attn_k.weight layer=11 pos=0 phase=decode M=1 K=1152 N=256 rows=256 col_beats=32 vpu_runs=3 io_ms=0.488 ip_ms=0.317 total_ms=3.468 status=OK
[FPGA][MATMUL] tensor=blk.11.attn_v.weight layer=11 pos=0 phase=decode M=1 K=1152 N=256 rows=256 col_beats=32 vpu_runs=3 io_ms=0.486 ip_ms=0.317 total_ms=3.458 status=OK
[FPGA][MATMUL] tensor=blk.11.attn_output.weight layer=11 pos=0 phase=decode M=1 K=1024 N=1152 rows=256 col_beats=32 vpu_runs=10 io_ms=1.625 ip_ms=1.136 total_ms=12.844 status=OK
[FPGA][MATMUL] tensor=blk.11.ffn_gate.weight layer=11 pos=0 phase=decode M=1 K=1152 N=6912 rows=256 col_beats=32 vpu_runs=81 io_ms=13.080 ip_ms=8.570 total_ms=92.468 status=OK
[FPGA][MATMUL] tensor=blk.11.ffn_up.weight layer=11 pos=0 phase=decode M=1 K=1152 N=6912 rows=256 col_beats=32 vpu_runs=81 io_ms=13.064 ip_ms=8.564 total_ms=92.395 status=OK
[FPGA][MATMUL] tensor=blk.11.ffn_down.weight layer=11 pos=0 phase=decode M=1 K=6912 N=1152 rows=256 col_beats=32 vpu_runs=70 io_ms=11.252 ip_ms=7.776 total_ms=83.500 status=OK
[FPGA][MATMUL] tensor=blk.12.attn_q.weight layer=12 pos=0 phase=decode M=1 K=1152 N=1024 rows=256 col_beats=32 vpu_runs=12 io_ms=1.935 ip_ms=1.271 total_ms=13.697 status=OK
[FPGA][MATMUL] tensor=blk.12.attn_k.weight layer=12 pos=0 phase=decode M=1 K=1152 N=256 rows=256 col_beats=32 vpu_runs=3 io_ms=0.487 ip_ms=0.317 total_ms=3.456 status=OK
[FPGA][MATMUL] tensor=blk.12.attn_v.weight layer=12 pos=0 phase=decode M=1 K=1152 N=256 rows=256 col_beats=32 vpu_runs=3 io_ms=0.483 ip_ms=0.317 total_ms=3.436 status=OK
[FPGA][MATMUL] tensor=blk.12.attn_output.weight layer=12 pos=0 phase=decode M=1 K=1024 N=1152 rows=256 col_beats=32 vpu_runs=10 io_ms=1.627 ip_ms=1.137 total_ms=12.728 status=OK
[FPGA][MATMUL] tensor=blk.12.ffn_gate.weight layer=12 pos=0 phase=decode M=1 K=1152 N=6912 rows=256 col_beats=32 vpu_runs=81 io_ms=13.070 ip_ms=8.561 total_ms=92.503 status=OK
[FPGA][MATMUL] tensor=blk.12.ffn_up.weight layer=12 pos=0 phase=decode M=1 K=1152 N=6912 rows=256 col_beats=32 vpu_runs=81 io_ms=13.068 ip_ms=8.564 total_ms=92.478 status=OK
[FPGA][MATMUL] tensor=blk.12.ffn_down.weight layer=12 pos=0 phase=decode M=1 K=6912 N=1152 rows=256 col_beats=32 vpu_runs=70 io_ms=11.259 ip_ms=7.776 total_ms=83.398 status=OK
[FPGA][MATMUL] tensor=blk.13.attn_q.weight layer=13 pos=0 phase=decode M=1 K=1152 N=1024 rows=256 col_beats=32 vpu_runs=12 io_ms=1.939 ip_ms=1.268 total_ms=13.795 status=OK
[FPGA][MATMUL] tensor=blk.13.attn_k.weight layer=13 pos=0 phase=decode M=1 K=1152 N=256 rows=256 col_beats=32 vpu_runs=3 io_ms=0.486 ip_ms=0.318 total_ms=3.452 status=OK
[FPGA][MATMUL] tensor=blk.13.attn_v.weight layer=13 pos=0 phase=decode M=1 K=1152 N=256 rows=256 col_beats=32 vpu_runs=3 io_ms=0.484 ip_ms=0.318 total_ms=3.427 status=OK
[FPGA][MATMUL] tensor=blk.13.attn_output.weight layer=13 pos=0 phase=decode M=1 K=1024 N=1152 rows=256 col_beats=32 vpu_runs=10 io_ms=1.626 ip_ms=1.137 total_ms=12.786 status=OK
[FPGA][MATMUL] tensor=blk.13.ffn_gate.weight layer=13 pos=0 phase=decode M=1 K=1152 N=6912 rows=256 col_beats=32 vpu_runs=81 io_ms=13.079 ip_ms=8.565 total_ms=92.439 status=OK
[FPGA][MATMUL] tensor=blk.13.ffn_up.weight layer=13 pos=0 phase=decode M=1 K=1152 N=6912 rows=256 col_beats=32 vpu_runs=81 io_ms=13.064 ip_ms=8.561 total_ms=92.408 status=OK
[FPGA][MATMUL] tensor=blk.13.ffn_down.weight layer=13 pos=0 phase=decode M=1 K=6912 N=1152 rows=256 col_beats=32 vpu_runs=70 io_ms=11.241 ip_ms=7.773 total_ms=83.514 status=OK
[FPGA][MATMUL] tensor=blk.14.attn_q.weight layer=14 pos=0 phase=decode M=1 K=1152 N=1024 rows=256 col_beats=32 vpu_runs=12 io_ms=1.939 ip_ms=1.269 total_ms=13.713 status=OK
[FPGA][MATMUL] tensor=blk.14.attn_k.weight layer=14 pos=0 phase=decode M=1 K=1152 N=256 rows=256 col_beats=32 vpu_runs=3 io_ms=0.487 ip_ms=0.317 total_ms=3.441 status=OK
[FPGA][MATMUL] tensor=blk.14.attn_v.weight layer=14 pos=0 phase=decode M=1 K=1152 N=256 rows=256 col_beats=32 vpu_runs=3 io_ms=0.485 ip_ms=0.318 total_ms=3.434 status=OK
[FPGA][MATMUL] tensor=blk.14.attn_output.weight layer=14 pos=0 phase=decode M=1 K=1024 N=1152 rows=256 col_beats=32 vpu_runs=10 io_ms=1.627 ip_ms=1.136 total_ms=12.736 status=OK
[FPGA][MATMUL] tensor=blk.14.ffn_gate.weight layer=14 pos=0 phase=decode M=1 K=1152 N=6912 rows=256 col_beats=32 vpu_runs=81 io_ms=13.240 ip_ms=8.561 total_ms=92.729 status=OK
[FPGA][MATMUL] tensor=blk.14.ffn_up.weight layer=14 pos=0 phase=decode M=1 K=1152 N=6912 rows=256 col_beats=32 vpu_runs=81 io_ms=13.082 ip_ms=8.611 total_ms=92.505 status=OK
[FPGA][MATMUL] tensor=blk.14.ffn_down.weight layer=14 pos=0 phase=decode M=1 K=6912 N=1152 rows=256 col_beats=32 vpu_runs=70 io_ms=11.244 ip_ms=7.780 total_ms=83.356 status=OK
[FPGA][MATMUL] tensor=blk.15.attn_q.weight layer=15 pos=0 phase=decode M=1 K=1152 N=1024 rows=256 col_beats=32 vpu_runs=12 io_ms=1.938 ip_ms=1.271 total_ms=13.709 status=OK
[FPGA][MATMUL] tensor=blk.15.attn_k.weight layer=15 pos=0 phase=decode M=1 K=1152 N=256 rows=256 col_beats=32 vpu_runs=3 io_ms=0.489 ip_ms=0.317 total_ms=3.444 status=OK
[FPGA][MATMUL] tensor=blk.15.attn_v.weight layer=15 pos=0 phase=decode M=1 K=1152 N=256 rows=256 col_beats=32 vpu_runs=3 io_ms=0.486 ip_ms=0.317 total_ms=3.431 status=OK
[FPGA][MATMUL] tensor=blk.15.attn_output.weight layer=15 pos=0 phase=decode M=1 K=1024 N=1152 rows=256 col_beats=32 vpu_runs=10 io_ms=1.629 ip_ms=1.137 total_ms=12.773 status=OK
[FPGA][MATMUL] tensor=blk.15.ffn_gate.weight layer=15 pos=0 phase=decode M=1 K=1152 N=6912 rows=256 col_beats=32 vpu_runs=81 io_ms=13.071 ip_ms=8.562 total_ms=92.402 status=OK
[FPGA][MATMUL] tensor=blk.15.ffn_up.weight layer=15 pos=0 phase=decode M=1 K=1152 N=6912 rows=256 col_beats=32 vpu_runs=81 io_ms=13.063 ip_ms=8.564 total_ms=92.491 status=OK
[FPGA][MATMUL] tensor=blk.15.ffn_down.weight layer=15 pos=0 phase=decode M=1 K=6912 N=1152 rows=256 col_beats=32 vpu_runs=70 io_ms=11.241 ip_ms=7.770 total_ms=83.323 status=OK
[FPGA][MATMUL] tensor=blk.16.attn_q.weight layer=16 pos=0 phase=decode M=1 K=1152 N=1024 rows=256 col_beats=32 vpu_runs=12 io_ms=1.938 ip_ms=1.267 total_ms=13.732 status=OK
[FPGA][MATMUL] tensor=blk.16.attn_k.weight layer=16 pos=0 phase=decode M=1 K=1152 N=256 rows=256 col_beats=32 vpu_runs=3 io_ms=0.487 ip_ms=0.317 total_ms=3.424 status=OK
[FPGA][MATMUL] tensor=blk.16.attn_v.weight layer=16 pos=0 phase=decode M=1 K=1152 N=256 rows=256 col_beats=32 vpu_runs=3 io_ms=0.486 ip_ms=0.317 total_ms=3.428 status=OK
[FPGA][MATMUL] tensor=blk.16.attn_output.weight layer=16 pos=0 phase=decode M=1 K=1024 N=1152 rows=256 col_beats=32 vpu_runs=10 io_ms=1.625 ip_ms=1.136 total_ms=12.766 status=OK
[FPGA][MATMUL] tensor=blk.16.ffn_gate.weight layer=16 pos=0 phase=decode M=1 K=1152 N=6912 rows=256 col_beats=32 vpu_runs=81 io_ms=13.097 ip_ms=8.562 total_ms=92.426 status=OK
[FPGA][MATMUL] tensor=blk.16.ffn_up.weight layer=16 pos=0 phase=decode M=1 K=1152 N=6912 rows=256 col_beats=32 vpu_runs=81 io_ms=13.065 ip_ms=8.564 total_ms=92.475 status=OK
[FPGA][MATMUL] tensor=blk.16.ffn_down.weight layer=16 pos=0 phase=decode M=1 K=6912 N=1152 rows=256 col_beats=32 vpu_runs=70 io_ms=11.245 ip_ms=7.768 total_ms=83.308 status=OK
[FPGA][MATMUL] tensor=blk.17.attn_q.weight layer=17 pos=0 phase=decode M=1 K=1152 N=1024 rows=256 col_beats=32 vpu_runs=12 io_ms=1.941 ip_ms=1.271 total_ms=13.874 status=OK
[FPGA][MATMUL] tensor=blk.17.attn_k.weight layer=17 pos=0 phase=decode M=1 K=1152 N=256 rows=256 col_beats=32 vpu_runs=3 io_ms=0.487 ip_ms=0.317 total_ms=3.465 status=OK
[FPGA][MATMUL] tensor=blk.17.attn_v.weight layer=17 pos=0 phase=decode M=1 K=1152 N=256 rows=256 col_beats=32 vpu_runs=3 io_ms=0.486 ip_ms=0.317 total_ms=3.437 status=OK
[FPGA][MATMUL] tensor=blk.17.attn_output.weight layer=17 pos=0 phase=decode M=1 K=1024 N=1152 rows=256 col_beats=32 vpu_runs=10 io_ms=1.628 ip_ms=1.136 total_ms=12.770 status=OK
[FPGA][MATMUL] tensor=blk.17.ffn_gate.weight layer=17 pos=0 phase=decode M=1 K=1152 N=6912 rows=256 col_beats=32 vpu_runs=81 io_ms=13.118 ip_ms=8.562 total_ms=92.845 status=OK
[FPGA][MATMUL] tensor=blk.17.ffn_up.weight layer=17 pos=0 phase=decode M=1 K=1152 N=6912 rows=256 col_beats=32 vpu_runs=81 io_ms=13.067 ip_ms=8.595 total_ms=92.667 status=OK
[FPGA][MATMUL] tensor=blk.17.ffn_down.weight layer=17 pos=0 phase=decode M=1 K=6912 N=1152 rows=256 col_beats=32 vpu_runs=70 io_ms=11.247 ip_ms=7.762 total_ms=83.826 status=OK
[FPGA][MATMUL] tensor=blk.18.attn_q.weight layer=18 pos=0 phase=decode M=1 K=1152 N=1024 rows=256 col_beats=32 vpu_runs=12 io_ms=1.941 ip_ms=1.267 total_ms=13.676 status=OK
[FPGA][MATMUL] tensor=blk.18.attn_k.weight layer=18 pos=0 phase=decode M=1 K=1152 N=256 rows=256 col_beats=32 vpu_runs=3 io_ms=0.487 ip_ms=0.317 total_ms=3.465 status=OK
[FPGA][MATMUL] tensor=blk.18.attn_v.weight layer=18 pos=0 phase=decode M=1 K=1152 N=256 rows=256 col_beats=32 vpu_runs=3 io_ms=0.485 ip_ms=0.317 total_ms=3.446 status=OK
[FPGA][MATMUL] tensor=blk.18.attn_output.weight layer=18 pos=0 phase=decode M=1 K=1024 N=1152 rows=256 col_beats=32 vpu_runs=10 io_ms=1.628 ip_ms=1.136 total_ms=12.805 status=OK
[FPGA][MATMUL] tensor=blk.18.ffn_gate.weight layer=18 pos=0 phase=decode M=1 K=1152 N=6912 rows=256 col_beats=32 vpu_runs=81 io_ms=13.070 ip_ms=8.563 total_ms=92.484 status=OK
[FPGA][MATMUL] tensor=blk.18.ffn_up.weight layer=18 pos=0 phase=decode M=1 K=1152 N=6912 rows=256 col_beats=32 vpu_runs=81 io_ms=13.057 ip_ms=8.564 total_ms=92.982 status=OK
[FPGA][MATMUL] tensor=blk.18.ffn_down.weight layer=18 pos=0 phase=decode M=1 K=6912 N=1152 rows=256 col_beats=32 vpu_runs=70 io_ms=11.248 ip_ms=7.776 total_ms=83.539 status=OK
[FPGA][MATMUL] tensor=blk.19.attn_q.weight layer=19 pos=0 phase=decode M=1 K=1152 N=1024 rows=256 col_beats=32 vpu_runs=12 io_ms=1.936 ip_ms=1.269 total_ms=13.704 status=OK
[FPGA][MATMUL] tensor=blk.19.attn_k.weight layer=19 pos=0 phase=decode M=1 K=1152 N=256 rows=256 col_beats=32 vpu_runs=3 io_ms=0.489 ip_ms=0.317 total_ms=3.433 status=OK
[FPGA][MATMUL] tensor=blk.19.attn_v.weight layer=19 pos=0 phase=decode M=1 K=1152 N=256 rows=256 col_beats=32 vpu_runs=3 io_ms=0.486 ip_ms=0.317 total_ms=3.425 status=OK
[FPGA][MATMUL] tensor=blk.19.attn_output.weight layer=19 pos=0 phase=decode M=1 K=1024 N=1152 rows=256 col_beats=32 vpu_runs=10 io_ms=1.626 ip_ms=1.137 total_ms=12.704 status=OK
[FPGA][MATMUL] tensor=blk.19.ffn_gate.weight layer=19 pos=0 phase=decode M=1 K=1152 N=6912 rows=256 col_beats=32 vpu_runs=81 io_ms=13.085 ip_ms=8.564 total_ms=92.408 status=OK
[FPGA][MATMUL] tensor=blk.19.ffn_up.weight layer=19 pos=0 phase=decode M=1 K=1152 N=6912 rows=256 col_beats=32 vpu_runs=81 io_ms=13.067 ip_ms=8.562 total_ms=92.455 status=OK
[FPGA][MATMUL] tensor=blk.19.ffn_down.weight layer=19 pos=0 phase=decode M=1 K=6912 N=1152 rows=256 col_beats=32 vpu_runs=70 io_ms=11.265 ip_ms=7.763 total_ms=83.321 status=OK
[FPGA][MATMUL] tensor=blk.20.attn_q.weight layer=20 pos=0 phase=decode M=1 K=1152 N=1024 rows=256 col_beats=32 vpu_runs=12 io_ms=1.940 ip_ms=1.269 total_ms=13.756 status=OK
[FPGA][MATMUL] tensor=blk.20.attn_k.weight layer=20 pos=0 phase=decode M=1 K=1152 N=256 rows=256 col_beats=32 vpu_runs=3 io_ms=0.484 ip_ms=0.319 total_ms=3.438 status=OK
[FPGA][MATMUL] tensor=blk.20.attn_v.weight layer=20 pos=0 phase=decode M=1 K=1152 N=256 rows=256 col_beats=32 vpu_runs=3 io_ms=0.485 ip_ms=0.317 total_ms=3.427 status=OK
[FPGA][MATMUL] tensor=blk.20.attn_output.weight layer=20 pos=0 phase=decode M=1 K=1024 N=1152 rows=256 col_beats=32 vpu_runs=10 io_ms=1.628 ip_ms=1.137 total_ms=12.727 status=OK
[FPGA][MATMUL] tensor=blk.20.ffn_gate.weight layer=20 pos=0 phase=decode M=1 K=1152 N=6912 rows=256 col_beats=32 vpu_runs=81 io_ms=13.086 ip_ms=8.564 total_ms=92.448 status=OK
[FPGA][MATMUL] tensor=blk.20.ffn_up.weight layer=20 pos=0 phase=decode M=1 K=1152 N=6912 rows=256 col_beats=32 vpu_runs=81 io_ms=13.101 ip_ms=8.562 total_ms=92.370 status=OK
[FPGA][MATMUL] tensor=blk.20.ffn_down.weight layer=20 pos=0 phase=decode M=1 K=6912 N=1152 rows=256 col_beats=32 vpu_runs=70 io_ms=11.236 ip_ms=7.765 total_ms=83.295 status=OK
[FPGA][MATMUL] tensor=blk.21.attn_q.weight layer=21 pos=0 phase=decode M=1 K=1152 N=1024 rows=256 col_beats=32 vpu_runs=12 io_ms=1.942 ip_ms=1.270 total_ms=13.872 status=OK
[FPGA][MATMUL] tensor=blk.21.attn_k.weight layer=21 pos=0 phase=decode M=1 K=1152 N=256 rows=256 col_beats=32 vpu_runs=3 io_ms=0.484 ip_ms=0.317 total_ms=3.489 status=OK
[FPGA][MATMUL] tensor=blk.21.attn_v.weight layer=21 pos=0 phase=decode M=1 K=1152 N=256 rows=256 col_beats=32 vpu_runs=3 io_ms=0.485 ip_ms=0.317 total_ms=3.426 status=OK
[FPGA][MATMUL] tensor=blk.21.attn_output.weight layer=21 pos=0 phase=decode M=1 K=1024 N=1152 rows=256 col_beats=32 vpu_runs=10 io_ms=1.626 ip_ms=1.136 total_ms=12.750 status=OK
[FPGA][MATMUL] tensor=blk.21.ffn_gate.weight layer=21 pos=0 phase=decode M=1 K=1152 N=6912 rows=256 col_beats=32 vpu_runs=81 io_ms=13.063 ip_ms=8.561 total_ms=92.471 status=OK
[FPGA][MATMUL] tensor=blk.21.ffn_up.weight layer=21 pos=0 phase=decode M=1 K=1152 N=6912 rows=256 col_beats=32 vpu_runs=81 io_ms=13.080 ip_ms=8.561 total_ms=92.367 status=OK
[FPGA][MATMUL] tensor=blk.21.ffn_down.weight layer=21 pos=0 phase=decode M=1 K=6912 N=1152 rows=256 col_beats=32 vpu_runs=70 io_ms=11.234 ip_ms=7.763 total_ms=83.238 status=OK
[FPGA][MATMUL] tensor=blk.22.attn_q.weight layer=22 pos=0 phase=decode M=1 K=1152 N=1024 rows=256 col_beats=32 vpu_runs=12 io_ms=1.938 ip_ms=1.269 total_ms=13.715 status=OK
[FPGA][MATMUL] tensor=blk.22.attn_k.weight layer=22 pos=0 phase=decode M=1 K=1152 N=256 rows=256 col_beats=32 vpu_runs=3 io_ms=0.488 ip_ms=0.317 total_ms=3.436 status=OK
[FPGA][MATMUL] tensor=blk.22.attn_v.weight layer=22 pos=0 phase=decode M=1 K=1152 N=256 rows=256 col_beats=32 vpu_runs=3 io_ms=0.486 ip_ms=0.317 total_ms=3.423 status=OK
[FPGA][MATMUL] tensor=blk.22.attn_output.weight layer=22 pos=0 phase=decode M=1 K=1024 N=1152 rows=256 col_beats=32 vpu_runs=10 io_ms=1.624 ip_ms=1.137 total_ms=12.781 status=OK
[FPGA][MATMUL] tensor=blk.22.ffn_gate.weight layer=22 pos=0 phase=decode M=1 K=1152 N=6912 rows=256 col_beats=32 vpu_runs=81 io_ms=13.070 ip_ms=8.564 total_ms=92.819 status=OK
[FPGA][MATMUL] tensor=blk.22.ffn_up.weight layer=22 pos=0 phase=decode M=1 K=1152 N=6912 rows=256 col_beats=32 vpu_runs=81 io_ms=13.084 ip_ms=8.563 total_ms=92.423 status=OK
[FPGA][MATMUL] tensor=blk.22.ffn_down.weight layer=22 pos=0 phase=decode M=1 K=6912 N=1152 rows=256 col_beats=32 vpu_runs=70 io_ms=11.241 ip_ms=7.763 total_ms=83.370 status=OK
[FPGA][MATMUL] tensor=blk.23.attn_q.weight layer=23 pos=0 phase=decode M=1 K=1152 N=1024 rows=256 col_beats=32 vpu_runs=12 io_ms=1.933 ip_ms=1.270 total_ms=13.789 status=OK
[FPGA][MATMUL] tensor=blk.23.attn_k.weight layer=23 pos=0 phase=decode M=1 K=1152 N=256 rows=256 col_beats=32 vpu_runs=3 io_ms=0.486 ip_ms=0.318 total_ms=3.454 status=OK
[FPGA][MATMUL] tensor=blk.23.attn_v.weight layer=23 pos=0 phase=decode M=1 K=1152 N=256 rows=256 col_beats=32 vpu_runs=3 io_ms=0.486 ip_ms=0.318 total_ms=3.441 status=OK
[FPGA][MATMUL] tensor=blk.23.attn_output.weight layer=23 pos=0 phase=decode M=1 K=1024 N=1152 rows=256 col_beats=32 vpu_runs=10 io_ms=1.630 ip_ms=1.135 total_ms=12.746 status=OK
[FPGA][MATMUL] tensor=blk.23.ffn_gate.weight layer=23 pos=0 phase=decode M=1 K=1152 N=6912 rows=256 col_beats=32 vpu_runs=81 io_ms=13.062 ip_ms=8.563 total_ms=92.492 status=OK
[FPGA][MATMUL] tensor=blk.23.ffn_up.weight layer=23 pos=0 phase=decode M=1 K=1152 N=6912 rows=256 col_beats=32 vpu_runs=81 io_ms=13.075 ip_ms=8.563 total_ms=92.881 status=OK
[FPGA][MATMUL] tensor=blk.23.ffn_down.weight layer=23 pos=0 phase=decode M=1 K=6912 N=1152 rows=256 col_beats=32 vpu_runs=70 io_ms=11.236 ip_ms=7.775 total_ms=83.563 status=OK
[FPGA][MATMUL] tensor=blk.24.attn_q.weight layer=24 pos=0 phase=decode M=1 K=1152 N=1024 rows=256 col_beats=32 vpu_runs=12 io_ms=1.941 ip_ms=1.268 total_ms=13.718 status=OK
[FPGA][MATMUL] tensor=blk.24.attn_k.weight layer=24 pos=0 phase=decode M=1 K=1152 N=256 rows=256 col_beats=32 vpu_runs=3 io_ms=0.486 ip_ms=0.316 total_ms=3.447 status=OK
[FPGA][MATMUL] tensor=blk.24.attn_v.weight layer=24 pos=0 phase=decode M=1 K=1152 N=256 rows=256 col_beats=32 vpu_runs=3 io_ms=0.485 ip_ms=0.318 total_ms=3.432 status=OK
[FPGA][MATMUL] tensor=blk.24.attn_output.weight layer=24 pos=0 phase=decode M=1 K=1024 N=1152 rows=256 col_beats=32 vpu_runs=10 io_ms=1.632 ip_ms=1.135 total_ms=12.727 status=OK
[FPGA][MATMUL] tensor=blk.24.ffn_gate.weight layer=24 pos=0 phase=decode M=1 K=1152 N=6912 rows=256 col_beats=32 vpu_runs=81 io_ms=13.076 ip_ms=8.561 total_ms=92.896 status=OK
[FPGA][MATMUL] tensor=blk.24.ffn_up.weight layer=24 pos=0 phase=decode M=1 K=1152 N=6912 rows=256 col_beats=32 vpu_runs=81 io_ms=13.074 ip_ms=8.563 total_ms=92.781 status=OK
[FPGA][MATMUL] tensor=blk.24.ffn_down.weight layer=24 pos=0 phase=decode M=1 K=6912 N=1152 rows=256 col_beats=32 vpu_runs=70 io_ms=11.240 ip_ms=7.816 total_ms=83.741 status=OK
[FPGA][MATMUL] tensor=blk.25.attn_q.weight layer=25 pos=0 phase=decode M=1 K=1152 N=1024 rows=256 col_beats=32 vpu_runs=12 io_ms=1.940 ip_ms=1.267 total_ms=13.705 status=OK
[FPGA][MATMUL] tensor=blk.25.attn_k.weight layer=25 pos=0 phase=decode M=1 K=1152 N=256 rows=256 col_beats=32 vpu_runs=3 io_ms=0.487 ip_ms=0.317 total_ms=3.448 status=OK
[FPGA][MATMUL] tensor=blk.25.attn_v.weight layer=25 pos=0 phase=decode M=1 K=1152 N=256 rows=256 col_beats=32 vpu_runs=3 io_ms=0.490 ip_ms=0.317 total_ms=3.440 status=OK
[FPGA][MATMUL] tensor=blk.25.attn_output.weight layer=25 pos=0 phase=decode M=1 K=1024 N=1152 rows=256 col_beats=32 vpu_runs=10 io_ms=1.627 ip_ms=1.135 total_ms=12.711 status=OK
[FPGA][MATMUL] tensor=blk.25.ffn_gate.weight layer=25 pos=0 phase=decode M=1 K=1152 N=6912 rows=256 col_beats=32 vpu_runs=81 io_ms=13.071 ip_ms=8.561 total_ms=92.366 status=OK
[FPGA][MATMUL] tensor=blk.25.ffn_up.weight layer=25 pos=0 phase=decode M=1 K=1152 N=6912 rows=256 col_beats=32 vpu_runs=81 io_ms=13.072 ip_ms=8.561 total_ms=92.587 status=OK
[FPGA][MATMUL] tensor=blk.25.ffn_down.weight layer=25 pos=0 phase=decode M=1 K=6912 N=1152 rows=256 col_beats=32 vpu_runs=70 io_ms=11.238 ip_ms=7.770 total_ms=83.946 status=OK
[FPGA][MATMUL] tensor=token_embd.weight layer=0 pos=0 phase=decode M=1 K=1152 N=262144 rows=256 col_beats=32 vpu_runs=3072 io_ms=496.000 ip_ms=324.786 total_ms=3509.706 status=OK
[FPGA][MATMUL] tensor=blk.0.attn_q.weight layer=0 pos=0 phase=decode M=1 K=1152 N=1024 rows=256 col_beats=32 vpu_runs=12 io_ms=1.946 ip_ms=1.270 total_ms=13.709 status=OK
[FPGA][MATMUL] tensor=blk.0.attn_k.weight layer=0 pos=0 phase=decode M=1 K=1152 N=256 rows=256 col_beats=32 vpu_runs=3 io_ms=0.486 ip_ms=0.317 total_ms=3.459 status=OK
[FPGA][MATMUL] tensor=blk.0.attn_v.weight layer=0 pos=0 phase=decode M=1 K=1152 N=256 rows=256 col_beats=32 vpu_runs=3 io_ms=0.485 ip_ms=0.317 total_ms=3.449 status=OK
[FPGA][MATMUL] tensor=blk.0.attn_output.weight layer=0 pos=0 phase=decode M=1 K=1024 N=1152 rows=256 col_beats=32 vpu_runs=10 io_ms=1.634 ip_ms=1.136 total_ms=12.779 status=OK
[FPGA][MATMUL] tensor=blk.0.ffn_gate.weight layer=0 pos=0 phase=decode M=1 K=1152 N=6912 rows=256 col_beats=32 vpu_runs=81 io_ms=13.072 ip_ms=8.565 total_ms=92.823 status=OK
[FPGA][MATMUL] tensor=blk.0.ffn_up.weight layer=0 pos=0 phase=decode M=1 K=1152 N=6912 rows=256 col_beats=32 vpu_runs=81 io_ms=13.070 ip_ms=8.605 total_ms=92.535 status=OK
[FPGA][MATMUL] tensor=blk.0.ffn_down.weight layer=0 pos=0 phase=decode M=1 K=6912 N=1152 rows=256 col_beats=32 vpu_runs=70 io_ms=11.232 ip_ms=7.776 total_ms=83.887 status=OK
[FPGA][MATMUL] tensor=blk.1.attn_q.weight layer=1 pos=0 phase=decode M=1 K=1152 N=1024 rows=256 col_beats=32 vpu_runs=12 io_ms=1.938 ip_ms=1.270 total_ms=13.695 status=OK
[FPGA][MATMUL] tensor=blk.1.attn_k.weight layer=1 pos=0 phase=decode M=1 K=1152 N=256 rows=256 col_beats=32 vpu_runs=3 io_ms=0.488 ip_ms=0.317 total_ms=3.433 status=OK
[FPGA][MATMUL] tensor=blk.1.attn_v.weight layer=1 pos=0 phase=decode M=1 K=1152 N=256 rows=256 col_beats=32 vpu_runs=3 io_ms=0.483 ip_ms=0.317 total_ms=3.436 status=OK
[FPGA][MATMUL] tensor=blk.1.attn_output.weight layer=1 pos=0 phase=decode M=1 K=1024 N=1152 rows=256 col_beats=32 vpu_runs=10 io_ms=1.628 ip_ms=1.137 total_ms=12.709 status=OK
[FPGA][MATMUL] tensor=blk.1.ffn_gate.weight layer=1 pos=0 phase=decode M=1 K=1152 N=6912 rows=256 col_beats=32 vpu_runs=81 io_ms=13.077 ip_ms=8.562 total_ms=92.535 status=OK
[FPGA][MATMUL] tensor=blk.1.ffn_up.weight layer=1 pos=0 phase=decode M=1 K=1152 N=6912 rows=256 col_beats=32 vpu_runs=81 io_ms=13.076 ip_ms=8.564 total_ms=92.352 status=OK
[FPGA][MATMUL] tensor=blk.1.ffn_down.weight layer=1 pos=0 phase=decode M=1 K=6912 N=1152 rows=256 col_beats=32 vpu_runs=70 io_ms=11.247 ip_ms=7.771 total_ms=83.349 status=OK
[FPGA][MATMUL] tensor=blk.2.attn_q.weight layer=2 pos=0 phase=decode M=1 K=1152 N=1024 rows=256 col_beats=32 vpu_runs=12 io_ms=1.941 ip_ms=1.269 total_ms=13.757 status=OK
[FPGA][MATMUL] tensor=blk.2.attn_k.weight layer=2 pos=0 phase=decode M=1 K=1152 N=256 rows=256 col_beats=32 vpu_runs=3 io_ms=0.489 ip_ms=0.317 total_ms=3.455 status=OK
[FPGA][MATMUL] tensor=blk.2.attn_v.weight layer=2 pos=0 phase=decode M=1 K=1152 N=256 rows=256 col_beats=32 vpu_runs=3 io_ms=0.487 ip_ms=0.317 total_ms=3.449 status=OK
[FPGA][MATMUL] tensor=blk.2.attn_output.weight layer=2 pos=0 phase=decode M=1 K=1024 N=1152 rows=256 col_beats=32 vpu_runs=10 io_ms=1.624 ip_ms=1.135 total_ms=12.718 status=OK
[FPGA][MATMUL] tensor=blk.2.ffn_gate.weight layer=2 pos=0 phase=decode M=1 K=1152 N=6912 rows=256 col_beats=32 vpu_runs=81 io_ms=13.059 ip_ms=8.563 total_ms=92.394 status=OK
[FPGA][MATMUL] tensor=blk.2.ffn_up.weight layer=2 pos=0 phase=decode M=1 K=1152 N=6912 rows=256 col_beats=32 vpu_runs=81 io_ms=13.080 ip_ms=8.570 total_ms=92.562 status=OK
[FPGA][MATMUL] tensor=blk.2.ffn_down.weight layer=2 pos=0 phase=decode M=1 K=6912 N=1152 rows=256 col_beats=32 vpu_runs=70 io_ms=11.244 ip_ms=7.765 total_ms=83.930 status=OK
[FPGA][MATMUL] tensor=blk.3.attn_q.weight layer=3 pos=0 phase=decode M=1 K=1152 N=1024 rows=256 col_beats=32 vpu_runs=12 io_ms=1.937 ip_ms=1.269 total_ms=13.758 status=OK
[FPGA][MATMUL] tensor=blk.3.attn_k.weight layer=3 pos=0 phase=decode M=1 K=1152 N=256 rows=256 col_beats=32 vpu_runs=3 io_ms=0.488 ip_ms=0.317 total_ms=3.440 status=OK
[FPGA][MATMUL] tensor=blk.3.attn_v.weight layer=3 pos=0 phase=decode M=1 K=1152 N=256 rows=256 col_beats=32 vpu_runs=3 io_ms=0.485 ip_ms=0.317 total_ms=3.429 status=OK
[FPGA][MATMUL] tensor=blk.3.attn_output.weight layer=3 pos=0 phase=decode M=1 K=1024 N=1152 rows=256 col_beats=32 vpu_runs=10 io_ms=1.624 ip_ms=1.136 total_ms=12.803 status=OK
[FPGA][MATMUL] tensor=blk.3.ffn_gate.weight layer=3 pos=0 phase=decode M=1 K=1152 N=6912 rows=256 col_beats=32 vpu_runs=81 io_ms=13.083 ip_ms=8.565 total_ms=92.609 status=OK
[FPGA][MATMUL] tensor=blk.3.ffn_up.weight layer=3 pos=0 phase=decode M=1 K=1152 N=6912 rows=256 col_beats=32 vpu_runs=81 io_ms=13.071 ip_ms=8.563 total_ms=92.743 status=OK
[FPGA][MATMUL] tensor=blk.3.ffn_down.weight layer=3 pos=0 phase=decode M=1 K=6912 N=1152 rows=256 col_beats=32 vpu_runs=70 io_ms=11.230 ip_ms=7.768 total_ms=83.403 status=OK
[FPGA][MATMUL] tensor=blk.4.attn_q.weight layer=4 pos=0 phase=decode M=1 K=1152 N=1024 rows=256 col_beats=32 vpu_runs=12 io_ms=1.942 ip_ms=1.288 total_ms=13.709 status=OK
[FPGA][MATMUL] tensor=blk.4.attn_k.weight layer=4 pos=0 phase=decode M=1 K=1152 N=256 rows=256 col_beats=32 vpu_runs=3 io_ms=0.485 ip_ms=0.317 total_ms=3.456 status=OK
[FPGA][MATMUL] tensor=blk.4.attn_v.weight layer=4 pos=0 phase=decode M=1 K=1152 N=256 rows=256 col_beats=32 vpu_runs=3 io_ms=0.485 ip_ms=0.317 total_ms=3.453 status=OK
[FPGA][MATMUL] tensor=blk.4.attn_output.weight layer=4 pos=0 phase=decode M=1 K=1024 N=1152 rows=256 col_beats=32 vpu_runs=10 io_ms=1.628 ip_ms=1.135 total_ms=12.828 status=OK
[FPGA][MATMUL] tensor=blk.4.ffn_gate.weight layer=4 pos=0 phase=decode M=1 K=1152 N=6912 rows=256 col_beats=32 vpu_runs=81 io_ms=13.062 ip_ms=8.570 total_ms=92.656 status=OK
[FPGA][MATMUL] tensor=blk.4.ffn_up.weight layer=4 pos=0 phase=decode M=1 K=1152 N=6912 rows=256 col_beats=32 vpu_runs=81 io_ms=13.075 ip_ms=8.566 total_ms=92.407 status=OK
[FPGA][MATMUL] tensor=blk.4.ffn_down.weight layer=4 pos=0 phase=decode M=1 K=6912 N=1152 rows=256 col_beats=32 vpu_runs=70 io_ms=11.272 ip_ms=7.771 total_ms=83.312 status=OK
[FPGA][MATMUL] tensor=blk.5.attn_q.weight layer=5 pos=0 phase=decode M=1 K=1152 N=1024 rows=256 col_beats=32 vpu_runs=12 io_ms=1.936 ip_ms=1.267 total_ms=13.734 status=OK
[FPGA][MATMUL] tensor=blk.5.attn_k.weight layer=5 pos=0 phase=decode M=1 K=1152 N=256 rows=256 col_beats=32 vpu_runs=3 io_ms=0.487 ip_ms=0.317 total_ms=3.452 status=OK
[FPGA][MATMUL] tensor=blk.5.attn_v.weight layer=5 pos=0 phase=decode M=1 K=1152 N=256 rows=256 col_beats=32 vpu_runs=3 io_ms=0.499 ip_ms=0.317 total_ms=3.428 status=OK
[FPGA][MATMUL] tensor=blk.5.attn_output.weight layer=5 pos=0 phase=decode M=1 K=1024 N=1152 rows=256 col_beats=32 vpu_runs=10 io_ms=1.627 ip_ms=1.135 total_ms=12.754 status=OK
[FPGA][MATMUL] tensor=blk.5.ffn_gate.weight layer=5 pos=0 phase=decode M=1 K=1152 N=6912 rows=256 col_beats=32 vpu_runs=81 io_ms=13.103 ip_ms=8.563 total_ms=92.509 status=OK
[FPGA][MATMUL] tensor=blk.5.ffn_up.weight layer=5 pos=0 phase=decode M=1 K=1152 N=6912 rows=256 col_beats=32 vpu_runs=81 io_ms=13.062 ip_ms=8.563 total_ms=92.958 status=OK
[FPGA][MATMUL] tensor=blk.5.ffn_down.weight layer=5 pos=0 phase=decode M=1 K=6912 N=1152 rows=256 col_beats=32 vpu_runs=70 io_ms=11.236 ip_ms=7.765 total_ms=83.338 status=OK
[FPGA][MATMUL] tensor=blk.6.attn_q.weight layer=6 pos=0 phase=decode M=1 K=1152 N=1024 rows=256 col_beats=32 vpu_runs=12 io_ms=1.940 ip_ms=1.268 total_ms=13.819 status=OK
[FPGA][MATMUL] tensor=blk.6.attn_k.weight layer=6 pos=0 phase=decode M=1 K=1152 N=256 rows=256 col_beats=32 vpu_runs=3 io_ms=0.488 ip_ms=0.317 total_ms=3.458 status=OK
[FPGA][MATMUL] tensor=blk.6.attn_v.weight layer=6 pos=0 phase=decode M=1 K=1152 N=256 rows=256 col_beats=32 vpu_runs=3 io_ms=0.484 ip_ms=0.317 total_ms=3.442 status=OK
[FPGA][MATMUL] tensor=blk.6.attn_output.weight layer=6 pos=0 phase=decode M=1 K=1024 N=1152 rows=256 col_beats=32 vpu_runs=10 io_ms=1.627 ip_ms=1.136 total_ms=12.804 status=OK
[FPGA][MATMUL] tensor=blk.6.ffn_gate.weight layer=6 pos=0 phase=decode M=1 K=1152 N=6912 rows=256 col_beats=32 vpu_runs=81 io_ms=13.067 ip_ms=8.562 total_ms=92.322 status=OK
[FPGA][MATMUL] tensor=blk.6.ffn_up.weight layer=6 pos=0 phase=decode M=1 K=1152 N=6912 rows=256 col_beats=32 vpu_runs=81 io_ms=13.082 ip_ms=8.569 total_ms=92.508 status=OK
[FPGA][MATMUL] tensor=blk.6.ffn_down.weight layer=6 pos=0 phase=decode M=1 K=6912 N=1152 rows=256 col_beats=32 vpu_runs=70 io_ms=11.246 ip_ms=7.766 total_ms=83.853 status=OK
[FPGA][MATMUL] tensor=blk.7.attn_q.weight layer=7 pos=0 phase=decode M=1 K=1152 N=1024 rows=256 col_beats=32 vpu_runs=12 io_ms=1.935 ip_ms=1.269 total_ms=13.806 status=OK
[FPGA][MATMUL] tensor=blk.7.attn_k.weight layer=7 pos=0 phase=decode M=1 K=1152 N=256 rows=256 col_beats=32 vpu_runs=3 io_ms=0.594 ip_ms=0.317 total_ms=3.558 status=OK
[FPGA][MATMUL] tensor=blk.7.attn_v.weight layer=7 pos=0 phase=decode M=1 K=1152 N=256 rows=256 col_beats=32 vpu_runs=3 io_ms=0.487 ip_ms=0.317 total_ms=3.442 status=OK
[FPGA][MATMUL] tensor=blk.7.attn_output.weight layer=7 pos=0 phase=decode M=1 K=1024 N=1152 rows=256 col_beats=32 vpu_runs=10 io_ms=1.624 ip_ms=1.138 total_ms=12.698 status=OK
[FPGA][MATMUL] tensor=blk.7.ffn_gate.weight layer=7 pos=0 phase=decode M=1 K=1152 N=6912 rows=256 col_beats=32 vpu_runs=81 io_ms=13.074 ip_ms=8.567 total_ms=92.537 status=OK
[FPGA][MATMUL] tensor=blk.7.ffn_up.weight layer=7 pos=0 phase=decode M=1 K=1152 N=6912 rows=256 col_beats=32 vpu_runs=81 io_ms=13.070 ip_ms=8.581 total_ms=92.976 status=OK
[FPGA][MATMUL] tensor=blk.7.ffn_down.weight layer=7 pos=0 phase=decode M=1 K=6912 N=1152 rows=256 col_beats=32 vpu_runs=70 io_ms=11.247 ip_ms=7.767 total_ms=83.819 status=OK
[FPGA][MATMUL] tensor=blk.8.attn_q.weight layer=8 pos=0 phase=decode M=1 K=1152 N=1024 rows=256 col_beats=32 vpu_runs=12 io_ms=1.939 ip_ms=1.268 total_ms=13.718 status=OK
[FPGA][MATMUL] tensor=blk.8.attn_k.weight layer=8 pos=0 phase=decode M=1 K=1152 N=256 rows=256 col_beats=32 vpu_runs=3 io_ms=0.492 ip_ms=0.317 total_ms=3.444 status=OK
[FPGA][MATMUL] tensor=blk.8.attn_v.weight layer=8 pos=0 phase=decode M=1 K=1152 N=256 rows=256 col_beats=32 vpu_runs=3 io_ms=0.486 ip_ms=0.318 total_ms=3.426 status=OK
[FPGA][MATMUL] tensor=blk.8.attn_output.weight layer=8 pos=0 phase=decode M=1 K=1024 N=1152 rows=256 col_beats=32 vpu_runs=10 io_ms=1.627 ip_ms=1.134 total_ms=12.715 status=OK
[FPGA][MATMUL] tensor=blk.8.ffn_gate.weight layer=8 pos=0 phase=decode M=1 K=1152 N=6912 rows=256 col_beats=32 vpu_runs=81 io_ms=13.074 ip_ms=8.561 total_ms=92.663 status=OK
[FPGA][MATMUL] tensor=blk.8.ffn_up.weight layer=8 pos=0 phase=decode M=1 K=1152 N=6912 rows=256 col_beats=32 vpu_runs=81 io_ms=13.080 ip_ms=8.560 total_ms=92.632 status=OK
[FPGA][MATMUL] tensor=blk.8.ffn_down.weight layer=8 pos=0 phase=decode M=1 K=6912 N=1152 rows=256 col_beats=32 vpu_runs=70 io_ms=11.232 ip_ms=7.770 total_ms=83.678 status=OK
[FPGA][MATMUL] tensor=blk.9.attn_q.weight layer=9 pos=0 phase=decode M=1 K=1152 N=1024 rows=256 col_beats=32 vpu_runs=12 io_ms=1.937 ip_ms=1.268 total_ms=13.687 status=OK
[FPGA][MATMUL] tensor=blk.9.attn_k.weight layer=9 pos=0 phase=decode M=1 K=1152 N=256 rows=256 col_beats=32 vpu_runs=3 io_ms=0.486 ip_ms=0.317 total_ms=3.449 status=OK
[FPGA][MATMUL] tensor=blk.9.attn_v.weight layer=9 pos=0 phase=decode M=1 K=1152 N=256 rows=256 col_beats=32 vpu_runs=3 io_ms=0.485 ip_ms=0.317 total_ms=3.438 status=OK
[FPGA][MATMUL] tensor=blk.9.attn_output.weight layer=9 pos=0 phase=decode M=1 K=1024 N=1152 rows=256 col_beats=32 vpu_runs=10 io_ms=1.624 ip_ms=1.136 total_ms=12.706 status=OK
[FPGA][MATMUL] tensor=blk.9.ffn_gate.weight layer=9 pos=0 phase=decode M=1 K=1152 N=6912 rows=256 col_beats=32 vpu_runs=81 io_ms=13.085 ip_ms=8.562 total_ms=92.432 status=OK
[FPGA][MATMUL] tensor=blk.9.ffn_up.weight layer=9 pos=0 phase=decode M=1 K=1152 N=6912 rows=256 col_beats=32 vpu_runs=81 io_ms=13.077 ip_ms=8.564 total_ms=92.387 status=OK
[FPGA][MATMUL] tensor=blk.9.ffn_down.weight layer=9 pos=0 phase=decode M=1 K=6912 N=1152 rows=256 col_beats=32 vpu_runs=70 io_ms=11.247 ip_ms=7.769 total_ms=83.899 status=OK
[FPGA][MATMUL] tensor=blk.10.attn_q.weight layer=10 pos=0 phase=decode M=1 K=1152 N=1024 rows=256 col_beats=32 vpu_runs=12 io_ms=1.940 ip_ms=1.267 total_ms=13.710 status=OK
[FPGA][MATMUL] tensor=blk.10.attn_k.weight layer=10 pos=0 phase=decode M=1 K=1152 N=256 rows=256 col_beats=32 vpu_runs=3 io_ms=0.485 ip_ms=0.317 total_ms=3.442 status=OK
[FPGA][MATMUL] tensor=blk.10.attn_v.weight layer=10 pos=0 phase=decode M=1 K=1152 N=256 rows=256 col_beats=32 vpu_runs=3 io_ms=0.486 ip_ms=0.317 total_ms=3.448 status=OK
[FPGA][MATMUL] tensor=blk.10.attn_output.weight layer=10 pos=0 phase=decode M=1 K=1024 N=1152 rows=256 col_beats=32 vpu_runs=10 io_ms=1.624 ip_ms=1.136 total_ms=12.747 status=OK
[FPGA][MATMUL] tensor=blk.10.ffn_gate.weight layer=10 pos=0 phase=decode M=1 K=1152 N=6912 rows=256 col_beats=32 vpu_runs=81 io_ms=13.061 ip_ms=8.566 total_ms=92.519 status=OK
[FPGA][MATMUL] tensor=blk.10.ffn_up.weight layer=10 pos=0 phase=decode M=1 K=1152 N=6912 rows=256 col_beats=32 vpu_runs=81 io_ms=13.069 ip_ms=8.560 total_ms=92.549 status=OK
[FPGA][MATMUL] tensor=blk.10.ffn_down.weight layer=10 pos=0 phase=decode M=1 K=6912 N=1152 rows=256 col_beats=32 vpu_runs=70 io_ms=11.241 ip_ms=7.769 total_ms=83.543 status=OK
[FPGA][MATMUL] tensor=blk.11.attn_q.weight layer=11 pos=0 phase=decode M=1 K=1152 N=1024 rows=256 col_beats=32 vpu_runs=12 io_ms=1.943 ip_ms=1.270 total_ms=13.702 status=OK
[FPGA][MATMUL] tensor=blk.11.attn_k.weight layer=11 pos=0 phase=decode M=1 K=1152 N=256 rows=256 col_beats=32 vpu_runs=3 io_ms=0.487 ip_ms=0.317 total_ms=3.470 status=OK
[FPGA][MATMUL] tensor=blk.11.attn_v.weight layer=11 pos=0 phase=decode M=1 K=1152 N=256 rows=256 col_beats=32 vpu_runs=3 io_ms=0.490 ip_ms=0.316 total_ms=3.427 status=OK
[FPGA][MATMUL] tensor=blk.11.attn_output.weight layer=11 pos=0 phase=decode M=1 K=1024 N=1152 rows=256 col_beats=32 vpu_runs=10 io_ms=1.629 ip_ms=1.135 total_ms=12.763 status=OK
[FPGA][MATMUL] tensor=blk.11.ffn_gate.weight layer=11 pos=0 phase=decode M=1 K=1152 N=6912 rows=256 col_beats=32 vpu_runs=81 io_ms=13.087 ip_ms=8.564 total_ms=92.627 status=OK
[FPGA][MATMUL] tensor=blk.11.ffn_up.weight layer=11 pos=0 phase=decode M=1 K=1152 N=6912 rows=256 col_beats=32 vpu_runs=81 io_ms=13.083 ip_ms=8.561 total_ms=92.765 status=OK
[FPGA][MATMUL] tensor=blk.11.ffn_down.weight layer=11 pos=0 phase=decode M=1 K=6912 N=1152 rows=256 col_beats=32 vpu_runs=70 io_ms=11.242 ip_ms=7.768 total_ms=83.569 status=OK
[FPGA][MATMUL] tensor=blk.12.attn_q.weight layer=12 pos=0 phase=decode M=1 K=1152 N=1024 rows=256 col_beats=32 vpu_runs=12 io_ms=1.939 ip_ms=1.270 total_ms=13.742 status=OK
[FPGA][MATMUL] tensor=blk.12.attn_k.weight layer=12 pos=0 phase=decode M=1 K=1152 N=256 rows=256 col_beats=32 vpu_runs=3 io_ms=0.487 ip_ms=0.326 total_ms=3.454 status=OK
[FPGA][MATMUL] tensor=blk.12.attn_v.weight layer=12 pos=0 phase=decode M=1 K=1152 N=256 rows=256 col_beats=32 vpu_runs=3 io_ms=0.486 ip_ms=0.317 total_ms=3.435 status=OK
[FPGA][MATMUL] tensor=blk.12.attn_output.weight layer=12 pos=0 phase=decode M=1 K=1024 N=1152 rows=256 col_beats=32 vpu_runs=10 io_ms=1.627 ip_ms=1.137 total_ms=12.691 status=OK
[FPGA][MATMUL] tensor=blk.12.ffn_gate.weight layer=12 pos=0 phase=decode M=1 K=1152 N=6912 rows=256 col_beats=32 vpu_runs=81 io_ms=13.067 ip_ms=8.563 total_ms=92.854 status=OK
[FPGA][MATMUL] tensor=blk.12.ffn_up.weight layer=12 pos=0 phase=decode M=1 K=1152 N=6912 rows=256 col_beats=32 vpu_runs=81 io_ms=13.067 ip_ms=8.568 total_ms=92.567 status=OK
[FPGA][MATMUL] tensor=blk.12.ffn_down.weight layer=12 pos=0 phase=decode M=1 K=6912 N=1152 rows=256 col_beats=32 vpu_runs=70 io_ms=11.230 ip_ms=7.765 total_ms=83.319 status=OK
[FPGA][MATMUL] tensor=blk.13.attn_q.weight layer=13 pos=0 phase=decode M=1 K=1152 N=1024 rows=256 col_beats=32 vpu_runs=12 io_ms=1.938 ip_ms=1.267 total_ms=13.748 status=OK
[FPGA][MATMUL] tensor=blk.13.attn_k.weight layer=13 pos=0 phase=decode M=1 K=1152 N=256 rows=256 col_beats=32 vpu_runs=3 io_ms=0.488 ip_ms=0.318 total_ms=3.495 status=OK
[FPGA][MATMUL] tensor=blk.13.attn_v.weight layer=13 pos=0 phase=decode M=1 K=1152 N=256 rows=256 col_beats=32 vpu_runs=3 io_ms=0.485 ip_ms=0.317 total_ms=3.426 status=OK
[FPGA][MATMUL] tensor=blk.13.attn_output.weight layer=13 pos=0 phase=decode M=1 K=1024 N=1152 rows=256 col_beats=32 vpu_runs=10 io_ms=1.630 ip_ms=1.134 total_ms=12.685 status=OK
[FPGA][MATMUL] tensor=blk.13.ffn_gate.weight layer=13 pos=0 phase=decode M=1 K=1152 N=6912 rows=256 col_beats=32 vpu_runs=81 io_ms=13.114 ip_ms=8.562 total_ms=92.400 status=OK
[FPGA][MATMUL] tensor=blk.13.ffn_up.weight layer=13 pos=0 phase=decode M=1 K=1152 N=6912 rows=256 col_beats=32 vpu_runs=81 io_ms=13.070 ip_ms=8.602 total_ms=92.605 status=OK
[FPGA][MATMUL] tensor=blk.13.ffn_down.weight layer=13 pos=0 phase=decode M=1 K=6912 N=1152 rows=256 col_beats=32 vpu_runs=70 io_ms=11.290 ip_ms=7.769 total_ms=83.563 status=OK
[FPGA][MATMUL] tensor=blk.14.attn_q.weight layer=14 pos=0 phase=decode M=1 K=1152 N=1024 rows=256 col_beats=32 vpu_runs=12 io_ms=1.940 ip_ms=1.269 total_ms=13.678 status=OK
[FPGA][MATMUL] tensor=blk.14.attn_k.weight layer=14 pos=0 phase=decode M=1 K=1152 N=256 rows=256 col_beats=32 vpu_runs=3 io_ms=0.486 ip_ms=0.331 total_ms=3.452 status=OK
[FPGA][MATMUL] tensor=blk.14.attn_v.weight layer=14 pos=0 phase=decode M=1 K=1152 N=256 rows=256 col_beats=32 vpu_runs=3 io_ms=0.483 ip_ms=0.317 total_ms=3.435 status=OK
[FPGA][MATMUL] tensor=blk.14.attn_output.weight layer=14 pos=0 phase=decode M=1 K=1024 N=1152 rows=256 col_beats=32 vpu_runs=10 io_ms=1.623 ip_ms=1.135 total_ms=12.728 status=OK
[FPGA][MATMUL] tensor=blk.14.ffn_gate.weight layer=14 pos=0 phase=decode M=1 K=1152 N=6912 rows=256 col_beats=32 vpu_runs=81 io_ms=13.063 ip_ms=8.559 total_ms=92.503 status=OK
[FPGA][MATMUL] tensor=blk.14.ffn_up.weight layer=14 pos=0 phase=decode M=1 K=1152 N=6912 rows=256 col_beats=32 vpu_runs=81 io_ms=13.086 ip_ms=8.566 total_ms=92.451 status=OK
[FPGA][MATMUL] tensor=blk.14.ffn_down.weight layer=14 pos=0 phase=decode M=1 K=6912 N=1152 rows=256 col_beats=32 vpu_runs=70 io_ms=11.247 ip_ms=7.772 total_ms=83.277 status=OK
[FPGA][MATMUL] tensor=blk.15.attn_q.weight layer=15 pos=0 phase=decode M=1 K=1152 N=1024 rows=256 col_beats=32 vpu_runs=12 io_ms=1.942 ip_ms=1.270 total_ms=13.756 status=OK
[FPGA][MATMUL] tensor=blk.15.attn_k.weight layer=15 pos=0 phase=decode M=1 K=1152 N=256 rows=256 col_beats=32 vpu_runs=3 io_ms=0.486 ip_ms=0.317 total_ms=3.427 status=OK
[FPGA][MATMUL] tensor=blk.15.attn_v.weight layer=15 pos=0 phase=decode M=1 K=1152 N=256 rows=256 col_beats=32 vpu_runs=3 io_ms=0.485 ip_ms=0.317 total_ms=3.428 status=OK
[FPGA][MATMUL] tensor=blk.15.attn_output.weight layer=15 pos=0 phase=decode M=1 K=1024 N=1152 rows=256 col_beats=32 vpu_runs=10 io_ms=1.626 ip_ms=1.135 total_ms=12.737 status=OK
[FPGA][MATMUL] tensor=blk.15.ffn_gate.weight layer=15 pos=0 phase=decode M=1 K=1152 N=6912 rows=256 col_beats=32 vpu_runs=81 io_ms=13.057 ip_ms=8.569 total_ms=92.576 status=OK
[FPGA][MATMUL] tensor=blk.15.ffn_up.weight layer=15 pos=0 phase=decode M=1 K=1152 N=6912 rows=256 col_beats=32 vpu_runs=81 io_ms=13.069 ip_ms=8.558 total_ms=92.414 status=OK
[FPGA][MATMUL] tensor=blk.15.ffn_down.weight layer=15 pos=0 phase=decode M=1 K=6912 N=1152 rows=256 col_beats=32 vpu_runs=70 io_ms=11.241 ip_ms=7.779 total_ms=83.245 status=OK
[FPGA][MATMUL] tensor=blk.16.attn_q.weight layer=16 pos=0 phase=decode M=1 K=1152 N=1024 rows=256 col_beats=32 vpu_runs=12 io_ms=1.942 ip_ms=1.268 total_ms=13.807 status=OK
[FPGA][MATMUL] tensor=blk.16.attn_k.weight layer=16 pos=0 phase=decode M=1 K=1152 N=256 rows=256 col_beats=32 vpu_runs=3 io_ms=0.483 ip_ms=0.317 total_ms=3.461 status=OK
[FPGA][MATMUL] tensor=blk.16.attn_v.weight layer=16 pos=0 phase=decode M=1 K=1152 N=256 rows=256 col_beats=32 vpu_runs=3 io_ms=0.485 ip_ms=0.316 total_ms=3.424 status=OK
[FPGA][MATMUL] tensor=blk.16.attn_output.weight layer=16 pos=0 phase=decode M=1 K=1024 N=1152 rows=256 col_beats=32 vpu_runs=10 io_ms=1.627 ip_ms=1.137 total_ms=12.745 status=OK
[FPGA][MATMUL] tensor=blk.16.ffn_gate.weight layer=16 pos=0 phase=decode M=1 K=1152 N=6912 rows=256 col_beats=32 vpu_runs=81 io_ms=13.067 ip_ms=8.563 total_ms=92.468 status=OK
[FPGA][MATMUL] tensor=blk.16.ffn_up.weight layer=16 pos=0 phase=decode M=1 K=1152 N=6912 rows=256 col_beats=32 vpu_runs=81 io_ms=13.094 ip_ms=8.557 total_ms=92.505 status=OK
[FPGA][MATMUL] tensor=blk.16.ffn_down.weight layer=16 pos=0 phase=decode M=1 K=6912 N=1152 rows=256 col_beats=32 vpu_runs=70 io_ms=11.244 ip_ms=7.769 total_ms=83.421 status=OK
[FPGA][MATMUL] tensor=blk.17.attn_q.weight layer=17 pos=0 phase=decode M=1 K=1152 N=1024 rows=256 col_beats=32 vpu_runs=12 io_ms=1.938 ip_ms=1.267 total_ms=13.765 status=OK
[FPGA][MATMUL] tensor=blk.17.attn_k.weight layer=17 pos=0 phase=decode M=1 K=1152 N=256 rows=256 col_beats=32 vpu_runs=3 io_ms=0.486 ip_ms=0.317 total_ms=3.467 status=OK
[FPGA][MATMUL] tensor=blk.17.attn_v.weight layer=17 pos=0 phase=decode M=1 K=1152 N=256 rows=256 col_beats=32 vpu_runs=3 io_ms=0.485 ip_ms=0.318 total_ms=3.471 status=OK
[FPGA][MATMUL] tensor=blk.17.attn_output.weight layer=17 pos=0 phase=decode M=1 K=1024 N=1152 rows=256 col_beats=32 vpu_runs=10 io_ms=1.625 ip_ms=1.137 total_ms=12.730 status=OK
[FPGA][MATMUL] tensor=blk.17.ffn_gate.weight layer=17 pos=0 phase=decode M=1 K=1152 N=6912 rows=256 col_beats=32 vpu_runs=81 io_ms=13.186 ip_ms=8.567 total_ms=92.578 status=OK
[FPGA][MATMUL] tensor=blk.17.ffn_up.weight layer=17 pos=0 phase=decode M=1 K=1152 N=6912 rows=256 col_beats=32 vpu_runs=81 io_ms=13.069 ip_ms=8.565 total_ms=92.514 status=OK
[FPGA][MATMUL] tensor=blk.17.ffn_down.weight layer=17 pos=0 phase=decode M=1 K=6912 N=1152 rows=256 col_beats=32 vpu_runs=70 io_ms=11.234 ip_ms=7.768 total_ms=83.526 status=OK
[FPGA][MATMUL] tensor=blk.18.attn_q.weight layer=18 pos=0 phase=decode M=1 K=1152 N=1024 rows=256 col_beats=32 vpu_runs=12 io_ms=1.949 ip_ms=1.269 total_ms=13.711 status=OK
[FPGA][MATMUL] tensor=blk.18.attn_k.weight layer=18 pos=0 phase=decode M=1 K=1152 N=256 rows=256 col_beats=32 vpu_runs=3 io_ms=0.489 ip_ms=0.320 total_ms=3.449 status=OK
[FPGA][MATMUL] tensor=blk.18.attn_v.weight layer=18 pos=0 phase=decode M=1 K=1152 N=256 rows=256 col_beats=32 vpu_runs=3 io_ms=0.483 ip_ms=0.317 total_ms=3.449 status=OK
[FPGA][MATMUL] tensor=blk.18.attn_output.weight layer=18 pos=0 phase=decode M=1 K=1024 N=1152 rows=256 col_beats=32 vpu_runs=10 io_ms=1.628 ip_ms=1.137 total_ms=12.743 status=OK
[FPGA][MATMUL] tensor=blk.18.ffn_gate.weight layer=18 pos=0 phase=decode M=1 K=1152 N=6912 rows=256 col_beats=32 vpu_runs=81 io_ms=13.071 ip_ms=8.564 total_ms=92.459 status=OK
[FPGA][MATMUL] tensor=blk.18.ffn_up.weight layer=18 pos=0 phase=decode M=1 K=1152 N=6912 rows=256 col_beats=32 vpu_runs=81 io_ms=13.109 ip_ms=8.564 total_ms=92.585 status=OK
[FPGA][MATMUL] tensor=blk.18.ffn_down.weight layer=18 pos=0 phase=decode M=1 K=6912 N=1152 rows=256 col_beats=32 vpu_runs=70 io_ms=11.273 ip_ms=7.767 total_ms=83.621 status=OK
[FPGA][MATMUL] tensor=blk.19.attn_q.weight layer=19 pos=0 phase=decode M=1 K=1152 N=1024 rows=256 col_beats=32 vpu_runs=12 io_ms=1.935 ip_ms=1.267 total_ms=13.805 status=OK
[FPGA][MATMUL] tensor=blk.19.attn_k.weight layer=19 pos=0 phase=decode M=1 K=1152 N=256 rows=256 col_beats=32 vpu_runs=3 io_ms=0.487 ip_ms=0.318 total_ms=3.444 status=OK
[FPGA][MATMUL] tensor=blk.19.attn_v.weight layer=19 pos=0 phase=decode M=1 K=1152 N=256 rows=256 col_beats=32 vpu_runs=3 io_ms=0.484 ip_ms=0.318 total_ms=3.432 status=OK
[FPGA][MATMUL] tensor=blk.19.attn_output.weight layer=19 pos=0 phase=decode M=1 K=1024 N=1152 rows=256 col_beats=32 vpu_runs=10 io_ms=1.631 ip_ms=1.136 total_ms=12.752 status=OK
[FPGA][MATMUL] tensor=blk.19.ffn_gate.weight layer=19 pos=0 phase=decode M=1 K=1152 N=6912 rows=256 col_beats=32 vpu_runs=81 io_ms=13.071 ip_ms=8.558 total_ms=92.579 status=OK
[FPGA][MATMUL] tensor=blk.19.ffn_up.weight layer=19 pos=0 phase=decode M=1 K=1152 N=6912 rows=256 col_beats=32 vpu_runs=81 io_ms=13.062 ip_ms=8.556 total_ms=92.674 status=OK
[FPGA][MATMUL] tensor=blk.19.ffn_down.weight layer=19 pos=0 phase=decode M=1 K=6912 N=1152 rows=256 col_beats=32 vpu_runs=70 io_ms=11.249 ip_ms=7.767 total_ms=83.509 status=OK
[FPGA][MATMUL] tensor=blk.20.attn_q.weight layer=20 pos=0 phase=decode M=1 K=1152 N=1024 rows=256 col_beats=32 vpu_runs=12 io_ms=1.937 ip_ms=1.270 total_ms=13.721 status=OK
[FPGA][MATMUL] tensor=blk.20.attn_k.weight layer=20 pos=0 phase=decode M=1 K=1152 N=256 rows=256 col_beats=32 vpu_runs=3 io_ms=0.487 ip_ms=0.317 total_ms=3.424 status=OK
[FPGA][MATMUL] tensor=blk.20.attn_v.weight layer=20 pos=0 phase=decode M=1 K=1152 N=256 rows=256 col_beats=32 vpu_runs=3 io_ms=0.484 ip_ms=0.318 total_ms=3.426 status=OK
[FPGA][MATMUL] tensor=blk.20.attn_output.weight layer=20 pos=0 phase=decode M=1 K=1024 N=1152 rows=256 col_beats=32 vpu_runs=10 io_ms=1.627 ip_ms=1.136 total_ms=12.755 status=OK
[FPGA][MATMUL] tensor=blk.20.ffn_gate.weight layer=20 pos=0 phase=decode M=1 K=1152 N=6912 rows=256 col_beats=32 vpu_runs=81 io_ms=13.078 ip_ms=8.565 total_ms=92.404 status=OK
[FPGA][MATMUL] tensor=blk.20.ffn_up.weight layer=20 pos=0 phase=decode M=1 K=1152 N=6912 rows=256 col_beats=32 vpu_runs=81 io_ms=13.076 ip_ms=8.563 total_ms=92.570 status=OK
[FPGA][MATMUL] tensor=blk.20.ffn_down.weight layer=20 pos=0 phase=decode M=1 K=6912 N=1152 rows=256 col_beats=32 vpu_runs=70 io_ms=11.243 ip_ms=7.767 total_ms=83.531 status=OK
[FPGA][MATMUL] tensor=blk.21.attn_q.weight layer=21 pos=0 phase=decode M=1 K=1152 N=1024 rows=256 col_beats=32 vpu_runs=12 io_ms=1.939 ip_ms=1.268 total_ms=13.698 status=OK
[FPGA][MATMUL] tensor=blk.21.attn_k.weight layer=21 pos=0 phase=decode M=1 K=1152 N=256 rows=256 col_beats=32 vpu_runs=3 io_ms=0.486 ip_ms=0.317 total_ms=3.458 status=OK
[FPGA][MATMUL] tensor=blk.21.attn_v.weight layer=21 pos=0 phase=decode M=1 K=1152 N=256 rows=256 col_beats=32 vpu_runs=3 io_ms=0.485 ip_ms=0.317 total_ms=3.428 status=OK
[FPGA][MATMUL] tensor=blk.21.attn_output.weight layer=21 pos=0 phase=decode M=1 K=1024 N=1152 rows=256 col_beats=32 vpu_runs=10 io_ms=1.623 ip_ms=1.135 total_ms=12.748 status=OK
[FPGA][MATMUL] tensor=blk.21.ffn_gate.weight layer=21 pos=0 phase=decode M=1 K=1152 N=6912 rows=256 col_beats=32 vpu_runs=81 io_ms=13.076 ip_ms=8.568 total_ms=92.434 status=OK
[FPGA][MATMUL] tensor=blk.21.ffn_up.weight layer=21 pos=0 phase=decode M=1 K=1152 N=6912 rows=256 col_beats=32 vpu_runs=81 io_ms=13.069 ip_ms=8.561 total_ms=92.411 status=OK
[FPGA][MATMUL] tensor=blk.21.ffn_down.weight layer=21 pos=0 phase=decode M=1 K=6912 N=1152 rows=256 col_beats=32 vpu_runs=70 io_ms=11.252 ip_ms=7.771 total_ms=83.909 status=OK
[FPGA][MATMUL] tensor=blk.22.attn_q.weight layer=22 pos=0 phase=decode M=1 K=1152 N=1024 rows=256 col_beats=32 vpu_runs=12 io_ms=1.952 ip_ms=1.268 total_ms=13.777 status=OK
[FPGA][MATMUL] tensor=blk.22.attn_k.weight layer=22 pos=0 phase=decode M=1 K=1152 N=256 rows=256 col_beats=32 vpu_runs=3 io_ms=0.487 ip_ms=0.317 total_ms=3.464 status=OK
[FPGA][MATMUL] tensor=blk.22.attn_v.weight layer=22 pos=0 phase=decode M=1 K=1152 N=256 rows=256 col_beats=32 vpu_runs=3 io_ms=0.486 ip_ms=0.317 total_ms=3.440 status=OK
[FPGA][MATMUL] tensor=blk.22.attn_output.weight layer=22 pos=0 phase=decode M=1 K=1024 N=1152 rows=256 col_beats=32 vpu_runs=10 io_ms=1.627 ip_ms=1.135 total_ms=12.736 status=OK
[FPGA][MATMUL] tensor=blk.22.ffn_gate.weight layer=22 pos=0 phase=decode M=1 K=1152 N=6912 rows=256 col_beats=32 vpu_runs=81 io_ms=13.070 ip_ms=8.567 total_ms=92.577 status=OK
[FPGA][MATMUL] tensor=blk.22.ffn_up.weight layer=22 pos=0 phase=decode M=1 K=1152 N=6912 rows=256 col_beats=32 vpu_runs=81 io_ms=13.071 ip_ms=8.569 total_ms=92.355 status=OK
[FPGA][MATMUL] tensor=blk.22.ffn_down.weight layer=22 pos=0 phase=decode M=1 K=6912 N=1152 rows=256 col_beats=32 vpu_runs=70 io_ms=11.250 ip_ms=7.768 total_ms=83.412 status=OK
[FPGA][MATMUL] tensor=blk.23.attn_q.weight layer=23 pos=0 phase=decode M=1 K=1152 N=1024 rows=256 col_beats=32 vpu_runs=12 io_ms=1.937 ip_ms=1.268 total_ms=13.708 status=OK
[FPGA][MATMUL] tensor=blk.23.attn_k.weight layer=23 pos=0 phase=decode M=1 K=1152 N=256 rows=256 col_beats=32 vpu_runs=3 io_ms=0.487 ip_ms=0.318 total_ms=3.430 status=OK
[FPGA][MATMUL] tensor=blk.23.attn_v.weight layer=23 pos=0 phase=decode M=1 K=1152 N=256 rows=256 col_beats=32 vpu_runs=3 io_ms=0.485 ip_ms=0.317 total_ms=3.439 status=OK
[FPGA][MATMUL] tensor=blk.23.attn_output.weight layer=23 pos=0 phase=decode M=1 K=1024 N=1152 rows=256 col_beats=32 vpu_runs=10 io_ms=1.626 ip_ms=1.135 total_ms=12.727 status=OK
[FPGA][MATMUL] tensor=blk.23.ffn_gate.weight layer=23 pos=0 phase=decode M=1 K=1152 N=6912 rows=256 col_beats=32 vpu_runs=81 io_ms=13.073 ip_ms=8.566 total_ms=92.514 status=OK
[FPGA][MATMUL] tensor=blk.23.ffn_up.weight layer=23 pos=0 phase=decode M=1 K=1152 N=6912 rows=256 col_beats=32 vpu_runs=81 io_ms=13.075 ip_ms=8.561 total_ms=92.475 status=OK
[FPGA][MATMUL] tensor=blk.23.ffn_down.weight layer=23 pos=0 phase=decode M=1 K=6912 N=1152 rows=256 col_beats=32 vpu_runs=70 io_ms=11.249 ip_ms=7.771 total_ms=83.456 status=OK
[FPGA][MATMUL] tensor=blk.24.attn_q.weight layer=24 pos=0 phase=decode M=1 K=1152 N=1024 rows=256 col_beats=32 vpu_runs=12 io_ms=1.938 ip_ms=1.271 total_ms=13.702 status=OK
[FPGA][MATMUL] tensor=blk.24.attn_k.weight layer=24 pos=0 phase=decode M=1 K=1152 N=256 rows=256 col_beats=32 vpu_runs=3 io_ms=0.487 ip_ms=0.318 total_ms=3.452 status=OK
[FPGA][MATMUL] tensor=blk.24.attn_v.weight layer=24 pos=0 phase=decode M=1 K=1152 N=256 rows=256 col_beats=32 vpu_runs=3 io_ms=0.484 ip_ms=0.318 total_ms=3.430 status=OK
[FPGA][MATMUL] tensor=blk.24.attn_output.weight layer=24 pos=0 phase=decode M=1 K=1024 N=1152 rows=256 col_beats=32 vpu_runs=10 io_ms=1.625 ip_ms=1.138 total_ms=12.813 status=OK
[FPGA][MATMUL] tensor=blk.24.ffn_gate.weight layer=24 pos=0 phase=decode M=1 K=1152 N=6912 rows=256 col_beats=32 vpu_runs=81 io_ms=13.076 ip_ms=8.560 total_ms=92.649 status=OK
[FPGA][MATMUL] tensor=blk.24.ffn_up.weight layer=24 pos=0 phase=decode M=1 K=1152 N=6912 rows=256 col_beats=32 vpu_runs=81 io_ms=13.083 ip_ms=8.579 total_ms=92.677 status=OK
[FPGA][MATMUL] tensor=blk.24.ffn_down.weight layer=24 pos=0 phase=decode M=1 K=6912 N=1152 rows=256 col_beats=32 vpu_runs=70 io_ms=11.232 ip_ms=7.768 total_ms=83.445 status=OK
[FPGA][MATMUL] tensor=blk.25.attn_q.weight layer=25 pos=0 phase=decode M=1 K=1152 N=1024 rows=256 col_beats=32 vpu_runs=12 io_ms=1.941 ip_ms=1.275 total_ms=13.706 status=OK
[FPGA][MATMUL] tensor=blk.25.attn_k.weight layer=25 pos=0 phase=decode M=1 K=1152 N=256 rows=256 col_beats=32 vpu_runs=3 io_ms=0.487 ip_ms=0.317 total_ms=3.448 status=OK
[FPGA][MATMUL] tensor=blk.25.attn_v.weight layer=25 pos=0 phase=decode M=1 K=1152 N=256 rows=256 col_beats=32 vpu_runs=3 io_ms=0.486 ip_ms=0.317 total_ms=3.444 status=OK
[FPGA][MATMUL] tensor=blk.25.attn_output.weight layer=25 pos=0 phase=decode M=1 K=1024 N=1152 rows=256 col_beats=32 vpu_runs=10 io_ms=1.627 ip_ms=1.138 total_ms=12.810 status=OK
[FPGA][MATMUL] tensor=blk.25.ffn_gate.weight layer=25 pos=0 phase=decode M=1 K=1152 N=6912 rows=256 col_beats=32 vpu_runs=81 io_ms=13.077 ip_ms=8.560 total_ms=92.985 status=OK
[FPGA][MATMUL] tensor=blk.25.ffn_up.weight layer=25 pos=0 phase=decode M=1 K=1152 N=6912 rows=256 col_beats=32 vpu_runs=81 io_ms=13.110 ip_ms=8.563 total_ms=92.541 status=OK
[FPGA][MATMUL] tensor=blk.25.ffn_down.weight layer=25 pos=0 phase=decode M=1 K=6912 N=1152 rows=256 col_beats=32 vpu_runs=70 io_ms=11.262 ip_ms=7.767 total_ms=83.319 status=OK
[FPGA][MATMUL] tensor=token_embd.weight layer=0 pos=0 phase=decode M=1 K=1152 N=262144 rows=256 col_beats=32 vpu_runs=3072 io_ms=495.923 ip_ms=324.803 total_ms=3510.844 status=OK
[FPGA][MATMUL] tensor=blk.0.attn_q.weight layer=0 pos=0 phase=decode M=1 K=1152 N=1024 rows=256 col_beats=32 vpu_runs=12 io_ms=1.943 ip_ms=1.269 total_ms=13.718 status=OK
[FPGA][MATMUL] tensor=blk.0.attn_k.weight layer=0 pos=0 phase=decode M=1 K=1152 N=256 rows=256 col_beats=32 vpu_runs=3 io_ms=0.488 ip_ms=0.317 total_ms=3.485 status=OK
[FPGA][MATMUL] tensor=blk.0.attn_v.weight layer=0 pos=0 phase=decode M=1 K=1152 N=256 rows=256 col_beats=32 vpu_runs=3 io_ms=0.485 ip_ms=0.317 total_ms=3.440 status=OK
[FPGA][MATMUL] tensor=blk.0.attn_output.weight layer=0 pos=0 phase=decode M=1 K=1024 N=1152 rows=256 col_beats=32 vpu_runs=10 io_ms=1.628 ip_ms=1.135 total_ms=12.711 status=OK
[FPGA][MATMUL] tensor=blk.0.ffn_gate.weight layer=0 pos=0 phase=decode M=1 K=1152 N=6912 rows=256 col_beats=32 vpu_runs=81 io_ms=13.110 ip_ms=8.563 total_ms=92.597 status=OK
[FPGA][MATMUL] tensor=blk.0.ffn_up.weight layer=0 pos=0 phase=decode M=1 K=1152 N=6912 rows=256 col_beats=32 vpu_runs=81 io_ms=13.070 ip_ms=8.563 total_ms=92.971 status=OK
[FPGA][MATMUL] tensor=blk.0.ffn_down.weight layer=0 pos=0 phase=decode M=1 K=6912 N=1152 rows=256 col_beats=32 vpu_runs=70 io_ms=11.250 ip_ms=7.767 total_ms=83.721 status=OK
[FPGA][MATMUL] tensor=blk.1.attn_q.weight layer=1 pos=0 phase=decode M=1 K=1152 N=1024 rows=256 col_beats=32 vpu_runs=12 io_ms=1.933 ip_ms=1.269 total_ms=13.700 status=OK
[FPGA][MATMUL] tensor=blk.1.attn_k.weight layer=1 pos=0 phase=decode M=1 K=1152 N=256 rows=256 col_beats=32 vpu_runs=3 io_ms=0.488 ip_ms=0.317 total_ms=3.449 status=OK
[FPGA][MATMUL] tensor=blk.1.attn_v.weight layer=1 pos=0 phase=decode M=1 K=1152 N=256 rows=256 col_beats=32 vpu_runs=3 io_ms=0.485 ip_ms=0.317 total_ms=3.408 status=OK
[FPGA][MATMUL] tensor=blk.1.attn_output.weight layer=1 pos=0 phase=decode M=1 K=1024 N=1152 rows=256 col_beats=32 vpu_runs=10 io_ms=1.630 ip_ms=1.135 total_ms=12.742 status=OK
[FPGA][MATMUL] tensor=blk.1.ffn_gate.weight layer=1 pos=0 phase=decode M=1 K=1152 N=6912 rows=256 col_beats=32 vpu_runs=81 io_ms=13.076 ip_ms=8.561 total_ms=93.017 status=OK
[FPGA][MATMUL] tensor=blk.1.ffn_up.weight layer=1 pos=0 phase=decode M=1 K=1152 N=6912 rows=256 col_beats=32 vpu_runs=81 io_ms=13.062 ip_ms=8.567 total_ms=92.611 status=OK
[FPGA][MATMUL] tensor=blk.1.ffn_down.weight layer=1 pos=0 phase=decode M=1 K=6912 N=1152 rows=256 col_beats=32 vpu_runs=70 io_ms=11.237 ip_ms=7.770 total_ms=83.932 status=OK
[FPGA][MATMUL] tensor=blk.2.attn_q.weight layer=2 pos=0 phase=decode M=1 K=1152 N=1024 rows=256 col_beats=32 vpu_runs=12 io_ms=1.938 ip_ms=1.268 total_ms=13.879 status=OK
[FPGA][MATMUL] tensor=blk.2.attn_k.weight layer=2 pos=0 phase=decode M=1 K=1152 N=256 rows=256 col_beats=32 vpu_runs=3 io_ms=0.487 ip_ms=0.316 total_ms=3.430 status=OK
[FPGA][MATMUL] tensor=blk.2.attn_v.weight layer=2 pos=0 phase=decode M=1 K=1152 N=256 rows=256 col_beats=32 vpu_runs=3 io_ms=0.485 ip_ms=0.316 total_ms=3.453 status=OK
[FPGA][MATMUL] tensor=blk.2.attn_output.weight layer=2 pos=0 phase=decode M=1 K=1024 N=1152 rows=256 col_beats=32 vpu_runs=10 io_ms=1.627 ip_ms=1.137 total_ms=12.767 status=OK
[FPGA][MATMUL] tensor=blk.2.ffn_gate.weight layer=2 pos=0 phase=decode M=1 K=1152 N=6912 rows=256 col_beats=32 vpu_runs=81 io_ms=13.080 ip_ms=8.563 total_ms=92.347 status=OK
[FPGA][MATMUL] tensor=blk.2.ffn_up.weight layer=2 pos=0 phase=decode M=1 K=1152 N=6912 rows=256 col_beats=32 vpu_runs=81 io_ms=13.086 ip_ms=8.565 total_ms=92.570 status=OK
[FPGA][MATMUL] tensor=blk.2.ffn_down.weight layer=2 pos=0 phase=decode M=1 K=6912 N=1152 rows=256 col_beats=32 vpu_runs=70 io_ms=11.239 ip_ms=7.766 total_ms=83.415 status=OK
[FPGA][MATMUL] tensor=blk.3.attn_q.weight layer=3 pos=0 phase=decode M=1 K=1152 N=1024 rows=256 col_beats=32 vpu_runs=12 io_ms=1.957 ip_ms=1.268 total_ms=13.795 status=OK
[FPGA][MATMUL] tensor=blk.3.attn_k.weight layer=3 pos=0 phase=decode M=1 K=1152 N=256 rows=256 col_beats=32 vpu_runs=3 io_ms=0.487 ip_ms=0.317 total_ms=3.478 status=OK
[FPGA][MATMUL] tensor=blk.3.attn_v.weight layer=3 pos=0 phase=decode M=1 K=1152 N=256 rows=256 col_beats=32 vpu_runs=3 io_ms=0.485 ip_ms=0.317 total_ms=3.423 status=OK
[FPGA][MATMUL] tensor=blk.3.attn_output.weight layer=3 pos=0 phase=decode M=1 K=1024 N=1152 rows=256 col_beats=32 vpu_runs=10 io_ms=1.629 ip_ms=1.135 total_ms=12.724 status=OK
[FPGA][MATMUL] tensor=blk.3.ffn_gate.weight layer=3 pos=0 phase=decode M=1 K=1152 N=6912 rows=256 col_beats=32 vpu_runs=81 io_ms=13.088 ip_ms=8.567 total_ms=92.571 status=OK
[FPGA][MATMUL] tensor=blk.3.ffn_up.weight layer=3 pos=0 phase=decode M=1 K=1152 N=6912 rows=256 col_beats=32 vpu_runs=81 io_ms=13.069 ip_ms=8.562 total_ms=92.457 status=OK
[FPGA][MATMUL] tensor=blk.3.ffn_down.weight layer=3 pos=0 phase=decode M=1 K=6912 N=1152 rows=256 col_beats=32 vpu_runs=70 io_ms=11.238 ip_ms=7.767 total_ms=83.510 status=OK
[FPGA][MATMUL] tensor=blk.4.attn_q.weight layer=4 pos=0 phase=decode M=1 K=1152 N=1024 rows=256 col_beats=32 vpu_runs=12 io_ms=1.937 ip_ms=1.268 total_ms=13.782 status=OK
[FPGA][MATMUL] tensor=blk.4.attn_k.weight layer=4 pos=0 phase=decode M=1 K=1152 N=256 rows=256 col_beats=32 vpu_runs=3 io_ms=0.484 ip_ms=0.316 total_ms=3.467 status=OK
[FPGA][MATMUL] tensor=blk.4.attn_v.weight layer=4 pos=0 phase=decode M=1 K=1152 N=256 rows=256 col_beats=32 vpu_runs=3 io_ms=0.485 ip_ms=0.316 total_ms=3.437 status=OK
[FPGA][MATMUL] tensor=blk.4.attn_output.weight layer=4 pos=0 phase=decode M=1 K=1024 N=1152 rows=256 col_beats=32 vpu_runs=10 io_ms=1.622 ip_ms=1.137 total_ms=12.745 status=OK
[FPGA][MATMUL] tensor=blk.4.ffn_gate.weight layer=4 pos=0 phase=decode M=1 K=1152 N=6912 rows=256 col_beats=32 vpu_runs=81 io_ms=13.071 ip_ms=8.560 total_ms=92.439 status=OK
[FPGA][MATMUL] tensor=blk.4.ffn_up.weight layer=4 pos=0 phase=decode M=1 K=1152 N=6912 rows=256 col_beats=32 vpu_runs=81 io_ms=13.126 ip_ms=8.559 total_ms=92.386 status=OK
[FPGA][MATMUL] tensor=blk.4.ffn_down.weight layer=4 pos=0 phase=decode M=1 K=6912 N=1152 rows=256 col_beats=32 vpu_runs=70 io_ms=11.364 ip_ms=7.778 total_ms=83.491 status=OK
[FPGA][MATMUL] tensor=blk.5.attn_q.weight layer=5 pos=0 phase=decode M=1 K=1152 N=1024 rows=256 col_beats=32 vpu_runs=12 io_ms=1.942 ip_ms=1.269 total_ms=13.792 status=OK
[FPGA][MATMUL] tensor=blk.5.attn_k.weight layer=5 pos=0 phase=decode M=1 K=1152 N=256 rows=256 col_beats=32 vpu_runs=3 io_ms=0.488 ip_ms=0.317 total_ms=3.447 status=OK
[FPGA][MATMUL] tensor=blk.5.attn_v.weight layer=5 pos=0 phase=decode M=1 K=1152 N=256 rows=256 col_beats=32 vpu_runs=3 io_ms=0.485 ip_ms=0.318 total_ms=3.429 status=OK
[FPGA][MATMUL] tensor=blk.5.attn_output.weight layer=5 pos=0 phase=decode M=1 K=1024 N=1152 rows=256 col_beats=32 vpu_runs=10 io_ms=1.630 ip_ms=1.136 total_ms=12.808 status=OK
[FPGA][MATMUL] tensor=blk.5.ffn_gate.weight layer=5 pos=0 phase=decode M=1 K=1152 N=6912 rows=256 col_beats=32 vpu_runs=81 io_ms=13.076 ip_ms=8.561 total_ms=92.497 status=OK
[FPGA][MATMUL] tensor=blk.5.ffn_up.weight layer=5 pos=0 phase=decode M=1 K=1152 N=6912 rows=256 col_beats=32 vpu_runs=81 io_ms=13.123 ip_ms=8.563 total_ms=92.418 status=OK
[FPGA][MATMUL] tensor=blk.5.ffn_down.weight layer=5 pos=0 phase=decode M=1 K=6912 N=1152 rows=256 col_beats=32 vpu_runs=70 io_ms=11.237 ip_ms=7.770 total_ms=83.656 status=OK
[FPGA][MATMUL] tensor=blk.6.attn_q.weight layer=6 pos=0 phase=decode M=1 K=1152 N=1024 rows=256 col_beats=32 vpu_runs=12 io_ms=1.942 ip_ms=1.268 total_ms=13.771 status=OK
[FPGA][MATMUL] tensor=blk.6.attn_k.weight layer=6 pos=0 phase=decode M=1 K=1152 N=256 rows=256 col_beats=32 vpu_runs=3 io_ms=0.503 ip_ms=0.317 total_ms=3.466 status=OK
[FPGA][MATMUL] tensor=blk.6.attn_v.weight layer=6 pos=0 phase=decode M=1 K=1152 N=256 rows=256 col_beats=32 vpu_runs=3 io_ms=0.487 ip_ms=0.317 total_ms=3.434 status=OK
[FPGA][MATMUL] tensor=blk.6.attn_output.weight layer=6 pos=0 phase=decode M=1 K=1024 N=1152 rows=256 col_beats=32 vpu_runs=10 io_ms=1.628 ip_ms=1.136 total_ms=12.723 status=OK
[FPGA][MATMUL] tensor=blk.6.ffn_gate.weight layer=6 pos=0 phase=decode M=1 K=1152 N=6912 rows=256 col_beats=32 vpu_runs=81 io_ms=13.093 ip_ms=8.562 total_ms=92.446 status=OK
[FPGA][MATMUL] tensor=blk.6.ffn_up.weight layer=6 pos=0 phase=decode M=1 K=1152 N=6912 rows=256 col_beats=32 vpu_runs=81 io_ms=13.092 ip_ms=8.563 total_ms=92.642 status=OK
[FPGA][MATMUL] tensor=blk.6.ffn_down.weight layer=6 pos=0 phase=decode M=1 K=6912 N=1152 rows=256 col_beats=32 vpu_runs=70 io_ms=11.239 ip_ms=7.768 total_ms=83.445 status=OK
[FPGA][MATMUL] tensor=blk.7.attn_q.weight layer=7 pos=0 phase=decode M=1 K=1152 N=1024 rows=256 col_beats=32 vpu_runs=12 io_ms=1.939 ip_ms=1.268 total_ms=13.722 status=OK
[FPGA][MATMUL] tensor=blk.7.attn_k.weight layer=7 pos=0 phase=decode M=1 K=1152 N=256 rows=256 col_beats=32 vpu_runs=3 io_ms=0.487 ip_ms=0.317 total_ms=3.476 status=OK
[FPGA][MATMUL] tensor=blk.7.attn_v.weight layer=7 pos=0 phase=decode M=1 K=1152 N=256 rows=256 col_beats=32 vpu_runs=3 io_ms=0.487 ip_ms=0.318 total_ms=3.426 status=OK
[FPGA][MATMUL] tensor=blk.7.attn_output.weight layer=7 pos=0 phase=decode M=1 K=1024 N=1152 rows=256 col_beats=32 vpu_runs=10 io_ms=1.628 ip_ms=1.136 total_ms=12.645 status=OK
[FPGA][MATMUL] tensor=blk.7.ffn_gate.weight layer=7 pos=0 phase=decode M=1 K=1152 N=6912 rows=256 col_beats=32 vpu_runs=81 io_ms=13.078 ip_ms=8.562 total_ms=92.450 status=OK
[FPGA][MATMUL] tensor=blk.7.ffn_up.weight layer=7 pos=0 phase=decode M=1 K=1152 N=6912 rows=256 col_beats=32 vpu_runs=81 io_ms=13.073 ip_ms=8.560 total_ms=92.611 status=OK
[FPGA][MATMUL] tensor=blk.7.ffn_down.weight layer=7 pos=0 phase=decode M=1 K=6912 N=1152 rows=256 col_beats=32 vpu_runs=70 io_ms=11.245 ip_ms=7.773 total_ms=83.776 status=OK
[FPGA][MATMUL] tensor=blk.8.attn_q.weight layer=8 pos=0 phase=decode M=1 K=1152 N=1024 rows=256 col_beats=32 vpu_runs=12 io_ms=1.940 ip_ms=1.269 total_ms=13.765 status=OK
[FPGA][MATMUL] tensor=blk.8.attn_k.weight layer=8 pos=0 phase=decode M=1 K=1152 N=256 rows=256 col_beats=32 vpu_runs=3 io_ms=0.486 ip_ms=0.317 total_ms=3.456 status=OK
[FPGA][MATMUL] tensor=blk.8.attn_v.weight layer=8 pos=0 phase=decode M=1 K=1152 N=256 rows=256 col_beats=32 vpu_runs=3 io_ms=0.484 ip_ms=0.317 total_ms=3.424 status=OK
[FPGA][MATMUL] tensor=blk.8.attn_output.weight layer=8 pos=0 phase=decode M=1 K=1024 N=1152 rows=256 col_beats=32 vpu_runs=10 io_ms=1.625 ip_ms=1.135 total_ms=12.704 status=OK
[FPGA][MATMUL] tensor=blk.8.ffn_gate.weight layer=8 pos=0 phase=decode M=1 K=1152 N=6912 rows=256 col_beats=32 vpu_runs=81 io_ms=13.072 ip_ms=8.565 total_ms=92.488 status=OK
[FPGA][MATMUL] tensor=blk.8.ffn_up.weight layer=8 pos=0 phase=decode M=1 K=1152 N=6912 rows=256 col_beats=32 vpu_runs=81 io_ms=13.065 ip_ms=8.575 total_ms=92.519 status=OK
[FPGA][MATMUL] tensor=blk.8.ffn_down.weight layer=8 pos=0 phase=decode M=1 K=6912 N=1152 rows=256 col_beats=32 vpu_runs=70 io_ms=11.294 ip_ms=7.763 total_ms=83.688 status=OK
[FPGA][MATMUL] tensor=blk.9.attn_q.weight layer=9 pos=0 phase=decode M=1 K=1152 N=1024 rows=256 col_beats=32 vpu_runs=12 io_ms=1.942 ip_ms=1.266 total_ms=13.704 status=OK
[FPGA][MATMUL] tensor=blk.9.attn_k.weight layer=9 pos=0 phase=decode M=1 K=1152 N=256 rows=256 col_beats=32 vpu_runs=3 io_ms=0.487 ip_ms=0.317 total_ms=3.440 status=OK
[FPGA][MATMUL] tensor=blk.9.attn_v.weight layer=9 pos=0 phase=decode M=1 K=1152 N=256 rows=256 col_beats=32 vpu_runs=3 io_ms=0.496 ip_ms=0.318 total_ms=3.433 status=OK
[FPGA][MATMUL] tensor=blk.9.attn_output.weight layer=9 pos=0 phase=decode M=1 K=1024 N=1152 rows=256 col_beats=32 vpu_runs=10 io_ms=1.635 ip_ms=1.138 total_ms=12.730 status=OK
[FPGA][MATMUL] tensor=blk.9.ffn_gate.weight layer=9 pos=0 phase=decode M=1 K=1152 N=6912 rows=256 col_beats=32 vpu_runs=81 io_ms=13.071 ip_ms=8.561 total_ms=92.811 status=OK
[FPGA][MATMUL] tensor=blk.9.ffn_up.weight layer=9 pos=0 phase=decode M=1 K=1152 N=6912 rows=256 col_beats=32 vpu_runs=81 io_ms=13.085 ip_ms=8.557 total_ms=92.332 status=OK
[FPGA][MATMUL] tensor=blk.9.ffn_down.weight layer=9 pos=0 phase=decode M=1 K=6912 N=1152 rows=256 col_beats=32 vpu_runs=70 io_ms=11.245 ip_ms=7.773 total_ms=83.936 status=OK
[FPGA][MATMUL] tensor=blk.10.attn_q.weight layer=10 pos=0 phase=decode M=1 K=1152 N=1024 rows=256 col_beats=32 vpu_runs=12 io_ms=1.949 ip_ms=1.270 total_ms=13.710 status=OK
[FPGA][MATMUL] tensor=blk.10.attn_k.weight layer=10 pos=0 phase=decode M=1 K=1152 N=256 rows=256 col_beats=32 vpu_runs=3 io_ms=0.487 ip_ms=0.318 total_ms=3.481 status=OK
[FPGA][MATMUL] tensor=blk.10.attn_v.weight layer=10 pos=0 phase=decode M=1 K=1152 N=256 rows=256 col_beats=32 vpu_runs=3 io_ms=0.490 ip_ms=0.317 total_ms=3.452 status=OK
[FPGA][MATMUL] tensor=blk.10.attn_output.weight layer=10 pos=0 phase=decode M=1 K=1024 N=1152 rows=256 col_beats=32 vpu_runs=10 io_ms=1.625 ip_ms=1.135 total_ms=12.799 status=OK
[FPGA][MATMUL] tensor=blk.10.ffn_gate.weight layer=10 pos=0 phase=decode M=1 K=1152 N=6912 rows=256 col_beats=32 vpu_runs=81 io_ms=13.086 ip_ms=8.560 total_ms=92.478 status=OK
[FPGA][MATMUL] tensor=blk.10.ffn_up.weight layer=10 pos=0 phase=decode M=1 K=1152 N=6912 rows=256 col_beats=32 vpu_runs=81 io_ms=13.091 ip_ms=8.561 total_ms=92.601 status=OK
[FPGA][MATMUL] tensor=blk.10.ffn_down.weight layer=10 pos=0 phase=decode M=1 K=6912 N=1152 rows=256 col_beats=32 vpu_runs=70 io_ms=11.225 ip_ms=7.775 total_ms=83.384 status=OK
[FPGA][MATMUL] tensor=blk.11.attn_q.weight layer=11 pos=0 phase=decode M=1 K=1152 N=1024 rows=256 col_beats=32 vpu_runs=12 io_ms=1.935 ip_ms=1.319 total_ms=13.748 status=OK
[FPGA][MATMUL] tensor=blk.11.attn_k.weight layer=11 pos=0 phase=decode M=1 K=1152 N=256 rows=256 col_beats=32 vpu_runs=3 io_ms=0.485 ip_ms=0.318 total_ms=3.435 status=OK
[FPGA][MATMUL] tensor=blk.11.attn_v.weight layer=11 pos=0 phase=decode M=1 K=1152 N=256 rows=256 col_beats=32 vpu_runs=3 io_ms=0.484 ip_ms=0.317 total_ms=3.437 status=OK
[FPGA][MATMUL] tensor=blk.11.attn_output.weight layer=11 pos=0 phase=decode M=1 K=1024 N=1152 rows=256 col_beats=32 vpu_runs=10 io_ms=1.626 ip_ms=1.136 total_ms=12.715 status=OK
[FPGA][MATMUL] tensor=blk.11.ffn_gate.weight layer=11 pos=0 phase=decode M=1 K=1152 N=6912 rows=256 col_beats=32 vpu_runs=81 io_ms=13.076 ip_ms=8.561 total_ms=92.562 status=OK
[FPGA][MATMUL] tensor=blk.11.ffn_up.weight layer=11 pos=0 phase=decode M=1 K=1152 N=6912 rows=256 col_beats=32 vpu_runs=81 io_ms=13.076 ip_ms=8.558 total_ms=92.498 status=OK
[FPGA][MATMUL] tensor=blk.11.ffn_down.weight layer=11 pos=0 phase=decode M=1 K=6912 N=1152 rows=256 col_beats=32 vpu_runs=70 io_ms=11.246 ip_ms=7.767 total_ms=83.404 status=OK
[FPGA][MATMUL] tensor=blk.12.attn_q.weight layer=12 pos=0 phase=decode M=1 K=1152 N=1024 rows=256 col_beats=32 vpu_runs=12 io_ms=1.944 ip_ms=1.270 total_ms=13.833 status=OK
[FPGA][MATMUL] tensor=blk.12.attn_k.weight layer=12 pos=0 phase=decode M=1 K=1152 N=256 rows=256 col_beats=32 vpu_runs=3 io_ms=0.486 ip_ms=0.318 total_ms=3.449 status=OK
[FPGA][MATMUL] tensor=blk.12.attn_v.weight layer=12 pos=0 phase=decode M=1 K=1152 N=256 rows=256 col_beats=32 vpu_runs=3 io_ms=0.485 ip_ms=0.318 total_ms=3.443 status=OK
[FPGA][MATMUL] tensor=blk.12.attn_output.weight layer=12 pos=0 phase=decode M=1 K=1024 N=1152 rows=256 col_beats=32 vpu_runs=10 io_ms=1.627 ip_ms=1.137 total_ms=12.713 status=OK
[FPGA][MATMUL] tensor=blk.12.ffn_gate.weight layer=12 pos=0 phase=decode M=1 K=1152 N=6912 rows=256 col_beats=32 vpu_runs=81 io_ms=13.063 ip_ms=8.567 total_ms=92.710 status=OK
[FPGA][MATMUL] tensor=blk.12.ffn_up.weight layer=12 pos=0 phase=decode M=1 K=1152 N=6912 rows=256 col_beats=32 vpu_runs=81 io_ms=13.071 ip_ms=8.571 total_ms=92.352 status=OK
[FPGA][MATMUL] tensor=blk.12.ffn_down.weight layer=12 pos=0 phase=decode M=1 K=6912 N=1152 rows=256 col_beats=32 vpu_runs=70 io_ms=11.243 ip_ms=7.771 total_ms=83.824 status=OK
[FPGA][MATMUL] tensor=blk.13.attn_q.weight layer=13 pos=0 phase=decode M=1 K=1152 N=1024 rows=256 col_beats=32 vpu_runs=12 io_ms=1.939 ip_ms=1.268 total_ms=13.695 status=OK
[FPGA][MATMUL] tensor=blk.13.attn_k.weight layer=13 pos=0 phase=decode M=1 K=1152 N=256 rows=256 col_beats=32 vpu_runs=3 io_ms=0.490 ip_ms=0.317 total_ms=3.508 status=OK
[FPGA][MATMUL] tensor=blk.13.attn_v.weight layer=13 pos=0 phase=decode M=1 K=1152 N=256 rows=256 col_beats=32 vpu_runs=3 io_ms=0.512 ip_ms=0.317 total_ms=3.457 status=OK
[FPGA][MATMUL] tensor=blk.13.attn_output.weight layer=13 pos=0 phase=decode M=1 K=1024 N=1152 rows=256 col_beats=32 vpu_runs=10 io_ms=1.630 ip_ms=1.135 total_ms=12.803 status=OK
[FPGA][MATMUL] tensor=blk.13.ffn_gate.weight layer=13 pos=0 phase=decode M=1 K=1152 N=6912 rows=256 col_beats=32 vpu_runs=81 io_ms=13.077 ip_ms=8.561 total_ms=92.828 status=OK
[FPGA][MATMUL] tensor=blk.13.ffn_up.weight layer=13 pos=0 phase=decode M=1 K=1152 N=6912 rows=256 col_beats=32 vpu_runs=81 io_ms=13.070 ip_ms=8.566 total_ms=92.363 status=OK
[FPGA][MATMUL] tensor=blk.13.ffn_down.weight layer=13 pos=0 phase=decode M=1 K=6912 N=1152 rows=256 col_beats=32 vpu_runs=70 io_ms=11.241 ip_ms=7.768 total_ms=83.504 status=OK
[FPGA][MATMUL] tensor=blk.14.attn_q.weight layer=14 pos=0 phase=decode M=1 K=1152 N=1024 rows=256 col_beats=32 vpu_runs=12 io_ms=1.938 ip_ms=1.266 total_ms=13.786 status=OK
[FPGA][MATMUL] tensor=blk.14.attn_k.weight layer=14 pos=0 phase=decode M=1 K=1152 N=256 rows=256 col_beats=32 vpu_runs=3 io_ms=0.489 ip_ms=0.317 total_ms=3.452 status=OK
[FPGA][MATMUL] tensor=blk.14.attn_v.weight layer=14 pos=0 phase=decode M=1 K=1152 N=256 rows=256 col_beats=32 vpu_runs=3 io_ms=0.484 ip_ms=0.317 total_ms=3.427 status=OK
[FPGA][MATMUL] tensor=blk.14.attn_output.weight layer=14 pos=0 phase=decode M=1 K=1024 N=1152 rows=256 col_beats=32 vpu_runs=10 io_ms=1.626 ip_ms=1.136 total_ms=12.787 status=OK
[FPGA][MATMUL] tensor=blk.14.ffn_gate.weight layer=14 pos=0 phase=decode M=1 K=1152 N=6912 rows=256 col_beats=32 vpu_runs=81 io_ms=13.210 ip_ms=8.560 total_ms=92.712 status=OK
[FPGA][MATMUL] tensor=blk.14.ffn_up.weight layer=14 pos=0 phase=decode M=1 K=1152 N=6912 rows=256 col_beats=32 vpu_runs=81 io_ms=13.083 ip_ms=8.558 total_ms=92.382 status=OK
[FPGA][MATMUL] tensor=blk.14.ffn_down.weight layer=14 pos=0 phase=decode M=1 K=6912 N=1152 rows=256 col_beats=32 vpu_runs=70 io_ms=11.251 ip_ms=7.765 total_ms=83.252 status=OK
[FPGA][MATMUL] tensor=blk.15.attn_q.weight layer=15 pos=0 phase=decode M=1 K=1152 N=1024 rows=256 col_beats=32 vpu_runs=12 io_ms=1.940 ip_ms=1.268 total_ms=13.730 status=OK
[FPGA][MATMUL] tensor=blk.15.attn_k.weight layer=15 pos=0 phase=decode M=1 K=1152 N=256 rows=256 col_beats=32 vpu_runs=3 io_ms=0.486 ip_ms=0.318 total_ms=3.457 status=OK
[FPGA][MATMUL] tensor=blk.15.attn_v.weight layer=15 pos=0 phase=decode M=1 K=1152 N=256 rows=256 col_beats=32 vpu_runs=3 io_ms=0.485 ip_ms=0.317 total_ms=3.424 status=OK
[FPGA][MATMUL] tensor=blk.15.attn_output.weight layer=15 pos=0 phase=decode M=1 K=1024 N=1152 rows=256 col_beats=32 vpu_runs=10 io_ms=1.652 ip_ms=1.137 total_ms=12.784 status=OK
[FPGA][MATMUL] tensor=blk.15.ffn_gate.weight layer=15 pos=0 phase=decode M=1 K=1152 N=6912 rows=256 col_beats=32 vpu_runs=81 io_ms=13.087 ip_ms=8.564 total_ms=92.431 status=OK
[FPGA][MATMUL] tensor=blk.15.ffn_up.weight layer=15 pos=0 phase=decode M=1 K=1152 N=6912 rows=256 col_beats=32 vpu_runs=81 io_ms=13.075 ip_ms=8.565 total_ms=92.385 status=OK
[FPGA][MATMUL] tensor=blk.15.ffn_down.weight layer=15 pos=0 phase=decode M=1 K=6912 N=1152 rows=256 col_beats=32 vpu_runs=70 io_ms=11.242 ip_ms=7.767 total_ms=83.301 status=OK
[FPGA][MATMUL] tensor=blk.16.attn_q.weight layer=16 pos=0 phase=decode M=1 K=1152 N=1024 rows=256 col_beats=32 vpu_runs=12 io_ms=1.935 ip_ms=1.274 total_ms=13.796 status=OK
[FPGA][MATMUL] tensor=blk.16.attn_k.weight layer=16 pos=0 phase=decode M=1 K=1152 N=256 rows=256 col_beats=32 vpu_runs=3 io_ms=0.488 ip_ms=0.318 total_ms=3.441 status=OK
[FPGA][MATMUL] tensor=blk.16.attn_v.weight layer=16 pos=0 phase=decode M=1 K=1152 N=256 rows=256 col_beats=32 vpu_runs=3 io_ms=0.486 ip_ms=0.317 total_ms=3.456 status=OK
[FPGA][MATMUL] tensor=blk.16.attn_output.weight layer=16 pos=0 phase=decode M=1 K=1024 N=1152 rows=256 col_beats=32 vpu_runs=10 io_ms=1.629 ip_ms=1.136 total_ms=12.776 status=OK
[FPGA][MATMUL] tensor=blk.16.ffn_gate.weight layer=16 pos=0 phase=decode M=1 K=1152 N=6912 rows=256 col_beats=32 vpu_runs=81 io_ms=13.105 ip_ms=8.561 total_ms=92.432 status=OK
[FPGA][MATMUL] tensor=blk.16.ffn_up.weight layer=16 pos=0 phase=decode M=1 K=1152 N=6912 rows=256 col_beats=32 vpu_runs=81 io_ms=13.088 ip_ms=8.566 total_ms=92.644 status=OK
[FPGA][MATMUL] tensor=blk.16.ffn_down.weight layer=16 pos=0 phase=decode M=1 K=6912 N=1152 rows=256 col_beats=32 vpu_runs=70 io_ms=11.261 ip_ms=7.779 total_ms=83.318 status=OK
[FPGA][MATMUL] tensor=blk.17.attn_q.weight layer=17 pos=0 phase=decode M=1 K=1152 N=1024 rows=256 col_beats=32 vpu_runs=12 io_ms=1.940 ip_ms=1.268 total_ms=13.729 status=OK
[FPGA][MATMUL] tensor=blk.17.attn_k.weight layer=17 pos=0 phase=decode M=1 K=1152 N=256 rows=256 col_beats=32 vpu_runs=3 io_ms=0.485 ip_ms=0.316 total_ms=3.444 status=OK
[FPGA][MATMUL] tensor=blk.17.attn_v.weight layer=17 pos=0 phase=decode M=1 K=1152 N=256 rows=256 col_beats=32 vpu_runs=3 io_ms=0.487 ip_ms=0.318 total_ms=3.441 status=OK
[FPGA][MATMUL] tensor=blk.17.attn_output.weight layer=17 pos=0 phase=decode M=1 K=1024 N=1152 rows=256 col_beats=32 vpu_runs=10 io_ms=1.628 ip_ms=1.136 total_ms=12.725 status=OK
[FPGA][MATMUL] tensor=blk.17.ffn_gate.weight layer=17 pos=0 phase=decode M=1 K=1152 N=6912 rows=256 col_beats=32 vpu_runs=81 io_ms=13.074 ip_ms=8.554 total_ms=92.616 status=OK
[FPGA][MATMUL] tensor=blk.17.ffn_up.weight layer=17 pos=0 phase=decode M=1 K=1152 N=6912 rows=256 col_beats=32 vpu_runs=81 io_ms=13.078 ip_ms=8.565 total_ms=92.511 status=OK
[FPGA][MATMUL] tensor=blk.17.ffn_down.weight layer=17 pos=0 phase=decode M=1 K=6912 N=1152 rows=256 col_beats=32 vpu_runs=70 io_ms=11.237 ip_ms=7.787 total_ms=83.641 status=OK
[FPGA][MATMUL] tensor=blk.18.attn_q.weight layer=18 pos=0 phase=decode M=1 K=1152 N=1024 rows=256 col_beats=32 vpu_runs=12 io_ms=1.940 ip_ms=1.269 total_ms=13.707 status=OK
[FPGA][MATMUL] tensor=blk.18.attn_k.weight layer=18 pos=0 phase=decode M=1 K=1152 N=256 rows=256 col_beats=32 vpu_runs=3 io_ms=0.487 ip_ms=0.318 total_ms=3.451 status=OK
[FPGA][MATMUL] tensor=blk.18.attn_v.weight layer=18 pos=0 phase=decode M=1 K=1152 N=256 rows=256 col_beats=32 vpu_runs=3 io_ms=0.486 ip_ms=0.317 total_ms=3.451 status=OK
[FPGA][MATMUL] tensor=blk.18.attn_output.weight layer=18 pos=0 phase=decode M=1 K=1024 N=1152 rows=256 col_beats=32 vpu_runs=10 io_ms=1.628 ip_ms=1.135 total_ms=12.843 status=OK
[FPGA][MATMUL] tensor=blk.18.ffn_gate.weight layer=18 pos=0 phase=decode M=1 K=1152 N=6912 rows=256 col_beats=32 vpu_runs=81 io_ms=13.062 ip_ms=8.567 total_ms=92.577 status=OK
[FPGA][MATMUL] tensor=blk.18.ffn_up.weight layer=18 pos=0 phase=decode M=1 K=1152 N=6912 rows=256 col_beats=32 vpu_runs=81 io_ms=13.069 ip_ms=8.567 total_ms=92.865 status=OK
[FPGA][MATMUL] tensor=blk.18.ffn_down.weight layer=18 pos=0 phase=decode M=1 K=6912 N=1152 rows=256 col_beats=32 vpu_runs=70 io_ms=11.237 ip_ms=7.772 total_ms=83.716 status=OK
[FPGA][MATMUL] tensor=blk.19.attn_q.weight layer=19 pos=0 phase=decode M=1 K=1152 N=1024 rows=256 col_beats=32 vpu_runs=12 io_ms=1.944 ip_ms=1.269 total_ms=13.711 status=OK
[FPGA][MATMUL] tensor=blk.19.attn_k.weight layer=19 pos=0 phase=decode M=1 K=1152 N=256 rows=256 col_beats=32 vpu_runs=3 io_ms=0.486 ip_ms=0.318 total_ms=3.443 status=OK
[FPGA][MATMUL] tensor=blk.19.attn_v.weight layer=19 pos=0 phase=decode M=1 K=1152 N=256 rows=256 col_beats=32 vpu_runs=3 io_ms=0.484 ip_ms=0.317 total_ms=3.432 status=OK
[FPGA][MATMUL] tensor=blk.19.attn_output.weight layer=19 pos=0 phase=decode M=1 K=1024 N=1152 rows=256 col_beats=32 vpu_runs=10 io_ms=1.627 ip_ms=1.135 total_ms=12.705 status=OK
[FPGA][MATMUL] tensor=blk.19.ffn_gate.weight layer=19 pos=0 phase=decode M=1 K=1152 N=6912 rows=256 col_beats=32 vpu_runs=81 io_ms=13.089 ip_ms=8.564 total_ms=92.570 status=OK
[FPGA][MATMUL] tensor=blk.19.ffn_up.weight layer=19 pos=0 phase=decode M=1 K=1152 N=6912 rows=256 col_beats=32 vpu_runs=81 io_ms=13.068 ip_ms=8.561 total_ms=92.716 status=OK
[FPGA][MATMUL] tensor=blk.19.ffn_down.weight layer=19 pos=0 phase=decode M=1 K=6912 N=1152 rows=256 col_beats=32 vpu_runs=70 io_ms=11.245 ip_ms=7.770 total_ms=83.309 status=OK
[FPGA][MATMUL] tensor=blk.20.attn_q.weight layer=20 pos=0 phase=decode M=1 K=1152 N=1024 rows=256 col_beats=32 vpu_runs=12 io_ms=1.943 ip_ms=1.269 total_ms=13.737 status=OK
[FPGA][MATMUL] tensor=blk.20.attn_k.weight layer=20 pos=0 phase=decode M=1 K=1152 N=256 rows=256 col_beats=32 vpu_runs=3 io_ms=0.486 ip_ms=0.317 total_ms=3.436 status=OK
[FPGA][MATMUL] tensor=blk.20.attn_v.weight layer=20 pos=0 phase=decode M=1 K=1152 N=256 rows=256 col_beats=32 vpu_runs=3 io_ms=0.486 ip_ms=0.318 total_ms=3.424 status=OK
[FPGA][MATMUL] tensor=blk.20.attn_output.weight layer=20 pos=0 phase=decode M=1 K=1024 N=1152 rows=256 col_beats=32 vpu_runs=10 io_ms=1.629 ip_ms=1.134 total_ms=12.900 status=OK
[FPGA][MATMUL] tensor=blk.20.ffn_gate.weight layer=20 pos=0 phase=decode M=1 K=1152 N=6912 rows=256 col_beats=32 vpu_runs=81 io_ms=13.072 ip_ms=8.562 total_ms=92.372 status=OK
[FPGA][MATMUL] tensor=blk.20.ffn_up.weight layer=20 pos=0 phase=decode M=1 K=1152 N=6912 rows=256 col_beats=32 vpu_runs=81 io_ms=13.072 ip_ms=8.562 total_ms=92.386 status=OK
[FPGA][MATMUL] tensor=blk.20.ffn_down.weight layer=20 pos=0 phase=decode M=1 K=6912 N=1152 rows=256 col_beats=32 vpu_runs=70 io_ms=11.263 ip_ms=7.932 total_ms=83.827 status=OK
[FPGA][MATMUL] tensor=blk.21.attn_q.weight layer=21 pos=0 phase=decode M=1 K=1152 N=1024 rows=256 col_beats=32 vpu_runs=12 io_ms=1.940 ip_ms=1.268 total_ms=13.784 status=OK
[FPGA][MATMUL] tensor=blk.21.attn_k.weight layer=21 pos=0 phase=decode M=1 K=1152 N=256 rows=256 col_beats=32 vpu_runs=3 io_ms=0.488 ip_ms=0.317 total_ms=3.471 status=OK
[FPGA][MATMUL] tensor=blk.21.attn_v.weight layer=21 pos=0 phase=decode M=1 K=1152 N=256 rows=256 col_beats=32 vpu_runs=3 io_ms=0.485 ip_ms=0.317 total_ms=3.444 status=OK
[FPGA][MATMUL] tensor=blk.21.attn_output.weight layer=21 pos=0 phase=decode M=1 K=1024 N=1152 rows=256 col_beats=32 vpu_runs=10 io_ms=1.630 ip_ms=1.137 total_ms=12.733 status=OK
[FPGA][MATMUL] tensor=blk.21.ffn_gate.weight layer=21 pos=0 phase=decode M=1 K=1152 N=6912 rows=256 col_beats=32 vpu_runs=81 io_ms=13.073 ip_ms=8.564 total_ms=92.398 status=OK
[FPGA][MATMUL] tensor=blk.21.ffn_up.weight layer=21 pos=0 phase=decode M=1 K=1152 N=6912 rows=256 col_beats=32 vpu_runs=81 io_ms=13.075 ip_ms=8.564 total_ms=92.398 status=OK
[FPGA][MATMUL] tensor=blk.21.ffn_down.weight layer=21 pos=0 phase=decode M=1 K=6912 N=1152 rows=256 col_beats=32 vpu_runs=70 io_ms=11.233 ip_ms=7.771 total_ms=83.436 status=OK
[FPGA][MATMUL] tensor=blk.22.attn_q.weight layer=22 pos=0 phase=decode M=1 K=1152 N=1024 rows=256 col_beats=32 vpu_runs=12 io_ms=1.935 ip_ms=1.268 total_ms=13.706 status=OK
[FPGA][MATMUL] tensor=blk.22.attn_k.weight layer=22 pos=0 phase=decode M=1 K=1152 N=256 rows=256 col_beats=32 vpu_runs=3 io_ms=0.488 ip_ms=0.317 total_ms=3.455 status=OK
[FPGA][MATMUL] tensor=blk.22.attn_v.weight layer=22 pos=0 phase=decode M=1 K=1152 N=256 rows=256 col_beats=32 vpu_runs=3 io_ms=0.486 ip_ms=0.317 total_ms=3.453 status=OK
[FPGA][MATMUL] tensor=blk.22.attn_output.weight layer=22 pos=0 phase=decode M=1 K=1024 N=1152 rows=256 col_beats=32 vpu_runs=10 io_ms=1.628 ip_ms=1.138 total_ms=12.749 status=OK
[FPGA][MATMUL] tensor=blk.22.ffn_gate.weight layer=22 pos=0 phase=decode M=1 K=1152 N=6912 rows=256 col_beats=32 vpu_runs=81 io_ms=13.077 ip_ms=8.563 total_ms=92.570 status=OK
[FPGA][MATMUL] tensor=blk.22.ffn_up.weight layer=22 pos=0 phase=decode M=1 K=1152 N=6912 rows=256 col_beats=32 vpu_runs=81 io_ms=13.070 ip_ms=8.564 total_ms=92.441 status=OK
[FPGA][MATMUL] tensor=blk.22.ffn_down.weight layer=22 pos=0 phase=decode M=1 K=6912 N=1152 rows=256 col_beats=32 vpu_runs=70 io_ms=11.233 ip_ms=7.771 total_ms=83.434 status=OK
[FPGA][MATMUL] tensor=blk.23.attn_q.weight layer=23 pos=0 phase=decode M=1 K=1152 N=1024 rows=256 col_beats=32 vpu_runs=12 io_ms=1.941 ip_ms=1.268 total_ms=13.741 status=OK
[FPGA][MATMUL] tensor=blk.23.attn_k.weight layer=23 pos=0 phase=decode M=1 K=1152 N=256 rows=256 col_beats=32 vpu_runs=3 io_ms=0.488 ip_ms=0.317 total_ms=3.451 status=OK
[FPGA][MATMUL] tensor=blk.23.attn_v.weight layer=23 pos=0 phase=decode M=1 K=1152 N=256 rows=256 col_beats=32 vpu_runs=3 io_ms=0.486 ip_ms=0.317 total_ms=3.444 status=OK
[FPGA][MATMUL] tensor=blk.23.attn_output.weight layer=23 pos=0 phase=decode M=1 K=1024 N=1152 rows=256 col_beats=32 vpu_runs=10 io_ms=1.632 ip_ms=1.135 total_ms=12.713 status=OK
[FPGA][MATMUL] tensor=blk.23.ffn_gate.weight layer=23 pos=0 phase=decode M=1 K=1152 N=6912 rows=256 col_beats=32 vpu_runs=81 io_ms=13.091 ip_ms=8.560 total_ms=92.475 status=OK
[FPGA][MATMUL] tensor=blk.23.ffn_up.weight layer=23 pos=0 phase=decode M=1 K=1152 N=6912 rows=256 col_beats=32 vpu_runs=81 io_ms=13.074 ip_ms=8.557 total_ms=92.574 status=OK
[FPGA][MATMUL] tensor=blk.23.ffn_down.weight layer=23 pos=0 phase=decode M=1 K=6912 N=1152 rows=256 col_beats=32 vpu_runs=70 io_ms=11.243 ip_ms=7.761 total_ms=83.247 status=OK
[FPGA][MATMUL] tensor=blk.24.attn_q.weight layer=24 pos=0 phase=decode M=1 K=1152 N=1024 rows=256 col_beats=32 vpu_runs=12 io_ms=1.937 ip_ms=1.270 total_ms=13.758 status=OK
[FPGA][MATMUL] tensor=blk.24.attn_k.weight layer=24 pos=0 phase=decode M=1 K=1152 N=256 rows=256 col_beats=32 vpu_runs=3 io_ms=0.485 ip_ms=0.316 total_ms=3.439 status=OK
[FPGA][MATMUL] tensor=blk.24.attn_v.weight layer=24 pos=0 phase=decode M=1 K=1152 N=256 rows=256 col_beats=32 vpu_runs=3 io_ms=0.484 ip_ms=0.317 total_ms=3.415 status=OK
[FPGA][MATMUL] tensor=blk.24.attn_output.weight layer=24 pos=0 phase=decode M=1 K=1024 N=1152 rows=256 col_beats=32 vpu_runs=10 io_ms=1.626 ip_ms=1.136 total_ms=12.764 status=OK
[FPGA][MATMUL] tensor=blk.24.ffn_gate.weight layer=24 pos=0 phase=decode M=1 K=1152 N=6912 rows=256 col_beats=32 vpu_runs=81 io_ms=13.080 ip_ms=8.562 total_ms=92.475 status=OK
[FPGA][MATMUL] tensor=blk.24.ffn_up.weight layer=24 pos=0 phase=decode M=1 K=1152 N=6912 rows=256 col_beats=32 vpu_runs=81 io_ms=13.074 ip_ms=8.569 total_ms=92.335 status=OK
[FPGA][MATMUL] tensor=blk.24.ffn_down.weight layer=24 pos=0 phase=decode M=1 K=6912 N=1152 rows=256 col_beats=32 vpu_runs=70 io_ms=11.247 ip_ms=7.772 total_ms=83.807 status=OK
[FPGA][MATMUL] tensor=blk.25.attn_q.weight layer=25 pos=0 phase=decode M=1 K=1152 N=1024 rows=256 col_beats=32 vpu_runs=12 io_ms=1.937 ip_ms=1.267 total_ms=13.701 status=OK
[FPGA][MATMUL] tensor=blk.25.attn_k.weight layer=25 pos=0 phase=decode M=1 K=1152 N=256 rows=256 col_beats=32 vpu_runs=3 io_ms=0.487 ip_ms=0.317 total_ms=3.450 status=OK
[FPGA][MATMUL] tensor=blk.25.attn_v.weight layer=25 pos=0 phase=decode M=1 K=1152 N=256 rows=256 col_beats=32 vpu_runs=3 io_ms=0.487 ip_ms=0.317 total_ms=3.439 status=OK
[FPGA][MATMUL] tensor=blk.25.attn_output.weight layer=25 pos=0 phase=decode M=1 K=1024 N=1152 rows=256 col_beats=32 vpu_runs=10 io_ms=1.628 ip_ms=1.135 total_ms=12.743 status=OK
[FPGA][MATMUL] tensor=blk.25.ffn_gate.weight layer=25 pos=0 phase=decode M=1 K=1152 N=6912 rows=256 col_beats=32 vpu_runs=81 io_ms=13.078 ip_ms=8.564 total_ms=92.505 status=OK
[FPGA][MATMUL] tensor=blk.25.ffn_up.weight layer=25 pos=0 phase=decode M=1 K=1152 N=6912 rows=256 col_beats=32 vpu_runs=81 io_ms=13.069 ip_ms=8.562 total_ms=92.847 status=OK
[FPGA][MATMUL] tensor=blk.25.ffn_down.weight layer=25 pos=0 phase=decode M=1 K=6912 N=1152 rows=256 col_beats=32 vpu_runs=70 io_ms=11.253 ip_ms=7.772 total_ms=83.406 status=OK
[FPGA][MATMUL] tensor=token_embd.weight layer=0 pos=0 phase=decode M=1 K=1152 N=262144 rows=256 col_beats=32 vpu_runs=3072 io_ms=495.978 ip_ms=324.822 total_ms=3510.559 status=OK
[FPGA][MATMUL] tensor=blk.0.attn_q.weight layer=0 pos=0 phase=decode M=1 K=1152 N=1024 rows=256 col_beats=32 vpu_runs=12 io_ms=1.943 ip_ms=1.266 total_ms=13.769 status=OK
[FPGA][MATMUL] tensor=blk.0.attn_k.weight layer=0 pos=0 phase=decode M=1 K=1152 N=256 rows=256 col_beats=32 vpu_runs=3 io_ms=0.489 ip_ms=0.317 total_ms=3.447 status=OK
[FPGA][MATMUL] tensor=blk.0.attn_v.weight layer=0 pos=0 phase=decode M=1 K=1152 N=256 rows=256 col_beats=32 vpu_runs=3 io_ms=0.485 ip_ms=0.317 total_ms=3.463 status=OK
[FPGA][MATMUL] tensor=blk.0.attn_output.weight layer=0 pos=0 phase=decode M=1 K=1024 N=1152 rows=256 col_beats=32 vpu_runs=10 io_ms=1.628 ip_ms=1.136 total_ms=12.733 status=OK
[FPGA][MATMUL] tensor=blk.0.ffn_gate.weight layer=0 pos=0 phase=decode M=1 K=1152 N=6912 rows=256 col_beats=32 vpu_runs=81 io_ms=13.068 ip_ms=8.563 total_ms=92.452 status=OK
[FPGA][MATMUL] tensor=blk.0.ffn_up.weight layer=0 pos=0 phase=decode M=1 K=1152 N=6912 rows=256 col_beats=32 vpu_runs=81 io_ms=13.073 ip_ms=8.565 total_ms=92.629 status=OK
[FPGA][MATMUL] tensor=blk.0.ffn_down.weight layer=0 pos=0 phase=decode M=1 K=6912 N=1152 rows=256 col_beats=32 vpu_runs=70 io_ms=11.257 ip_ms=7.770 total_ms=83.486 status=OK
[FPGA][MATMUL] tensor=blk.1.attn_q.weight layer=1 pos=0 phase=decode M=1 K=1152 N=1024 rows=256 col_beats=32 vpu_runs=12 io_ms=1.939 ip_ms=1.268 total_ms=13.723 status=OK
[FPGA][MATMUL] tensor=blk.1.attn_k.weight layer=1 pos=0 phase=decode M=1 K=1152 N=256 rows=256 col_beats=32 vpu_runs=3 io_ms=0.487 ip_ms=0.319 total_ms=3.445 status=OK
[FPGA][MATMUL] tensor=blk.1.attn_v.weight layer=1 pos=0 phase=decode M=1 K=1152 N=256 rows=256 col_beats=32 vpu_runs=3 io_ms=0.486 ip_ms=0.317 total_ms=3.426 status=OK
[FPGA][MATMUL] tensor=blk.1.attn_output.weight layer=1 pos=0 phase=decode M=1 K=1024 N=1152 rows=256 col_beats=32 vpu_runs=10 io_ms=1.628 ip_ms=1.136 total_ms=12.694 status=OK
[FPGA][MATMUL] tensor=blk.1.ffn_gate.weight layer=1 pos=0 phase=decode M=1 K=1152 N=6912 rows=256 col_beats=32 vpu_runs=81 io_ms=13.069 ip_ms=8.563 total_ms=92.516 status=OK
[FPGA][MATMUL] tensor=blk.1.ffn_up.weight layer=1 pos=0 phase=decode M=1 K=1152 N=6912 rows=256 col_beats=32 vpu_runs=81 io_ms=13.064 ip_ms=8.565 total_ms=92.438 status=OK
[FPGA][MATMUL] tensor=blk.1.ffn_down.weight layer=1 pos=0 phase=decode M=1 K=6912 N=1152 rows=256 col_beats=32 vpu_runs=70 io_ms=11.247 ip_ms=7.767 total_ms=83.396 status=OK
[FPGA][MATMUL] tensor=blk.2.attn_q.weight layer=2 pos=0 phase=decode M=1 K=1152 N=1024 rows=256 col_beats=32 vpu_runs=12 io_ms=1.941 ip_ms=1.282 total_ms=13.732 status=OK
[FPGA][MATMUL] tensor=blk.2.attn_k.weight layer=2 pos=0 phase=decode M=1 K=1152 N=256 rows=256 col_beats=32 vpu_runs=3 io_ms=0.486 ip_ms=0.318 total_ms=3.458 status=OK
[FPGA][MATMUL] tensor=blk.2.attn_v.weight layer=2 pos=0 phase=decode M=1 K=1152 N=256 rows=256 col_beats=32 vpu_runs=3 io_ms=0.483 ip_ms=0.316 total_ms=3.438 status=OK
[FPGA][MATMUL] tensor=blk.2.attn_output.weight layer=2 pos=0 phase=decode M=1 K=1024 N=1152 rows=256 col_beats=32 vpu_runs=10 io_ms=1.625 ip_ms=1.137 total_ms=12.719 status=OK
[FPGA][MATMUL] tensor=blk.2.ffn_gate.weight layer=2 pos=0 phase=decode M=1 K=1152 N=6912 rows=256 col_beats=32 vpu_runs=81 io_ms=13.064 ip_ms=8.561 total_ms=92.317 status=OK
[FPGA][MATMUL] tensor=blk.2.ffn_up.weight layer=2 pos=0 phase=decode M=1 K=1152 N=6912 rows=256 col_beats=32 vpu_runs=81 io_ms=13.081 ip_ms=8.562 total_ms=92.508 status=OK
[FPGA][MATMUL] tensor=blk.2.ffn_down.weight layer=2 pos=0 phase=decode M=1 K=6912 N=1152 rows=256 col_beats=32 vpu_runs=70 io_ms=11.232 ip_ms=7.770 total_ms=83.758 status=OK
[FPGA][MATMUL] tensor=blk.3.attn_q.weight layer=3 pos=0 phase=decode M=1 K=1152 N=1024 rows=256 col_beats=32 vpu_runs=12 io_ms=1.935 ip_ms=1.268 total_ms=13.711 status=OK
[FPGA][MATMUL] tensor=blk.3.attn_k.weight layer=3 pos=0 phase=decode M=1 K=1152 N=256 rows=256 col_beats=32 vpu_runs=3 io_ms=0.489 ip_ms=0.317 total_ms=3.445 status=OK
[FPGA][MATMUL] tensor=blk.3.attn_v.weight layer=3 pos=0 phase=decode M=1 K=1152 N=256 rows=256 col_beats=32 vpu_runs=3 io_ms=0.486 ip_ms=0.318 total_ms=3.428 status=OK
[FPGA][MATMUL] tensor=blk.3.attn_output.weight layer=3 pos=0 phase=decode M=1 K=1024 N=1152 rows=256 col_beats=32 vpu_runs=10 io_ms=1.623 ip_ms=1.137 total_ms=12.771 status=OK
[FPGA][MATMUL] tensor=blk.3.ffn_gate.weight layer=3 pos=0 phase=decode M=1 K=1152 N=6912 rows=256 col_beats=32 vpu_runs=81 io_ms=13.114 ip_ms=8.570 total_ms=92.506 status=OK
[FPGA][MATMUL] tensor=blk.3.ffn_up.weight layer=3 pos=0 phase=decode M=1 K=1152 N=6912 rows=256 col_beats=32 vpu_runs=81 io_ms=13.064 ip_ms=8.565 total_ms=92.413 status=OK
[FPGA][MATMUL] tensor=blk.3.ffn_down.weight layer=3 pos=0 phase=decode M=1 K=6912 N=1152 rows=256 col_beats=32 vpu_runs=70 io_ms=11.241 ip_ms=7.764 total_ms=83.434 status=OK
[FPGA][MATMUL] tensor=blk.4.attn_q.weight layer=4 pos=0 phase=decode M=1 K=1152 N=1024 rows=256 col_beats=32 vpu_runs=12 io_ms=1.937 ip_ms=1.269 total_ms=13.798 status=OK
[FPGA][MATMUL] tensor=blk.4.attn_k.weight layer=4 pos=0 phase=decode M=1 K=1152 N=256 rows=256 col_beats=32 vpu_runs=3 io_ms=0.490 ip_ms=0.317 total_ms=3.450 status=OK
[FPGA][MATMUL] tensor=blk.4.attn_v.weight layer=4 pos=0 phase=decode M=1 K=1152 N=256 rows=256 col_beats=32 vpu_runs=3 io_ms=0.484 ip_ms=0.317 total_ms=3.433 status=OK
[FPGA][MATMUL] tensor=blk.4.attn_output.weight layer=4 pos=0 phase=decode M=1 K=1024 N=1152 rows=256 col_beats=32 vpu_runs=10 io_ms=1.624 ip_ms=1.138 total_ms=12.779 status=OK
[FPGA][MATMUL] tensor=blk.4.ffn_gate.weight layer=4 pos=0 phase=decode M=1 K=1152 N=6912 rows=256 col_beats=32 vpu_runs=81 io_ms=13.078 ip_ms=8.563 total_ms=92.679 status=OK
[FPGA][MATMUL] tensor=blk.4.ffn_up.weight layer=4 pos=0 phase=decode M=1 K=1152 N=6912 rows=256 col_beats=32 vpu_runs=81 io_ms=13.074 ip_ms=8.570 total_ms=92.994 status=OK
[FPGA][MATMUL] tensor=blk.4.ffn_down.weight layer=4 pos=0 phase=decode M=1 K=6912 N=1152 rows=256 col_beats=32 vpu_runs=70 io_ms=11.237 ip_ms=7.764 total_ms=83.659 status=OK
[FPGA][MATMUL] tensor=blk.5.attn_q.weight layer=5 pos=0 phase=decode M=1 K=1152 N=1024 rows=256 col_beats=32 vpu_runs=12 io_ms=1.935 ip_ms=1.271 total_ms=13.679 status=OK
[FPGA][MATMUL] tensor=blk.5.attn_k.weight layer=5 pos=0 phase=decode M=1 K=1152 N=256 rows=256 col_beats=32 vpu_runs=3 io_ms=0.486 ip_ms=0.319 total_ms=3.434 status=OK
[FPGA][MATMUL] tensor=blk.5.attn_v.weight layer=5 pos=0 phase=decode M=1 K=1152 N=256 rows=256 col_beats=32 vpu_runs=3 io_ms=0.487 ip_ms=0.317 total_ms=3.437 status=OK
[FPGA][MATMUL] tensor=blk.5.attn_output.weight layer=5 pos=0 phase=decode M=1 K=1024 N=1152 rows=256 col_beats=32 vpu_runs=10 io_ms=1.638 ip_ms=1.137 total_ms=12.830 status=OK
[FPGA][MATMUL] tensor=blk.5.ffn_gate.weight layer=5 pos=0 phase=decode M=1 K=1152 N=6912 rows=256 col_beats=32 vpu_runs=81 io_ms=13.077 ip_ms=8.557 total_ms=92.863 status=OK
[FPGA][MATMUL] tensor=blk.5.ffn_up.weight layer=5 pos=0 phase=decode M=1 K=1152 N=6912 rows=256 col_beats=32 vpu_runs=81 io_ms=13.076 ip_ms=8.565 total_ms=92.421 status=OK
[FPGA][MATMUL] tensor=blk.5.ffn_down.weight layer=5 pos=0 phase=decode M=1 K=6912 N=1152 rows=256 col_beats=32 vpu_runs=70 io_ms=11.255 ip_ms=7.768 total_ms=83.393 status=OK
[FPGA][MATMUL] tensor=blk.6.attn_q.weight layer=6 pos=0 phase=decode M=1 K=1152 N=1024 rows=256 col_beats=32 vpu_runs=12 io_ms=1.936 ip_ms=1.270 total_ms=13.675 status=OK
[FPGA][MATMUL] tensor=blk.6.attn_k.weight layer=6 pos=0 phase=decode M=1 K=1152 N=256 rows=256 col_beats=32 vpu_runs=3 io_ms=0.485 ip_ms=0.318 total_ms=3.455 status=OK
[FPGA][MATMUL] tensor=blk.6.attn_v.weight layer=6 pos=0 phase=decode M=1 K=1152 N=256 rows=256 col_beats=32 vpu_runs=3 io_ms=0.486 ip_ms=0.317 total_ms=3.441 status=OK
[FPGA][MATMUL] tensor=blk.6.attn_output.weight layer=6 pos=0 phase=decode M=1 K=1024 N=1152 rows=256 col_beats=32 vpu_runs=10 io_ms=1.626 ip_ms=1.135 total_ms=12.749 status=OK
[FPGA][MATMUL] tensor=blk.6.ffn_gate.weight layer=6 pos=0 phase=decode M=1 K=1152 N=6912 rows=256 col_beats=32 vpu_runs=81 io_ms=13.065 ip_ms=8.566 total_ms=92.547 status=OK
[FPGA][MATMUL] tensor=blk.6.ffn_up.weight layer=6 pos=0 phase=decode M=1 K=1152 N=6912 rows=256 col_beats=32 vpu_runs=81 io_ms=13.072 ip_ms=8.566 total_ms=92.577 status=OK
[FPGA][MATMUL] tensor=blk.6.ffn_down.weight layer=6 pos=0 phase=decode M=1 K=6912 N=1152 rows=256 col_beats=32 vpu_runs=70 io_ms=11.246 ip_ms=7.788 total_ms=83.707 status=OK
[FPGA][MATMUL] tensor=blk.7.attn_q.weight layer=7 pos=0 phase=decode M=1 K=1152 N=1024 rows=256 col_beats=32 vpu_runs=12 io_ms=1.941 ip_ms=1.269 total_ms=13.729 status=OK
[FPGA][MATMUL] tensor=blk.7.attn_k.weight layer=7 pos=0 phase=decode M=1 K=1152 N=256 rows=256 col_beats=32 vpu_runs=3 io_ms=0.483 ip_ms=0.317 total_ms=3.450 status=OK
[FPGA][MATMUL] tensor=blk.7.attn_v.weight layer=7 pos=0 phase=decode M=1 K=1152 N=256 rows=256 col_beats=32 vpu_runs=3 io_ms=0.484 ip_ms=0.318 total_ms=3.448 status=OK
[FPGA][MATMUL] tensor=blk.7.attn_output.weight layer=7 pos=0 phase=decode M=1 K=1024 N=1152 rows=256 col_beats=32 vpu_runs=10 io_ms=1.631 ip_ms=1.137 total_ms=12.652 status=OK
[FPGA][MATMUL] tensor=blk.7.ffn_gate.weight layer=7 pos=0 phase=decode M=1 K=1152 N=6912 rows=256 col_beats=32 vpu_runs=81 io_ms=13.075 ip_ms=8.558 total_ms=93.016 status=OK
[FPGA][MATMUL] tensor=blk.7.ffn_up.weight layer=7 pos=0 phase=decode M=1 K=1152 N=6912 rows=256 col_beats=32 vpu_runs=81 io_ms=13.062 ip_ms=8.557 total_ms=93.083 status=OK
[FPGA][MATMUL] tensor=blk.7.ffn_down.weight layer=7 pos=0 phase=decode M=1 K=6912 N=1152 rows=256 col_beats=32 vpu_runs=70 io_ms=11.257 ip_ms=7.772 total_ms=83.568 status=OK
[FPGA][MATMUL] tensor=blk.8.attn_q.weight layer=8 pos=0 phase=decode M=1 K=1152 N=1024 rows=256 col_beats=32 vpu_runs=12 io_ms=1.934 ip_ms=1.271 total_ms=13.752 status=OK
[FPGA][MATMUL] tensor=blk.8.attn_k.weight layer=8 pos=0 phase=decode M=1 K=1152 N=256 rows=256 col_beats=32 vpu_runs=3 io_ms=0.487 ip_ms=0.317 total_ms=3.516 status=OK
[FPGA][MATMUL] tensor=blk.8.attn_v.weight layer=8 pos=0 phase=decode M=1 K=1152 N=256 rows=256 col_beats=32 vpu_runs=3 io_ms=0.484 ip_ms=0.318 total_ms=3.434 status=OK
[FPGA][MATMUL] tensor=blk.8.attn_output.weight layer=8 pos=0 phase=decode M=1 K=1024 N=1152 rows=256 col_beats=32 vpu_runs=10 io_ms=1.625 ip_ms=1.137 total_ms=12.669 status=OK
[FPGA][MATMUL] tensor=blk.8.ffn_gate.weight layer=8 pos=0 phase=decode M=1 K=1152 N=6912 rows=256 col_beats=32 vpu_runs=81 io_ms=13.064 ip_ms=8.564 total_ms=92.617 status=OK
[FPGA][MATMUL] tensor=blk.8.ffn_up.weight layer=8 pos=0 phase=decode M=1 K=1152 N=6912 rows=256 col_beats=32 vpu_runs=81 io_ms=13.074 ip_ms=8.564 total_ms=93.001 status=OK
[FPGA][MATMUL] tensor=blk.8.ffn_down.weight layer=8 pos=0 phase=decode M=1 K=6912 N=1152 rows=256 col_beats=32 vpu_runs=70 io_ms=11.239 ip_ms=7.761 total_ms=84.160 status=OK
[FPGA][MATMUL] tensor=blk.9.attn_q.weight layer=9 pos=0 phase=decode M=1 K=1152 N=1024 rows=256 col_beats=32 vpu_runs=12 io_ms=1.939 ip_ms=1.274 total_ms=13.686 status=OK
[FPGA][MATMUL] tensor=blk.9.attn_k.weight layer=9 pos=0 phase=decode M=1 K=1152 N=256 rows=256 col_beats=32 vpu_runs=3 io_ms=0.486 ip_ms=0.317 total_ms=3.440 status=OK
[FPGA][MATMUL] tensor=blk.9.attn_v.weight layer=9 pos=0 phase=decode M=1 K=1152 N=256 rows=256 col_beats=32 vpu_runs=3 io_ms=0.485 ip_ms=0.317 total_ms=3.434 status=OK
[FPGA][MATMUL] tensor=blk.9.attn_output.weight layer=9 pos=0 phase=decode M=1 K=1024 N=1152 rows=256 col_beats=32 vpu_runs=10 io_ms=1.625 ip_ms=1.135 total_ms=12.758 status=OK
[FPGA][MATMUL] tensor=blk.9.ffn_gate.weight layer=9 pos=0 phase=decode M=1 K=1152 N=6912 rows=256 col_beats=32 vpu_runs=81 io_ms=13.093 ip_ms=8.562 total_ms=92.460 status=OK
[FPGA][MATMUL] tensor=blk.9.ffn_up.weight layer=9 pos=0 phase=decode M=1 K=1152 N=6912 rows=256 col_beats=32 vpu_runs=81 io_ms=13.194 ip_ms=8.567 total_ms=92.675 status=OK
[FPGA][MATMUL] tensor=blk.9.ffn_down.weight layer=9 pos=0 phase=decode M=1 K=6912 N=1152 rows=256 col_beats=32 vpu_runs=70 io_ms=11.243 ip_ms=7.771 total_ms=83.652 status=OK
[FPGA][MATMUL] tensor=blk.10.attn_q.weight layer=10 pos=0 phase=decode M=1 K=1152 N=1024 rows=256 col_beats=32 vpu_runs=12 io_ms=1.939 ip_ms=1.266 total_ms=13.803 status=OK
[FPGA][MATMUL] tensor=blk.10.attn_k.weight layer=10 pos=0 phase=decode M=1 K=1152 N=256 rows=256 col_beats=32 vpu_runs=3 io_ms=0.488 ip_ms=0.318 total_ms=3.471 status=OK
[FPGA][MATMUL] tensor=blk.10.attn_v.weight layer=10 pos=0 phase=decode M=1 K=1152 N=256 rows=256 col_beats=32 vpu_runs=3 io_ms=0.484 ip_ms=0.318 total_ms=3.431 status=OK
[FPGA][MATMUL] tensor=blk.10.attn_output.weight layer=10 pos=0 phase=decode M=1 K=1024 N=1152 rows=256 col_beats=32 vpu_runs=10 io_ms=1.630 ip_ms=1.135 total_ms=12.756 status=OK
[FPGA][MATMUL] tensor=blk.10.ffn_gate.weight layer=10 pos=0 phase=decode M=1 K=1152 N=6912 rows=256 col_beats=32 vpu_runs=81 io_ms=13.071 ip_ms=8.561 total_ms=92.673 status=OK
[FPGA][MATMUL] tensor=blk.10.ffn_up.weight layer=10 pos=0 phase=decode M=1 K=1152 N=6912 rows=256 col_beats=32 vpu_runs=81 io_ms=13.070 ip_ms=8.561 total_ms=92.471 status=OK
[FPGA][MATMUL] tensor=blk.10.ffn_down.weight layer=10 pos=0 phase=decode M=1 K=6912 N=1152 rows=256 col_beats=32 vpu_runs=70 io_ms=11.249 ip_ms=7.768 total_ms=83.456 status=OK
[FPGA][MATMUL] tensor=blk.11.attn_q.weight layer=11 pos=0 phase=decode M=1 K=1152 N=1024 rows=256 col_beats=32 vpu_runs=12 io_ms=1.937 ip_ms=1.272 total_ms=13.721 status=OK
[FPGA][MATMUL] tensor=blk.11.attn_k.weight layer=11 pos=0 phase=decode M=1 K=1152 N=256 rows=256 col_beats=32 vpu_runs=3 io_ms=0.487 ip_ms=0.318 total_ms=3.446 status=OK
[FPGA][MATMUL] tensor=blk.11.attn_v.weight layer=11 pos=0 phase=decode M=1 K=1152 N=256 rows=256 col_beats=32 vpu_runs=3 io_ms=0.486 ip_ms=0.317 total_ms=3.440 status=OK
[FPGA][MATMUL] tensor=blk.11.attn_output.weight layer=11 pos=0 phase=decode M=1 K=1024 N=1152 rows=256 col_beats=32 vpu_runs=10 io_ms=1.626 ip_ms=1.135 total_ms=12.811 status=OK
[FPGA][MATMUL] tensor=blk.11.ffn_gate.weight layer=11 pos=0 phase=decode M=1 K=1152 N=6912 rows=256 col_beats=32 vpu_runs=81 io_ms=13.072 ip_ms=8.559 total_ms=92.468 status=OK
[FPGA][MATMUL] tensor=blk.11.ffn_up.weight layer=11 pos=0 phase=decode M=1 K=1152 N=6912 rows=256 col_beats=32 vpu_runs=81 io_ms=13.078 ip_ms=8.559 total_ms=92.415 status=OK
[FPGA][MATMUL] tensor=blk.11.ffn_down.weight layer=11 pos=0 phase=decode M=1 K=6912 N=1152 rows=256 col_beats=32 vpu_runs=70 io_ms=11.255 ip_ms=7.767 total_ms=83.354 status=OK
[FPGA][MATMUL] tensor=blk.12.attn_q.weight layer=12 pos=0 phase=decode M=1 K=1152 N=1024 rows=256 col_beats=32 vpu_runs=12 io_ms=1.935 ip_ms=1.271 total_ms=13.811 status=OK
[FPGA][MATMUL] tensor=blk.12.attn_k.weight layer=12 pos=0 phase=decode M=1 K=1152 N=256 rows=256 col_beats=32 vpu_runs=3 io_ms=0.488 ip_ms=0.317 total_ms=3.439 status=OK
[FPGA][MATMUL] tensor=blk.12.attn_v.weight layer=12 pos=0 phase=decode M=1 K=1152 N=256 rows=256 col_beats=32 vpu_runs=3 io_ms=0.484 ip_ms=0.317 total_ms=3.446 status=OK
[FPGA][MATMUL] tensor=blk.12.attn_output.weight layer=12 pos=0 phase=decode M=1 K=1024 N=1152 rows=256 col_beats=32 vpu_runs=10 io_ms=1.630 ip_ms=1.135 total_ms=12.730 status=OK
[FPGA][MATMUL] tensor=blk.12.ffn_gate.weight layer=12 pos=0 phase=decode M=1 K=1152 N=6912 rows=256 col_beats=32 vpu_runs=81 io_ms=13.071 ip_ms=8.565 total_ms=92.634 status=OK
[FPGA][MATMUL] tensor=blk.12.ffn_up.weight layer=12 pos=0 phase=decode M=1 K=1152 N=6912 rows=256 col_beats=32 vpu_runs=81 io_ms=13.081 ip_ms=8.566 total_ms=92.360 status=OK
[FPGA][MATMUL] tensor=blk.12.ffn_down.weight layer=12 pos=0 phase=decode M=1 K=6912 N=1152 rows=256 col_beats=32 vpu_runs=70 io_ms=11.252 ip_ms=7.924 total_ms=83.508 status=OK
[FPGA][MATMUL] tensor=blk.13.attn_q.weight layer=13 pos=0 phase=decode M=1 K=1152 N=1024 rows=256 col_beats=32 vpu_runs=12 io_ms=1.941 ip_ms=1.268 total_ms=13.713 status=OK
[FPGA][MATMUL] tensor=blk.13.attn_k.weight layer=13 pos=0 phase=decode M=1 K=1152 N=256 rows=256 col_beats=32 vpu_runs=3 io_ms=0.487 ip_ms=0.318 total_ms=3.456 status=OK
[FPGA][MATMUL] tensor=blk.13.attn_v.weight layer=13 pos=0 phase=decode M=1 K=1152 N=256 rows=256 col_beats=32 vpu_runs=3 io_ms=0.482 ip_ms=0.317 total_ms=3.428 status=OK
[FPGA][MATMUL] tensor=blk.13.attn_output.weight layer=13 pos=0 phase=decode M=1 K=1024 N=1152 rows=256 col_beats=32 vpu_runs=10 io_ms=1.624 ip_ms=1.178 total_ms=12.787 status=OK
[FPGA][MATMUL] tensor=blk.13.ffn_gate.weight layer=13 pos=0 phase=decode M=1 K=1152 N=6912 rows=256 col_beats=32 vpu_runs=81 io_ms=13.103 ip_ms=8.562 total_ms=92.420 status=OK
[FPGA][MATMUL] tensor=blk.13.ffn_up.weight layer=13 pos=0 phase=decode M=1 K=1152 N=6912 rows=256 col_beats=32 vpu_runs=81 io_ms=13.082 ip_ms=8.562 total_ms=92.762 status=OK
[FPGA][MATMUL] tensor=blk.13.ffn_down.weight layer=13 pos=0 phase=decode M=1 K=6912 N=1152 rows=256 col_beats=32 vpu_runs=70 io_ms=11.247 ip_ms=7.764 total_ms=83.489 status=OK
[FPGA][MATMUL] tensor=blk.14.attn_q.weight layer=14 pos=0 phase=decode M=1 K=1152 N=1024 rows=256 col_beats=32 vpu_runs=12 io_ms=1.938 ip_ms=1.268 total_ms=13.703 status=OK
[FPGA][MATMUL] tensor=blk.14.attn_k.weight layer=14 pos=0 phase=decode M=1 K=1152 N=256 rows=256 col_beats=32 vpu_runs=3 io_ms=0.488 ip_ms=0.317 total_ms=3.438 status=OK
[FPGA][MATMUL] tensor=blk.14.attn_v.weight layer=14 pos=0 phase=decode M=1 K=1152 N=256 rows=256 col_beats=32 vpu_runs=3 io_ms=0.484 ip_ms=0.317 total_ms=3.451 status=OK
[FPGA][MATMUL] tensor=blk.14.attn_output.weight layer=14 pos=0 phase=decode M=1 K=1024 N=1152 rows=256 col_beats=32 vpu_runs=10 io_ms=1.628 ip_ms=1.135 total_ms=12.730 status=OK
[FPGA][MATMUL] tensor=blk.14.ffn_gate.weight layer=14 pos=0 phase=decode M=1 K=1152 N=6912 rows=256 col_beats=32 vpu_runs=81 io_ms=13.072 ip_ms=8.577 total_ms=92.491 status=OK
[FPGA][MATMUL] tensor=blk.14.ffn_up.weight layer=14 pos=0 phase=decode M=1 K=1152 N=6912 rows=256 col_beats=32 vpu_runs=81 io_ms=13.063 ip_ms=8.562 total_ms=92.404 status=OK
[FPGA][MATMUL] tensor=blk.14.ffn_down.weight layer=14 pos=0 phase=decode M=1 K=6912 N=1152 rows=256 col_beats=32 vpu_runs=70 io_ms=11.239 ip_ms=7.768 total_ms=83.328 status=OK
[FPGA][MATMUL] tensor=blk.15.attn_q.weight layer=15 pos=0 phase=decode M=1 K=1152 N=1024 rows=256 col_beats=32 vpu_runs=12 io_ms=1.940 ip_ms=1.268 total_ms=13.696 status=OK
[FPGA][MATMUL] tensor=blk.15.attn_k.weight layer=15 pos=0 phase=decode M=1 K=1152 N=256 rows=256 col_beats=32 vpu_runs=3 io_ms=0.487 ip_ms=0.316 total_ms=3.426 status=OK
[FPGA][MATMUL] tensor=blk.15.attn_v.weight layer=15 pos=0 phase=decode M=1 K=1152 N=256 rows=256 col_beats=32 vpu_runs=3 io_ms=0.487 ip_ms=0.317 total_ms=3.437 status=OK
[FPGA][MATMUL] tensor=blk.15.attn_output.weight layer=15 pos=0 phase=decode M=1 K=1024 N=1152 rows=256 col_beats=32 vpu_runs=10 io_ms=1.625 ip_ms=1.136 total_ms=12.744 status=OK
[FPGA][MATMUL] tensor=blk.15.ffn_gate.weight layer=15 pos=0 phase=decode M=1 K=1152 N=6912 rows=256 col_beats=32 vpu_runs=81 io_ms=13.064 ip_ms=8.607 total_ms=92.376 status=OK
[FPGA][MATMUL] tensor=blk.15.ffn_up.weight layer=15 pos=0 phase=decode M=1 K=1152 N=6912 rows=256 col_beats=32 vpu_runs=81 io_ms=13.082 ip_ms=8.563 total_ms=92.417 status=OK
[FPGA][MATMUL] tensor=blk.15.ffn_down.weight layer=15 pos=0 phase=decode M=1 K=6912 N=1152 rows=256 col_beats=32 vpu_runs=70 io_ms=11.245 ip_ms=7.767 total_ms=83.378 status=OK
[FPGA][MATMUL] tensor=blk.16.attn_q.weight layer=16 pos=0 phase=decode M=1 K=1152 N=1024 rows=256 col_beats=32 vpu_runs=12 io_ms=1.943 ip_ms=1.268 total_ms=13.715 status=OK
[FPGA][MATMUL] tensor=blk.16.attn_k.weight layer=16 pos=0 phase=decode M=1 K=1152 N=256 rows=256 col_beats=32 vpu_runs=3 io_ms=0.487 ip_ms=0.318 total_ms=3.438 status=OK
[FPGA][MATMUL] tensor=blk.16.attn_v.weight layer=16 pos=0 phase=decode M=1 K=1152 N=256 rows=256 col_beats=32 vpu_runs=3 io_ms=0.486 ip_ms=0.317 total_ms=3.442 status=OK
[FPGA][MATMUL] tensor=blk.16.attn_output.weight layer=16 pos=0 phase=decode M=1 K=1024 N=1152 rows=256 col_beats=32 vpu_runs=10 io_ms=1.625 ip_ms=1.137 total_ms=12.725 status=OK
[FPGA][MATMUL] tensor=blk.16.ffn_gate.weight layer=16 pos=0 phase=decode M=1 K=1152 N=6912 rows=256 col_beats=32 vpu_runs=81 io_ms=13.083 ip_ms=8.567 total_ms=92.541 status=OK
[FPGA][MATMUL] tensor=blk.16.ffn_up.weight layer=16 pos=0 phase=decode M=1 K=1152 N=6912 rows=256 col_beats=32 vpu_runs=81 io_ms=13.074 ip_ms=8.565 total_ms=92.406 status=OK
[FPGA][MATMUL] tensor=blk.16.ffn_down.weight layer=16 pos=0 phase=decode M=1 K=6912 N=1152 rows=256 col_beats=32 vpu_runs=70 io_ms=11.289 ip_ms=7.777 total_ms=83.460 status=OK
[FPGA][MATMUL] tensor=blk.17.attn_q.weight layer=17 pos=0 phase=decode M=1 K=1152 N=1024 rows=256 col_beats=32 vpu_runs=12 io_ms=1.940 ip_ms=1.270 total_ms=13.713 status=OK
[FPGA][MATMUL] tensor=blk.17.attn_k.weight layer=17 pos=0 phase=decode M=1 K=1152 N=256 rows=256 col_beats=32 vpu_runs=3 io_ms=0.489 ip_ms=0.317 total_ms=3.435 status=OK
[FPGA][MATMUL] tensor=blk.17.attn_v.weight layer=17 pos=0 phase=decode M=1 K=1152 N=256 rows=256 col_beats=32 vpu_runs=3 io_ms=0.483 ip_ms=0.316 total_ms=3.416 status=OK
[FPGA][MATMUL] tensor=blk.17.attn_output.weight layer=17 pos=0 phase=decode M=1 K=1024 N=1152 rows=256 col_beats=32 vpu_runs=10 io_ms=1.629 ip_ms=1.137 total_ms=12.754 status=OK
[FPGA][MATMUL] tensor=blk.17.ffn_gate.weight layer=17 pos=0 phase=decode M=1 K=1152 N=6912 rows=256 col_beats=32 vpu_runs=81 io_ms=13.078 ip_ms=8.622 total_ms=92.484 status=OK
[FPGA][MATMUL] tensor=blk.17.ffn_up.weight layer=17 pos=0 phase=decode M=1 K=1152 N=6912 rows=256 col_beats=32 vpu_runs=81 io_ms=13.086 ip_ms=8.562 total_ms=92.459 status=OK
[FPGA][MATMUL] tensor=blk.17.ffn_down.weight layer=17 pos=0 phase=decode M=1 K=6912 N=1152 rows=256 col_beats=32 vpu_runs=70 io_ms=11.260 ip_ms=7.769 total_ms=83.323 status=OK
[FPGA][MATMUL] tensor=blk.18.attn_q.weight layer=18 pos=0 phase=decode M=1 K=1152 N=1024 rows=256 col_beats=32 vpu_runs=12 io_ms=1.939 ip_ms=1.269 total_ms=13.701 status=OK
[FPGA][MATMUL] tensor=blk.18.attn_k.weight layer=18 pos=0 phase=decode M=1 K=1152 N=256 rows=256 col_beats=32 vpu_runs=3 io_ms=0.485 ip_ms=0.318 total_ms=3.458 status=OK
[FPGA][MATMUL] tensor=blk.18.attn_v.weight layer=18 pos=0 phase=decode M=1 K=1152 N=256 rows=256 col_beats=32 vpu_runs=3 io_ms=0.487 ip_ms=0.317 total_ms=3.415 status=OK
[FPGA][MATMUL] tensor=blk.18.attn_output.weight layer=18 pos=0 phase=decode M=1 K=1024 N=1152 rows=256 col_beats=32 vpu_runs=10 io_ms=1.628 ip_ms=1.136 total_ms=12.726 status=OK
[FPGA][MATMUL] tensor=blk.18.ffn_gate.weight layer=18 pos=0 phase=decode M=1 K=1152 N=6912 rows=256 col_beats=32 vpu_runs=81 io_ms=13.080 ip_ms=8.570 total_ms=92.845 status=OK
[FPGA][MATMUL] tensor=blk.18.ffn_up.weight layer=18 pos=0 phase=decode M=1 K=1152 N=6912 rows=256 col_beats=32 vpu_runs=81 io_ms=13.078 ip_ms=8.567 total_ms=92.473 status=OK
[FPGA][MATMUL] tensor=blk.18.ffn_down.weight layer=18 pos=0 phase=decode M=1 K=6912 N=1152 rows=256 col_beats=32 vpu_runs=70 io_ms=11.239 ip_ms=7.766 total_ms=83.341 status=OK
[FPGA][MATMUL] tensor=blk.19.attn_q.weight layer=19 pos=0 phase=decode M=1 K=1152 N=1024 rows=256 col_beats=32 vpu_runs=12 io_ms=1.943 ip_ms=1.269 total_ms=13.839 status=OK
[FPGA][MATMUL] tensor=blk.19.attn_k.weight layer=19 pos=0 phase=decode M=1 K=1152 N=256 rows=256 col_beats=32 vpu_runs=3 io_ms=0.488 ip_ms=0.317 total_ms=3.470 status=OK
[FPGA][MATMUL] tensor=blk.19.attn_v.weight layer=19 pos=0 phase=decode M=1 K=1152 N=256 rows=256 col_beats=32 vpu_runs=3 io_ms=0.483 ip_ms=0.318 total_ms=3.426 status=OK
[FPGA][MATMUL] tensor=blk.19.attn_output.weight layer=19 pos=0 phase=decode M=1 K=1024 N=1152 rows=256 col_beats=32 vpu_runs=10 io_ms=1.630 ip_ms=1.136 total_ms=12.722 status=OK
[FPGA][MATMUL] tensor=blk.19.ffn_gate.weight layer=19 pos=0 phase=decode M=1 K=1152 N=6912 rows=256 col_beats=32 vpu_runs=81 io_ms=13.072 ip_ms=8.565 total_ms=92.788 status=OK
[FPGA][MATMUL] tensor=blk.19.ffn_up.weight layer=19 pos=0 phase=decode M=1 K=1152 N=6912 rows=256 col_beats=32 vpu_runs=81 io_ms=13.072 ip_ms=8.566 total_ms=92.526 status=OK
[FPGA][MATMUL] tensor=blk.19.ffn_down.weight layer=19 pos=0 phase=decode M=1 K=6912 N=1152 rows=256 col_beats=32 vpu_runs=70 io_ms=11.234 ip_ms=7.765 total_ms=83.235 status=OK
[FPGA][MATMUL] tensor=blk.20.attn_q.weight layer=20 pos=0 phase=decode M=1 K=1152 N=1024 rows=256 col_beats=32 vpu_runs=12 io_ms=1.939 ip_ms=1.270 total_ms=13.729 status=OK
[FPGA][MATMUL] tensor=blk.20.attn_k.weight layer=20 pos=0 phase=decode M=1 K=1152 N=256 rows=256 col_beats=32 vpu_runs=3 io_ms=0.487 ip_ms=0.317 total_ms=3.485 status=OK
[FPGA][MATMUL] tensor=blk.20.attn_v.weight layer=20 pos=0 phase=decode M=1 K=1152 N=256 rows=256 col_beats=32 vpu_runs=3 io_ms=0.486 ip_ms=0.317 total_ms=3.431 status=OK
[FPGA][MATMUL] tensor=blk.20.attn_output.weight layer=20 pos=0 phase=decode M=1 K=1024 N=1152 rows=256 col_beats=32 vpu_runs=10 io_ms=1.628 ip_ms=1.136 total_ms=12.744 status=OK
[FPGA][MATMUL] tensor=blk.20.ffn_gate.weight layer=20 pos=0 phase=decode M=1 K=1152 N=6912 rows=256 col_beats=32 vpu_runs=81 io_ms=13.064 ip_ms=8.565 total_ms=92.649 status=OK
[FPGA][MATMUL] tensor=blk.20.ffn_up.weight layer=20 pos=0 phase=decode M=1 K=1152 N=6912 rows=256 col_beats=32 vpu_runs=81 io_ms=13.069 ip_ms=8.564 total_ms=92.618 status=OK
[FPGA][MATMUL] tensor=blk.20.ffn_down.weight layer=20 pos=0 phase=decode M=1 K=6912 N=1152 rows=256 col_beats=32 vpu_runs=70 io_ms=11.238 ip_ms=7.770 total_ms=83.491 status=OK
[FPGA][MATMUL] tensor=blk.21.attn_q.weight layer=21 pos=0 phase=decode M=1 K=1152 N=1024 rows=256 col_beats=32 vpu_runs=12 io_ms=1.937 ip_ms=1.276 total_ms=13.712 status=OK
[FPGA][MATMUL] tensor=blk.21.attn_k.weight layer=21 pos=0 phase=decode M=1 K=1152 N=256 rows=256 col_beats=32 vpu_runs=3 io_ms=0.488 ip_ms=0.318 total_ms=3.456 status=OK
[FPGA][MATMUL] tensor=blk.21.attn_v.weight layer=21 pos=0 phase=decode M=1 K=1152 N=256 rows=256 col_beats=32 vpu_runs=3 io_ms=0.487 ip_ms=0.317 total_ms=3.442 status=OK
[FPGA][MATMUL] tensor=blk.21.attn_output.weight layer=21 pos=0 phase=decode M=1 K=1024 N=1152 rows=256 col_beats=32 vpu_runs=10 io_ms=1.624 ip_ms=1.136 total_ms=12.797 status=OK
[FPGA][MATMUL] tensor=blk.21.ffn_gate.weight layer=21 pos=0 phase=decode M=1 K=1152 N=6912 rows=256 col_beats=32 vpu_runs=81 io_ms=13.080 ip_ms=8.561 total_ms=92.353 status=OK
[FPGA][MATMUL] tensor=blk.21.ffn_up.weight layer=21 pos=0 phase=decode M=1 K=1152 N=6912 rows=256 col_beats=32 vpu_runs=81 io_ms=13.065 ip_ms=8.565 total_ms=92.325 status=OK
[FPGA][MATMUL] tensor=blk.21.ffn_down.weight layer=21 pos=0 phase=decode M=1 K=6912 N=1152 rows=256 col_beats=32 vpu_runs=70 io_ms=11.264 ip_ms=7.766 total_ms=83.346 status=OK
[FPGA][MATMUL] tensor=blk.22.attn_q.weight layer=22 pos=0 phase=decode M=1 K=1152 N=1024 rows=256 col_beats=32 vpu_runs=12 io_ms=1.939 ip_ms=1.270 total_ms=13.736 status=OK
[FPGA][MATMUL] tensor=blk.22.attn_k.weight layer=22 pos=0 phase=decode M=1 K=1152 N=256 rows=256 col_beats=32 vpu_runs=3 io_ms=0.484 ip_ms=0.316 total_ms=3.434 status=OK
[FPGA][MATMUL] tensor=blk.22.attn_v.weight layer=22 pos=0 phase=decode M=1 K=1152 N=256 rows=256 col_beats=32 vpu_runs=3 io_ms=0.485 ip_ms=0.318 total_ms=3.435 status=OK
[FPGA][MATMUL] tensor=blk.22.attn_output.weight layer=22 pos=0 phase=decode M=1 K=1024 N=1152 rows=256 col_beats=32 vpu_runs=10 io_ms=1.627 ip_ms=1.137 total_ms=12.803 status=OK
[FPGA][MATMUL] tensor=blk.22.ffn_gate.weight layer=22 pos=0 phase=decode M=1 K=1152 N=6912 rows=256 col_beats=32 vpu_runs=81 io_ms=13.077 ip_ms=8.575 total_ms=92.363 status=OK
[FPGA][MATMUL] tensor=blk.22.ffn_up.weight layer=22 pos=0 phase=decode M=1 K=1152 N=6912 rows=256 col_beats=32 vpu_runs=81 io_ms=13.115 ip_ms=8.564 total_ms=92.389 status=OK
[FPGA][MATMUL] tensor=blk.22.ffn_down.weight layer=22 pos=0 phase=decode M=1 K=6912 N=1152 rows=256 col_beats=32 vpu_runs=70 io_ms=11.237 ip_ms=7.769 total_ms=83.723 status=OK
[FPGA][MATMUL] tensor=blk.23.attn_q.weight layer=23 pos=0 phase=decode M=1 K=1152 N=1024 rows=256 col_beats=32 vpu_runs=12 io_ms=2.060 ip_ms=1.268 total_ms=13.830 status=OK
[FPGA][MATMUL] tensor=blk.23.attn_k.weight layer=23 pos=0 phase=decode M=1 K=1152 N=256 rows=256 col_beats=32 vpu_runs=3 io_ms=0.486 ip_ms=0.317 total_ms=3.464 status=OK
[FPGA][MATMUL] tensor=blk.23.attn_v.weight layer=23 pos=0 phase=decode M=1 K=1152 N=256 rows=256 col_beats=32 vpu_runs=3 io_ms=0.485 ip_ms=0.318 total_ms=3.440 status=OK
[FPGA][MATMUL] tensor=blk.23.attn_output.weight layer=23 pos=0 phase=decode M=1 K=1024 N=1152 rows=256 col_beats=32 vpu_runs=10 io_ms=1.628 ip_ms=1.134 total_ms=12.714 status=OK
[FPGA][MATMUL] tensor=blk.23.ffn_gate.weight layer=23 pos=0 phase=decode M=1 K=1152 N=6912 rows=256 col_beats=32 vpu_runs=81 io_ms=13.060 ip_ms=8.569 total_ms=92.491 status=OK
[FPGA][MATMUL] tensor=blk.23.ffn_up.weight layer=23 pos=0 phase=decode M=1 K=1152 N=6912 rows=256 col_beats=32 vpu_runs=81 io_ms=13.079 ip_ms=8.571 total_ms=92.377 status=OK
[FPGA][MATMUL] tensor=blk.23.ffn_down.weight layer=23 pos=0 phase=decode M=1 K=6912 N=1152 rows=256 col_beats=32 vpu_runs=70 io_ms=11.232 ip_ms=7.767 total_ms=83.932 status=OK
[FPGA][MATMUL] tensor=blk.24.attn_q.weight layer=24 pos=0 phase=decode M=1 K=1152 N=1024 rows=256 col_beats=32 vpu_runs=12 io_ms=1.937 ip_ms=1.271 total_ms=13.698 status=OK
[FPGA][MATMUL] tensor=blk.24.attn_k.weight layer=24 pos=0 phase=decode M=1 K=1152 N=256 rows=256 col_beats=32 vpu_runs=3 io_ms=0.488 ip_ms=0.318 total_ms=3.460 status=OK
[FPGA][MATMUL] tensor=blk.24.attn_v.weight layer=24 pos=0 phase=decode M=1 K=1152 N=256 rows=256 col_beats=32 vpu_runs=3 io_ms=0.485 ip_ms=0.317 total_ms=3.436 status=OK
[FPGA][MATMUL] tensor=blk.24.attn_output.weight layer=24 pos=0 phase=decode M=1 K=1024 N=1152 rows=256 col_beats=32 vpu_runs=10 io_ms=1.629 ip_ms=1.134 total_ms=12.723 status=OK
[FPGA][MATMUL] tensor=blk.24.ffn_gate.weight layer=24 pos=0 phase=decode M=1 K=1152 N=6912 rows=256 col_beats=32 vpu_runs=81 io_ms=13.087 ip_ms=8.558 total_ms=92.345 status=OK
[FPGA][MATMUL] tensor=blk.24.ffn_up.weight layer=24 pos=0 phase=decode M=1 K=1152 N=6912 rows=256 col_beats=32 vpu_runs=81 io_ms=13.066 ip_ms=8.557 total_ms=92.451 status=OK
[FPGA][MATMUL] tensor=blk.24.ffn_down.weight layer=24 pos=0 phase=decode M=1 K=6912 N=1152 rows=256 col_beats=32 vpu_runs=70 io_ms=11.245 ip_ms=7.765 total_ms=83.375 status=OK
[FPGA][MATMUL] tensor=blk.25.attn_q.weight layer=25 pos=0 phase=decode M=1 K=1152 N=1024 rows=256 col_beats=32 vpu_runs=12 io_ms=1.937 ip_ms=1.269 total_ms=13.738 status=OK
[FPGA][MATMUL] tensor=blk.25.attn_k.weight layer=25 pos=0 phase=decode M=1 K=1152 N=256 rows=256 col_beats=32 vpu_runs=3 io_ms=0.487 ip_ms=0.318 total_ms=3.442 status=OK
[FPGA][MATMUL] tensor=blk.25.attn_v.weight layer=25 pos=0 phase=decode M=1 K=1152 N=256 rows=256 col_beats=32 vpu_runs=3 io_ms=0.487 ip_ms=0.317 total_ms=3.433 status=OK
[FPGA][MATMUL] tensor=blk.25.attn_output.weight layer=25 pos=0 phase=decode M=1 K=1024 N=1152 rows=256 col_beats=32 vpu_runs=10 io_ms=1.625 ip_ms=1.136 total_ms=12.841 status=OK
[FPGA][MATMUL] tensor=blk.25.ffn_gate.weight layer=25 pos=0 phase=decode M=1 K=1152 N=6912 rows=256 col_beats=32 vpu_runs=81 io_ms=13.067 ip_ms=8.567 total_ms=92.397 status=OK
[FPGA][MATMUL] tensor=blk.25.ffn_up.weight layer=25 pos=0 phase=decode M=1 K=1152 N=6912 rows=256 col_beats=32 vpu_runs=81 io_ms=13.066 ip_ms=8.563 total_ms=92.364 status=OK
[FPGA][MATMUL] tensor=blk.25.ffn_down.weight layer=25 pos=0 phase=decode M=1 K=6912 N=1152 rows=256 col_beats=32 vpu_runs=70 io_ms=11.245 ip_ms=7.763 total_ms=83.353 status=OK
[FPGA][MATMUL] tensor=token_embd.weight layer=0 pos=0 phase=decode M=1 K=1152 N=262144 rows=256 col_beats=32 vpu_runs=3072 io_ms=495.813 ip_ms=324.951 total_ms=3509.679 status=OK
[FPGA][MATMUL] tensor=blk.0.attn_q.weight layer=0 pos=0 phase=decode M=1 K=1152 N=1024 rows=256 col_beats=32 vpu_runs=12 io_ms=1.943 ip_ms=1.268 total_ms=13.703 status=OK
[FPGA][MATMUL] tensor=blk.0.attn_k.weight layer=0 pos=0 phase=decode M=1 K=1152 N=256 rows=256 col_beats=32 vpu_runs=3 io_ms=0.488 ip_ms=0.317 total_ms=3.455 status=OK
[FPGA][MATMUL] tensor=blk.0.attn_v.weight layer=0 pos=0 phase=decode M=1 K=1152 N=256 rows=256 col_beats=32 vpu_runs=3 io_ms=0.487 ip_ms=0.317 total_ms=3.427 status=OK
[FPGA][MATMUL] tensor=blk.0.attn_output.weight layer=0 pos=0 phase=decode M=1 K=1024 N=1152 rows=256 col_beats=32 vpu_runs=10 io_ms=1.626 ip_ms=1.136 total_ms=12.732 status=OK
[FPGA][MATMUL] tensor=blk.0.ffn_gate.weight layer=0 pos=0 phase=decode M=1 K=1152 N=6912 rows=256 col_beats=32 vpu_runs=81 io_ms=13.064 ip_ms=8.571 total_ms=92.368 status=OK
[FPGA][MATMUL] tensor=blk.0.ffn_up.weight layer=0 pos=0 phase=decode M=1 K=1152 N=6912 rows=256 col_beats=32 vpu_runs=81 io_ms=13.080 ip_ms=8.564 total_ms=92.539 status=OK
[FPGA][MATMUL] tensor=blk.0.ffn_down.weight layer=0 pos=0 phase=decode M=1 K=6912 N=1152 rows=256 col_beats=32 vpu_runs=70 io_ms=11.239 ip_ms=7.767 total_ms=83.464 status=OK
[FPGA][MATMUL] tensor=blk.1.attn_q.weight layer=1 pos=0 phase=decode M=1 K=1152 N=1024 rows=256 col_beats=32 vpu_runs=12 io_ms=1.937 ip_ms=1.268 total_ms=13.722 status=OK
[FPGA][MATMUL] tensor=blk.1.attn_k.weight layer=1 pos=0 phase=decode M=1 K=1152 N=256 rows=256 col_beats=32 vpu_runs=3 io_ms=0.488 ip_ms=0.318 total_ms=3.469 status=OK
[FPGA][MATMUL] tensor=blk.1.attn_v.weight layer=1 pos=0 phase=decode M=1 K=1152 N=256 rows=256 col_beats=32 vpu_runs=3 io_ms=0.485 ip_ms=0.317 total_ms=3.439 status=OK
[FPGA][MATMUL] tensor=blk.1.attn_output.weight layer=1 pos=0 phase=decode M=1 K=1024 N=1152 rows=256 col_beats=32 vpu_runs=10 io_ms=1.627 ip_ms=1.136 total_ms=12.791 status=OK
[FPGA][MATMUL] tensor=blk.1.ffn_gate.weight layer=1 pos=0 phase=decode M=1 K=1152 N=6912 rows=256 col_beats=32 vpu_runs=81 io_ms=13.096 ip_ms=8.559 total_ms=92.861 status=OK
[FPGA][MATMUL] tensor=blk.1.ffn_up.weight layer=1 pos=0 phase=decode M=1 K=1152 N=6912 rows=256 col_beats=32 vpu_runs=81 io_ms=13.083 ip_ms=8.563 total_ms=92.421 status=OK
[FPGA][MATMUL] tensor=blk.1.ffn_down.weight layer=1 pos=0 phase=decode M=1 K=6912 N=1152 rows=256 col_beats=32 vpu_runs=70 io_ms=11.234 ip_ms=7.764 total_ms=83.705 status=OK
[FPGA][MATMUL] tensor=blk.2.attn_q.weight layer=2 pos=0 phase=decode M=1 K=1152 N=1024 rows=256 col_beats=32 vpu_runs=12 io_ms=1.940 ip_ms=1.271 total_ms=13.758 status=OK
[FPGA][MATMUL] tensor=blk.2.attn_k.weight layer=2 pos=0 phase=decode M=1 K=1152 N=256 rows=256 col_beats=32 vpu_runs=3 io_ms=0.485 ip_ms=0.318 total_ms=3.459 status=OK
[FPGA][MATMUL] tensor=blk.2.attn_v.weight layer=2 pos=0 phase=decode M=1 K=1152 N=256 rows=256 col_beats=32 vpu_runs=3 io_ms=0.485 ip_ms=0.317 total_ms=3.449 status=OK
[FPGA][MATMUL] tensor=blk.2.attn_output.weight layer=2 pos=0 phase=decode M=1 K=1024 N=1152 rows=256 col_beats=32 vpu_runs=10 io_ms=1.629 ip_ms=1.135 total_ms=12.744 status=OK
[FPGA][MATMUL] tensor=blk.2.ffn_gate.weight layer=2 pos=0 phase=decode M=1 K=1152 N=6912 rows=256 col_beats=32 vpu_runs=81 io_ms=13.067 ip_ms=8.561 total_ms=92.771 status=OK
[FPGA][MATMUL] tensor=blk.2.ffn_up.weight layer=2 pos=0 phase=decode M=1 K=1152 N=6912 rows=256 col_beats=32 vpu_runs=81 io_ms=13.083 ip_ms=8.565 total_ms=92.856 status=OK
[FPGA][MATMUL] tensor=blk.2.ffn_down.weight layer=2 pos=0 phase=decode M=1 K=6912 N=1152 rows=256 col_beats=32 vpu_runs=70 io_ms=11.231 ip_ms=7.768 total_ms=83.539 status=OK
[FPGA][MATMUL] tensor=blk.3.attn_q.weight layer=3 pos=0 phase=decode M=1 K=1152 N=1024 rows=256 col_beats=32 vpu_runs=12 io_ms=1.940 ip_ms=1.269 total_ms=13.730 status=OK
[FPGA][MATMUL] tensor=blk.3.attn_k.weight layer=3 pos=0 phase=decode M=1 K=1152 N=256 rows=256 col_beats=32 vpu_runs=3 io_ms=0.487 ip_ms=0.317 total_ms=3.440 status=OK
[FPGA][MATMUL] tensor=blk.3.attn_v.weight layer=3 pos=0 phase=decode M=1 K=1152 N=256 rows=256 col_beats=32 vpu_runs=3 io_ms=0.484 ip_ms=0.317 total_ms=3.434 status=OK
[FPGA][MATMUL] tensor=blk.3.attn_output.weight layer=3 pos=0 phase=decode M=1 K=1024 N=1152 rows=256 col_beats=32 vpu_runs=10 io_ms=1.628 ip_ms=1.135 total_ms=12.741 status=OK
[FPGA][MATMUL] tensor=blk.3.ffn_gate.weight layer=3 pos=0 phase=decode M=1 K=1152 N=6912 rows=256 col_beats=32 vpu_runs=81 io_ms=13.062 ip_ms=8.578 total_ms=92.403 status=OK
[FPGA][MATMUL] tensor=blk.3.ffn_up.weight layer=3 pos=0 phase=decode M=1 K=1152 N=6912 rows=256 col_beats=32 vpu_runs=81 io_ms=13.070 ip_ms=8.563 total_ms=92.321 status=OK
[FPGA][MATMUL] tensor=blk.3.ffn_down.weight layer=3 pos=0 phase=decode M=1 K=6912 N=1152 rows=256 col_beats=32 vpu_runs=70 io_ms=11.288 ip_ms=7.764 total_ms=83.863 status=OK
[FPGA][MATMUL] tensor=blk.4.attn_q.weight layer=4 pos=0 phase=decode M=1 K=1152 N=1024 rows=256 col_beats=32 vpu_runs=12 io_ms=1.945 ip_ms=1.270 total_ms=13.854 status=OK
[FPGA][MATMUL] tensor=blk.4.attn_k.weight layer=4 pos=0 phase=decode M=1 K=1152 N=256 rows=256 col_beats=32 vpu_runs=3 io_ms=0.488 ip_ms=0.316 total_ms=3.453 status=OK
[FPGA][MATMUL] tensor=blk.4.attn_v.weight layer=4 pos=0 phase=decode M=1 K=1152 N=256 rows=256 col_beats=32 vpu_runs=3 io_ms=0.485 ip_ms=0.317 total_ms=3.468 status=OK
[FPGA][MATMUL] tensor=blk.4.attn_output.weight layer=4 pos=0 phase=decode M=1 K=1024 N=1152 rows=256 col_beats=32 vpu_runs=10 io_ms=1.626 ip_ms=1.135 total_ms=12.752 status=OK
[FPGA][MATMUL] tensor=blk.4.ffn_gate.weight layer=4 pos=0 phase=decode M=1 K=1152 N=6912 rows=256 col_beats=32 vpu_runs=81 io_ms=13.063 ip_ms=8.568 total_ms=92.388 status=OK
[FPGA][MATMUL] tensor=blk.4.ffn_up.weight layer=4 pos=0 phase=decode M=1 K=1152 N=6912 rows=256 col_beats=32 vpu_runs=81 io_ms=13.055 ip_ms=8.564 total_ms=92.626 status=OK
[FPGA][MATMUL] tensor=blk.4.ffn_down.weight layer=4 pos=0 phase=decode M=1 K=6912 N=1152 rows=256 col_beats=32 vpu_runs=70 io_ms=11.257 ip_ms=7.795 total_ms=83.400 status=OK
[FPGA][MATMUL] tensor=blk.5.attn_q.weight layer=5 pos=0 phase=decode M=1 K=1152 N=1024 rows=256 col_beats=32 vpu_runs=12 io_ms=1.940 ip_ms=1.269 total_ms=13.793 status=OK
[FPGA][MATMUL] tensor=blk.5.attn_k.weight layer=5 pos=0 phase=decode M=1 K=1152 N=256 rows=256 col_beats=32 vpu_runs=3 io_ms=0.487 ip_ms=0.318 total_ms=3.459 status=OK
[FPGA][MATMUL] tensor=blk.5.attn_v.weight layer=5 pos=0 phase=decode M=1 K=1152 N=256 rows=256 col_beats=32 vpu_runs=3 io_ms=0.486 ip_ms=0.317 total_ms=3.431 status=OK
[FPGA][MATMUL] tensor=blk.5.attn_output.weight layer=5 pos=0 phase=decode M=1 K=1024 N=1152 rows=256 col_beats=32 vpu_runs=10 io_ms=1.638 ip_ms=1.136 total_ms=12.729 status=OK
[FPGA][MATMUL] tensor=blk.5.ffn_gate.weight layer=5 pos=0 phase=decode M=1 K=1152 N=6912 rows=256 col_beats=32 vpu_runs=81 io_ms=13.073 ip_ms=8.562 total_ms=92.555 status=OK
[FPGA][MATMUL] tensor=blk.5.ffn_up.weight layer=5 pos=0 phase=decode M=1 K=1152 N=6912 rows=256 col_beats=32 vpu_runs=81 io_ms=13.070 ip_ms=8.564 total_ms=92.589 status=OK
[FPGA][MATMUL] tensor=blk.5.ffn_down.weight layer=5 pos=0 phase=decode M=1 K=6912 N=1152 rows=256 col_beats=32 vpu_runs=70 io_ms=11.266 ip_ms=7.773 total_ms=83.572 status=OK
[FPGA][MATMUL] tensor=blk.6.attn_q.weight layer=6 pos=0 phase=decode M=1 K=1152 N=1024 rows=256 col_beats=32 vpu_runs=12 io_ms=1.940 ip_ms=1.268 total_ms=13.810 status=OK
[FPGA][MATMUL] tensor=blk.6.attn_k.weight layer=6 pos=0 phase=decode M=1 K=1152 N=256 rows=256 col_beats=32 vpu_runs=3 io_ms=0.486 ip_ms=0.318 total_ms=3.446 status=OK
[FPGA][MATMUL] tensor=blk.6.attn_v.weight layer=6 pos=0 phase=decode M=1 K=1152 N=256 rows=256 col_beats=32 vpu_runs=3 io_ms=0.483 ip_ms=0.318 total_ms=3.434 status=OK
[FPGA][MATMUL] tensor=blk.6.attn_output.weight layer=6 pos=0 phase=decode M=1 K=1024 N=1152 rows=256 col_beats=32 vpu_runs=10 io_ms=1.627 ip_ms=1.137 total_ms=12.731 status=OK
[FPGA][MATMUL] tensor=blk.6.ffn_gate.weight layer=6 pos=0 phase=decode M=1 K=1152 N=6912 rows=256 col_beats=32 vpu_runs=81 io_ms=13.092 ip_ms=8.560 total_ms=92.424 status=OK
[FPGA][MATMUL] tensor=blk.6.ffn_up.weight layer=6 pos=0 phase=decode M=1 K=1152 N=6912 rows=256 col_beats=32 vpu_runs=81 io_ms=13.105 ip_ms=8.560 total_ms=92.420 status=OK
[FPGA][MATMUL] tensor=blk.6.ffn_down.weight layer=6 pos=0 phase=decode M=1 K=6912 N=1152 rows=256 col_beats=32 vpu_runs=70 io_ms=11.248 ip_ms=7.767 total_ms=83.705 status=OK
[FPGA][MATMUL] tensor=blk.7.attn_q.weight layer=7 pos=0 phase=decode M=1 K=1152 N=1024 rows=256 col_beats=32 vpu_runs=12 io_ms=1.940 ip_ms=1.271 total_ms=13.806 status=OK
[FPGA][MATMUL] tensor=blk.7.attn_k.weight layer=7 pos=0 phase=decode M=1 K=1152 N=256 rows=256 col_beats=32 vpu_runs=3 io_ms=0.484 ip_ms=0.317 total_ms=3.446 status=OK
[FPGA][MATMUL] tensor=blk.7.attn_v.weight layer=7 pos=0 phase=decode M=1 K=1152 N=256 rows=256 col_beats=32 vpu_runs=3 io_ms=0.486 ip_ms=0.317 total_ms=3.445 status=OK
[FPGA][MATMUL] tensor=blk.7.attn_output.weight layer=7 pos=0 phase=decode M=1 K=1024 N=1152 rows=256 col_beats=32 vpu_runs=10 io_ms=1.626 ip_ms=1.138 total_ms=12.675 status=OK
[FPGA][MATMUL] tensor=blk.7.ffn_gate.weight layer=7 pos=0 phase=decode M=1 K=1152 N=6912 rows=256 col_beats=32 vpu_runs=81 io_ms=13.094 ip_ms=8.569 total_ms=92.452 status=OK
[FPGA][MATMUL] tensor=blk.7.ffn_up.weight layer=7 pos=0 phase=decode M=1 K=1152 N=6912 rows=256 col_beats=32 vpu_runs=81 io_ms=13.104 ip_ms=8.562 total_ms=92.435 status=OK
[FPGA][MATMUL] tensor=blk.7.ffn_down.weight layer=7 pos=0 phase=decode M=1 K=6912 N=1152 rows=256 col_beats=32 vpu_runs=70 io_ms=11.286 ip_ms=7.768 total_ms=83.657 status=OK
[FPGA][MATMUL] tensor=blk.8.attn_q.weight layer=8 pos=0 phase=decode M=1 K=1152 N=1024 rows=256 col_beats=32 vpu_runs=12 io_ms=1.939 ip_ms=1.269 total_ms=13.706 status=OK
[FPGA][MATMUL] tensor=blk.8.attn_k.weight layer=8 pos=0 phase=decode M=1 K=1152 N=256 rows=256 col_beats=32 vpu_runs=3 io_ms=0.502 ip_ms=0.318 total_ms=3.460 status=OK
[FPGA][MATMUL] tensor=blk.8.attn_v.weight layer=8 pos=0 phase=decode M=1 K=1152 N=256 rows=256 col_beats=32 vpu_runs=3 io_ms=0.485 ip_ms=0.317 total_ms=3.442 status=OK
[FPGA][MATMUL] tensor=blk.8.attn_output.weight layer=8 pos=0 phase=decode M=1 K=1024 N=1152 rows=256 col_beats=32 vpu_runs=10 io_ms=1.628 ip_ms=1.134 total_ms=12.689 status=OK
[FPGA][MATMUL] tensor=blk.8.ffn_gate.weight layer=8 pos=0 phase=decode M=1 K=1152 N=6912 rows=256 col_beats=32 vpu_runs=81 io_ms=13.079 ip_ms=8.571 total_ms=92.644 status=OK
[FPGA][MATMUL] tensor=blk.8.ffn_up.weight layer=8 pos=0 phase=decode M=1 K=1152 N=6912 rows=256 col_beats=32 vpu_runs=81 io_ms=13.073 ip_ms=8.565 total_ms=92.897 status=OK
[FPGA][MATMUL] tensor=blk.8.ffn_down.weight layer=8 pos=0 phase=decode M=1 K=6912 N=1152 rows=256 col_beats=32 vpu_runs=70 io_ms=11.242 ip_ms=7.768 total_ms=83.827 status=OK
[FPGA][MATMUL] tensor=blk.9.attn_q.weight layer=9 pos=0 phase=decode M=1 K=1152 N=1024 rows=256 col_beats=32 vpu_runs=12 io_ms=1.931 ip_ms=1.271 total_ms=13.744 status=OK
[FPGA][MATMUL] tensor=blk.9.attn_k.weight layer=9 pos=0 phase=decode M=1 K=1152 N=256 rows=256 col_beats=32 vpu_runs=3 io_ms=0.490 ip_ms=0.317 total_ms=3.455 status=OK
[FPGA][MATMUL] tensor=blk.9.attn_v.weight layer=9 pos=0 phase=decode M=1 K=1152 N=256 rows=256 col_beats=32 vpu_runs=3 io_ms=0.485 ip_ms=0.317 total_ms=3.573 status=OK
[FPGA][MATMUL] tensor=blk.9.attn_output.weight layer=9 pos=0 phase=decode M=1 K=1024 N=1152 rows=256 col_beats=32 vpu_runs=10 io_ms=1.622 ip_ms=1.137 total_ms=12.778 status=OK
[FPGA][MATMUL] tensor=blk.9.ffn_gate.weight layer=9 pos=0 phase=decode M=1 K=1152 N=6912 rows=256 col_beats=32 vpu_runs=81 io_ms=13.069 ip_ms=8.558 total_ms=92.672 status=OK
[FPGA][MATMUL] tensor=blk.9.ffn_up.weight layer=9 pos=0 phase=decode M=1 K=1152 N=6912 rows=256 col_beats=32 vpu_runs=81 io_ms=13.076 ip_ms=8.566 total_ms=92.586 status=OK
[FPGA][MATMUL] tensor=blk.9.ffn_down.weight layer=9 pos=0 phase=decode M=1 K=6912 N=1152 rows=256 col_beats=32 vpu_runs=70 io_ms=11.240 ip_ms=7.767 total_ms=83.784 status=OK
[FPGA][MATMUL] tensor=blk.10.attn_q.weight layer=10 pos=0 phase=decode M=1 K=1152 N=1024 rows=256 col_beats=32 vpu_runs=12 io_ms=1.935 ip_ms=1.268 total_ms=13.718 status=OK
[FPGA][MATMUL] tensor=blk.10.attn_k.weight layer=10 pos=0 phase=decode M=1 K=1152 N=256 rows=256 col_beats=32 vpu_runs=3 io_ms=0.487 ip_ms=0.318 total_ms=3.438 status=OK
[FPGA][MATMUL] tensor=blk.10.attn_v.weight layer=10 pos=0 phase=decode M=1 K=1152 N=256 rows=256 col_beats=32 vpu_runs=3 io_ms=0.486 ip_ms=0.317 total_ms=3.439 status=OK
[FPGA][MATMUL] tensor=blk.10.attn_output.weight layer=10 pos=0 phase=decode M=1 K=1024 N=1152 rows=256 col_beats=32 vpu_runs=10 io_ms=1.630 ip_ms=1.135 total_ms=12.763 status=OK
[FPGA][MATMUL] tensor=blk.10.ffn_gate.weight layer=10 pos=0 phase=decode M=1 K=1152 N=6912 rows=256 col_beats=32 vpu_runs=81 io_ms=13.105 ip_ms=8.570 total_ms=92.430 status=OK
[FPGA][MATMUL] tensor=blk.10.ffn_up.weight layer=10 pos=0 phase=decode M=1 K=1152 N=6912 rows=256 col_beats=32 vpu_runs=81 io_ms=13.077 ip_ms=8.559 total_ms=92.402 status=OK
[FPGA][MATMUL] tensor=blk.10.ffn_down.weight layer=10 pos=0 phase=decode M=1 K=6912 N=1152 rows=256 col_beats=32 vpu_runs=70 io_ms=11.240 ip_ms=7.770 total_ms=83.281 status=OK
[FPGA][MATMUL] tensor=blk.11.attn_q.weight layer=11 pos=0 phase=decode M=1 K=1152 N=1024 rows=256 col_beats=32 vpu_runs=12 io_ms=1.942 ip_ms=1.268 total_ms=13.739 status=OK
[FPGA][MATMUL] tensor=blk.11.attn_k.weight layer=11 pos=0 phase=decode M=1 K=1152 N=256 rows=256 col_beats=32 vpu_runs=3 io_ms=0.498 ip_ms=0.319 total_ms=3.450 status=OK
[FPGA][MATMUL] tensor=blk.11.attn_v.weight layer=11 pos=0 phase=decode M=1 K=1152 N=256 rows=256 col_beats=32 vpu_runs=3 io_ms=0.485 ip_ms=0.317 total_ms=3.453 status=OK
[FPGA][MATMUL] tensor=blk.11.attn_output.weight layer=11 pos=0 phase=decode M=1 K=1024 N=1152 rows=256 col_beats=32 vpu_runs=10 io_ms=1.628 ip_ms=1.136 total_ms=12.734 status=OK
[FPGA][MATMUL] tensor=blk.11.ffn_gate.weight layer=11 pos=0 phase=decode M=1 K=1152 N=6912 rows=256 col_beats=32 vpu_runs=81 io_ms=13.078 ip_ms=8.561 total_ms=92.584 status=OK
[FPGA][MATMUL] tensor=blk.11.ffn_up.weight layer=11 pos=0 phase=decode M=1 K=1152 N=6912 rows=256 col_beats=32 vpu_runs=81 io_ms=13.117 ip_ms=8.560 total_ms=92.520 status=OK
[FPGA][MATMUL] tensor=blk.11.ffn_down.weight layer=11 pos=0 phase=decode M=1 K=6912 N=1152 rows=256 col_beats=32 vpu_runs=70 io_ms=11.247 ip_ms=7.766 total_ms=83.280 status=OK
[FPGA][MATMUL] tensor=blk.12.attn_q.weight layer=12 pos=0 phase=decode M=1 K=1152 N=1024 rows=256 col_beats=32 vpu_runs=12 io_ms=1.941 ip_ms=1.269 total_ms=13.801 status=OK
[FPGA][MATMUL] tensor=blk.12.attn_k.weight layer=12 pos=0 phase=decode M=1 K=1152 N=256 rows=256 col_beats=32 vpu_runs=3 io_ms=0.486 ip_ms=0.318 total_ms=3.475 status=OK
[FPGA][MATMUL] tensor=blk.12.attn_v.weight layer=12 pos=0 phase=decode M=1 K=1152 N=256 rows=256 col_beats=32 vpu_runs=3 io_ms=0.486 ip_ms=0.318 total_ms=3.440 status=OK
[FPGA][MATMUL] tensor=blk.12.attn_output.weight layer=12 pos=0 phase=decode M=1 K=1024 N=1152 rows=256 col_beats=32 vpu_runs=10 io_ms=1.626 ip_ms=1.136 total_ms=12.742 status=OK
[FPGA][MATMUL] tensor=blk.12.ffn_gate.weight layer=12 pos=0 phase=decode M=1 K=1152 N=6912 rows=256 col_beats=32 vpu_runs=81 io_ms=13.078 ip_ms=8.565 total_ms=92.474 status=OK
[FPGA][MATMUL] tensor=blk.12.ffn_up.weight layer=12 pos=0 phase=decode M=1 K=1152 N=6912 rows=256 col_beats=32 vpu_runs=81 io_ms=13.076 ip_ms=8.561 total_ms=92.875 status=OK
[FPGA][MATMUL] tensor=blk.12.ffn_down.weight layer=12 pos=0 phase=decode M=1 K=6912 N=1152 rows=256 col_beats=32 vpu_runs=70 io_ms=11.244 ip_ms=7.768 total_ms=83.442 status=OK
[FPGA][MATMUL] tensor=blk.13.attn_q.weight layer=13 pos=0 phase=decode M=1 K=1152 N=1024 rows=256 col_beats=32 vpu_runs=12 io_ms=1.942 ip_ms=1.269 total_ms=13.735 status=OK
[FPGA][MATMUL] tensor=blk.13.attn_k.weight layer=13 pos=0 phase=decode M=1 K=1152 N=256 rows=256 col_beats=32 vpu_runs=3 io_ms=0.485 ip_ms=0.318 total_ms=3.435 status=OK
[FPGA][MATMUL] tensor=blk.13.attn_v.weight layer=13 pos=0 phase=decode M=1 K=1152 N=256 rows=256 col_beats=32 vpu_runs=3 io_ms=0.484 ip_ms=0.316 total_ms=3.435 status=OK
[FPGA][MATMUL] tensor=blk.13.attn_output.weight layer=13 pos=0 phase=decode M=1 K=1024 N=1152 rows=256 col_beats=32 vpu_runs=10 io_ms=1.624 ip_ms=1.143 total_ms=12.763 status=OK
[FPGA][MATMUL] tensor=blk.13.ffn_gate.weight layer=13 pos=0 phase=decode M=1 K=1152 N=6912 rows=256 col_beats=32 vpu_runs=81 io_ms=13.067 ip_ms=8.562 total_ms=92.702 status=OK
[FPGA][MATMUL] tensor=blk.13.ffn_up.weight layer=13 pos=0 phase=decode M=1 K=1152 N=6912 rows=256 col_beats=32 vpu_runs=81 io_ms=13.073 ip_ms=8.578 total_ms=92.400 status=OK
[FPGA][MATMUL] tensor=blk.13.ffn_down.weight layer=13 pos=0 phase=decode M=1 K=6912 N=1152 rows=256 col_beats=32 vpu_runs=70 io_ms=11.245 ip_ms=7.767 total_ms=83.752 status=OK
[FPGA][MATMUL] tensor=blk.14.attn_q.weight layer=14 pos=0 phase=decode M=1 K=1152 N=1024 rows=256 col_beats=32 vpu_runs=12 io_ms=1.939 ip_ms=1.269 total_ms=13.767 status=OK
[FPGA][MATMUL] tensor=blk.14.attn_k.weight layer=14 pos=0 phase=decode M=1 K=1152 N=256 rows=256 col_beats=32 vpu_runs=3 io_ms=0.486 ip_ms=0.318 total_ms=3.453 status=OK
[FPGA][MATMUL] tensor=blk.14.attn_v.weight layer=14 pos=0 phase=decode M=1 K=1152 N=256 rows=256 col_beats=32 vpu_runs=3 io_ms=0.485 ip_ms=0.317 total_ms=3.435 status=OK
[FPGA][MATMUL] tensor=blk.14.attn_output.weight layer=14 pos=0 phase=decode M=1 K=1024 N=1152 rows=256 col_beats=32 vpu_runs=10 io_ms=1.630 ip_ms=1.136 total_ms=12.785 status=OK
[FPGA][MATMUL] tensor=blk.14.ffn_gate.weight layer=14 pos=0 phase=decode M=1 K=1152 N=6912 rows=256 col_beats=32 vpu_runs=81 io_ms=13.113 ip_ms=8.564 total_ms=92.762 status=OK
[FPGA][MATMUL] tensor=blk.14.ffn_up.weight layer=14 pos=0 phase=decode M=1 K=1152 N=6912 rows=256 col_beats=32 vpu_runs=81 io_ms=13.063 ip_ms=8.564 total_ms=92.635 status=OK
[FPGA][MATMUL] tensor=blk.14.ffn_down.weight layer=14 pos=0 phase=decode M=1 K=6912 N=1152 rows=256 col_beats=32 vpu_runs=70 io_ms=11.241 ip_ms=7.770 total_ms=83.572 status=OK
[FPGA][MATMUL] tensor=blk.15.attn_q.weight layer=15 pos=0 phase=decode M=1 K=1152 N=1024 rows=256 col_beats=32 vpu_runs=12 io_ms=1.941 ip_ms=1.268 total_ms=13.763 status=OK
[FPGA][MATMUL] tensor=blk.15.attn_k.weight layer=15 pos=0 phase=decode M=1 K=1152 N=256 rows=256 col_beats=32 vpu_runs=3 io_ms=0.486 ip_ms=0.317 total_ms=3.439 status=OK
[FPGA][MATMUL] tensor=blk.15.attn_v.weight layer=15 pos=0 phase=decode M=1 K=1152 N=256 rows=256 col_beats=32 vpu_runs=3 io_ms=0.483 ip_ms=0.317 total_ms=3.430 status=OK
[FPGA][MATMUL] tensor=blk.15.attn_output.weight layer=15 pos=0 phase=decode M=1 K=1024 N=1152 rows=256 col_beats=32 vpu_runs=10 io_ms=1.629 ip_ms=1.136 total_ms=12.787 status=OK
[FPGA][MATMUL] tensor=blk.15.ffn_gate.weight layer=15 pos=0 phase=decode M=1 K=1152 N=6912 rows=256 col_beats=32 vpu_runs=81 io_ms=13.078 ip_ms=8.562 total_ms=92.405 status=OK
[FPGA][MATMUL] tensor=blk.15.ffn_up.weight layer=15 pos=0 phase=decode M=1 K=1152 N=6912 rows=256 col_beats=32 vpu_runs=81 io_ms=13.077 ip_ms=8.562 total_ms=92.500 status=OK
[FPGA][MATMUL] tensor=blk.15.ffn_down.weight layer=15 pos=0 phase=decode M=1 K=6912 N=1152 rows=256 col_beats=32 vpu_runs=70 io_ms=11.252 ip_ms=7.766 total_ms=83.623 status=OK
[FPGA][MATMUL] tensor=blk.16.attn_q.weight layer=16 pos=0 phase=decode M=1 K=1152 N=1024 rows=256 col_beats=32 vpu_runs=12 io_ms=1.938 ip_ms=1.268 total_ms=13.757 status=OK
[FPGA][MATMUL] tensor=blk.16.attn_k.weight layer=16 pos=0 phase=decode M=1 K=1152 N=256 rows=256 col_beats=32 vpu_runs=3 io_ms=0.487 ip_ms=0.318 total_ms=3.447 status=OK
[FPGA][MATMUL] tensor=blk.16.attn_v.weight layer=16 pos=0 phase=decode M=1 K=1152 N=256 rows=256 col_beats=32 vpu_runs=3 io_ms=0.488 ip_ms=0.317 total_ms=3.464 status=OK
[FPGA][MATMUL] tensor=blk.16.attn_output.weight layer=16 pos=0 phase=decode M=1 K=1024 N=1152 rows=256 col_beats=32 vpu_runs=10 io_ms=1.629 ip_ms=1.135 total_ms=12.728 status=OK
[FPGA][MATMUL] tensor=blk.16.ffn_gate.weight layer=16 pos=0 phase=decode M=1 K=1152 N=6912 rows=256 col_beats=32 vpu_runs=81 io_ms=13.090 ip_ms=8.567 total_ms=92.519 status=OK
[FPGA][MATMUL] tensor=blk.16.ffn_up.weight layer=16 pos=0 phase=decode M=1 K=1152 N=6912 rows=256 col_beats=32 vpu_runs=81 io_ms=13.070 ip_ms=8.564 total_ms=92.383 status=OK
[FPGA][MATMUL] tensor=blk.16.ffn_down.weight layer=16 pos=0 phase=decode M=1 K=6912 N=1152 rows=256 col_beats=32 vpu_runs=70 io_ms=11.244 ip_ms=7.771 total_ms=83.400 status=OK
[FPGA][MATMUL] tensor=blk.17.attn_q.weight layer=17 pos=0 phase=decode M=1 K=1152 N=1024 rows=256 col_beats=32 vpu_runs=12 io_ms=1.939 ip_ms=1.268 total_ms=13.771 status=OK
[FPGA][MATMUL] tensor=blk.17.attn_k.weight layer=17 pos=0 phase=decode M=1 K=1152 N=256 rows=256 col_beats=32 vpu_runs=3 io_ms=0.489 ip_ms=0.317 total_ms=3.417 status=OK
[FPGA][MATMUL] tensor=blk.17.attn_v.weight layer=17 pos=0 phase=decode M=1 K=1152 N=256 rows=256 col_beats=32 vpu_runs=3 io_ms=0.483 ip_ms=0.318 total_ms=3.428 status=OK
[FPGA][MATMUL] tensor=blk.17.attn_output.weight layer=17 pos=0 phase=decode M=1 K=1024 N=1152 rows=256 col_beats=32 vpu_runs=10 io_ms=1.629 ip_ms=1.137 total_ms=12.826 status=OK
[FPGA][MATMUL] tensor=blk.17.ffn_gate.weight layer=17 pos=0 phase=decode M=1 K=1152 N=6912 rows=256 col_beats=32 vpu_runs=81 io_ms=13.061 ip_ms=8.562 total_ms=92.364 status=OK
[FPGA][MATMUL] tensor=blk.17.ffn_up.weight layer=17 pos=0 phase=decode M=1 K=1152 N=6912 rows=256 col_beats=32 vpu_runs=81 io_ms=13.070 ip_ms=8.571 total_ms=92.451 status=OK
[FPGA][MATMUL] tensor=blk.17.ffn_down.weight layer=17 pos=0 phase=decode M=1 K=6912 N=1152 rows=256 col_beats=32 vpu_runs=70 io_ms=11.240 ip_ms=7.769 total_ms=83.428 status=OK
[FPGA][MATMUL] tensor=blk.18.attn_q.weight layer=18 pos=0 phase=decode M=1 K=1152 N=1024 rows=256 col_beats=32 vpu_runs=12 io_ms=1.944 ip_ms=1.272 total_ms=13.745 status=OK
[FPGA][MATMUL] tensor=blk.18.attn_k.weight layer=18 pos=0 phase=decode M=1 K=1152 N=256 rows=256 col_beats=32 vpu_runs=3 io_ms=0.488 ip_ms=0.318 total_ms=3.453 status=OK
[FPGA][MATMUL] tensor=blk.18.attn_v.weight layer=18 pos=0 phase=decode M=1 K=1152 N=256 rows=256 col_beats=32 vpu_runs=3 io_ms=0.483 ip_ms=0.317 total_ms=3.421 status=OK
[FPGA][MATMUL] tensor=blk.18.attn_output.weight layer=18 pos=0 phase=decode M=1 K=1024 N=1152 rows=256 col_beats=32 vpu_runs=10 io_ms=1.628 ip_ms=1.134 total_ms=12.778 status=OK
[FPGA][MATMUL] tensor=blk.18.ffn_gate.weight layer=18 pos=0 phase=decode M=1 K=1152 N=6912 rows=256 col_beats=32 vpu_runs=81 io_ms=13.088 ip_ms=8.583 total_ms=92.645 status=OK
[FPGA][MATMUL] tensor=blk.18.ffn_up.weight layer=18 pos=0 phase=decode M=1 K=1152 N=6912 rows=256 col_beats=32 vpu_runs=81 io_ms=13.083 ip_ms=8.559 total_ms=92.584 status=OK
[FPGA][MATMUL] tensor=blk.18.ffn_down.weight layer=18 pos=0 phase=decode M=1 K=6912 N=1152 rows=256 col_beats=32 vpu_runs=70 io_ms=11.236 ip_ms=7.764 total_ms=83.494 status=OK
[FPGA][MATMUL] tensor=blk.19.attn_q.weight layer=19 pos=0 phase=decode M=1 K=1152 N=1024 rows=256 col_beats=32 vpu_runs=12 io_ms=1.950 ip_ms=1.268 total_ms=13.791 status=OK
[FPGA][MATMUL] tensor=blk.19.attn_k.weight layer=19 pos=0 phase=decode M=1 K=1152 N=256 rows=256 col_beats=32 vpu_runs=3 io_ms=0.485 ip_ms=0.318 total_ms=3.428 status=OK
[FPGA][MATMUL] tensor=blk.19.attn_v.weight layer=19 pos=0 phase=decode M=1 K=1152 N=256 rows=256 col_beats=32 vpu_runs=3 io_ms=0.485 ip_ms=0.317 total_ms=3.466 status=OK
[FPGA][MATMUL] tensor=blk.19.attn_output.weight layer=19 pos=0 phase=decode M=1 K=1024 N=1152 rows=256 col_beats=32 vpu_runs=10 io_ms=1.625 ip_ms=1.137 total_ms=12.724 status=OK
[FPGA][MATMUL] tensor=blk.19.ffn_gate.weight layer=19 pos=0 phase=decode M=1 K=1152 N=6912 rows=256 col_beats=32 vpu_runs=81 io_ms=13.085 ip_ms=8.650 total_ms=92.524 status=OK
[FPGA][MATMUL] tensor=blk.19.ffn_up.weight layer=19 pos=0 phase=decode M=1 K=1152 N=6912 rows=256 col_beats=32 vpu_runs=81 io_ms=13.074 ip_ms=8.565 total_ms=92.919 status=OK
[FPGA][MATMUL] tensor=blk.19.ffn_down.weight layer=19 pos=0 phase=decode M=1 K=6912 N=1152 rows=256 col_beats=32 vpu_runs=70 io_ms=11.256 ip_ms=7.771 total_ms=83.516 status=OK
[FPGA][MATMUL] tensor=blk.20.attn_q.weight layer=20 pos=0 phase=decode M=1 K=1152 N=1024 rows=256 col_beats=32 vpu_runs=12 io_ms=1.936 ip_ms=1.270 total_ms=13.768 status=OK
[FPGA][MATMUL] tensor=blk.20.attn_k.weight layer=20 pos=0 phase=decode M=1 K=1152 N=256 rows=256 col_beats=32 vpu_runs=3 io_ms=0.488 ip_ms=0.318 total_ms=3.452 status=OK
[FPGA][MATMUL] tensor=blk.20.attn_v.weight layer=20 pos=0 phase=decode M=1 K=1152 N=256 rows=256 col_beats=32 vpu_runs=3 io_ms=0.489 ip_ms=0.317 total_ms=3.440 status=OK
[FPGA][MATMUL] tensor=blk.20.attn_output.weight layer=20 pos=0 phase=decode M=1 K=1024 N=1152 rows=256 col_beats=32 vpu_runs=10 io_ms=1.626 ip_ms=1.135 total_ms=12.825 status=OK
[FPGA][MATMUL] tensor=blk.20.ffn_gate.weight layer=20 pos=0 phase=decode M=1 K=1152 N=6912 rows=256 col_beats=32 vpu_runs=81 io_ms=13.077 ip_ms=8.564 total_ms=92.631 status=OK
[FPGA][MATMUL] tensor=blk.20.ffn_up.weight layer=20 pos=0 phase=decode M=1 K=1152 N=6912 rows=256 col_beats=32 vpu_runs=81 io_ms=13.083 ip_ms=8.566 total_ms=92.606 status=OK
[FPGA][MATMUL] tensor=blk.20.ffn_down.weight layer=20 pos=0 phase=decode M=1 K=6912 N=1152 rows=256 col_beats=32 vpu_runs=70 io_ms=11.248 ip_ms=7.766 total_ms=83.368 status=OK
[FPGA][MATMUL] tensor=blk.21.attn_q.weight layer=21 pos=0 phase=decode M=1 K=1152 N=1024 rows=256 col_beats=32 vpu_runs=12 io_ms=1.937 ip_ms=1.270 total_ms=13.705 status=OK
[FPGA][MATMUL] tensor=blk.21.attn_k.weight layer=21 pos=0 phase=decode M=1 K=1152 N=256 rows=256 col_beats=32 vpu_runs=3 io_ms=0.486 ip_ms=0.317 total_ms=3.462 status=OK
[FPGA][MATMUL] tensor=blk.21.attn_v.weight layer=21 pos=0 phase=decode M=1 K=1152 N=256 rows=256 col_beats=32 vpu_runs=3 io_ms=0.487 ip_ms=0.317 total_ms=3.444 status=OK
[FPGA][MATMUL] tensor=blk.21.attn_output.weight layer=21 pos=0 phase=decode M=1 K=1024 N=1152 rows=256 col_beats=32 vpu_runs=10 io_ms=1.629 ip_ms=1.134 total_ms=12.772 status=OK
[FPGA][MATMUL] tensor=blk.21.ffn_gate.weight layer=21 pos=0 phase=decode M=1 K=1152 N=6912 rows=256 col_beats=32 vpu_runs=81 io_ms=13.074 ip_ms=8.567 total_ms=92.458 status=OK
[FPGA][MATMUL] tensor=blk.21.ffn_up.weight layer=21 pos=0 phase=decode M=1 K=1152 N=6912 rows=256 col_beats=32 vpu_runs=81 io_ms=13.073 ip_ms=8.567 total_ms=92.506 status=OK
[FPGA][MATMUL] tensor=blk.21.ffn_down.weight layer=21 pos=0 phase=decode M=1 K=6912 N=1152 rows=256 col_beats=32 vpu_runs=70 io_ms=11.246 ip_ms=7.769 total_ms=83.498 status=OK
[FPGA][MATMUL] tensor=blk.22.attn_q.weight layer=22 pos=0 phase=decode M=1 K=1152 N=1024 rows=256 col_beats=32 vpu_runs=12 io_ms=1.943 ip_ms=1.269 total_ms=13.713 status=OK
[FPGA][MATMUL] tensor=blk.22.attn_k.weight layer=22 pos=0 phase=decode M=1 K=1152 N=256 rows=256 col_beats=32 vpu_runs=3 io_ms=0.486 ip_ms=0.318 total_ms=3.454 status=OK
[FPGA][MATMUL] tensor=blk.22.attn_v.weight layer=22 pos=0 phase=decode M=1 K=1152 N=256 rows=256 col_beats=32 vpu_runs=3 io_ms=0.485 ip_ms=0.317 total_ms=3.430 status=OK
[FPGA][MATMUL] tensor=blk.22.attn_output.weight layer=22 pos=0 phase=decode M=1 K=1024 N=1152 rows=256 col_beats=32 vpu_runs=10 io_ms=1.624 ip_ms=1.137 total_ms=12.764 status=OK
[FPGA][MATMUL] tensor=blk.22.ffn_gate.weight layer=22 pos=0 phase=decode M=1 K=1152 N=6912 rows=256 col_beats=32 vpu_runs=81 io_ms=13.064 ip_ms=8.564 total_ms=92.668 status=OK
[FPGA][MATMUL] tensor=blk.22.ffn_up.weight layer=22 pos=0 phase=decode M=1 K=1152 N=6912 rows=256 col_beats=32 vpu_runs=81 io_ms=13.071 ip_ms=8.616 total_ms=92.636 status=OK
[FPGA][MATMUL] tensor=blk.22.ffn_down.weight layer=22 pos=0 phase=decode M=1 K=6912 N=1152 rows=256 col_beats=32 vpu_runs=70 io_ms=11.229 ip_ms=7.767 total_ms=83.526 status=OK
[FPGA][MATMUL] tensor=blk.23.attn_q.weight layer=23 pos=0 phase=decode M=1 K=1152 N=1024 rows=256 col_beats=32 vpu_runs=12 io_ms=1.939 ip_ms=1.267 total_ms=13.766 status=OK
[FPGA][MATMUL] tensor=blk.23.attn_k.weight layer=23 pos=0 phase=decode M=1 K=1152 N=256 rows=256 col_beats=32 vpu_runs=3 io_ms=0.487 ip_ms=0.317 total_ms=3.475 status=OK
[FPGA][MATMUL] tensor=blk.23.attn_v.weight layer=23 pos=0 phase=decode M=1 K=1152 N=256 rows=256 col_beats=32 vpu_runs=3 io_ms=0.484 ip_ms=0.318 total_ms=3.455 status=OK
[FPGA][MATMUL] tensor=blk.23.attn_output.weight layer=23 pos=0 phase=decode M=1 K=1024 N=1152 rows=256 col_beats=32 vpu_runs=10 io_ms=1.628 ip_ms=1.136 total_ms=12.775 status=OK
[FPGA][MATMUL] tensor=blk.23.ffn_gate.weight layer=23 pos=0 phase=decode M=1 K=1152 N=6912 rows=256 col_beats=32 vpu_runs=81 io_ms=13.067 ip_ms=8.568 total_ms=92.437 status=OK
[FPGA][MATMUL] tensor=blk.23.ffn_up.weight layer=23 pos=0 phase=decode M=1 K=1152 N=6912 rows=256 col_beats=32 vpu_runs=81 io_ms=13.072 ip_ms=8.563 total_ms=92.646 status=OK
[FPGA][MATMUL] tensor=blk.23.ffn_down.weight layer=23 pos=0 phase=decode M=1 K=6912 N=1152 rows=256 col_beats=32 vpu_runs=70 io_ms=11.246 ip_ms=7.765 total_ms=83.310 status=OK
[FPGA][MATMUL] tensor=blk.24.attn_q.weight layer=24 pos=0 phase=decode M=1 K=1152 N=1024 rows=256 col_beats=32 vpu_runs=12 io_ms=1.945 ip_ms=1.268 total_ms=13.770 status=OK
[FPGA][MATMUL] tensor=blk.24.attn_k.weight layer=24 pos=0 phase=decode M=1 K=1152 N=256 rows=256 col_beats=32 vpu_runs=3 io_ms=0.488 ip_ms=0.317 total_ms=3.444 status=OK
[FPGA][MATMUL] tensor=blk.24.attn_v.weight layer=24 pos=0 phase=decode M=1 K=1152 N=256 rows=256 col_beats=32 vpu_runs=3 io_ms=0.483 ip_ms=0.317 total_ms=3.416 status=OK
[FPGA][MATMUL] tensor=blk.24.attn_output.weight layer=24 pos=0 phase=decode M=1 K=1024 N=1152 rows=256 col_beats=32 vpu_runs=10 io_ms=1.626 ip_ms=1.136 total_ms=12.721 status=OK
[FPGA][MATMUL] tensor=blk.24.ffn_gate.weight layer=24 pos=0 phase=decode M=1 K=1152 N=6912 rows=256 col_beats=32 vpu_runs=81 io_ms=13.076 ip_ms=8.564 total_ms=92.440 status=OK
[FPGA][MATMUL] tensor=blk.24.ffn_up.weight layer=24 pos=0 phase=decode M=1 K=1152 N=6912 rows=256 col_beats=32 vpu_runs=81 io_ms=13.070 ip_ms=8.566 total_ms=92.466 status=OK
[FPGA][MATMUL] tensor=blk.24.ffn_down.weight layer=24 pos=0 phase=decode M=1 K=6912 N=1152 rows=256 col_beats=32 vpu_runs=70 io_ms=11.278 ip_ms=7.862 total_ms=83.416 status=OK
[FPGA][MATMUL] tensor=blk.25.attn_q.weight layer=25 pos=0 phase=decode M=1 K=1152 N=1024 rows=256 col_beats=32 vpu_runs=12 io_ms=1.938 ip_ms=1.283 total_ms=13.702 status=OK
[FPGA][MATMUL] tensor=blk.25.attn_k.weight layer=25 pos=0 phase=decode M=1 K=1152 N=256 rows=256 col_beats=32 vpu_runs=3 io_ms=0.485 ip_ms=0.317 total_ms=3.460 status=OK
[FPGA][MATMUL] tensor=blk.25.attn_v.weight layer=25 pos=0 phase=decode M=1 K=1152 N=256 rows=256 col_beats=32 vpu_runs=3 io_ms=0.486 ip_ms=0.317 total_ms=3.425 status=OK
[FPGA][MATMUL] tensor=blk.25.attn_output.weight layer=25 pos=0 phase=decode M=1 K=1024 N=1152 rows=256 col_beats=32 vpu_runs=10 io_ms=1.640 ip_ms=1.136 total_ms=12.699 status=OK
[FPGA][MATMUL] tensor=blk.25.ffn_gate.weight layer=25 pos=0 phase=decode M=1 K=1152 N=6912 rows=256 col_beats=32 vpu_runs=81 io_ms=13.071 ip_ms=8.570 total_ms=92.667 status=OK
[FPGA][MATMUL] tensor=blk.25.ffn_up.weight layer=25 pos=0 phase=decode M=1 K=1152 N=6912 rows=256 col_beats=32 vpu_runs=81 io_ms=13.058 ip_ms=8.563 total_ms=92.681 status=OK
[FPGA][MATMUL] tensor=blk.25.ffn_down.weight layer=25 pos=0 phase=decode M=1 K=6912 N=1152 rows=256 col_beats=32 vpu_runs=70 io_ms=11.245 ip_ms=7.770 total_ms=83.648 status=OK
[FPGA][MATMUL] tensor=token_embd.weight layer=0 pos=0 phase=decode M=1 K=1152 N=262144 rows=256 col_beats=32 vpu_runs=3072 io_ms=496.023 ip_ms=324.941 total_ms=3509.321 status=OK
[FPGA][MATMUL] tensor=blk.0.attn_q.weight layer=0 pos=0 phase=decode M=1 K=1152 N=1024 rows=256 col_beats=32 vpu_runs=12 io_ms=1.945 ip_ms=1.269 total_ms=13.751 status=OK
[FPGA][MATMUL] tensor=blk.0.attn_k.weight layer=0 pos=0 phase=decode M=1 K=1152 N=256 rows=256 col_beats=32 vpu_runs=3 io_ms=0.487 ip_ms=0.318 total_ms=3.423 status=OK
[FPGA][MATMUL] tensor=blk.0.attn_v.weight layer=0 pos=0 phase=decode M=1 K=1152 N=256 rows=256 col_beats=32 vpu_runs=3 io_ms=0.486 ip_ms=0.317 total_ms=3.435 status=OK
[FPGA][MATMUL] tensor=blk.0.attn_output.weight layer=0 pos=0 phase=decode M=1 K=1024 N=1152 rows=256 col_beats=32 vpu_runs=10 io_ms=1.630 ip_ms=1.136 total_ms=12.795 status=OK
[FPGA][MATMUL] tensor=blk.0.ffn_gate.weight layer=0 pos=0 phase=decode M=1 K=1152 N=6912 rows=256 col_beats=32 vpu_runs=81 io_ms=13.063 ip_ms=8.561 total_ms=92.368 status=OK
[FPGA][MATMUL] tensor=blk.0.ffn_up.weight layer=0 pos=0 phase=decode M=1 K=1152 N=6912 rows=256 col_beats=32 vpu_runs=81 io_ms=13.097 ip_ms=8.559 total_ms=92.762 status=OK
[FPGA][MATMUL] tensor=blk.0.ffn_down.weight layer=0 pos=0 phase=decode M=1 K=6912 N=1152 rows=256 col_beats=32 vpu_runs=70 io_ms=11.243 ip_ms=7.768 total_ms=83.597 status=OK
[FPGA][MATMUL] tensor=blk.1.attn_q.weight layer=1 pos=0 phase=decode M=1 K=1152 N=1024 rows=256 col_beats=32 vpu_runs=12 io_ms=1.939 ip_ms=1.271 total_ms=13.807 status=OK
[FPGA][MATMUL] tensor=blk.1.attn_k.weight layer=1 pos=0 phase=decode M=1 K=1152 N=256 rows=256 col_beats=32 vpu_runs=3 io_ms=0.489 ip_ms=0.317 total_ms=3.442 status=OK
[FPGA][MATMUL] tensor=blk.1.attn_v.weight layer=1 pos=0 phase=decode M=1 K=1152 N=256 rows=256 col_beats=32 vpu_runs=3 io_ms=0.486 ip_ms=0.318 total_ms=3.434 status=OK
[FPGA][MATMUL] tensor=blk.1.attn_output.weight layer=1 pos=0 phase=decode M=1 K=1024 N=1152 rows=256 col_beats=32 vpu_runs=10 io_ms=1.627 ip_ms=1.136 total_ms=12.760 status=OK
[FPGA][MATMUL] tensor=blk.1.ffn_gate.weight layer=1 pos=0 phase=decode M=1 K=1152 N=6912 rows=256 col_beats=32 vpu_runs=81 io_ms=13.065 ip_ms=8.569 total_ms=92.897 status=OK
[FPGA][MATMUL] tensor=blk.1.ffn_up.weight layer=1 pos=0 phase=decode M=1 K=1152 N=6912 rows=256 col_beats=32 vpu_runs=81 io_ms=13.079 ip_ms=8.562 total_ms=92.473 status=OK
[FPGA][MATMUL] tensor=blk.1.ffn_down.weight layer=1 pos=0 phase=decode M=1 K=6912 N=1152 rows=256 col_beats=32 vpu_runs=70 io_ms=11.252 ip_ms=7.767 total_ms=83.922 status=OK
[FPGA][MATMUL] tensor=blk.2.attn_q.weight layer=2 pos=0 phase=decode M=1 K=1152 N=1024 rows=256 col_beats=32 vpu_runs=12 io_ms=1.941 ip_ms=1.268 total_ms=13.778 status=OK
[FPGA][MATMUL] tensor=blk.2.attn_k.weight layer=2 pos=0 phase=decode M=1 K=1152 N=256 rows=256 col_beats=32 vpu_runs=3 io_ms=0.487 ip_ms=0.318 total_ms=3.450 status=OK
[FPGA][MATMUL] tensor=blk.2.attn_v.weight layer=2 pos=0 phase=decode M=1 K=1152 N=256 rows=256 col_beats=32 vpu_runs=3 io_ms=0.484 ip_ms=0.317 total_ms=3.425 status=OK
[FPGA][MATMUL] tensor=blk.2.attn_output.weight layer=2 pos=0 phase=decode M=1 K=1024 N=1152 rows=256 col_beats=32 vpu_runs=10 io_ms=1.628 ip_ms=1.137 total_ms=12.756 status=OK
[FPGA][MATMUL] tensor=blk.2.ffn_gate.weight layer=2 pos=0 phase=decode M=1 K=1152 N=6912 rows=256 col_beats=32 vpu_runs=81 io_ms=13.085 ip_ms=8.566 total_ms=92.663 status=OK
[FPGA][MATMUL] tensor=blk.2.ffn_up.weight layer=2 pos=0 phase=decode M=1 K=1152 N=6912 rows=256 col_beats=32 vpu_runs=81 io_ms=13.067 ip_ms=8.562 total_ms=92.653 status=OK
[FPGA][MATMUL] tensor=blk.2.ffn_down.weight layer=2 pos=0 phase=decode M=1 K=6912 N=1152 rows=256 col_beats=32 vpu_runs=70 io_ms=11.233 ip_ms=7.770 total_ms=83.633 status=OK
[FPGA][MATMUL] tensor=blk.3.attn_q.weight layer=3 pos=0 phase=decode M=1 K=1152 N=1024 rows=256 col_beats=32 vpu_runs=12 io_ms=1.939 ip_ms=1.268 total_ms=13.810 status=OK
[FPGA][MATMUL] tensor=blk.3.attn_k.weight layer=3 pos=0 phase=decode M=1 K=1152 N=256 rows=256 col_beats=32 vpu_runs=3 io_ms=0.488 ip_ms=0.317 total_ms=3.443 status=OK
[FPGA][MATMUL] tensor=blk.3.attn_v.weight layer=3 pos=0 phase=decode M=1 K=1152 N=256 rows=256 col_beats=32 vpu_runs=3 io_ms=0.485 ip_ms=0.317 total_ms=3.438 status=OK
[FPGA][MATMUL] tensor=blk.3.attn_output.weight layer=3 pos=0 phase=decode M=1 K=1024 N=1152 rows=256 col_beats=32 vpu_runs=10 io_ms=1.627 ip_ms=1.137 total_ms=12.802 status=OK
[FPGA][MATMUL] tensor=blk.3.ffn_gate.weight layer=3 pos=0 phase=decode M=1 K=1152 N=6912 rows=256 col_beats=32 vpu_runs=81 io_ms=13.074 ip_ms=8.562 total_ms=92.501 status=OK
[FPGA][MATMUL] tensor=blk.3.ffn_up.weight layer=3 pos=0 phase=decode M=1 K=1152 N=6912 rows=256 col_beats=32 vpu_runs=81 io_ms=13.086 ip_ms=8.561 total_ms=92.354 status=OK
[FPGA][MATMUL] tensor=blk.3.ffn_down.weight layer=3 pos=0 phase=decode M=1 K=6912 N=1152 rows=256 col_beats=32 vpu_runs=70 io_ms=11.274 ip_ms=7.771 total_ms=83.418 status=OK
[FPGA][MATMUL] tensor=blk.4.attn_q.weight layer=4 pos=0 phase=decode M=1 K=1152 N=1024 rows=256 col_beats=32 vpu_runs=12 io_ms=1.941 ip_ms=1.267 total_ms=13.687 status=OK
[FPGA][MATMUL] tensor=blk.4.attn_k.weight layer=4 pos=0 phase=decode M=1 K=1152 N=256 rows=256 col_beats=32 vpu_runs=3 io_ms=0.486 ip_ms=0.318 total_ms=3.448 status=OK
[FPGA][MATMUL] tensor=blk.4.attn_v.weight layer=4 pos=0 phase=decode M=1 K=1152 N=256 rows=256 col_beats=32 vpu_runs=3 io_ms=0.486 ip_ms=0.317 total_ms=3.437 status=OK
[FPGA][MATMUL] tensor=blk.4.attn_output.weight layer=4 pos=0 phase=decode M=1 K=1024 N=1152 rows=256 col_beats=32 vpu_runs=10 io_ms=1.627 ip_ms=1.136 total_ms=12.787 status=OK
[FPGA][MATMUL] tensor=blk.4.ffn_gate.weight layer=4 pos=0 phase=decode M=1 K=1152 N=6912 rows=256 col_beats=32 vpu_runs=81 io_ms=13.069 ip_ms=8.563 total_ms=92.442 status=OK
[FPGA][MATMUL] tensor=blk.4.ffn_up.weight layer=4 pos=0 phase=decode M=1 K=1152 N=6912 rows=256 col_beats=32 vpu_runs=81 io_ms=13.077 ip_ms=8.567 total_ms=92.728 status=OK
[FPGA][MATMUL] tensor=blk.4.ffn_down.weight layer=4 pos=0 phase=decode M=1 K=6912 N=1152 rows=256 col_beats=32 vpu_runs=70 io_ms=11.240 ip_ms=7.769 total_ms=83.683 status=OK
[FPGA][MATMUL] tensor=blk.5.attn_q.weight layer=5 pos=0 phase=decode M=1 K=1152 N=1024 rows=256 col_beats=32 vpu_runs=12 io_ms=1.938 ip_ms=1.266 total_ms=13.839 status=OK
[FPGA][MATMUL] tensor=blk.5.attn_k.weight layer=5 pos=0 phase=decode M=1 K=1152 N=256 rows=256 col_beats=32 vpu_runs=3 io_ms=0.486 ip_ms=0.317 total_ms=3.441 status=OK
[FPGA][MATMUL] tensor=blk.5.attn_v.weight layer=5 pos=0 phase=decode M=1 K=1152 N=256 rows=256 col_beats=32 vpu_runs=3 io_ms=0.486 ip_ms=0.318 total_ms=3.423 status=OK
[FPGA][MATMUL] tensor=blk.5.attn_output.weight layer=5 pos=0 phase=decode M=1 K=1024 N=1152 rows=256 col_beats=32 vpu_runs=10 io_ms=1.626 ip_ms=1.137 total_ms=12.804 status=OK
[FPGA][MATMUL] tensor=blk.5.ffn_gate.weight layer=5 pos=0 phase=decode M=1 K=1152 N=6912 rows=256 col_beats=32 vpu_runs=81 io_ms=13.090 ip_ms=8.605 total_ms=92.857 status=OK
[FPGA][MATMUL] tensor=blk.5.ffn_up.weight layer=5 pos=0 phase=decode M=1 K=1152 N=6912 rows=256 col_beats=32 vpu_runs=81 io_ms=13.077 ip_ms=8.585 total_ms=92.606 status=OK
[FPGA][MATMUL] tensor=blk.5.ffn_down.weight layer=5 pos=0 phase=decode M=1 K=6912 N=1152 rows=256 col_beats=32 vpu_runs=70 io_ms=11.247 ip_ms=7.764 total_ms=83.357 status=OK
[FPGA][MATMUL] tensor=blk.6.attn_q.weight layer=6 pos=0 phase=decode M=1 K=1152 N=1024 rows=256 col_beats=32 vpu_runs=12 io_ms=1.942 ip_ms=1.268 total_ms=13.730 status=OK
[FPGA][MATMUL] tensor=blk.6.attn_k.weight layer=6 pos=0 phase=decode M=1 K=1152 N=256 rows=256 col_beats=32 vpu_runs=3 io_ms=0.486 ip_ms=0.317 total_ms=3.437 status=OK
[FPGA][MATMUL] tensor=blk.6.attn_v.weight layer=6 pos=0 phase=decode M=1 K=1152 N=256 rows=256 col_beats=32 vpu_runs=3 io_ms=0.484 ip_ms=0.317 total_ms=3.426 status=OK
[FPGA][MATMUL] tensor=blk.6.attn_output.weight layer=6 pos=0 phase=decode M=1 K=1024 N=1152 rows=256 col_beats=32 vpu_runs=10 io_ms=1.628 ip_ms=1.137 total_ms=12.735 status=OK
[FPGA][MATMUL] tensor=blk.6.ffn_gate.weight layer=6 pos=0 phase=decode M=1 K=1152 N=6912 rows=256 col_beats=32 vpu_runs=81 io_ms=13.069 ip_ms=8.560 total_ms=92.534 status=OK
[FPGA][MATMUL] tensor=blk.6.ffn_up.weight layer=6 pos=0 phase=decode M=1 K=1152 N=6912 rows=256 col_beats=32 vpu_runs=81 io_ms=13.081 ip_ms=8.561 total_ms=92.463 status=OK
[FPGA][MATMUL] tensor=blk.6.ffn_down.weight layer=6 pos=0 phase=decode M=1 K=6912 N=1152 rows=256 col_beats=32 vpu_runs=70 io_ms=11.258 ip_ms=7.767 total_ms=83.496 status=OK
[FPGA][MATMUL] tensor=blk.7.attn_q.weight layer=7 pos=0 phase=decode M=1 K=1152 N=1024 rows=256 col_beats=32 vpu_runs=12 io_ms=1.936 ip_ms=1.271 total_ms=13.779 status=OK
[FPGA][MATMUL] tensor=blk.7.attn_k.weight layer=7 pos=0 phase=decode M=1 K=1152 N=256 rows=256 col_beats=32 vpu_runs=3 io_ms=0.485 ip_ms=0.317 total_ms=3.460 status=OK
[FPGA][MATMUL] tensor=blk.7.attn_v.weight layer=7 pos=0 phase=decode M=1 K=1152 N=256 rows=256 col_beats=32 vpu_runs=3 io_ms=0.486 ip_ms=0.317 total_ms=3.434 status=OK
[FPGA][MATMUL] tensor=blk.7.attn_output.weight layer=7 pos=0 phase=decode M=1 K=1024 N=1152 rows=256 col_beats=32 vpu_runs=10 io_ms=1.628 ip_ms=1.138 total_ms=12.672 status=OK
[FPGA][MATMUL] tensor=blk.7.ffn_gate.weight layer=7 pos=0 phase=decode M=1 K=1152 N=6912 rows=256 col_beats=32 vpu_runs=81 io_ms=13.077 ip_ms=8.561 total_ms=92.572 status=OK
[FPGA][MATMUL] tensor=blk.7.ffn_up.weight layer=7 pos=0 phase=decode M=1 K=1152 N=6912 rows=256 col_beats=32 vpu_runs=81 io_ms=13.071 ip_ms=8.567 total_ms=92.722 status=OK
[FPGA][MATMUL] tensor=blk.7.ffn_down.weight layer=7 pos=0 phase=decode M=1 K=6912 N=1152 rows=256 col_beats=32 vpu_runs=70 io_ms=11.274 ip_ms=7.781 total_ms=84.096 status=OK
[FPGA][MATMUL] tensor=blk.8.attn_q.weight layer=8 pos=0 phase=decode M=1 K=1152 N=1024 rows=256 col_beats=32 vpu_runs=12 io_ms=1.938 ip_ms=1.270 total_ms=13.669 status=OK
[FPGA][MATMUL] tensor=blk.8.attn_k.weight layer=8 pos=0 phase=decode M=1 K=1152 N=256 rows=256 col_beats=32 vpu_runs=3 io_ms=0.487 ip_ms=0.317 total_ms=3.456 status=OK
[FPGA][MATMUL] tensor=blk.8.attn_v.weight layer=8 pos=0 phase=decode M=1 K=1152 N=256 rows=256 col_beats=32 vpu_runs=3 io_ms=0.485 ip_ms=0.317 total_ms=3.428 status=OK
[FPGA][MATMUL] tensor=blk.8.attn_output.weight layer=8 pos=0 phase=decode M=1 K=1024 N=1152 rows=256 col_beats=32 vpu_runs=10 io_ms=1.626 ip_ms=1.136 total_ms=12.688 status=OK
[FPGA][MATMUL] tensor=blk.8.ffn_gate.weight layer=8 pos=0 phase=decode M=1 K=1152 N=6912 rows=256 col_beats=32 vpu_runs=81 io_ms=13.079 ip_ms=8.565 total_ms=92.720 status=OK
[FPGA][MATMUL] tensor=blk.8.ffn_up.weight layer=8 pos=0 phase=decode M=1 K=1152 N=6912 rows=256 col_beats=32 vpu_runs=81 io_ms=13.073 ip_ms=8.566 total_ms=92.576 status=OK
[FPGA][MATMUL] tensor=blk.8.ffn_down.weight layer=8 pos=0 phase=decode M=1 K=6912 N=1152 rows=256 col_beats=32 vpu_runs=70 io_ms=11.260 ip_ms=7.763 total_ms=83.723 status=OK
[FPGA][MATMUL] tensor=blk.9.attn_q.weight layer=9 pos=0 phase=decode M=1 K=1152 N=1024 rows=256 col_beats=32 vpu_runs=12 io_ms=1.941 ip_ms=1.269 total_ms=13.715 status=OK
[FPGA][MATMUL] tensor=blk.9.attn_k.weight layer=9 pos=0 phase=decode M=1 K=1152 N=256 rows=256 col_beats=32 vpu_runs=3 io_ms=0.487 ip_ms=0.317 total_ms=3.467 status=OK
[FPGA][MATMUL] tensor=blk.9.attn_v.weight layer=9 pos=0 phase=decode M=1 K=1152 N=256 rows=256 col_beats=32 vpu_runs=3 io_ms=0.485 ip_ms=0.317 total_ms=3.434 status=OK
[FPGA][MATMUL] tensor=blk.9.attn_output.weight layer=9 pos=0 phase=decode M=1 K=1024 N=1152 rows=256 col_beats=32 vpu_runs=10 io_ms=1.627 ip_ms=1.137 total_ms=12.830 status=OK
[FPGA][MATMUL] tensor=blk.9.ffn_gate.weight layer=9 pos=0 phase=decode M=1 K=1152 N=6912 rows=256 col_beats=32 vpu_runs=81 io_ms=13.068 ip_ms=8.570 total_ms=92.770 status=OK
[FPGA][MATMUL] tensor=blk.9.ffn_up.weight layer=9 pos=0 phase=decode M=1 K=1152 N=6912 rows=256 col_beats=32 vpu_runs=81 io_ms=13.067 ip_ms=8.564 total_ms=92.520 status=OK
[FPGA][MATMUL] tensor=blk.9.ffn_down.weight layer=9 pos=0 phase=decode M=1 K=6912 N=1152 rows=256 col_beats=32 vpu_runs=70 io_ms=11.246 ip_ms=7.764 total_ms=83.774 status=OK
[FPGA][MATMUL] tensor=blk.10.attn_q.weight layer=10 pos=0 phase=decode M=1 K=1152 N=1024 rows=256 col_beats=32 vpu_runs=12 io_ms=1.943 ip_ms=1.267 total_ms=13.770 status=OK
[FPGA][MATMUL] tensor=blk.10.attn_k.weight layer=10 pos=0 phase=decode M=1 K=1152 N=256 rows=256 col_beats=32 vpu_runs=3 io_ms=0.486 ip_ms=0.318 total_ms=3.446 status=OK
[FPGA][MATMUL] tensor=blk.10.attn_v.weight layer=10 pos=0 phase=decode M=1 K=1152 N=256 rows=256 col_beats=32 vpu_runs=3 io_ms=0.487 ip_ms=0.317 total_ms=3.436 status=OK
[FPGA][MATMUL] tensor=blk.10.attn_output.weight layer=10 pos=0 phase=decode M=1 K=1024 N=1152 rows=256 col_beats=32 vpu_runs=10 io_ms=1.626 ip_ms=1.136 total_ms=12.743 status=OK
[FPGA][MATMUL] tensor=blk.10.ffn_gate.weight layer=10 pos=0 phase=decode M=1 K=1152 N=6912 rows=256 col_beats=32 vpu_runs=81 io_ms=13.082 ip_ms=8.563 total_ms=92.464 status=OK
[FPGA][MATMUL] tensor=blk.10.ffn_up.weight layer=10 pos=0 phase=decode M=1 K=1152 N=6912 rows=256 col_beats=32 vpu_runs=81 io_ms=13.068 ip_ms=8.564 total_ms=92.303 status=OK
[FPGA][MATMUL] tensor=blk.10.ffn_down.weight layer=10 pos=0 phase=decode M=1 K=6912 N=1152 rows=256 col_beats=32 vpu_runs=70 io_ms=11.238 ip_ms=7.771 total_ms=83.293 status=OK
[FPGA][MATMUL] tensor=blk.11.attn_q.weight layer=11 pos=0 phase=decode M=1 K=1152 N=1024 rows=256 col_beats=32 vpu_runs=12 io_ms=1.948 ip_ms=1.269 total_ms=13.789 status=OK
[FPGA][MATMUL] tensor=blk.11.attn_k.weight layer=11 pos=0 phase=decode M=1 K=1152 N=256 rows=256 col_beats=32 vpu_runs=3 io_ms=0.485 ip_ms=0.317 total_ms=3.433 status=OK
[FPGA][MATMUL] tensor=blk.11.attn_v.weight layer=11 pos=0 phase=decode M=1 K=1152 N=256 rows=256 col_beats=32 vpu_runs=3 io_ms=0.484 ip_ms=0.318 total_ms=3.433 status=OK
[FPGA][MATMUL] tensor=blk.11.attn_output.weight layer=11 pos=0 phase=decode M=1 K=1024 N=1152 rows=256 col_beats=32 vpu_runs=10 io_ms=1.626 ip_ms=1.135 total_ms=12.748 status=OK
[FPGA][MATMUL] tensor=blk.11.ffn_gate.weight layer=11 pos=0 phase=decode M=1 K=1152 N=6912 rows=256 col_beats=32 vpu_runs=81 io_ms=13.090 ip_ms=8.593 total_ms=92.639 status=OK
[FPGA][MATMUL] tensor=blk.11.ffn_up.weight layer=11 pos=0 phase=decode M=1 K=1152 N=6912 rows=256 col_beats=32 vpu_runs=81 io_ms=13.069 ip_ms=8.561 total_ms=92.287 status=OK
[FPGA][MATMUL] tensor=blk.11.ffn_down.weight layer=11 pos=0 phase=decode M=1 K=6912 N=1152 rows=256 col_beats=32 vpu_runs=70 io_ms=11.246 ip_ms=7.868 total_ms=83.815 status=OK
[FPGA][MATMUL] tensor=blk.12.attn_q.weight layer=12 pos=0 phase=decode M=1 K=1152 N=1024 rows=256 col_beats=32 vpu_runs=12 io_ms=1.948 ip_ms=1.270 total_ms=13.800 status=OK
[FPGA][MATMUL] tensor=blk.12.attn_k.weight layer=12 pos=0 phase=decode M=1 K=1152 N=256 rows=256 col_beats=32 vpu_runs=3 io_ms=0.486 ip_ms=0.317 total_ms=3.464 status=OK
[FPGA][MATMUL] tensor=blk.12.attn_v.weight layer=12 pos=0 phase=decode M=1 K=1152 N=256 rows=256 col_beats=32 vpu_runs=3 io_ms=0.523 ip_ms=0.318 total_ms=3.472 status=OK
[FPGA][MATMUL] tensor=blk.12.attn_output.weight layer=12 pos=0 phase=decode M=1 K=1024 N=1152 rows=256 col_beats=32 vpu_runs=10 io_ms=1.628 ip_ms=1.137 total_ms=12.700 status=OK
[FPGA][MATMUL] tensor=blk.12.ffn_gate.weight layer=12 pos=0 phase=decode M=1 K=1152 N=6912 rows=256 col_beats=32 vpu_runs=81 io_ms=13.062 ip_ms=8.566 total_ms=92.456 status=OK
[FPGA][MATMUL] tensor=blk.12.ffn_up.weight layer=12 pos=0 phase=decode M=1 K=1152 N=6912 rows=256 col_beats=32 vpu_runs=81 io_ms=13.070 ip_ms=8.564 total_ms=92.359 status=OK
[FPGA][MATMUL] tensor=blk.12.ffn_down.weight layer=12 pos=0 phase=decode M=1 K=6912 N=1152 rows=256 col_beats=32 vpu_runs=70 io_ms=11.238 ip_ms=7.767 total_ms=83.420 status=OK
[FPGA][MATMUL] tensor=blk.13.attn_q.weight layer=13 pos=0 phase=decode M=1 K=1152 N=1024 rows=256 col_beats=32 vpu_runs=12 io_ms=1.938 ip_ms=1.269 total_ms=13.717 status=OK
[FPGA][MATMUL] tensor=blk.13.attn_k.weight layer=13 pos=0 phase=decode M=1 K=1152 N=256 rows=256 col_beats=32 vpu_runs=3 io_ms=0.491 ip_ms=0.317 total_ms=3.427 status=OK
[FPGA][MATMUL] tensor=blk.13.attn_v.weight layer=13 pos=0 phase=decode M=1 K=1152 N=256 rows=256 col_beats=32 vpu_runs=3 io_ms=0.486 ip_ms=0.318 total_ms=3.437 status=OK
[FPGA][MATMUL] tensor=blk.13.attn_output.weight layer=13 pos=0 phase=decode M=1 K=1024 N=1152 rows=256 col_beats=32 vpu_runs=10 io_ms=1.633 ip_ms=1.137 total_ms=12.771 status=OK
[FPGA][MATMUL] tensor=blk.13.ffn_gate.weight layer=13 pos=0 phase=decode M=1 K=1152 N=6912 rows=256 col_beats=32 vpu_runs=81 io_ms=13.069 ip_ms=8.565 total_ms=92.338 status=OK
[FPGA][MATMUL] tensor=blk.13.ffn_up.weight layer=13 pos=0 phase=decode M=1 K=1152 N=6912 rows=256 col_beats=32 vpu_runs=81 io_ms=13.057 ip_ms=8.557 total_ms=92.454 status=OK
[FPGA][MATMUL] tensor=blk.13.ffn_down.weight layer=13 pos=0 phase=decode M=1 K=6912 N=1152 rows=256 col_beats=32 vpu_runs=70 io_ms=11.248 ip_ms=7.768 total_ms=83.376 status=OK
[FPGA][MATMUL] tensor=blk.14.attn_q.weight layer=14 pos=0 phase=decode M=1 K=1152 N=1024 rows=256 col_beats=32 vpu_runs=12 io_ms=1.938 ip_ms=1.270 total_ms=13.735 status=OK
[FPGA][MATMUL] tensor=blk.14.attn_k.weight layer=14 pos=0 phase=decode M=1 K=1152 N=256 rows=256 col_beats=32 vpu_runs=3 io_ms=0.487 ip_ms=0.317 total_ms=3.445 status=OK
[FPGA][MATMUL] tensor=blk.14.attn_v.weight layer=14 pos=0 phase=decode M=1 K=1152 N=256 rows=256 col_beats=32 vpu_runs=3 io_ms=0.486 ip_ms=0.317 total_ms=3.439 status=OK
[FPGA][MATMUL] tensor=blk.14.attn_output.weight layer=14 pos=0 phase=decode M=1 K=1024 N=1152 rows=256 col_beats=32 vpu_runs=10 io_ms=1.631 ip_ms=1.136 total_ms=12.736 status=OK
[FPGA][MATMUL] tensor=blk.14.ffn_gate.weight layer=14 pos=0 phase=decode M=1 K=1152 N=6912 rows=256 col_beats=32 vpu_runs=81 io_ms=13.075 ip_ms=8.558 total_ms=92.421 status=OK
[FPGA][MATMUL] tensor=blk.14.ffn_up.weight layer=14 pos=0 phase=decode M=1 K=1152 N=6912 rows=256 col_beats=32 vpu_runs=81 io_ms=13.080 ip_ms=8.565 total_ms=92.652 status=OK
[FPGA][MATMUL] tensor=blk.14.ffn_down.weight layer=14 pos=0 phase=decode M=1 K=6912 N=1152 rows=256 col_beats=32 vpu_runs=70 io_ms=11.259 ip_ms=7.766 total_ms=83.287 status=OK
[FPGA][MATMUL] tensor=blk.15.attn_q.weight layer=15 pos=0 phase=decode M=1 K=1152 N=1024 rows=256 col_beats=32 vpu_runs=12 io_ms=1.938 ip_ms=1.271 total_ms=13.801 status=OK
[FPGA][MATMUL] tensor=blk.15.attn_k.weight layer=15 pos=0 phase=decode M=1 K=1152 N=256 rows=256 col_beats=32 vpu_runs=3 io_ms=0.487 ip_ms=0.318 total_ms=3.442 status=OK
[FPGA][MATMUL] tensor=blk.15.attn_v.weight layer=15 pos=0 phase=decode M=1 K=1152 N=256 rows=256 col_beats=32 vpu_runs=3 io_ms=0.485 ip_ms=0.318 total_ms=3.436 status=OK
[FPGA][MATMUL] tensor=blk.15.attn_output.weight layer=15 pos=0 phase=decode M=1 K=1024 N=1152 rows=256 col_beats=32 vpu_runs=10 io_ms=1.626 ip_ms=1.136 total_ms=12.740 status=OK
[FPGA][MATMUL] tensor=blk.15.ffn_gate.weight layer=15 pos=0 phase=decode M=1 K=1152 N=6912 rows=256 col_beats=32 vpu_runs=81 io_ms=13.081 ip_ms=8.563 total_ms=92.535 status=OK
[FPGA][MATMUL] tensor=blk.15.ffn_up.weight layer=15 pos=0 phase=decode M=1 K=1152 N=6912 rows=256 col_beats=32 vpu_runs=81 io_ms=13.078 ip_ms=8.559 total_ms=92.396 status=OK
[FPGA][MATMUL] tensor=blk.15.ffn_down.weight layer=15 pos=0 phase=decode M=1 K=6912 N=1152 rows=256 col_beats=32 vpu_runs=70 io_ms=11.231 ip_ms=7.767 total_ms=83.910 status=OK
[FPGA][MATMUL] tensor=blk.16.attn_q.weight layer=16 pos=0 phase=decode M=1 K=1152 N=1024 rows=256 col_beats=32 vpu_runs=12 io_ms=1.940 ip_ms=1.268 total_ms=13.817 status=OK
[FPGA][MATMUL] tensor=blk.16.attn_k.weight layer=16 pos=0 phase=decode M=1 K=1152 N=256 rows=256 col_beats=32 vpu_runs=3 io_ms=0.488 ip_ms=0.317 total_ms=3.448 status=OK
[FPGA][MATMUL] tensor=blk.16.attn_v.weight layer=16 pos=0 phase=decode M=1 K=1152 N=256 rows=256 col_beats=32 vpu_runs=3 io_ms=0.486 ip_ms=0.317 total_ms=3.461 status=OK
[FPGA][MATMUL] tensor=blk.16.attn_output.weight layer=16 pos=0 phase=decode M=1 K=1024 N=1152 rows=256 col_beats=32 vpu_runs=10 io_ms=1.626 ip_ms=1.134 total_ms=12.748 status=OK
[FPGA][MATMUL] tensor=blk.16.ffn_gate.weight layer=16 pos=0 phase=decode M=1 K=1152 N=6912 rows=256 col_beats=32 vpu_runs=81 io_ms=13.082 ip_ms=8.564 total_ms=92.372 status=OK
[FPGA][MATMUL] tensor=blk.16.ffn_up.weight layer=16 pos=0 phase=decode M=1 K=1152 N=6912 rows=256 col_beats=32 vpu_runs=81 io_ms=13.073 ip_ms=8.561 total_ms=92.454 status=OK
[FPGA][MATMUL] tensor=blk.16.ffn_down.weight layer=16 pos=0 phase=decode M=1 K=6912 N=1152 rows=256 col_beats=32 vpu_runs=70 io_ms=11.247 ip_ms=7.763 total_ms=83.480 status=OK
[FPGA][MATMUL] tensor=blk.17.attn_q.weight layer=17 pos=0 phase=decode M=1 K=1152 N=1024 rows=256 col_beats=32 vpu_runs=12 io_ms=1.940 ip_ms=1.269 total_ms=13.768 status=OK
[FPGA][MATMUL] tensor=blk.17.attn_k.weight layer=17 pos=0 phase=decode M=1 K=1152 N=256 rows=256 col_beats=32 vpu_runs=3 io_ms=0.486 ip_ms=0.317 total_ms=3.466 status=OK
[FPGA][MATMUL] tensor=blk.17.attn_v.weight layer=17 pos=0 phase=decode M=1 K=1152 N=256 rows=256 col_beats=32 vpu_runs=3 io_ms=0.485 ip_ms=0.318 total_ms=3.436 status=OK
[FPGA][MATMUL] tensor=blk.17.attn_output.weight layer=17 pos=0 phase=decode M=1 K=1024 N=1152 rows=256 col_beats=32 vpu_runs=10 io_ms=1.627 ip_ms=1.138 total_ms=12.735 status=OK
[FPGA][MATMUL] tensor=blk.17.ffn_gate.weight layer=17 pos=0 phase=decode M=1 K=1152 N=6912 rows=256 col_beats=32 vpu_runs=81 io_ms=13.071 ip_ms=8.568 total_ms=92.526 status=OK
[FPGA][MATMUL] tensor=blk.17.ffn_up.weight layer=17 pos=0 phase=decode M=1 K=1152 N=6912 rows=256 col_beats=32 vpu_runs=81 io_ms=13.072 ip_ms=8.564 total_ms=92.735 status=OK
[FPGA][MATMUL] tensor=blk.17.ffn_down.weight layer=17 pos=0 phase=decode M=1 K=6912 N=1152 rows=256 col_beats=32 vpu_runs=70 io_ms=11.251 ip_ms=7.766 total_ms=83.687 status=OK
[FPGA][MATMUL] tensor=blk.18.attn_q.weight layer=18 pos=0 phase=decode M=1 K=1152 N=1024 rows=256 col_beats=32 vpu_runs=12 io_ms=1.943 ip_ms=1.269 total_ms=13.699 status=OK
[FPGA][MATMUL] tensor=blk.18.attn_k.weight layer=18 pos=0 phase=decode M=1 K=1152 N=256 rows=256 col_beats=32 vpu_runs=3 io_ms=0.486 ip_ms=0.317 total_ms=3.432 status=OK
[FPGA][MATMUL] tensor=blk.18.attn_v.weight layer=18 pos=0 phase=decode M=1 K=1152 N=256 rows=256 col_beats=32 vpu_runs=3 io_ms=0.483 ip_ms=0.317 total_ms=3.446 status=OK
[FPGA][MATMUL] tensor=blk.18.attn_output.weight layer=18 pos=0 phase=decode M=1 K=1024 N=1152 rows=256 col_beats=32 vpu_runs=10 io_ms=1.627 ip_ms=1.136 total_ms=12.731 status=OK
[FPGA][MATMUL] tensor=blk.18.ffn_gate.weight layer=18 pos=0 phase=decode M=1 K=1152 N=6912 rows=256 col_beats=32 vpu_runs=81 io_ms=13.080 ip_ms=8.562 total_ms=92.428 status=OK
[FPGA][MATMUL] tensor=blk.18.ffn_up.weight layer=18 pos=0 phase=decode M=1 K=1152 N=6912 rows=256 col_beats=32 vpu_runs=81 io_ms=13.084 ip_ms=8.563 total_ms=92.619 status=OK
[FPGA][MATMUL] tensor=blk.18.ffn_down.weight layer=18 pos=0 phase=decode M=1 K=6912 N=1152 rows=256 col_beats=32 vpu_runs=70 io_ms=11.239 ip_ms=7.777 total_ms=83.513 status=OK
[FPGA][MATMUL] tensor=blk.19.attn_q.weight layer=19 pos=0 phase=decode M=1 K=1152 N=1024 rows=256 col_beats=32 vpu_runs=12 io_ms=1.937 ip_ms=1.268 total_ms=13.705 status=OK
[FPGA][MATMUL] tensor=blk.19.attn_k.weight layer=19 pos=0 phase=decode M=1 K=1152 N=256 rows=256 col_beats=32 vpu_runs=3 io_ms=0.488 ip_ms=0.317 total_ms=3.461 status=OK
[FPGA][MATMUL] tensor=blk.19.attn_v.weight layer=19 pos=0 phase=decode M=1 K=1152 N=256 rows=256 col_beats=32 vpu_runs=3 io_ms=0.485 ip_ms=0.317 total_ms=3.432 status=OK
[FPGA][MATMUL] tensor=blk.19.attn_output.weight layer=19 pos=0 phase=decode M=1 K=1024 N=1152 rows=256 col_beats=32 vpu_runs=10 io_ms=1.623 ip_ms=1.137 total_ms=12.763 status=OK
[FPGA][MATMUL] tensor=blk.19.ffn_gate.weight layer=19 pos=0 phase=decode M=1 K=1152 N=6912 rows=256 col_beats=32 vpu_runs=81 io_ms=13.074 ip_ms=8.564 total_ms=92.524 status=OK
[FPGA][MATMUL] tensor=blk.19.ffn_up.weight layer=19 pos=0 phase=decode M=1 K=1152 N=6912 rows=256 col_beats=32 vpu_runs=81 io_ms=13.075 ip_ms=8.566 total_ms=92.801 status=OK
[FPGA][MATMUL] tensor=blk.19.ffn_down.weight layer=19 pos=0 phase=decode M=1 K=6912 N=1152 rows=256 col_beats=32 vpu_runs=70 io_ms=11.235 ip_ms=7.763 total_ms=83.537 status=OK
[FPGA][MATMUL] tensor=blk.20.attn_q.weight layer=20 pos=0 phase=decode M=1 K=1152 N=1024 rows=256 col_beats=32 vpu_runs=12 io_ms=1.939 ip_ms=1.269 total_ms=13.763 status=OK
[FPGA][MATMUL] tensor=blk.20.attn_k.weight layer=20 pos=0 phase=decode M=1 K=1152 N=256 rows=256 col_beats=32 vpu_runs=3 io_ms=0.486 ip_ms=0.317 total_ms=3.467 status=OK
[FPGA][MATMUL] tensor=blk.20.attn_v.weight layer=20 pos=0 phase=decode M=1 K=1152 N=256 rows=256 col_beats=32 vpu_runs=3 io_ms=0.486 ip_ms=0.317 total_ms=3.431 status=OK
[FPGA][MATMUL] tensor=blk.20.attn_output.weight layer=20 pos=0 phase=decode M=1 K=1024 N=1152 rows=256 col_beats=32 vpu_runs=10 io_ms=1.624 ip_ms=1.136 total_ms=12.698 status=OK
[FPGA][MATMUL] tensor=blk.20.ffn_gate.weight layer=20 pos=0 phase=decode M=1 K=1152 N=6912 rows=256 col_beats=32 vpu_runs=81 io_ms=13.070 ip_ms=8.564 total_ms=92.424 status=OK
[FPGA][MATMUL] tensor=blk.20.ffn_up.weight layer=20 pos=0 phase=decode M=1 K=1152 N=6912 rows=256 col_beats=32 vpu_runs=81 io_ms=13.065 ip_ms=8.565 total_ms=92.435 status=OK
[FPGA][MATMUL] tensor=blk.20.ffn_down.weight layer=20 pos=0 phase=decode M=1 K=6912 N=1152 rows=256 col_beats=32 vpu_runs=70 io_ms=11.263 ip_ms=7.766 total_ms=83.410 status=OK
[FPGA][MATMUL] tensor=blk.21.attn_q.weight layer=21 pos=0 phase=decode M=1 K=1152 N=1024 rows=256 col_beats=32 vpu_runs=12 io_ms=1.937 ip_ms=1.270 total_ms=13.799 status=OK
[FPGA][MATMUL] tensor=blk.21.attn_k.weight layer=21 pos=0 phase=decode M=1 K=1152 N=256 rows=256 col_beats=32 vpu_runs=3 io_ms=0.488 ip_ms=0.318 total_ms=3.432 status=OK
[FPGA][MATMUL] tensor=blk.21.attn_v.weight layer=21 pos=0 phase=decode M=1 K=1152 N=256 rows=256 col_beats=32 vpu_runs=3 io_ms=0.484 ip_ms=0.317 total_ms=3.441 status=OK
[FPGA][MATMUL] tensor=blk.21.attn_output.weight layer=21 pos=0 phase=decode M=1 K=1024 N=1152 rows=256 col_beats=32 vpu_runs=10 io_ms=1.625 ip_ms=1.137 total_ms=12.764 status=OK
[FPGA][MATMUL] tensor=blk.21.ffn_gate.weight layer=21 pos=0 phase=decode M=1 K=1152 N=6912 rows=256 col_beats=32 vpu_runs=81 io_ms=13.088 ip_ms=8.611 total_ms=92.756 status=OK
[FPGA][MATMUL] tensor=blk.21.ffn_up.weight layer=21 pos=0 phase=decode M=1 K=1152 N=6912 rows=256 col_beats=32 vpu_runs=81 io_ms=13.059 ip_ms=8.563 total_ms=92.375 status=OK
[FPGA][MATMUL] tensor=blk.21.ffn_down.weight layer=21 pos=0 phase=decode M=1 K=6912 N=1152 rows=256 col_beats=32 vpu_runs=70 io_ms=11.247 ip_ms=7.765 total_ms=83.788 status=OK
[FPGA][MATMUL] tensor=blk.22.attn_q.weight layer=22 pos=0 phase=decode M=1 K=1152 N=1024 rows=256 col_beats=32 vpu_runs=12 io_ms=1.959 ip_ms=1.268 total_ms=13.808 status=OK
[FPGA][MATMUL] tensor=blk.22.attn_k.weight layer=22 pos=0 phase=decode M=1 K=1152 N=256 rows=256 col_beats=32 vpu_runs=3 io_ms=0.487 ip_ms=0.318 total_ms=3.469 status=OK
[FPGA][MATMUL] tensor=blk.22.attn_v.weight layer=22 pos=0 phase=decode M=1 K=1152 N=256 rows=256 col_beats=32 vpu_runs=3 io_ms=0.487 ip_ms=0.318 total_ms=3.432 status=OK
[FPGA][MATMUL] tensor=blk.22.attn_output.weight layer=22 pos=0 phase=decode M=1 K=1024 N=1152 rows=256 col_beats=32 vpu_runs=10 io_ms=1.627 ip_ms=1.136 total_ms=12.888 status=OK
[FPGA][MATMUL] tensor=blk.22.ffn_gate.weight layer=22 pos=0 phase=decode M=1 K=1152 N=6912 rows=256 col_beats=32 vpu_runs=81 io_ms=13.068 ip_ms=8.566 total_ms=92.360 status=OK
[FPGA][MATMUL] tensor=blk.22.ffn_up.weight layer=22 pos=0 phase=decode M=1 K=1152 N=6912 rows=256 col_beats=32 vpu_runs=81 io_ms=13.067 ip_ms=8.565 total_ms=92.621 status=OK
[FPGA][MATMUL] tensor=blk.22.ffn_down.weight layer=22 pos=0 phase=decode M=1 K=6912 N=1152 rows=256 col_beats=32 vpu_runs=70 io_ms=11.246 ip_ms=7.767 total_ms=83.310 status=OK
[FPGA][MATMUL] tensor=blk.23.attn_q.weight layer=23 pos=0 phase=decode M=1 K=1152 N=1024 rows=256 col_beats=32 vpu_runs=12 io_ms=1.945 ip_ms=1.269 total_ms=13.800 status=OK
[FPGA][MATMUL] tensor=blk.23.attn_k.weight layer=23 pos=0 phase=decode M=1 K=1152 N=256 rows=256 col_beats=32 vpu_runs=3 io_ms=0.485 ip_ms=0.317 total_ms=3.433 status=OK
[FPGA][MATMUL] tensor=blk.23.attn_v.weight layer=23 pos=0 phase=decode M=1 K=1152 N=256 rows=256 col_beats=32 vpu_runs=3 io_ms=0.486 ip_ms=0.317 total_ms=3.464 status=OK
[FPGA][MATMUL] tensor=blk.23.attn_output.weight layer=23 pos=0 phase=decode M=1 K=1024 N=1152 rows=256 col_beats=32 vpu_runs=10 io_ms=1.628 ip_ms=1.142 total_ms=12.748 status=OK
[FPGA][MATMUL] tensor=blk.23.ffn_gate.weight layer=23 pos=0 phase=decode M=1 K=1152 N=6912 rows=256 col_beats=32 vpu_runs=81 io_ms=13.074 ip_ms=8.562 total_ms=92.347 status=OK
[FPGA][MATMUL] tensor=blk.23.ffn_up.weight layer=23 pos=0 phase=decode M=1 K=1152 N=6912 rows=256 col_beats=32 vpu_runs=81 io_ms=13.074 ip_ms=8.561 total_ms=92.498 status=OK
[FPGA][MATMUL] tensor=blk.23.ffn_down.weight layer=23 pos=0 phase=decode M=1 K=6912 N=1152 rows=256 col_beats=32 vpu_runs=70 io_ms=11.262 ip_ms=7.773 total_ms=83.587 status=OK
[FPGA][MATMUL] tensor=blk.24.attn_q.weight layer=24 pos=0 phase=decode M=1 K=1152 N=1024 rows=256 col_beats=32 vpu_runs=12 io_ms=1.949 ip_ms=1.268 total_ms=13.706 status=OK
[FPGA][MATMUL] tensor=blk.24.attn_k.weight layer=24 pos=0 phase=decode M=1 K=1152 N=256 rows=256 col_beats=32 vpu_runs=3 io_ms=0.486 ip_ms=0.318 total_ms=3.455 status=OK
[FPGA][MATMUL] tensor=blk.24.attn_v.weight layer=24 pos=0 phase=decode M=1 K=1152 N=256 rows=256 col_beats=32 vpu_runs=3 io_ms=0.485 ip_ms=0.317 total_ms=3.445 status=OK
[FPGA][MATMUL] tensor=blk.24.attn_output.weight layer=24 pos=0 phase=decode M=1 K=1024 N=1152 rows=256 col_beats=32 vpu_runs=10 io_ms=1.625 ip_ms=1.136 total_ms=12.816 status=OK
[FPGA][MATMUL] tensor=blk.24.ffn_gate.weight layer=24 pos=0 phase=decode M=1 K=1152 N=6912 rows=256 col_beats=32 vpu_runs=81 io_ms=13.055 ip_ms=8.564 total_ms=92.633 status=OK
[FPGA][MATMUL] tensor=blk.24.ffn_up.weight layer=24 pos=0 phase=decode M=1 K=1152 N=6912 rows=256 col_beats=32 vpu_runs=81 io_ms=13.063 ip_ms=8.562 total_ms=92.501 status=OK
[FPGA][MATMUL] tensor=blk.24.ffn_down.weight layer=24 pos=0 phase=decode M=1 K=6912 N=1152 rows=256 col_beats=32 vpu_runs=70 io_ms=11.237 ip_ms=7.767 total_ms=83.407 status=OK
[FPGA][MATMUL] tensor=blk.25.attn_q.weight layer=25 pos=0 phase=decode M=1 K=1152 N=1024 rows=256 col_beats=32 vpu_runs=12 io_ms=1.936 ip_ms=1.268 total_ms=13.786 status=OK
[FPGA][MATMUL] tensor=blk.25.attn_k.weight layer=25 pos=0 phase=decode M=1 K=1152 N=256 rows=256 col_beats=32 vpu_runs=3 io_ms=0.488 ip_ms=0.317 total_ms=3.447 status=OK
[FPGA][MATMUL] tensor=blk.25.attn_v.weight layer=25 pos=0 phase=decode M=1 K=1152 N=256 rows=256 col_beats=32 vpu_runs=3 io_ms=0.485 ip_ms=0.317 total_ms=3.441 status=OK
[FPGA][MATMUL] tensor=blk.25.attn_output.weight layer=25 pos=0 phase=decode M=1 K=1024 N=1152 rows=256 col_beats=32 vpu_runs=10 io_ms=1.626 ip_ms=1.136 total_ms=12.774 status=OK
[FPGA][MATMUL] tensor=blk.25.ffn_gate.weight layer=25 pos=0 phase=decode M=1 K=1152 N=6912 rows=256 col_beats=32 vpu_runs=81 io_ms=13.070 ip_ms=8.565 total_ms=92.394 status=OK
[FPGA][MATMUL] tensor=blk.25.ffn_up.weight layer=25 pos=0 phase=decode M=1 K=1152 N=6912 rows=256 col_beats=32 vpu_runs=81 io_ms=13.079 ip_ms=8.565 total_ms=92.900 status=OK
[FPGA][MATMUL] tensor=blk.25.ffn_down.weight layer=25 pos=0 phase=decode M=1 K=6912 N=1152 rows=256 col_beats=32 vpu_runs=70 io_ms=11.277 ip_ms=7.765 total_ms=83.352 status=OK
[FPGA][MATMUL] tensor=token_embd.weight layer=0 pos=0 phase=decode M=1 K=1152 N=262144 rows=256 col_beats=32 vpu_runs=3072 io_ms=495.970 ip_ms=324.798 total_ms=3508.892 status=OK
[FPGA][MATMUL] tensor=blk.0.attn_q.weight layer=0 pos=0 phase=decode M=1 K=1152 N=1024 rows=256 col_beats=32 vpu_runs=12 io_ms=1.944 ip_ms=1.279 total_ms=13.775 status=OK
[FPGA][MATMUL] tensor=blk.0.attn_k.weight layer=0 pos=0 phase=decode M=1 K=1152 N=256 rows=256 col_beats=32 vpu_runs=3 io_ms=0.488 ip_ms=0.318 total_ms=3.459 status=OK
[FPGA][MATMUL] tensor=blk.0.attn_v.weight layer=0 pos=0 phase=decode M=1 K=1152 N=256 rows=256 col_beats=32 vpu_runs=3 io_ms=0.484 ip_ms=0.317 total_ms=3.459 status=OK
[FPGA][MATMUL] tensor=blk.0.attn_output.weight layer=0 pos=0 phase=decode M=1 K=1024 N=1152 rows=256 col_beats=32 vpu_runs=10 io_ms=1.626 ip_ms=1.136 total_ms=12.743 status=OK
[FPGA][MATMUL] tensor=blk.0.ffn_gate.weight layer=0 pos=0 phase=decode M=1 K=1152 N=6912 rows=256 col_beats=32 vpu_runs=81 io_ms=13.067 ip_ms=8.559 total_ms=92.606 status=OK
[FPGA][MATMUL] tensor=blk.0.ffn_up.weight layer=0 pos=0 phase=decode M=1 K=1152 N=6912 rows=256 col_beats=32 vpu_runs=81 io_ms=13.077 ip_ms=8.562 total_ms=92.406 status=OK
[FPGA][MATMUL] tensor=blk.0.ffn_down.weight layer=0 pos=0 phase=decode M=1 K=6912 N=1152 rows=256 col_beats=32 vpu_runs=70 io_ms=11.242 ip_ms=7.769 total_ms=83.284 status=OK
[FPGA][MATMUL] tensor=blk.1.attn_q.weight layer=1 pos=0 phase=decode M=1 K=1152 N=1024 rows=256 col_beats=32 vpu_runs=12 io_ms=1.936 ip_ms=1.267 total_ms=13.699 status=OK
[FPGA][MATMUL] tensor=blk.1.attn_k.weight layer=1 pos=0 phase=decode M=1 K=1152 N=256 rows=256 col_beats=32 vpu_runs=3 io_ms=0.488 ip_ms=0.316 total_ms=3.461 status=OK
[FPGA][MATMUL] tensor=blk.1.attn_v.weight layer=1 pos=0 phase=decode M=1 K=1152 N=256 rows=256 col_beats=32 vpu_runs=3 io_ms=0.485 ip_ms=0.318 total_ms=3.429 status=OK
[FPGA][MATMUL] tensor=blk.1.attn_output.weight layer=1 pos=0 phase=decode M=1 K=1024 N=1152 rows=256 col_beats=32 vpu_runs=10 io_ms=1.626 ip_ms=1.137 total_ms=12.738 status=OK
[FPGA][MATMUL] tensor=blk.1.ffn_gate.weight layer=1 pos=0 phase=decode M=1 K=1152 N=6912 rows=256 col_beats=32 vpu_runs=81 io_ms=13.078 ip_ms=8.574 total_ms=92.574 status=OK
[FPGA][MATMUL] tensor=blk.1.ffn_up.weight layer=1 pos=0 phase=decode M=1 K=1152 N=6912 rows=256 col_beats=32 vpu_runs=81 io_ms=13.132 ip_ms=8.565 total_ms=92.397 status=OK
[FPGA][MATMUL] tensor=blk.1.ffn_down.weight layer=1 pos=0 phase=decode M=1 K=6912 N=1152 rows=256 col_beats=32 vpu_runs=70 io_ms=11.246 ip_ms=7.768 total_ms=83.407 status=OK
[FPGA][MATMUL] tensor=blk.2.attn_q.weight layer=2 pos=0 phase=decode M=1 K=1152 N=1024 rows=256 col_beats=32 vpu_runs=12 io_ms=1.938 ip_ms=1.267 total_ms=13.687 status=OK
[FPGA][MATMUL] tensor=blk.2.attn_k.weight layer=2 pos=0 phase=decode M=1 K=1152 N=256 rows=256 col_beats=32 vpu_runs=3 io_ms=0.486 ip_ms=0.318 total_ms=3.457 status=OK
[FPGA][MATMUL] tensor=blk.2.attn_v.weight layer=2 pos=0 phase=decode M=1 K=1152 N=256 rows=256 col_beats=32 vpu_runs=3 io_ms=0.485 ip_ms=0.317 total_ms=3.443 status=OK
[FPGA][MATMUL] tensor=blk.2.attn_output.weight layer=2 pos=0 phase=decode M=1 K=1024 N=1152 rows=256 col_beats=32 vpu_runs=10 io_ms=1.625 ip_ms=1.137 total_ms=12.737 status=OK
[FPGA][MATMUL] tensor=blk.2.ffn_gate.weight layer=2 pos=0 phase=decode M=1 K=1152 N=6912 rows=256 col_beats=32 vpu_runs=81 io_ms=13.098 ip_ms=8.558 total_ms=92.545 status=OK
[FPGA][MATMUL] tensor=blk.2.ffn_up.weight layer=2 pos=0 phase=decode M=1 K=1152 N=6912 rows=256 col_beats=32 vpu_runs=81 io_ms=13.072 ip_ms=8.627 total_ms=92.593 status=OK
[FPGA][MATMUL] tensor=blk.2.ffn_down.weight layer=2 pos=0 phase=decode M=1 K=6912 N=1152 rows=256 col_beats=32 vpu_runs=70 io_ms=11.392 ip_ms=7.773 total_ms=83.556 status=OK
[FPGA][MATMUL] tensor=blk.3.attn_q.weight layer=3 pos=0 phase=decode M=1 K=1152 N=1024 rows=256 col_beats=32 vpu_runs=12 io_ms=1.941 ip_ms=1.269 total_ms=13.689 status=OK
[FPGA][MATMUL] tensor=blk.3.attn_k.weight layer=3 pos=0 phase=decode M=1 K=1152 N=256 rows=256 col_beats=32 vpu_runs=3 io_ms=0.488 ip_ms=0.317 total_ms=3.450 status=OK
[FPGA][MATMUL] tensor=blk.3.attn_v.weight layer=3 pos=0 phase=decode M=1 K=1152 N=256 rows=256 col_beats=32 vpu_runs=3 io_ms=0.486 ip_ms=0.318 total_ms=3.419 status=OK
[FPGA][MATMUL] tensor=blk.3.attn_output.weight layer=3 pos=0 phase=decode M=1 K=1024 N=1152 rows=256 col_beats=32 vpu_runs=10 io_ms=1.624 ip_ms=1.136 total_ms=12.756 status=OK
[FPGA][MATMUL] tensor=blk.3.ffn_gate.weight layer=3 pos=0 phase=decode M=1 K=1152 N=6912 rows=256 col_beats=32 vpu_runs=81 io_ms=13.074 ip_ms=8.563 total_ms=92.691 status=OK
[FPGA][MATMUL] tensor=blk.3.ffn_up.weight layer=3 pos=0 phase=decode M=1 K=1152 N=6912 rows=256 col_beats=32 vpu_runs=81 io_ms=13.072 ip_ms=8.559 total_ms=92.779 status=OK
[FPGA][MATMUL] tensor=blk.3.ffn_down.weight layer=3 pos=0 phase=decode M=1 K=6912 N=1152 rows=256 col_beats=32 vpu_runs=70 io_ms=11.248 ip_ms=7.767 total_ms=83.453 status=OK
[FPGA][MATMUL] tensor=blk.4.attn_q.weight layer=4 pos=0 phase=decode M=1 K=1152 N=1024 rows=256 col_beats=32 vpu_runs=12 io_ms=1.938 ip_ms=1.269 total_ms=13.704 status=OK
[FPGA][MATMUL] tensor=blk.4.attn_k.weight layer=4 pos=0 phase=decode M=1 K=1152 N=256 rows=256 col_beats=32 vpu_runs=3 io_ms=0.486 ip_ms=0.317 total_ms=3.443 status=OK
[FPGA][MATMUL] tensor=blk.4.attn_v.weight layer=4 pos=0 phase=decode M=1 K=1152 N=256 rows=256 col_beats=32 vpu_runs=3 io_ms=0.486 ip_ms=0.317 total_ms=3.446 status=OK
[FPGA][MATMUL] tensor=blk.4.attn_output.weight layer=4 pos=0 phase=decode M=1 K=1024 N=1152 rows=256 col_beats=32 vpu_runs=10 io_ms=1.628 ip_ms=1.137 total_ms=12.757 status=OK
[FPGA][MATMUL] tensor=blk.4.ffn_gate.weight layer=4 pos=0 phase=decode M=1 K=1152 N=6912 rows=256 col_beats=32 vpu_runs=81 io_ms=13.079 ip_ms=8.557 total_ms=92.358 status=OK
[FPGA][MATMUL] tensor=blk.4.ffn_up.weight layer=4 pos=0 phase=decode M=1 K=1152 N=6912 rows=256 col_beats=32 vpu_runs=81 io_ms=13.074 ip_ms=8.563 total_ms=92.612 status=OK
[FPGA][MATMUL] tensor=blk.4.ffn_down.weight layer=4 pos=0 phase=decode M=1 K=6912 N=1152 rows=256 col_beats=32 vpu_runs=70 io_ms=11.241 ip_ms=7.768 total_ms=83.565 status=OK
[FPGA][MATMUL] tensor=blk.5.attn_q.weight layer=5 pos=0 phase=decode M=1 K=1152 N=1024 rows=256 col_beats=32 vpu_runs=12 io_ms=1.949 ip_ms=1.269 total_ms=13.833 status=OK
[FPGA][MATMUL] tensor=blk.5.attn_k.weight layer=5 pos=0 phase=decode M=1 K=1152 N=256 rows=256 col_beats=32 vpu_runs=3 io_ms=0.488 ip_ms=0.318 total_ms=3.465 status=OK
[FPGA][MATMUL] tensor=blk.5.attn_v.weight layer=5 pos=0 phase=decode M=1 K=1152 N=256 rows=256 col_beats=32 vpu_runs=3 io_ms=0.485 ip_ms=0.317 total_ms=3.456 status=OK
[FPGA][MATMUL] tensor=blk.5.attn_output.weight layer=5 pos=0 phase=decode M=1 K=1024 N=1152 rows=256 col_beats=32 vpu_runs=10 io_ms=1.626 ip_ms=1.137 total_ms=12.727 status=OK
[FPGA][MATMUL] tensor=blk.5.ffn_gate.weight layer=5 pos=0 phase=decode M=1 K=1152 N=6912 rows=256 col_beats=32 vpu_runs=81 io_ms=13.058 ip_ms=8.561 total_ms=92.526 status=OK
[FPGA][MATMUL] tensor=blk.5.ffn_up.weight layer=5 pos=0 phase=decode M=1 K=1152 N=6912 rows=256 col_beats=32 vpu_runs=81 io_ms=13.050 ip_ms=8.563 total_ms=92.479 status=OK
[FPGA][MATMUL] tensor=blk.5.ffn_down.weight layer=5 pos=0 phase=decode M=1 K=6912 N=1152 rows=256 col_beats=32 vpu_runs=70 io_ms=11.246 ip_ms=7.767 total_ms=83.573 status=OK
[FPGA][MATMUL] tensor=blk.6.attn_q.weight layer=6 pos=0 phase=decode M=1 K=1152 N=1024 rows=256 col_beats=32 vpu_runs=12 io_ms=1.942 ip_ms=1.269 total_ms=13.756 status=OK
[FPGA][MATMUL] tensor=blk.6.attn_k.weight layer=6 pos=0 phase=decode M=1 K=1152 N=256 rows=256 col_beats=32 vpu_runs=3 io_ms=0.485 ip_ms=0.317 total_ms=3.454 status=OK
[FPGA][MATMUL] tensor=blk.6.attn_v.weight layer=6 pos=0 phase=decode M=1 K=1152 N=256 rows=256 col_beats=32 vpu_runs=3 io_ms=0.485 ip_ms=0.317 total_ms=3.427 status=OK
[FPGA][MATMUL] tensor=blk.6.attn_output.weight layer=6 pos=0 phase=decode M=1 K=1024 N=1152 rows=256 col_beats=32 vpu_runs=10 io_ms=1.629 ip_ms=1.136 total_ms=12.736 status=OK
[FPGA][MATMUL] tensor=blk.6.ffn_gate.weight layer=6 pos=0 phase=decode M=1 K=1152 N=6912 rows=256 col_beats=32 vpu_runs=81 io_ms=13.070 ip_ms=8.564 total_ms=92.503 status=OK
[FPGA][MATMUL] tensor=blk.6.ffn_up.weight layer=6 pos=0 phase=decode M=1 K=1152 N=6912 rows=256 col_beats=32 vpu_runs=81 io_ms=13.072 ip_ms=8.564 total_ms=92.525 status=OK
[FPGA][MATMUL] tensor=blk.6.ffn_down.weight layer=6 pos=0 phase=decode M=1 K=6912 N=1152 rows=256 col_beats=32 vpu_runs=70 io_ms=11.226 ip_ms=7.772 total_ms=83.340 status=OK
[FPGA][MATMUL] tensor=blk.7.attn_q.weight layer=7 pos=0 phase=decode M=1 K=1152 N=1024 rows=256 col_beats=32 vpu_runs=12 io_ms=1.942 ip_ms=1.269 total_ms=13.729 status=OK
[FPGA][MATMUL] tensor=blk.7.attn_k.weight layer=7 pos=0 phase=decode M=1 K=1152 N=256 rows=256 col_beats=32 vpu_runs=3 io_ms=0.487 ip_ms=0.317 total_ms=3.459 status=OK
[FPGA][MATMUL] tensor=blk.7.attn_v.weight layer=7 pos=0 phase=decode M=1 K=1152 N=256 rows=256 col_beats=32 vpu_runs=3 io_ms=0.487 ip_ms=0.318 total_ms=3.491 status=OK
[FPGA][MATMUL] tensor=blk.7.attn_output.weight layer=7 pos=0 phase=decode M=1 K=1024 N=1152 rows=256 col_beats=32 vpu_runs=10 io_ms=1.626 ip_ms=1.136 total_ms=12.681 status=OK
[FPGA][MATMUL] tensor=blk.7.ffn_gate.weight layer=7 pos=0 phase=decode M=1 K=1152 N=6912 rows=256 col_beats=32 vpu_runs=81 io_ms=13.070 ip_ms=8.566 total_ms=92.467 status=OK
[FPGA][MATMUL] tensor=blk.7.ffn_up.weight layer=7 pos=0 phase=decode M=1 K=1152 N=6912 rows=256 col_beats=32 vpu_runs=81 io_ms=13.071 ip_ms=8.561 total_ms=92.438 status=OK
[FPGA][MATMUL] tensor=blk.7.ffn_down.weight layer=7 pos=0 phase=decode M=1 K=6912 N=1152 rows=256 col_beats=32 vpu_runs=70 io_ms=11.250 ip_ms=7.775 total_ms=84.055 status=OK
[FPGA][MATMUL] tensor=blk.8.attn_q.weight layer=8 pos=0 phase=decode M=1 K=1152 N=1024 rows=256 col_beats=32 vpu_runs=12 io_ms=1.938 ip_ms=1.269 total_ms=13.726 status=OK
[FPGA][MATMUL] tensor=blk.8.attn_k.weight layer=8 pos=0 phase=decode M=1 K=1152 N=256 rows=256 col_beats=32 vpu_runs=3 io_ms=0.488 ip_ms=0.317 total_ms=3.449 status=OK
[FPGA][MATMUL] tensor=blk.8.attn_v.weight layer=8 pos=0 phase=decode M=1 K=1152 N=256 rows=256 col_beats=32 vpu_runs=3 io_ms=0.485 ip_ms=0.317 total_ms=3.441 status=OK
[FPGA][MATMUL] tensor=blk.8.attn_output.weight layer=8 pos=0 phase=decode M=1 K=1024 N=1152 rows=256 col_beats=32 vpu_runs=10 io_ms=1.629 ip_ms=1.145 total_ms=12.687 status=OK
[FPGA][MATMUL] tensor=blk.8.ffn_gate.weight layer=8 pos=0 phase=decode M=1 K=1152 N=6912 rows=256 col_beats=32 vpu_runs=81 io_ms=13.062 ip_ms=8.570 total_ms=92.650 status=OK
[FPGA][MATMUL] tensor=blk.8.ffn_up.weight layer=8 pos=0 phase=decode M=1 K=1152 N=6912 rows=256 col_beats=32 vpu_runs=81 io_ms=13.124 ip_ms=8.562 total_ms=92.457 status=OK
[FPGA][MATMUL] tensor=blk.8.ffn_down.weight layer=8 pos=0 phase=decode M=1 K=6912 N=1152 rows=256 col_beats=32 vpu_runs=70 io_ms=11.267 ip_ms=7.770 total_ms=83.752 status=OK
[FPGA][MATMUL] tensor=blk.9.attn_q.weight layer=9 pos=0 phase=decode M=1 K=1152 N=1024 rows=256 col_beats=32 vpu_runs=12 io_ms=1.940 ip_ms=1.268 total_ms=13.765 status=OK
[FPGA][MATMUL] tensor=blk.9.attn_k.weight layer=9 pos=0 phase=decode M=1 K=1152 N=256 rows=256 col_beats=32 vpu_runs=3 io_ms=0.488 ip_ms=0.318 total_ms=3.490 status=OK
[FPGA][MATMUL] tensor=blk.9.attn_v.weight layer=9 pos=0 phase=decode M=1 K=1152 N=256 rows=256 col_beats=32 vpu_runs=3 io_ms=0.485 ip_ms=0.318 total_ms=3.447 status=OK
[FPGA][MATMUL] tensor=blk.9.attn_output.weight layer=9 pos=0 phase=decode M=1 K=1024 N=1152 rows=256 col_beats=32 vpu_runs=10 io_ms=1.630 ip_ms=1.135 total_ms=12.845 status=OK
[FPGA][MATMUL] tensor=blk.9.ffn_gate.weight layer=9 pos=0 phase=decode M=1 K=1152 N=6912 rows=256 col_beats=32 vpu_runs=81 io_ms=13.089 ip_ms=8.561 total_ms=92.323 status=OK
[FPGA][MATMUL] tensor=blk.9.ffn_up.weight layer=9 pos=0 phase=decode M=1 K=1152 N=6912 rows=256 col_beats=32 vpu_runs=81 io_ms=13.068 ip_ms=8.563 total_ms=92.495 status=OK
[FPGA][MATMUL] tensor=blk.9.ffn_down.weight layer=9 pos=0 phase=decode M=1 K=6912 N=1152 rows=256 col_beats=32 vpu_runs=70 io_ms=11.245 ip_ms=7.764 total_ms=84.240 status=OK
[FPGA][MATMUL] tensor=blk.10.attn_q.weight layer=10 pos=0 phase=decode M=1 K=1152 N=1024 rows=256 col_beats=32 vpu_runs=12 io_ms=1.935 ip_ms=1.271 total_ms=13.726 status=OK
[FPGA][MATMUL] tensor=blk.10.attn_k.weight layer=10 pos=0 phase=decode M=1 K=1152 N=256 rows=256 col_beats=32 vpu_runs=3 io_ms=0.491 ip_ms=0.318 total_ms=3.451 status=OK
[FPGA][MATMUL] tensor=blk.10.attn_v.weight layer=10 pos=0 phase=decode M=1 K=1152 N=256 rows=256 col_beats=32 vpu_runs=3 io_ms=0.483 ip_ms=0.318 total_ms=3.444 status=OK
[FPGA][MATMUL] tensor=blk.10.attn_output.weight layer=10 pos=0 phase=decode M=1 K=1024 N=1152 rows=256 col_beats=32 vpu_runs=10 io_ms=1.627 ip_ms=1.135 total_ms=12.730 status=OK
[FPGA][MATMUL] tensor=blk.10.ffn_gate.weight layer=10 pos=0 phase=decode M=1 K=1152 N=6912 rows=256 col_beats=32 vpu_runs=81 io_ms=13.084 ip_ms=8.565 total_ms=92.780 status=OK
[FPGA][MATMUL] tensor=blk.10.ffn_up.weight layer=10 pos=0 phase=decode M=1 K=1152 N=6912 rows=256 col_beats=32 vpu_runs=81 io_ms=13.064 ip_ms=8.560 total_ms=92.631 status=OK
[FPGA][MATMUL] tensor=blk.10.ffn_down.weight layer=10 pos=0 phase=decode M=1 K=6912 N=1152 rows=256 col_beats=32 vpu_runs=70 io_ms=11.235 ip_ms=7.769 total_ms=83.616 status=OK
[FPGA][MATMUL] tensor=blk.11.attn_q.weight layer=11 pos=0 phase=decode M=1 K=1152 N=1024 rows=256 col_beats=32 vpu_runs=12 io_ms=1.940 ip_ms=1.268 total_ms=13.778 status=OK
[FPGA][MATMUL] tensor=blk.11.attn_k.weight layer=11 pos=0 phase=decode M=1 K=1152 N=256 rows=256 col_beats=32 vpu_runs=3 io_ms=0.487 ip_ms=0.317 total_ms=3.461 status=OK
[FPGA][MATMUL] tensor=blk.11.attn_v.weight layer=11 pos=0 phase=decode M=1 K=1152 N=256 rows=256 col_beats=32 vpu_runs=3 io_ms=0.486 ip_ms=0.317 total_ms=3.453 status=OK
[FPGA][MATMUL] tensor=blk.11.attn_output.weight layer=11 pos=0 phase=decode M=1 K=1024 N=1152 rows=256 col_beats=32 vpu_runs=10 io_ms=1.627 ip_ms=1.137 total_ms=12.741 status=OK
[FPGA][MATMUL] tensor=blk.11.ffn_gate.weight layer=11 pos=0 phase=decode M=1 K=1152 N=6912 rows=256 col_beats=32 vpu_runs=81 io_ms=13.065 ip_ms=8.561 total_ms=92.528 status=OK
[FPGA][MATMUL] tensor=blk.11.ffn_up.weight layer=11 pos=0 phase=decode M=1 K=1152 N=6912 rows=256 col_beats=32 vpu_runs=81 io_ms=13.074 ip_ms=8.623 total_ms=92.701 status=OK
[FPGA][MATMUL] tensor=blk.11.ffn_down.weight layer=11 pos=0 phase=decode M=1 K=6912 N=1152 rows=256 col_beats=32 vpu_runs=70 io_ms=11.241 ip_ms=7.770 total_ms=83.298 status=OK
[FPGA][MATMUL] tensor=blk.12.attn_q.weight layer=12 pos=0 phase=decode M=1 K=1152 N=1024 rows=256 col_beats=32 vpu_runs=12 io_ms=1.938 ip_ms=1.270 total_ms=13.799 status=OK
[FPGA][MATMUL] tensor=blk.12.attn_k.weight layer=12 pos=0 phase=decode M=1 K=1152 N=256 rows=256 col_beats=32 vpu_runs=3 io_ms=0.485 ip_ms=0.316 total_ms=3.463 status=OK
[FPGA][MATMUL] tensor=blk.12.attn_v.weight layer=12 pos=0 phase=decode M=1 K=1152 N=256 rows=256 col_beats=32 vpu_runs=3 io_ms=0.485 ip_ms=0.316 total_ms=3.437 status=OK
[FPGA][MATMUL] tensor=blk.12.attn_output.weight layer=12 pos=0 phase=decode M=1 K=1024 N=1152 rows=256 col_beats=32 vpu_runs=10 io_ms=1.625 ip_ms=1.135 total_ms=12.751 status=OK
[FPGA][MATMUL] tensor=blk.12.ffn_gate.weight layer=12 pos=0 phase=decode M=1 K=1152 N=6912 rows=256 col_beats=32 vpu_runs=81 io_ms=13.076 ip_ms=8.561 total_ms=92.832 status=OK
[FPGA][MATMUL] tensor=blk.12.ffn_up.weight layer=12 pos=0 phase=decode M=1 K=1152 N=6912 rows=256 col_beats=32 vpu_runs=81 io_ms=13.077 ip_ms=8.568 total_ms=92.737 status=OK
[FPGA][MATMUL] tensor=blk.12.ffn_down.weight layer=12 pos=0 phase=decode M=1 K=6912 N=1152 rows=256 col_beats=32 vpu_runs=70 io_ms=11.238 ip_ms=7.767 total_ms=83.369 status=OK
[FPGA][MATMUL] tensor=blk.13.attn_q.weight layer=13 pos=0 phase=decode M=1 K=1152 N=1024 rows=256 col_beats=32 vpu_runs=12 io_ms=1.943 ip_ms=1.268 total_ms=13.716 status=OK
[FPGA][MATMUL] tensor=blk.13.attn_k.weight layer=13 pos=0 phase=decode M=1 K=1152 N=256 rows=256 col_beats=32 vpu_runs=3 io_ms=0.488 ip_ms=0.318 total_ms=3.458 status=OK
[FPGA][MATMUL] tensor=blk.13.attn_v.weight layer=13 pos=0 phase=decode M=1 K=1152 N=256 rows=256 col_beats=32 vpu_runs=3 io_ms=0.483 ip_ms=0.318 total_ms=3.441 status=OK
[FPGA][MATMUL] tensor=blk.13.attn_output.weight layer=13 pos=0 phase=decode M=1 K=1024 N=1152 rows=256 col_beats=32 vpu_runs=10 io_ms=1.630 ip_ms=1.134 total_ms=12.716 status=OK
[FPGA][MATMUL] tensor=blk.13.ffn_gate.weight layer=13 pos=0 phase=decode M=1 K=1152 N=6912 rows=256 col_beats=32 vpu_runs=81 io_ms=13.079 ip_ms=8.561 total_ms=92.838 status=OK
[FPGA][MATMUL] tensor=blk.13.ffn_up.weight layer=13 pos=0 phase=decode M=1 K=1152 N=6912 rows=256 col_beats=32 vpu_runs=81 io_ms=13.099 ip_ms=8.563 total_ms=92.484 status=OK
[FPGA][MATMUL] tensor=blk.13.ffn_down.weight layer=13 pos=0 phase=decode M=1 K=6912 N=1152 rows=256 col_beats=32 vpu_runs=70 io_ms=11.249 ip_ms=7.773 total_ms=83.311 status=OK
[FPGA][MATMUL] tensor=blk.14.attn_q.weight layer=14 pos=0 phase=decode M=1 K=1152 N=1024 rows=256 col_beats=32 vpu_runs=12 io_ms=1.938 ip_ms=1.267 total_ms=13.796 status=OK
[FPGA][MATMUL] tensor=blk.14.attn_k.weight layer=14 pos=0 phase=decode M=1 K=1152 N=256 rows=256 col_beats=32 vpu_runs=3 io_ms=0.487 ip_ms=0.317 total_ms=3.454 status=OK
[FPGA][MATMUL] tensor=blk.14.attn_v.weight layer=14 pos=0 phase=decode M=1 K=1152 N=256 rows=256 col_beats=32 vpu_runs=3 io_ms=0.485 ip_ms=0.317 total_ms=3.423 status=OK
[FPGA][MATMUL] tensor=blk.14.attn_output.weight layer=14 pos=0 phase=decode M=1 K=1024 N=1152 rows=256 col_beats=32 vpu_runs=10 io_ms=1.627 ip_ms=1.136 total_ms=12.748 status=OK
[FPGA][MATMUL] tensor=blk.14.ffn_gate.weight layer=14 pos=0 phase=decode M=1 K=1152 N=6912 rows=256 col_beats=32 vpu_runs=81 io_ms=13.069 ip_ms=8.562 total_ms=92.449 status=OK
[FPGA][MATMUL] tensor=blk.14.ffn_up.weight layer=14 pos=0 phase=decode M=1 K=1152 N=6912 rows=256 col_beats=32 vpu_runs=81 io_ms=13.070 ip_ms=8.582 total_ms=92.880 status=OK
[FPGA][MATMUL] tensor=blk.14.ffn_down.weight layer=14 pos=0 phase=decode M=1 K=6912 N=1152 rows=256 col_beats=32 vpu_runs=70 io_ms=11.237 ip_ms=7.771 total_ms=83.665 status=OK
[FPGA][MATMUL] tensor=blk.15.attn_q.weight layer=15 pos=0 phase=decode M=1 K=1152 N=1024 rows=256 col_beats=32 vpu_runs=12 io_ms=1.941 ip_ms=1.270 total_ms=13.727 status=OK
[FPGA][MATMUL] tensor=blk.15.attn_k.weight layer=15 pos=0 phase=decode M=1 K=1152 N=256 rows=256 col_beats=32 vpu_runs=3 io_ms=0.487 ip_ms=0.317 total_ms=3.429 status=OK
[FPGA][MATMUL] tensor=blk.15.attn_v.weight layer=15 pos=0 phase=decode M=1 K=1152 N=256 rows=256 col_beats=32 vpu_runs=3 io_ms=0.486 ip_ms=0.317 total_ms=3.426 status=OK
[FPGA][MATMUL] tensor=blk.15.attn_output.weight layer=15 pos=0 phase=decode M=1 K=1024 N=1152 rows=256 col_beats=32 vpu_runs=10 io_ms=1.630 ip_ms=1.136 total_ms=12.734 status=OK
[FPGA][MATMUL] tensor=blk.15.ffn_gate.weight layer=15 pos=0 phase=decode M=1 K=1152 N=6912 rows=256 col_beats=32 vpu_runs=81 io_ms=13.072 ip_ms=8.562 total_ms=92.730 status=OK
[FPGA][MATMUL] tensor=blk.15.ffn_up.weight layer=15 pos=0 phase=decode M=1 K=1152 N=6912 rows=256 col_beats=32 vpu_runs=81 io_ms=13.092 ip_ms=8.564 total_ms=92.571 status=OK
[FPGA][MATMUL] tensor=blk.15.ffn_down.weight layer=15 pos=0 phase=decode M=1 K=6912 N=1152 rows=256 col_beats=32 vpu_runs=70 io_ms=11.250 ip_ms=7.782 total_ms=83.295 status=OK
[FPGA][MATMUL] tensor=blk.16.attn_q.weight layer=16 pos=0 phase=decode M=1 K=1152 N=1024 rows=256 col_beats=32 vpu_runs=12 io_ms=1.941 ip_ms=1.268 total_ms=13.704 status=OK
[FPGA][MATMUL] tensor=blk.16.attn_k.weight layer=16 pos=0 phase=decode M=1 K=1152 N=256 rows=256 col_beats=32 vpu_runs=3 io_ms=0.487 ip_ms=0.317 total_ms=3.455 status=OK
[FPGA][MATMUL] tensor=blk.16.attn_v.weight layer=16 pos=0 phase=decode M=1 K=1152 N=256 rows=256 col_beats=32 vpu_runs=3 io_ms=0.485 ip_ms=0.318 total_ms=3.426 status=OK
[FPGA][MATMUL] tensor=blk.16.attn_output.weight layer=16 pos=0 phase=decode M=1 K=1024 N=1152 rows=256 col_beats=32 vpu_runs=10 io_ms=1.631 ip_ms=1.134 total_ms=12.750 status=OK
[FPGA][MATMUL] tensor=blk.16.ffn_gate.weight layer=16 pos=0 phase=decode M=1 K=1152 N=6912 rows=256 col_beats=32 vpu_runs=81 io_ms=13.063 ip_ms=8.566 total_ms=92.744 status=OK
[FPGA][MATMUL] tensor=blk.16.ffn_up.weight layer=16 pos=0 phase=decode M=1 K=1152 N=6912 rows=256 col_beats=32 vpu_runs=81 io_ms=13.070 ip_ms=8.562 total_ms=92.380 status=OK
[FPGA][MATMUL] tensor=blk.16.ffn_down.weight layer=16 pos=0 phase=decode M=1 K=6912 N=1152 rows=256 col_beats=32 vpu_runs=70 io_ms=11.239 ip_ms=7.780 total_ms=83.527 status=OK
[FPGA][MATMUL] tensor=blk.17.attn_q.weight layer=17 pos=0 phase=decode M=1 K=1152 N=1024 rows=256 col_beats=32 vpu_runs=12 io_ms=1.941 ip_ms=1.269 total_ms=13.749 status=OK
[FPGA][MATMUL] tensor=blk.17.attn_k.weight layer=17 pos=0 phase=decode M=1 K=1152 N=256 rows=256 col_beats=32 vpu_runs=3 io_ms=0.495 ip_ms=0.317 total_ms=3.470 status=OK
[FPGA][MATMUL] tensor=blk.17.attn_v.weight layer=17 pos=0 phase=decode M=1 K=1152 N=256 rows=256 col_beats=32 vpu_runs=3 io_ms=0.486 ip_ms=0.317 total_ms=3.442 status=OK
[FPGA][MATMUL] tensor=blk.17.attn_output.weight layer=17 pos=0 phase=decode M=1 K=1024 N=1152 rows=256 col_beats=32 vpu_runs=10 io_ms=1.626 ip_ms=1.136 total_ms=12.734 status=OK
[FPGA][MATMUL] tensor=blk.17.ffn_gate.weight layer=17 pos=0 phase=decode M=1 K=1152 N=6912 rows=256 col_beats=32 vpu_runs=81 io_ms=13.069 ip_ms=8.570 total_ms=92.588 status=OK
[FPGA][MATMUL] tensor=blk.17.ffn_up.weight layer=17 pos=0 phase=decode M=1 K=1152 N=6912 rows=256 col_beats=32 vpu_runs=81 io_ms=13.074 ip_ms=8.563 total_ms=92.420 status=OK
[FPGA][MATMUL] tensor=blk.17.ffn_down.weight layer=17 pos=0 phase=decode M=1 K=6912 N=1152 rows=256 col_beats=32 vpu_runs=70 io_ms=11.254 ip_ms=7.782 total_ms=83.773 status=OK
[FPGA][MATMUL] tensor=blk.18.attn_q.weight layer=18 pos=0 phase=decode M=1 K=1152 N=1024 rows=256 col_beats=32 vpu_runs=12 io_ms=1.941 ip_ms=1.268 total_ms=13.827 status=OK
[FPGA][MATMUL] tensor=blk.18.attn_k.weight layer=18 pos=0 phase=decode M=1 K=1152 N=256 rows=256 col_beats=32 vpu_runs=3 io_ms=0.489 ip_ms=0.317 total_ms=3.473 status=OK
[FPGA][MATMUL] tensor=blk.18.attn_v.weight layer=18 pos=0 phase=decode M=1 K=1152 N=256 rows=256 col_beats=32 vpu_runs=3 io_ms=0.486 ip_ms=0.317 total_ms=3.435 status=OK
[FPGA][MATMUL] tensor=blk.18.attn_output.weight layer=18 pos=0 phase=decode M=1 K=1024 N=1152 rows=256 col_beats=32 vpu_runs=10 io_ms=1.625 ip_ms=1.136 total_ms=12.738 status=OK
[FPGA][MATMUL] tensor=blk.18.ffn_gate.weight layer=18 pos=0 phase=decode M=1 K=1152 N=6912 rows=256 col_beats=32 vpu_runs=81 io_ms=13.078 ip_ms=8.562 total_ms=92.723 status=OK
[FPGA][MATMUL] tensor=blk.18.ffn_up.weight layer=18 pos=0 phase=decode M=1 K=1152 N=6912 rows=256 col_beats=32 vpu_runs=81 io_ms=13.080 ip_ms=8.558 total_ms=92.537 status=OK
[FPGA][MATMUL] tensor=blk.18.ffn_down.weight layer=18 pos=0 phase=decode M=1 K=6912 N=1152 rows=256 col_beats=32 vpu_runs=70 io_ms=11.239 ip_ms=7.774 total_ms=83.468 status=OK
[FPGA][MATMUL] tensor=blk.19.attn_q.weight layer=19 pos=0 phase=decode M=1 K=1152 N=1024 rows=256 col_beats=32 vpu_runs=12 io_ms=1.938 ip_ms=1.268 total_ms=13.832 status=OK
[FPGA][MATMUL] tensor=blk.19.attn_k.weight layer=19 pos=0 phase=decode M=1 K=1152 N=256 rows=256 col_beats=32 vpu_runs=3 io_ms=0.488 ip_ms=0.317 total_ms=3.505 status=OK
[FPGA][MATMUL] tensor=blk.19.attn_v.weight layer=19 pos=0 phase=decode M=1 K=1152 N=256 rows=256 col_beats=32 vpu_runs=3 io_ms=0.483 ip_ms=0.317 total_ms=3.457 status=OK
[FPGA][MATMUL] tensor=blk.19.attn_output.weight layer=19 pos=0 phase=decode M=1 K=1024 N=1152 rows=256 col_beats=32 vpu_runs=10 io_ms=1.625 ip_ms=1.136 total_ms=12.732 status=OK
[FPGA][MATMUL] tensor=blk.19.ffn_gate.weight layer=19 pos=0 phase=decode M=1 K=1152 N=6912 rows=256 col_beats=32 vpu_runs=81 io_ms=13.119 ip_ms=8.565 total_ms=93.023 status=OK
[FPGA][MATMUL] tensor=blk.19.ffn_up.weight layer=19 pos=0 phase=decode M=1 K=1152 N=6912 rows=256 col_beats=32 vpu_runs=81 io_ms=13.071 ip_ms=8.558 total_ms=92.354 status=OK
[FPGA][MATMUL] tensor=blk.19.ffn_down.weight layer=19 pos=0 phase=decode M=1 K=6912 N=1152 rows=256 col_beats=32 vpu_runs=70 io_ms=11.256 ip_ms=7.762 total_ms=83.477 status=OK
[FPGA][MATMUL] tensor=blk.20.attn_q.weight layer=20 pos=0 phase=decode M=1 K=1152 N=1024 rows=256 col_beats=32 vpu_runs=12 io_ms=1.938 ip_ms=1.269 total_ms=13.797 status=OK
[FPGA][MATMUL] tensor=blk.20.attn_k.weight layer=20 pos=0 phase=decode M=1 K=1152 N=256 rows=256 col_beats=32 vpu_runs=3 io_ms=0.486 ip_ms=0.318 total_ms=3.448 status=OK
[FPGA][MATMUL] tensor=blk.20.attn_v.weight layer=20 pos=0 phase=decode M=1 K=1152 N=256 rows=256 col_beats=32 vpu_runs=3 io_ms=0.485 ip_ms=0.317 total_ms=3.436 status=OK
[FPGA][MATMUL] tensor=blk.20.attn_output.weight layer=20 pos=0 phase=decode M=1 K=1024 N=1152 rows=256 col_beats=32 vpu_runs=10 io_ms=1.633 ip_ms=1.134 total_ms=12.823 status=OK
[FPGA][MATMUL] tensor=blk.20.ffn_gate.weight layer=20 pos=0 phase=decode M=1 K=1152 N=6912 rows=256 col_beats=32 vpu_runs=81 io_ms=13.067 ip_ms=8.566 total_ms=92.354 status=OK
[FPGA][MATMUL] tensor=blk.20.ffn_up.weight layer=20 pos=0 phase=decode M=1 K=1152 N=6912 rows=256 col_beats=32 vpu_runs=81 io_ms=13.067 ip_ms=8.564 total_ms=92.397 status=OK
[FPGA][MATMUL] tensor=blk.20.ffn_down.weight layer=20 pos=0 phase=decode M=1 K=6912 N=1152 rows=256 col_beats=32 vpu_runs=70 io_ms=11.241 ip_ms=7.769 total_ms=83.381 status=OK
[FPGA][MATMUL] tensor=blk.21.attn_q.weight layer=21 pos=0 phase=decode M=1 K=1152 N=1024 rows=256 col_beats=32 vpu_runs=12 io_ms=1.941 ip_ms=1.270 total_ms=13.710 status=OK
[FPGA][MATMUL] tensor=blk.21.attn_k.weight layer=21 pos=0 phase=decode M=1 K=1152 N=256 rows=256 col_beats=32 vpu_runs=3 io_ms=0.487 ip_ms=0.318 total_ms=3.437 status=OK
[FPGA][MATMUL] tensor=blk.21.attn_v.weight layer=21 pos=0 phase=decode M=1 K=1152 N=256 rows=256 col_beats=32 vpu_runs=3 io_ms=0.484 ip_ms=0.318 total_ms=3.463 status=OK
[FPGA][MATMUL] tensor=blk.21.attn_output.weight layer=21 pos=0 phase=decode M=1 K=1024 N=1152 rows=256 col_beats=32 vpu_runs=10 io_ms=1.630 ip_ms=1.148 total_ms=12.822 status=OK
[FPGA][MATMUL] tensor=blk.21.ffn_gate.weight layer=21 pos=0 phase=decode M=1 K=1152 N=6912 rows=256 col_beats=32 vpu_runs=81 io_ms=13.067 ip_ms=8.565 total_ms=92.407 status=OK
[FPGA][MATMUL] tensor=blk.21.ffn_up.weight layer=21 pos=0 phase=decode M=1 K=1152 N=6912 rows=256 col_beats=32 vpu_runs=81 io_ms=13.076 ip_ms=8.564 total_ms=92.658 status=OK
[FPGA][MATMUL] tensor=blk.21.ffn_down.weight layer=21 pos=0 phase=decode M=1 K=6912 N=1152 rows=256 col_beats=32 vpu_runs=70 io_ms=11.274 ip_ms=7.769 total_ms=83.281 status=OK
[FPGA][MATMUL] tensor=blk.22.attn_q.weight layer=22 pos=0 phase=decode M=1 K=1152 N=1024 rows=256 col_beats=32 vpu_runs=12 io_ms=1.940 ip_ms=1.269 total_ms=13.719 status=OK
[FPGA][MATMUL] tensor=blk.22.attn_k.weight layer=22 pos=0 phase=decode M=1 K=1152 N=256 rows=256 col_beats=32 vpu_runs=3 io_ms=0.485 ip_ms=0.317 total_ms=3.473 status=OK
[FPGA][MATMUL] tensor=blk.22.attn_v.weight layer=22 pos=0 phase=decode M=1 K=1152 N=256 rows=256 col_beats=32 vpu_runs=3 io_ms=0.485 ip_ms=0.317 total_ms=3.422 status=OK
[FPGA][MATMUL] tensor=blk.22.attn_output.weight layer=22 pos=0 phase=decode M=1 K=1024 N=1152 rows=256 col_beats=32 vpu_runs=10 io_ms=1.626 ip_ms=1.136 total_ms=12.778 status=OK
[FPGA][MATMUL] tensor=blk.22.ffn_gate.weight layer=22 pos=0 phase=decode M=1 K=1152 N=6912 rows=256 col_beats=32 vpu_runs=81 io_ms=13.078 ip_ms=8.559 total_ms=92.572 status=OK
[FPGA][MATMUL] tensor=blk.22.ffn_up.weight layer=22 pos=0 phase=decode M=1 K=1152 N=6912 rows=256 col_beats=32 vpu_runs=81 io_ms=13.075 ip_ms=8.575 total_ms=92.562 status=OK
[FPGA][MATMUL] tensor=blk.22.ffn_down.weight layer=22 pos=0 phase=decode M=1 K=6912 N=1152 rows=256 col_beats=32 vpu_runs=70 io_ms=11.230 ip_ms=7.769 total_ms=83.431 status=OK
[FPGA][MATMUL] tensor=blk.23.attn_q.weight layer=23 pos=0 phase=decode M=1 K=1152 N=1024 rows=256 col_beats=32 vpu_runs=12 io_ms=1.939 ip_ms=1.269 total_ms=13.696 status=OK
[FPGA][MATMUL] tensor=blk.23.attn_k.weight layer=23 pos=0 phase=decode M=1 K=1152 N=256 rows=256 col_beats=32 vpu_runs=3 io_ms=0.488 ip_ms=0.318 total_ms=3.473 status=OK
[FPGA][MATMUL] tensor=blk.23.attn_v.weight layer=23 pos=0 phase=decode M=1 K=1152 N=256 rows=256 col_beats=32 vpu_runs=3 io_ms=0.485 ip_ms=0.318 total_ms=3.441 status=OK
[FPGA][MATMUL] tensor=blk.23.attn_output.weight layer=23 pos=0 phase=decode M=1 K=1024 N=1152 rows=256 col_beats=32 vpu_runs=10 io_ms=1.628 ip_ms=1.136 total_ms=12.754 status=OK
[FPGA][MATMUL] tensor=blk.23.ffn_gate.weight layer=23 pos=0 phase=decode M=1 K=1152 N=6912 rows=256 col_beats=32 vpu_runs=81 io_ms=13.073 ip_ms=8.561 total_ms=92.474 status=OK
[FPGA][MATMUL] tensor=blk.23.ffn_up.weight layer=23 pos=0 phase=decode M=1 K=1152 N=6912 rows=256 col_beats=32 vpu_runs=81 io_ms=13.074 ip_ms=8.559 total_ms=92.364 status=OK
[FPGA][MATMUL] tensor=blk.23.ffn_down.weight layer=23 pos=0 phase=decode M=1 K=6912 N=1152 rows=256 col_beats=32 vpu_runs=70 io_ms=11.239 ip_ms=7.767 total_ms=83.446 status=OK
[FPGA][MATMUL] tensor=blk.24.attn_q.weight layer=24 pos=0 phase=decode M=1 K=1152 N=1024 rows=256 col_beats=32 vpu_runs=12 io_ms=1.941 ip_ms=1.268 total_ms=13.780 status=OK
[FPGA][MATMUL] tensor=blk.24.attn_k.weight layer=24 pos=0 phase=decode M=1 K=1152 N=256 rows=256 col_beats=32 vpu_runs=3 io_ms=0.489 ip_ms=0.317 total_ms=3.435 status=OK
[FPGA][MATMUL] tensor=blk.24.attn_v.weight layer=24 pos=0 phase=decode M=1 K=1152 N=256 rows=256 col_beats=32 vpu_runs=3 io_ms=0.484 ip_ms=0.318 total_ms=3.438 status=OK
[FPGA][MATMUL] tensor=blk.24.attn_output.weight layer=24 pos=0 phase=decode M=1 K=1024 N=1152 rows=256 col_beats=32 vpu_runs=10 io_ms=1.627 ip_ms=1.136 total_ms=12.710 status=OK
[FPGA][MATMUL] tensor=blk.24.ffn_gate.weight layer=24 pos=0 phase=decode M=1 K=1152 N=6912 rows=256 col_beats=32 vpu_runs=81 io_ms=13.123 ip_ms=8.562 total_ms=92.562 status=OK
[FPGA][MATMUL] tensor=blk.24.ffn_up.weight layer=24 pos=0 phase=decode M=1 K=1152 N=6912 rows=256 col_beats=32 vpu_runs=81 io_ms=13.071 ip_ms=8.605 total_ms=92.617 status=OK
[FPGA][MATMUL] tensor=blk.24.ffn_down.weight layer=24 pos=0 phase=decode M=1 K=6912 N=1152 rows=256 col_beats=32 vpu_runs=70 io_ms=11.248 ip_ms=7.762 total_ms=83.403 status=OK
[FPGA][MATMUL] tensor=blk.25.attn_q.weight layer=25 pos=0 phase=decode M=1 K=1152 N=1024 rows=256 col_beats=32 vpu_runs=12 io_ms=1.946 ip_ms=1.350 total_ms=13.830 status=OK
[FPGA][MATMUL] tensor=blk.25.attn_k.weight layer=25 pos=0 phase=decode M=1 K=1152 N=256 rows=256 col_beats=32 vpu_runs=3 io_ms=0.486 ip_ms=0.317 total_ms=3.430 status=OK
[FPGA][MATMUL] tensor=blk.25.attn_v.weight layer=25 pos=0 phase=decode M=1 K=1152 N=256 rows=256 col_beats=32 vpu_runs=3 io_ms=0.483 ip_ms=0.317 total_ms=3.426 status=OK
[FPGA][MATMUL] tensor=blk.25.attn_output.weight layer=25 pos=0 phase=decode M=1 K=1024 N=1152 rows=256 col_beats=32 vpu_runs=10 io_ms=1.626 ip_ms=1.136 total_ms=12.719 status=OK
[FPGA][MATMUL] tensor=blk.25.ffn_gate.weight layer=25 pos=0 phase=decode M=1 K=1152 N=6912 rows=256 col_beats=32 vpu_runs=81 io_ms=13.078 ip_ms=8.559 total_ms=92.369 status=OK
[FPGA][MATMUL] tensor=blk.25.ffn_up.weight layer=25 pos=0 phase=decode M=1 K=1152 N=6912 rows=256 col_beats=32 vpu_runs=81 io_ms=13.071 ip_ms=8.561 total_ms=92.390 status=OK
[FPGA][MATMUL] tensor=blk.25.ffn_down.weight layer=25 pos=0 phase=decode M=1 K=6912 N=1152 rows=256 col_beats=32 vpu_runs=70 io_ms=11.255 ip_ms=7.775 total_ms=83.332 status=OK
[FPGA][MATMUL] tensor=token_embd.weight layer=0 pos=0 phase=decode M=1 K=1152 N=262144 rows=256 col_beats=32 vpu_runs=3072 io_ms=495.884 ip_ms=324.772 total_ms=3511.814 status=OK
[FPGA][MATMUL] tensor=blk.0.attn_q.weight layer=0 pos=0 phase=decode M=1 K=1152 N=1024 rows=256 col_beats=32 vpu_runs=12 io_ms=1.944 ip_ms=1.271 total_ms=13.734 status=OK
[FPGA][MATMUL] tensor=blk.0.attn_k.weight layer=0 pos=0 phase=decode M=1 K=1152 N=256 rows=256 col_beats=32 vpu_runs=3 io_ms=0.486 ip_ms=0.317 total_ms=3.432 status=OK
[FPGA][MATMUL] tensor=blk.0.attn_v.weight layer=0 pos=0 phase=decode M=1 K=1152 N=256 rows=256 col_beats=32 vpu_runs=3 io_ms=0.484 ip_ms=0.319 total_ms=3.443 status=OK
[FPGA][MATMUL] tensor=blk.0.attn_output.weight layer=0 pos=0 phase=decode M=1 K=1024 N=1152 rows=256 col_beats=32 vpu_runs=10 io_ms=1.629 ip_ms=1.135 total_ms=12.748 status=OK
[FPGA][MATMUL] tensor=blk.0.ffn_gate.weight layer=0 pos=0 phase=decode M=1 K=1152 N=6912 rows=256 col_beats=32 vpu_runs=81 io_ms=13.076 ip_ms=8.561 total_ms=92.515 status=OK
[FPGA][MATMUL] tensor=blk.0.ffn_up.weight layer=0 pos=0 phase=decode M=1 K=1152 N=6912 rows=256 col_beats=32 vpu_runs=81 io_ms=13.090 ip_ms=8.561 total_ms=92.580 status=OK
[FPGA][MATMUL] tensor=blk.0.ffn_down.weight layer=0 pos=0 phase=decode M=1 K=6912 N=1152 rows=256 col_beats=32 vpu_runs=70 io_ms=11.343 ip_ms=7.763 total_ms=83.498 status=OK
[FPGA][MATMUL] tensor=blk.1.attn_q.weight layer=1 pos=0 phase=decode M=1 K=1152 N=1024 rows=256 col_beats=32 vpu_runs=12 io_ms=1.938 ip_ms=1.270 total_ms=13.766 status=OK
[FPGA][MATMUL] tensor=blk.1.attn_k.weight layer=1 pos=0 phase=decode M=1 K=1152 N=256 rows=256 col_beats=32 vpu_runs=3 io_ms=0.487 ip_ms=0.317 total_ms=3.435 status=OK
[FPGA][MATMUL] tensor=blk.1.attn_v.weight layer=1 pos=0 phase=decode M=1 K=1152 N=256 rows=256 col_beats=32 vpu_runs=3 io_ms=0.484 ip_ms=0.317 total_ms=3.434 status=OK
[FPGA][MATMUL] tensor=blk.1.attn_output.weight layer=1 pos=0 phase=decode M=1 K=1024 N=1152 rows=256 col_beats=32 vpu_runs=10 io_ms=1.633 ip_ms=1.134 total_ms=12.704 status=OK
[FPGA][MATMUL] tensor=blk.1.ffn_gate.weight layer=1 pos=0 phase=decode M=1 K=1152 N=6912 rows=256 col_beats=32 vpu_runs=81 io_ms=13.075 ip_ms=8.561 total_ms=92.597 status=OK
[FPGA][MATMUL] tensor=blk.1.ffn_up.weight layer=1 pos=0 phase=decode M=1 K=1152 N=6912 rows=256 col_beats=32 vpu_runs=81 io_ms=13.073 ip_ms=8.564 total_ms=92.416 status=OK
[FPGA][MATMUL] tensor=blk.1.ffn_down.weight layer=1 pos=0 phase=decode M=1 K=6912 N=1152 rows=256 col_beats=32 vpu_runs=70 io_ms=11.251 ip_ms=7.762 total_ms=83.281 status=OK
[FPGA][MATMUL] tensor=blk.2.attn_q.weight layer=2 pos=0 phase=decode M=1 K=1152 N=1024 rows=256 col_beats=32 vpu_runs=12 io_ms=1.942 ip_ms=1.277 total_ms=13.812 status=OK
[FPGA][MATMUL] tensor=blk.2.attn_k.weight layer=2 pos=0 phase=decode M=1 K=1152 N=256 rows=256 col_beats=32 vpu_runs=3 io_ms=0.488 ip_ms=0.318 total_ms=3.444 status=OK
[FPGA][MATMUL] tensor=blk.2.attn_v.weight layer=2 pos=0 phase=decode M=1 K=1152 N=256 rows=256 col_beats=32 vpu_runs=3 io_ms=0.486 ip_ms=0.317 total_ms=3.446 status=OK
[FPGA][MATMUL] tensor=blk.2.attn_output.weight layer=2 pos=0 phase=decode M=1 K=1024 N=1152 rows=256 col_beats=32 vpu_runs=10 io_ms=1.625 ip_ms=1.137 total_ms=12.730 status=OK
[FPGA][MATMUL] tensor=blk.2.ffn_gate.weight layer=2 pos=0 phase=decode M=1 K=1152 N=6912 rows=256 col_beats=32 vpu_runs=81 io_ms=13.070 ip_ms=8.566 total_ms=92.328 status=OK
[FPGA][MATMUL] tensor=blk.2.ffn_up.weight layer=2 pos=0 phase=decode M=1 K=1152 N=6912 rows=256 col_beats=32 vpu_runs=81 io_ms=13.080 ip_ms=8.560 total_ms=92.402 status=OK
[FPGA][MATMUL] tensor=blk.2.ffn_down.weight layer=2 pos=0 phase=decode M=1 K=6912 N=1152 rows=256 col_beats=32 vpu_runs=70 io_ms=11.241 ip_ms=7.776 total_ms=83.306 status=OK
[FPGA][MATMUL] tensor=blk.3.attn_q.weight layer=3 pos=0 phase=decode M=1 K=1152 N=1024 rows=256 col_beats=32 vpu_runs=12 io_ms=1.936 ip_ms=1.268 total_ms=13.714 status=OK
[FPGA][MATMUL] tensor=blk.3.attn_k.weight layer=3 pos=0 phase=decode M=1 K=1152 N=256 rows=256 col_beats=32 vpu_runs=3 io_ms=0.485 ip_ms=0.319 total_ms=3.441 status=OK
[FPGA][MATMUL] tensor=blk.3.attn_v.weight layer=3 pos=0 phase=decode M=1 K=1152 N=256 rows=256 col_beats=32 vpu_runs=3 io_ms=0.487 ip_ms=0.317 total_ms=3.467 status=OK
[FPGA][MATMUL] tensor=blk.3.attn_output.weight layer=3 pos=0 phase=decode M=1 K=1024 N=1152 rows=256 col_beats=32 vpu_runs=10 io_ms=1.628 ip_ms=1.135 total_ms=12.757 status=OK
[FPGA][MATMUL] tensor=blk.3.ffn_gate.weight layer=3 pos=0 phase=decode M=1 K=1152 N=6912 rows=256 col_beats=32 vpu_runs=81 io_ms=13.092 ip_ms=8.563 total_ms=92.400 status=OK
[FPGA][MATMUL] tensor=blk.3.ffn_up.weight layer=3 pos=0 phase=decode M=1 K=1152 N=6912 rows=256 col_beats=32 vpu_runs=81 io_ms=13.070 ip_ms=8.561 total_ms=92.319 status=OK
[FPGA][MATMUL] tensor=blk.3.ffn_down.weight layer=3 pos=0 phase=decode M=1 K=6912 N=1152 rows=256 col_beats=32 vpu_runs=70 io_ms=11.254 ip_ms=7.765 total_ms=83.544 status=OK
[FPGA][MATMUL] tensor=blk.4.attn_q.weight layer=4 pos=0 phase=decode M=1 K=1152 N=1024 rows=256 col_beats=32 vpu_runs=12 io_ms=1.938 ip_ms=1.267 total_ms=13.718 status=OK
[FPGA][MATMUL] tensor=blk.4.attn_k.weight layer=4 pos=0 phase=decode M=1 K=1152 N=256 rows=256 col_beats=32 vpu_runs=3 io_ms=0.489 ip_ms=0.317 total_ms=3.447 status=OK
[FPGA][MATMUL] tensor=blk.4.attn_v.weight layer=4 pos=0 phase=decode M=1 K=1152 N=256 rows=256 col_beats=32 vpu_runs=3 io_ms=0.485 ip_ms=0.318 total_ms=3.430 status=OK
[FPGA][MATMUL] tensor=blk.4.attn_output.weight layer=4 pos=0 phase=decode M=1 K=1024 N=1152 rows=256 col_beats=32 vpu_runs=10 io_ms=1.637 ip_ms=1.138 total_ms=12.730 status=OK
[FPGA][MATMUL] tensor=blk.4.ffn_gate.weight layer=4 pos=0 phase=decode M=1 K=1152 N=6912 rows=256 col_beats=32 vpu_runs=81 io_ms=13.208 ip_ms=8.563 total_ms=92.861 status=OK
[FPGA][MATMUL] tensor=blk.4.ffn_up.weight layer=4 pos=0 phase=decode M=1 K=1152 N=6912 rows=256 col_beats=32 vpu_runs=81 io_ms=13.083 ip_ms=8.560 total_ms=92.463 status=OK
[FPGA][MATMUL] tensor=blk.4.ffn_down.weight layer=4 pos=0 phase=decode M=1 K=6912 N=1152 rows=256 col_beats=32 vpu_runs=70 io_ms=11.266 ip_ms=7.765 total_ms=83.429 status=OK
[FPGA][MATMUL] tensor=blk.5.attn_q.weight layer=5 pos=0 phase=decode M=1 K=1152 N=1024 rows=256 col_beats=32 vpu_runs=12 io_ms=1.940 ip_ms=1.269 total_ms=13.730 status=OK
[FPGA][MATMUL] tensor=blk.5.attn_k.weight layer=5 pos=0 phase=decode M=1 K=1152 N=256 rows=256 col_beats=32 vpu_runs=3 io_ms=0.488 ip_ms=0.318 total_ms=3.435 status=OK
[FPGA][MATMUL] tensor=blk.5.attn_v.weight layer=5 pos=0 phase=decode M=1 K=1152 N=256 rows=256 col_beats=32 vpu_runs=3 io_ms=0.484 ip_ms=0.317 total_ms=3.443 status=OK
[FPGA][MATMUL] tensor=blk.5.attn_output.weight layer=5 pos=0 phase=decode M=1 K=1024 N=1152 rows=256 col_beats=32 vpu_runs=10 io_ms=1.626 ip_ms=1.135 total_ms=12.719 status=OK
[FPGA][MATMUL] tensor=blk.5.ffn_gate.weight layer=5 pos=0 phase=decode M=1 K=1152 N=6912 rows=256 col_beats=32 vpu_runs=81 io_ms=13.068 ip_ms=8.560 total_ms=92.448 status=OK
[FPGA][MATMUL] tensor=blk.5.ffn_up.weight layer=5 pos=0 phase=decode M=1 K=1152 N=6912 rows=256 col_beats=32 vpu_runs=81 io_ms=13.076 ip_ms=8.564 total_ms=92.441 status=OK
[FPGA][MATMUL] tensor=blk.5.ffn_down.weight layer=5 pos=0 phase=decode M=1 K=6912 N=1152 rows=256 col_beats=32 vpu_runs=70 io_ms=11.239 ip_ms=7.770 total_ms=83.772 status=OK
[FPGA][MATMUL] tensor=blk.6.attn_q.weight layer=6 pos=0 phase=decode M=1 K=1152 N=1024 rows=256 col_beats=32 vpu_runs=12 io_ms=1.950 ip_ms=1.269 total_ms=13.707 status=OK
[FPGA][MATMUL] tensor=blk.6.attn_k.weight layer=6 pos=0 phase=decode M=1 K=1152 N=256 rows=256 col_beats=32 vpu_runs=3 io_ms=0.486 ip_ms=0.317 total_ms=3.432 status=OK
[FPGA][MATMUL] tensor=blk.6.attn_v.weight layer=6 pos=0 phase=decode M=1 K=1152 N=256 rows=256 col_beats=32 vpu_runs=3 io_ms=0.486 ip_ms=0.317 total_ms=3.453 status=OK
[FPGA][MATMUL] tensor=blk.6.attn_output.weight layer=6 pos=0 phase=decode M=1 K=1024 N=1152 rows=256 col_beats=32 vpu_runs=10 io_ms=1.628 ip_ms=1.135 total_ms=12.740 status=OK
[FPGA][MATMUL] tensor=blk.6.ffn_gate.weight layer=6 pos=0 phase=decode M=1 K=1152 N=6912 rows=256 col_beats=32 vpu_runs=81 io_ms=13.073 ip_ms=8.565 total_ms=92.529 status=OK
[FPGA][MATMUL] tensor=blk.6.ffn_up.weight layer=6 pos=0 phase=decode M=1 K=1152 N=6912 rows=256 col_beats=32 vpu_runs=81 io_ms=13.102 ip_ms=8.561 total_ms=92.405 status=OK
[FPGA][MATMUL] tensor=blk.6.ffn_down.weight layer=6 pos=0 phase=decode M=1 K=6912 N=1152 rows=256 col_beats=32 vpu_runs=70 io_ms=11.245 ip_ms=7.766 total_ms=83.866 status=OK
[FPGA][MATMUL] tensor=blk.7.attn_q.weight layer=7 pos=0 phase=decode M=1 K=1152 N=1024 rows=256 col_beats=32 vpu_runs=12 io_ms=1.942 ip_ms=1.269 total_ms=13.777 status=OK
[FPGA][MATMUL] tensor=blk.7.attn_k.weight layer=7 pos=0 phase=decode M=1 K=1152 N=256 rows=256 col_beats=32 vpu_runs=3 io_ms=0.484 ip_ms=0.318 total_ms=3.448 status=OK
[FPGA][MATMUL] tensor=blk.7.attn_v.weight layer=7 pos=0 phase=decode M=1 K=1152 N=256 rows=256 col_beats=32 vpu_runs=3 io_ms=0.486 ip_ms=0.317 total_ms=3.441 status=OK
[FPGA][MATMUL] tensor=blk.7.attn_output.weight layer=7 pos=0 phase=decode M=1 K=1024 N=1152 rows=256 col_beats=32 vpu_runs=10 io_ms=1.630 ip_ms=1.136 total_ms=12.682 status=OK
[FPGA][MATMUL] tensor=blk.7.ffn_gate.weight layer=7 pos=0 phase=decode M=1 K=1152 N=6912 rows=256 col_beats=32 vpu_runs=81 io_ms=13.063 ip_ms=8.557 total_ms=92.447 status=OK
[FPGA][MATMUL] tensor=blk.7.ffn_up.weight layer=7 pos=0 phase=decode M=1 K=1152 N=6912 rows=256 col_beats=32 vpu_runs=81 io_ms=13.069 ip_ms=8.564 total_ms=92.680 status=OK
[FPGA][MATMUL] tensor=blk.7.ffn_down.weight layer=7 pos=0 phase=decode M=1 K=6912 N=1152 rows=256 col_beats=32 vpu_runs=70 io_ms=11.255 ip_ms=7.770 total_ms=83.647 status=OK
[FPGA][MATMUL] tensor=blk.8.attn_q.weight layer=8 pos=0 phase=decode M=1 K=1152 N=1024 rows=256 col_beats=32 vpu_runs=12 io_ms=1.939 ip_ms=1.268 total_ms=13.705 status=OK
[FPGA][MATMUL] tensor=blk.8.attn_k.weight layer=8 pos=0 phase=decode M=1 K=1152 N=256 rows=256 col_beats=32 vpu_runs=3 io_ms=0.487 ip_ms=0.316 total_ms=3.480 status=OK
[FPGA][MATMUL] tensor=blk.8.attn_v.weight layer=8 pos=0 phase=decode M=1 K=1152 N=256 rows=256 col_beats=32 vpu_runs=3 io_ms=0.487 ip_ms=0.317 total_ms=3.438 status=OK
[FPGA][MATMUL] tensor=blk.8.attn_output.weight layer=8 pos=0 phase=decode M=1 K=1024 N=1152 rows=256 col_beats=32 vpu_runs=10 io_ms=1.629 ip_ms=1.134 total_ms=12.730 status=OK
[FPGA][MATMUL] tensor=blk.8.ffn_gate.weight layer=8 pos=0 phase=decode M=1 K=1152 N=6912 rows=256 col_beats=32 vpu_runs=81 io_ms=13.081 ip_ms=8.562 total_ms=92.549 status=OK
[FPGA][MATMUL] tensor=blk.8.ffn_up.weight layer=8 pos=0 phase=decode M=1 K=1152 N=6912 rows=256 col_beats=32 vpu_runs=81 io_ms=13.065 ip_ms=8.565 total_ms=92.558 status=OK
[FPGA][MATMUL] tensor=blk.8.ffn_down.weight layer=8 pos=0 phase=decode M=1 K=6912 N=1152 rows=256 col_beats=32 vpu_runs=70 io_ms=11.242 ip_ms=7.775 total_ms=83.729 status=OK
[FPGA][MATMUL] tensor=blk.9.attn_q.weight layer=9 pos=0 phase=decode M=1 K=1152 N=1024 rows=256 col_beats=32 vpu_runs=12 io_ms=1.942 ip_ms=1.269 total_ms=13.770 status=OK
[FPGA][MATMUL] tensor=blk.9.attn_k.weight layer=9 pos=0 phase=decode M=1 K=1152 N=256 rows=256 col_beats=32 vpu_runs=3 io_ms=0.488 ip_ms=0.317 total_ms=3.470 status=OK
[FPGA][MATMUL] tensor=blk.9.attn_v.weight layer=9 pos=0 phase=decode M=1 K=1152 N=256 rows=256 col_beats=32 vpu_runs=3 io_ms=0.485 ip_ms=0.317 total_ms=3.431 status=OK
[FPGA][MATMUL] tensor=blk.9.attn_output.weight layer=9 pos=0 phase=decode M=1 K=1024 N=1152 rows=256 col_beats=32 vpu_runs=10 io_ms=1.626 ip_ms=1.136 total_ms=12.700 status=OK
[FPGA][MATMUL] tensor=blk.9.ffn_gate.weight layer=9 pos=0 phase=decode M=1 K=1152 N=6912 rows=256 col_beats=32 vpu_runs=81 io_ms=13.075 ip_ms=8.559 total_ms=92.940 status=OK
[FPGA][MATMUL] tensor=blk.9.ffn_up.weight layer=9 pos=0 phase=decode M=1 K=1152 N=6912 rows=256 col_beats=32 vpu_runs=81 io_ms=13.067 ip_ms=8.576 total_ms=92.858 status=OK
[FPGA][MATMUL] tensor=blk.9.ffn_down.weight layer=9 pos=0 phase=decode M=1 K=6912 N=1152 rows=256 col_beats=32 vpu_runs=70 io_ms=11.246 ip_ms=7.768 total_ms=83.782 status=OK
[FPGA][MATMUL] tensor=blk.10.attn_q.weight layer=10 pos=0 phase=decode M=1 K=1152 N=1024 rows=256 col_beats=32 vpu_runs=12 io_ms=1.937 ip_ms=1.270 total_ms=13.694 status=OK
[FPGA][MATMUL] tensor=blk.10.attn_k.weight layer=10 pos=0 phase=decode M=1 K=1152 N=256 rows=256 col_beats=32 vpu_runs=3 io_ms=0.487 ip_ms=0.316 total_ms=3.447 status=OK
[FPGA][MATMUL] tensor=blk.10.attn_v.weight layer=10 pos=0 phase=decode M=1 K=1152 N=256 rows=256 col_beats=32 vpu_runs=3 io_ms=0.486 ip_ms=0.318 total_ms=3.440 status=OK
[FPGA][MATMUL] tensor=blk.10.attn_output.weight layer=10 pos=0 phase=decode M=1 K=1024 N=1152 rows=256 col_beats=32 vpu_runs=10 io_ms=1.626 ip_ms=1.135 total_ms=12.749 status=OK
[FPGA][MATMUL] tensor=blk.10.ffn_gate.weight layer=10 pos=0 phase=decode M=1 K=1152 N=6912 rows=256 col_beats=32 vpu_runs=81 io_ms=13.099 ip_ms=8.568 total_ms=92.373 status=OK
[FPGA][MATMUL] tensor=blk.10.ffn_up.weight layer=10 pos=0 phase=decode M=1 K=1152 N=6912 rows=256 col_beats=32 vpu_runs=81 io_ms=13.063 ip_ms=8.564 total_ms=92.332 status=OK
[FPGA][MATMUL] tensor=blk.10.ffn_down.weight layer=10 pos=0 phase=decode M=1 K=6912 N=1152 rows=256 col_beats=32 vpu_runs=70 io_ms=11.255 ip_ms=7.771 total_ms=83.620 status=OK
[FPGA][MATMUL] tensor=blk.11.attn_q.weight layer=11 pos=0 phase=decode M=1 K=1152 N=1024 rows=256 col_beats=32 vpu_runs=12 io_ms=1.941 ip_ms=1.270 total_ms=13.710 status=OK
[FPGA][MATMUL] tensor=blk.11.attn_k.weight layer=11 pos=0 phase=decode M=1 K=1152 N=256 rows=256 col_beats=32 vpu_runs=3 io_ms=0.486 ip_ms=0.317 total_ms=3.454 status=OK
[FPGA][MATMUL] tensor=blk.11.attn_v.weight layer=11 pos=0 phase=decode M=1 K=1152 N=256 rows=256 col_beats=32 vpu_runs=3 io_ms=0.485 ip_ms=0.317 total_ms=3.631 status=OK
[FPGA][MATMUL] tensor=blk.11.attn_output.weight layer=11 pos=0 phase=decode M=1 K=1024 N=1152 rows=256 col_beats=32 vpu_runs=10 io_ms=1.624 ip_ms=1.135 total_ms=12.746 status=OK
[FPGA][MATMUL] tensor=blk.11.ffn_gate.weight layer=11 pos=0 phase=decode M=1 K=1152 N=6912 rows=256 col_beats=32 vpu_runs=81 io_ms=13.079 ip_ms=8.564 total_ms=92.364 status=OK
[FPGA][MATMUL] tensor=blk.11.ffn_up.weight layer=11 pos=0 phase=decode M=1 K=1152 N=6912 rows=256 col_beats=32 vpu_runs=81 io_ms=13.073 ip_ms=8.563 total_ms=92.637 status=OK
[FPGA][MATMUL] tensor=blk.11.ffn_down.weight layer=11 pos=0 phase=decode M=1 K=6912 N=1152 rows=256 col_beats=32 vpu_runs=70 io_ms=11.254 ip_ms=7.770 total_ms=83.791 status=OK
[FPGA][MATMUL] tensor=blk.12.attn_q.weight layer=12 pos=0 phase=decode M=1 K=1152 N=1024 rows=256 col_beats=32 vpu_runs=12 io_ms=1.937 ip_ms=1.266 total_ms=13.702 status=OK
[FPGA][MATMUL] tensor=blk.12.attn_k.weight layer=12 pos=0 phase=decode M=1 K=1152 N=256 rows=256 col_beats=32 vpu_runs=3 io_ms=0.487 ip_ms=0.318 total_ms=3.448 status=OK
[FPGA][MATMUL] tensor=blk.12.attn_v.weight layer=12 pos=0 phase=decode M=1 K=1152 N=256 rows=256 col_beats=32 vpu_runs=3 io_ms=0.485 ip_ms=0.317 total_ms=3.434 status=OK
[FPGA][MATMUL] tensor=blk.12.attn_output.weight layer=12 pos=0 phase=decode M=1 K=1024 N=1152 rows=256 col_beats=32 vpu_runs=10 io_ms=1.623 ip_ms=1.136 total_ms=12.737 status=OK
[FPGA][MATMUL] tensor=blk.12.ffn_gate.weight layer=12 pos=0 phase=decode M=1 K=1152 N=6912 rows=256 col_beats=32 vpu_runs=81 io_ms=13.067 ip_ms=8.585 total_ms=92.365 status=OK
[FPGA][MATMUL] tensor=blk.12.ffn_up.weight layer=12 pos=0 phase=decode M=1 K=1152 N=6912 rows=256 col_beats=32 vpu_runs=81 io_ms=13.090 ip_ms=8.559 total_ms=92.396 status=OK
[FPGA][MATMUL] tensor=blk.12.ffn_down.weight layer=12 pos=0 phase=decode M=1 K=6912 N=1152 rows=256 col_beats=32 vpu_runs=70 io_ms=11.246 ip_ms=7.768 total_ms=83.602 status=OK
[FPGA][MATMUL] tensor=blk.13.attn_q.weight layer=13 pos=0 phase=decode M=1 K=1152 N=1024 rows=256 col_beats=32 vpu_runs=12 io_ms=1.941 ip_ms=1.268 total_ms=13.793 status=OK
[FPGA][MATMUL] tensor=blk.13.attn_k.weight layer=13 pos=0 phase=decode M=1 K=1152 N=256 rows=256 col_beats=32 vpu_runs=3 io_ms=0.487 ip_ms=0.318 total_ms=3.431 status=OK
[FPGA][MATMUL] tensor=blk.13.attn_v.weight layer=13 pos=0 phase=decode M=1 K=1152 N=256 rows=256 col_beats=32 vpu_runs=3 io_ms=0.485 ip_ms=0.316 total_ms=3.426 status=OK
[FPGA][MATMUL] tensor=blk.13.attn_output.weight layer=13 pos=0 phase=decode M=1 K=1024 N=1152 rows=256 col_beats=32 vpu_runs=10 io_ms=1.628 ip_ms=1.135 total_ms=12.735 status=OK
[FPGA][MATMUL] tensor=blk.13.ffn_gate.weight layer=13 pos=0 phase=decode M=1 K=1152 N=6912 rows=256 col_beats=32 vpu_runs=81 io_ms=13.066 ip_ms=8.564 total_ms=92.906 status=OK
[FPGA][MATMUL] tensor=blk.13.ffn_up.weight layer=13 pos=0 phase=decode M=1 K=1152 N=6912 rows=256 col_beats=32 vpu_runs=81 io_ms=13.080 ip_ms=8.566 total_ms=92.928 status=OK
[FPGA][MATMUL] tensor=blk.13.ffn_down.weight layer=13 pos=0 phase=decode M=1 K=6912 N=1152 rows=256 col_beats=32 vpu_runs=70 io_ms=11.249 ip_ms=7.761 total_ms=83.347 status=OK
[FPGA][MATMUL] tensor=blk.14.attn_q.weight layer=14 pos=0 phase=decode M=1 K=1152 N=1024 rows=256 col_beats=32 vpu_runs=12 io_ms=1.938 ip_ms=1.269 total_ms=13.799 status=OK
[FPGA][MATMUL] tensor=blk.14.attn_k.weight layer=14 pos=0 phase=decode M=1 K=1152 N=256 rows=256 col_beats=32 vpu_runs=3 io_ms=0.486 ip_ms=0.317 total_ms=3.451 status=OK
[FPGA][MATMUL] tensor=blk.14.attn_v.weight layer=14 pos=0 phase=decode M=1 K=1152 N=256 rows=256 col_beats=32 vpu_runs=3 io_ms=0.484 ip_ms=0.317 total_ms=3.421 status=OK
[FPGA][MATMUL] tensor=blk.14.attn_output.weight layer=14 pos=0 phase=decode M=1 K=1024 N=1152 rows=256 col_beats=32 vpu_runs=10 io_ms=1.629 ip_ms=1.136 total_ms=12.759 status=OK
[FPGA][MATMUL] tensor=blk.14.ffn_gate.weight layer=14 pos=0 phase=decode M=1 K=1152 N=6912 rows=256 col_beats=32 vpu_runs=81 io_ms=13.078 ip_ms=8.563 total_ms=92.437 status=OK
[FPGA][MATMUL] tensor=blk.14.ffn_up.weight layer=14 pos=0 phase=decode M=1 K=1152 N=6912 rows=256 col_beats=32 vpu_runs=81 io_ms=13.077 ip_ms=8.560 total_ms=92.568 status=OK
[FPGA][MATMUL] tensor=blk.14.ffn_down.weight layer=14 pos=0 phase=decode M=1 K=6912 N=1152 rows=256 col_beats=32 vpu_runs=70 io_ms=11.239 ip_ms=7.772 total_ms=83.333 status=OK
[FPGA][MATMUL] tensor=blk.15.attn_q.weight layer=15 pos=0 phase=decode M=1 K=1152 N=1024 rows=256 col_beats=32 vpu_runs=12 io_ms=1.939 ip_ms=1.268 total_ms=13.752 status=OK
[FPGA][MATMUL] tensor=blk.15.attn_k.weight layer=15 pos=0 phase=decode M=1 K=1152 N=256 rows=256 col_beats=32 vpu_runs=3 io_ms=0.488 ip_ms=0.317 total_ms=3.453 status=OK
[FPGA][MATMUL] tensor=blk.15.attn_v.weight layer=15 pos=0 phase=decode M=1 K=1152 N=256 rows=256 col_beats=32 vpu_runs=3 io_ms=0.487 ip_ms=0.348 total_ms=3.457 status=OK
[FPGA][MATMUL] tensor=blk.15.attn_output.weight layer=15 pos=0 phase=decode M=1 K=1024 N=1152 rows=256 col_beats=32 vpu_runs=10 io_ms=1.632 ip_ms=1.135 total_ms=12.789 status=OK
[FPGA][MATMUL] tensor=blk.15.ffn_gate.weight layer=15 pos=0 phase=decode M=1 K=1152 N=6912 rows=256 col_beats=32 vpu_runs=81 io_ms=13.072 ip_ms=8.564 total_ms=92.407 status=OK
[FPGA][MATMUL] tensor=blk.15.ffn_up.weight layer=15 pos=0 phase=decode M=1 K=1152 N=6912 rows=256 col_beats=32 vpu_runs=81 io_ms=13.081 ip_ms=8.567 total_ms=92.343 status=OK
[FPGA][MATMUL] tensor=blk.15.ffn_down.weight layer=15 pos=0 phase=decode M=1 K=6912 N=1152 rows=256 col_beats=32 vpu_runs=70 io_ms=11.234 ip_ms=7.768 total_ms=83.797 status=OK
[FPGA][MATMUL] tensor=blk.16.attn_q.weight layer=16 pos=0 phase=decode M=1 K=1152 N=1024 rows=256 col_beats=32 vpu_runs=12 io_ms=1.938 ip_ms=1.270 total_ms=13.801 status=OK
[FPGA][MATMUL] tensor=blk.16.attn_k.weight layer=16 pos=0 phase=decode M=1 K=1152 N=256 rows=256 col_beats=32 vpu_runs=3 io_ms=0.485 ip_ms=0.318 total_ms=3.471 status=OK
[FPGA][MATMUL] tensor=blk.16.attn_v.weight layer=16 pos=0 phase=decode M=1 K=1152 N=256 rows=256 col_beats=32 vpu_runs=3 io_ms=0.484 ip_ms=0.318 total_ms=3.440 status=OK
[FPGA][MATMUL] tensor=blk.16.attn_output.weight layer=16 pos=0 phase=decode M=1 K=1024 N=1152 rows=256 col_beats=32 vpu_runs=10 io_ms=1.625 ip_ms=1.137 total_ms=12.736 status=OK
[FPGA][MATMUL] tensor=blk.16.ffn_gate.weight layer=16 pos=0 phase=decode M=1 K=1152 N=6912 rows=256 col_beats=32 vpu_runs=81 io_ms=13.067 ip_ms=8.564 total_ms=92.294 status=OK
[FPGA][MATMUL] tensor=blk.16.ffn_up.weight layer=16 pos=0 phase=decode M=1 K=1152 N=6912 rows=256 col_beats=32 vpu_runs=81 io_ms=13.088 ip_ms=8.561 total_ms=92.375 status=OK
[FPGA][MATMUL] tensor=blk.16.ffn_down.weight layer=16 pos=0 phase=decode M=1 K=6912 N=1152 rows=256 col_beats=32 vpu_runs=70 io_ms=11.233 ip_ms=7.770 total_ms=83.385 status=OK
[FPGA][MATMUL] tensor=blk.17.attn_q.weight layer=17 pos=0 phase=decode M=1 K=1152 N=1024 rows=256 col_beats=32 vpu_runs=12 io_ms=1.939 ip_ms=1.268 total_ms=13.805 status=OK
[FPGA][MATMUL] tensor=blk.17.attn_k.weight layer=17 pos=0 phase=decode M=1 K=1152 N=256 rows=256 col_beats=32 vpu_runs=3 io_ms=0.487 ip_ms=0.318 total_ms=3.458 status=OK
[FPGA][MATMUL] tensor=blk.17.attn_v.weight layer=17 pos=0 phase=decode M=1 K=1152 N=256 rows=256 col_beats=32 vpu_runs=3 io_ms=0.484 ip_ms=0.317 total_ms=3.431 status=OK
[FPGA][MATMUL] tensor=blk.17.attn_output.weight layer=17 pos=0 phase=decode M=1 K=1024 N=1152 rows=256 col_beats=32 vpu_runs=10 io_ms=1.626 ip_ms=1.137 total_ms=12.725 status=OK
[FPGA][MATMUL] tensor=blk.17.ffn_gate.weight layer=17 pos=0 phase=decode M=1 K=1152 N=6912 rows=256 col_beats=32 vpu_runs=81 io_ms=13.067 ip_ms=8.591 total_ms=92.379 status=OK
[FPGA][MATMUL] tensor=blk.17.ffn_up.weight layer=17 pos=0 phase=decode M=1 K=1152 N=6912 rows=256 col_beats=32 vpu_runs=81 io_ms=13.068 ip_ms=8.560 total_ms=92.617 status=OK
[FPGA][MATMUL] tensor=blk.17.ffn_down.weight layer=17 pos=0 phase=decode M=1 K=6912 N=1152 rows=256 col_beats=32 vpu_runs=70 io_ms=11.252 ip_ms=7.878 total_ms=83.579 status=OK
[FPGA][MATMUL] tensor=blk.18.attn_q.weight layer=18 pos=0 phase=decode M=1 K=1152 N=1024 rows=256 col_beats=32 vpu_runs=12 io_ms=1.939 ip_ms=1.269 total_ms=13.713 status=OK
[FPGA][MATMUL] tensor=blk.18.attn_k.weight layer=18 pos=0 phase=decode M=1 K=1152 N=256 rows=256 col_beats=32 vpu_runs=3 io_ms=0.489 ip_ms=0.317 total_ms=3.453 status=OK
[FPGA][MATMUL] tensor=blk.18.attn_v.weight layer=18 pos=0 phase=decode M=1 K=1152 N=256 rows=256 col_beats=32 vpu_runs=3 io_ms=0.486 ip_ms=0.317 total_ms=3.419 status=OK
[FPGA][MATMUL] tensor=blk.18.attn_output.weight layer=18 pos=0 phase=decode M=1 K=1024 N=1152 rows=256 col_beats=32 vpu_runs=10 io_ms=1.628 ip_ms=1.137 total_ms=12.778 status=OK
[FPGA][MATMUL] tensor=blk.18.ffn_gate.weight layer=18 pos=0 phase=decode M=1 K=1152 N=6912 rows=256 col_beats=32 vpu_runs=81 io_ms=13.076 ip_ms=8.560 total_ms=92.416 status=OK
[FPGA][MATMUL] tensor=blk.18.ffn_up.weight layer=18 pos=0 phase=decode M=1 K=1152 N=6912 rows=256 col_beats=32 vpu_runs=81 io_ms=13.075 ip_ms=8.566 total_ms=92.463 status=OK
[FPGA][MATMUL] tensor=blk.18.ffn_down.weight layer=18 pos=0 phase=decode M=1 K=6912 N=1152 rows=256 col_beats=32 vpu_runs=70 io_ms=11.248 ip_ms=7.764 total_ms=83.344 status=OK
[FPGA][MATMUL] tensor=blk.19.attn_q.weight layer=19 pos=0 phase=decode M=1 K=1152 N=1024 rows=256 col_beats=32 vpu_runs=12 io_ms=1.934 ip_ms=1.271 total_ms=13.744 status=OK
[FPGA][MATMUL] tensor=blk.19.attn_k.weight layer=19 pos=0 phase=decode M=1 K=1152 N=256 rows=256 col_beats=32 vpu_runs=3 io_ms=0.488 ip_ms=0.317 total_ms=3.443 status=OK
[FPGA][MATMUL] tensor=blk.19.attn_v.weight layer=19 pos=0 phase=decode M=1 K=1152 N=256 rows=256 col_beats=32 vpu_runs=3 io_ms=0.485 ip_ms=0.316 total_ms=3.417 status=OK
[FPGA][MATMUL] tensor=blk.19.attn_output.weight layer=19 pos=0 phase=decode M=1 K=1024 N=1152 rows=256 col_beats=32 vpu_runs=10 io_ms=1.621 ip_ms=1.136 total_ms=12.716 status=OK
[FPGA][MATMUL] tensor=blk.19.ffn_gate.weight layer=19 pos=0 phase=decode M=1 K=1152 N=6912 rows=256 col_beats=32 vpu_runs=81 io_ms=13.123 ip_ms=8.563 total_ms=92.504 status=OK
[FPGA][MATMUL] tensor=blk.19.ffn_up.weight layer=19 pos=0 phase=decode M=1 K=1152 N=6912 rows=256 col_beats=32 vpu_runs=81 io_ms=13.097 ip_ms=8.560 total_ms=92.385 status=OK
[FPGA][MATMUL] tensor=blk.19.ffn_down.weight layer=19 pos=0 phase=decode M=1 K=6912 N=1152 rows=256 col_beats=32 vpu_runs=70 io_ms=11.236 ip_ms=7.767 total_ms=83.325 status=OK
[FPGA][MATMUL] tensor=blk.20.attn_q.weight layer=20 pos=0 phase=decode M=1 K=1152 N=1024 rows=256 col_beats=32 vpu_runs=12 io_ms=1.939 ip_ms=1.269 total_ms=13.705 status=OK
[FPGA][MATMUL] tensor=blk.20.attn_k.weight layer=20 pos=0 phase=decode M=1 K=1152 N=256 rows=256 col_beats=32 vpu_runs=3 io_ms=0.488 ip_ms=0.317 total_ms=3.446 status=OK
[FPGA][MATMUL] tensor=blk.20.attn_v.weight layer=20 pos=0 phase=decode M=1 K=1152 N=256 rows=256 col_beats=32 vpu_runs=3 io_ms=0.485 ip_ms=0.317 total_ms=3.438 status=OK
[FPGA][MATMUL] tensor=blk.20.attn_output.weight layer=20 pos=0 phase=decode M=1 K=1024 N=1152 rows=256 col_beats=32 vpu_runs=10 io_ms=1.624 ip_ms=1.137 total_ms=12.725 status=OK
[FPGA][MATMUL] tensor=blk.20.ffn_gate.weight layer=20 pos=0 phase=decode M=1 K=1152 N=6912 rows=256 col_beats=32 vpu_runs=81 io_ms=13.133 ip_ms=8.573 total_ms=92.582 status=OK
[FPGA][MATMUL] tensor=blk.20.ffn_up.weight layer=20 pos=0 phase=decode M=1 K=1152 N=6912 rows=256 col_beats=32 vpu_runs=81 io_ms=13.078 ip_ms=8.563 total_ms=92.406 status=OK
[FPGA][MATMUL] tensor=blk.20.ffn_down.weight layer=20 pos=0 phase=decode M=1 K=6912 N=1152 rows=256 col_beats=32 vpu_runs=70 io_ms=11.238 ip_ms=7.763 total_ms=83.447 status=OK
[FPGA][MATMUL] tensor=blk.21.attn_q.weight layer=21 pos=0 phase=decode M=1 K=1152 N=1024 rows=256 col_beats=32 vpu_runs=12 io_ms=1.938 ip_ms=1.267 total_ms=13.733 status=OK
[FPGA][MATMUL] tensor=blk.21.attn_k.weight layer=21 pos=0 phase=decode M=1 K=1152 N=256 rows=256 col_beats=32 vpu_runs=3 io_ms=0.486 ip_ms=0.318 total_ms=3.449 status=OK
[FPGA][MATMUL] tensor=blk.21.attn_v.weight layer=21 pos=0 phase=decode M=1 K=1152 N=256 rows=256 col_beats=32 vpu_runs=3 io_ms=0.487 ip_ms=0.316 total_ms=3.440 status=OK
[FPGA][MATMUL] tensor=blk.21.attn_output.weight layer=21 pos=0 phase=decode M=1 K=1024 N=1152 rows=256 col_beats=32 vpu_runs=10 io_ms=1.629 ip_ms=1.135 total_ms=12.737 status=OK
[FPGA][MATMUL] tensor=blk.21.ffn_gate.weight layer=21 pos=0 phase=decode M=1 K=1152 N=6912 rows=256 col_beats=32 vpu_runs=81 io_ms=13.066 ip_ms=8.566 total_ms=92.597 status=OK
[FPGA][MATMUL] tensor=blk.21.ffn_up.weight layer=21 pos=0 phase=decode M=1 K=1152 N=6912 rows=256 col_beats=32 vpu_runs=81 io_ms=13.078 ip_ms=8.561 total_ms=92.361 status=OK
[FPGA][MATMUL] tensor=blk.21.ffn_down.weight layer=21 pos=0 phase=decode M=1 K=6912 N=1152 rows=256 col_beats=32 vpu_runs=70 io_ms=11.242 ip_ms=7.767 total_ms=83.629 status=OK
[FPGA][MATMUL] tensor=blk.22.attn_q.weight layer=22 pos=0 phase=decode M=1 K=1152 N=1024 rows=256 col_beats=32 vpu_runs=12 io_ms=1.941 ip_ms=1.270 total_ms=13.797 status=OK
[FPGA][MATMUL] tensor=blk.22.attn_k.weight layer=22 pos=0 phase=decode M=1 K=1152 N=256 rows=256 col_beats=32 vpu_runs=3 io_ms=0.486 ip_ms=0.318 total_ms=3.439 status=OK
[FPGA][MATMUL] tensor=blk.22.attn_v.weight layer=22 pos=0 phase=decode M=1 K=1152 N=256 rows=256 col_beats=32 vpu_runs=3 io_ms=0.485 ip_ms=0.318 total_ms=3.425 status=OK
[FPGA][MATMUL] tensor=blk.22.attn_output.weight layer=22 pos=0 phase=decode M=1 K=1024 N=1152 rows=256 col_beats=32 vpu_runs=10 io_ms=1.625 ip_ms=1.138 total_ms=12.770 status=OK
[FPGA][MATMUL] tensor=blk.22.ffn_gate.weight layer=22 pos=0 phase=decode M=1 K=1152 N=6912 rows=256 col_beats=32 vpu_runs=81 io_ms=13.083 ip_ms=8.558 total_ms=92.541 status=OK
[FPGA][MATMUL] tensor=blk.22.ffn_up.weight layer=22 pos=0 phase=decode M=1 K=1152 N=6912 rows=256 col_beats=32 vpu_runs=81 io_ms=13.079 ip_ms=8.561 total_ms=92.730 status=OK
[FPGA][MATMUL] tensor=blk.22.ffn_down.weight layer=22 pos=0 phase=decode M=1 K=6912 N=1152 rows=256 col_beats=32 vpu_runs=70 io_ms=11.264 ip_ms=7.764 total_ms=83.796 status=OK
[FPGA][MATMUL] tensor=blk.23.attn_q.weight layer=23 pos=0 phase=decode M=1 K=1152 N=1024 rows=256 col_beats=32 vpu_runs=12 io_ms=1.941 ip_ms=1.269 total_ms=13.773 status=OK
[FPGA][MATMUL] tensor=blk.23.attn_k.weight layer=23 pos=0 phase=decode M=1 K=1152 N=256 rows=256 col_beats=32 vpu_runs=3 io_ms=0.486 ip_ms=0.317 total_ms=3.447 status=OK
[FPGA][MATMUL] tensor=blk.23.attn_v.weight layer=23 pos=0 phase=decode M=1 K=1152 N=256 rows=256 col_beats=32 vpu_runs=3 io_ms=0.485 ip_ms=0.317 total_ms=3.469 status=OK
[FPGA][MATMUL] tensor=blk.23.attn_output.weight layer=23 pos=0 phase=decode M=1 K=1024 N=1152 rows=256 col_beats=32 vpu_runs=10 io_ms=1.624 ip_ms=1.136 total_ms=12.810 status=OK
[FPGA][MATMUL] tensor=blk.23.ffn_gate.weight layer=23 pos=0 phase=decode M=1 K=1152 N=6912 rows=256 col_beats=32 vpu_runs=81 io_ms=13.085 ip_ms=8.560 total_ms=92.741 status=OK
[FPGA][MATMUL] tensor=blk.23.ffn_up.weight layer=23 pos=0 phase=decode M=1 K=1152 N=6912 rows=256 col_beats=32 vpu_runs=81 io_ms=13.077 ip_ms=8.560 total_ms=92.635 status=OK
[FPGA][MATMUL] tensor=blk.23.ffn_down.weight layer=23 pos=0 phase=decode M=1 K=6912 N=1152 rows=256 col_beats=32 vpu_runs=70 io_ms=11.291 ip_ms=7.768 total_ms=83.324 status=OK
[FPGA][MATMUL] tensor=blk.24.attn_q.weight layer=24 pos=0 phase=decode M=1 K=1152 N=1024 rows=256 col_beats=32 vpu_runs=12 io_ms=1.940 ip_ms=1.268 total_ms=13.705 status=OK
[FPGA][MATMUL] tensor=blk.24.attn_k.weight layer=24 pos=0 phase=decode M=1 K=1152 N=256 rows=256 col_beats=32 vpu_runs=3 io_ms=0.486 ip_ms=0.317 total_ms=3.451 status=OK
[FPGA][MATMUL] tensor=blk.24.attn_v.weight layer=24 pos=0 phase=decode M=1 K=1152 N=256 rows=256 col_beats=32 vpu_runs=3 io_ms=0.486 ip_ms=0.318 total_ms=3.424 status=OK
[FPGA][MATMUL] tensor=blk.24.attn_output.weight layer=24 pos=0 phase=decode M=1 K=1024 N=1152 rows=256 col_beats=32 vpu_runs=10 io_ms=1.627 ip_ms=1.136 total_ms=12.703 status=OK
[FPGA][MATMUL] tensor=blk.24.ffn_gate.weight layer=24 pos=0 phase=decode M=1 K=1152 N=6912 rows=256 col_beats=32 vpu_runs=81 io_ms=13.079 ip_ms=8.564 total_ms=92.731 status=OK
[FPGA][MATMUL] tensor=blk.24.ffn_up.weight layer=24 pos=0 phase=decode M=1 K=1152 N=6912 rows=256 col_beats=32 vpu_runs=81 io_ms=13.070 ip_ms=8.561 total_ms=92.652 status=OK
[FPGA][MATMUL] tensor=blk.24.ffn_down.weight layer=24 pos=0 phase=decode M=1 K=6912 N=1152 rows=256 col_beats=32 vpu_runs=70 io_ms=11.229 ip_ms=7.772 total_ms=83.424 status=OK
[FPGA][MATMUL] tensor=blk.25.attn_q.weight layer=25 pos=0 phase=decode M=1 K=1152 N=1024 rows=256 col_beats=32 vpu_runs=12 io_ms=1.939 ip_ms=1.266 total_ms=13.705 status=OK
[FPGA][MATMUL] tensor=blk.25.attn_k.weight layer=25 pos=0 phase=decode M=1 K=1152 N=256 rows=256 col_beats=32 vpu_runs=3 io_ms=0.488 ip_ms=0.318 total_ms=3.450 status=OK
[FPGA][MATMUL] tensor=blk.25.attn_v.weight layer=25 pos=0 phase=decode M=1 K=1152 N=256 rows=256 col_beats=32 vpu_runs=3 io_ms=0.484 ip_ms=0.317 total_ms=3.429 status=OK
[FPGA][MATMUL] tensor=blk.25.attn_output.weight layer=25 pos=0 phase=decode M=1 K=1024 N=1152 rows=256 col_beats=32 vpu_runs=10 io_ms=1.637 ip_ms=1.136 total_ms=12.832 status=OK
[FPGA][MATMUL] tensor=blk.25.ffn_gate.weight layer=25 pos=0 phase=decode M=1 K=1152 N=6912 rows=256 col_beats=32 vpu_runs=81 io_ms=13.069 ip_ms=8.561 total_ms=92.498 status=OK
[FPGA][MATMUL] tensor=blk.25.ffn_up.weight layer=25 pos=0 phase=decode M=1 K=1152 N=6912 rows=256 col_beats=32 vpu_runs=81 io_ms=13.061 ip_ms=8.565 total_ms=92.419 status=OK
[FPGA][MATMUL] tensor=blk.25.ffn_down.weight layer=25 pos=0 phase=decode M=1 K=6912 N=1152 rows=256 col_beats=32 vpu_runs=70 io_ms=11.244 ip_ms=7.767 total_ms=83.353 status=OK
[FPGA][MATMUL] tensor=token_embd.weight layer=0 pos=0 phase=decode M=1 K=1152 N=262144 rows=256 col_beats=32 vpu_runs=3072 io_ms=495.849 ip_ms=324.817 total_ms=3508.702 status=OK
[FPGA][MATMUL] tensor=blk.0.attn_q.weight layer=0 pos=0 phase=decode M=1 K=1152 N=1024 rows=256 col_beats=32 vpu_runs=12 io_ms=1.946 ip_ms=1.269 total_ms=13.750 status=OK
[FPGA][MATMUL] tensor=blk.0.attn_k.weight layer=0 pos=0 phase=decode M=1 K=1152 N=256 rows=256 col_beats=32 vpu_runs=3 io_ms=0.487 ip_ms=0.318 total_ms=3.482 status=OK
[FPGA][MATMUL] tensor=blk.0.attn_v.weight layer=0 pos=0 phase=decode M=1 K=1152 N=256 rows=256 col_beats=32 vpu_runs=3 io_ms=0.485 ip_ms=0.317 total_ms=3.448 status=OK
[FPGA][MATMUL] tensor=blk.0.attn_output.weight layer=0 pos=0 phase=decode M=1 K=1024 N=1152 rows=256 col_beats=32 vpu_runs=10 io_ms=1.628 ip_ms=1.136 total_ms=12.753 status=OK
[FPGA][MATMUL] tensor=blk.0.ffn_gate.weight layer=0 pos=0 phase=decode M=1 K=1152 N=6912 rows=256 col_beats=32 vpu_runs=81 io_ms=13.084 ip_ms=8.559 total_ms=92.390 status=OK
[FPGA][MATMUL] tensor=blk.0.ffn_up.weight layer=0 pos=0 phase=decode M=1 K=1152 N=6912 rows=256 col_beats=32 vpu_runs=81 io_ms=13.093 ip_ms=8.562 total_ms=92.620 status=OK
[FPGA][MATMUL] tensor=blk.0.ffn_down.weight layer=0 pos=0 phase=decode M=1 K=6912 N=1152 rows=256 col_beats=32 vpu_runs=70 io_ms=11.240 ip_ms=7.773 total_ms=83.677 status=OK
[FPGA][MATMUL] tensor=blk.1.attn_q.weight layer=1 pos=0 phase=decode M=1 K=1152 N=1024 rows=256 col_beats=32 vpu_runs=12 io_ms=1.942 ip_ms=1.268 total_ms=13.712 status=OK
[FPGA][MATMUL] tensor=blk.1.attn_k.weight layer=1 pos=0 phase=decode M=1 K=1152 N=256 rows=256 col_beats=32 vpu_runs=3 io_ms=0.487 ip_ms=0.316 total_ms=3.475 status=OK
[FPGA][MATMUL] tensor=blk.1.attn_v.weight layer=1 pos=0 phase=decode M=1 K=1152 N=256 rows=256 col_beats=32 vpu_runs=3 io_ms=0.485 ip_ms=0.317 total_ms=3.434 status=OK
[FPGA][MATMUL] tensor=blk.1.attn_output.weight layer=1 pos=0 phase=decode M=1 K=1024 N=1152 rows=256 col_beats=32 vpu_runs=10 io_ms=1.625 ip_ms=1.137 total_ms=12.773 status=OK
[FPGA][MATMUL] tensor=blk.1.ffn_gate.weight layer=1 pos=0 phase=decode M=1 K=1152 N=6912 rows=256 col_beats=32 vpu_runs=81 io_ms=13.062 ip_ms=8.566 total_ms=92.456 status=OK
[FPGA][MATMUL] tensor=blk.1.ffn_up.weight layer=1 pos=0 phase=decode M=1 K=1152 N=6912 rows=256 col_beats=32 vpu_runs=81 io_ms=13.061 ip_ms=8.607 total_ms=92.642 status=OK
[FPGA][MATMUL] tensor=blk.1.ffn_down.weight layer=1 pos=0 phase=decode M=1 K=6912 N=1152 rows=256 col_beats=32 vpu_runs=70 io_ms=11.258 ip_ms=7.820 total_ms=83.865 status=OK
[FPGA][MATMUL] tensor=blk.2.attn_q.weight layer=2 pos=0 phase=decode M=1 K=1152 N=1024 rows=256 col_beats=32 vpu_runs=12 io_ms=1.936 ip_ms=1.268 total_ms=13.704 status=OK
[FPGA][MATMUL] tensor=blk.2.attn_k.weight layer=2 pos=0 phase=decode M=1 K=1152 N=256 rows=256 col_beats=32 vpu_runs=3 io_ms=0.487 ip_ms=0.317 total_ms=3.455 status=OK
[FPGA][MATMUL] tensor=blk.2.attn_v.weight layer=2 pos=0 phase=decode M=1 K=1152 N=256 rows=256 col_beats=32 vpu_runs=3 io_ms=0.494 ip_ms=0.318 total_ms=3.473 status=OK
[FPGA][MATMUL] tensor=blk.2.attn_output.weight layer=2 pos=0 phase=decode M=1 K=1024 N=1152 rows=256 col_beats=32 vpu_runs=10 io_ms=1.634 ip_ms=1.137 total_ms=12.834 status=OK
[FPGA][MATMUL] tensor=blk.2.ffn_gate.weight layer=2 pos=0 phase=decode M=1 K=1152 N=6912 rows=256 col_beats=32 vpu_runs=81 io_ms=13.058 ip_ms=8.571 total_ms=92.675 status=OK
[FPGA][MATMUL] tensor=blk.2.ffn_up.weight layer=2 pos=0 phase=decode M=1 K=1152 N=6912 rows=256 col_beats=32 vpu_runs=81 io_ms=13.069 ip_ms=8.568 total_ms=92.645 status=OK
[FPGA][MATMUL] tensor=blk.2.ffn_down.weight layer=2 pos=0 phase=decode M=1 K=6912 N=1152 rows=256 col_beats=32 vpu_runs=70 io_ms=11.236 ip_ms=7.773 total_ms=83.345 status=OK
[FPGA][MATMUL] tensor=blk.3.attn_q.weight layer=3 pos=0 phase=decode M=1 K=1152 N=1024 rows=256 col_beats=32 vpu_runs=12 io_ms=1.938 ip_ms=1.269 total_ms=13.682 status=OK
[FPGA][MATMUL] tensor=blk.3.attn_k.weight layer=3 pos=0 phase=decode M=1 K=1152 N=256 rows=256 col_beats=32 vpu_runs=3 io_ms=0.494 ip_ms=0.317 total_ms=3.430 status=OK
[FPGA][MATMUL] tensor=blk.3.attn_v.weight layer=3 pos=0 phase=decode M=1 K=1152 N=256 rows=256 col_beats=32 vpu_runs=3 io_ms=0.484 ip_ms=0.317 total_ms=3.437 status=OK
[FPGA][MATMUL] tensor=blk.3.attn_output.weight layer=3 pos=0 phase=decode M=1 K=1024 N=1152 rows=256 col_beats=32 vpu_runs=10 io_ms=1.629 ip_ms=1.134 total_ms=12.755 status=OK
[FPGA][MATMUL] tensor=blk.3.ffn_gate.weight layer=3 pos=0 phase=decode M=1 K=1152 N=6912 rows=256 col_beats=32 vpu_runs=81 io_ms=13.081 ip_ms=8.565 total_ms=92.479 status=OK
[FPGA][MATMUL] tensor=blk.3.ffn_up.weight layer=3 pos=0 phase=decode M=1 K=1152 N=6912 rows=256 col_beats=32 vpu_runs=81 io_ms=13.067 ip_ms=8.563 total_ms=92.493 status=OK
[FPGA][MATMUL] tensor=blk.3.ffn_down.weight layer=3 pos=0 phase=decode M=1 K=6912 N=1152 rows=256 col_beats=32 vpu_runs=70 io_ms=11.256 ip_ms=7.769 total_ms=83.761 status=OK
[FPGA][MATMUL] tensor=blk.4.attn_q.weight layer=4 pos=0 phase=decode M=1 K=1152 N=1024 rows=256 col_beats=32 vpu_runs=12 io_ms=1.947 ip_ms=1.268 total_ms=13.716 status=OK
[FPGA][MATMUL] tensor=blk.4.attn_k.weight layer=4 pos=0 phase=decode M=1 K=1152 N=256 rows=256 col_beats=32 vpu_runs=3 io_ms=0.485 ip_ms=0.318 total_ms=3.452 status=OK
[FPGA][MATMUL] tensor=blk.4.attn_v.weight layer=4 pos=0 phase=decode M=1 K=1152 N=256 rows=256 col_beats=32 vpu_runs=3 io_ms=0.485 ip_ms=0.317 total_ms=3.433 status=OK
[FPGA][MATMUL] tensor=blk.4.attn_output.weight layer=4 pos=0 phase=decode M=1 K=1024 N=1152 rows=256 col_beats=32 vpu_runs=10 io_ms=1.628 ip_ms=1.135 total_ms=12.749 status=OK
[FPGA][MATMUL] tensor=blk.4.ffn_gate.weight layer=4 pos=0 phase=decode M=1 K=1152 N=6912 rows=256 col_beats=32 vpu_runs=81 io_ms=13.072 ip_ms=8.562 total_ms=92.374 status=OK
[FPGA][MATMUL] tensor=blk.4.ffn_up.weight layer=4 pos=0 phase=decode M=1 K=1152 N=6912 rows=256 col_beats=32 vpu_runs=81 io_ms=13.066 ip_ms=8.558 total_ms=92.576 status=OK
[FPGA][MATMUL] tensor=blk.4.ffn_down.weight layer=4 pos=0 phase=decode M=1 K=6912 N=1152 rows=256 col_beats=32 vpu_runs=70 io_ms=11.250 ip_ms=7.780 total_ms=83.370 status=OK
[FPGA][MATMUL] tensor=blk.5.attn_q.weight layer=5 pos=0 phase=decode M=1 K=1152 N=1024 rows=256 col_beats=32 vpu_runs=12 io_ms=1.939 ip_ms=1.269 total_ms=13.806 status=OK
[FPGA][MATMUL] tensor=blk.5.attn_k.weight layer=5 pos=0 phase=decode M=1 K=1152 N=256 rows=256 col_beats=32 vpu_runs=3 io_ms=0.488 ip_ms=0.317 total_ms=3.464 status=OK
[FPGA][MATMUL] tensor=blk.5.attn_v.weight layer=5 pos=0 phase=decode M=1 K=1152 N=256 rows=256 col_beats=32 vpu_runs=3 io_ms=0.484 ip_ms=0.319 total_ms=3.411 status=OK
[FPGA][MATMUL] tensor=blk.5.attn_output.weight layer=5 pos=0 phase=decode M=1 K=1024 N=1152 rows=256 col_beats=32 vpu_runs=10 io_ms=1.626 ip_ms=1.137 total_ms=12.736 status=OK
[FPGA][MATMUL] tensor=blk.5.ffn_gate.weight layer=5 pos=0 phase=decode M=1 K=1152 N=6912 rows=256 col_beats=32 vpu_runs=81 io_ms=13.069 ip_ms=8.567 total_ms=92.354 status=OK
[FPGA][MATMUL] tensor=blk.5.ffn_up.weight layer=5 pos=0 phase=decode M=1 K=1152 N=6912 rows=256 col_beats=32 vpu_runs=81 io_ms=13.073 ip_ms=8.564 total_ms=92.579 status=OK
[FPGA][MATMUL] tensor=blk.5.ffn_down.weight layer=5 pos=0 phase=decode M=1 K=6912 N=1152 rows=256 col_beats=32 vpu_runs=70 io_ms=11.254 ip_ms=7.765 total_ms=83.450 status=OK
[FPGA][MATMUL] tensor=blk.6.attn_q.weight layer=6 pos=0 phase=decode M=1 K=1152 N=1024 rows=256 col_beats=32 vpu_runs=12 io_ms=1.944 ip_ms=1.270 total_ms=13.717 status=OK
[FPGA][MATMUL] tensor=blk.6.attn_k.weight layer=6 pos=0 phase=decode M=1 K=1152 N=256 rows=256 col_beats=32 vpu_runs=3 io_ms=0.488 ip_ms=0.317 total_ms=3.465 status=OK
[FPGA][MATMUL] tensor=blk.6.attn_v.weight layer=6 pos=0 phase=decode M=1 K=1152 N=256 rows=256 col_beats=32 vpu_runs=3 io_ms=0.486 ip_ms=0.318 total_ms=3.440 status=OK
[FPGA][MATMUL] tensor=blk.6.attn_output.weight layer=6 pos=0 phase=decode M=1 K=1024 N=1152 rows=256 col_beats=32 vpu_runs=10 io_ms=1.626 ip_ms=1.137 total_ms=12.731 status=OK
[FPGA][MATMUL] tensor=blk.6.ffn_gate.weight layer=6 pos=0 phase=decode M=1 K=1152 N=6912 rows=256 col_beats=32 vpu_runs=81 io_ms=13.089 ip_ms=8.562 total_ms=92.451 status=OK
[FPGA][MATMUL] tensor=blk.6.ffn_up.weight layer=6 pos=0 phase=decode M=1 K=1152 N=6912 rows=256 col_beats=32 vpu_runs=81 io_ms=13.073 ip_ms=8.571 total_ms=92.519 status=OK
[FPGA][MATMUL] tensor=blk.6.ffn_down.weight layer=6 pos=0 phase=decode M=1 K=6912 N=1152 rows=256 col_beats=32 vpu_runs=70 io_ms=11.249 ip_ms=7.767 total_ms=83.387 status=OK
[FPGA][MATMUL] tensor=blk.7.attn_q.weight layer=7 pos=0 phase=decode M=1 K=1152 N=1024 rows=256 col_beats=32 vpu_runs=12 io_ms=1.939 ip_ms=1.270 total_ms=13.706 status=OK
[FPGA][MATMUL] tensor=blk.7.attn_k.weight layer=7 pos=0 phase=decode M=1 K=1152 N=256 rows=256 col_beats=32 vpu_runs=3 io_ms=0.485 ip_ms=0.316 total_ms=3.467 status=OK
[FPGA][MATMUL] tensor=blk.7.attn_v.weight layer=7 pos=0 phase=decode M=1 K=1152 N=256 rows=256 col_beats=32 vpu_runs=3 io_ms=0.485 ip_ms=0.318 total_ms=3.418 status=OK
[FPGA][MATMUL] tensor=blk.7.attn_output.weight layer=7 pos=0 phase=decode M=1 K=1024 N=1152 rows=256 col_beats=32 vpu_runs=10 io_ms=1.624 ip_ms=1.136 total_ms=12.727 status=OK
[FPGA][MATMUL] tensor=blk.7.ffn_gate.weight layer=7 pos=0 phase=decode M=1 K=1152 N=6912 rows=256 col_beats=32 vpu_runs=81 io_ms=13.084 ip_ms=8.564 total_ms=92.681 status=OK
[FPGA][MATMUL] tensor=blk.7.ffn_up.weight layer=7 pos=0 phase=decode M=1 K=1152 N=6912 rows=256 col_beats=32 vpu_runs=81 io_ms=13.084 ip_ms=8.561 total_ms=92.444 status=OK
[FPGA][MATMUL] tensor=blk.7.ffn_down.weight layer=7 pos=0 phase=decode M=1 K=6912 N=1152 rows=256 col_beats=32 vpu_runs=70 io_ms=11.241 ip_ms=7.765 total_ms=83.662 status=OK
[FPGA][MATMUL] tensor=blk.8.attn_q.weight layer=8 pos=0 phase=decode M=1 K=1152 N=1024 rows=256 col_beats=32 vpu_runs=12 io_ms=1.938 ip_ms=1.268 total_ms=13.721 status=OK
[FPGA][MATMUL] tensor=blk.8.attn_k.weight layer=8 pos=0 phase=decode M=1 K=1152 N=256 rows=256 col_beats=32 vpu_runs=3 io_ms=0.484 ip_ms=0.316 total_ms=3.451 status=OK
[FPGA][MATMUL] tensor=blk.8.attn_v.weight layer=8 pos=0 phase=decode M=1 K=1152 N=256 rows=256 col_beats=32 vpu_runs=3 io_ms=0.484 ip_ms=0.318 total_ms=3.437 status=OK
[FPGA][MATMUL] tensor=blk.8.attn_output.weight layer=8 pos=0 phase=decode M=1 K=1024 N=1152 rows=256 col_beats=32 vpu_runs=10 io_ms=1.641 ip_ms=1.137 total_ms=12.690 status=OK
[FPGA][MATMUL] tensor=blk.8.ffn_gate.weight layer=8 pos=0 phase=decode M=1 K=1152 N=6912 rows=256 col_beats=32 vpu_runs=81 io_ms=13.070 ip_ms=8.567 total_ms=92.510 status=OK
[FPGA][MATMUL] tensor=blk.8.ffn_up.weight layer=8 pos=0 phase=decode M=1 K=1152 N=6912 rows=256 col_beats=32 vpu_runs=81 io_ms=13.083 ip_ms=8.563 total_ms=92.518 status=OK
[FPGA][MATMUL] tensor=blk.8.ffn_down.weight layer=8 pos=0 phase=decode M=1 K=6912 N=1152 rows=256 col_beats=32 vpu_runs=70 io_ms=11.241 ip_ms=7.768 total_ms=83.665 status=OK
[FPGA][MATMUL] tensor=blk.9.attn_q.weight layer=9 pos=0 phase=decode M=1 K=1152 N=1024 rows=256 col_beats=32 vpu_runs=12 io_ms=1.943 ip_ms=1.268 total_ms=13.696 status=OK
[FPGA][MATMUL] tensor=blk.9.attn_k.weight layer=9 pos=0 phase=decode M=1 K=1152 N=256 rows=256 col_beats=32 vpu_runs=3 io_ms=0.483 ip_ms=0.319 total_ms=3.439 status=OK
[FPGA][MATMUL] tensor=blk.9.attn_v.weight layer=9 pos=0 phase=decode M=1 K=1152 N=256 rows=256 col_beats=32 vpu_runs=3 io_ms=0.486 ip_ms=0.317 total_ms=3.427 status=OK
[FPGA][MATMUL] tensor=blk.9.attn_output.weight layer=9 pos=0 phase=decode M=1 K=1024 N=1152 rows=256 col_beats=32 vpu_runs=10 io_ms=1.624 ip_ms=1.138 total_ms=12.755 status=OK
[FPGA][MATMUL] tensor=blk.9.ffn_gate.weight layer=9 pos=0 phase=decode M=1 K=1152 N=6912 rows=256 col_beats=32 vpu_runs=81 io_ms=13.080 ip_ms=8.556 total_ms=92.586 status=OK
[FPGA][MATMUL] tensor=blk.9.ffn_up.weight layer=9 pos=0 phase=decode M=1 K=1152 N=6912 rows=256 col_beats=32 vpu_runs=81 io_ms=13.078 ip_ms=8.562 total_ms=92.825 status=OK
[FPGA][MATMUL] tensor=blk.9.ffn_down.weight layer=9 pos=0 phase=decode M=1 K=6912 N=1152 rows=256 col_beats=32 vpu_runs=70 io_ms=11.237 ip_ms=7.762 total_ms=83.779 status=OK
[FPGA][MATMUL] tensor=blk.10.attn_q.weight layer=10 pos=0 phase=decode M=1 K=1152 N=1024 rows=256 col_beats=32 vpu_runs=12 io_ms=1.940 ip_ms=1.269 total_ms=13.705 status=OK
[FPGA][MATMUL] tensor=blk.10.attn_k.weight layer=10 pos=0 phase=decode M=1 K=1152 N=256 rows=256 col_beats=32 vpu_runs=3 io_ms=0.508 ip_ms=0.317 total_ms=3.464 status=OK
[FPGA][MATMUL] tensor=blk.10.attn_v.weight layer=10 pos=0 phase=decode M=1 K=1152 N=256 rows=256 col_beats=32 vpu_runs=3 io_ms=0.486 ip_ms=0.317 total_ms=3.441 status=OK
[FPGA][MATMUL] tensor=blk.10.attn_output.weight layer=10 pos=0 phase=decode M=1 K=1024 N=1152 rows=256 col_beats=32 vpu_runs=10 io_ms=1.623 ip_ms=1.136 total_ms=12.742 status=OK
