
*** Running vivado
    with args -log SoC_wrapper.vds -m64 -product Vivado -mode batch -messageDb vivado.pb -notrace -source SoC_wrapper.tcl



****** Vivado v2022.2 (64-bit)
  **** SW Build 3671981 on Fri Oct 14 05:00:03 MDT 2022
  **** IP Build 3669848 on Fri Oct 14 08:30:02 MDT 2022
    ** Copyright 1986-2022 Xilinx, Inc. All Rights Reserved.

source SoC_wrapper.tcl -notrace
INFO: [IP_Flow 19-234] Refreshing IP repositories
INFO: [IP_Flow 19-1700] Loaded user IP repository 'd:/DOAN/DATN_RTL/DATN_VIVADO/project_2'.
WARNING: [IP_Flow 19-3656] If you move the project, the path for repository 'd:/DOAN/DATN_RTL/DATN_VIVADO/project_2' may become invalid. A better location for the repository would be in a path adjacent to the project. (Current project location is 'd:/DOAN/DATN_RTL/DATN_VIVADO/project_2/project_2.runs/synth_1'.)
INFO: [IP_Flow 19-2313] Loaded Vivado IP repository 'D:/Xilinx/Vivado/2022.2/data/ip'.
Command: read_checkpoint -auto_incremental -incremental D:/DOAN/DATN_RTL/DATN_VIVADO/project_2/project_2.srcs/utils_1/imports/synth_1/SoC_wrapper.dcp
INFO: [Vivado 12-5825] Read reference checkpoint from D:/DOAN/DATN_RTL/DATN_VIVADO/project_2/project_2.srcs/utils_1/imports/synth_1/SoC_wrapper.dcp for incremental synthesis
INFO: [Vivado 12-7989] Please ensure there are no constraint changes
read_checkpoint: Time (s): cpu = 00:00:02 ; elapsed = 00:00:12 . Memory (MB): peak = 1085.832 ; gain = 1.785
Command: synth_design -top SoC_wrapper -part xczu7ev-ffvc1156-2-e
Starting synth_design
Attempting to get a license for feature 'Synthesis' and/or device 'xczu7ev'
INFO: [Common 17-349] Got license for feature 'Synthesis' and/or device 'xczu7ev'
INFO: [Device 21-403] Loading part xczu7ev-ffvc1156-2-e
INFO: [Synth 8-7079] Multithreading enabled for synth_design using a maximum of 2 processes.
INFO: [Synth 8-7078] Launching helper process for spawning children vivado processes
INFO: [Synth 8-7075] Helper process launched with PID 12100
INFO: [Synth 8-11241] undeclared symbol 'REGCCE', assumed default net type 'wire' [D:/Xilinx/Vivado/2022.2/data/verilog/src/unimacro/BRAM_SINGLE_MACRO.v:2170]
WARNING: [Synth 8-11067] parameter 'K_MAX_EP_ROUTE_WIDTH' declared inside package 'sc_util_v1_0_4_pkg' shall be treated as localparam [d:/DOAN/DATN_RTL/DATN_VIVADO/project_2/project_2.gen/sources_1/bd/SoC/ipshared/f0b6/hdl/sc_util_v1_0_vl_rfs.sv:87]
WARNING: [Synth 8-11067] parameter 'K_MAX_SC_ROUTE_WIDTH' declared inside package 'sc_util_v1_0_4_pkg' shall be treated as localparam [d:/DOAN/DATN_RTL/DATN_VIVADO/project_2/project_2.gen/sources_1/bd/SoC/ipshared/f0b6/hdl/sc_util_v1_0_vl_rfs.sv:88]
WARNING: [Synth 8-11067] parameter 'K_MAX_CMD_PTR' declared inside package 'sc_util_v1_0_4_pkg' shall be treated as localparam [d:/DOAN/DATN_RTL/DATN_VIVADO/project_2/project_2.gen/sources_1/bd/SoC/ipshared/f0b6/hdl/sc_util_v1_0_vl_rfs.sv:89]
WARNING: [Synth 8-11067] parameter 'K_MAX_LUTRAM_PTR' declared inside package 'sc_util_v1_0_4_pkg' shall be treated as localparam [d:/DOAN/DATN_RTL/DATN_VIVADO/project_2/project_2.gen/sources_1/bd/SoC/ipshared/f0b6/hdl/sc_util_v1_0_vl_rfs.sv:90]
WARNING: [Synth 8-11067] parameter 'K_MAX_BRAM_PTR' declared inside package 'sc_util_v1_0_4_pkg' shall be treated as localparam [d:/DOAN/DATN_RTL/DATN_VIVADO/project_2/project_2.gen/sources_1/bd/SoC/ipshared/f0b6/hdl/sc_util_v1_0_vl_rfs.sv:91]
WARNING: [Synth 8-11067] parameter 'K_MIN_BRAM_PTR' declared inside package 'sc_util_v1_0_4_pkg' shall be treated as localparam [d:/DOAN/DATN_RTL/DATN_VIVADO/project_2/project_2.gen/sources_1/bd/SoC/ipshared/f0b6/hdl/sc_util_v1_0_vl_rfs.sv:92]
WARNING: [Synth 8-11067] parameter 'K_MAX_SYNC_RATIO' declared inside package 'sc_util_v1_0_4_pkg' shall be treated as localparam [d:/DOAN/DATN_RTL/DATN_VIVADO/project_2/project_2.gen/sources_1/bd/SoC/ipshared/f0b6/hdl/sc_util_v1_0_vl_rfs.sv:93]
WARNING: [Synth 8-11067] parameter 'K_MAX_PIPELINES' declared inside package 'sc_util_v1_0_4_pkg' shall be treated as localparam [d:/DOAN/DATN_RTL/DATN_VIVADO/project_2/project_2.gen/sources_1/bd/SoC/ipshared/f0b6/hdl/sc_util_v1_0_vl_rfs.sv:94]
WARNING: [Synth 8-11067] parameter 'K_LOG_MAX_PIPELINES' declared inside package 'sc_util_v1_0_4_pkg' shall be treated as localparam [d:/DOAN/DATN_RTL/DATN_VIVADO/project_2/project_2.gen/sources_1/bd/SoC/ipshared/f0b6/hdl/sc_util_v1_0_vl_rfs.sv:95]
WARNING: [Synth 8-11067] parameter 'K_MAX_LATENCY' declared inside package 'sc_util_v1_0_4_pkg' shall be treated as localparam [d:/DOAN/DATN_RTL/DATN_VIVADO/project_2/project_2.gen/sources_1/bd/SoC/ipshared/f0b6/hdl/sc_util_v1_0_vl_rfs.sv:96]
WARNING: [Synth 8-11067] parameter 'K_LOG_MAX_LATENCY' declared inside package 'sc_util_v1_0_4_pkg' shall be treated as localparam [d:/DOAN/DATN_RTL/DATN_VIVADO/project_2/project_2.gen/sources_1/bd/SoC/ipshared/f0b6/hdl/sc_util_v1_0_vl_rfs.sv:97]
WARNING: [Synth 8-11067] parameter 'K_AXIS_ARB_TDATA_NUM_BYTES' declared inside package 'sc_util_v1_0_4_pkg' shall be treated as localparam [d:/DOAN/DATN_RTL/DATN_VIVADO/project_2/project_2.gen/sources_1/bd/SoC/ipshared/f0b6/hdl/sc_util_v1_0_vl_rfs.sv:98]
WARNING: [Synth 8-11067] parameter 'K_MAX_USER_BITS_PER_BYTE' declared inside package 'sc_util_v1_0_4_pkg' shall be treated as localparam [d:/DOAN/DATN_RTL/DATN_VIVADO/project_2/project_2.gen/sources_1/bd/SoC/ipshared/f0b6/hdl/sc_util_v1_0_vl_rfs.sv:99]
WARNING: [Synth 8-11067] parameter 'K_MAX_INFO_WIDTH' declared inside package 'sc_util_v1_0_4_pkg' shall be treated as localparam [d:/DOAN/DATN_RTL/DATN_VIVADO/project_2/project_2.gen/sources_1/bd/SoC/ipshared/f0b6/hdl/sc_util_v1_0_vl_rfs.sv:100]
WARNING: [Synth 8-11067] parameter 'K_MAX_OUTSTANDING_REQ' declared inside package 'sc_util_v1_0_4_pkg' shall be treated as localparam [d:/DOAN/DATN_RTL/DATN_VIVADO/project_2/project_2.gen/sources_1/bd/SoC/ipshared/f0b6/hdl/sc_util_v1_0_vl_rfs.sv:101]
WARNING: [Synth 8-11067] parameter 'K_AXI_SIZE_WIDTH' declared inside package 'sc_util_v1_0_4_pkg' shall be treated as localparam [d:/DOAN/DATN_RTL/DATN_VIVADO/project_2/project_2.gen/sources_1/bd/SoC/ipshared/f0b6/hdl/sc_util_v1_0_vl_rfs.sv:102]
WARNING: [Synth 8-11067] parameter 'K_AXI_BURST_WIDTH' declared inside package 'sc_util_v1_0_4_pkg' shall be treated as localparam [d:/DOAN/DATN_RTL/DATN_VIVADO/project_2/project_2.gen/sources_1/bd/SoC/ipshared/f0b6/hdl/sc_util_v1_0_vl_rfs.sv:103]
WARNING: [Synth 8-11067] parameter 'K_AXI_RESP_WIDTH' declared inside package 'sc_util_v1_0_4_pkg' shall be treated as localparam [d:/DOAN/DATN_RTL/DATN_VIVADO/project_2/project_2.gen/sources_1/bd/SoC/ipshared/f0b6/hdl/sc_util_v1_0_vl_rfs.sv:104]
WARNING: [Synth 8-11067] parameter 'K_AXI_LAST_WIDTH' declared inside package 'sc_util_v1_0_4_pkg' shall be treated as localparam [d:/DOAN/DATN_RTL/DATN_VIVADO/project_2/project_2.gen/sources_1/bd/SoC/ipshared/f0b6/hdl/sc_util_v1_0_vl_rfs.sv:105]
WARNING: [Synth 8-11067] parameter 'K_AXI_LEN_WIDTH' declared inside package 'sc_util_v1_0_4_pkg' shall be treated as localparam [d:/DOAN/DATN_RTL/DATN_VIVADO/project_2/project_2.gen/sources_1/bd/SoC/ipshared/f0b6/hdl/sc_util_v1_0_vl_rfs.sv:106]
WARNING: [Synth 8-11067] parameter 'K_AXI_EXCL_LEN_WIDTH' declared inside package 'sc_util_v1_0_4_pkg' shall be treated as localparam [d:/DOAN/DATN_RTL/DATN_VIVADO/project_2/project_2.gen/sources_1/bd/SoC/ipshared/f0b6/hdl/sc_util_v1_0_vl_rfs.sv:107]
WARNING: [Synth 8-11067] parameter 'K_AXI_LOCK_WIDTH' declared inside package 'sc_util_v1_0_4_pkg' shall be treated as localparam [d:/DOAN/DATN_RTL/DATN_VIVADO/project_2/project_2.gen/sources_1/bd/SoC/ipshared/f0b6/hdl/sc_util_v1_0_vl_rfs.sv:108]
WARNING: [Synth 8-11067] parameter 'K_AXI3_LEN_WIDTH' declared inside package 'sc_util_v1_0_4_pkg' shall be treated as localparam [d:/DOAN/DATN_RTL/DATN_VIVADO/project_2/project_2.gen/sources_1/bd/SoC/ipshared/f0b6/hdl/sc_util_v1_0_vl_rfs.sv:109]
WARNING: [Synth 8-11067] parameter 'K_AXI3_LOCK_WIDTH' declared inside package 'sc_util_v1_0_4_pkg' shall be treated as localparam [d:/DOAN/DATN_RTL/DATN_VIVADO/project_2/project_2.gen/sources_1/bd/SoC/ipshared/f0b6/hdl/sc_util_v1_0_vl_rfs.sv:110]
WARNING: [Synth 8-11067] parameter 'K_AXI_PROT_WIDTH' declared inside package 'sc_util_v1_0_4_pkg' shall be treated as localparam [d:/DOAN/DATN_RTL/DATN_VIVADO/project_2/project_2.gen/sources_1/bd/SoC/ipshared/f0b6/hdl/sc_util_v1_0_vl_rfs.sv:111]
WARNING: [Synth 8-11067] parameter 'K_AXI_QOS_WIDTH' declared inside package 'sc_util_v1_0_4_pkg' shall be treated as localparam [d:/DOAN/DATN_RTL/DATN_VIVADO/project_2/project_2.gen/sources_1/bd/SoC/ipshared/f0b6/hdl/sc_util_v1_0_vl_rfs.sv:112]
WARNING: [Synth 8-11067] parameter 'K_AXI_CACHE_WIDTH' declared inside package 'sc_util_v1_0_4_pkg' shall be treated as localparam [d:/DOAN/DATN_RTL/DATN_VIVADO/project_2/project_2.gen/sources_1/bd/SoC/ipshared/f0b6/hdl/sc_util_v1_0_vl_rfs.sv:113]
WARNING: [Synth 8-11067] parameter 'K_MAX_ACCEPTANCE' declared inside package 'sc_util_v1_0_4_pkg' shall be treated as localparam [d:/DOAN/DATN_RTL/DATN_VIVADO/project_2/project_2.gen/sources_1/bd/SoC/ipshared/f0b6/hdl/sc_util_v1_0_vl_rfs.sv:114]
WARNING: [Synth 8-11067] parameter 'K_MAX_FANOUT' declared inside package 'sc_util_v1_0_4_pkg' shall be treated as localparam [d:/DOAN/DATN_RTL/DATN_VIVADO/project_2/project_2.gen/sources_1/bd/SoC/ipshared/f0b6/hdl/sc_util_v1_0_vl_rfs.sv:115]
WARNING: [Synth 8-11067] parameter 'K_MAX_READ_WATERMARK' declared inside package 'sc_util_v1_0_4_pkg' shall be treated as localparam [d:/DOAN/DATN_RTL/DATN_VIVADO/project_2/project_2.gen/sources_1/bd/SoC/ipshared/f0b6/hdl/sc_util_v1_0_vl_rfs.sv:116]
WARNING: [Synth 8-11067] parameter 'K_MAX_BURST_LENGTH' declared inside package 'sc_util_v1_0_4_pkg' shall be treated as localparam [d:/DOAN/DATN_RTL/DATN_VIVADO/project_2/project_2.gen/sources_1/bd/SoC/ipshared/f0b6/hdl/sc_util_v1_0_vl_rfs.sv:117]
WARNING: [Synth 8-11067] parameter 'CH_R' declared inside package 'sc_util_v1_0_4_pkg' shall be treated as localparam [d:/DOAN/DATN_RTL/DATN_VIVADO/project_2/project_2.gen/sources_1/bd/SoC/ipshared/f0b6/hdl/sc_util_v1_0_vl_rfs.sv:164]
WARNING: [Synth 8-11067] parameter 'CH_W' declared inside package 'sc_util_v1_0_4_pkg' shall be treated as localparam [d:/DOAN/DATN_RTL/DATN_VIVADO/project_2/project_2.gen/sources_1/bd/SoC/ipshared/f0b6/hdl/sc_util_v1_0_vl_rfs.sv:165]
WARNING: [Synth 8-11067] parameter 'CH_AR' declared inside package 'sc_util_v1_0_4_pkg' shall be treated as localparam [d:/DOAN/DATN_RTL/DATN_VIVADO/project_2/project_2.gen/sources_1/bd/SoC/ipshared/f0b6/hdl/sc_util_v1_0_vl_rfs.sv:166]
WARNING: [Synth 8-11067] parameter 'CH_AW' declared inside package 'sc_util_v1_0_4_pkg' shall be treated as localparam [d:/DOAN/DATN_RTL/DATN_VIVADO/project_2/project_2.gen/sources_1/bd/SoC/ipshared/f0b6/hdl/sc_util_v1_0_vl_rfs.sv:167]
WARNING: [Synth 8-11067] parameter 'CH_B' declared inside package 'sc_util_v1_0_4_pkg' shall be treated as localparam [d:/DOAN/DATN_RTL/DATN_VIVADO/project_2/project_2.gen/sources_1/bd/SoC/ipshared/f0b6/hdl/sc_util_v1_0_vl_rfs.sv:168]
WARNING: [Synth 8-11067] parameter 'CLK_DOWN' declared inside package 'sc_util_v1_0_4_pkg' shall be treated as localparam [d:/DOAN/DATN_RTL/DATN_VIVADO/project_2/project_2.gen/sources_1/bd/SoC/ipshared/f0b6/hdl/sc_util_v1_0_vl_rfs.sv:170]
WARNING: [Synth 8-11067] parameter 'CLK_SYNC_ALIAS' declared inside package 'sc_util_v1_0_4_pkg' shall be treated as localparam [d:/DOAN/DATN_RTL/DATN_VIVADO/project_2/project_2.gen/sources_1/bd/SoC/ipshared/f0b6/hdl/sc_util_v1_0_vl_rfs.sv:171]
WARNING: [Synth 8-11067] parameter 'CLK_ASYNC' declared inside package 'sc_util_v1_0_4_pkg' shall be treated as localparam [d:/DOAN/DATN_RTL/DATN_VIVADO/project_2/project_2.gen/sources_1/bd/SoC/ipshared/f0b6/hdl/sc_util_v1_0_vl_rfs.sv:172]
WARNING: [Synth 8-11067] parameter 'CLK_SYNC' declared inside package 'sc_util_v1_0_4_pkg' shall be treated as localparam [d:/DOAN/DATN_RTL/DATN_VIVADO/project_2/project_2.gen/sources_1/bd/SoC/ipshared/f0b6/hdl/sc_util_v1_0_vl_rfs.sv:173]
WARNING: [Synth 8-11067] parameter 'CLK_UP' declared inside package 'sc_util_v1_0_4_pkg' shall be treated as localparam [d:/DOAN/DATN_RTL/DATN_VIVADO/project_2/project_2.gen/sources_1/bd/SoC/ipshared/f0b6/hdl/sc_util_v1_0_vl_rfs.sv:174]
WARNING: [Synth 8-11067] parameter 'CLKEN_NONE' declared inside package 'sc_util_v1_0_4_pkg' shall be treated as localparam [d:/DOAN/DATN_RTL/DATN_VIVADO/project_2/project_2.gen/sources_1/bd/SoC/ipshared/f0b6/hdl/sc_util_v1_0_vl_rfs.sv:176]
WARNING: [Synth 8-11067] parameter 'CLKEN_S' declared inside package 'sc_util_v1_0_4_pkg' shall be treated as localparam [d:/DOAN/DATN_RTL/DATN_VIVADO/project_2/project_2.gen/sources_1/bd/SoC/ipshared/f0b6/hdl/sc_util_v1_0_vl_rfs.sv:177]
WARNING: [Synth 8-11067] parameter 'CLKEN_M' declared inside package 'sc_util_v1_0_4_pkg' shall be treated as localparam [d:/DOAN/DATN_RTL/DATN_VIVADO/project_2/project_2.gen/sources_1/bd/SoC/ipshared/f0b6/hdl/sc_util_v1_0_vl_rfs.sv:178]
WARNING: [Synth 8-11067] parameter 'CLKEN_S_AND_M' declared inside package 'sc_util_v1_0_4_pkg' shall be treated as localparam [d:/DOAN/DATN_RTL/DATN_VIVADO/project_2/project_2.gen/sources_1/bd/SoC/ipshared/f0b6/hdl/sc_util_v1_0_vl_rfs.sv:179]
WARNING: [Synth 8-11067] parameter 'ARB_BYPASS' declared inside package 'sc_util_v1_0_4_pkg' shall be treated as localparam [d:/DOAN/DATN_RTL/DATN_VIVADO/project_2/project_2.gen/sources_1/bd/SoC/ipshared/f0b6/hdl/sc_util_v1_0_vl_rfs.sv:180]
WARNING: [Synth 8-11067] parameter 'ARB_ROUNDROBIN' declared inside package 'sc_util_v1_0_4_pkg' shall be treated as localparam [d:/DOAN/DATN_RTL/DATN_VIVADO/project_2/project_2.gen/sources_1/bd/SoC/ipshared/f0b6/hdl/sc_util_v1_0_vl_rfs.sv:181]
WARNING: [Synth 8-11067] parameter 'ARB_SLAVE' declared inside package 'sc_util_v1_0_4_pkg' shall be treated as localparam [d:/DOAN/DATN_RTL/DATN_VIVADO/project_2/project_2.gen/sources_1/bd/SoC/ipshared/f0b6/hdl/sc_util_v1_0_vl_rfs.sv:182]
WARNING: [Synth 8-11067] parameter 'FIFO_LUTRAM' declared inside package 'sc_util_v1_0_4_pkg' shall be treated as localparam [d:/DOAN/DATN_RTL/DATN_VIVADO/project_2/project_2.gen/sources_1/bd/SoC/ipshared/f0b6/hdl/sc_util_v1_0_vl_rfs.sv:183]
WARNING: [Synth 8-11067] parameter 'FIFO_BRAM' declared inside package 'sc_util_v1_0_4_pkg' shall be treated as localparam [d:/DOAN/DATN_RTL/DATN_VIVADO/project_2/project_2.gen/sources_1/bd/SoC/ipshared/f0b6/hdl/sc_util_v1_0_vl_rfs.sv:184]
WARNING: [Synth 8-11067] parameter 'FIFO_NONE' declared inside package 'sc_util_v1_0_4_pkg' shall be treated as localparam [d:/DOAN/DATN_RTL/DATN_VIVADO/project_2/project_2.gen/sources_1/bd/SoC/ipshared/f0b6/hdl/sc_util_v1_0_vl_rfs.sv:185]
WARNING: [Synth 8-11067] parameter 'FIFO_IP_XPM_MEMORY' declared inside package 'sc_util_v1_0_4_pkg' shall be treated as localparam [d:/DOAN/DATN_RTL/DATN_VIVADO/project_2/project_2.gen/sources_1/bd/SoC/ipshared/f0b6/hdl/sc_util_v1_0_vl_rfs.sv:186]
WARNING: [Synth 8-11067] parameter 'FIFO_IP_FG' declared inside package 'sc_util_v1_0_4_pkg' shall be treated as localparam [d:/DOAN/DATN_RTL/DATN_VIVADO/project_2/project_2.gen/sources_1/bd/SoC/ipshared/f0b6/hdl/sc_util_v1_0_vl_rfs.sv:187]
WARNING: [Synth 8-11067] parameter 'FIFO_IP_XPM_FIFO' declared inside package 'sc_util_v1_0_4_pkg' shall be treated as localparam [d:/DOAN/DATN_RTL/DATN_VIVADO/project_2/project_2.gen/sources_1/bd/SoC/ipshared/f0b6/hdl/sc_util_v1_0_vl_rfs.sv:188]
WARNING: [Synth 8-11067] parameter 'K_T_STRUCT_EXCLUSIVE_WIDTH' declared inside package 'sc_util_v1_0_4_pkg' shall be treated as localparam [d:/DOAN/DATN_RTL/DATN_VIVADO/project_2/project_2.gen/sources_1/bd/SoC/ipshared/f0b6/hdl/sc_util_v1_0_vl_rfs.sv:230]
WARNING: [Synth 8-11067] parameter 'K_T_STATIC_ADDR_PAYLD_WIDTH' declared inside package 'sc_util_v1_0_4_pkg' shall be treated as localparam [d:/DOAN/DATN_RTL/DATN_VIVADO/project_2/project_2.gen/sources_1/bd/SoC/ipshared/f0b6/hdl/sc_util_v1_0_vl_rfs.sv:232]
WARNING: [Synth 8-11067] parameter 'K_T_STATIC_RDATA_PAYLD_WIDTH' declared inside package 'sc_util_v1_0_4_pkg' shall be treated as localparam [d:/DOAN/DATN_RTL/DATN_VIVADO/project_2/project_2.gen/sources_1/bd/SoC/ipshared/f0b6/hdl/sc_util_v1_0_vl_rfs.sv:240]
WARNING: [Synth 8-11067] parameter 'K_T_STATIC_WDATA_PAYLD_WIDTH' declared inside package 'sc_util_v1_0_4_pkg' shall be treated as localparam [d:/DOAN/DATN_RTL/DATN_VIVADO/project_2/project_2.gen/sources_1/bd/SoC/ipshared/f0b6/hdl/sc_util_v1_0_vl_rfs.sv:244]
WARNING: [Synth 8-11067] parameter 'K_T_STATIC_BRSP_PAYLD_WIDTH' declared inside package 'sc_util_v1_0_4_pkg' shall be treated as localparam [d:/DOAN/DATN_RTL/DATN_VIVADO/project_2/project_2.gen/sources_1/bd/SoC/ipshared/f0b6/hdl/sc_util_v1_0_vl_rfs.sv:247]
WARNING: [Synth 8-11067] parameter 'K_T_EXCLUSIVE_WIDTH' declared inside package 'sc_util_v1_0_4_pkg' shall be treated as localparam [d:/DOAN/DATN_RTL/DATN_VIVADO/project_2/project_2.gen/sources_1/bd/SoC/ipshared/f0b6/hdl/sc_util_v1_0_vl_rfs.sv:253]
WARNING: [Synth 8-11067] parameter 'K_T_ADDR_AUGMENT_WIDTH' declared inside package 'sc_util_v1_0_4_pkg' shall be treated as localparam [d:/DOAN/DATN_RTL/DATN_VIVADO/project_2/project_2.gen/sources_1/bd/SoC/ipshared/f0b6/hdl/sc_util_v1_0_vl_rfs.sv:256]
WARNING: [Synth 8-11067] parameter 'K_T_DATA_AUGMENT_WIDTH' declared inside package 'sc_util_v1_0_4_pkg' shall be treated as localparam [d:/DOAN/DATN_RTL/DATN_VIVADO/project_2/project_2.gen/sources_1/bd/SoC/ipshared/f0b6/hdl/sc_util_v1_0_vl_rfs.sv:259]
WARNING: [Synth 8-11067] parameter 'K_T_BRSP_AUGMENT_WIDTH' declared inside package 'sc_util_v1_0_4_pkg' shall be treated as localparam [d:/DOAN/DATN_RTL/DATN_VIVADO/project_2/project_2.gen/sources_1/bd/SoC/ipshared/f0b6/hdl/sc_util_v1_0_vl_rfs.sv:261]
WARNING: [Synth 8-11067] parameter 'K_USABLE_T_ADDR_CASCADE_WIDTH' declared inside package 'sc_util_v1_0_4_pkg' shall be treated as localparam [d:/DOAN/DATN_RTL/DATN_VIVADO/project_2/project_2.gen/sources_1/bd/SoC/ipshared/f0b6/hdl/sc_util_v1_0_vl_rfs.sv:263]
WARNING: [Synth 8-11067] parameter 'K_USABLE_T_DATA_CASCADE_WIDTH' declared inside package 'sc_util_v1_0_4_pkg' shall be treated as localparam [d:/DOAN/DATN_RTL/DATN_VIVADO/project_2/project_2.gen/sources_1/bd/SoC/ipshared/f0b6/hdl/sc_util_v1_0_vl_rfs.sv:265]
WARNING: [Synth 8-11067] parameter 'K_USABLE_T_BRSP_CASCADE_WIDTH' declared inside package 'sc_util_v1_0_4_pkg' shall be treated as localparam [d:/DOAN/DATN_RTL/DATN_VIVADO/project_2/project_2.gen/sources_1/bd/SoC/ipshared/f0b6/hdl/sc_util_v1_0_vl_rfs.sv:267]
WARNING: [Synth 8-11067] parameter 'K_T_CASCADE_WIDTH' declared inside package 'sc_util_v1_0_4_pkg' shall be treated as localparam [d:/DOAN/DATN_RTL/DATN_VIVADO/project_2/project_2.gen/sources_1/bd/SoC/ipshared/f0b6/hdl/sc_util_v1_0_vl_rfs.sv:270]
WARNING: [Synth 8-11067] parameter 'K_T_SEG_LEN_WIDTH' declared inside package 'sc_util_v1_0_4_pkg' shall be treated as localparam [d:/DOAN/DATN_RTL/DATN_VIVADO/project_2/project_2.gen/sources_1/bd/SoC/ipshared/f0b6/hdl/sc_util_v1_0_vl_rfs.sv:304]
WARNING: [Synth 8-11067] parameter 'K_USABLE_T_ADDR_SIDEBAND_WIDTH' declared inside package 'sc_util_v1_0_4_pkg' shall be treated as localparam [d:/DOAN/DATN_RTL/DATN_VIVADO/project_2/project_2.gen/sources_1/bd/SoC/ipshared/f0b6/hdl/sc_util_v1_0_vl_rfs.sv:305]
WARNING: [Synth 8-11067] parameter 'K_USABLE_T_DATA_SIDEBAND_WIDTH' declared inside package 'sc_util_v1_0_4_pkg' shall be treated as localparam [d:/DOAN/DATN_RTL/DATN_VIVADO/project_2/project_2.gen/sources_1/bd/SoC/ipshared/f0b6/hdl/sc_util_v1_0_vl_rfs.sv:308]
WARNING: [Synth 8-11067] parameter 'K_USABLE_T_BRSP_SIDEBAND_WIDTH' declared inside package 'sc_util_v1_0_4_pkg' shall be treated as localparam [d:/DOAN/DATN_RTL/DATN_VIVADO/project_2/project_2.gen/sources_1/bd/SoC/ipshared/f0b6/hdl/sc_util_v1_0_vl_rfs.sv:310]
WARNING: [Synth 8-11067] parameter 'K_T_SIDEBAND_WIDTH' declared inside package 'sc_util_v1_0_4_pkg' shall be treated as localparam [d:/DOAN/DATN_RTL/DATN_VIVADO/project_2/project_2.gen/sources_1/bd/SoC/ipshared/f0b6/hdl/sc_util_v1_0_vl_rfs.sv:313]
WARNING: [Synth 8-11067] parameter 'K_USABLE_T_AXPAYLD_WIDTH' declared inside package 'sc_util_v1_0_4_pkg' shall be treated as localparam [d:/DOAN/DATN_RTL/DATN_VIVADO/project_2/project_2.gen/sources_1/bd/SoC/ipshared/f0b6/hdl/sc_util_v1_0_vl_rfs.sv:341]
WARNING: [Synth 8-11067] parameter 'K_USABLE_T_WPAYLD_WIDTH' declared inside package 'sc_util_v1_0_4_pkg' shall be treated as localparam [d:/DOAN/DATN_RTL/DATN_VIVADO/project_2/project_2.gen/sources_1/bd/SoC/ipshared/f0b6/hdl/sc_util_v1_0_vl_rfs.sv:348]
WARNING: [Synth 8-11067] parameter 'K_USABLE_T_RPAYLD_WIDTH' declared inside package 'sc_util_v1_0_4_pkg' shall be treated as localparam [d:/DOAN/DATN_RTL/DATN_VIVADO/project_2/project_2.gen/sources_1/bd/SoC/ipshared/f0b6/hdl/sc_util_v1_0_vl_rfs.sv:352]
WARNING: [Synth 8-11067] parameter 'K_USABLE_T_BPAYLD_WIDTH' declared inside package 'sc_util_v1_0_4_pkg' shall be treated as localparam [d:/DOAN/DATN_RTL/DATN_VIVADO/project_2/project_2.gen/sources_1/bd/SoC/ipshared/f0b6/hdl/sc_util_v1_0_vl_rfs.sv:357]
WARNING: [Synth 8-11067] parameter 'K_T_PAYLD_WIDTH' declared inside package 'sc_util_v1_0_4_pkg' shall be treated as localparam [d:/DOAN/DATN_RTL/DATN_VIVADO/project_2/project_2.gen/sources_1/bd/SoC/ipshared/f0b6/hdl/sc_util_v1_0_vl_rfs.sv:361]
WARNING: [Synth 8-11067] parameter 'K_MAX_PAYLD_WIDTH' declared inside package 'sc_util_v1_0_4_pkg' shall be treated as localparam [d:/DOAN/DATN_RTL/DATN_VIVADO/project_2/project_2.gen/sources_1/bd/SoC/ipshared/f0b6/hdl/sc_util_v1_0_vl_rfs.sv:362]
WARNING: [Synth 8-11067] parameter 'K_USABLE_T_AXVECTOR_WIDTH' declared inside package 'sc_util_v1_0_4_pkg' shall be treated as localparam [d:/DOAN/DATN_RTL/DATN_VIVADO/project_2/project_2.gen/sources_1/bd/SoC/ipshared/f0b6/hdl/sc_util_v1_0_vl_rfs.sv:547]
WARNING: [Synth 8-11067] parameter 'K_USABLE_T_WVECTOR_WIDTH' declared inside package 'sc_util_v1_0_4_pkg' shall be treated as localparam [d:/DOAN/DATN_RTL/DATN_VIVADO/project_2/project_2.gen/sources_1/bd/SoC/ipshared/f0b6/hdl/sc_util_v1_0_vl_rfs.sv:557]
WARNING: [Synth 8-11067] parameter 'K_USABLE_T_RVECTOR_WIDTH' declared inside package 'sc_util_v1_0_4_pkg' shall be treated as localparam [d:/DOAN/DATN_RTL/DATN_VIVADO/project_2/project_2.gen/sources_1/bd/SoC/ipshared/f0b6/hdl/sc_util_v1_0_vl_rfs.sv:561]
WARNING: [Synth 8-11067] parameter 'K_USABLE_T_BVECTOR_WIDTH' declared inside package 'sc_util_v1_0_4_pkg' shall be treated as localparam [d:/DOAN/DATN_RTL/DATN_VIVADO/project_2/project_2.gen/sources_1/bd/SoC/ipshared/f0b6/hdl/sc_util_v1_0_vl_rfs.sv:566]
WARNING: [Synth 8-11067] parameter 'K_STATIC_AXVECTOR_WIDTH' declared inside package 'sc_util_v1_0_4_pkg' shall be treated as localparam [d:/DOAN/DATN_RTL/DATN_VIVADO/project_2/project_2.gen/sources_1/bd/SoC/ipshared/f0b6/hdl/sc_util_v1_0_vl_rfs.sv:574]
WARNING: [Synth 8-11067] parameter 'K_STATIC_WVECTOR_WIDTH' declared inside package 'sc_util_v1_0_4_pkg' shall be treated as localparam [d:/DOAN/DATN_RTL/DATN_VIVADO/project_2/project_2.gen/sources_1/bd/SoC/ipshared/f0b6/hdl/sc_util_v1_0_vl_rfs.sv:584]
WARNING: [Synth 8-11067] parameter 'K_STATIC_RVECTOR_WIDTH' declared inside package 'sc_util_v1_0_4_pkg' shall be treated as localparam [d:/DOAN/DATN_RTL/DATN_VIVADO/project_2/project_2.gen/sources_1/bd/SoC/ipshared/f0b6/hdl/sc_util_v1_0_vl_rfs.sv:588]
WARNING: [Synth 8-11067] parameter 'K_STATIC_BVECTOR_WIDTH' declared inside package 'sc_util_v1_0_4_pkg' shall be treated as localparam [d:/DOAN/DATN_RTL/DATN_VIVADO/project_2/project_2.gen/sources_1/bd/SoC/ipshared/f0b6/hdl/sc_util_v1_0_vl_rfs.sv:593]
WARNING: [Synth 8-11067] parameter 'K_T_VECTOR_WIDTH' declared inside package 'sc_util_v1_0_4_pkg' shall be treated as localparam [d:/DOAN/DATN_RTL/DATN_VIVADO/project_2/project_2.gen/sources_1/bd/SoC/ipshared/f0b6/hdl/sc_util_v1_0_vl_rfs.sv:596]
WARNING: [Synth 8-11067] parameter 'K_MAX_VECTOR_WIDTH' declared inside package 'sc_util_v1_0_4_pkg' shall be treated as localparam [d:/DOAN/DATN_RTL/DATN_VIVADO/project_2/project_2.gen/sources_1/bd/SoC/ipshared/f0b6/hdl/sc_util_v1_0_vl_rfs.sv:597]
WARNING: [Synth 8-11067] parameter 'K_MAX_NUM_MNOC' declared inside package 'sc_util_v1_0_4_pkg_noc' shall be treated as localparam [d:/DOAN/DATN_RTL/DATN_VIVADO/project_2/project_2.gen/sources_1/bd/SoC/ipshared/f0b6/hdl/sc_util_v1_0_vl_rfs.sv:674]
WARNING: [Synth 8-11067] parameter 'K_MAX_NUM_SNOC' declared inside package 'sc_util_v1_0_4_pkg_noc' shall be treated as localparam [d:/DOAN/DATN_RTL/DATN_VIVADO/project_2/project_2.gen/sources_1/bd/SoC/ipshared/f0b6/hdl/sc_util_v1_0_vl_rfs.sv:675]
WARNING: [Synth 8-11067] parameter 'NOC_MAX_SCHED_LEN' declared inside package 'sc_util_v1_0_4_pkg_noc' shall be treated as localparam [d:/DOAN/DATN_RTL/DATN_VIVADO/project_2/project_2.gen/sources_1/bd/SoC/ipshared/f0b6/hdl/sc_util_v1_0_vl_rfs.sv:676]
WARNING: [Synth 8-11067] parameter 'NOC_MAX_TKN_WIDTH' declared inside package 'sc_util_v1_0_4_pkg_noc' shall be treated as localparam [d:/DOAN/DATN_RTL/DATN_VIVADO/project_2/project_2.gen/sources_1/bd/SoC/ipshared/f0b6/hdl/sc_util_v1_0_vl_rfs.sv:677]
WARNING: [Synth 8-11067] parameter 'NOC_MAX_RTR_ADDR_WIDTH' declared inside package 'sc_util_v1_0_4_pkg_noc' shall be treated as localparam [d:/DOAN/DATN_RTL/DATN_VIVADO/project_2/project_2.gen/sources_1/bd/SoC/ipshared/f0b6/hdl/sc_util_v1_0_vl_rfs.sv:678]
WARNING: [Synth 8-11067] parameter 'NOC_PORT_EJECT' declared inside package 'sc_util_v1_0_4_pkg_noc' shall be treated as localparam [d:/DOAN/DATN_RTL/DATN_VIVADO/project_2/project_2.gen/sources_1/bd/SoC/ipshared/f0b6/hdl/sc_util_v1_0_vl_rfs.sv:679]
WARNING: [Synth 8-11067] parameter 'NOC_PORT_ASCEND' declared inside package 'sc_util_v1_0_4_pkg_noc' shall be treated as localparam [d:/DOAN/DATN_RTL/DATN_VIVADO/project_2/project_2.gen/sources_1/bd/SoC/ipshared/f0b6/hdl/sc_util_v1_0_vl_rfs.sv:680]
WARNING: [Synth 8-11067] parameter 'NOC_PORT_DESCEND' declared inside package 'sc_util_v1_0_4_pkg_noc' shall be treated as localparam [d:/DOAN/DATN_RTL/DATN_VIVADO/project_2/project_2.gen/sources_1/bd/SoC/ipshared/f0b6/hdl/sc_util_v1_0_vl_rfs.sv:681]
WARNING: [Synth 8-11067] parameter 'NOC_PORT_THROUGH' declared inside package 'sc_util_v1_0_4_pkg_noc' shall be treated as localparam [d:/DOAN/DATN_RTL/DATN_VIVADO/project_2/project_2.gen/sources_1/bd/SoC/ipshared/f0b6/hdl/sc_util_v1_0_vl_rfs.sv:682]
WARNING: [Synth 8-11067] parameter 'NOC_TOKEN_THROUGH' declared inside package 'sc_util_v1_0_4_pkg_noc' shall be treated as localparam [d:/DOAN/DATN_RTL/DATN_VIVADO/project_2/project_2.gen/sources_1/bd/SoC/ipshared/f0b6/hdl/sc_util_v1_0_vl_rfs.sv:683]
WARNING: [Synth 8-11067] parameter 'NOC_TOKEN_ASCEND' declared inside package 'sc_util_v1_0_4_pkg_noc' shall be treated as localparam [d:/DOAN/DATN_RTL/DATN_VIVADO/project_2/project_2.gen/sources_1/bd/SoC/ipshared/f0b6/hdl/sc_util_v1_0_vl_rfs.sv:684]
WARNING: [Synth 8-11067] parameter 'NOC_TOKEN_DESCEND' declared inside package 'sc_util_v1_0_4_pkg_noc' shall be treated as localparam [d:/DOAN/DATN_RTL/DATN_VIVADO/project_2/project_2.gen/sources_1/bd/SoC/ipshared/f0b6/hdl/sc_util_v1_0_vl_rfs.sv:685]
INFO: [Common 17-14] Message 'Synth 8-11067' appears 100 times and further instances of the messages will be disabled. Use the Tcl command set_msg_config to change the current settings.
WARNING: [Synth 8-11014] non-net output port 'upsizer_valid' cannot be initialized at declaration in SystemVerilog mode [d:/DOAN/DATN_RTL/DATN_VIVADO/project_2/project_2.gen/sources_1/bd/SoC/ipshared/66be/hdl/sc_node_v1_0_vl_rfs.sv:2589]
INFO: [Synth 8-11241] undeclared symbol 'dp_audi_ref_clk', assumed default net type 'wire' [d:/DOAN/DATN_RTL/DATN_VIVADO/project_2/project_2.gen/sources_1/bd/SoC/ip/SoC_zynq_ultra_ps_e_0_0/hdl/zynq_ultra_ps_e_v3_4_1.v:2490]
---------------------------------------------------------------------------------
Starting RTL Elaboration : Time (s): cpu = 00:00:06 ; elapsed = 00:00:11 . Memory (MB): peak = 2557.660 ; gain = 339.230
---------------------------------------------------------------------------------
INFO: [Synth 8-6157] synthesizing module 'SoC_wrapper' [D:/DOAN/DATN_RTL/DATN_VIVADO/project_2/project_2.gen/sources_1/bd/SoC/hdl/SoC_wrapper.v:12]
INFO: [Synth 8-6157] synthesizing module 'SoC' [d:/DOAN/DATN_RTL/DATN_VIVADO/project_2/project_2.gen/sources_1/bd/SoC/synth/SoC.v:12]
INFO: [Synth 8-6157] synthesizing module 'SoC_VPU_Top_0_0' [d:/DOAN/DATN_RTL/DATN_VIVADO/project_2/project_2.gen/sources_1/bd/SoC/ip/SoC_VPU_Top_0_0/synth/SoC_VPU_Top_0_0.v:53]
INFO: [Synth 8-6157] synthesizing module 'VPU_Top' [d:/DOAN/DATN_RTL/DATN_VIVADO/project_2/project_2.gen/sources_1/bd/SoC/ipshared/7ef9/src/VPU_Top.v:27]
INFO: [Synth 8-6157] synthesizing module 'MY_IP' [d:/DOAN/DATN_RTL/DATN_VIVADO/project_2/project_2.gen/sources_1/bd/SoC/ipshared/7ef9/src/MY_IP.v:30]
INFO: [Synth 8-6157] synthesizing module 'AXI4_Mapping' [d:/DOAN/DATN_RTL/DATN_VIVADO/project_2/project_2.gen/sources_1/bd/SoC/ipshared/7ef9/src/AXI4_Mapping.v:34]
INFO: [Synth 8-6157] synthesizing module 'Matrix_Vector_Multiplication' [d:/DOAN/DATN_RTL/DATN_VIVADO/project_2/project_2.gen/sources_1/bd/SoC/ipshared/7ef9/src/Matrix_Vector_Multiplication.v:49]
INFO: [Synth 8-6157] synthesizing module 'Dual_Port_BRAM' [d:/DOAN/DATN_RTL/DATN_VIVADO/project_2/project_2.gen/sources_1/bd/SoC/ipshared/7ef9/src/Dual_Port_BRAM.v:35]
INFO: [Synth 8-6155] done synthesizing module 'Dual_Port_BRAM' (0#1) [d:/DOAN/DATN_RTL/DATN_VIVADO/project_2/project_2.gen/sources_1/bd/SoC/ipshared/7ef9/src/Dual_Port_BRAM.v:35]
INFO: [Synth 8-6157] synthesizing module 'Dual_Port_BRAM__parameterized0' [d:/DOAN/DATN_RTL/DATN_VIVADO/project_2/project_2.gen/sources_1/bd/SoC/ipshared/7ef9/src/Dual_Port_BRAM.v:35]
INFO: [Synth 8-6157] synthesizing module 'xpm_memory_sdpram' [D:/Xilinx/Vivado/2022.2/data/ip/xpm/xpm_memory/hdl/xpm_memory.sv:8476]
INFO: [Synth 8-6157] synthesizing module 'xpm_memory_base' [D:/Xilinx/Vivado/2022.2/data/ip/xpm/xpm_memory/hdl/xpm_memory.sv:56]
INFO: [Synth 8-6155] done synthesizing module 'xpm_memory_base' (0#1) [D:/Xilinx/Vivado/2022.2/data/ip/xpm/xpm_memory/hdl/xpm_memory.sv:56]
INFO: [Synth 8-6155] done synthesizing module 'xpm_memory_sdpram' (0#1) [D:/Xilinx/Vivado/2022.2/data/ip/xpm/xpm_memory/hdl/xpm_memory.sv:8476]
INFO: [Synth 8-6155] done synthesizing module 'Dual_Port_BRAM__parameterized0' (0#1) [d:/DOAN/DATN_RTL/DATN_VIVADO/project_2/project_2.gen/sources_1/bd/SoC/ipshared/7ef9/src/Dual_Port_BRAM.v:35]
INFO: [Synth 8-6157] synthesizing module 'Dual_Port_BRAM__parameterized1' [d:/DOAN/DATN_RTL/DATN_VIVADO/project_2/project_2.gen/sources_1/bd/SoC/ipshared/7ef9/src/Dual_Port_BRAM.v:35]
INFO: [Synth 8-6155] done synthesizing module 'Dual_Port_BRAM__parameterized1' (0#1) [d:/DOAN/DATN_RTL/DATN_VIVADO/project_2/project_2.gen/sources_1/bd/SoC/ipshared/7ef9/src/Dual_Port_BRAM.v:35]
INFO: [Synth 8-6157] synthesizing module 'PMAU_Full' [d:/DOAN/DATN_RTL/DATN_VIVADO/project_2/project_2.gen/sources_1/bd/SoC/ipshared/7ef9/src/PMAU_Full.v:45]
INFO: [Synth 8-638] synthesizing module 'mult_gen_0' [d:/DOAN/DATN_RTL/DATN_VIVADO/project_2/project_2.gen/sources_1/bd/SoC/ip/SoC_VPU_Top_0_0/project_2.srcs/sources_1/ip/mult_gen_0/synth/mult_gen_0.vhd:68]
WARNING: [Synth 8-5640] Port 'zero_detect' is missing in component declaration [d:/DOAN/DATN_RTL/DATN_VIVADO/project_2/project_2.gen/sources_1/bd/SoC/ip/SoC_VPU_Top_0_0/project_2.srcs/sources_1/ip/mult_gen_0/synth/mult_gen_0.vhd:71]
WARNING: [Synth 8-5640] Port 'pcasc' is missing in component declaration [d:/DOAN/DATN_RTL/DATN_VIVADO/project_2/project_2.gen/sources_1/bd/SoC/ip/SoC_VPU_Top_0_0/project_2.srcs/sources_1/ip/mult_gen_0/synth/mult_gen_0.vhd:71]
	Parameter C_VERBOSITY bound to: 0 - type: integer 
	Parameter C_MODEL_TYPE bound to: 0 - type: integer 
	Parameter C_OPTIMIZE_GOAL bound to: 1 - type: integer 
	Parameter C_XDEVICEFAMILY bound to: zynquplus - type: string 
	Parameter C_HAS_CE bound to: 0 - type: integer 
	Parameter C_HAS_SCLR bound to: 0 - type: integer 
	Parameter C_LATENCY bound to: 3 - type: integer 
	Parameter C_A_WIDTH bound to: 8 - type: integer 
	Parameter C_A_TYPE bound to: 0 - type: integer 
	Parameter C_B_WIDTH bound to: 8 - type: integer 
	Parameter C_B_TYPE bound to: 0 - type: integer 
	Parameter C_OUT_HIGH bound to: 15 - type: integer 
	Parameter C_OUT_LOW bound to: 0 - type: integer 
	Parameter C_MULT_TYPE bound to: 1 - type: integer 
	Parameter C_CE_OVERRIDES_SCLR bound to: 0 - type: integer 
	Parameter C_CCM_IMP bound to: 0 - type: integer 
	Parameter C_B_VALUE bound to: 10000001 - type: string 
	Parameter C_HAS_ZERO_DETECT bound to: 0 - type: integer 
	Parameter C_ROUND_OUTPUT bound to: 0 - type: integer 
	Parameter C_ROUND_PT bound to: 0 - type: integer 
INFO: [Synth 8-3491] module 'mult_gen_v12_0_18' declared at 'd:/DOAN/DATN_RTL/DATN_VIVADO/project_2/project_2.gen/sources_1/bd/SoC/ip/SoC_VPU_Top_0_0/project_2.srcs/sources_1/ip/mult_gen_0/hdl/mult_gen_v12_0_vh_rfs.vhd:21010' bound to instance 'U0' of component 'mult_gen_v12_0_18' [d:/DOAN/DATN_RTL/DATN_VIVADO/project_2/project_2.gen/sources_1/bd/SoC/ip/SoC_VPU_Top_0_0/project_2.srcs/sources_1/ip/mult_gen_0/synth/mult_gen_0.vhd:120]
WARNING: [Synth 8-5974] attribute "use_dsp48" has been deprecated, please use "use_dsp" instead 
INFO: [Synth 8-256] done synthesizing module 'mult_gen_0' (0#1) [d:/DOAN/DATN_RTL/DATN_VIVADO/project_2/project_2.gen/sources_1/bd/SoC/ip/SoC_VPU_Top_0_0/project_2.srcs/sources_1/ip/mult_gen_0/synth/mult_gen_0.vhd:68]
INFO: [Synth 8-6155] done synthesizing module 'PMAU_Full' (0#1) [d:/DOAN/DATN_RTL/DATN_VIVADO/project_2/project_2.gen/sources_1/bd/SoC/ipshared/7ef9/src/PMAU_Full.v:45]
INFO: [Synth 8-6157] synthesizing module 'VPU_Result_Requantizer' [d:/DOAN/DATN_RTL/DATN_VIVADO/project_2/project_2.gen/sources_1/bd/SoC/ipshared/7ef9/src/VPU_Result_Requantizer.v:20]
INFO: [Synth 8-6155] done synthesizing module 'VPU_Result_Requantizer' (0#1) [d:/DOAN/DATN_RTL/DATN_VIVADO/project_2/project_2.gen/sources_1/bd/SoC/ipshared/7ef9/src/VPU_Result_Requantizer.v:20]
INFO: [Synth 8-6155] done synthesizing module 'Matrix_Vector_Multiplication' (0#1) [d:/DOAN/DATN_RTL/DATN_VIVADO/project_2/project_2.gen/sources_1/bd/SoC/ipshared/7ef9/src/Matrix_Vector_Multiplication.v:49]
INFO: [Synth 8-6157] synthesizing module 'SPU_Top' [d:/DOAN/DATN_RTL/DATN_VIVADO/project_2/project_2.gen/sources_1/bd/SoC/ipshared/7ef9/src/SPU_Top.v:18]
INFO: [Synth 8-6157] synthesizing module 'SPU_VPU_Stream8' [d:/DOAN/DATN_RTL/DATN_VIVADO/project_2/project_2.gen/sources_1/bd/SoC/ipshared/7ef9/src/SPU_VPU_Stream8.v:26]
INFO: [Synth 8-6157] synthesizing module 'SPU_Q8_Scale_Accum' [d:/DOAN/DATN_RTL/DATN_VIVADO/project_2/project_2.gen/sources_1/bd/SoC/ipshared/7ef9/src/SPU_Q8_Scale_Accum.v:27]
INFO: [Synth 8-6155] done synthesizing module 'SPU_Q8_Scale_Accum' (0#1) [d:/DOAN/DATN_RTL/DATN_VIVADO/project_2/project_2.gen/sources_1/bd/SoC/ipshared/7ef9/src/SPU_Q8_Scale_Accum.v:27]
INFO: [Synth 8-6155] done synthesizing module 'SPU_VPU_Stream8' (0#1) [d:/DOAN/DATN_RTL/DATN_VIVADO/project_2/project_2.gen/sources_1/bd/SoC/ipshared/7ef9/src/SPU_VPU_Stream8.v:26]
INFO: [Synth 8-6157] synthesizing module 'SPU_Controller' [d:/DOAN/DATN_RTL/DATN_VIVADO/project_2/project_2.gen/sources_1/bd/SoC/ipshared/7ef9/src/SPU_Controller.v:19]
INFO: [Synth 8-6157] synthesizing module 'SPU_Quantize_Q8_0' [d:/DOAN/DATN_RTL/DATN_VIVADO/project_2/project_2.gen/sources_1/bd/SoC/ipshared/7ef9/src/SPU_Quantize_Q8_0.v:16]
INFO: [Synth 8-6155] done synthesizing module 'SPU_Quantize_Q8_0' (0#1) [d:/DOAN/DATN_RTL/DATN_VIVADO/project_2/project_2.gen/sources_1/bd/SoC/ipshared/7ef9/src/SPU_Quantize_Q8_0.v:16]
INFO: [Synth 8-6157] synthesizing module 'SPU_SiLU_Mul' [d:/DOAN/DATN_RTL/DATN_VIVADO/project_2/project_2.gen/sources_1/bd/SoC/ipshared/7ef9/src/SPU_SiLU_Mul.v:18]
INFO: [Synth 8-6155] done synthesizing module 'SPU_SiLU_Mul' (0#1) [d:/DOAN/DATN_RTL/DATN_VIVADO/project_2/project_2.gen/sources_1/bd/SoC/ipshared/7ef9/src/SPU_SiLU_Mul.v:18]
INFO: [Synth 8-6157] synthesizing module 'SPU_RMSNorm' [d:/DOAN/DATN_RTL/DATN_VIVADO/project_2/project_2.gen/sources_1/bd/SoC/ipshared/7ef9/src/SPU_RMSNorm.v:17]
INFO: [Synth 8-226] default block is never used [d:/DOAN/DATN_RTL/DATN_VIVADO/project_2/project_2.gen/sources_1/bd/SoC/ipshared/7ef9/src/SPU_RMSNorm.v:95]
INFO: [Synth 8-6155] done synthesizing module 'SPU_RMSNorm' (0#1) [d:/DOAN/DATN_RTL/DATN_VIVADO/project_2/project_2.gen/sources_1/bd/SoC/ipshared/7ef9/src/SPU_RMSNorm.v:17]
INFO: [Synth 8-6157] synthesizing module 'SPU_RMSInv_Engine' [d:/DOAN/DATN_RTL/DATN_VIVADO/project_2/project_2.gen/sources_1/bd/SoC/ipshared/7ef9/src/SPU_RMSInv_Engine.v:15]
INFO: [Synth 8-6155] done synthesizing module 'SPU_RMSInv_Engine' (0#1) [d:/DOAN/DATN_RTL/DATN_VIVADO/project_2/project_2.gen/sources_1/bd/SoC/ipshared/7ef9/src/SPU_RMSInv_Engine.v:15]
INFO: [Synth 8-6157] synthesizing module 'SPU_RoPE' [d:/DOAN/DATN_RTL/DATN_VIVADO/project_2/project_2.gen/sources_1/bd/SoC/ipshared/7ef9/src/SPU_RoPE.v:13]
INFO: [Synth 8-226] default block is never used [d:/DOAN/DATN_RTL/DATN_VIVADO/project_2/project_2.gen/sources_1/bd/SoC/ipshared/7ef9/src/SPU_RoPE.v:85]
INFO: [Synth 8-6155] done synthesizing module 'SPU_RoPE' (0#1) [d:/DOAN/DATN_RTL/DATN_VIVADO/project_2/project_2.gen/sources_1/bd/SoC/ipshared/7ef9/src/SPU_RoPE.v:13]
INFO: [Synth 8-6157] synthesizing module 'SPU_Softmax' [d:/DOAN/DATN_RTL/DATN_VIVADO/project_2/project_2.gen/sources_1/bd/SoC/ipshared/7ef9/src/SPU_Softmax.v:17]
INFO: [Synth 8-6155] done synthesizing module 'SPU_Softmax' (0#1) [d:/DOAN/DATN_RTL/DATN_VIVADO/project_2/project_2.gen/sources_1/bd/SoC/ipshared/7ef9/src/SPU_Softmax.v:17]
INFO: [Synth 8-6155] done synthesizing module 'SPU_Controller' (0#1) [d:/DOAN/DATN_RTL/DATN_VIVADO/project_2/project_2.gen/sources_1/bd/SoC/ipshared/7ef9/src/SPU_Controller.v:19]
INFO: [Synth 8-6157] synthesizing module 'SPU_Local_Memory' [d:/DOAN/DATN_RTL/DATN_VIVADO/project_2/project_2.gen/sources_1/bd/SoC/ipshared/7ef9/src/SPU_Local_Memory.v:25]
INFO: [Synth 8-6155] done synthesizing module 'SPU_Local_Memory' (0#1) [d:/DOAN/DATN_RTL/DATN_VIVADO/project_2/project_2.gen/sources_1/bd/SoC/ipshared/7ef9/src/SPU_Local_Memory.v:25]
INFO: [Synth 8-6155] done synthesizing module 'SPU_Top' (0#1) [d:/DOAN/DATN_RTL/DATN_VIVADO/project_2/project_2.gen/sources_1/bd/SoC/ipshared/7ef9/src/SPU_Top.v:18]
INFO: [Synth 8-6155] done synthesizing module 'AXI4_Mapping' (0#1) [d:/DOAN/DATN_RTL/DATN_VIVADO/project_2/project_2.gen/sources_1/bd/SoC/ipshared/7ef9/src/AXI4_Mapping.v:34]
INFO: [Synth 8-6155] done synthesizing module 'MY_IP' (0#1) [d:/DOAN/DATN_RTL/DATN_VIVADO/project_2/project_2.gen/sources_1/bd/SoC/ipshared/7ef9/src/MY_IP.v:30]
INFO: [Synth 8-6155] done synthesizing module 'VPU_Top' (0#1) [d:/DOAN/DATN_RTL/DATN_VIVADO/project_2/project_2.gen/sources_1/bd/SoC/ipshared/7ef9/src/VPU_Top.v:27]
INFO: [Synth 8-6155] done synthesizing module 'SoC_VPU_Top_0_0' (0#1) [d:/DOAN/DATN_RTL/DATN_VIVADO/project_2/project_2.gen/sources_1/bd/SoC/ip/SoC_VPU_Top_0_0/synth/SoC_VPU_Top_0_0.v:53]
WARNING: [Synth 8-7071] port 's00_axi_bid' of module 'SoC_VPU_Top_0_0' is unconnected for instance 'VPU_Top_0' [d:/DOAN/DATN_RTL/DATN_VIVADO/project_2/project_2.gen/sources_1/bd/SoC/synth/SoC.v:133]
WARNING: [Synth 8-7071] port 's00_axi_buser' of module 'SoC_VPU_Top_0_0' is unconnected for instance 'VPU_Top_0' [d:/DOAN/DATN_RTL/DATN_VIVADO/project_2/project_2.gen/sources_1/bd/SoC/synth/SoC.v:133]
WARNING: [Synth 8-7071] port 's00_axi_rid' of module 'SoC_VPU_Top_0_0' is unconnected for instance 'VPU_Top_0' [d:/DOAN/DATN_RTL/DATN_VIVADO/project_2/project_2.gen/sources_1/bd/SoC/synth/SoC.v:133]
WARNING: [Synth 8-7071] port 's00_axi_ruser' of module 'SoC_VPU_Top_0_0' is unconnected for instance 'VPU_Top_0' [d:/DOAN/DATN_RTL/DATN_VIVADO/project_2/project_2.gen/sources_1/bd/SoC/synth/SoC.v:133]
WARNING: [Synth 8-7023] instance 'VPU_Top_0' of module 'SoC_VPU_Top_0_0' has 46 connections declared, but only 42 given [d:/DOAN/DATN_RTL/DATN_VIVADO/project_2/project_2.gen/sources_1/bd/SoC/synth/SoC.v:133]
INFO: [Synth 8-6157] synthesizing module 'SoC_axi_smc_0' [d:/DOAN/DATN_RTL/DATN_VIVADO/project_2/project_2.gen/sources_1/bd/SoC/ip/SoC_axi_smc_0/synth/SoC_axi_smc_0.v:53]
INFO: [Synth 8-6157] synthesizing module 'bd_d7be' [d:/DOAN/DATN_RTL/DATN_VIVADO/project_2/project_2.gen/sources_1/bd/SoC/ip/SoC_axi_smc_0/bd_0/synth/bd_d7be.v:9]
INFO: [Synth 8-6157] synthesizing module 'clk_map_imp_1N13RGP' [d:/DOAN/DATN_RTL/DATN_VIVADO/project_2/project_2.gen/sources_1/bd/SoC/ip/SoC_axi_smc_0/bd_0/synth/bd_d7be.v:1434]
INFO: [Synth 8-6157] synthesizing module 'bd_d7be_one_0' [d:/DOAN/DATN_RTL/DATN_VIVADO/project_2/project_2.gen/sources_1/bd/SoC/ip/SoC_axi_smc_0/bd_0/ip/ip_0/synth/bd_d7be_one_0.v:53]
INFO: [Synth 8-6157] synthesizing module 'xlconstant_v1_1_7_xlconstant' [d:/DOAN/DATN_RTL/DATN_VIVADO/project_2/project_2.gen/sources_1/bd/SoC/ipshared/badb/hdl/xlconstant_v1_1_vl_rfs.v:23]
INFO: [Synth 8-6155] done synthesizing module 'xlconstant_v1_1_7_xlconstant' (0#1) [d:/DOAN/DATN_RTL/DATN_VIVADO/project_2/project_2.gen/sources_1/bd/SoC/ipshared/badb/hdl/xlconstant_v1_1_vl_rfs.v:23]
INFO: [Synth 8-6155] done synthesizing module 'bd_d7be_one_0' (0#1) [d:/DOAN/DATN_RTL/DATN_VIVADO/project_2/project_2.gen/sources_1/bd/SoC/ip/SoC_axi_smc_0/bd_0/ip/ip_0/synth/bd_d7be_one_0.v:53]
INFO: [Synth 8-638] synthesizing module 'bd_d7be_psr_aclk_0' [d:/DOAN/DATN_RTL/DATN_VIVADO/project_2/project_2.gen/sources_1/bd/SoC/ip/SoC_axi_smc_0/bd_0/ip/ip_1/synth/bd_d7be_psr_aclk_0.vhd:74]
	Parameter C_FAMILY bound to: zynquplus - type: string 
	Parameter C_EXT_RST_WIDTH bound to: 4 - type: integer 
	Parameter C_AUX_RST_WIDTH bound to: 1 - type: integer 
	Parameter C_EXT_RESET_HIGH bound to: 1'b0 
	Parameter C_AUX_RESET_HIGH bound to: 1'b0 
	Parameter C_NUM_BUS_RST bound to: 1 - type: integer 
	Parameter C_NUM_PERP_RST bound to: 1 - type: integer 
	Parameter C_NUM_INTERCONNECT_ARESETN bound to: 1 - type: integer 
	Parameter C_NUM_PERP_ARESETN bound to: 1 - type: integer 
INFO: [Synth 8-3491] module 'proc_sys_reset' declared at 'd:/DOAN/DATN_RTL/DATN_VIVADO/project_2/project_2.gen/sources_1/bd/SoC/ipshared/8842/hdl/proc_sys_reset_v5_0_vh_rfs.vhd:1264' bound to instance 'U0' of component 'proc_sys_reset' [d:/DOAN/DATN_RTL/DATN_VIVADO/project_2/project_2.gen/sources_1/bd/SoC/ip/SoC_axi_smc_0/bd_0/ip/ip_1/synth/bd_d7be_psr_aclk_0.vhd:129]
INFO: [Synth 8-638] synthesizing module 'proc_sys_reset' [d:/DOAN/DATN_RTL/DATN_VIVADO/project_2/project_2.gen/sources_1/bd/SoC/ipshared/8842/hdl/proc_sys_reset_v5_0_vh_rfs.vhd:1323]
	Parameter INIT bound to: 1'b1 
INFO: [Synth 8-113] binding component instance 'FDRE_inst' to cell 'FDRE' [d:/DOAN/DATN_RTL/DATN_VIVADO/project_2/project_2.gen/sources_1/bd/SoC/ipshared/8842/hdl/proc_sys_reset_v5_0_vh_rfs.vhd:1392]
	Parameter INIT bound to: 1'b1 
INFO: [Synth 8-113] binding component instance 'FDRE_BSR' to cell 'FDRE' [d:/DOAN/DATN_RTL/DATN_VIVADO/project_2/project_2.gen/sources_1/bd/SoC/ipshared/8842/hdl/proc_sys_reset_v5_0_vh_rfs.vhd:1408]
	Parameter INIT bound to: 1'b0 
INFO: [Synth 8-113] binding component instance 'FDRE_BSR_N' to cell 'FDRE' [d:/DOAN/DATN_RTL/DATN_VIVADO/project_2/project_2.gen/sources_1/bd/SoC/ipshared/8842/hdl/proc_sys_reset_v5_0_vh_rfs.vhd:1434]
	Parameter INIT bound to: 1'b1 
INFO: [Synth 8-113] binding component instance 'FDRE_PER' to cell 'FDRE' [d:/DOAN/DATN_RTL/DATN_VIVADO/project_2/project_2.gen/sources_1/bd/SoC/ipshared/8842/hdl/proc_sys_reset_v5_0_vh_rfs.vhd:1457]
	Parameter INIT bound to: 1'b0 
INFO: [Synth 8-113] binding component instance 'FDRE_PER_N' to cell 'FDRE' [d:/DOAN/DATN_RTL/DATN_VIVADO/project_2/project_2.gen/sources_1/bd/SoC/ipshared/8842/hdl/proc_sys_reset_v5_0_vh_rfs.vhd:1481]
INFO: [Synth 8-638] synthesizing module 'lpf' [d:/DOAN/DATN_RTL/DATN_VIVADO/project_2/project_2.gen/sources_1/bd/SoC/ipshared/8842/hdl/proc_sys_reset_v5_0_vh_rfs.vhd:816]
INFO: [Synth 8-3491] module 'SRL16' declared at 'D:/Xilinx/Vivado/2022.2/scripts/rt/data/unisim_comp.v:131628' bound to instance 'POR_SRL_I' of component 'SRL16' [d:/DOAN/DATN_RTL/DATN_VIVADO/project_2/project_2.gen/sources_1/bd/SoC/ipshared/8842/hdl/proc_sys_reset_v5_0_vh_rfs.vhd:868]
INFO: [Synth 8-6157] synthesizing module 'SRL16' [D:/Xilinx/Vivado/2022.2/scripts/rt/data/unisim_comp.v:131628]
INFO: [Synth 8-6155] done synthesizing module 'SRL16' (0#1) [D:/Xilinx/Vivado/2022.2/scripts/rt/data/unisim_comp.v:131628]
INFO: [Synth 8-638] synthesizing module 'cdc_sync' [d:/DOAN/DATN_RTL/DATN_VIVADO/project_2/project_2.gen/sources_1/bd/SoC/ipshared/ef1e/hdl/lib_cdc_v1_0_rfs.vhd:106]
	Parameter INIT bound to: 1'b0 
INFO: [Synth 8-113] binding component instance 'CROSS_PLEVEL_IN2SCNDRY_IN_cdc_to' to cell 'FDR' [d:/DOAN/DATN_RTL/DATN_VIVADO/project_2/project_2.gen/sources_1/bd/SoC/ipshared/ef1e/hdl/lib_cdc_v1_0_rfs.vhd:514]
	Parameter INIT bound to: 1'b0 
INFO: [Synth 8-113] binding component instance 'CROSS_PLEVEL_IN2SCNDRY_s_level_out_d2' to cell 'FDR' [d:/DOAN/DATN_RTL/DATN_VIVADO/project_2/project_2.gen/sources_1/bd/SoC/ipshared/ef1e/hdl/lib_cdc_v1_0_rfs.vhd:545]
	Parameter INIT bound to: 1'b0 
INFO: [Synth 8-113] binding component instance 'CROSS_PLEVEL_IN2SCNDRY_s_level_out_d3' to cell 'FDR' [d:/DOAN/DATN_RTL/DATN_VIVADO/project_2/project_2.gen/sources_1/bd/SoC/ipshared/ef1e/hdl/lib_cdc_v1_0_rfs.vhd:554]
	Parameter INIT bound to: 1'b0 
INFO: [Synth 8-113] binding component instance 'CROSS_PLEVEL_IN2SCNDRY_s_level_out_d4' to cell 'FDR' [d:/DOAN/DATN_RTL/DATN_VIVADO/project_2/project_2.gen/sources_1/bd/SoC/ipshared/ef1e/hdl/lib_cdc_v1_0_rfs.vhd:564]
	Parameter INIT bound to: 1'b0 
INFO: [Synth 8-113] binding component instance 'CROSS_PLEVEL_IN2SCNDRY_s_level_out_d5' to cell 'FDR' [d:/DOAN/DATN_RTL/DATN_VIVADO/project_2/project_2.gen/sources_1/bd/SoC/ipshared/ef1e/hdl/lib_cdc_v1_0_rfs.vhd:574]
	Parameter INIT bound to: 1'b0 
INFO: [Synth 8-113] binding component instance 'CROSS_PLEVEL_IN2SCNDRY_s_level_out_d6' to cell 'FDR' [d:/DOAN/DATN_RTL/DATN_VIVADO/project_2/project_2.gen/sources_1/bd/SoC/ipshared/ef1e/hdl/lib_cdc_v1_0_rfs.vhd:584]
INFO: [Synth 8-256] done synthesizing module 'cdc_sync' (0#1) [d:/DOAN/DATN_RTL/DATN_VIVADO/project_2/project_2.gen/sources_1/bd/SoC/ipshared/ef1e/hdl/lib_cdc_v1_0_rfs.vhd:106]
INFO: [Synth 8-256] done synthesizing module 'lpf' (0#1) [d:/DOAN/DATN_RTL/DATN_VIVADO/project_2/project_2.gen/sources_1/bd/SoC/ipshared/8842/hdl/proc_sys_reset_v5_0_vh_rfs.vhd:816]
INFO: [Synth 8-638] synthesizing module 'sequence_psr' [d:/DOAN/DATN_RTL/DATN_VIVADO/project_2/project_2.gen/sources_1/bd/SoC/ipshared/8842/hdl/proc_sys_reset_v5_0_vh_rfs.vhd:301]
INFO: [Synth 8-638] synthesizing module 'upcnt_n' [d:/DOAN/DATN_RTL/DATN_VIVADO/project_2/project_2.gen/sources_1/bd/SoC/ipshared/8842/hdl/proc_sys_reset_v5_0_vh_rfs.vhd:125]
INFO: [Synth 8-256] done synthesizing module 'upcnt_n' (0#1) [d:/DOAN/DATN_RTL/DATN_VIVADO/project_2/project_2.gen/sources_1/bd/SoC/ipshared/8842/hdl/proc_sys_reset_v5_0_vh_rfs.vhd:125]
INFO: [Synth 8-256] done synthesizing module 'sequence_psr' (0#1) [d:/DOAN/DATN_RTL/DATN_VIVADO/project_2/project_2.gen/sources_1/bd/SoC/ipshared/8842/hdl/proc_sys_reset_v5_0_vh_rfs.vhd:301]
INFO: [Synth 8-256] done synthesizing module 'proc_sys_reset' (0#1) [d:/DOAN/DATN_RTL/DATN_VIVADO/project_2/project_2.gen/sources_1/bd/SoC/ipshared/8842/hdl/proc_sys_reset_v5_0_vh_rfs.vhd:1323]
INFO: [Synth 8-256] done synthesizing module 'bd_d7be_psr_aclk_0' (0#1) [d:/DOAN/DATN_RTL/DATN_VIVADO/project_2/project_2.gen/sources_1/bd/SoC/ip/SoC_axi_smc_0/bd_0/ip/ip_1/synth/bd_d7be_psr_aclk_0.vhd:74]
WARNING: [Synth 8-7071] port 'mb_reset' of module 'bd_d7be_psr_aclk_0' is unconnected for instance 'psr_aclk' [d:/DOAN/DATN_RTL/DATN_VIVADO/project_2/project_2.gen/sources_1/bd/SoC/ip/SoC_axi_smc_0/bd_0/synth/bd_d7be.v:1475]
WARNING: [Synth 8-7071] port 'bus_struct_reset' of module 'bd_d7be_psr_aclk_0' is unconnected for instance 'psr_aclk' [d:/DOAN/DATN_RTL/DATN_VIVADO/project_2/project_2.gen/sources_1/bd/SoC/ip/SoC_axi_smc_0/bd_0/synth/bd_d7be.v:1475]
WARNING: [Synth 8-7071] port 'peripheral_reset' of module 'bd_d7be_psr_aclk_0' is unconnected for instance 'psr_aclk' [d:/DOAN/DATN_RTL/DATN_VIVADO/project_2/project_2.gen/sources_1/bd/SoC/ip/SoC_axi_smc_0/bd_0/synth/bd_d7be.v:1475]
WARNING: [Synth 8-7071] port 'peripheral_aresetn' of module 'bd_d7be_psr_aclk_0' is unconnected for instance 'psr_aclk' [d:/DOAN/DATN_RTL/DATN_VIVADO/project_2/project_2.gen/sources_1/bd/SoC/ip/SoC_axi_smc_0/bd_0/synth/bd_d7be.v:1475]
WARNING: [Synth 8-7023] instance 'psr_aclk' of module 'bd_d7be_psr_aclk_0' has 10 connections declared, but only 6 given [d:/DOAN/DATN_RTL/DATN_VIVADO/project_2/project_2.gen/sources_1/bd/SoC/ip/SoC_axi_smc_0/bd_0/synth/bd_d7be.v:1475]
INFO: [Synth 8-6155] done synthesizing module 'clk_map_imp_1N13RGP' (0#1) [d:/DOAN/DATN_RTL/DATN_VIVADO/project_2/project_2.gen/sources_1/bd/SoC/ip/SoC_axi_smc_0/bd_0/synth/bd_d7be.v:1434]
INFO: [Synth 8-6157] synthesizing module 'm00_exit_pipeline_imp_CBUBKI' [d:/DOAN/DATN_RTL/DATN_VIVADO/project_2/project_2.gen/sources_1/bd/SoC/ip/SoC_axi_smc_0/bd_0/synth/bd_d7be.v:1484]
INFO: [Synth 8-6157] synthesizing module 'bd_d7be_m00e_0' [d:/DOAN/DATN_RTL/DATN_VIVADO/project_2/project_2.gen/sources_1/bd/SoC/ip/SoC_axi_smc_0/bd_0/ip/ip_31/synth/bd_d7be_m00e_0.sv:53]
INFO: [Synth 8-6157] synthesizing module 'xpm_cdc_async_rst' [D:/Xilinx/Vivado/2022.2/data/ip/xpm/xpm_cdc/hdl/xpm_cdc.sv:1174]
INFO: [Synth 8-6155] done synthesizing module 'xpm_cdc_async_rst' (0#1) [D:/Xilinx/Vivado/2022.2/data/ip/xpm/xpm_cdc/hdl/xpm_cdc.sv:1174]
INFO: [Synth 8-6155] done synthesizing module 'bd_d7be_m00e_0' (0#1) [d:/DOAN/DATN_RTL/DATN_VIVADO/project_2/project_2.gen/sources_1/bd/SoC/ip/SoC_axi_smc_0/bd_0/ip/ip_31/synth/bd_d7be_m00e_0.sv:53]
INFO: [Synth 8-6155] done synthesizing module 'm00_exit_pipeline_imp_CBUBKI' (0#1) [d:/DOAN/DATN_RTL/DATN_VIVADO/project_2/project_2.gen/sources_1/bd/SoC/ip/SoC_axi_smc_0/bd_0/synth/bd_d7be.v:1484]
INFO: [Synth 8-6157] synthesizing module 'm00_nodes_imp_YI4J7I' [d:/DOAN/DATN_RTL/DATN_VIVADO/project_2/project_2.gen/sources_1/bd/SoC/ip/SoC_axi_smc_0/bd_0/synth/bd_d7be.v:1865]
INFO: [Synth 8-6157] synthesizing module 'bd_d7be_m00arn_0' [d:/DOAN/DATN_RTL/DATN_VIVADO/project_2/project_2.gen/sources_1/bd/SoC/ip/SoC_axi_smc_0/bd_0/ip/ip_26/synth/bd_d7be_m00arn_0.sv:53]
INFO: [Synth 8-6157] synthesizing module 'xpm_memory_sdpram__parameterized0' [D:/Xilinx/Vivado/2022.2/data/ip/xpm/xpm_memory/hdl/xpm_memory.sv:8476]
INFO: [Synth 8-6157] synthesizing module 'xpm_memory_base__parameterized0' [D:/Xilinx/Vivado/2022.2/data/ip/xpm/xpm_memory/hdl/xpm_memory.sv:56]
INFO: [Synth 8-6155] done synthesizing module 'xpm_memory_base__parameterized0' (0#1) [D:/Xilinx/Vivado/2022.2/data/ip/xpm/xpm_memory/hdl/xpm_memory.sv:56]
INFO: [Synth 8-6155] done synthesizing module 'xpm_memory_sdpram__parameterized0' (0#1) [D:/Xilinx/Vivado/2022.2/data/ip/xpm/xpm_memory/hdl/xpm_memory.sv:8476]
INFO: [Synth 8-6157] synthesizing module 'xpm_memory_sdpram__parameterized1' [D:/Xilinx/Vivado/2022.2/data/ip/xpm/xpm_memory/hdl/xpm_memory.sv:8476]
INFO: [Synth 8-6157] synthesizing module 'xpm_memory_base__parameterized1' [D:/Xilinx/Vivado/2022.2/data/ip/xpm/xpm_memory/hdl/xpm_memory.sv:56]
INFO: [Synth 8-6155] done synthesizing module 'xpm_memory_base__parameterized1' (0#1) [D:/Xilinx/Vivado/2022.2/data/ip/xpm/xpm_memory/hdl/xpm_memory.sv:56]
INFO: [Synth 8-6155] done synthesizing module 'xpm_memory_sdpram__parameterized1' (0#1) [D:/Xilinx/Vivado/2022.2/data/ip/xpm/xpm_memory/hdl/xpm_memory.sv:8476]
INFO: [Synth 8-6155] done synthesizing module 'bd_d7be_m00arn_0' (0#1) [d:/DOAN/DATN_RTL/DATN_VIVADO/project_2/project_2.gen/sources_1/bd/SoC/ip/SoC_axi_smc_0/bd_0/ip/ip_26/synth/bd_d7be_m00arn_0.sv:53]
INFO: [Synth 8-6157] synthesizing module 'bd_d7be_m00awn_0' [d:/DOAN/DATN_RTL/DATN_VIVADO/project_2/project_2.gen/sources_1/bd/SoC/ip/SoC_axi_smc_0/bd_0/ip/ip_28/synth/bd_d7be_m00awn_0.sv:53]
INFO: [Synth 8-6155] done synthesizing module 'bd_d7be_m00awn_0' (0#1) [d:/DOAN/DATN_RTL/DATN_VIVADO/project_2/project_2.gen/sources_1/bd/SoC/ip/SoC_axi_smc_0/bd_0/ip/ip_28/synth/bd_d7be_m00awn_0.sv:53]
INFO: [Synth 8-6157] synthesizing module 'bd_d7be_m00bn_0' [d:/DOAN/DATN_RTL/DATN_VIVADO/project_2/project_2.gen/sources_1/bd/SoC/ip/SoC_axi_smc_0/bd_0/ip/ip_30/synth/bd_d7be_m00bn_0.sv:53]
INFO: [Synth 8-6157] synthesizing module 'xpm_memory_sdpram__parameterized2' [D:/Xilinx/Vivado/2022.2/data/ip/xpm/xpm_memory/hdl/xpm_memory.sv:8476]
INFO: [Synth 8-6157] synthesizing module 'xpm_memory_base__parameterized2' [D:/Xilinx/Vivado/2022.2/data/ip/xpm/xpm_memory/hdl/xpm_memory.sv:56]
INFO: [Synth 8-6155] done synthesizing module 'xpm_memory_base__parameterized2' (0#1) [D:/Xilinx/Vivado/2022.2/data/ip/xpm/xpm_memory/hdl/xpm_memory.sv:56]
INFO: [Synth 8-6155] done synthesizing module 'xpm_memory_sdpram__parameterized2' (0#1) [D:/Xilinx/Vivado/2022.2/data/ip/xpm/xpm_memory/hdl/xpm_memory.sv:8476]
INFO: [Synth 8-6157] synthesizing module 'xpm_memory_sdpram__parameterized3' [D:/Xilinx/Vivado/2022.2/data/ip/xpm/xpm_memory/hdl/xpm_memory.sv:8476]
INFO: [Synth 8-6157] synthesizing module 'xpm_memory_base__parameterized3' [D:/Xilinx/Vivado/2022.2/data/ip/xpm/xpm_memory/hdl/xpm_memory.sv:56]
INFO: [Synth 8-6155] done synthesizing module 'xpm_memory_base__parameterized3' (0#1) [D:/Xilinx/Vivado/2022.2/data/ip/xpm/xpm_memory/hdl/xpm_memory.sv:56]
INFO: [Synth 8-6155] done synthesizing module 'xpm_memory_sdpram__parameterized3' (0#1) [D:/Xilinx/Vivado/2022.2/data/ip/xpm/xpm_memory/hdl/xpm_memory.sv:8476]
INFO: [Synth 8-6155] done synthesizing module 'bd_d7be_m00bn_0' (0#1) [d:/DOAN/DATN_RTL/DATN_VIVADO/project_2/project_2.gen/sources_1/bd/SoC/ip/SoC_axi_smc_0/bd_0/ip/ip_30/synth/bd_d7be_m00bn_0.sv:53]
INFO: [Synth 8-6157] synthesizing module 'bd_d7be_m00rn_0' [d:/DOAN/DATN_RTL/DATN_VIVADO/project_2/project_2.gen/sources_1/bd/SoC/ip/SoC_axi_smc_0/bd_0/ip/ip_27/synth/bd_d7be_m00rn_0.sv:53]
INFO: [Synth 8-6157] synthesizing module 'xpm_memory_sdpram__parameterized4' [D:/Xilinx/Vivado/2022.2/data/ip/xpm/xpm_memory/hdl/xpm_memory.sv:8476]
INFO: [Synth 8-6157] synthesizing module 'xpm_memory_base__parameterized4' [D:/Xilinx/Vivado/2022.2/data/ip/xpm/xpm_memory/hdl/xpm_memory.sv:56]
INFO: [Synth 8-6155] done synthesizing module 'xpm_memory_base__parameterized4' (0#1) [D:/Xilinx/Vivado/2022.2/data/ip/xpm/xpm_memory/hdl/xpm_memory.sv:56]
INFO: [Synth 8-6155] done synthesizing module 'xpm_memory_sdpram__parameterized4' (0#1) [D:/Xilinx/Vivado/2022.2/data/ip/xpm/xpm_memory/hdl/xpm_memory.sv:8476]
INFO: [Synth 8-6155] done synthesizing module 'bd_d7be_m00rn_0' (0#1) [d:/DOAN/DATN_RTL/DATN_VIVADO/project_2/project_2.gen/sources_1/bd/SoC/ip/SoC_axi_smc_0/bd_0/ip/ip_27/synth/bd_d7be_m00rn_0.sv:53]
INFO: [Synth 8-6157] synthesizing module 'bd_d7be_m00wn_0' [d:/DOAN/DATN_RTL/DATN_VIVADO/project_2/project_2.gen/sources_1/bd/SoC/ip/SoC_axi_smc_0/bd_0/ip/ip_29/synth/bd_d7be_m00wn_0.sv:53]
INFO: [Synth 8-6157] synthesizing module 'xpm_memory_sdpram__parameterized5' [D:/Xilinx/Vivado/2022.2/data/ip/xpm/xpm_memory/hdl/xpm_memory.sv:8476]
INFO: [Synth 8-6157] synthesizing module 'xpm_memory_base__parameterized5' [D:/Xilinx/Vivado/2022.2/data/ip/xpm/xpm_memory/hdl/xpm_memory.sv:56]
INFO: [Synth 8-6155] done synthesizing module 'xpm_memory_base__parameterized5' (0#1) [D:/Xilinx/Vivado/2022.2/data/ip/xpm/xpm_memory/hdl/xpm_memory.sv:56]
INFO: [Synth 8-6155] done synthesizing module 'xpm_memory_sdpram__parameterized5' (0#1) [D:/Xilinx/Vivado/2022.2/data/ip/xpm/xpm_memory/hdl/xpm_memory.sv:8476]
INFO: [Synth 8-6157] synthesizing module 'xpm_memory_sdpram__parameterized6' [D:/Xilinx/Vivado/2022.2/data/ip/xpm/xpm_memory/hdl/xpm_memory.sv:8476]
INFO: [Synth 8-6157] synthesizing module 'xpm_memory_base__parameterized6' [D:/Xilinx/Vivado/2022.2/data/ip/xpm/xpm_memory/hdl/xpm_memory.sv:56]
INFO: [Synth 8-6155] done synthesizing module 'xpm_memory_base__parameterized6' (0#1) [D:/Xilinx/Vivado/2022.2/data/ip/xpm/xpm_memory/hdl/xpm_memory.sv:56]
INFO: [Synth 8-6155] done synthesizing module 'xpm_memory_sdpram__parameterized6' (0#1) [D:/Xilinx/Vivado/2022.2/data/ip/xpm/xpm_memory/hdl/xpm_memory.sv:8476]
INFO: [Synth 8-6155] done synthesizing module 'bd_d7be_m00wn_0' (0#1) [d:/DOAN/DATN_RTL/DATN_VIVADO/project_2/project_2.gen/sources_1/bd/SoC/ip/SoC_axi_smc_0/bd_0/ip/ip_29/synth/bd_d7be_m00wn_0.sv:53]
INFO: [Synth 8-6155] done synthesizing module 'm00_nodes_imp_YI4J7I' (0#1) [d:/DOAN/DATN_RTL/DATN_VIVADO/project_2/project_2.gen/sources_1/bd/SoC/ip/SoC_axi_smc_0/bd_0/synth/bd_d7be.v:1865]
INFO: [Synth 8-6157] synthesizing module 'bd_d7be_m00s2a_0' [d:/DOAN/DATN_RTL/DATN_VIVADO/project_2/project_2.gen/sources_1/bd/SoC/ip/SoC_axi_smc_0/bd_0/ip/ip_25/synth/bd_d7be_m00s2a_0.sv:53]
INFO: [Synth 8-6155] done synthesizing module 'bd_d7be_m00s2a_0' (0#1) [d:/DOAN/DATN_RTL/DATN_VIVADO/project_2/project_2.gen/sources_1/bd/SoC/ip/SoC_axi_smc_0/bd_0/ip/ip_25/synth/bd_d7be_m00s2a_0.sv:53]
INFO: [Synth 8-6157] synthesizing module 'bd_d7be_s00a2s_0' [d:/DOAN/DATN_RTL/DATN_VIVADO/project_2/project_2.gen/sources_1/bd/SoC/ip/SoC_axi_smc_0/bd_0/ip/ip_10/synth/bd_d7be_s00a2s_0.sv:53]
INFO: [Synth 8-6155] done synthesizing module 'bd_d7be_s00a2s_0' (0#1) [d:/DOAN/DATN_RTL/DATN_VIVADO/project_2/project_2.gen/sources_1/bd/SoC/ip/SoC_axi_smc_0/bd_0/ip/ip_10/synth/bd_d7be_s00a2s_0.sv:53]
INFO: [Synth 8-6157] synthesizing module 's00_entry_pipeline_imp_1CMSF0X' [d:/DOAN/DATN_RTL/DATN_VIVADO/project_2/project_2.gen/sources_1/bd/SoC/ip/SoC_axi_smc_0/bd_0/synth/bd_d7be.v:2170]
INFO: [Synth 8-6157] synthesizing module 'bd_d7be_s00mmu_0' [d:/DOAN/DATN_RTL/DATN_VIVADO/project_2/project_2.gen/sources_1/bd/SoC/ip/SoC_axi_smc_0/bd_0/ip/ip_7/synth/bd_d7be_s00mmu_0.sv:53]
INFO: [Synth 8-6155] done synthesizing module 'bd_d7be_s00mmu_0' (0#1) [d:/DOAN/DATN_RTL/DATN_VIVADO/project_2/project_2.gen/sources_1/bd/SoC/ip/SoC_axi_smc_0/bd_0/ip/ip_7/synth/bd_d7be_s00mmu_0.sv:53]
INFO: [Synth 8-6157] synthesizing module 'bd_d7be_s00sic_0' [d:/DOAN/DATN_RTL/DATN_VIVADO/project_2/project_2.gen/sources_1/bd/SoC/ip/SoC_axi_smc_0/bd_0/ip/ip_9/synth/bd_d7be_s00sic_0.sv:53]
INFO: [Synth 8-6155] done synthesizing module 'bd_d7be_s00sic_0' (0#1) [d:/DOAN/DATN_RTL/DATN_VIVADO/project_2/project_2.gen/sources_1/bd/SoC/ip/SoC_axi_smc_0/bd_0/ip/ip_9/synth/bd_d7be_s00sic_0.sv:53]
INFO: [Synth 8-6157] synthesizing module 'bd_d7be_s00tr_0' [d:/DOAN/DATN_RTL/DATN_VIVADO/project_2/project_2.gen/sources_1/bd/SoC/ip/SoC_axi_smc_0/bd_0/ip/ip_8/synth/bd_d7be_s00tr_0.sv:53]
INFO: [Synth 8-6155] done synthesizing module 'bd_d7be_s00tr_0' (0#1) [d:/DOAN/DATN_RTL/DATN_VIVADO/project_2/project_2.gen/sources_1/bd/SoC/ip/SoC_axi_smc_0/bd_0/ip/ip_8/synth/bd_d7be_s00tr_0.sv:53]
INFO: [Synth 8-6155] done synthesizing module 's00_entry_pipeline_imp_1CMSF0X' (0#1) [d:/DOAN/DATN_RTL/DATN_VIVADO/project_2/project_2.gen/sources_1/bd/SoC/ip/SoC_axi_smc_0/bd_0/synth/bd_d7be.v:2170]
INFO: [Synth 8-6157] synthesizing module 's00_nodes_imp_1FVVITN' [d:/DOAN/DATN_RTL/DATN_VIVADO/project_2/project_2.gen/sources_1/bd/SoC/ip/SoC_axi_smc_0/bd_0/synth/bd_d7be.v:2829]
INFO: [Synth 8-6157] synthesizing module 'bd_d7be_sarn_0' [d:/DOAN/DATN_RTL/DATN_VIVADO/project_2/project_2.gen/sources_1/bd/SoC/ip/SoC_axi_smc_0/bd_0/ip/ip_11/synth/bd_d7be_sarn_0.sv:53]
INFO: [Synth 8-6157] synthesizing module 'xpm_memory_sdpram__parameterized7' [D:/Xilinx/Vivado/2022.2/data/ip/xpm/xpm_memory/hdl/xpm_memory.sv:8476]
INFO: [Synth 8-6157] synthesizing module 'xpm_memory_base__parameterized7' [D:/Xilinx/Vivado/2022.2/data/ip/xpm/xpm_memory/hdl/xpm_memory.sv:56]
INFO: [Synth 8-6155] done synthesizing module 'xpm_memory_base__parameterized7' (0#1) [D:/Xilinx/Vivado/2022.2/data/ip/xpm/xpm_memory/hdl/xpm_memory.sv:56]
INFO: [Synth 8-6155] done synthesizing module 'xpm_memory_sdpram__parameterized7' (0#1) [D:/Xilinx/Vivado/2022.2/data/ip/xpm/xpm_memory/hdl/xpm_memory.sv:8476]
INFO: [Synth 8-6157] synthesizing module 'xpm_memory_sdpram__parameterized8' [D:/Xilinx/Vivado/2022.2/data/ip/xpm/xpm_memory/hdl/xpm_memory.sv:8476]
INFO: [Synth 8-6157] synthesizing module 'xpm_memory_base__parameterized8' [D:/Xilinx/Vivado/2022.2/data/ip/xpm/xpm_memory/hdl/xpm_memory.sv:56]
INFO: [Synth 8-6155] done synthesizing module 'xpm_memory_base__parameterized8' (0#1) [D:/Xilinx/Vivado/2022.2/data/ip/xpm/xpm_memory/hdl/xpm_memory.sv:56]
INFO: [Synth 8-6155] done synthesizing module 'xpm_memory_sdpram__parameterized8' (0#1) [D:/Xilinx/Vivado/2022.2/data/ip/xpm/xpm_memory/hdl/xpm_memory.sv:8476]
INFO: [Synth 8-6155] done synthesizing module 'bd_d7be_sarn_0' (0#1) [d:/DOAN/DATN_RTL/DATN_VIVADO/project_2/project_2.gen/sources_1/bd/SoC/ip/SoC_axi_smc_0/bd_0/ip/ip_11/synth/bd_d7be_sarn_0.sv:53]
INFO: [Synth 8-6157] synthesizing module 'bd_d7be_sawn_0' [d:/DOAN/DATN_RTL/DATN_VIVADO/project_2/project_2.gen/sources_1/bd/SoC/ip/SoC_axi_smc_0/bd_0/ip/ip_13/synth/bd_d7be_sawn_0.sv:53]
INFO: [Synth 8-6155] done synthesizing module 'bd_d7be_sawn_0' (0#1) [d:/DOAN/DATN_RTL/DATN_VIVADO/project_2/project_2.gen/sources_1/bd/SoC/ip/SoC_axi_smc_0/bd_0/ip/ip_13/synth/bd_d7be_sawn_0.sv:53]
INFO: [Synth 8-6157] synthesizing module 'bd_d7be_sbn_0' [d:/DOAN/DATN_RTL/DATN_VIVADO/project_2/project_2.gen/sources_1/bd/SoC/ip/SoC_axi_smc_0/bd_0/ip/ip_15/synth/bd_d7be_sbn_0.sv:53]
INFO: [Synth 8-6157] synthesizing module 'xpm_memory_sdpram__parameterized9' [D:/Xilinx/Vivado/2022.2/data/ip/xpm/xpm_memory/hdl/xpm_memory.sv:8476]
INFO: [Synth 8-6157] synthesizing module 'xpm_memory_base__parameterized9' [D:/Xilinx/Vivado/2022.2/data/ip/xpm/xpm_memory/hdl/xpm_memory.sv:56]
INFO: [Synth 8-6155] done synthesizing module 'xpm_memory_base__parameterized9' (0#1) [D:/Xilinx/Vivado/2022.2/data/ip/xpm/xpm_memory/hdl/xpm_memory.sv:56]
INFO: [Synth 8-6155] done synthesizing module 'xpm_memory_sdpram__parameterized9' (0#1) [D:/Xilinx/Vivado/2022.2/data/ip/xpm/xpm_memory/hdl/xpm_memory.sv:8476]
INFO: [Synth 8-6155] done synthesizing module 'bd_d7be_sbn_0' (0#1) [d:/DOAN/DATN_RTL/DATN_VIVADO/project_2/project_2.gen/sources_1/bd/SoC/ip/SoC_axi_smc_0/bd_0/ip/ip_15/synth/bd_d7be_sbn_0.sv:53]
INFO: [Synth 8-6157] synthesizing module 'bd_d7be_srn_0' [d:/DOAN/DATN_RTL/DATN_VIVADO/project_2/project_2.gen/sources_1/bd/SoC/ip/SoC_axi_smc_0/bd_0/ip/ip_12/synth/bd_d7be_srn_0.sv:53]
INFO: [Synth 8-6157] synthesizing module 'xpm_memory_sdpram__parameterized10' [D:/Xilinx/Vivado/2022.2/data/ip/xpm/xpm_memory/hdl/xpm_memory.sv:8476]
INFO: [Synth 8-6157] synthesizing module 'xpm_memory_base__parameterized10' [D:/Xilinx/Vivado/2022.2/data/ip/xpm/xpm_memory/hdl/xpm_memory.sv:56]
INFO: [Synth 8-6155] done synthesizing module 'xpm_memory_base__parameterized10' (0#1) [D:/Xilinx/Vivado/2022.2/data/ip/xpm/xpm_memory/hdl/xpm_memory.sv:56]
INFO: [Synth 8-6155] done synthesizing module 'xpm_memory_sdpram__parameterized10' (0#1) [D:/Xilinx/Vivado/2022.2/data/ip/xpm/xpm_memory/hdl/xpm_memory.sv:8476]
INFO: [Synth 8-6155] done synthesizing module 'bd_d7be_srn_0' (0#1) [d:/DOAN/DATN_RTL/DATN_VIVADO/project_2/project_2.gen/sources_1/bd/SoC/ip/SoC_axi_smc_0/bd_0/ip/ip_12/synth/bd_d7be_srn_0.sv:53]
INFO: [Synth 8-6157] synthesizing module 'bd_d7be_swn_0' [d:/DOAN/DATN_RTL/DATN_VIVADO/project_2/project_2.gen/sources_1/bd/SoC/ip/SoC_axi_smc_0/bd_0/ip/ip_14/synth/bd_d7be_swn_0.sv:53]
INFO: [Synth 8-6157] synthesizing module 'xpm_memory_sdpram__parameterized11' [D:/Xilinx/Vivado/2022.2/data/ip/xpm/xpm_memory/hdl/xpm_memory.sv:8476]
INFO: [Synth 8-6157] synthesizing module 'xpm_memory_base__parameterized11' [D:/Xilinx/Vivado/2022.2/data/ip/xpm/xpm_memory/hdl/xpm_memory.sv:56]
INFO: [Synth 8-6155] done synthesizing module 'xpm_memory_base__parameterized11' (0#1) [D:/Xilinx/Vivado/2022.2/data/ip/xpm/xpm_memory/hdl/xpm_memory.sv:56]
INFO: [Synth 8-6155] done synthesizing module 'xpm_memory_sdpram__parameterized11' (0#1) [D:/Xilinx/Vivado/2022.2/data/ip/xpm/xpm_memory/hdl/xpm_memory.sv:8476]
INFO: [Synth 8-6155] done synthesizing module 'bd_d7be_swn_0' (0#1) [d:/DOAN/DATN_RTL/DATN_VIVADO/project_2/project_2.gen/sources_1/bd/SoC/ip/SoC_axi_smc_0/bd_0/ip/ip_14/synth/bd_d7be_swn_0.sv:53]
INFO: [Synth 8-6155] done synthesizing module 's00_nodes_imp_1FVVITN' (0#1) [d:/DOAN/DATN_RTL/DATN_VIVADO/project_2/project_2.gen/sources_1/bd/SoC/ip/SoC_axi_smc_0/bd_0/synth/bd_d7be.v:2829]
INFO: [Synth 8-6157] synthesizing module 'bd_d7be_s01a2s_0' [d:/DOAN/DATN_RTL/DATN_VIVADO/project_2/project_2.gen/sources_1/bd/SoC/ip/SoC_axi_smc_0/bd_0/ip/ip_19/synth/bd_d7be_s01a2s_0.sv:53]
INFO: [Synth 8-6155] done synthesizing module 'bd_d7be_s01a2s_0' (0#1) [d:/DOAN/DATN_RTL/DATN_VIVADO/project_2/project_2.gen/sources_1/bd/SoC/ip/SoC_axi_smc_0/bd_0/ip/ip_19/synth/bd_d7be_s01a2s_0.sv:53]
INFO: [Synth 8-6157] synthesizing module 's01_entry_pipeline_imp_EHHNT1' [d:/DOAN/DATN_RTL/DATN_VIVADO/project_2/project_2.gen/sources_1/bd/SoC/ip/SoC_axi_smc_0/bd_0/synth/bd_d7be.v:3125]
INFO: [Synth 8-6157] synthesizing module 'bd_d7be_s01mmu_0' [d:/DOAN/DATN_RTL/DATN_VIVADO/project_2/project_2.gen/sources_1/bd/SoC/ip/SoC_axi_smc_0/bd_0/ip/ip_16/synth/bd_d7be_s01mmu_0.sv:53]
INFO: [Synth 8-6155] done synthesizing module 'bd_d7be_s01mmu_0' (0#1) [d:/DOAN/DATN_RTL/DATN_VIVADO/project_2/project_2.gen/sources_1/bd/SoC/ip/SoC_axi_smc_0/bd_0/ip/ip_16/synth/bd_d7be_s01mmu_0.sv:53]
INFO: [Synth 8-6157] synthesizing module 'bd_d7be_s01sic_0' [d:/DOAN/DATN_RTL/DATN_VIVADO/project_2/project_2.gen/sources_1/bd/SoC/ip/SoC_axi_smc_0/bd_0/ip/ip_18/synth/bd_d7be_s01sic_0.sv:53]
INFO: [Synth 8-6155] done synthesizing module 'bd_d7be_s01sic_0' (0#1) [d:/DOAN/DATN_RTL/DATN_VIVADO/project_2/project_2.gen/sources_1/bd/SoC/ip/SoC_axi_smc_0/bd_0/ip/ip_18/synth/bd_d7be_s01sic_0.sv:53]
INFO: [Synth 8-6157] synthesizing module 'bd_d7be_s01tr_0' [d:/DOAN/DATN_RTL/DATN_VIVADO/project_2/project_2.gen/sources_1/bd/SoC/ip/SoC_axi_smc_0/bd_0/ip/ip_17/synth/bd_d7be_s01tr_0.sv:53]
INFO: [Synth 8-6155] done synthesizing module 'bd_d7be_s01tr_0' (0#1) [d:/DOAN/DATN_RTL/DATN_VIVADO/project_2/project_2.gen/sources_1/bd/SoC/ip/SoC_axi_smc_0/bd_0/ip/ip_17/synth/bd_d7be_s01tr_0.sv:53]
INFO: [Synth 8-6155] done synthesizing module 's01_entry_pipeline_imp_EHHNT1' (0#1) [d:/DOAN/DATN_RTL/DATN_VIVADO/project_2/project_2.gen/sources_1/bd/SoC/ip/SoC_axi_smc_0/bd_0/synth/bd_d7be.v:3125]
INFO: [Synth 8-6157] synthesizing module 's01_nodes_imp_B2XZ0D' [d:/DOAN/DATN_RTL/DATN_VIVADO/project_2/project_2.gen/sources_1/bd/SoC/ip/SoC_axi_smc_0/bd_0/synth/bd_d7be.v:3784]
INFO: [Synth 8-6157] synthesizing module 'bd_d7be_sarn_1' [d:/DOAN/DATN_RTL/DATN_VIVADO/project_2/project_2.gen/sources_1/bd/SoC/ip/SoC_axi_smc_0/bd_0/ip/ip_20/synth/bd_d7be_sarn_1.sv:53]
INFO: [Synth 8-6155] done synthesizing module 'bd_d7be_sarn_1' (0#1) [d:/DOAN/DATN_RTL/DATN_VIVADO/project_2/project_2.gen/sources_1/bd/SoC/ip/SoC_axi_smc_0/bd_0/ip/ip_20/synth/bd_d7be_sarn_1.sv:53]
INFO: [Synth 8-6157] synthesizing module 'bd_d7be_sawn_1' [d:/DOAN/DATN_RTL/DATN_VIVADO/project_2/project_2.gen/sources_1/bd/SoC/ip/SoC_axi_smc_0/bd_0/ip/ip_22/synth/bd_d7be_sawn_1.sv:53]
INFO: [Synth 8-6155] done synthesizing module 'bd_d7be_sawn_1' (0#1) [d:/DOAN/DATN_RTL/DATN_VIVADO/project_2/project_2.gen/sources_1/bd/SoC/ip/SoC_axi_smc_0/bd_0/ip/ip_22/synth/bd_d7be_sawn_1.sv:53]
INFO: [Synth 8-6157] synthesizing module 'bd_d7be_sbn_1' [d:/DOAN/DATN_RTL/DATN_VIVADO/project_2/project_2.gen/sources_1/bd/SoC/ip/SoC_axi_smc_0/bd_0/ip/ip_24/synth/bd_d7be_sbn_1.sv:53]
INFO: [Synth 8-6155] done synthesizing module 'bd_d7be_sbn_1' (0#1) [d:/DOAN/DATN_RTL/DATN_VIVADO/project_2/project_2.gen/sources_1/bd/SoC/ip/SoC_axi_smc_0/bd_0/ip/ip_24/synth/bd_d7be_sbn_1.sv:53]
INFO: [Synth 8-6157] synthesizing module 'bd_d7be_srn_1' [d:/DOAN/DATN_RTL/DATN_VIVADO/project_2/project_2.gen/sources_1/bd/SoC/ip/SoC_axi_smc_0/bd_0/ip/ip_21/synth/bd_d7be_srn_1.sv:53]
INFO: [Synth 8-6155] done synthesizing module 'bd_d7be_srn_1' (0#1) [d:/DOAN/DATN_RTL/DATN_VIVADO/project_2/project_2.gen/sources_1/bd/SoC/ip/SoC_axi_smc_0/bd_0/ip/ip_21/synth/bd_d7be_srn_1.sv:53]
INFO: [Synth 8-6157] synthesizing module 'bd_d7be_swn_1' [d:/DOAN/DATN_RTL/DATN_VIVADO/project_2/project_2.gen/sources_1/bd/SoC/ip/SoC_axi_smc_0/bd_0/ip/ip_23/synth/bd_d7be_swn_1.sv:53]
INFO: [Synth 8-6155] done synthesizing module 'bd_d7be_swn_1' (0#1) [d:/DOAN/DATN_RTL/DATN_VIVADO/project_2/project_2.gen/sources_1/bd/SoC/ip/SoC_axi_smc_0/bd_0/ip/ip_23/synth/bd_d7be_swn_1.sv:53]
INFO: [Synth 8-6155] done synthesizing module 's01_nodes_imp_B2XZ0D' (0#1) [d:/DOAN/DATN_RTL/DATN_VIVADO/project_2/project_2.gen/sources_1/bd/SoC/ip/SoC_axi_smc_0/bd_0/synth/bd_d7be.v:3784]
INFO: [Synth 8-6157] synthesizing module 'switchboards_imp_1LZYGWV' [d:/DOAN/DATN_RTL/DATN_VIVADO/project_2/project_2.gen/sources_1/bd/SoC/ip/SoC_axi_smc_0/bd_0/synth/bd_d7be.v:4080]
INFO: [Synth 8-6157] synthesizing module 'bd_d7be_arsw_0' [d:/DOAN/DATN_RTL/DATN_VIVADO/project_2/project_2.gen/sources_1/bd/SoC/ip/SoC_axi_smc_0/bd_0/ip/ip_2/synth/bd_d7be_arsw_0.sv:53]
INFO: [Synth 8-6155] done synthesizing module 'bd_d7be_arsw_0' (0#1) [d:/DOAN/DATN_RTL/DATN_VIVADO/project_2/project_2.gen/sources_1/bd/SoC/ip/SoC_axi_smc_0/bd_0/ip/ip_2/synth/bd_d7be_arsw_0.sv:53]
INFO: [Synth 8-6157] synthesizing module 'bd_d7be_awsw_0' [d:/DOAN/DATN_RTL/DATN_VIVADO/project_2/project_2.gen/sources_1/bd/SoC/ip/SoC_axi_smc_0/bd_0/ip/ip_4/synth/bd_d7be_awsw_0.sv:53]
INFO: [Synth 8-6155] done synthesizing module 'bd_d7be_awsw_0' (0#1) [d:/DOAN/DATN_RTL/DATN_VIVADO/project_2/project_2.gen/sources_1/bd/SoC/ip/SoC_axi_smc_0/bd_0/ip/ip_4/synth/bd_d7be_awsw_0.sv:53]
INFO: [Synth 8-6157] synthesizing module 'bd_d7be_bsw_0' [d:/DOAN/DATN_RTL/DATN_VIVADO/project_2/project_2.gen/sources_1/bd/SoC/ip/SoC_axi_smc_0/bd_0/ip/ip_6/synth/bd_d7be_bsw_0.sv:53]
INFO: [Synth 8-6155] done synthesizing module 'bd_d7be_bsw_0' (0#1) [d:/DOAN/DATN_RTL/DATN_VIVADO/project_2/project_2.gen/sources_1/bd/SoC/ip/SoC_axi_smc_0/bd_0/ip/ip_6/synth/bd_d7be_bsw_0.sv:53]
INFO: [Synth 8-6157] synthesizing module 'bd_d7be_rsw_0' [d:/DOAN/DATN_RTL/DATN_VIVADO/project_2/project_2.gen/sources_1/bd/SoC/ip/SoC_axi_smc_0/bd_0/ip/ip_3/synth/bd_d7be_rsw_0.sv:53]
INFO: [Synth 8-6155] done synthesizing module 'bd_d7be_rsw_0' (0#1) [d:/DOAN/DATN_RTL/DATN_VIVADO/project_2/project_2.gen/sources_1/bd/SoC/ip/SoC_axi_smc_0/bd_0/ip/ip_3/synth/bd_d7be_rsw_0.sv:53]
INFO: [Synth 8-6157] synthesizing module 'bd_d7be_wsw_0' [d:/DOAN/DATN_RTL/DATN_VIVADO/project_2/project_2.gen/sources_1/bd/SoC/ip/SoC_axi_smc_0/bd_0/ip/ip_5/synth/bd_d7be_wsw_0.sv:53]
INFO: [Synth 8-6155] done synthesizing module 'bd_d7be_wsw_0' (0#1) [d:/DOAN/DATN_RTL/DATN_VIVADO/project_2/project_2.gen/sources_1/bd/SoC/ip/SoC_axi_smc_0/bd_0/ip/ip_5/synth/bd_d7be_wsw_0.sv:53]
INFO: [Synth 8-6155] done synthesizing module 'switchboards_imp_1LZYGWV' (0#1) [d:/DOAN/DATN_RTL/DATN_VIVADO/project_2/project_2.gen/sources_1/bd/SoC/ip/SoC_axi_smc_0/bd_0/synth/bd_d7be.v:4080]
INFO: [Synth 8-6155] done synthesizing module 'bd_d7be' (0#1) [d:/DOAN/DATN_RTL/DATN_VIVADO/project_2/project_2.gen/sources_1/bd/SoC/ip/SoC_axi_smc_0/bd_0/synth/bd_d7be.v:9]
INFO: [Synth 8-6155] done synthesizing module 'SoC_axi_smc_0' (0#1) [d:/DOAN/DATN_RTL/DATN_VIVADO/project_2/project_2.gen/sources_1/bd/SoC/ip/SoC_axi_smc_0/synth/SoC_axi_smc_0.v:53]
INFO: [Synth 8-638] synthesizing module 'SoC_rst_ps8_0_100M_0' [d:/DOAN/DATN_RTL/DATN_VIVADO/project_2/project_2.gen/sources_1/bd/SoC/ip/SoC_rst_ps8_0_100M_0/synth/SoC_rst_ps8_0_100M_0.vhd:74]
	Parameter C_FAMILY bound to: zynquplus - type: string 
	Parameter C_EXT_RST_WIDTH bound to: 4 - type: integer 
	Parameter C_AUX_RST_WIDTH bound to: 4 - type: integer 
	Parameter C_EXT_RESET_HIGH bound to: 1'b0 
	Parameter C_AUX_RESET_HIGH bound to: 1'b0 
	Parameter C_NUM_BUS_RST bound to: 1 - type: integer 
	Parameter C_NUM_PERP_RST bound to: 1 - type: integer 
	Parameter C_NUM_INTERCONNECT_ARESETN bound to: 1 - type: integer 
	Parameter C_NUM_PERP_ARESETN bound to: 1 - type: integer 
INFO: [Synth 8-3491] module 'proc_sys_reset' declared at 'd:/DOAN/DATN_RTL/DATN_VIVADO/project_2/project_2.gen/sources_1/bd/SoC/ipshared/8842/hdl/proc_sys_reset_v5_0_vh_rfs.vhd:1264' bound to instance 'U0' of component 'proc_sys_reset' [d:/DOAN/DATN_RTL/DATN_VIVADO/project_2/project_2.gen/sources_1/bd/SoC/ip/SoC_rst_ps8_0_100M_0/synth/SoC_rst_ps8_0_100M_0.vhd:129]
INFO: [Synth 8-638] synthesizing module 'proc_sys_reset__parameterized1' [d:/DOAN/DATN_RTL/DATN_VIVADO/project_2/project_2.gen/sources_1/bd/SoC/ipshared/8842/hdl/proc_sys_reset_v5_0_vh_rfs.vhd:1323]
	Parameter INIT bound to: 1'b1 
INFO: [Synth 8-113] binding component instance 'FDRE_inst' to cell 'FDRE' [d:/DOAN/DATN_RTL/DATN_VIVADO/project_2/project_2.gen/sources_1/bd/SoC/ipshared/8842/hdl/proc_sys_reset_v5_0_vh_rfs.vhd:1392]
	Parameter INIT bound to: 1'b1 
INFO: [Synth 8-113] binding component instance 'FDRE_BSR' to cell 'FDRE' [d:/DOAN/DATN_RTL/DATN_VIVADO/project_2/project_2.gen/sources_1/bd/SoC/ipshared/8842/hdl/proc_sys_reset_v5_0_vh_rfs.vhd:1408]
	Parameter INIT bound to: 1'b0 
INFO: [Synth 8-113] binding component instance 'FDRE_BSR_N' to cell 'FDRE' [d:/DOAN/DATN_RTL/DATN_VIVADO/project_2/project_2.gen/sources_1/bd/SoC/ipshared/8842/hdl/proc_sys_reset_v5_0_vh_rfs.vhd:1434]
	Parameter INIT bound to: 1'b1 
INFO: [Synth 8-113] binding component instance 'FDRE_PER' to cell 'FDRE' [d:/DOAN/DATN_RTL/DATN_VIVADO/project_2/project_2.gen/sources_1/bd/SoC/ipshared/8842/hdl/proc_sys_reset_v5_0_vh_rfs.vhd:1457]
	Parameter INIT bound to: 1'b0 
INFO: [Synth 8-113] binding component instance 'FDRE_PER_N' to cell 'FDRE' [d:/DOAN/DATN_RTL/DATN_VIVADO/project_2/project_2.gen/sources_1/bd/SoC/ipshared/8842/hdl/proc_sys_reset_v5_0_vh_rfs.vhd:1481]
INFO: [Synth 8-638] synthesizing module 'lpf__parameterized0' [d:/DOAN/DATN_RTL/DATN_VIVADO/project_2/project_2.gen/sources_1/bd/SoC/ipshared/8842/hdl/proc_sys_reset_v5_0_vh_rfs.vhd:816]
INFO: [Synth 8-3491] module 'SRL16' declared at 'D:/Xilinx/Vivado/2022.2/scripts/rt/data/unisim_comp.v:131628' bound to instance 'POR_SRL_I' of component 'SRL16' [d:/DOAN/DATN_RTL/DATN_VIVADO/project_2/project_2.gen/sources_1/bd/SoC/ipshared/8842/hdl/proc_sys_reset_v5_0_vh_rfs.vhd:868]
INFO: [Synth 8-256] done synthesizing module 'lpf__parameterized0' (0#1) [d:/DOAN/DATN_RTL/DATN_VIVADO/project_2/project_2.gen/sources_1/bd/SoC/ipshared/8842/hdl/proc_sys_reset_v5_0_vh_rfs.vhd:816]
INFO: [Synth 8-256] done synthesizing module 'proc_sys_reset__parameterized1' (0#1) [d:/DOAN/DATN_RTL/DATN_VIVADO/project_2/project_2.gen/sources_1/bd/SoC/ipshared/8842/hdl/proc_sys_reset_v5_0_vh_rfs.vhd:1323]
INFO: [Synth 8-256] done synthesizing module 'SoC_rst_ps8_0_100M_0' (0#1) [d:/DOAN/DATN_RTL/DATN_VIVADO/project_2/project_2.gen/sources_1/bd/SoC/ip/SoC_rst_ps8_0_100M_0/synth/SoC_rst_ps8_0_100M_0.vhd:74]
WARNING: [Synth 8-7071] port 'mb_reset' of module 'SoC_rst_ps8_0_100M_0' is unconnected for instance 'rst_ps8_0_100M' [d:/DOAN/DATN_RTL/DATN_VIVADO/project_2/project_2.gen/sources_1/bd/SoC/synth/SoC.v:292]
WARNING: [Synth 8-7071] port 'bus_struct_reset' of module 'SoC_rst_ps8_0_100M_0' is unconnected for instance 'rst_ps8_0_100M' [d:/DOAN/DATN_RTL/DATN_VIVADO/project_2/project_2.gen/sources_1/bd/SoC/synth/SoC.v:292]
WARNING: [Synth 8-7071] port 'peripheral_reset' of module 'SoC_rst_ps8_0_100M_0' is unconnected for instance 'rst_ps8_0_100M' [d:/DOAN/DATN_RTL/DATN_VIVADO/project_2/project_2.gen/sources_1/bd/SoC/synth/SoC.v:292]
WARNING: [Synth 8-7071] port 'interconnect_aresetn' of module 'SoC_rst_ps8_0_100M_0' is unconnected for instance 'rst_ps8_0_100M' [d:/DOAN/DATN_RTL/DATN_VIVADO/project_2/project_2.gen/sources_1/bd/SoC/synth/SoC.v:292]
WARNING: [Synth 8-7023] instance 'rst_ps8_0_100M' of module 'SoC_rst_ps8_0_100M_0' has 10 connections declared, but only 6 given [d:/DOAN/DATN_RTL/DATN_VIVADO/project_2/project_2.gen/sources_1/bd/SoC/synth/SoC.v:292]
INFO: [Synth 8-6157] synthesizing module 'SoC_zynq_ultra_ps_e_0_0' [d:/DOAN/DATN_RTL/DATN_VIVADO/project_2/project_2.gen/sources_1/bd/SoC/ip/SoC_zynq_ultra_ps_e_0_0/synth/SoC_zynq_ultra_ps_e_0_0.v:53]
INFO: [Synth 8-6157] synthesizing module 'zynq_ultra_ps_e_v3_4_1_zynq_ultra_ps_e' [d:/DOAN/DATN_RTL/DATN_VIVADO/project_2/project_2.gen/sources_1/bd/SoC/ip/SoC_zynq_ultra_ps_e_0_0/hdl/zynq_ultra_ps_e_v3_4_1.v:68]
INFO: [Synth 8-6157] synthesizing module 'BUFG_PS' [D:/Xilinx/Vivado/2022.2/scripts/rt/data/unisim_comp.v:1317]
INFO: [Synth 8-6155] done synthesizing module 'BUFG_PS' (0#1) [D:/Xilinx/Vivado/2022.2/scripts/rt/data/unisim_comp.v:1317]
INFO: [Synth 8-6157] synthesizing module 'PS8' [D:/Xilinx/Vivado/2022.2/scripts/rt/data/unisim_comp.v:110670]
INFO: [Synth 8-6155] done synthesizing module 'PS8' (0#1) [D:/Xilinx/Vivado/2022.2/scripts/rt/data/unisim_comp.v:110670]
WARNING: [Synth 8-689] width (5) of port connection 'EMIOSDIO0DATAOUT' does not match port width (8) of module 'PS8' [d:/DOAN/DATN_RTL/DATN_VIVADO/project_2/project_2.gen/sources_1/bd/SoC/ip/SoC_zynq_ultra_ps_e_0_0/hdl/zynq_ultra_ps_e_v3_4_1.v:4675]
WARNING: [Synth 8-689] width (5) of port connection 'EMIOSDIO0DATAENA' does not match port width (8) of module 'PS8' [d:/DOAN/DATN_RTL/DATN_VIVADO/project_2/project_2.gen/sources_1/bd/SoC/ip/SoC_zynq_ultra_ps_e_0_0/hdl/zynq_ultra_ps_e_v3_4_1.v:4676]
WARNING: [Synth 8-689] width (4) of port connection 'EMIOSDIO1DATAOUT' does not match port width (8) of module 'PS8' [d:/DOAN/DATN_RTL/DATN_VIVADO/project_2/project_2.gen/sources_1/bd/SoC/ip/SoC_zynq_ultra_ps_e_0_0/hdl/zynq_ultra_ps_e_v3_4_1.v:4688]
WARNING: [Synth 8-689] width (4) of port connection 'EMIOSDIO1DATAENA' does not match port width (8) of module 'PS8' [d:/DOAN/DATN_RTL/DATN_VIVADO/project_2/project_2.gen/sources_1/bd/SoC/ip/SoC_zynq_ultra_ps_e_0_0/hdl/zynq_ultra_ps_e_v3_4_1.v:4689]
WARNING: [Synth 8-7071] port 'PSS_ALTO_CORE_PAD_MGTTXN0OUT' of module 'PS8' is unconnected for instance 'PS8_i' [d:/DOAN/DATN_RTL/DATN_VIVADO/project_2/project_2.gen/sources_1/bd/SoC/ip/SoC_zynq_ultra_ps_e_0_0/hdl/zynq_ultra_ps_e_v3_4_1.v:3865]
WARNING: [Synth 8-7071] port 'PSS_ALTO_CORE_PAD_MGTTXN1OUT' of module 'PS8' is unconnected for instance 'PS8_i' [d:/DOAN/DATN_RTL/DATN_VIVADO/project_2/project_2.gen/sources_1/bd/SoC/ip/SoC_zynq_ultra_ps_e_0_0/hdl/zynq_ultra_ps_e_v3_4_1.v:3865]
WARNING: [Synth 8-7071] port 'PSS_ALTO_CORE_PAD_MGTTXN2OUT' of module 'PS8' is unconnected for instance 'PS8_i' [d:/DOAN/DATN_RTL/DATN_VIVADO/project_2/project_2.gen/sources_1/bd/SoC/ip/SoC_zynq_ultra_ps_e_0_0/hdl/zynq_ultra_ps_e_v3_4_1.v:3865]
WARNING: [Synth 8-7071] port 'PSS_ALTO_CORE_PAD_MGTTXN3OUT' of module 'PS8' is unconnected for instance 'PS8_i' [d:/DOAN/DATN_RTL/DATN_VIVADO/project_2/project_2.gen/sources_1/bd/SoC/ip/SoC_zynq_ultra_ps_e_0_0/hdl/zynq_ultra_ps_e_v3_4_1.v:3865]
WARNING: [Synth 8-7071] port 'PSS_ALTO_CORE_PAD_MGTTXP0OUT' of module 'PS8' is unconnected for instance 'PS8_i' [d:/DOAN/DATN_RTL/DATN_VIVADO/project_2/project_2.gen/sources_1/bd/SoC/ip/SoC_zynq_ultra_ps_e_0_0/hdl/zynq_ultra_ps_e_v3_4_1.v:3865]
WARNING: [Synth 8-7071] port 'PSS_ALTO_CORE_PAD_MGTTXP1OUT' of module 'PS8' is unconnected for instance 'PS8_i' [d:/DOAN/DATN_RTL/DATN_VIVADO/project_2/project_2.gen/sources_1/bd/SoC/ip/SoC_zynq_ultra_ps_e_0_0/hdl/zynq_ultra_ps_e_v3_4_1.v:3865]
WARNING: [Synth 8-7071] port 'PSS_ALTO_CORE_PAD_MGTTXP2OUT' of module 'PS8' is unconnected for instance 'PS8_i' [d:/DOAN/DATN_RTL/DATN_VIVADO/project_2/project_2.gen/sources_1/bd/SoC/ip/SoC_zynq_ultra_ps_e_0_0/hdl/zynq_ultra_ps_e_v3_4_1.v:3865]
WARNING: [Synth 8-7071] port 'PSS_ALTO_CORE_PAD_MGTTXP3OUT' of module 'PS8' is unconnected for instance 'PS8_i' [d:/DOAN/DATN_RTL/DATN_VIVADO/project_2/project_2.gen/sources_1/bd/SoC/ip/SoC_zynq_ultra_ps_e_0_0/hdl/zynq_ultra_ps_e_v3_4_1.v:3865]
WARNING: [Synth 8-7071] port 'PSS_ALTO_CORE_PAD_PADO' of module 'PS8' is unconnected for instance 'PS8_i' [d:/DOAN/DATN_RTL/DATN_VIVADO/project_2/project_2.gen/sources_1/bd/SoC/ip/SoC_zynq_ultra_ps_e_0_0/hdl/zynq_ultra_ps_e_v3_4_1.v:3865]
WARNING: [Synth 8-7071] port 'PSS_ALTO_CORE_PAD_BOOTMODE' of module 'PS8' is unconnected for instance 'PS8_i' [d:/DOAN/DATN_RTL/DATN_VIVADO/project_2/project_2.gen/sources_1/bd/SoC/ip/SoC_zynq_ultra_ps_e_0_0/hdl/zynq_ultra_ps_e_v3_4_1.v:3865]
WARNING: [Synth 8-7071] port 'PSS_ALTO_CORE_PAD_CLK' of module 'PS8' is unconnected for instance 'PS8_i' [d:/DOAN/DATN_RTL/DATN_VIVADO/project_2/project_2.gen/sources_1/bd/SoC/ip/SoC_zynq_ultra_ps_e_0_0/hdl/zynq_ultra_ps_e_v3_4_1.v:3865]
WARNING: [Synth 8-7071] port 'PSS_ALTO_CORE_PAD_DONEB' of module 'PS8' is unconnected for instance 'PS8_i' [d:/DOAN/DATN_RTL/DATN_VIVADO/project_2/project_2.gen/sources_1/bd/SoC/ip/SoC_zynq_ultra_ps_e_0_0/hdl/zynq_ultra_ps_e_v3_4_1.v:3865]
WARNING: [Synth 8-7071] port 'PSS_ALTO_CORE_PAD_DRAMA' of module 'PS8' is unconnected for instance 'PS8_i' [d:/DOAN/DATN_RTL/DATN_VIVADO/project_2/project_2.gen/sources_1/bd/SoC/ip/SoC_zynq_ultra_ps_e_0_0/hdl/zynq_ultra_ps_e_v3_4_1.v:3865]
WARNING: [Synth 8-7071] port 'PSS_ALTO_CORE_PAD_DRAMACTN' of module 'PS8' is unconnected for instance 'PS8_i' [d:/DOAN/DATN_RTL/DATN_VIVADO/project_2/project_2.gen/sources_1/bd/SoC/ip/SoC_zynq_ultra_ps_e_0_0/hdl/zynq_ultra_ps_e_v3_4_1.v:3865]
WARNING: [Synth 8-7071] port 'PSS_ALTO_CORE_PAD_DRAMALERTN' of module 'PS8' is unconnected for instance 'PS8_i' [d:/DOAN/DATN_RTL/DATN_VIVADO/project_2/project_2.gen/sources_1/bd/SoC/ip/SoC_zynq_ultra_ps_e_0_0/hdl/zynq_ultra_ps_e_v3_4_1.v:3865]
WARNING: [Synth 8-7071] port 'PSS_ALTO_CORE_PAD_DRAMBA' of module 'PS8' is unconnected for instance 'PS8_i' [d:/DOAN/DATN_RTL/DATN_VIVADO/project_2/project_2.gen/sources_1/bd/SoC/ip/SoC_zynq_ultra_ps_e_0_0/hdl/zynq_ultra_ps_e_v3_4_1.v:3865]
WARNING: [Synth 8-7071] port 'PSS_ALTO_CORE_PAD_DRAMBG' of module 'PS8' is unconnected for instance 'PS8_i' [d:/DOAN/DATN_RTL/DATN_VIVADO/project_2/project_2.gen/sources_1/bd/SoC/ip/SoC_zynq_ultra_ps_e_0_0/hdl/zynq_ultra_ps_e_v3_4_1.v:3865]
WARNING: [Synth 8-7071] port 'PSS_ALTO_CORE_PAD_DRAMCK' of module 'PS8' is unconnected for instance 'PS8_i' [d:/DOAN/DATN_RTL/DATN_VIVADO/project_2/project_2.gen/sources_1/bd/SoC/ip/SoC_zynq_ultra_ps_e_0_0/hdl/zynq_ultra_ps_e_v3_4_1.v:3865]
WARNING: [Synth 8-7071] port 'PSS_ALTO_CORE_PAD_DRAMCKE' of module 'PS8' is unconnected for instance 'PS8_i' [d:/DOAN/DATN_RTL/DATN_VIVADO/project_2/project_2.gen/sources_1/bd/SoC/ip/SoC_zynq_ultra_ps_e_0_0/hdl/zynq_ultra_ps_e_v3_4_1.v:3865]
WARNING: [Synth 8-7071] port 'PSS_ALTO_CORE_PAD_DRAMCKN' of module 'PS8' is unconnected for instance 'PS8_i' [d:/DOAN/DATN_RTL/DATN_VIVADO/project_2/project_2.gen/sources_1/bd/SoC/ip/SoC_zynq_ultra_ps_e_0_0/hdl/zynq_ultra_ps_e_v3_4_1.v:3865]
WARNING: [Synth 8-7071] port 'PSS_ALTO_CORE_PAD_DRAMCSN' of module 'PS8' is unconnected for instance 'PS8_i' [d:/DOAN/DATN_RTL/DATN_VIVADO/project_2/project_2.gen/sources_1/bd/SoC/ip/SoC_zynq_ultra_ps_e_0_0/hdl/zynq_ultra_ps_e_v3_4_1.v:3865]
WARNING: [Synth 8-7071] port 'PSS_ALTO_CORE_PAD_DRAMDM' of module 'PS8' is unconnected for instance 'PS8_i' [d:/DOAN/DATN_RTL/DATN_VIVADO/project_2/project_2.gen/sources_1/bd/SoC/ip/SoC_zynq_ultra_ps_e_0_0/hdl/zynq_ultra_ps_e_v3_4_1.v:3865]
WARNING: [Synth 8-7071] port 'PSS_ALTO_CORE_PAD_DRAMDQ' of module 'PS8' is unconnected for instance 'PS8_i' [d:/DOAN/DATN_RTL/DATN_VIVADO/project_2/project_2.gen/sources_1/bd/SoC/ip/SoC_zynq_ultra_ps_e_0_0/hdl/zynq_ultra_ps_e_v3_4_1.v:3865]
WARNING: [Synth 8-7071] port 'PSS_ALTO_CORE_PAD_DRAMDQS' of module 'PS8' is unconnected for instance 'PS8_i' [d:/DOAN/DATN_RTL/DATN_VIVADO/project_2/project_2.gen/sources_1/bd/SoC/ip/SoC_zynq_ultra_ps_e_0_0/hdl/zynq_ultra_ps_e_v3_4_1.v:3865]
WARNING: [Synth 8-7071] port 'PSS_ALTO_CORE_PAD_DRAMDQSN' of module 'PS8' is unconnected for instance 'PS8_i' [d:/DOAN/DATN_RTL/DATN_VIVADO/project_2/project_2.gen/sources_1/bd/SoC/ip/SoC_zynq_ultra_ps_e_0_0/hdl/zynq_ultra_ps_e_v3_4_1.v:3865]
WARNING: [Synth 8-7071] port 'PSS_ALTO_CORE_PAD_DRAMODT' of module 'PS8' is unconnected for instance 'PS8_i' [d:/DOAN/DATN_RTL/DATN_VIVADO/project_2/project_2.gen/sources_1/bd/SoC/ip/SoC_zynq_ultra_ps_e_0_0/hdl/zynq_ultra_ps_e_v3_4_1.v:3865]
WARNING: [Synth 8-7071] port 'PSS_ALTO_CORE_PAD_DRAMPARITY' of module 'PS8' is unconnected for instance 'PS8_i' [d:/DOAN/DATN_RTL/DATN_VIVADO/project_2/project_2.gen/sources_1/bd/SoC/ip/SoC_zynq_ultra_ps_e_0_0/hdl/zynq_ultra_ps_e_v3_4_1.v:3865]
WARNING: [Synth 8-7071] port 'PSS_ALTO_CORE_PAD_DRAMRAMRSTN' of module 'PS8' is unconnected for instance 'PS8_i' [d:/DOAN/DATN_RTL/DATN_VIVADO/project_2/project_2.gen/sources_1/bd/SoC/ip/SoC_zynq_ultra_ps_e_0_0/hdl/zynq_ultra_ps_e_v3_4_1.v:3865]
WARNING: [Synth 8-7071] port 'PSS_ALTO_CORE_PAD_ERROROUT' of module 'PS8' is unconnected for instance 'PS8_i' [d:/DOAN/DATN_RTL/DATN_VIVADO/project_2/project_2.gen/sources_1/bd/SoC/ip/SoC_zynq_ultra_ps_e_0_0/hdl/zynq_ultra_ps_e_v3_4_1.v:3865]
WARNING: [Synth 8-7071] port 'PSS_ALTO_CORE_PAD_ERRORSTATUS' of module 'PS8' is unconnected for instance 'PS8_i' [d:/DOAN/DATN_RTL/DATN_VIVADO/project_2/project_2.gen/sources_1/bd/SoC/ip/SoC_zynq_ultra_ps_e_0_0/hdl/zynq_ultra_ps_e_v3_4_1.v:3865]
WARNING: [Synth 8-7071] port 'PSS_ALTO_CORE_PAD_INITB' of module 'PS8' is unconnected for instance 'PS8_i' [d:/DOAN/DATN_RTL/DATN_VIVADO/project_2/project_2.gen/sources_1/bd/SoC/ip/SoC_zynq_ultra_ps_e_0_0/hdl/zynq_ultra_ps_e_v3_4_1.v:3865]
WARNING: [Synth 8-7071] port 'PSS_ALTO_CORE_PAD_JTAGTCK' of module 'PS8' is unconnected for instance 'PS8_i' [d:/DOAN/DATN_RTL/DATN_VIVADO/project_2/project_2.gen/sources_1/bd/SoC/ip/SoC_zynq_ultra_ps_e_0_0/hdl/zynq_ultra_ps_e_v3_4_1.v:3865]
WARNING: [Synth 8-7071] port 'PSS_ALTO_CORE_PAD_JTAGTDI' of module 'PS8' is unconnected for instance 'PS8_i' [d:/DOAN/DATN_RTL/DATN_VIVADO/project_2/project_2.gen/sources_1/bd/SoC/ip/SoC_zynq_ultra_ps_e_0_0/hdl/zynq_ultra_ps_e_v3_4_1.v:3865]
WARNING: [Synth 8-7071] port 'PSS_ALTO_CORE_PAD_JTAGTDO' of module 'PS8' is unconnected for instance 'PS8_i' [d:/DOAN/DATN_RTL/DATN_VIVADO/project_2/project_2.gen/sources_1/bd/SoC/ip/SoC_zynq_ultra_ps_e_0_0/hdl/zynq_ultra_ps_e_v3_4_1.v:3865]
WARNING: [Synth 8-7071] port 'PSS_ALTO_CORE_PAD_JTAGTMS' of module 'PS8' is unconnected for instance 'PS8_i' [d:/DOAN/DATN_RTL/DATN_VIVADO/project_2/project_2.gen/sources_1/bd/SoC/ip/SoC_zynq_ultra_ps_e_0_0/hdl/zynq_ultra_ps_e_v3_4_1.v:3865]
WARNING: [Synth 8-7071] port 'PSS_ALTO_CORE_PAD_MIO' of module 'PS8' is unconnected for instance 'PS8_i' [d:/DOAN/DATN_RTL/DATN_VIVADO/project_2/project_2.gen/sources_1/bd/SoC/ip/SoC_zynq_ultra_ps_e_0_0/hdl/zynq_ultra_ps_e_v3_4_1.v:3865]
WARNING: [Synth 8-7071] port 'PSS_ALTO_CORE_PAD_PORB' of module 'PS8' is unconnected for instance 'PS8_i' [d:/DOAN/DATN_RTL/DATN_VIVADO/project_2/project_2.gen/sources_1/bd/SoC/ip/SoC_zynq_ultra_ps_e_0_0/hdl/zynq_ultra_ps_e_v3_4_1.v:3865]
WARNING: [Synth 8-7071] port 'PSS_ALTO_CORE_PAD_PROGB' of module 'PS8' is unconnected for instance 'PS8_i' [d:/DOAN/DATN_RTL/DATN_VIVADO/project_2/project_2.gen/sources_1/bd/SoC/ip/SoC_zynq_ultra_ps_e_0_0/hdl/zynq_ultra_ps_e_v3_4_1.v:3865]
WARNING: [Synth 8-7071] port 'PSS_ALTO_CORE_PAD_RCALIBINOUT' of module 'PS8' is unconnected for instance 'PS8_i' [d:/DOAN/DATN_RTL/DATN_VIVADO/project_2/project_2.gen/sources_1/bd/SoC/ip/SoC_zynq_ultra_ps_e_0_0/hdl/zynq_ultra_ps_e_v3_4_1.v:3865]
WARNING: [Synth 8-7071] port 'PSS_ALTO_CORE_PAD_SRSTB' of module 'PS8' is unconnected for instance 'PS8_i' [d:/DOAN/DATN_RTL/DATN_VIVADO/project_2/project_2.gen/sources_1/bd/SoC/ip/SoC_zynq_ultra_ps_e_0_0/hdl/zynq_ultra_ps_e_v3_4_1.v:3865]
WARNING: [Synth 8-7071] port 'PSS_ALTO_CORE_PAD_ZQ' of module 'PS8' is unconnected for instance 'PS8_i' [d:/DOAN/DATN_RTL/DATN_VIVADO/project_2/project_2.gen/sources_1/bd/SoC/ip/SoC_zynq_ultra_ps_e_0_0/hdl/zynq_ultra_ps_e_v3_4_1.v:3865]
WARNING: [Synth 8-7071] port 'PSS_ALTO_CORE_PAD_MGTRXN0IN' of module 'PS8' is unconnected for instance 'PS8_i' [d:/DOAN/DATN_RTL/DATN_VIVADO/project_2/project_2.gen/sources_1/bd/SoC/ip/SoC_zynq_ultra_ps_e_0_0/hdl/zynq_ultra_ps_e_v3_4_1.v:3865]
WARNING: [Synth 8-7071] port 'PSS_ALTO_CORE_PAD_MGTRXN1IN' of module 'PS8' is unconnected for instance 'PS8_i' [d:/DOAN/DATN_RTL/DATN_VIVADO/project_2/project_2.gen/sources_1/bd/SoC/ip/SoC_zynq_ultra_ps_e_0_0/hdl/zynq_ultra_ps_e_v3_4_1.v:3865]
WARNING: [Synth 8-7071] port 'PSS_ALTO_CORE_PAD_MGTRXN2IN' of module 'PS8' is unconnected for instance 'PS8_i' [d:/DOAN/DATN_RTL/DATN_VIVADO/project_2/project_2.gen/sources_1/bd/SoC/ip/SoC_zynq_ultra_ps_e_0_0/hdl/zynq_ultra_ps_e_v3_4_1.v:3865]
WARNING: [Synth 8-7071] port 'PSS_ALTO_CORE_PAD_MGTRXN3IN' of module 'PS8' is unconnected for instance 'PS8_i' [d:/DOAN/DATN_RTL/DATN_VIVADO/project_2/project_2.gen/sources_1/bd/SoC/ip/SoC_zynq_ultra_ps_e_0_0/hdl/zynq_ultra_ps_e_v3_4_1.v:3865]
WARNING: [Synth 8-7071] port 'PSS_ALTO_CORE_PAD_MGTRXP0IN' of module 'PS8' is unconnected for instance 'PS8_i' [d:/DOAN/DATN_RTL/DATN_VIVADO/project_2/project_2.gen/sources_1/bd/SoC/ip/SoC_zynq_ultra_ps_e_0_0/hdl/zynq_ultra_ps_e_v3_4_1.v:3865]
WARNING: [Synth 8-7071] port 'PSS_ALTO_CORE_PAD_MGTRXP1IN' of module 'PS8' is unconnected for instance 'PS8_i' [d:/DOAN/DATN_RTL/DATN_VIVADO/project_2/project_2.gen/sources_1/bd/SoC/ip/SoC_zynq_ultra_ps_e_0_0/hdl/zynq_ultra_ps_e_v3_4_1.v:3865]
WARNING: [Synth 8-7071] port 'PSS_ALTO_CORE_PAD_MGTRXP2IN' of module 'PS8' is unconnected for instance 'PS8_i' [d:/DOAN/DATN_RTL/DATN_VIVADO/project_2/project_2.gen/sources_1/bd/SoC/ip/SoC_zynq_ultra_ps_e_0_0/hdl/zynq_ultra_ps_e_v3_4_1.v:3865]
WARNING: [Synth 8-7071] port 'PSS_ALTO_CORE_PAD_MGTRXP3IN' of module 'PS8' is unconnected for instance 'PS8_i' [d:/DOAN/DATN_RTL/DATN_VIVADO/project_2/project_2.gen/sources_1/bd/SoC/ip/SoC_zynq_ultra_ps_e_0_0/hdl/zynq_ultra_ps_e_v3_4_1.v:3865]
WARNING: [Synth 8-7071] port 'PSS_ALTO_CORE_PAD_PADI' of module 'PS8' is unconnected for instance 'PS8_i' [d:/DOAN/DATN_RTL/DATN_VIVADO/project_2/project_2.gen/sources_1/bd/SoC/ip/SoC_zynq_ultra_ps_e_0_0/hdl/zynq_ultra_ps_e_v3_4_1.v:3865]
WARNING: [Synth 8-7071] port 'PSS_ALTO_CORE_PAD_REFN0IN' of module 'PS8' is unconnected for instance 'PS8_i' [d:/DOAN/DATN_RTL/DATN_VIVADO/project_2/project_2.gen/sources_1/bd/SoC/ip/SoC_zynq_ultra_ps_e_0_0/hdl/zynq_ultra_ps_e_v3_4_1.v:3865]
WARNING: [Synth 8-7071] port 'PSS_ALTO_CORE_PAD_REFN1IN' of module 'PS8' is unconnected for instance 'PS8_i' [d:/DOAN/DATN_RTL/DATN_VIVADO/project_2/project_2.gen/sources_1/bd/SoC/ip/SoC_zynq_ultra_ps_e_0_0/hdl/zynq_ultra_ps_e_v3_4_1.v:3865]
WARNING: [Synth 8-7071] port 'PSS_ALTO_CORE_PAD_REFN2IN' of module 'PS8' is unconnected for instance 'PS8_i' [d:/DOAN/DATN_RTL/DATN_VIVADO/project_2/project_2.gen/sources_1/bd/SoC/ip/SoC_zynq_ultra_ps_e_0_0/hdl/zynq_ultra_ps_e_v3_4_1.v:3865]
WARNING: [Synth 8-7071] port 'PSS_ALTO_CORE_PAD_REFN3IN' of module 'PS8' is unconnected for instance 'PS8_i' [d:/DOAN/DATN_RTL/DATN_VIVADO/project_2/project_2.gen/sources_1/bd/SoC/ip/SoC_zynq_ultra_ps_e_0_0/hdl/zynq_ultra_ps_e_v3_4_1.v:3865]
WARNING: [Synth 8-7071] port 'PSS_ALTO_CORE_PAD_REFP0IN' of module 'PS8' is unconnected for instance 'PS8_i' [d:/DOAN/DATN_RTL/DATN_VIVADO/project_2/project_2.gen/sources_1/bd/SoC/ip/SoC_zynq_ultra_ps_e_0_0/hdl/zynq_ultra_ps_e_v3_4_1.v:3865]
WARNING: [Synth 8-7071] port 'PSS_ALTO_CORE_PAD_REFP1IN' of module 'PS8' is unconnected for instance 'PS8_i' [d:/DOAN/DATN_RTL/DATN_VIVADO/project_2/project_2.gen/sources_1/bd/SoC/ip/SoC_zynq_ultra_ps_e_0_0/hdl/zynq_ultra_ps_e_v3_4_1.v:3865]
WARNING: [Synth 8-7071] port 'PSS_ALTO_CORE_PAD_REFP2IN' of module 'PS8' is unconnected for instance 'PS8_i' [d:/DOAN/DATN_RTL/DATN_VIVADO/project_2/project_2.gen/sources_1/bd/SoC/ip/SoC_zynq_ultra_ps_e_0_0/hdl/zynq_ultra_ps_e_v3_4_1.v:3865]
WARNING: [Synth 8-7071] port 'PSS_ALTO_CORE_PAD_REFP3IN' of module 'PS8' is unconnected for instance 'PS8_i' [d:/DOAN/DATN_RTL/DATN_VIVADO/project_2/project_2.gen/sources_1/bd/SoC/ip/SoC_zynq_ultra_ps_e_0_0/hdl/zynq_ultra_ps_e_v3_4_1.v:3865]
WARNING: [Synth 8-7023] instance 'PS8_i' of module 'PS8' has 1015 connections declared, but only 957 given [d:/DOAN/DATN_RTL/DATN_VIVADO/project_2/project_2.gen/sources_1/bd/SoC/ip/SoC_zynq_ultra_ps_e_0_0/hdl/zynq_ultra_ps_e_v3_4_1.v:3865]
INFO: [Synth 8-6155] done synthesizing module 'zynq_ultra_ps_e_v3_4_1_zynq_ultra_ps_e' (0#1) [d:/DOAN/DATN_RTL/DATN_VIVADO/project_2/project_2.gen/sources_1/bd/SoC/ip/SoC_zynq_ultra_ps_e_0_0/hdl/zynq_ultra_ps_e_v3_4_1.v:68]
WARNING: [Synth 8-7071] port 'emio_enet0_signal_detect' of module 'zynq_ultra_ps_e_v3_4_1_zynq_ultra_ps_e' is unconnected for instance 'inst' [d:/DOAN/DATN_RTL/DATN_VIVADO/project_2/project_2.gen/sources_1/bd/SoC/ip/SoC_zynq_ultra_ps_e_0_0/synth/SoC_zynq_ultra_ps_e_0_0.v:359]
WARNING: [Synth 8-7071] port 'emio_enet1_signal_detect' of module 'zynq_ultra_ps_e_v3_4_1_zynq_ultra_ps_e' is unconnected for instance 'inst' [d:/DOAN/DATN_RTL/DATN_VIVADO/project_2/project_2.gen/sources_1/bd/SoC/ip/SoC_zynq_ultra_ps_e_0_0/synth/SoC_zynq_ultra_ps_e_0_0.v:359]
WARNING: [Synth 8-7071] port 'emio_enet2_signal_detect' of module 'zynq_ultra_ps_e_v3_4_1_zynq_ultra_ps_e' is unconnected for instance 'inst' [d:/DOAN/DATN_RTL/DATN_VIVADO/project_2/project_2.gen/sources_1/bd/SoC/ip/SoC_zynq_ultra_ps_e_0_0/synth/SoC_zynq_ultra_ps_e_0_0.v:359]
WARNING: [Synth 8-7071] port 'emio_enet3_signal_detect' of module 'zynq_ultra_ps_e_v3_4_1_zynq_ultra_ps_e' is unconnected for instance 'inst' [d:/DOAN/DATN_RTL/DATN_VIVADO/project_2/project_2.gen/sources_1/bd/SoC/ip/SoC_zynq_ultra_ps_e_0_0/synth/SoC_zynq_ultra_ps_e_0_0.v:359]
WARNING: [Synth 8-7023] instance 'inst' of module 'zynq_ultra_ps_e_v3_4_1_zynq_ultra_ps_e' has 1491 connections declared, but only 1487 given [d:/DOAN/DATN_RTL/DATN_VIVADO/project_2/project_2.gen/sources_1/bd/SoC/ip/SoC_zynq_ultra_ps_e_0_0/synth/SoC_zynq_ultra_ps_e_0_0.v:359]
INFO: [Synth 8-6155] done synthesizing module 'SoC_zynq_ultra_ps_e_0_0' (0#1) [d:/DOAN/DATN_RTL/DATN_VIVADO/project_2/project_2.gen/sources_1/bd/SoC/ip/SoC_zynq_ultra_ps_e_0_0/synth/SoC_zynq_ultra_ps_e_0_0.v:53]
INFO: [Synth 8-6155] done synthesizing module 'SoC' (0#1) [d:/DOAN/DATN_RTL/DATN_VIVADO/project_2/project_2.gen/sources_1/bd/SoC/synth/SoC.v:12]
INFO: [Synth 8-6155] done synthesizing module 'SoC_wrapper' (0#1) [D:/DOAN/DATN_RTL/DATN_VIVADO/project_2/project_2.gen/sources_1/bd/SoC/hdl/SoC_wrapper.v:12]
WARNING: [Synth 8-6014] Unused sequential element gen_rd_b.gen_doutb_pipe.enb_pipe_reg[0] was removed.  [D:/Xilinx/Vivado/2022.2/data/ip/xpm/xpm_memory/hdl/xpm_memory.sv:3017]
WARNING: [Synth 8-6014] Unused sequential element sum_pipe_reg[1][4] was removed.  [d:/DOAN/DATN_RTL/DATN_VIVADO/project_2/project_2.gen/sources_1/bd/SoC/ipshared/7ef9/src/PMAU_Full.v:231]
WARNING: [Synth 8-6014] Unused sequential element sum_pipe_reg[1][5] was removed.  [d:/DOAN/DATN_RTL/DATN_VIVADO/project_2/project_2.gen/sources_1/bd/SoC/ipshared/7ef9/src/PMAU_Full.v:231]
WARNING: [Synth 8-6014] Unused sequential element sum_pipe_reg[1][6] was removed.  [d:/DOAN/DATN_RTL/DATN_VIVADO/project_2/project_2.gen/sources_1/bd/SoC/ipshared/7ef9/src/PMAU_Full.v:231]
WARNING: [Synth 8-6014] Unused sequential element sum_pipe_reg[1][7] was removed.  [d:/DOAN/DATN_RTL/DATN_VIVADO/project_2/project_2.gen/sources_1/bd/SoC/ipshared/7ef9/src/PMAU_Full.v:231]
WARNING: [Synth 8-6014] Unused sequential element sum_pipe_reg[2][2] was removed.  [d:/DOAN/DATN_RTL/DATN_VIVADO/project_2/project_2.gen/sources_1/bd/SoC/ipshared/7ef9/src/PMAU_Full.v:231]
WARNING: [Synth 8-6014] Unused sequential element sum_pipe_reg[2][3] was removed.  [d:/DOAN/DATN_RTL/DATN_VIVADO/project_2/project_2.gen/sources_1/bd/SoC/ipshared/7ef9/src/PMAU_Full.v:231]
WARNING: [Synth 8-6014] Unused sequential element sum_pipe_reg[2][4] was removed.  [d:/DOAN/DATN_RTL/DATN_VIVADO/project_2/project_2.gen/sources_1/bd/SoC/ipshared/7ef9/src/PMAU_Full.v:231]
WARNING: [Synth 8-6014] Unused sequential element sum_pipe_reg[2][5] was removed.  [d:/DOAN/DATN_RTL/DATN_VIVADO/project_2/project_2.gen/sources_1/bd/SoC/ipshared/7ef9/src/PMAU_Full.v:231]
WARNING: [Synth 8-6014] Unused sequential element sum_pipe_reg[2][6] was removed.  [d:/DOAN/DATN_RTL/DATN_VIVADO/project_2/project_2.gen/sources_1/bd/SoC/ipshared/7ef9/src/PMAU_Full.v:231]
WARNING: [Synth 8-6014] Unused sequential element sum_pipe_reg[2][7] was removed.  [d:/DOAN/DATN_RTL/DATN_VIVADO/project_2/project_2.gen/sources_1/bd/SoC/ipshared/7ef9/src/PMAU_Full.v:231]
WARNING: [Synth 8-6014] Unused sequential element sum_pipe_reg[3][1] was removed.  [d:/DOAN/DATN_RTL/DATN_VIVADO/project_2/project_2.gen/sources_1/bd/SoC/ipshared/7ef9/src/PMAU_Full.v:231]
WARNING: [Synth 8-6014] Unused sequential element sum_pipe_reg[3][2] was removed.  [d:/DOAN/DATN_RTL/DATN_VIVADO/project_2/project_2.gen/sources_1/bd/SoC/ipshared/7ef9/src/PMAU_Full.v:231]
WARNING: [Synth 8-6014] Unused sequential element sum_pipe_reg[3][3] was removed.  [d:/DOAN/DATN_RTL/DATN_VIVADO/project_2/project_2.gen/sources_1/bd/SoC/ipshared/7ef9/src/PMAU_Full.v:231]
WARNING: [Synth 8-6014] Unused sequential element sum_pipe_reg[3][4] was removed.  [d:/DOAN/DATN_RTL/DATN_VIVADO/project_2/project_2.gen/sources_1/bd/SoC/ipshared/7ef9/src/PMAU_Full.v:231]
WARNING: [Synth 8-6014] Unused sequential element sum_pipe_reg[3][5] was removed.  [d:/DOAN/DATN_RTL/DATN_VIVADO/project_2/project_2.gen/sources_1/bd/SoC/ipshared/7ef9/src/PMAU_Full.v:231]
WARNING: [Synth 8-6014] Unused sequential element sum_pipe_reg[3][6] was removed.  [d:/DOAN/DATN_RTL/DATN_VIVADO/project_2/project_2.gen/sources_1/bd/SoC/ipshared/7ef9/src/PMAU_Full.v:231]
WARNING: [Synth 8-6014] Unused sequential element sum_pipe_reg[3][7] was removed.  [d:/DOAN/DATN_RTL/DATN_VIVADO/project_2/project_2.gen/sources_1/bd/SoC/ipshared/7ef9/src/PMAU_Full.v:231]
WARNING: [Synth 8-6014] Unused sequential element deq_s1_last_reg was removed.  [d:/DOAN/DATN_RTL/DATN_VIVADO/project_2/project_2.gen/sources_1/bd/SoC/ipshared/7ef9/src/PMAU_Full.v:337]
WARNING: [Synth 8-6014] Unused sequential element deq_s2_last_reg was removed.  [d:/DOAN/DATN_RTL/DATN_VIVADO/project_2/project_2.gen/sources_1/bd/SoC/ipshared/7ef9/src/PMAU_Full.v:341]
WARNING: [Synth 8-6014] Unused sequential element deq_s3_last_reg was removed.  [d:/DOAN/DATN_RTL/DATN_VIVADO/project_2/project_2.gen/sources_1/bd/SoC/ipshared/7ef9/src/PMAU_Full.v:346]
WARNING: [Synth 8-6014] Unused sequential element result_write_addr_r_reg was removed.  [d:/DOAN/DATN_RTL/DATN_VIVADO/project_2/project_2.gen/sources_1/bd/SoC/ipshared/7ef9/src/Matrix_Vector_Multiplication.v:1351]
WARNING: [Synth 8-6014] Unused sequential element read_bank_d_r_reg was removed.  [d:/DOAN/DATN_RTL/DATN_VIVADO/project_2/project_2.gen/sources_1/bd/SoC/ipshared/7ef9/src/Matrix_Vector_Multiplication.v:1422]
WARNING: [Synth 8-6014] Unused sequential element read_bank_q_r_reg was removed.  [d:/DOAN/DATN_RTL/DATN_VIVADO/project_2/project_2.gen/sources_1/bd/SoC/ipshared/7ef9/src/Matrix_Vector_Multiplication.v:1426]
WARNING: [Synth 8-6014] Unused sequential element read_bank_x_r_reg was removed.  [d:/DOAN/DATN_RTL/DATN_VIVADO/project_2/project_2.gen/sources_1/bd/SoC/ipshared/7ef9/src/Matrix_Vector_Multiplication.v:1430]
WARNING: [Synth 8-6014] Unused sequential element read_quad7_row_slot_x_r_reg was removed.  [d:/DOAN/DATN_RTL/DATN_VIVADO/project_2/project_2.gen/sources_1/bd/SoC/ipshared/7ef9/src/Matrix_Vector_Multiplication.v:1446]
WARNING: [Synth 8-6014] Unused sequential element block_r_reg was removed.  [d:/DOAN/DATN_RTL/DATN_VIVADO/project_2/project_2.gen/sources_1/bd/SoC/ipshared/7ef9/src/SPU_VPU_Stream8.v:413]
WARNING: [Synth 8-6014] Unused sequential element group_blocks_r_reg was removed.  [d:/DOAN/DATN_RTL/DATN_VIVADO/project_2/project_2.gen/sources_1/bd/SoC/ipshared/7ef9/src/SPU_VPU_Stream8.v:413]
WARNING: [Synth 8-6014] Unused sequential element job_id_r_reg was removed.  [d:/DOAN/DATN_RTL/DATN_VIVADO/project_2/project_2.gen/sources_1/bd/SoC/ipshared/7ef9/src/SPU_VPU_Stream8.v:415]
WARNING: [Synth 8-6014] Unused sequential element bank_r_reg was removed.  [d:/DOAN/DATN_RTL/DATN_VIVADO/project_2/project_2.gen/sources_1/bd/SoC/ipshared/7ef9/src/SPU_VPU_Stream8.v:415]
WARNING: [Synth 8-6014] Unused sequential element write_req_lane0_row_r_reg was removed.  [d:/DOAN/DATN_RTL/DATN_VIVADO/project_2/project_2.gen/sources_1/bd/SoC/ipshared/7ef9/src/SPU_VPU_Stream8.v:437]
WARNING: [Synth 8-6014] Unused sequential element write_req_lane1_row_r_reg was removed.  [d:/DOAN/DATN_RTL/DATN_VIVADO/project_2/project_2.gen/sources_1/bd/SoC/ipshared/7ef9/src/SPU_VPU_Stream8.v:437]
WARNING: [Synth 8-6014] Unused sequential element prefetch_block_r_reg was removed.  [d:/DOAN/DATN_RTL/DATN_VIVADO/project_2/project_2.gen/sources_1/bd/SoC/ipshared/7ef9/src/SPU_VPU_Stream8.v:452]
WARNING: [Synth 8-6014] Unused sequential element prefetch_group_blocks_r_reg was removed.  [d:/DOAN/DATN_RTL/DATN_VIVADO/project_2/project_2.gen/sources_1/bd/SoC/ipshared/7ef9/src/SPU_VPU_Stream8.v:452]
WARNING: [Synth 8-6014] Unused sequential element prefetch_bank_r_reg was removed.  [d:/DOAN/DATN_RTL/DATN_VIVADO/project_2/project_2.gen/sources_1/bd/SoC/ipshared/7ef9/src/SPU_VPU_Stream8.v:454]
WARNING: [Synth 8-6014] Unused sequential element prefetch_req_lane0_word_index_r_reg was removed.  [d:/DOAN/DATN_RTL/DATN_VIVADO/project_2/project_2.gen/sources_1/bd/SoC/ipshared/7ef9/src/SPU_VPU_Stream8.v:458]
WARNING: [Synth 8-6014] Unused sequential element prefetch_req_lane1_word_index_r_reg was removed.  [d:/DOAN/DATN_RTL/DATN_VIVADO/project_2/project_2.gen/sources_1/bd/SoC/ipshared/7ef9/src/SPU_VPU_Stream8.v:459]
WARNING: [Synth 8-6014] Unused sequential element read_unused_prefetch_req_p3_r_reg was removed.  [d:/DOAN/DATN_RTL/DATN_VIVADO/project_2/project_2.gen/sources_1/bd/SoC/ipshared/7ef9/src/SPU_VPU_Stream8.v:462]
WARNING: [Synth 8-6014] Unused sequential element read_unused_prefetch_req_scratch_valid_r_reg was removed.  [d:/DOAN/DATN_RTL/DATN_VIVADO/project_2/project_2.gen/sources_1/bd/SoC/ipshared/7ef9/src/SPU_VPU_Stream8.v:463]
WARNING: [Synth 8-6014] Unused sequential element read_unused_prefetch_req_scratch_index_r_reg was removed.  [d:/DOAN/DATN_RTL/DATN_VIVADO/project_2/project_2.gen/sources_1/bd/SoC/ipshared/7ef9/src/SPU_VPU_Stream8.v:464]
WARNING: [Synth 8-6014] Unused sequential element read_unused_prefetch_req_scratch_lane_r_reg was removed.  [d:/DOAN/DATN_RTL/DATN_VIVADO/project_2/project_2.gen/sources_1/bd/SoC/ipshared/7ef9/src/SPU_VPU_Stream8.v:465]
WARNING: [Synth 8-6014] Unused sequential element prefetch_rsp_mem0_data_r_reg was removed.  [d:/DOAN/DATN_RTL/DATN_VIVADO/project_2/project_2.gen/sources_1/bd/SoC/ipshared/7ef9/src/SPU_VPU_Stream8.v:467]
WARNING: [Synth 8-6014] Unused sequential element prefetch_rsp_mem1_data_r_reg was removed.  [d:/DOAN/DATN_RTL/DATN_VIVADO/project_2/project_2.gen/sources_1/bd/SoC/ipshared/7ef9/src/SPU_VPU_Stream8.v:468]
WARNING: [Synth 8-6014] Unused sequential element prefetch_rsp_scratch_data_r_reg was removed.  [d:/DOAN/DATN_RTL/DATN_VIVADO/project_2/project_2.gen/sources_1/bd/SoC/ipshared/7ef9/src/SPU_VPU_Stream8.v:469]
WARNING: [Synth 8-6014] Unused sequential element read_unused_prefetch_rsp_p3_r_reg was removed.  [d:/DOAN/DATN_RTL/DATN_VIVADO/project_2/project_2.gen/sources_1/bd/SoC/ipshared/7ef9/src/SPU_VPU_Stream8.v:475]
WARNING: [Synth 8-6014] Unused sequential element read_unused_prefetch_rsp_scratch_valid_r_reg was removed.  [d:/DOAN/DATN_RTL/DATN_VIVADO/project_2/project_2.gen/sources_1/bd/SoC/ipshared/7ef9/src/SPU_VPU_Stream8.v:476]
WARNING: [Synth 8-6014] Unused sequential element read_unused_prefetch_rsp_scratch_lane_r_reg was removed.  [d:/DOAN/DATN_RTL/DATN_VIVADO/project_2/project_2.gen/sources_1/bd/SoC/ipshared/7ef9/src/SPU_VPU_Stream8.v:477]
WARNING: [Synth 8-6014] Unused sequential element write_count_reg was removed.  [d:/DOAN/DATN_RTL/DATN_VIVADO/project_2/project_2.gen/sources_1/bd/SoC/ipshared/7ef9/src/SPU_VPU_Stream8.v:487]
WARNING: [Synth 8-6014] Unused sequential element fifo_block_reg[0] was removed.  [d:/DOAN/DATN_RTL/DATN_VIVADO/project_2/project_2.gen/sources_1/bd/SoC/ipshared/7ef9/src/SPU_VPU_Stream8.v:508]
WARNING: [Synth 8-6014] Unused sequential element fifo_block_reg[1] was removed.  [d:/DOAN/DATN_RTL/DATN_VIVADO/project_2/project_2.gen/sources_1/bd/SoC/ipshared/7ef9/src/SPU_VPU_Stream8.v:508]
WARNING: [Synth 8-6014] Unused sequential element fifo_block_reg[2] was removed.  [d:/DOAN/DATN_RTL/DATN_VIVADO/project_2/project_2.gen/sources_1/bd/SoC/ipshared/7ef9/src/SPU_VPU_Stream8.v:508]
WARNING: [Synth 8-6014] Unused sequential element fifo_block_reg[3] was removed.  [d:/DOAN/DATN_RTL/DATN_VIVADO/project_2/project_2.gen/sources_1/bd/SoC/ipshared/7ef9/src/SPU_VPU_Stream8.v:508]
WARNING: [Synth 8-6014] Unused sequential element fifo_group_blocks_reg[0] was removed.  [d:/DOAN/DATN_RTL/DATN_VIVADO/project_2/project_2.gen/sources_1/bd/SoC/ipshared/7ef9/src/SPU_VPU_Stream8.v:508]
WARNING: [Synth 8-6014] Unused sequential element fifo_group_blocks_reg[1] was removed.  [d:/DOAN/DATN_RTL/DATN_VIVADO/project_2/project_2.gen/sources_1/bd/SoC/ipshared/7ef9/src/SPU_VPU_Stream8.v:508]
WARNING: [Synth 8-6014] Unused sequential element fifo_group_blocks_reg[2] was removed.  [d:/DOAN/DATN_RTL/DATN_VIVADO/project_2/project_2.gen/sources_1/bd/SoC/ipshared/7ef9/src/SPU_VPU_Stream8.v:508]
WARNING: [Synth 8-6014] Unused sequential element fifo_group_blocks_reg[3] was removed.  [d:/DOAN/DATN_RTL/DATN_VIVADO/project_2/project_2.gen/sources_1/bd/SoC/ipshared/7ef9/src/SPU_VPU_Stream8.v:508]
WARNING: [Synth 8-6014] Unused sequential element fifo_bank_reg[0] was removed.  [d:/DOAN/DATN_RTL/DATN_VIVADO/project_2/project_2.gen/sources_1/bd/SoC/ipshared/7ef9/src/SPU_VPU_Stream8.v:510]
WARNING: [Synth 8-6014] Unused sequential element fifo_bank_reg[1] was removed.  [d:/DOAN/DATN_RTL/DATN_VIVADO/project_2/project_2.gen/sources_1/bd/SoC/ipshared/7ef9/src/SPU_VPU_Stream8.v:510]
WARNING: [Synth 8-6014] Unused sequential element fifo_bank_reg[2] was removed.  [d:/DOAN/DATN_RTL/DATN_VIVADO/project_2/project_2.gen/sources_1/bd/SoC/ipshared/7ef9/src/SPU_VPU_Stream8.v:510]
WARNING: [Synth 8-6014] Unused sequential element fifo_bank_reg[3] was removed.  [d:/DOAN/DATN_RTL/DATN_VIVADO/project_2/project_2.gen/sources_1/bd/SoC/ipshared/7ef9/src/SPU_VPU_Stream8.v:510]
WARNING: [Synth 8-6014] Unused sequential element fifo_p3_reg[0] was removed.  [d:/DOAN/DATN_RTL/DATN_VIVADO/project_2/project_2.gen/sources_1/bd/SoC/ipshared/7ef9/src/SPU_VPU_Stream8.v:510]
WARNING: [Synth 8-6014] Unused sequential element fifo_p3_reg[1] was removed.  [d:/DOAN/DATN_RTL/DATN_VIVADO/project_2/project_2.gen/sources_1/bd/SoC/ipshared/7ef9/src/SPU_VPU_Stream8.v:510]
WARNING: [Synth 8-6014] Unused sequential element fifo_p3_reg[2] was removed.  [d:/DOAN/DATN_RTL/DATN_VIVADO/project_2/project_2.gen/sources_1/bd/SoC/ipshared/7ef9/src/SPU_VPU_Stream8.v:510]
WARNING: [Synth 8-6014] Unused sequential element fifo_p3_reg[3] was removed.  [d:/DOAN/DATN_RTL/DATN_VIVADO/project_2/project_2.gen/sources_1/bd/SoC/ipshared/7ef9/src/SPU_VPU_Stream8.v:510]
WARNING: [Synth 8-6014] Unused sequential element mem1_region_reg was removed.  [d:/DOAN/DATN_RTL/DATN_VIVADO/project_2/project_2.gen/sources_1/bd/SoC/ipshared/7ef9/src/SPU_VPU_Stream8.v:483]
WARNING: [Synth 8-6014] Unused sequential element mem1_wstrb_reg was removed.  [d:/DOAN/DATN_RTL/DATN_VIVADO/project_2/project_2.gen/sources_1/bd/SoC/ipshared/7ef9/src/SPU_VPU_Stream8.v:485]
WARNING: [Synth 8-6014] Unused sequential element value_ext_r_reg was removed.  [d:/DOAN/DATN_RTL/DATN_VIVADO/project_2/project_2.gen/sources_1/bd/SoC/ipshared/7ef9/src/SPU_RMSNorm.v:86]
WARNING: [Synth 8-6014] Unused sequential element weight_ext_r_reg was removed.  [d:/DOAN/DATN_RTL/DATN_VIVADO/project_2/project_2.gen/sources_1/bd/SoC/ipshared/7ef9/src/SPU_RMSNorm.v:87]
WARNING: [Synth 8-6014] Unused sequential element mean_q16_r_reg was removed.  [d:/DOAN/DATN_RTL/DATN_VIVADO/project_2/project_2.gen/sources_1/bd/SoC/ipshared/7ef9/src/SPU_RMSInv_Engine.v:77]
WARNING: [Synth 8-6014] Unused sequential element div_rem_shift_reg was removed.  [d:/DOAN/DATN_RTL/DATN_VIVADO/project_2/project_2.gen/sources_1/bd/SoC/ipshared/7ef9/src/SPU_RMSInv_Engine.v:110]
WARNING: [Synth 8-6014] Unused sequential element div_denom_ext_reg was removed.  [d:/DOAN/DATN_RTL/DATN_VIVADO/project_2/project_2.gen/sources_1/bd/SoC/ipshared/7ef9/src/SPU_RMSInv_Engine.v:111]
WARNING: [Synth 8-6014] Unused sequential element mean_sum_reg was removed.  [d:/DOAN/DATN_RTL/DATN_VIVADO/project_2/project_2.gen/sources_1/bd/SoC/ipshared/7ef9/src/SPU_RMSInv_Engine.v:128]
WARNING: [Synth 8-6014] Unused sequential element sqrt_rem_shift_reg was removed.  [d:/DOAN/DATN_RTL/DATN_VIVADO/project_2/project_2.gen/sources_1/bd/SoC/ipshared/7ef9/src/SPU_RMSInv_Engine.v:140]
WARNING: [Synth 8-6014] Unused sequential element sqrt_trial_reg was removed.  [d:/DOAN/DATN_RTL/DATN_VIVADO/project_2/project_2.gen/sources_1/bd/SoC/ipshared/7ef9/src/SPU_RMSInv_Engine.v:141]
WARNING: [Synth 8-6014] Unused sequential element recip_rem_shift_reg was removed.  [d:/DOAN/DATN_RTL/DATN_VIVADO/project_2/project_2.gen/sources_1/bd/SoC/ipshared/7ef9/src/SPU_RMSInv_Engine.v:172]
WARNING: [Synth 8-6014] Unused sequential element recip_denom_ext_reg was removed.  [d:/DOAN/DATN_RTL/DATN_VIVADO/project_2/project_2.gen/sources_1/bd/SoC/ipshared/7ef9/src/SPU_RMSInv_Engine.v:173]
WARNING: [Synth 8-6014] Unused sequential element div_rem_shift_reg was removed.  [d:/DOAN/DATN_RTL/DATN_VIVADO/project_2/project_2.gen/sources_1/bd/SoC/ipshared/7ef9/src/SPU_Softmax.v:184]
WARNING: [Synth 8-6014] Unused sequential element div_denom_ext_reg was removed.  [d:/DOAN/DATN_RTL/DATN_VIVADO/project_2/project_2.gen/sources_1/bd/SoC/ipshared/7ef9/src/SPU_Softmax.v:185]
WARNING: [Synth 8-6014] Unused sequential element stream_test_lfsr_r_reg was removed.  [d:/DOAN/DATN_RTL/DATN_VIVADO/project_2/project_2.gen/sources_1/bd/SoC/ipshared/7ef9/src/SPU_Top.v:549]
WARNING: [Synth 8-6014] Unused sequential element stream_test_stall_count_r_reg was removed.  [d:/DOAN/DATN_RTL/DATN_VIVADO/project_2/project_2.gen/sources_1/bd/SoC/ipshared/7ef9/src/SPU_Top.v:550]
WARNING: [Synth 8-6014] Unused sequential element stream_fifo_job_id_reg was removed. 
WARNING: [Synth 8-6014] Unused sequential element stream_fifo_bank_reg was removed. 
WARNING: [Synth 8-6014] Unused sequential element stream_scale_word_index_r_reg was removed.  [d:/DOAN/DATN_RTL/DATN_VIVADO/project_2/project_2.gen/sources_1/bd/SoC/ipshared/7ef9/src/SPU_Top.v:368]
WARNING: [Synth 8-6014] Unused sequential element stream_pair_scale_word_index_r_reg was removed.  [d:/DOAN/DATN_RTL/DATN_VIVADO/project_2/project_2.gen/sources_1/bd/SoC/ipshared/7ef9/src/SPU_Top.v:381]
WARNING: [Synth 8-6014] Unused sequential element stream_act_scale_word_index_r_reg was removed.  [d:/DOAN/DATN_RTL/DATN_VIVADO/project_2/project_2.gen/sources_1/bd/SoC/ipshared/7ef9/src/SPU_Top.v:390]
WARNING: [Synth 8-6014] Unused sequential element stream_p3_bank_lock_valid_r_reg was removed.  [d:/DOAN/DATN_RTL/DATN_VIVADO/project_2/project_2.gen/sources_1/bd/SoC/ipshared/7ef9/src/SPU_Top.v:332]
WARNING: [Synth 8-6014] Unused sequential element stream_p3_bank_lock_r_reg was removed.  [d:/DOAN/DATN_RTL/DATN_VIVADO/project_2/project_2.gen/sources_1/bd/SoC/ipshared/7ef9/src/SPU_Top.v:333]
WARNING: [Synth 8-6014] Unused sequential element stream_p3_done_seen_r_reg was removed.  [d:/DOAN/DATN_RTL/DATN_VIVADO/project_2/project_2.gen/sources_1/bd/SoC/ipshared/7ef9/src/SPU_Top.v:494]
WARNING: [Synth 8-6014] Unused sequential element vpu_stream_count_r_reg was removed.  [d:/DOAN/DATN_RTL/DATN_VIVADO/project_2/project_2.gen/sources_1/bd/SoC/ipshared/7ef9/src/SPU_Top.v:462]
WARNING: [Synth 8-6014] Unused sequential element vpu_stream_done_count_r_reg was removed.  [d:/DOAN/DATN_RTL/DATN_VIVADO/project_2/project_2.gen/sources_1/bd/SoC/ipshared/7ef9/src/SPU_Top.v:463]
WARNING: [Synth 8-6014] Unused sequential element vpu_stream_drop_count_r_reg was removed.  [d:/DOAN/DATN_RTL/DATN_VIVADO/project_2/project_2.gen/sources_1/bd/SoC/ipshared/7ef9/src/SPU_Top.v:464]
WARNING: [Synth 8-6014] Unused sequential element vpu_stream_out_count_r_reg was removed.  [d:/DOAN/DATN_RTL/DATN_VIVADO/project_2/project_2.gen/sources_1/bd/SoC/ipshared/7ef9/src/SPU_Top.v:465]
WARNING: [Synth 8-6014] Unused sequential element vpu_stream_error_count_r_reg was removed.  [d:/DOAN/DATN_RTL/DATN_VIVADO/project_2/project_2.gen/sources_1/bd/SoC/ipshared/7ef9/src/SPU_Top.v:466]
WARNING: [Synth 8-6014] Unused sequential element vpu_stream_last_raw_r_reg was removed.  [d:/DOAN/DATN_RTL/DATN_VIVADO/project_2/project_2.gen/sources_1/bd/SoC/ipshared/7ef9/src/SPU_Top.v:467]
WARNING: [Synth 8-6014] Unused sequential element vpu_stream_last_meta_r_reg was removed.  [d:/DOAN/DATN_RTL/DATN_VIVADO/project_2/project_2.gen/sources_1/bd/SoC/ipshared/7ef9/src/SPU_Top.v:468]
WARNING: [Synth 8-6014] Unused sequential element vpu_stream_last_accum_lo_r_reg was removed.  [d:/DOAN/DATN_RTL/DATN_VIVADO/project_2/project_2.gen/sources_1/bd/SoC/ipshared/7ef9/src/SPU_Top.v:469]
WARNING: [Synth 8-6014] Unused sequential element vpu_stream_last_accum_hi_r_reg was removed.  [d:/DOAN/DATN_RTL/DATN_VIVADO/project_2/project_2.gen/sources_1/bd/SoC/ipshared/7ef9/src/SPU_Top.v:470]
WARNING: [Synth 8-6014] Unused sequential element vpu_stream_last_job_r_reg was removed.  [d:/DOAN/DATN_RTL/DATN_VIVADO/project_2/project_2.gen/sources_1/bd/SoC/ipshared/7ef9/src/SPU_Top.v:471]
WARNING: [Synth 8-6014] Unused sequential element vpu_stream_last_bank_r_reg was removed.  [d:/DOAN/DATN_RTL/DATN_VIVADO/project_2/project_2.gen/sources_1/bd/SoC/ipshared/7ef9/src/SPU_Top.v:472]
WARNING: [Synth 8-6014] Unused sequential element vpu_stream_fifo_high_water_r_reg was removed.  [d:/DOAN/DATN_RTL/DATN_VIVADO/project_2/project_2.gen/sources_1/bd/SoC/ipshared/7ef9/src/SPU_Top.v:473]
INFO: [Common 17-14] Message 'Synth 8-6014' appears 100 times and further instances of the messages will be disabled. Use the Tcl command set_msg_config to change the current settings.
WARNING: [Synth 8-4767] Trying to implement RAM 'stream_fifo_scale_index_ok_reg' in registers. Block RAM or DRAM implementation is not possible; see log for reasons.
Reason is one or more of the following :
	1: No valid read/write found for RAM. 
RAM "stream_fifo_scale_index_ok_reg" dissolved into registers
WARNING: [Synth 8-4767] Trying to implement RAM 'stream_fifo_pair_valid_reg' in registers. Block RAM or DRAM implementation is not possible; see log for reasons.
Reason is one or more of the following :
	1: No valid read/write found for RAM. 
RAM "stream_fifo_pair_valid_reg" dissolved into registers
WARNING: [Synth 8-4767] Trying to implement RAM 'stream_fifo_pair_scale_index_ok_reg' in registers. Block RAM or DRAM implementation is not possible; see log for reasons.
Reason is one or more of the following :
	1: No valid read/write found for RAM. 
RAM "stream_fifo_pair_scale_index_ok_reg" dissolved into registers
WARNING: [Synth 8-4767] Trying to implement RAM 'stream_fifo_raw_reg' in registers. Block RAM or DRAM implementation is not possible; see log for reasons.
Reason is one or more of the following :
	1: No valid read/write found for RAM. 
RAM "stream_fifo_raw_reg" dissolved into registers
WARNING: [Synth 8-4767] Trying to implement RAM 'stream_fifo_row_reg' in registers. Block RAM or DRAM implementation is not possible; see log for reasons.
Reason is one or more of the following :
	1: No valid read/write found for RAM. 
RAM "stream_fifo_row_reg" dissolved into registers
WARNING: [Synth 8-4767] Trying to implement RAM 'stream_fifo_last_block_reg' in registers. Block RAM or DRAM implementation is not possible; see log for reasons.
Reason is one or more of the following :
	1: No valid read/write found for RAM. 
RAM "stream_fifo_last_block_reg" dissolved into registers
WARNING: [Synth 8-4767] Trying to implement RAM 'stream_fifo_clear_accum_reg' in registers. Block RAM or DRAM implementation is not possible; see log for reasons.
Reason is one or more of the following :
	1: No valid read/write found for RAM. 
RAM "stream_fifo_clear_accum_reg" dissolved into registers
WARNING: [Synth 8-4767] Trying to implement RAM 'stream_fifo_scale_lane_reg' in registers. Block RAM or DRAM implementation is not possible; see log for reasons.
Reason is one or more of the following :
	1: No valid read/write found for RAM. 
RAM "stream_fifo_scale_lane_reg" dissolved into registers
WARNING: [Synth 8-4767] Trying to implement RAM 'stream_fifo_pair_raw_reg' in registers. Block RAM or DRAM implementation is not possible; see log for reasons.
Reason is one or more of the following :
	1: No valid read/write found for RAM. 
RAM "stream_fifo_pair_raw_reg" dissolved into registers
WARNING: [Synth 8-4767] Trying to implement RAM 'stream_fifo_pair_row_reg' in registers. Block RAM or DRAM implementation is not possible; see log for reasons.
Reason is one or more of the following :
	1: No valid read/write found for RAM. 
RAM "stream_fifo_pair_row_reg" dissolved into registers
WARNING: [Synth 8-4767] Trying to implement RAM 'stream_fifo_pair_last_block_reg' in registers. Block RAM or DRAM implementation is not possible; see log for reasons.
Reason is one or more of the following :
	1: No valid read/write found for RAM. 
RAM "stream_fifo_pair_last_block_reg" dissolved into registers
WARNING: [Synth 8-4767] Trying to implement RAM 'stream_fifo_pair_clear_accum_reg' in registers. Block RAM or DRAM implementation is not possible; see log for reasons.
Reason is one or more of the following :
	1: No valid read/write found for RAM. 
RAM "stream_fifo_pair_clear_accum_reg" dissolved into registers
WARNING: [Synth 8-4767] Trying to implement RAM 'stream_fifo_pair_scale_lane_reg' in registers. Block RAM or DRAM implementation is not possible; see log for reasons.
Reason is one or more of the following :
	1: No valid read/write found for RAM. 
RAM "stream_fifo_pair_scale_lane_reg" dissolved into registers
WARNING: [Synth 8-4767] Trying to implement RAM 'stream_fifo_p3_reg' in registers. Block RAM or DRAM implementation is not possible; see log for reasons.
Reason is one or more of the following :
	1: No valid read/write found for RAM. 
RAM "stream_fifo_p3_reg" dissolved into registers
WARNING: [Synth 8-4767] Trying to implement RAM 'stream_fifo_act_scale_lane_reg' in registers. Block RAM or DRAM implementation is not possible; see log for reasons.
Reason is one or more of the following :
	1: No valid read/write found for RAM. 
RAM "stream_fifo_act_scale_lane_reg" dissolved into registers
WARNING: [Synth 8-3848] Net aresetn_out in module/entity clk_map_imp_1N13RGP does not have driver. [d:/DOAN/DATN_RTL/DATN_VIVADO/project_2/project_2.gen/sources_1/bd/SoC/ip/SoC_axi_smc_0/bd_0/synth/bd_d7be.v:1454]
WARNING: [Synth 8-3848] Net dp_audio_ref_clk in module/entity zynq_ultra_ps_e_v3_4_1_zynq_ultra_ps_e does not have driver. [d:/DOAN/DATN_RTL/DATN_VIVADO/project_2/project_2.gen/sources_1/bd/SoC/ip/SoC_zynq_ultra_ps_e_0_0/hdl/zynq_ultra_ps_e_v3_4_1.v:364]
WARNING: [Synth 8-3848] Net irq_ipi_pl_0 in module/entity zynq_ultra_ps_e_v3_4_1_zynq_ultra_ps_e does not have driver. [d:/DOAN/DATN_RTL/DATN_VIVADO/project_2/project_2.gen/sources_1/bd/SoC/ip/SoC_zynq_ultra_ps_e_0_0/hdl/zynq_ultra_ps_e_v3_4_1.v:1384]
WARNING: [Synth 8-3848] Net irq_ipi_pl_1 in module/entity zynq_ultra_ps_e_v3_4_1_zynq_ultra_ps_e does not have driver. [d:/DOAN/DATN_RTL/DATN_VIVADO/project_2/project_2.gen/sources_1/bd/SoC/ip/SoC_zynq_ultra_ps_e_0_0/hdl/zynq_ultra_ps_e_v3_4_1.v:1385]
WARNING: [Synth 8-3848] Net irq_ipi_pl_2 in module/entity zynq_ultra_ps_e_v3_4_1_zynq_ultra_ps_e does not have driver. [d:/DOAN/DATN_RTL/DATN_VIVADO/project_2/project_2.gen/sources_1/bd/SoC/ip/SoC_zynq_ultra_ps_e_0_0/hdl/zynq_ultra_ps_e_v3_4_1.v:1386]
WARNING: [Synth 8-3848] Net irq_ipi_pl_3 in module/entity zynq_ultra_ps_e_v3_4_1_zynq_ultra_ps_e does not have driver. [d:/DOAN/DATN_RTL/DATN_VIVADO/project_2/project_2.gen/sources_1/bd/SoC/ip/SoC_zynq_ultra_ps_e_0_0/hdl/zynq_ultra_ps_e_v3_4_1.v:1387]
WARNING: [Synth 8-7129] Port dp_audio_ref_clk in module zynq_ultra_ps_e_v3_4_1_zynq_ultra_ps_e is either unconnected or has no load
WARNING: [Synth 8-7129] Port irq_ipi_pl_0 in module zynq_ultra_ps_e_v3_4_1_zynq_ultra_ps_e is either unconnected or has no load
WARNING: [Synth 8-7129] Port irq_ipi_pl_1 in module zynq_ultra_ps_e_v3_4_1_zynq_ultra_ps_e is either unconnected or has no load
WARNING: [Synth 8-7129] Port irq_ipi_pl_2 in module zynq_ultra_ps_e_v3_4_1_zynq_ultra_ps_e is either unconnected or has no load
WARNING: [Synth 8-7129] Port irq_ipi_pl_3 in module zynq_ultra_ps_e_v3_4_1_zynq_ultra_ps_e is either unconnected or has no load
WARNING: [Synth 8-7129] Port saxihpc0_fpd_rclk in module zynq_ultra_ps_e_v3_4_1_zynq_ultra_ps_e is either unconnected or has no load
WARNING: [Synth 8-7129] Port saxihpc0_fpd_wclk in module zynq_ultra_ps_e_v3_4_1_zynq_ultra_ps_e is either unconnected or has no load
WARNING: [Synth 8-7129] Port saxihpc1_fpd_rclk in module zynq_ultra_ps_e_v3_4_1_zynq_ultra_ps_e is either unconnected or has no load
WARNING: [Synth 8-7129] Port saxihpc1_fpd_wclk in module zynq_ultra_ps_e_v3_4_1_zynq_ultra_ps_e is either unconnected or has no load
WARNING: [Synth 8-7129] Port saxihp0_fpd_rclk in module zynq_ultra_ps_e_v3_4_1_zynq_ultra_ps_e is either unconnected or has no load
WARNING: [Synth 8-7129] Port saxihp0_fpd_wclk in module zynq_ultra_ps_e_v3_4_1_zynq_ultra_ps_e is either unconnected or has no load
WARNING: [Synth 8-7129] Port saxihp1_fpd_rclk in module zynq_ultra_ps_e_v3_4_1_zynq_ultra_ps_e is either unconnected or has no load
WARNING: [Synth 8-7129] Port saxihp1_fpd_wclk in module zynq_ultra_ps_e_v3_4_1_zynq_ultra_ps_e is either unconnected or has no load
WARNING: [Synth 8-7129] Port saxihp2_fpd_rclk in module zynq_ultra_ps_e_v3_4_1_zynq_ultra_ps_e is either unconnected or has no load
WARNING: [Synth 8-7129] Port saxihp2_fpd_wclk in module zynq_ultra_ps_e_v3_4_1_zynq_ultra_ps_e is either unconnected or has no load
WARNING: [Synth 8-7129] Port saxihp3_fpd_rclk in module zynq_ultra_ps_e_v3_4_1_zynq_ultra_ps_e is either unconnected or has no load
WARNING: [Synth 8-7129] Port saxihp3_fpd_wclk in module zynq_ultra_ps_e_v3_4_1_zynq_ultra_ps_e is either unconnected or has no load
WARNING: [Synth 8-7129] Port saxi_lpd_rclk in module zynq_ultra_ps_e_v3_4_1_zynq_ultra_ps_e is either unconnected or has no load
WARNING: [Synth 8-7129] Port saxi_lpd_wclk in module zynq_ultra_ps_e_v3_4_1_zynq_ultra_ps_e is either unconnected or has no load
WARNING: [Synth 8-7129] Port sacefpd_awuser[15] in module zynq_ultra_ps_e_v3_4_1_zynq_ultra_ps_e is either unconnected or has no load
WARNING: [Synth 8-7129] Port sacefpd_awuser[14] in module zynq_ultra_ps_e_v3_4_1_zynq_ultra_ps_e is either unconnected or has no load
WARNING: [Synth 8-7129] Port sacefpd_awuser[13] in module zynq_ultra_ps_e_v3_4_1_zynq_ultra_ps_e is either unconnected or has no load
WARNING: [Synth 8-7129] Port sacefpd_awuser[12] in module zynq_ultra_ps_e_v3_4_1_zynq_ultra_ps_e is either unconnected or has no load
WARNING: [Synth 8-7129] Port sacefpd_awuser[11] in module zynq_ultra_ps_e_v3_4_1_zynq_ultra_ps_e is either unconnected or has no load
WARNING: [Synth 8-7129] Port sacefpd_awuser[10] in module zynq_ultra_ps_e_v3_4_1_zynq_ultra_ps_e is either unconnected or has no load
WARNING: [Synth 8-7129] Port sacefpd_awuser[9] in module zynq_ultra_ps_e_v3_4_1_zynq_ultra_ps_e is either unconnected or has no load
WARNING: [Synth 8-7129] Port sacefpd_awuser[8] in module zynq_ultra_ps_e_v3_4_1_zynq_ultra_ps_e is either unconnected or has no load
WARNING: [Synth 8-7129] Port sacefpd_awuser[7] in module zynq_ultra_ps_e_v3_4_1_zynq_ultra_ps_e is either unconnected or has no load
WARNING: [Synth 8-7129] Port sacefpd_awuser[6] in module zynq_ultra_ps_e_v3_4_1_zynq_ultra_ps_e is either unconnected or has no load
WARNING: [Synth 8-7129] Port sacefpd_aruser[15] in module zynq_ultra_ps_e_v3_4_1_zynq_ultra_ps_e is either unconnected or has no load
WARNING: [Synth 8-7129] Port sacefpd_aruser[14] in module zynq_ultra_ps_e_v3_4_1_zynq_ultra_ps_e is either unconnected or has no load
WARNING: [Synth 8-7129] Port sacefpd_aruser[13] in module zynq_ultra_ps_e_v3_4_1_zynq_ultra_ps_e is either unconnected or has no load
WARNING: [Synth 8-7129] Port sacefpd_aruser[12] in module zynq_ultra_ps_e_v3_4_1_zynq_ultra_ps_e is either unconnected or has no load
WARNING: [Synth 8-7129] Port sacefpd_aruser[11] in module zynq_ultra_ps_e_v3_4_1_zynq_ultra_ps_e is either unconnected or has no load
WARNING: [Synth 8-7129] Port sacefpd_aruser[10] in module zynq_ultra_ps_e_v3_4_1_zynq_ultra_ps_e is either unconnected or has no load
WARNING: [Synth 8-7129] Port sacefpd_aruser[9] in module zynq_ultra_ps_e_v3_4_1_zynq_ultra_ps_e is either unconnected or has no load
WARNING: [Synth 8-7129] Port sacefpd_aruser[8] in module zynq_ultra_ps_e_v3_4_1_zynq_ultra_ps_e is either unconnected or has no load
WARNING: [Synth 8-7129] Port sacefpd_aruser[7] in module zynq_ultra_ps_e_v3_4_1_zynq_ultra_ps_e is either unconnected or has no load
WARNING: [Synth 8-7129] Port sacefpd_aruser[6] in module zynq_ultra_ps_e_v3_4_1_zynq_ultra_ps_e is either unconnected or has no load
WARNING: [Synth 8-7129] Port test_adc_clk[3] in module zynq_ultra_ps_e_v3_4_1_zynq_ultra_ps_e is either unconnected or has no load
WARNING: [Synth 8-7129] Port test_adc_clk[2] in module zynq_ultra_ps_e_v3_4_1_zynq_ultra_ps_e is either unconnected or has no load
WARNING: [Synth 8-7129] Port test_adc_clk[1] in module zynq_ultra_ps_e_v3_4_1_zynq_ultra_ps_e is either unconnected or has no load
WARNING: [Synth 8-7129] Port test_adc_clk[0] in module zynq_ultra_ps_e_v3_4_1_zynq_ultra_ps_e is either unconnected or has no load
WARNING: [Synth 8-7129] Port test_adc_in[31] in module zynq_ultra_ps_e_v3_4_1_zynq_ultra_ps_e is either unconnected or has no load
WARNING: [Synth 8-7129] Port test_adc_in[30] in module zynq_ultra_ps_e_v3_4_1_zynq_ultra_ps_e is either unconnected or has no load
WARNING: [Synth 8-7129] Port test_adc_in[29] in module zynq_ultra_ps_e_v3_4_1_zynq_ultra_ps_e is either unconnected or has no load
WARNING: [Synth 8-7129] Port test_adc_in[28] in module zynq_ultra_ps_e_v3_4_1_zynq_ultra_ps_e is either unconnected or has no load
WARNING: [Synth 8-7129] Port test_adc_in[27] in module zynq_ultra_ps_e_v3_4_1_zynq_ultra_ps_e is either unconnected or has no load
WARNING: [Synth 8-7129] Port test_adc_in[26] in module zynq_ultra_ps_e_v3_4_1_zynq_ultra_ps_e is either unconnected or has no load
WARNING: [Synth 8-7129] Port test_adc_in[25] in module zynq_ultra_ps_e_v3_4_1_zynq_ultra_ps_e is either unconnected or has no load
WARNING: [Synth 8-7129] Port test_adc_in[24] in module zynq_ultra_ps_e_v3_4_1_zynq_ultra_ps_e is either unconnected or has no load
WARNING: [Synth 8-7129] Port test_adc_in[23] in module zynq_ultra_ps_e_v3_4_1_zynq_ultra_ps_e is either unconnected or has no load
WARNING: [Synth 8-7129] Port test_adc_in[22] in module zynq_ultra_ps_e_v3_4_1_zynq_ultra_ps_e is either unconnected or has no load
WARNING: [Synth 8-7129] Port test_adc_in[21] in module zynq_ultra_ps_e_v3_4_1_zynq_ultra_ps_e is either unconnected or has no load
WARNING: [Synth 8-7129] Port test_adc_in[20] in module zynq_ultra_ps_e_v3_4_1_zynq_ultra_ps_e is either unconnected or has no load
WARNING: [Synth 8-7129] Port test_adc_in[19] in module zynq_ultra_ps_e_v3_4_1_zynq_ultra_ps_e is either unconnected or has no load
WARNING: [Synth 8-7129] Port test_adc_in[18] in module zynq_ultra_ps_e_v3_4_1_zynq_ultra_ps_e is either unconnected or has no load
WARNING: [Synth 8-7129] Port test_adc_in[17] in module zynq_ultra_ps_e_v3_4_1_zynq_ultra_ps_e is either unconnected or has no load
WARNING: [Synth 8-7129] Port test_adc_in[16] in module zynq_ultra_ps_e_v3_4_1_zynq_ultra_ps_e is either unconnected or has no load
WARNING: [Synth 8-7129] Port test_adc_in[15] in module zynq_ultra_ps_e_v3_4_1_zynq_ultra_ps_e is either unconnected or has no load
WARNING: [Synth 8-7129] Port test_adc_in[14] in module zynq_ultra_ps_e_v3_4_1_zynq_ultra_ps_e is either unconnected or has no load
WARNING: [Synth 8-7129] Port test_adc_in[13] in module zynq_ultra_ps_e_v3_4_1_zynq_ultra_ps_e is either unconnected or has no load
WARNING: [Synth 8-7129] Port test_adc_in[12] in module zynq_ultra_ps_e_v3_4_1_zynq_ultra_ps_e is either unconnected or has no load
WARNING: [Synth 8-7129] Port test_adc_in[11] in module zynq_ultra_ps_e_v3_4_1_zynq_ultra_ps_e is either unconnected or has no load
WARNING: [Synth 8-7129] Port test_adc_in[10] in module zynq_ultra_ps_e_v3_4_1_zynq_ultra_ps_e is either unconnected or has no load
WARNING: [Synth 8-7129] Port test_adc_in[9] in module zynq_ultra_ps_e_v3_4_1_zynq_ultra_ps_e is either unconnected or has no load
WARNING: [Synth 8-7129] Port test_adc_in[8] in module zynq_ultra_ps_e_v3_4_1_zynq_ultra_ps_e is either unconnected or has no load
WARNING: [Synth 8-7129] Port test_adc_in[7] in module zynq_ultra_ps_e_v3_4_1_zynq_ultra_ps_e is either unconnected or has no load
WARNING: [Synth 8-7129] Port test_adc_in[6] in module zynq_ultra_ps_e_v3_4_1_zynq_ultra_ps_e is either unconnected or has no load
WARNING: [Synth 8-7129] Port test_adc_in[5] in module zynq_ultra_ps_e_v3_4_1_zynq_ultra_ps_e is either unconnected or has no load
WARNING: [Synth 8-7129] Port test_adc_in[4] in module zynq_ultra_ps_e_v3_4_1_zynq_ultra_ps_e is either unconnected or has no load
WARNING: [Synth 8-7129] Port test_adc_in[3] in module zynq_ultra_ps_e_v3_4_1_zynq_ultra_ps_e is either unconnected or has no load
WARNING: [Synth 8-7129] Port test_adc_in[2] in module zynq_ultra_ps_e_v3_4_1_zynq_ultra_ps_e is either unconnected or has no load
WARNING: [Synth 8-7129] Port test_adc_in[1] in module zynq_ultra_ps_e_v3_4_1_zynq_ultra_ps_e is either unconnected or has no load
WARNING: [Synth 8-7129] Port test_adc_in[0] in module zynq_ultra_ps_e_v3_4_1_zynq_ultra_ps_e is either unconnected or has no load
WARNING: [Synth 8-7129] Port test_adc2_in[31] in module zynq_ultra_ps_e_v3_4_1_zynq_ultra_ps_e is either unconnected or has no load
WARNING: [Synth 8-7129] Port test_adc2_in[30] in module zynq_ultra_ps_e_v3_4_1_zynq_ultra_ps_e is either unconnected or has no load
WARNING: [Synth 8-7129] Port test_adc2_in[29] in module zynq_ultra_ps_e_v3_4_1_zynq_ultra_ps_e is either unconnected or has no load
WARNING: [Synth 8-7129] Port test_adc2_in[28] in module zynq_ultra_ps_e_v3_4_1_zynq_ultra_ps_e is either unconnected or has no load
WARNING: [Synth 8-7129] Port test_adc2_in[27] in module zynq_ultra_ps_e_v3_4_1_zynq_ultra_ps_e is either unconnected or has no load
WARNING: [Synth 8-7129] Port test_adc2_in[26] in module zynq_ultra_ps_e_v3_4_1_zynq_ultra_ps_e is either unconnected or has no load
WARNING: [Synth 8-7129] Port test_adc2_in[25] in module zynq_ultra_ps_e_v3_4_1_zynq_ultra_ps_e is either unconnected or has no load
WARNING: [Synth 8-7129] Port test_adc2_in[24] in module zynq_ultra_ps_e_v3_4_1_zynq_ultra_ps_e is either unconnected or has no load
WARNING: [Synth 8-7129] Port test_adc2_in[23] in module zynq_ultra_ps_e_v3_4_1_zynq_ultra_ps_e is either unconnected or has no load
WARNING: [Synth 8-7129] Port test_adc2_in[22] in module zynq_ultra_ps_e_v3_4_1_zynq_ultra_ps_e is either unconnected or has no load
WARNING: [Synth 8-7129] Port test_adc2_in[21] in module zynq_ultra_ps_e_v3_4_1_zynq_ultra_ps_e is either unconnected or has no load
WARNING: [Synth 8-7129] Port test_adc2_in[20] in module zynq_ultra_ps_e_v3_4_1_zynq_ultra_ps_e is either unconnected or has no load
WARNING: [Synth 8-7129] Port test_adc2_in[19] in module zynq_ultra_ps_e_v3_4_1_zynq_ultra_ps_e is either unconnected or has no load
WARNING: [Synth 8-7129] Port test_adc2_in[18] in module zynq_ultra_ps_e_v3_4_1_zynq_ultra_ps_e is either unconnected or has no load
WARNING: [Synth 8-7129] Port test_adc2_in[17] in module zynq_ultra_ps_e_v3_4_1_zynq_ultra_ps_e is either unconnected or has no load
WARNING: [Synth 8-7129] Port test_adc2_in[16] in module zynq_ultra_ps_e_v3_4_1_zynq_ultra_ps_e is either unconnected or has no load
WARNING: [Synth 8-7129] Port test_adc2_in[15] in module zynq_ultra_ps_e_v3_4_1_zynq_ultra_ps_e is either unconnected or has no load
WARNING: [Synth 8-7129] Port test_adc2_in[14] in module zynq_ultra_ps_e_v3_4_1_zynq_ultra_ps_e is either unconnected or has no load
WARNING: [Synth 8-7129] Port test_adc2_in[13] in module zynq_ultra_ps_e_v3_4_1_zynq_ultra_ps_e is either unconnected or has no load
WARNING: [Synth 8-7129] Port test_adc2_in[12] in module zynq_ultra_ps_e_v3_4_1_zynq_ultra_ps_e is either unconnected or has no load
WARNING: [Synth 8-7129] Port test_adc2_in[11] in module zynq_ultra_ps_e_v3_4_1_zynq_ultra_ps_e is either unconnected or has no load
WARNING: [Synth 8-7129] Port test_adc2_in[10] in module zynq_ultra_ps_e_v3_4_1_zynq_ultra_ps_e is either unconnected or has no load
WARNING: [Synth 8-7129] Port test_adc2_in[9] in module zynq_ultra_ps_e_v3_4_1_zynq_ultra_ps_e is either unconnected or has no load
WARNING: [Synth 8-7129] Port test_adc2_in[8] in module zynq_ultra_ps_e_v3_4_1_zynq_ultra_ps_e is either unconnected or has no load
WARNING: [Synth 8-7129] Port test_adc2_in[7] in module zynq_ultra_ps_e_v3_4_1_zynq_ultra_ps_e is either unconnected or has no load
INFO: [Common 17-14] Message 'Synth 8-7129' appears 100 times and further instances of the messages will be disabled. Use the Tcl command set_msg_config to change the current settings.
---------------------------------------------------------------------------------
Finished RTL Elaboration : Time (s): cpu = 00:00:20 ; elapsed = 00:00:27 . Memory (MB): peak = 3162.773 ; gain = 944.344
---------------------------------------------------------------------------------
---------------------------------------------------------------------------------
Start Handling Custom Attributes
---------------------------------------------------------------------------------
---------------------------------------------------------------------------------
Finished Handling Custom Attributes : Time (s): cpu = 00:00:21 ; elapsed = 00:00:28 . Memory (MB): peak = 3182.586 ; gain = 964.156
---------------------------------------------------------------------------------
---------------------------------------------------------------------------------
Finished RTL Optimization Phase 1 : Time (s): cpu = 00:00:21 ; elapsed = 00:00:28 . Memory (MB): peak = 3182.586 ; gain = 964.156
---------------------------------------------------------------------------------
Netlist sorting complete. Time (s): cpu = 00:00:03 ; elapsed = 00:00:04 . Memory (MB): peak = 3545.715 ; gain = 19.793
INFO: [Netlist 29-17] Analyzing 26 Unisim elements for replacement
INFO: [Netlist 29-28] Unisim Transformation completed in 0 CPU seconds
INFO: [Project 1-570] Preparing netlist for logic optimization

Processing XDC Constraints
Initializing timing engine
Parsing XDC File [d:/DOAN/DATN_RTL/DATN_VIVADO/project_2/project_2.gen/sources_1/bd/SoC/ip/SoC_zynq_ultra_ps_e_0_0/SoC_zynq_ultra_ps_e_0_0.xdc] for cell 'SoC_i/zynq_ultra_ps_e_0/inst'
Finished Parsing XDC File [d:/DOAN/DATN_RTL/DATN_VIVADO/project_2/project_2.gen/sources_1/bd/SoC/ip/SoC_zynq_ultra_ps_e_0_0/SoC_zynq_ultra_ps_e_0_0.xdc] for cell 'SoC_i/zynq_ultra_ps_e_0/inst'
Parsing XDC File [d:/DOAN/DATN_RTL/DATN_VIVADO/project_2/project_2.gen/sources_1/bd/SoC/ip/SoC_axi_smc_0/bd_0/ip/ip_1/bd_d7be_psr_aclk_0_board.xdc] for cell 'SoC_i/axi_smc/inst/clk_map/psr_aclk/U0'
Finished Parsing XDC File [d:/DOAN/DATN_RTL/DATN_VIVADO/project_2/project_2.gen/sources_1/bd/SoC/ip/SoC_axi_smc_0/bd_0/ip/ip_1/bd_d7be_psr_aclk_0_board.xdc] for cell 'SoC_i/axi_smc/inst/clk_map/psr_aclk/U0'
Parsing XDC File [d:/DOAN/DATN_RTL/DATN_VIVADO/project_2/project_2.gen/sources_1/bd/SoC/ip/SoC_axi_smc_0/bd_0/ip/ip_1/bd_d7be_psr_aclk_0.xdc] for cell 'SoC_i/axi_smc/inst/clk_map/psr_aclk/U0'
Finished Parsing XDC File [d:/DOAN/DATN_RTL/DATN_VIVADO/project_2/project_2.gen/sources_1/bd/SoC/ip/SoC_axi_smc_0/bd_0/ip/ip_1/bd_d7be_psr_aclk_0.xdc] for cell 'SoC_i/axi_smc/inst/clk_map/psr_aclk/U0'
Parsing XDC File [d:/DOAN/DATN_RTL/DATN_VIVADO/project_2/project_2.gen/sources_1/bd/SoC/ip/SoC_rst_ps8_0_100M_0/SoC_rst_ps8_0_100M_0_board.xdc] for cell 'SoC_i/rst_ps8_0_100M/U0'
Finished Parsing XDC File [d:/DOAN/DATN_RTL/DATN_VIVADO/project_2/project_2.gen/sources_1/bd/SoC/ip/SoC_rst_ps8_0_100M_0/SoC_rst_ps8_0_100M_0_board.xdc] for cell 'SoC_i/rst_ps8_0_100M/U0'
Parsing XDC File [d:/DOAN/DATN_RTL/DATN_VIVADO/project_2/project_2.gen/sources_1/bd/SoC/ip/SoC_rst_ps8_0_100M_0/SoC_rst_ps8_0_100M_0.xdc] for cell 'SoC_i/rst_ps8_0_100M/U0'
Finished Parsing XDC File [d:/DOAN/DATN_RTL/DATN_VIVADO/project_2/project_2.gen/sources_1/bd/SoC/ip/SoC_rst_ps8_0_100M_0/SoC_rst_ps8_0_100M_0.xdc] for cell 'SoC_i/rst_ps8_0_100M/U0'
Parsing XDC File [D:/DOAN/DATN_RTL/DATN_VIVADO/project_2/project_2.runs/synth_1/dont_touch.xdc]
Finished Parsing XDC File [D:/DOAN/DATN_RTL/DATN_VIVADO/project_2/project_2.runs/synth_1/dont_touch.xdc]
INFO: [Project 1-236] Implementation specific constraints were found while reading constraint file [D:/DOAN/DATN_RTL/DATN_VIVADO/project_2/project_2.runs/synth_1/dont_touch.xdc]. These constraints will be ignored for synthesis but will be used in implementation. Impacted constraints are listed in the file [.Xil/SoC_wrapper_propImpl.xdc].
Resolution: To avoid this warning, move constraints listed in [.Xil/SoC_wrapper_propImpl.xdc] to another XDC file and exclude this new file from synthesis with the used_in_synthesis property (File Properties dialog in GUI) and re-run elaboration/synthesis.
INFO: [Project 1-236] Implementation specific constraints were found while reading constraint file [D:/Xilinx/Vivado/2022.2/data/ip/xpm/xpm_memory/tcl/xpm_memory_xdc.tcl]. These constraints will be ignored for synthesis but will be used in implementation. Impacted constraints are listed in the file [.Xil/SoC_wrapper_propImpl.xdc].
Resolution: To avoid this warning, move constraints listed in [.Xil/SoC_wrapper_propImpl.xdc] to another XDC file and exclude this new file from synthesis with the used_in_synthesis property (File Properties dialog in GUI) and re-run elaboration/synthesis.
INFO: [Project 1-1714] 133 XPM XDC files have been applied to the design.
Completed Processing XDC Constraints

Netlist sorting complete. Time (s): cpu = 00:00:00 ; elapsed = 00:00:00.045 . Memory (MB): peak = 4238.020 ; gain = 0.000
INFO: [Project 1-111] Unisim Transformation Summary:
  A total of 26 instances were transformed.
  FDR => FDRE: 24 instances
  SRL16 => SRL16E: 2 instances

Constraint Validation Runtime : Time (s): cpu = 00:00:01 ; elapsed = 00:00:01 . Memory (MB): peak = 4256.664 ; gain = 18.645
INFO: [Synth 8-11241] undeclared symbol 'REGCCE', assumed default net type 'wire' [D:/Xilinx/Vivado/2022.2/data/verilog/src/unimacro/BRAM_SINGLE_MACRO.v:2170]
---------------------------------------------------------------------------------
Finished Constraint Validation : Time (s): cpu = 00:01:09 ; elapsed = 00:01:22 . Memory (MB): peak = 4257.867 ; gain = 2039.438
---------------------------------------------------------------------------------
---------------------------------------------------------------------------------
Start Loading Part and Timing Information
---------------------------------------------------------------------------------
Loading part: xczu7ev-ffvc1156-2-e
INFO: [Synth 8-6742] Reading net delay rules and data
---------------------------------------------------------------------------------
Start Preparing Guide Design
---------------------------------------------------------------------------------
---------------------------------------------------------------------------------
Finished Doing Graph Differ : Time (s): cpu = 00:01:17 ; elapsed = 00:01:38 . Memory (MB): peak = 4257.867 ; gain = 2039.438
---------------------------------------------------------------------------------
WARNING: [Synth 8-6702] IncrSynth : Over 50% of partitions are impacted by design changes. Reverting to default synthesis
WARNING: [Synth 8-6702] IncrSynth : Reverting to default synthesis
bd_d7be_s00tr_0sc_util_v1_0_4_axi_reg_stallsc_mmu_v1_0_11_top__xdcDup__1__GC0bd_d7be_s01tr_0sc_si_converter_v1_0_11_wrap_narrow__GC0sc_mmu_v1_0_11_top__GC0sc_si_converter_v1_0_11_top__GC0SoC__GC0sc_exit_v1_0_13_top__GC0bd_d7be__GC0MY_IP__GC0sc_si_converter_v1_0_11_top__xdcDup__1__GC0---------------------------------------------------------------------------------
Finished Preparing Guide Design : Time (s): cpu = 00:01:27 ; elapsed = 00:01:58 . Memory (MB): peak = 4257.867 ; gain = 2039.438
---------------------------------------------------------------------------------
INFO: [Synth 8-802] inferred FSM for state register 'result_write_slot_r_reg' in module 'Matrix_Vector_Multiplication'
INFO: [Synth 8-802] inferred FSM for state register 'state_r_reg' in module 'SPU_Quantize_Q8_0'
INFO: [Synth 8-802] inferred FSM for state register 'state_r_reg' in module 'SPU_SiLU_Mul'
INFO: [Synth 8-802] inferred FSM for state register 'state_r_reg' in module 'SPU_RMSNorm'
INFO: [Synth 8-802] inferred FSM for state register 'state_r_reg' in module 'SPU_RMSInv_Engine'
INFO: [Synth 8-802] inferred FSM for state register 'state_r_reg' in module 'SPU_RoPE'
INFO: [Synth 8-802] inferred FSM for state register 'state_r_reg' in module 'SPU_Softmax'
INFO: [Synth 8-4490] FSM extraction disabled for register 'gen_pipelined.state_reg' through user attribute
INFO: [Synth 8-4490] FSM extraction disabled for register 'gen_pipelined.state_reg' through user attribute
INFO: [Synth 8-4490] FSM extraction disabled for register 'gen_pipelined.state_reg' through user attribute
INFO: [Synth 8-4490] FSM extraction disabled for register 'gen_AB_reg_slice.state_reg' through user attribute
INFO: [Synth 8-802] inferred FSM for state register 'gen_axi.gen_write.write_cs_reg' in module 'sc_mmu_v1_0_11_decerr_slave'
INFO: [Synth 8-4490] FSM extraction disabled for register 'gen_pipelined.state_reg' through user attribute
INFO: [Synth 8-4490] FSM extraction disabled for register 'gen_pipelined.state_reg' through user attribute
INFO: [Synth 8-4490] FSM extraction disabled for register 'gen_pipelined.state_reg' through user attribute
INFO: [Synth 8-4490] FSM extraction disabled for register 'gen_pipelined.state_reg' through user attribute
INFO: [Synth 8-4490] FSM extraction disabled for register 'gen_AB_reg_slice.state_reg' through user attribute
INFO: [Synth 8-3971] The signal "Dual_Port_BRAM:/GEN_BLOCK_RAM.mem_reg" was recognized as a true dual port RAM template.
INFO: [Synth 8-5780] Default cascade height of 8 will be used for URAM '"xpm_memory_base:/gen_wr_a.gen_word_narrow_wp.mem_reg"'.
INFO: [Synth 8-3971] The signal "Dual_Port_BRAM__parameterized1:/GEN_BLOCK_RAM.mem_reg" was recognized as a true dual port RAM template.
---------------------------------------------------------------------------------------------------
                   State |                     New Encoding |                Previous Encoding 
---------------------------------------------------------------------------------------------------
                 iSTATE5 |                              000 |                              000
                  iSTATE |                              001 |                              001
                 iSTATE0 |                              010 |                              010
                 iSTATE1 |                              011 |                              011
                 iSTATE2 |                              100 |                              100
                 iSTATE3 |                              101 |                              101
                 iSTATE4 |                              110 |                              110
                 iSTATE6 |                              111 |                              111
---------------------------------------------------------------------------------------------------
INFO: [Synth 8-3354] encoded FSM with state register 'result_write_slot_r_reg' using encoding 'sequential' in module 'Matrix_Vector_Multiplication'
---------------------------------------------------------------------------------------------------
                   State |                     New Encoding |                Previous Encoding 
---------------------------------------------------------------------------------------------------
                  S_IDLE |                              000 |                              000
                  S_SILU |                              001 |                              001
                   S_MUL |                              010 |                              010
                 S_WRITE |                              011 |                              011
                S_COMMIT |                              100 |                              100
---------------------------------------------------------------------------------------------------
INFO: [Synth 8-3354] encoded FSM with state register 'state_r_reg' using encoding 'sequential' in module 'SPU_SiLU_Mul'
---------------------------------------------------------------------------------------------------
                   State |                     New Encoding |                Previous Encoding 
---------------------------------------------------------------------------------------------------
                  S_IDLE |                             0001 |                               00
                 S_MUL_A |                             0010 |                               01
                 S_MUL_B |                             0100 |                               10
                 S_WRITE |                             1000 |                               11
---------------------------------------------------------------------------------------------------
INFO: [Synth 8-3354] encoded FSM with state register 'state_r_reg' using encoding 'one-hot' in module 'SPU_RMSNorm'
---------------------------------------------------------------------------------------------------
                   State |                     New Encoding |                Previous Encoding 
---------------------------------------------------------------------------------------------------
                  S_IDLE |                              000 |                             0000
              S_DIV_MEAN |                              001 |                             0001
                  S_MEAN |                              010 |                             0010
                  S_SQRT |                              011 |                             0011
            S_RECIP_INIT |                              100 |                             0100
                 S_RECIP |                              101 |                             0101
             S_RECIP_OUT |                              110 |                             0110
                  S_DONE |                              111 |                             0111
---------------------------------------------------------------------------------------------------
INFO: [Synth 8-3354] encoded FSM with state register 'state_r_reg' using encoding 'sequential' in module 'SPU_RMSInv_Engine'
---------------------------------------------------------------------------------------------------
                   State |                     New Encoding |                Previous Encoding 
---------------------------------------------------------------------------------------------------
                  S_IDLE |                             0001 |                               00
                  S_MUL0 |                             0010 |                               01
                  S_MUL1 |                             0100 |                               10
                 S_WRITE |                             1000 |                               11
---------------------------------------------------------------------------------------------------
INFO: [Synth 8-3354] encoded FSM with state register 'state_r_reg' using encoding 'one-hot' in module 'SPU_RoPE'
---------------------------------------------------------------------------------------------------
                   State |                     New Encoding |                Previous Encoding 
---------------------------------------------------------------------------------------------------
                  S_IDLE |                              000 |                              000
                  S_LANE |                              001 |                              001
           S_WRITE_SCORE |                              010 |                              010
                   S_DIV |                              011 |                              011
               S_DIV_OUT |                              100 |                              100
            S_WRITE_NORM |                              101 |                              101
                  S_NEXT |                              110 |                              110
---------------------------------------------------------------------------------------------------
INFO: [Synth 8-3354] encoded FSM with state register 'state_r_reg' using encoding 'sequential' in module 'SPU_Softmax'
---------------------------------------------------------------------------------------------------
                   State |                     New Encoding |                Previous Encoding 
---------------------------------------------------------------------------------------------------
            P_WRITE_IDLE |                              001 |                               00
            P_WRITE_DATA |                              010 |                               01
            P_WRITE_RESP |                              100 |                               10
---------------------------------------------------------------------------------------------------
INFO: [Synth 8-3354] encoded FSM with state register 'gen_axi.gen_write.write_cs_reg' using encoding 'one-hot' in module 'sc_mmu_v1_0_11_decerr_slave'
---------------------------------------------------------------------------------
Finished RTL Optimization Phase 2 : Time (s): cpu = 00:01:52 ; elapsed = 00:02:27 . Memory (MB): peak = 4257.867 ; gain = 2039.438
---------------------------------------------------------------------------------


Incremental Synthesis Report Summary:

1. Incremental synthesis run: no

   Reason for not running incremental synthesis : Change is too high


INFO: [Synth 8-7130] Flow is switching to default flow due to incremental criteria not met. If you would like to alter this behaviour and have the flow terminate instead, please set the following parameter config_implementation {autoIncr.Synth.RejectBehavior Terminate}
---------------------------------------------------------------------------------
Start RTL Component Statistics 
---------------------------------------------------------------------------------
---------------------------------------------------------------------------------
Finished RTL Component Statistics 
---------------------------------------------------------------------------------
---------------------------------------------------------------------------------
Start Part Resource Summary
---------------------------------------------------------------------------------
Part Resources:
DSPs: 1728 (col length:144)
BRAMs: 624 (col length: RAMB18 144 RAMB36 72)
---------------------------------------------------------------------------------
Finished Part Resource Summary
---------------------------------------------------------------------------------
---------------------------------------------------------------------------------
Start Cross Boundary and Area Optimization
---------------------------------------------------------------------------------
INFO: [Synth 8-5780] Default cascade height of 8 will be used for URAM '"SoC_i/VPU_Top_0/u_gemvi_16/\GEN_WEIGHT_TOP_BANK[0].GEN_WEIGHT_BANK[1].GEN_WEIGHT_ROW_SLOT[2].u_weight_bram_bank/GEN_ULTRA_RAM.u_xpm_ultra_ram /xpm_memory_base_inst/gen_wr_a.gen_word_narrow_wp.mem_reg"'.
INFO: [Synth 8-5780] Default cascade height of 8 will be used for URAM '"SoC_i/VPU_Top_0/u_gemvi_16/\GEN_WEIGHT_TOP_BANK[0].GEN_WEIGHT_BANK[1].GEN_WEIGHT_ROW_SLOT[4].u_weight_bram_bank/GEN_ULTRA_RAM.u_xpm_ultra_ram /xpm_memory_base_inst/gen_wr_a.gen_word_narrow_wp.mem_reg"'.
INFO: [Synth 8-5780] Default cascade height of 8 will be used for URAM '"SoC_i/VPU_Top_0/u_gemvi_16/\GEN_WEIGHT_TOP_BANK[1].GEN_WEIGHT_BANK[1].GEN_WEIGHT_ROW_SLOT[6].u_weight_bram_bank/GEN_ULTRA_RAM.u_xpm_ultra_ram /xpm_memory_base_inst/gen_wr_a.gen_word_narrow_wp.mem_reg"'.
INFO: [Synth 8-5780] Default cascade height of 8 will be used for URAM '"SoC_i/VPU_Top_0/u_gemvi_16/\GEN_WEIGHT_TOP_BANK[1].GEN_WEIGHT_BANK[3].GEN_WEIGHT_ROW_SLOT[0].u_weight_bram_bank/GEN_ULTRA_RAM.u_xpm_ultra_ram /xpm_memory_base_inst/gen_wr_a.gen_word_narrow_wp.mem_reg"'.
INFO: [Synth 8-5780] Default cascade height of 8 will be used for URAM '"SoC_i/VPU_Top_0/u_gemvi_16/\GEN_WEIGHT_TOP_BANK[1].GEN_WEIGHT_BANK[3].GEN_WEIGHT_ROW_SLOT[6].u_weight_bram_bank/GEN_ULTRA_RAM.u_xpm_ultra_ram /xpm_memory_base_inst/gen_wr_a.gen_word_narrow_wp.mem_reg"'.
WARNING: [Synth 8-6849] Infeasible attribute ram_style = "block" set for RAM "SoC_i/VPU_Top_0/u_spui_28/u_vpu_stream_pair_scale_accum/accum_mem_reg",trying to implement using LUTRAM
WARNING: [Synth 8-6849] Infeasible attribute ram_style = "block" set for RAM "SoC_i/VPU_Top_0/u_spui_28/u_vpu_stream_pair_scale_accum/accum_mem_reg",trying to implement using LUTRAM
WARNING: [Synth 8-6849] Infeasible attribute ram_style = "block" set for RAM "SoC_i/VPU_Top_0/u_spui_28/u_vpu_stream_pair_scale_accum/accum_mem_reg",trying to implement using LUTRAM
WARNING: [Synth 8-6849] Infeasible attribute ram_style = "block" set for RAM "SoC_i/VPU_Top_0/u_spui_28/u_vpu_stream_pair_scale_accum/accum_mem_reg",trying to implement using LUTRAM
WARNING: [Synth 8-6849] Infeasible attribute ram_style = "block" set for RAM "SoC_i/VPU_Top_0/u_spui_28/u_vpu_stream_scale_accum/accum_mem_reg",trying to implement using LUTRAM
WARNING: [Synth 8-6849] Infeasible attribute ram_style = "block" set for RAM "SoC_i/VPU_Top_0/u_spui_28/u_vpu_stream_scale_accum/accum_mem_reg",trying to implement using LUTRAM
WARNING: [Synth 8-6849] Infeasible attribute ram_style = "block" set for RAM "SoC_i/VPU_Top_0/u_spui_28/u_vpu_stream_scale_accum/accum_mem_reg",trying to implement using LUTRAM
WARNING: [Synth 8-6849] Infeasible attribute ram_style = "block" set for RAM "SoC_i/VPU_Top_0/u_spui_28/u_vpu_stream_scale_accum/accum_mem_reg",trying to implement using LUTRAM
INFO: [Synth 8-5780] Default cascade height of 8 will be used for URAM '"SoC_i/VPU_Top_0/u_gemvi_16/\GEN_WEIGHT_TOP_BANK[0].GEN_WEIGHT_BANK[1].GEN_WEIGHT_ROW_SLOT[2].u_weight_bram_bank/GEN_ULTRA_RAM.u_xpm_ultra_ram /xpm_memory_base_inst/gen_wr_a.gen_word_narrow_wp.mem_reg"'.
INFO: [Synth 8-5780] Default cascade height of 8 will be used for URAM '"SoC_i/VPU_Top_0/u_gemvi_16/\GEN_WEIGHT_TOP_BANK[0].GEN_WEIGHT_BANK[1].GEN_WEIGHT_ROW_SLOT[4].u_weight_bram_bank/GEN_ULTRA_RAM.u_xpm_ultra_ram /xpm_memory_base_inst/gen_wr_a.gen_word_narrow_wp.mem_reg"'.
INFO: [Synth 8-5780] Default cascade height of 8 will be used for URAM '"SoC_i/VPU_Top_0/u_gemvi_16/\GEN_WEIGHT_TOP_BANK[1].GEN_WEIGHT_BANK[1].GEN_WEIGHT_ROW_SLOT[6].u_weight_bram_bank/GEN_ULTRA_RAM.u_xpm_ultra_ram /xpm_memory_base_inst/gen_wr_a.gen_word_narrow_wp.mem_reg"'.
INFO: [Synth 8-5780] Default cascade height of 8 will be used for URAM '"SoC_i/VPU_Top_0/u_gemvi_16/\GEN_WEIGHT_TOP_BANK[1].GEN_WEIGHT_BANK[3].GEN_WEIGHT_ROW_SLOT[0].u_weight_bram_bank/GEN_ULTRA_RAM.u_xpm_ultra_ram /xpm_memory_base_inst/gen_wr_a.gen_word_narrow_wp.mem_reg"'.
INFO: [Synth 8-5780] Default cascade height of 8 will be used for URAM '"SoC_i/VPU_Top_0/u_gemvi_16/\GEN_WEIGHT_TOP_BANK[1].GEN_WEIGHT_BANK[3].GEN_WEIGHT_ROW_SLOT[6].u_weight_bram_bank/GEN_ULTRA_RAM.u_xpm_ultra_ram /xpm_memory_base_inst/gen_wr_a.gen_word_narrow_wp.mem_reg"'.
WARNING: [Synth 8-3332] Sequential element (contribution_full_r_reg[47]) is unused and will be removed from module SPU_Q8_Scale_Accum__10.
WARNING: [Synth 8-3332] Sequential element (contribution_full_r_reg[46]) is unused and will be removed from module SPU_Q8_Scale_Accum__10.
WARNING: [Synth 8-3332] Sequential element (contribution_full_r_reg[45]) is unused and will be removed from module SPU_Q8_Scale_Accum__10.
WARNING: [Synth 8-3332] Sequential element (contribution_full_r_reg[44]) is unused and will be removed from module SPU_Q8_Scale_Accum__10.
WARNING: [Synth 8-3332] Sequential element (contribution_full_r_reg[43]) is unused and will be removed from module SPU_Q8_Scale_Accum__10.
WARNING: [Synth 8-3332] Sequential element (contribution_full_r_reg[42]) is unused and will be removed from module SPU_Q8_Scale_Accum__10.
WARNING: [Synth 8-3332] Sequential element (contribution_full_r_reg[41]) is unused and will be removed from module SPU_Q8_Scale_Accum__10.
WARNING: [Synth 8-3332] Sequential element (contribution_full_r_reg[40]) is unused and will be removed from module SPU_Q8_Scale_Accum__10.
WARNING: [Synth 8-3332] Sequential element (contribution_full_r_reg[39]) is unused and will be removed from module SPU_Q8_Scale_Accum__10.
WARNING: [Synth 8-3332] Sequential element (contribution_full_r_reg[38]) is unused and will be removed from module SPU_Q8_Scale_Accum__10.
WARNING: [Synth 8-3332] Sequential element (contribution_full_r_reg[37]) is unused and will be removed from module SPU_Q8_Scale_Accum__10.
WARNING: [Synth 8-3332] Sequential element (contribution_full_r_reg[36]) is unused and will be removed from module SPU_Q8_Scale_Accum__10.
WARNING: [Synth 8-3332] Sequential element (contribution_full_r_reg[35]) is unused and will be removed from module SPU_Q8_Scale_Accum__10.
WARNING: [Synth 8-3332] Sequential element (contribution_full_r_reg[34]) is unused and will be removed from module SPU_Q8_Scale_Accum__10.
WARNING: [Synth 8-3332] Sequential element (contribution_full_r_reg[33]) is unused and will be removed from module SPU_Q8_Scale_Accum__10.
WARNING: [Synth 8-3332] Sequential element (contribution_full_r_reg[32]) is unused and will be removed from module SPU_Q8_Scale_Accum__10.
WARNING: [Synth 8-3332] Sequential element (contribution_full_r_reg[31]) is unused and will be removed from module SPU_Q8_Scale_Accum__10.
WARNING: [Synth 8-3332] Sequential element (contribution_full_r_reg[30]) is unused and will be removed from module SPU_Q8_Scale_Accum__10.
WARNING: [Synth 8-3332] Sequential element (contribution_full_r_reg[29]) is unused and will be removed from module SPU_Q8_Scale_Accum__10.
WARNING: [Synth 8-3332] Sequential element (contribution_full_r_reg[28]) is unused and will be removed from module SPU_Q8_Scale_Accum__10.
WARNING: [Synth 8-3332] Sequential element (contribution_full_r_reg[27]) is unused and will be removed from module SPU_Q8_Scale_Accum__10.
WARNING: [Synth 8-3332] Sequential element (contribution_full_r_reg[26]) is unused and will be removed from module SPU_Q8_Scale_Accum__10.
WARNING: [Synth 8-3332] Sequential element (contribution_full_r_reg[25]) is unused and will be removed from module SPU_Q8_Scale_Accum__10.
WARNING: [Synth 8-3332] Sequential element (contribution_full_r_reg[24]) is unused and will be removed from module SPU_Q8_Scale_Accum__10.
WARNING: [Synth 8-3332] Sequential element (contribution_full_r_reg[23]) is unused and will be removed from module SPU_Q8_Scale_Accum__10.
WARNING: [Synth 8-3332] Sequential element (contribution_full_r_reg[22]) is unused and will be removed from module SPU_Q8_Scale_Accum__10.
WARNING: [Synth 8-3332] Sequential element (contribution_full_r_reg[21]) is unused and will be removed from module SPU_Q8_Scale_Accum__10.
WARNING: [Synth 8-3332] Sequential element (contribution_full_r_reg[20]) is unused and will be removed from module SPU_Q8_Scale_Accum__10.
WARNING: [Synth 8-3332] Sequential element (contribution_full_r_reg[19]) is unused and will be removed from module SPU_Q8_Scale_Accum__10.
WARNING: [Synth 8-3332] Sequential element (contribution_full_r_reg[18]) is unused and will be removed from module SPU_Q8_Scale_Accum__10.
WARNING: [Synth 8-3332] Sequential element (contribution_full_r_reg[17]) is unused and will be removed from module SPU_Q8_Scale_Accum__10.
WARNING: [Synth 8-3332] Sequential element (contribution_full_r_reg[16]) is unused and will be removed from module SPU_Q8_Scale_Accum__10.
WARNING: [Synth 8-3332] Sequential element (contribution_full_r_reg[15]) is unused and will be removed from module SPU_Q8_Scale_Accum__10.
WARNING: [Synth 8-3332] Sequential element (contribution_full_r_reg[14]) is unused and will be removed from module SPU_Q8_Scale_Accum__10.
WARNING: [Synth 8-3332] Sequential element (contribution_full_r_reg[13]) is unused and will be removed from module SPU_Q8_Scale_Accum__10.
WARNING: [Synth 8-3332] Sequential element (contribution_full_r_reg[12]) is unused and will be removed from module SPU_Q8_Scale_Accum__10.
WARNING: [Synth 8-3332] Sequential element (contribution_full_r_reg[11]) is unused and will be removed from module SPU_Q8_Scale_Accum__10.
WARNING: [Synth 8-3332] Sequential element (contribution_full_r_reg[10]) is unused and will be removed from module SPU_Q8_Scale_Accum__10.
WARNING: [Synth 8-3332] Sequential element (contribution_full_r_reg[9]) is unused and will be removed from module SPU_Q8_Scale_Accum__10.
WARNING: [Synth 8-3332] Sequential element (contribution_full_r_reg[8]) is unused and will be removed from module SPU_Q8_Scale_Accum__10.
WARNING: [Synth 8-3332] Sequential element (contribution_full_r_reg[7]) is unused and will be removed from module SPU_Q8_Scale_Accum__10.
WARNING: [Synth 8-3332] Sequential element (contribution_full_r_reg[6]) is unused and will be removed from module SPU_Q8_Scale_Accum__10.
WARNING: [Synth 8-3332] Sequential element (contribution_full_r_reg[5]) is unused and will be removed from module SPU_Q8_Scale_Accum__10.
WARNING: [Synth 8-3332] Sequential element (contribution_full_r_reg[4]) is unused and will be removed from module SPU_Q8_Scale_Accum__10.
WARNING: [Synth 8-3332] Sequential element (contribution_full_r_reg[3]) is unused and will be removed from module SPU_Q8_Scale_Accum__10.
WARNING: [Synth 8-3332] Sequential element (contribution_full_r_reg[2]) is unused and will be removed from module SPU_Q8_Scale_Accum__10.
WARNING: [Synth 8-3332] Sequential element (contribution_full_r_reg[1]) is unused and will be removed from module SPU_Q8_Scale_Accum__10.
WARNING: [Synth 8-3332] Sequential element (contribution_full_r_reg[0]) is unused and will be removed from module SPU_Q8_Scale_Accum__10.
WARNING: [Synth 8-3332] Sequential element (contribution_full_r_reg[47]__0) is unused and will be removed from module SPU_Q8_Scale_Accum__10.
WARNING: [Synth 8-3332] Sequential element (contribution_full_r_reg[46]__0) is unused and will be removed from module SPU_Q8_Scale_Accum__10.
WARNING: [Synth 8-3332] Sequential element (contribution_full_r_reg[45]__0) is unused and will be removed from module SPU_Q8_Scale_Accum__10.
WARNING: [Synth 8-3332] Sequential element (contribution_full_r_reg[44]__0) is unused and will be removed from module SPU_Q8_Scale_Accum__10.
WARNING: [Synth 8-3332] Sequential element (contribution_full_r_reg[43]__0) is unused and will be removed from module SPU_Q8_Scale_Accum__10.
WARNING: [Synth 8-3332] Sequential element (contribution_full_r_reg[42]__0) is unused and will be removed from module SPU_Q8_Scale_Accum__10.
WARNING: [Synth 8-3332] Sequential element (contribution_full_r_reg[41]__0) is unused and will be removed from module SPU_Q8_Scale_Accum__10.
WARNING: [Synth 8-3332] Sequential element (contribution_full_r_reg[40]__0) is unused and will be removed from module SPU_Q8_Scale_Accum__10.
WARNING: [Synth 8-3332] Sequential element (contribution_full_r_reg[39]__0) is unused and will be removed from module SPU_Q8_Scale_Accum__10.
WARNING: [Synth 8-3332] Sequential element (contribution_full_r_reg[38]__0) is unused and will be removed from module SPU_Q8_Scale_Accum__10.
WARNING: [Synth 8-3332] Sequential element (contribution_full_r_reg[37]__0) is unused and will be removed from module SPU_Q8_Scale_Accum__10.
WARNING: [Synth 8-3332] Sequential element (contribution_full_r_reg[36]__0) is unused and will be removed from module SPU_Q8_Scale_Accum__10.
WARNING: [Synth 8-3332] Sequential element (contribution_full_r_reg[35]__0) is unused and will be removed from module SPU_Q8_Scale_Accum__10.
WARNING: [Synth 8-3332] Sequential element (contribution_full_r_reg[34]__0) is unused and will be removed from module SPU_Q8_Scale_Accum__10.
WARNING: [Synth 8-3332] Sequential element (contribution_full_r_reg[33]__0) is unused and will be removed from module SPU_Q8_Scale_Accum__10.
WARNING: [Synth 8-3332] Sequential element (contribution_full_r_reg[32]__0) is unused and will be removed from module SPU_Q8_Scale_Accum__10.
WARNING: [Synth 8-3332] Sequential element (contribution_full_r_reg[31]__0) is unused and will be removed from module SPU_Q8_Scale_Accum__10.
WARNING: [Synth 8-3332] Sequential element (contribution_full_r_reg[30]__0) is unused and will be removed from module SPU_Q8_Scale_Accum__10.
WARNING: [Synth 8-3332] Sequential element (contribution_full_r_reg[29]__0) is unused and will be removed from module SPU_Q8_Scale_Accum__10.
WARNING: [Synth 8-3332] Sequential element (contribution_full_r_reg[28]__0) is unused and will be removed from module SPU_Q8_Scale_Accum__10.
WARNING: [Synth 8-3332] Sequential element (contribution_full_r_reg[27]__0) is unused and will be removed from module SPU_Q8_Scale_Accum__10.
WARNING: [Synth 8-3332] Sequential element (contribution_full_r_reg[26]__0) is unused and will be removed from module SPU_Q8_Scale_Accum__10.
WARNING: [Synth 8-3332] Sequential element (contribution_full_r_reg[25]__0) is unused and will be removed from module SPU_Q8_Scale_Accum__10.
WARNING: [Synth 8-3332] Sequential element (contribution_full_r_reg[24]__0) is unused and will be removed from module SPU_Q8_Scale_Accum__10.
WARNING: [Synth 8-3332] Sequential element (contribution_full_r_reg[23]__0) is unused and will be removed from module SPU_Q8_Scale_Accum__10.
WARNING: [Synth 8-3332] Sequential element (contribution_full_r_reg[22]__0) is unused and will be removed from module SPU_Q8_Scale_Accum__10.
WARNING: [Synth 8-3332] Sequential element (contribution_full_r_reg[21]__0) is unused and will be removed from module SPU_Q8_Scale_Accum__10.
WARNING: [Synth 8-3332] Sequential element (contribution_full_r_reg[20]__0) is unused and will be removed from module SPU_Q8_Scale_Accum__10.
WARNING: [Synth 8-3332] Sequential element (contribution_full_r_reg[19]__0) is unused and will be removed from module SPU_Q8_Scale_Accum__10.
WARNING: [Synth 8-3332] Sequential element (contribution_full_r_reg[18]__0) is unused and will be removed from module SPU_Q8_Scale_Accum__10.
WARNING: [Synth 8-3332] Sequential element (contribution_full_r_reg[17]__0) is unused and will be removed from module SPU_Q8_Scale_Accum__10.
WARNING: [Synth 8-3332] Sequential element (contribution_full_r_reg[16]__0) is unused and will be removed from module SPU_Q8_Scale_Accum__10.
WARNING: [Synth 8-3332] Sequential element (contribution_full_r_reg[15]__0) is unused and will be removed from module SPU_Q8_Scale_Accum__10.
WARNING: [Synth 8-3332] Sequential element (contribution_full_r_reg[14]__0) is unused and will be removed from module SPU_Q8_Scale_Accum__10.
WARNING: [Synth 8-3332] Sequential element (contribution_full_r_reg[13]__0) is unused and will be removed from module SPU_Q8_Scale_Accum__10.
WARNING: [Synth 8-3332] Sequential element (contribution_full_r_reg[12]__0) is unused and will be removed from module SPU_Q8_Scale_Accum__10.
WARNING: [Synth 8-3332] Sequential element (contribution_full_r_reg[11]__0) is unused and will be removed from module SPU_Q8_Scale_Accum__10.
WARNING: [Synth 8-3332] Sequential element (contribution_full_r_reg[10]__0) is unused and will be removed from module SPU_Q8_Scale_Accum__10.
WARNING: [Synth 8-3332] Sequential element (contribution_full_r_reg[9]__0) is unused and will be removed from module SPU_Q8_Scale_Accum__10.
WARNING: [Synth 8-3332] Sequential element (contribution_full_r_reg[8]__0) is unused and will be removed from module SPU_Q8_Scale_Accum__10.
WARNING: [Synth 8-3332] Sequential element (contribution_full_r_reg[7]__0) is unused and will be removed from module SPU_Q8_Scale_Accum__10.
WARNING: [Synth 8-3332] Sequential element (contribution_full_r_reg[6]__0) is unused and will be removed from module SPU_Q8_Scale_Accum__10.
WARNING: [Synth 8-3332] Sequential element (contribution_full_r_reg[5]__0) is unused and will be removed from module SPU_Q8_Scale_Accum__10.
WARNING: [Synth 8-3332] Sequential element (contribution_full_r_reg[4]__0) is unused and will be removed from module SPU_Q8_Scale_Accum__10.
WARNING: [Synth 8-3332] Sequential element (contribution_full_r_reg[3]__0) is unused and will be removed from module SPU_Q8_Scale_Accum__10.
WARNING: [Synth 8-3332] Sequential element (contribution_full_r_reg[2]__0) is unused and will be removed from module SPU_Q8_Scale_Accum__10.
WARNING: [Synth 8-3332] Sequential element (contribution_full_r_reg[1]__0) is unused and will be removed from module SPU_Q8_Scale_Accum__10.
WARNING: [Synth 8-3332] Sequential element (contribution_full_r_reg[0]__0) is unused and will be removed from module SPU_Q8_Scale_Accum__10.
WARNING: [Synth 8-3332] Sequential element (contribution_full_r_reg[47]__1) is unused and will be removed from module SPU_Q8_Scale_Accum__10.
WARNING: [Synth 8-3332] Sequential element (contribution_full_r_reg[46]__1) is unused and will be removed from module SPU_Q8_Scale_Accum__10.
WARNING: [Synth 8-3332] Sequential element (contribution_full_r_reg[45]__1) is unused and will be removed from module SPU_Q8_Scale_Accum__10.
WARNING: [Synth 8-3332] Sequential element (contribution_full_r_reg[44]__1) is unused and will be removed from module SPU_Q8_Scale_Accum__10.
INFO: [Common 17-14] Message 'Synth 8-3332' appears 100 times and further instances of the messages will be disabled. Use the Tcl command set_msg_config to change the current settings.
INFO: [Synth 8-4471] merging register 'active_bank_r_reg' into 'active_bank_r_reg' [d:/DOAN/DATN_RTL/DATN_VIVADO/project_2/project_2.gen/sources_1/bd/SoC/ipshared/013e/src/SPU_Q8_Scale_Accum.v:1322]
INFO: [Synth 8-4471] merging register 'active_bank_r_reg' into 'active_bank_r_reg' [d:/DOAN/DATN_RTL/DATN_VIVADO/project_2/project_2.gen/sources_1/bd/SoC/ipshared/013e/src/SPU_Q8_Scale_Accum.v:1322]
INFO: [Synth 8-4471] merging register 'active_bank_r_reg' into 'active_bank_r_reg' [d:/DOAN/DATN_RTL/DATN_VIVADO/project_2/project_2.gen/sources_1/bd/SoC/ipshared/013e/src/SPU_Q8_Scale_Accum.v:1322]
INFO: [Synth 8-4471] merging register 'active_bank_r_reg' into 'active_bank_r_reg' [d:/DOAN/DATN_RTL/DATN_VIVADO/project_2/project_2.gen/sources_1/bd/SoC/ipshared/013e/src/SPU_Q8_Scale_Accum.v:1322]
INFO: [Synth 8-4471] merging register 'active_bank_r_reg' into 'active_bank_r_reg' [d:/DOAN/DATN_RTL/DATN_VIVADO/project_2/project_2.gen/sources_1/bd/SoC/ipshared/013e/src/SPU_Q8_Scale_Accum.v:1322]
INFO: [Synth 8-4471] merging register 'active_bank_r_reg' into 'active_bank_r_reg' [d:/DOAN/DATN_RTL/DATN_VIVADO/project_2/project_2.gen/sources_1/bd/SoC/ipshared/013e/src/SPU_Q8_Scale_Accum.v:1322]
INFO: [Synth 8-4471] merging register 'active_bank_r_reg' into 'active_bank_r_reg' [d:/DOAN/DATN_RTL/DATN_VIVADO/project_2/project_2.gen/sources_1/bd/SoC/ipshared/013e/src/SPU_Q8_Scale_Accum.v:1322]
INFO: [Synth 8-4471] merging register 'active_bank_r_reg' into 'active_bank_r_reg' [d:/DOAN/DATN_RTL/DATN_VIVADO/project_2/project_2.gen/sources_1/bd/SoC/ipshared/013e/src/SPU_Q8_Scale_Accum.v:1322]
INFO: [Synth 8-4471] merging register 'active_bank_r_reg' into 'active_bank_r_reg' [d:/DOAN/DATN_RTL/DATN_VIVADO/project_2/project_2.gen/sources_1/bd/SoC/ipshared/013e/src/SPU_Q8_Scale_Accum.v:1322]
INFO: [Synth 8-4471] merging register 'active_bank_r_reg' into 'active_bank_r_reg' [d:/DOAN/DATN_RTL/DATN_VIVADO/project_2/project_2.gen/sources_1/bd/SoC/ipshared/013e/src/SPU_Q8_Scale_Accum.v:1322]
INFO: [Common 17-14] Message 'Synth 8-7129' appears 100 times and further instances of the messages will be disabled. Use the Tcl command set_msg_config to change the current settings.
INFO: [Synth 8-5780] Default cascade height of 8 will be used for URAM '"\GEN_WEIGHT_TOP_BANK[1].GEN_WEIGHT_BANK[3].GEN_WEIGHT_ROW_SLOT[7].u_weight_bram_bank/GEN_ULTRA_RAM.u_xpm_ultra_ram /xpm_memory_base_inst/gen_wr_a.gen_word_narrow_wp.mem_reg"'.
INFO: [Synth 8-5780] Default cascade height of 8 will be used for URAM '"\GEN_WEIGHT_TOP_BANK[1].GEN_WEIGHT_BANK[3].GEN_WEIGHT_ROW_SLOT[5].u_weight_bram_bank/GEN_ULTRA_RAM.u_xpm_ultra_ram /xpm_memory_base_inst/gen_wr_a.gen_word_narrow_wp.mem_reg"'.
INFO: [Synth 8-5780] Default cascade height of 8 will be used for URAM '"\GEN_WEIGHT_TOP_BANK[1].GEN_WEIGHT_BANK[3].GEN_WEIGHT_ROW_SLOT[4].u_weight_bram_bank/GEN_ULTRA_RAM.u_xpm_ultra_ram /xpm_memory_base_inst/gen_wr_a.gen_word_narrow_wp.mem_reg"'.
INFO: [Synth 8-5780] Default cascade height of 8 will be used for URAM '"\GEN_WEIGHT_TOP_BANK[1].GEN_WEIGHT_BANK[3].GEN_WEIGHT_ROW_SLOT[3].u_weight_bram_bank/GEN_ULTRA_RAM.u_xpm_ultra_ram /xpm_memory_base_inst/gen_wr_a.gen_word_narrow_wp.mem_reg"'.
INFO: [Synth 8-5780] Default cascade height of 8 will be used for URAM '"\GEN_WEIGHT_TOP_BANK[1].GEN_WEIGHT_BANK[3].GEN_WEIGHT_ROW_SLOT[2].u_weight_bram_bank/GEN_ULTRA_RAM.u_xpm_ultra_ram /xpm_memory_base_inst/gen_wr_a.gen_word_narrow_wp.mem_reg"'.
INFO: [Synth 8-5780] Default cascade height of 8 will be used for URAM '"\GEN_WEIGHT_TOP_BANK[1].GEN_WEIGHT_BANK[3].GEN_WEIGHT_ROW_SLOT[1].u_weight_bram_bank/GEN_ULTRA_RAM.u_xpm_ultra_ram /xpm_memory_base_inst/gen_wr_a.gen_word_narrow_wp.mem_reg"'.
INFO: [Synth 8-5780] Default cascade height of 8 will be used for URAM '"\GEN_WEIGHT_TOP_BANK[1].GEN_WEIGHT_BANK[2].GEN_WEIGHT_ROW_SLOT[7].u_weight_bram_bank/GEN_ULTRA_RAM.u_xpm_ultra_ram /xpm_memory_base_inst/gen_wr_a.gen_word_narrow_wp.mem_reg"'.
INFO: [Synth 8-5780] Default cascade height of 8 will be used for URAM '"\GEN_WEIGHT_TOP_BANK[1].GEN_WEIGHT_BANK[2].GEN_WEIGHT_ROW_SLOT[6].u_weight_bram_bank/GEN_ULTRA_RAM.u_xpm_ultra_ram /xpm_memory_base_inst/gen_wr_a.gen_word_narrow_wp.mem_reg"'.
INFO: [Synth 8-5780] Default cascade height of 8 will be used for URAM '"\GEN_WEIGHT_TOP_BANK[1].GEN_WEIGHT_BANK[2].GEN_WEIGHT_ROW_SLOT[5].u_weight_bram_bank/GEN_ULTRA_RAM.u_xpm_ultra_ram /xpm_memory_base_inst/gen_wr_a.gen_word_narrow_wp.mem_reg"'.
INFO: [Synth 8-5780] Default cascade height of 8 will be used for URAM '"\GEN_WEIGHT_TOP_BANK[1].GEN_WEIGHT_BANK[2].GEN_WEIGHT_ROW_SLOT[4].u_weight_bram_bank/GEN_ULTRA_RAM.u_xpm_ultra_ram /xpm_memory_base_inst/gen_wr_a.gen_word_narrow_wp.mem_reg"'.
INFO: [Synth 8-5780] Default cascade height of 8 will be used for URAM '"\GEN_WEIGHT_TOP_BANK[1].GEN_WEIGHT_BANK[2].GEN_WEIGHT_ROW_SLOT[3].u_weight_bram_bank/GEN_ULTRA_RAM.u_xpm_ultra_ram /xpm_memory_base_inst/gen_wr_a.gen_word_narrow_wp.mem_reg"'.
INFO: [Synth 8-5780] Default cascade height of 8 will be used for URAM '"\GEN_WEIGHT_TOP_BANK[1].GEN_WEIGHT_BANK[2].GEN_WEIGHT_ROW_SLOT[2].u_weight_bram_bank/GEN_ULTRA_RAM.u_xpm_ultra_ram /xpm_memory_base_inst/gen_wr_a.gen_word_narrow_wp.mem_reg"'.
INFO: [Synth 8-5780] Default cascade height of 8 will be used for URAM '"\GEN_WEIGHT_TOP_BANK[1].GEN_WEIGHT_BANK[2].GEN_WEIGHT_ROW_SLOT[1].u_weight_bram_bank/GEN_ULTRA_RAM.u_xpm_ultra_ram /xpm_memory_base_inst/gen_wr_a.gen_word_narrow_wp.mem_reg"'.
INFO: [Synth 8-5780] Default cascade height of 8 will be used for URAM '"\GEN_WEIGHT_TOP_BANK[1].GEN_WEIGHT_BANK[2].GEN_WEIGHT_ROW_SLOT[0].u_weight_bram_bank/GEN_ULTRA_RAM.u_xpm_ultra_ram /xpm_memory_base_inst/gen_wr_a.gen_word_narrow_wp.mem_reg"'.
INFO: [Synth 8-5780] Default cascade height of 8 will be used for URAM '"\GEN_WEIGHT_TOP_BANK[1].GEN_WEIGHT_BANK[1].GEN_WEIGHT_ROW_SLOT[7].u_weight_bram_bank/GEN_ULTRA_RAM.u_xpm_ultra_ram /xpm_memory_base_inst/gen_wr_a.gen_word_narrow_wp.mem_reg"'.
INFO: [Synth 8-5780] Default cascade height of 8 will be used for URAM '"\GEN_WEIGHT_TOP_BANK[1].GEN_WEIGHT_BANK[1].GEN_WEIGHT_ROW_SLOT[5].u_weight_bram_bank/GEN_ULTRA_RAM.u_xpm_ultra_ram /xpm_memory_base_inst/gen_wr_a.gen_word_narrow_wp.mem_reg"'.
INFO: [Synth 8-5780] Default cascade height of 8 will be used for URAM '"\GEN_WEIGHT_TOP_BANK[1].GEN_WEIGHT_BANK[1].GEN_WEIGHT_ROW_SLOT[4].u_weight_bram_bank/GEN_ULTRA_RAM.u_xpm_ultra_ram /xpm_memory_base_inst/gen_wr_a.gen_word_narrow_wp.mem_reg"'.
INFO: [Synth 8-5780] Default cascade height of 8 will be used for URAM '"\GEN_WEIGHT_TOP_BANK[1].GEN_WEIGHT_BANK[1].GEN_WEIGHT_ROW_SLOT[3].u_weight_bram_bank/GEN_ULTRA_RAM.u_xpm_ultra_ram /xpm_memory_base_inst/gen_wr_a.gen_word_narrow_wp.mem_reg"'.
INFO: [Synth 8-5780] Default cascade height of 8 will be used for URAM '"\GEN_WEIGHT_TOP_BANK[1].GEN_WEIGHT_BANK[1].GEN_WEIGHT_ROW_SLOT[2].u_weight_bram_bank/GEN_ULTRA_RAM.u_xpm_ultra_ram /xpm_memory_base_inst/gen_wr_a.gen_word_narrow_wp.mem_reg"'.
INFO: [Synth 8-5780] Default cascade height of 8 will be used for URAM '"\GEN_WEIGHT_TOP_BANK[1].GEN_WEIGHT_BANK[1].GEN_WEIGHT_ROW_SLOT[1].u_weight_bram_bank/GEN_ULTRA_RAM.u_xpm_ultra_ram /xpm_memory_base_inst/gen_wr_a.gen_word_narrow_wp.mem_reg"'.
INFO: [Synth 8-5780] Default cascade height of 8 will be used for URAM '"\GEN_WEIGHT_TOP_BANK[1].GEN_WEIGHT_BANK[1].GEN_WEIGHT_ROW_SLOT[0].u_weight_bram_bank/GEN_ULTRA_RAM.u_xpm_ultra_ram /xpm_memory_base_inst/gen_wr_a.gen_word_narrow_wp.mem_reg"'.
INFO: [Synth 8-5780] Default cascade height of 8 will be used for URAM '"\GEN_WEIGHT_TOP_BANK[1].GEN_WEIGHT_BANK[0].GEN_WEIGHT_ROW_SLOT[7].u_weight_bram_bank/GEN_ULTRA_RAM.u_xpm_ultra_ram /xpm_memory_base_inst/gen_wr_a.gen_word_narrow_wp.mem_reg"'.
INFO: [Synth 8-5780] Default cascade height of 8 will be used for URAM '"\GEN_WEIGHT_TOP_BANK[1].GEN_WEIGHT_BANK[0].GEN_WEIGHT_ROW_SLOT[6].u_weight_bram_bank/GEN_ULTRA_RAM.u_xpm_ultra_ram /xpm_memory_base_inst/gen_wr_a.gen_word_narrow_wp.mem_reg"'.
INFO: [Synth 8-5780] Default cascade height of 8 will be used for URAM '"\GEN_WEIGHT_TOP_BANK[1].GEN_WEIGHT_BANK[0].GEN_WEIGHT_ROW_SLOT[5].u_weight_bram_bank/GEN_ULTRA_RAM.u_xpm_ultra_ram /xpm_memory_base_inst/gen_wr_a.gen_word_narrow_wp.mem_reg"'.
INFO: [Synth 8-5780] Default cascade height of 8 will be used for URAM '"\GEN_WEIGHT_TOP_BANK[1].GEN_WEIGHT_BANK[0].GEN_WEIGHT_ROW_SLOT[4].u_weight_bram_bank/GEN_ULTRA_RAM.u_xpm_ultra_ram /xpm_memory_base_inst/gen_wr_a.gen_word_narrow_wp.mem_reg"'.
INFO: [Synth 8-5780] Default cascade height of 8 will be used for URAM '"\GEN_WEIGHT_TOP_BANK[1].GEN_WEIGHT_BANK[0].GEN_WEIGHT_ROW_SLOT[3].u_weight_bram_bank/GEN_ULTRA_RAM.u_xpm_ultra_ram /xpm_memory_base_inst/gen_wr_a.gen_word_narrow_wp.mem_reg"'.
INFO: [Synth 8-5780] Default cascade height of 8 will be used for URAM '"\GEN_WEIGHT_TOP_BANK[1].GEN_WEIGHT_BANK[0].GEN_WEIGHT_ROW_SLOT[2].u_weight_bram_bank/GEN_ULTRA_RAM.u_xpm_ultra_ram /xpm_memory_base_inst/gen_wr_a.gen_word_narrow_wp.mem_reg"'.
INFO: [Synth 8-5780] Default cascade height of 8 will be used for URAM '"\GEN_WEIGHT_TOP_BANK[1].GEN_WEIGHT_BANK[0].GEN_WEIGHT_ROW_SLOT[1].u_weight_bram_bank/GEN_ULTRA_RAM.u_xpm_ultra_ram /xpm_memory_base_inst/gen_wr_a.gen_word_narrow_wp.mem_reg"'.
INFO: [Synth 8-5780] Default cascade height of 8 will be used for URAM '"\GEN_WEIGHT_TOP_BANK[1].GEN_WEIGHT_BANK[0].GEN_WEIGHT_ROW_SLOT[0].u_weight_bram_bank/GEN_ULTRA_RAM.u_xpm_ultra_ram /xpm_memory_base_inst/gen_wr_a.gen_word_narrow_wp.mem_reg"'.
INFO: [Synth 8-5780] Default cascade height of 8 will be used for URAM '"\GEN_WEIGHT_TOP_BANK[0].GEN_WEIGHT_BANK[3].GEN_WEIGHT_ROW_SLOT[7].u_weight_bram_bank/GEN_ULTRA_RAM.u_xpm_ultra_ram /xpm_memory_base_inst/gen_wr_a.gen_word_narrow_wp.mem_reg"'.
INFO: [Synth 8-5780] Default cascade height of 8 will be used for URAM '"\GEN_WEIGHT_TOP_BANK[0].GEN_WEIGHT_BANK[3].GEN_WEIGHT_ROW_SLOT[6].u_weight_bram_bank/GEN_ULTRA_RAM.u_xpm_ultra_ram /xpm_memory_base_inst/gen_wr_a.gen_word_narrow_wp.mem_reg"'.
INFO: [Synth 8-5780] Default cascade height of 8 will be used for URAM '"\GEN_WEIGHT_TOP_BANK[0].GEN_WEIGHT_BANK[3].GEN_WEIGHT_ROW_SLOT[5].u_weight_bram_bank/GEN_ULTRA_RAM.u_xpm_ultra_ram /xpm_memory_base_inst/gen_wr_a.gen_word_narrow_wp.mem_reg"'.
INFO: [Synth 8-5780] Default cascade height of 8 will be used for URAM '"\GEN_WEIGHT_TOP_BANK[0].GEN_WEIGHT_BANK[3].GEN_WEIGHT_ROW_SLOT[4].u_weight_bram_bank/GEN_ULTRA_RAM.u_xpm_ultra_ram /xpm_memory_base_inst/gen_wr_a.gen_word_narrow_wp.mem_reg"'.
INFO: [Synth 8-5780] Default cascade height of 8 will be used for URAM '"\GEN_WEIGHT_TOP_BANK[0].GEN_WEIGHT_BANK[3].GEN_WEIGHT_ROW_SLOT[3].u_weight_bram_bank/GEN_ULTRA_RAM.u_xpm_ultra_ram /xpm_memory_base_inst/gen_wr_a.gen_word_narrow_wp.mem_reg"'.
INFO: [Synth 8-5780] Default cascade height of 8 will be used for URAM '"\GEN_WEIGHT_TOP_BANK[0].GEN_WEIGHT_BANK[3].GEN_WEIGHT_ROW_SLOT[2].u_weight_bram_bank/GEN_ULTRA_RAM.u_xpm_ultra_ram /xpm_memory_base_inst/gen_wr_a.gen_word_narrow_wp.mem_reg"'.
INFO: [Synth 8-5780] Default cascade height of 8 will be used for URAM '"\GEN_WEIGHT_TOP_BANK[0].GEN_WEIGHT_BANK[3].GEN_WEIGHT_ROW_SLOT[1].u_weight_bram_bank/GEN_ULTRA_RAM.u_xpm_ultra_ram /xpm_memory_base_inst/gen_wr_a.gen_word_narrow_wp.mem_reg"'.
INFO: [Synth 8-5780] Default cascade height of 8 will be used for URAM '"\GEN_WEIGHT_TOP_BANK[0].GEN_WEIGHT_BANK[3].GEN_WEIGHT_ROW_SLOT[0].u_weight_bram_bank/GEN_ULTRA_RAM.u_xpm_ultra_ram /xpm_memory_base_inst/gen_wr_a.gen_word_narrow_wp.mem_reg"'.
INFO: [Synth 8-5780] Default cascade height of 8 will be used for URAM '"\GEN_WEIGHT_TOP_BANK[0].GEN_WEIGHT_BANK[2].GEN_WEIGHT_ROW_SLOT[7].u_weight_bram_bank/GEN_ULTRA_RAM.u_xpm_ultra_ram /xpm_memory_base_inst/gen_wr_a.gen_word_narrow_wp.mem_reg"'.
INFO: [Synth 8-5780] Default cascade height of 8 will be used for URAM '"\GEN_WEIGHT_TOP_BANK[0].GEN_WEIGHT_BANK[2].GEN_WEIGHT_ROW_SLOT[6].u_weight_bram_bank/GEN_ULTRA_RAM.u_xpm_ultra_ram /xpm_memory_base_inst/gen_wr_a.gen_word_narrow_wp.mem_reg"'.
INFO: [Synth 8-5780] Default cascade height of 8 will be used for URAM '"\GEN_WEIGHT_TOP_BANK[0].GEN_WEIGHT_BANK[2].GEN_WEIGHT_ROW_SLOT[5].u_weight_bram_bank/GEN_ULTRA_RAM.u_xpm_ultra_ram /xpm_memory_base_inst/gen_wr_a.gen_word_narrow_wp.mem_reg"'.
INFO: [Synth 8-5780] Default cascade height of 8 will be used for URAM '"\GEN_WEIGHT_TOP_BANK[0].GEN_WEIGHT_BANK[2].GEN_WEIGHT_ROW_SLOT[4].u_weight_bram_bank/GEN_ULTRA_RAM.u_xpm_ultra_ram /xpm_memory_base_inst/gen_wr_a.gen_word_narrow_wp.mem_reg"'.
INFO: [Synth 8-5780] Default cascade height of 8 will be used for URAM '"\GEN_WEIGHT_TOP_BANK[0].GEN_WEIGHT_BANK[2].GEN_WEIGHT_ROW_SLOT[3].u_weight_bram_bank/GEN_ULTRA_RAM.u_xpm_ultra_ram /xpm_memory_base_inst/gen_wr_a.gen_word_narrow_wp.mem_reg"'.
INFO: [Synth 8-5780] Default cascade height of 8 will be used for URAM '"\GEN_WEIGHT_TOP_BANK[0].GEN_WEIGHT_BANK[2].GEN_WEIGHT_ROW_SLOT[2].u_weight_bram_bank/GEN_ULTRA_RAM.u_xpm_ultra_ram /xpm_memory_base_inst/gen_wr_a.gen_word_narrow_wp.mem_reg"'.
INFO: [Synth 8-5780] Default cascade height of 8 will be used for URAM '"\GEN_WEIGHT_TOP_BANK[0].GEN_WEIGHT_BANK[2].GEN_WEIGHT_ROW_SLOT[1].u_weight_bram_bank/GEN_ULTRA_RAM.u_xpm_ultra_ram /xpm_memory_base_inst/gen_wr_a.gen_word_narrow_wp.mem_reg"'.
INFO: [Synth 8-5780] Default cascade height of 8 will be used for URAM '"\GEN_WEIGHT_TOP_BANK[0].GEN_WEIGHT_BANK[2].GEN_WEIGHT_ROW_SLOT[0].u_weight_bram_bank/GEN_ULTRA_RAM.u_xpm_ultra_ram /xpm_memory_base_inst/gen_wr_a.gen_word_narrow_wp.mem_reg"'.
INFO: [Synth 8-5780] Default cascade height of 8 will be used for URAM '"\GEN_WEIGHT_TOP_BANK[0].GEN_WEIGHT_BANK[1].GEN_WEIGHT_ROW_SLOT[7].u_weight_bram_bank/GEN_ULTRA_RAM.u_xpm_ultra_ram /xpm_memory_base_inst/gen_wr_a.gen_word_narrow_wp.mem_reg"'.
INFO: [Synth 8-5780] Default cascade height of 8 will be used for URAM '"\GEN_WEIGHT_TOP_BANK[0].GEN_WEIGHT_BANK[1].GEN_WEIGHT_ROW_SLOT[6].u_weight_bram_bank/GEN_ULTRA_RAM.u_xpm_ultra_ram /xpm_memory_base_inst/gen_wr_a.gen_word_narrow_wp.mem_reg"'.
INFO: [Synth 8-5780] Default cascade height of 8 will be used for URAM '"\GEN_WEIGHT_TOP_BANK[0].GEN_WEIGHT_BANK[1].GEN_WEIGHT_ROW_SLOT[5].u_weight_bram_bank/GEN_ULTRA_RAM.u_xpm_ultra_ram /xpm_memory_base_inst/gen_wr_a.gen_word_narrow_wp.mem_reg"'.
INFO: [Synth 8-5780] Default cascade height of 8 will be used for URAM '"\GEN_WEIGHT_TOP_BANK[0].GEN_WEIGHT_BANK[1].GEN_WEIGHT_ROW_SLOT[3].u_weight_bram_bank/GEN_ULTRA_RAM.u_xpm_ultra_ram /xpm_memory_base_inst/gen_wr_a.gen_word_narrow_wp.mem_reg"'.
INFO: [Synth 8-5780] Default cascade height of 8 will be used for URAM '"\GEN_WEIGHT_TOP_BANK[0].GEN_WEIGHT_BANK[1].GEN_WEIGHT_ROW_SLOT[1].u_weight_bram_bank/GEN_ULTRA_RAM.u_xpm_ultra_ram /xpm_memory_base_inst/gen_wr_a.gen_word_narrow_wp.mem_reg"'.
INFO: [Synth 8-5780] Default cascade height of 8 will be used for URAM '"\GEN_WEIGHT_TOP_BANK[0].GEN_WEIGHT_BANK[1].GEN_WEIGHT_ROW_SLOT[0].u_weight_bram_bank/GEN_ULTRA_RAM.u_xpm_ultra_ram /xpm_memory_base_inst/gen_wr_a.gen_word_narrow_wp.mem_reg"'.
INFO: [Synth 8-5780] Default cascade height of 8 will be used for URAM '"\GEN_WEIGHT_TOP_BANK[0].GEN_WEIGHT_BANK[0].GEN_WEIGHT_ROW_SLOT[6].u_weight_bram_bank/GEN_ULTRA_RAM.u_xpm_ultra_ram /xpm_memory_base_inst/gen_wr_a.gen_word_narrow_wp.mem_reg"'.
INFO: [Synth 8-5780] Default cascade height of 8 will be used for URAM '"\GEN_WEIGHT_TOP_BANK[0].GEN_WEIGHT_BANK[0].GEN_WEIGHT_ROW_SLOT[4].u_weight_bram_bank/GEN_ULTRA_RAM.u_xpm_ultra_ram /xpm_memory_base_inst/gen_wr_a.gen_word_narrow_wp.mem_reg"'.
INFO: [Synth 8-5780] Default cascade height of 8 will be used for URAM '"\GEN_WEIGHT_TOP_BANK[0].GEN_WEIGHT_BANK[0].GEN_WEIGHT_ROW_SLOT[2].u_weight_bram_bank/GEN_ULTRA_RAM.u_xpm_ultra_ram /xpm_memory_base_inst/gen_wr_a.gen_word_narrow_wp.mem_reg"'.
INFO: [Synth 8-5780] Default cascade height of 8 will be used for URAM '"\GEN_WEIGHT_TOP_BANK[0].GEN_WEIGHT_BANK[0].GEN_WEIGHT_ROW_SLOT[1].u_weight_bram_bank/GEN_ULTRA_RAM.u_xpm_ultra_ram /xpm_memory_base_inst/gen_wr_a.gen_word_narrow_wp.mem_reg"'.
INFO: [Synth 8-5780] Default cascade height of 8 will be used for URAM '"\GEN_WEIGHT_TOP_BANK[1].GEN_WEIGHT_BANK[3].GEN_WEIGHT_ROW_SLOT[7].u_weight_bram_bank/GEN_ULTRA_RAM.u_xpm_ultra_ram /xpm_memory_base_inst/gen_wr_a.gen_word_narrow_wp.mem_reg"'.
INFO: [Synth 8-5780] Default cascade height of 8 will be used for URAM '"\GEN_WEIGHT_TOP_BANK[1].GEN_WEIGHT_BANK[3].GEN_WEIGHT_ROW_SLOT[5].u_weight_bram_bank/GEN_ULTRA_RAM.u_xpm_ultra_ram /xpm_memory_base_inst/gen_wr_a.gen_word_narrow_wp.mem_reg"'.
INFO: [Synth 8-5780] Default cascade height of 8 will be used for URAM '"\GEN_WEIGHT_TOP_BANK[1].GEN_WEIGHT_BANK[3].GEN_WEIGHT_ROW_SLOT[4].u_weight_bram_bank/GEN_ULTRA_RAM.u_xpm_ultra_ram /xpm_memory_base_inst/gen_wr_a.gen_word_narrow_wp.mem_reg"'.
INFO: [Synth 8-5780] Default cascade height of 8 will be used for URAM '"\GEN_WEIGHT_TOP_BANK[1].GEN_WEIGHT_BANK[3].GEN_WEIGHT_ROW_SLOT[3].u_weight_bram_bank/GEN_ULTRA_RAM.u_xpm_ultra_ram /xpm_memory_base_inst/gen_wr_a.gen_word_narrow_wp.mem_reg"'.
INFO: [Synth 8-5780] Default cascade height of 8 will be used for URAM '"\GEN_WEIGHT_TOP_BANK[1].GEN_WEIGHT_BANK[3].GEN_WEIGHT_ROW_SLOT[2].u_weight_bram_bank/GEN_ULTRA_RAM.u_xpm_ultra_ram /xpm_memory_base_inst/gen_wr_a.gen_word_narrow_wp.mem_reg"'.
INFO: [Synth 8-5780] Default cascade height of 8 will be used for URAM '"\GEN_WEIGHT_TOP_BANK[1].GEN_WEIGHT_BANK[3].GEN_WEIGHT_ROW_SLOT[1].u_weight_bram_bank/GEN_ULTRA_RAM.u_xpm_ultra_ram /xpm_memory_base_inst/gen_wr_a.gen_word_narrow_wp.mem_reg"'.
INFO: [Synth 8-5780] Default cascade height of 8 will be used for URAM '"\GEN_WEIGHT_TOP_BANK[1].GEN_WEIGHT_BANK[2].GEN_WEIGHT_ROW_SLOT[7].u_weight_bram_bank/GEN_ULTRA_RAM.u_xpm_ultra_ram /xpm_memory_base_inst/gen_wr_a.gen_word_narrow_wp.mem_reg"'.
INFO: [Synth 8-5780] Default cascade height of 8 will be used for URAM '"\GEN_WEIGHT_TOP_BANK[1].GEN_WEIGHT_BANK[2].GEN_WEIGHT_ROW_SLOT[6].u_weight_bram_bank/GEN_ULTRA_RAM.u_xpm_ultra_ram /xpm_memory_base_inst/gen_wr_a.gen_word_narrow_wp.mem_reg"'.
INFO: [Synth 8-5780] Default cascade height of 8 will be used for URAM '"\GEN_WEIGHT_TOP_BANK[1].GEN_WEIGHT_BANK[2].GEN_WEIGHT_ROW_SLOT[5].u_weight_bram_bank/GEN_ULTRA_RAM.u_xpm_ultra_ram /xpm_memory_base_inst/gen_wr_a.gen_word_narrow_wp.mem_reg"'.
INFO: [Synth 8-5780] Default cascade height of 8 will be used for URAM '"\GEN_WEIGHT_TOP_BANK[1].GEN_WEIGHT_BANK[2].GEN_WEIGHT_ROW_SLOT[4].u_weight_bram_bank/GEN_ULTRA_RAM.u_xpm_ultra_ram /xpm_memory_base_inst/gen_wr_a.gen_word_narrow_wp.mem_reg"'.
INFO: [Synth 8-5780] Default cascade height of 8 will be used for URAM '"\GEN_WEIGHT_TOP_BANK[1].GEN_WEIGHT_BANK[2].GEN_WEIGHT_ROW_SLOT[3].u_weight_bram_bank/GEN_ULTRA_RAM.u_xpm_ultra_ram /xpm_memory_base_inst/gen_wr_a.gen_word_narrow_wp.mem_reg"'.
INFO: [Synth 8-5780] Default cascade height of 8 will be used for URAM '"\GEN_WEIGHT_TOP_BANK[1].GEN_WEIGHT_BANK[2].GEN_WEIGHT_ROW_SLOT[2].u_weight_bram_bank/GEN_ULTRA_RAM.u_xpm_ultra_ram /xpm_memory_base_inst/gen_wr_a.gen_word_narrow_wp.mem_reg"'.
INFO: [Synth 8-5780] Default cascade height of 8 will be used for URAM '"\GEN_WEIGHT_TOP_BANK[1].GEN_WEIGHT_BANK[2].GEN_WEIGHT_ROW_SLOT[1].u_weight_bram_bank/GEN_ULTRA_RAM.u_xpm_ultra_ram /xpm_memory_base_inst/gen_wr_a.gen_word_narrow_wp.mem_reg"'.
INFO: [Synth 8-5780] Default cascade height of 8 will be used for URAM '"\GEN_WEIGHT_TOP_BANK[1].GEN_WEIGHT_BANK[2].GEN_WEIGHT_ROW_SLOT[0].u_weight_bram_bank/GEN_ULTRA_RAM.u_xpm_ultra_ram /xpm_memory_base_inst/gen_wr_a.gen_word_narrow_wp.mem_reg"'.
INFO: [Synth 8-5780] Default cascade height of 8 will be used for URAM '"\GEN_WEIGHT_TOP_BANK[1].GEN_WEIGHT_BANK[1].GEN_WEIGHT_ROW_SLOT[7].u_weight_bram_bank/GEN_ULTRA_RAM.u_xpm_ultra_ram /xpm_memory_base_inst/gen_wr_a.gen_word_narrow_wp.mem_reg"'.
INFO: [Synth 8-5780] Default cascade height of 8 will be used for URAM '"\GEN_WEIGHT_TOP_BANK[1].GEN_WEIGHT_BANK[1].GEN_WEIGHT_ROW_SLOT[5].u_weight_bram_bank/GEN_ULTRA_RAM.u_xpm_ultra_ram /xpm_memory_base_inst/gen_wr_a.gen_word_narrow_wp.mem_reg"'.
INFO: [Synth 8-5780] Default cascade height of 8 will be used for URAM '"\GEN_WEIGHT_TOP_BANK[1].GEN_WEIGHT_BANK[1].GEN_WEIGHT_ROW_SLOT[4].u_weight_bram_bank/GEN_ULTRA_RAM.u_xpm_ultra_ram /xpm_memory_base_inst/gen_wr_a.gen_word_narrow_wp.mem_reg"'.
INFO: [Synth 8-5780] Default cascade height of 8 will be used for URAM '"\GEN_WEIGHT_TOP_BANK[1].GEN_WEIGHT_BANK[1].GEN_WEIGHT_ROW_SLOT[3].u_weight_bram_bank/GEN_ULTRA_RAM.u_xpm_ultra_ram /xpm_memory_base_inst/gen_wr_a.gen_word_narrow_wp.mem_reg"'.
INFO: [Synth 8-5780] Default cascade height of 8 will be used for URAM '"\GEN_WEIGHT_TOP_BANK[1].GEN_WEIGHT_BANK[1].GEN_WEIGHT_ROW_SLOT[2].u_weight_bram_bank/GEN_ULTRA_RAM.u_xpm_ultra_ram /xpm_memory_base_inst/gen_wr_a.gen_word_narrow_wp.mem_reg"'.
INFO: [Synth 8-5780] Default cascade height of 8 will be used for URAM '"\GEN_WEIGHT_TOP_BANK[1].GEN_WEIGHT_BANK[1].GEN_WEIGHT_ROW_SLOT[1].u_weight_bram_bank/GEN_ULTRA_RAM.u_xpm_ultra_ram /xpm_memory_base_inst/gen_wr_a.gen_word_narrow_wp.mem_reg"'.
INFO: [Synth 8-5780] Default cascade height of 8 will be used for URAM '"\GEN_WEIGHT_TOP_BANK[1].GEN_WEIGHT_BANK[1].GEN_WEIGHT_ROW_SLOT[0].u_weight_bram_bank/GEN_ULTRA_RAM.u_xpm_ultra_ram /xpm_memory_base_inst/gen_wr_a.gen_word_narrow_wp.mem_reg"'.
INFO: [Synth 8-5780] Default cascade height of 8 will be used for URAM '"\GEN_WEIGHT_TOP_BANK[1].GEN_WEIGHT_BANK[0].GEN_WEIGHT_ROW_SLOT[7].u_weight_bram_bank/GEN_ULTRA_RAM.u_xpm_ultra_ram /xpm_memory_base_inst/gen_wr_a.gen_word_narrow_wp.mem_reg"'.
INFO: [Synth 8-5780] Default cascade height of 8 will be used for URAM '"\GEN_WEIGHT_TOP_BANK[1].GEN_WEIGHT_BANK[0].GEN_WEIGHT_ROW_SLOT[6].u_weight_bram_bank/GEN_ULTRA_RAM.u_xpm_ultra_ram /xpm_memory_base_inst/gen_wr_a.gen_word_narrow_wp.mem_reg"'.
INFO: [Synth 8-5780] Default cascade height of 8 will be used for URAM '"\GEN_WEIGHT_TOP_BANK[1].GEN_WEIGHT_BANK[0].GEN_WEIGHT_ROW_SLOT[5].u_weight_bram_bank/GEN_ULTRA_RAM.u_xpm_ultra_ram /xpm_memory_base_inst/gen_wr_a.gen_word_narrow_wp.mem_reg"'.
INFO: [Synth 8-5780] Default cascade height of 8 will be used for URAM '"\GEN_WEIGHT_TOP_BANK[1].GEN_WEIGHT_BANK[0].GEN_WEIGHT_ROW_SLOT[4].u_weight_bram_bank/GEN_ULTRA_RAM.u_xpm_ultra_ram /xpm_memory_base_inst/gen_wr_a.gen_word_narrow_wp.mem_reg"'.
INFO: [Synth 8-5780] Default cascade height of 8 will be used for URAM '"\GEN_WEIGHT_TOP_BANK[1].GEN_WEIGHT_BANK[0].GEN_WEIGHT_ROW_SLOT[3].u_weight_bram_bank/GEN_ULTRA_RAM.u_xpm_ultra_ram /xpm_memory_base_inst/gen_wr_a.gen_word_narrow_wp.mem_reg"'.
INFO: [Synth 8-5780] Default cascade height of 8 will be used for URAM '"\GEN_WEIGHT_TOP_BANK[1].GEN_WEIGHT_BANK[0].GEN_WEIGHT_ROW_SLOT[2].u_weight_bram_bank/GEN_ULTRA_RAM.u_xpm_ultra_ram /xpm_memory_base_inst/gen_wr_a.gen_word_narrow_wp.mem_reg"'.
INFO: [Synth 8-5780] Default cascade height of 8 will be used for URAM '"\GEN_WEIGHT_TOP_BANK[1].GEN_WEIGHT_BANK[0].GEN_WEIGHT_ROW_SLOT[1].u_weight_bram_bank/GEN_ULTRA_RAM.u_xpm_ultra_ram /xpm_memory_base_inst/gen_wr_a.gen_word_narrow_wp.mem_reg"'.
INFO: [Synth 8-5780] Default cascade height of 8 will be used for URAM '"\GEN_WEIGHT_TOP_BANK[1].GEN_WEIGHT_BANK[0].GEN_WEIGHT_ROW_SLOT[0].u_weight_bram_bank/GEN_ULTRA_RAM.u_xpm_ultra_ram /xpm_memory_base_inst/gen_wr_a.gen_word_narrow_wp.mem_reg"'.
INFO: [Synth 8-5780] Default cascade height of 8 will be used for URAM '"\GEN_WEIGHT_TOP_BANK[0].GEN_WEIGHT_BANK[3].GEN_WEIGHT_ROW_SLOT[7].u_weight_bram_bank/GEN_ULTRA_RAM.u_xpm_ultra_ram /xpm_memory_base_inst/gen_wr_a.gen_word_narrow_wp.mem_reg"'.
INFO: [Synth 8-5780] Default cascade height of 8 will be used for URAM '"\GEN_WEIGHT_TOP_BANK[0].GEN_WEIGHT_BANK[3].GEN_WEIGHT_ROW_SLOT[6].u_weight_bram_bank/GEN_ULTRA_RAM.u_xpm_ultra_ram /xpm_memory_base_inst/gen_wr_a.gen_word_narrow_wp.mem_reg"'.
INFO: [Synth 8-5780] Default cascade height of 8 will be used for URAM '"\GEN_WEIGHT_TOP_BANK[0].GEN_WEIGHT_BANK[3].GEN_WEIGHT_ROW_SLOT[5].u_weight_bram_bank/GEN_ULTRA_RAM.u_xpm_ultra_ram /xpm_memory_base_inst/gen_wr_a.gen_word_narrow_wp.mem_reg"'.
INFO: [Synth 8-5780] Default cascade height of 8 will be used for URAM '"\GEN_WEIGHT_TOP_BANK[0].GEN_WEIGHT_BANK[3].GEN_WEIGHT_ROW_SLOT[4].u_weight_bram_bank/GEN_ULTRA_RAM.u_xpm_ultra_ram /xpm_memory_base_inst/gen_wr_a.gen_word_narrow_wp.mem_reg"'.
INFO: [Synth 8-5780] Default cascade height of 8 will be used for URAM '"\GEN_WEIGHT_TOP_BANK[0].GEN_WEIGHT_BANK[3].GEN_WEIGHT_ROW_SLOT[3].u_weight_bram_bank/GEN_ULTRA_RAM.u_xpm_ultra_ram /xpm_memory_base_inst/gen_wr_a.gen_word_narrow_wp.mem_reg"'.
INFO: [Common 17-14] Message 'Synth 8-5780' appears 100 times and further instances of the messages will be disabled. Use the Tcl command set_msg_config to change the current settings.
INFO: [Common 17-14] Message 'Synth 8-5780' appears 100 times and further instances of the messages will be disabled. Use the Tcl command set_msg_config to change the current settings.
DSP Report: Generating DSP gDSP.gDSP_only.iDSP/inferred_dsp.use_p_reg.p_reg_reg, operation Mode is: (A2*B2)'.
DSP Report: register gDSP.gDSP_only.iDSP/inferred_dsp.reg_inputs.b_reg_reg is absorbed into DSP gDSP.gDSP_only.iDSP/inferred_dsp.use_p_reg.p_reg_reg.
DSP Report: register gDSP.gDSP_only.iDSP/inferred_dsp.reg_inputs.a_reg_reg is absorbed into DSP gDSP.gDSP_only.iDSP/inferred_dsp.use_p_reg.p_reg_reg.
DSP Report: register gDSP.gDSP_only.iDSP/inferred_dsp.use_p_reg.p_reg_reg is absorbed into DSP gDSP.gDSP_only.iDSP/inferred_dsp.use_p_reg.p_reg_reg.
DSP Report: register gDSP.gDSP_only.iDSP/inferred_dsp.reg_mult.m_reg_reg is absorbed into DSP gDSP.gDSP_only.iDSP/inferred_dsp.use_p_reg.p_reg_reg.
DSP Report: operator gDSP.gDSP_only.iDSP/multOp is absorbed into DSP gDSP.gDSP_only.iDSP/inferred_dsp.use_p_reg.p_reg_reg.
DSP Report: Generating DSP gDSP.gDSP_only.iDSP/inferred_dsp.use_p_reg.p_reg_reg, operation Mode is: (A2*B2)'.
DSP Report: register gDSP.gDSP_only.iDSP/inferred_dsp.reg_inputs.b_reg_reg is absorbed into DSP gDSP.gDSP_only.iDSP/inferred_dsp.use_p_reg.p_reg_reg.
DSP Report: register gDSP.gDSP_only.iDSP/inferred_dsp.reg_inputs.a_reg_reg is absorbed into DSP gDSP.gDSP_only.iDSP/inferred_dsp.use_p_reg.p_reg_reg.
DSP Report: register gDSP.gDSP_only.iDSP/inferred_dsp.use_p_reg.p_reg_reg is absorbed into DSP gDSP.gDSP_only.iDSP/inferred_dsp.use_p_reg.p_reg_reg.
DSP Report: register gDSP.gDSP_only.iDSP/inferred_dsp.reg_mult.m_reg_reg is absorbed into DSP gDSP.gDSP_only.iDSP/inferred_dsp.use_p_reg.p_reg_reg.
DSP Report: operator gDSP.gDSP_only.iDSP/multOp is absorbed into DSP gDSP.gDSP_only.iDSP/inferred_dsp.use_p_reg.p_reg_reg.
DSP Report: Generating DSP gDSP.gDSP_only.iDSP/inferred_dsp.use_p_reg.p_reg_reg, operation Mode is: (A2*B2)'.
DSP Report: register gDSP.gDSP_only.iDSP/inferred_dsp.reg_inputs.b_reg_reg is absorbed into DSP gDSP.gDSP_only.iDSP/inferred_dsp.use_p_reg.p_reg_reg.
DSP Report: register gDSP.gDSP_only.iDSP/inferred_dsp.reg_inputs.a_reg_reg is absorbed into DSP gDSP.gDSP_only.iDSP/inferred_dsp.use_p_reg.p_reg_reg.
DSP Report: register gDSP.gDSP_only.iDSP/inferred_dsp.use_p_reg.p_reg_reg is absorbed into DSP gDSP.gDSP_only.iDSP/inferred_dsp.use_p_reg.p_reg_reg.
DSP Report: register gDSP.gDSP_only.iDSP/inferred_dsp.reg_mult.m_reg_reg is absorbed into DSP gDSP.gDSP_only.iDSP/inferred_dsp.use_p_reg.p_reg_reg.
DSP Report: operator gDSP.gDSP_only.iDSP/multOp is absorbed into DSP gDSP.gDSP_only.iDSP/inferred_dsp.use_p_reg.p_reg_reg.
DSP Report: Generating DSP gDSP.gDSP_only.iDSP/inferred_dsp.use_p_reg.p_reg_reg, operation Mode is: (A2*B2)'.
DSP Report: register gDSP.gDSP_only.iDSP/inferred_dsp.reg_inputs.b_reg_reg is absorbed into DSP gDSP.gDSP_only.iDSP/inferred_dsp.use_p_reg.p_reg_reg.
DSP Report: register gDSP.gDSP_only.iDSP/inferred_dsp.reg_inputs.a_reg_reg is absorbed into DSP gDSP.gDSP_only.iDSP/inferred_dsp.use_p_reg.p_reg_reg.
DSP Report: register gDSP.gDSP_only.iDSP/inferred_dsp.use_p_reg.p_reg_reg is absorbed into DSP gDSP.gDSP_only.iDSP/inferred_dsp.use_p_reg.p_reg_reg.
DSP Report: register gDSP.gDSP_only.iDSP/inferred_dsp.reg_mult.m_reg_reg is absorbed into DSP gDSP.gDSP_only.iDSP/inferred_dsp.use_p_reg.p_reg_reg.
DSP Report: operator gDSP.gDSP_only.iDSP/multOp is absorbed into DSP gDSP.gDSP_only.iDSP/inferred_dsp.use_p_reg.p_reg_reg.
DSP Report: Generating DSP gDSP.gDSP_only.iDSP/inferred_dsp.use_p_reg.p_reg_reg, operation Mode is: (A2*B2)'.
DSP Report: register gDSP.gDSP_only.iDSP/inferred_dsp.reg_inputs.b_reg_reg is absorbed into DSP gDSP.gDSP_only.iDSP/inferred_dsp.use_p_reg.p_reg_reg.
DSP Report: register gDSP.gDSP_only.iDSP/inferred_dsp.reg_inputs.a_reg_reg is absorbed into DSP gDSP.gDSP_only.iDSP/inferred_dsp.use_p_reg.p_reg_reg.
DSP Report: register gDSP.gDSP_only.iDSP/inferred_dsp.use_p_reg.p_reg_reg is absorbed into DSP gDSP.gDSP_only.iDSP/inferred_dsp.use_p_reg.p_reg_reg.
DSP Report: register gDSP.gDSP_only.iDSP/inferred_dsp.reg_mult.m_reg_reg is absorbed into DSP gDSP.gDSP_only.iDSP/inferred_dsp.use_p_reg.p_reg_reg.
DSP Report: operator gDSP.gDSP_only.iDSP/multOp is absorbed into DSP gDSP.gDSP_only.iDSP/inferred_dsp.use_p_reg.p_reg_reg.
DSP Report: Generating DSP gDSP.gDSP_only.iDSP/inferred_dsp.use_p_reg.p_reg_reg, operation Mode is: (A2*B2)'.
DSP Report: register gDSP.gDSP_only.iDSP/inferred_dsp.reg_inputs.b_reg_reg is absorbed into DSP gDSP.gDSP_only.iDSP/inferred_dsp.use_p_reg.p_reg_reg.
DSP Report: register gDSP.gDSP_only.iDSP/inferred_dsp.reg_inputs.a_reg_reg is absorbed into DSP gDSP.gDSP_only.iDSP/inferred_dsp.use_p_reg.p_reg_reg.
DSP Report: register gDSP.gDSP_only.iDSP/inferred_dsp.use_p_reg.p_reg_reg is absorbed into DSP gDSP.gDSP_only.iDSP/inferred_dsp.use_p_reg.p_reg_reg.
DSP Report: register gDSP.gDSP_only.iDSP/inferred_dsp.reg_mult.m_reg_reg is absorbed into DSP gDSP.gDSP_only.iDSP/inferred_dsp.use_p_reg.p_reg_reg.
DSP Report: operator gDSP.gDSP_only.iDSP/multOp is absorbed into DSP gDSP.gDSP_only.iDSP/inferred_dsp.use_p_reg.p_reg_reg.
DSP Report: Generating DSP gDSP.gDSP_only.iDSP/inferred_dsp.use_p_reg.p_reg_reg, operation Mode is: (A2*B2)'.
DSP Report: register gDSP.gDSP_only.iDSP/inferred_dsp.reg_inputs.b_reg_reg is absorbed into DSP gDSP.gDSP_only.iDSP/inferred_dsp.use_p_reg.p_reg_reg.
DSP Report: register gDSP.gDSP_only.iDSP/inferred_dsp.reg_inputs.a_reg_reg is absorbed into DSP gDSP.gDSP_only.iDSP/inferred_dsp.use_p_reg.p_reg_reg.
DSP Report: register gDSP.gDSP_only.iDSP/inferred_dsp.use_p_reg.p_reg_reg is absorbed into DSP gDSP.gDSP_only.iDSP/inferred_dsp.use_p_reg.p_reg_reg.
DSP Report: register gDSP.gDSP_only.iDSP/inferred_dsp.reg_mult.m_reg_reg is absorbed into DSP gDSP.gDSP_only.iDSP/inferred_dsp.use_p_reg.p_reg_reg.
DSP Report: operator gDSP.gDSP_only.iDSP/multOp is absorbed into DSP gDSP.gDSP_only.iDSP/inferred_dsp.use_p_reg.p_reg_reg.
DSP Report: Generating DSP gDSP.gDSP_only.iDSP/inferred_dsp.use_p_reg.p_reg_reg, operation Mode is: (A2*B2)'.
DSP Report: register gDSP.gDSP_only.iDSP/inferred_dsp.reg_inputs.b_reg_reg is absorbed into DSP gDSP.gDSP_only.iDSP/inferred_dsp.use_p_reg.p_reg_reg.
DSP Report: register gDSP.gDSP_only.iDSP/inferred_dsp.reg_inputs.a_reg_reg is absorbed into DSP gDSP.gDSP_only.iDSP/inferred_dsp.use_p_reg.p_reg_reg.
DSP Report: register gDSP.gDSP_only.iDSP/inferred_dsp.use_p_reg.p_reg_reg is absorbed into DSP gDSP.gDSP_only.iDSP/inferred_dsp.use_p_reg.p_reg_reg.
DSP Report: register gDSP.gDSP_only.iDSP/inferred_dsp.reg_mult.m_reg_reg is absorbed into DSP gDSP.gDSP_only.iDSP/inferred_dsp.use_p_reg.p_reg_reg.
DSP Report: operator gDSP.gDSP_only.iDSP/multOp is absorbed into DSP gDSP.gDSP_only.iDSP/inferred_dsp.use_p_reg.p_reg_reg.
DSP Report: Generating DSP gDSP.gDSP_only.iDSP/inferred_dsp.use_p_reg.p_reg_reg, operation Mode is: (A2*B2)'.
DSP Report: register gDSP.gDSP_only.iDSP/inferred_dsp.reg_inputs.b_reg_reg is absorbed into DSP gDSP.gDSP_only.iDSP/inferred_dsp.use_p_reg.p_reg_reg.
DSP Report: register gDSP.gDSP_only.iDSP/inferred_dsp.reg_inputs.a_reg_reg is absorbed into DSP gDSP.gDSP_only.iDSP/inferred_dsp.use_p_reg.p_reg_reg.
DSP Report: register gDSP.gDSP_only.iDSP/inferred_dsp.use_p_reg.p_reg_reg is absorbed into DSP gDSP.gDSP_only.iDSP/inferred_dsp.use_p_reg.p_reg_reg.
DSP Report: register gDSP.gDSP_only.iDSP/inferred_dsp.reg_mult.m_reg_reg is absorbed into DSP gDSP.gDSP_only.iDSP/inferred_dsp.use_p_reg.p_reg_reg.
DSP Report: operator gDSP.gDSP_only.iDSP/multOp is absorbed into DSP gDSP.gDSP_only.iDSP/inferred_dsp.use_p_reg.p_reg_reg.
DSP Report: Generating DSP gDSP.gDSP_only.iDSP/inferred_dsp.use_p_reg.p_reg_reg, operation Mode is: (A2*B2)'.
DSP Report: register gDSP.gDSP_only.iDSP/inferred_dsp.reg_inputs.b_reg_reg is absorbed into DSP gDSP.gDSP_only.iDSP/inferred_dsp.use_p_reg.p_reg_reg.
DSP Report: register gDSP.gDSP_only.iDSP/inferred_dsp.reg_inputs.a_reg_reg is absorbed into DSP gDSP.gDSP_only.iDSP/inferred_dsp.use_p_reg.p_reg_reg.
DSP Report: register gDSP.gDSP_only.iDSP/inferred_dsp.use_p_reg.p_reg_reg is absorbed into DSP gDSP.gDSP_only.iDSP/inferred_dsp.use_p_reg.p_reg_reg.
DSP Report: register gDSP.gDSP_only.iDSP/inferred_dsp.reg_mult.m_reg_reg is absorbed into DSP gDSP.gDSP_only.iDSP/inferred_dsp.use_p_reg.p_reg_reg.
DSP Report: operator gDSP.gDSP_only.iDSP/multOp is absorbed into DSP gDSP.gDSP_only.iDSP/inferred_dsp.use_p_reg.p_reg_reg.
DSP Report: Generating DSP gDSP.gDSP_only.iDSP/inferred_dsp.use_p_reg.p_reg_reg, operation Mode is: (A2*B2)'.
DSP Report: register gDSP.gDSP_only.iDSP/inferred_dsp.reg_inputs.b_reg_reg is absorbed into DSP gDSP.gDSP_only.iDSP/inferred_dsp.use_p_reg.p_reg_reg.
DSP Report: register gDSP.gDSP_only.iDSP/inferred_dsp.reg_inputs.a_reg_reg is absorbed into DSP gDSP.gDSP_only.iDSP/inferred_dsp.use_p_reg.p_reg_reg.
DSP Report: register gDSP.gDSP_only.iDSP/inferred_dsp.use_p_reg.p_reg_reg is absorbed into DSP gDSP.gDSP_only.iDSP/inferred_dsp.use_p_reg.p_reg_reg.
DSP Report: register gDSP.gDSP_only.iDSP/inferred_dsp.reg_mult.m_reg_reg is absorbed into DSP gDSP.gDSP_only.iDSP/inferred_dsp.use_p_reg.p_reg_reg.
DSP Report: operator gDSP.gDSP_only.iDSP/multOp is absorbed into DSP gDSP.gDSP_only.iDSP/inferred_dsp.use_p_reg.p_reg_reg.
DSP Report: Generating DSP gDSP.gDSP_only.iDSP/inferred_dsp.use_p_reg.p_reg_reg, operation Mode is: (A2*B2)'.
DSP Report: register gDSP.gDSP_only.iDSP/inferred_dsp.reg_inputs.b_reg_reg is absorbed into DSP gDSP.gDSP_only.iDSP/inferred_dsp.use_p_reg.p_reg_reg.
DSP Report: register gDSP.gDSP_only.iDSP/inferred_dsp.reg_inputs.a_reg_reg is absorbed into DSP gDSP.gDSP_only.iDSP/inferred_dsp.use_p_reg.p_reg_reg.
DSP Report: register gDSP.gDSP_only.iDSP/inferred_dsp.use_p_reg.p_reg_reg is absorbed into DSP gDSP.gDSP_only.iDSP/inferred_dsp.use_p_reg.p_reg_reg.
DSP Report: register gDSP.gDSP_only.iDSP/inferred_dsp.reg_mult.m_reg_reg is absorbed into DSP gDSP.gDSP_only.iDSP/inferred_dsp.use_p_reg.p_reg_reg.
DSP Report: operator gDSP.gDSP_only.iDSP/multOp is absorbed into DSP gDSP.gDSP_only.iDSP/inferred_dsp.use_p_reg.p_reg_reg.
DSP Report: Generating DSP gDSP.gDSP_only.iDSP/inferred_dsp.use_p_reg.p_reg_reg, operation Mode is: (A2*B2)'.
DSP Report: register gDSP.gDSP_only.iDSP/inferred_dsp.reg_inputs.b_reg_reg is absorbed into DSP gDSP.gDSP_only.iDSP/inferred_dsp.use_p_reg.p_reg_reg.
DSP Report: register gDSP.gDSP_only.iDSP/inferred_dsp.reg_inputs.a_reg_reg is absorbed into DSP gDSP.gDSP_only.iDSP/inferred_dsp.use_p_reg.p_reg_reg.
DSP Report: register gDSP.gDSP_only.iDSP/inferred_dsp.use_p_reg.p_reg_reg is absorbed into DSP gDSP.gDSP_only.iDSP/inferred_dsp.use_p_reg.p_reg_reg.
DSP Report: register gDSP.gDSP_only.iDSP/inferred_dsp.reg_mult.m_reg_reg is absorbed into DSP gDSP.gDSP_only.iDSP/inferred_dsp.use_p_reg.p_reg_reg.
DSP Report: operator gDSP.gDSP_only.iDSP/multOp is absorbed into DSP gDSP.gDSP_only.iDSP/inferred_dsp.use_p_reg.p_reg_reg.
DSP Report: Generating DSP gDSP.gDSP_only.iDSP/inferred_dsp.use_p_reg.p_reg_reg, operation Mode is: (A2*B2)'.
DSP Report: register gDSP.gDSP_only.iDSP/inferred_dsp.reg_inputs.b_reg_reg is absorbed into DSP gDSP.gDSP_only.iDSP/inferred_dsp.use_p_reg.p_reg_reg.
DSP Report: register gDSP.gDSP_only.iDSP/inferred_dsp.reg_inputs.a_reg_reg is absorbed into DSP gDSP.gDSP_only.iDSP/inferred_dsp.use_p_reg.p_reg_reg.
DSP Report: register gDSP.gDSP_only.iDSP/inferred_dsp.use_p_reg.p_reg_reg is absorbed into DSP gDSP.gDSP_only.iDSP/inferred_dsp.use_p_reg.p_reg_reg.
DSP Report: register gDSP.gDSP_only.iDSP/inferred_dsp.reg_mult.m_reg_reg is absorbed into DSP gDSP.gDSP_only.iDSP/inferred_dsp.use_p_reg.p_reg_reg.
DSP Report: operator gDSP.gDSP_only.iDSP/multOp is absorbed into DSP gDSP.gDSP_only.iDSP/inferred_dsp.use_p_reg.p_reg_reg.
DSP Report: Generating DSP gDSP.gDSP_only.iDSP/inferred_dsp.use_p_reg.p_reg_reg, operation Mode is: (A2*B2)'.
DSP Report: register gDSP.gDSP_only.iDSP/inferred_dsp.reg_inputs.b_reg_reg is absorbed into DSP gDSP.gDSP_only.iDSP/inferred_dsp.use_p_reg.p_reg_reg.
DSP Report: register gDSP.gDSP_only.iDSP/inferred_dsp.reg_inputs.a_reg_reg is absorbed into DSP gDSP.gDSP_only.iDSP/inferred_dsp.use_p_reg.p_reg_reg.
DSP Report: register gDSP.gDSP_only.iDSP/inferred_dsp.use_p_reg.p_reg_reg is absorbed into DSP gDSP.gDSP_only.iDSP/inferred_dsp.use_p_reg.p_reg_reg.
DSP Report: register gDSP.gDSP_only.iDSP/inferred_dsp.reg_mult.m_reg_reg is absorbed into DSP gDSP.gDSP_only.iDSP/inferred_dsp.use_p_reg.p_reg_reg.
DSP Report: operator gDSP.gDSP_only.iDSP/multOp is absorbed into DSP gDSP.gDSP_only.iDSP/inferred_dsp.use_p_reg.p_reg_reg.
DSP Report: Generating DSP gDSP.gDSP_only.iDSP/inferred_dsp.use_p_reg.p_reg_reg, operation Mode is: (A2*B2)'.
DSP Report: register gDSP.gDSP_only.iDSP/inferred_dsp.reg_inputs.b_reg_reg is absorbed into DSP gDSP.gDSP_only.iDSP/inferred_dsp.use_p_reg.p_reg_reg.
DSP Report: register gDSP.gDSP_only.iDSP/inferred_dsp.reg_inputs.a_reg_reg is absorbed into DSP gDSP.gDSP_only.iDSP/inferred_dsp.use_p_reg.p_reg_reg.
DSP Report: register gDSP.gDSP_only.iDSP/inferred_dsp.use_p_reg.p_reg_reg is absorbed into DSP gDSP.gDSP_only.iDSP/inferred_dsp.use_p_reg.p_reg_reg.
DSP Report: register gDSP.gDSP_only.iDSP/inferred_dsp.reg_mult.m_reg_reg is absorbed into DSP gDSP.gDSP_only.iDSP/inferred_dsp.use_p_reg.p_reg_reg.
DSP Report: operator gDSP.gDSP_only.iDSP/multOp is absorbed into DSP gDSP.gDSP_only.iDSP/inferred_dsp.use_p_reg.p_reg_reg.
INFO: [Synth 8-5845] Not enough pipeline registers after wide multiplier. Recommended levels of pipeline registers is 2 [d:/DOAN/DATN_RTL/DATN_VIVADO/project_2/project_2.gen/sources_1/bd/SoC/ipshared/013e/src/SPU_Quantize_Q8_0.v:413]
DSP Report: Generating DSP deq_s2_mul0, operation Mode is: A2*B''.
DSP Report: register deq_s2_mul0 is absorbed into DSP deq_s2_mul0.
DSP Report: register deq_s2_mul0 is absorbed into DSP deq_s2_mul0.
DSP Report: register deq_s2_mul0 is absorbed into DSP deq_s2_mul0.
DSP Report: operator deq_s2_mul0 is absorbed into DSP deq_s2_mul0.
DSP Report: operator deq_s2_mul0 is absorbed into DSP deq_s2_mul0.
DSP Report: Generating DSP deq_s2_mul_reg, operation Mode is: (PCIN>>17)+A''*B2.
DSP Report: register deq_s1_raw_reg is absorbed into DSP deq_s2_mul_reg.
DSP Report: register deq_s2_mul_reg is absorbed into DSP deq_s2_mul_reg.
DSP Report: register deq_s2_mul_reg is absorbed into DSP deq_s2_mul_reg.
DSP Report: register deq_s2_mul_reg is absorbed into DSP deq_s2_mul_reg.
DSP Report: operator deq_s2_mul0 is absorbed into DSP deq_s2_mul_reg.
DSP Report: operator deq_s2_mul0 is absorbed into DSP deq_s2_mul_reg.
INFO: [Synth 8-4471] merging register 'read_req_quad7_row_slot_r_reg[2:0]' into 'read_req_quad7_row_slot_r_reg[2:0]' [d:/DOAN/DATN_RTL/DATN_VIVADO/project_2/project_2.gen/sources_1/bd/SoC/ipshared/013e/src/SPU_Q8_Scale_Accum.v:1416]
INFO: [Synth 8-4471] merging register 'read_req_quad6_row_slot_r_reg[2:0]' into 'read_req_quad6_row_slot_r_reg[2:0]' [d:/DOAN/DATN_RTL/DATN_VIVADO/project_2/project_2.gen/sources_1/bd/SoC/ipshared/013e/src/SPU_Q8_Scale_Accum.v:1416]
INFO: [Synth 8-4471] merging register 'read_req_quad5_row_slot_r_reg[2:0]' into 'read_req_quad5_row_slot_r_reg[2:0]' [d:/DOAN/DATN_RTL/DATN_VIVADO/project_2/project_2.gen/sources_1/bd/SoC/ipshared/013e/src/SPU_Q8_Scale_Accum.v:1415]
INFO: [Synth 8-4471] merging register 'read_req_quad4_row_slot_r_reg[2:0]' into 'read_req_quad4_row_slot_r_reg[2:0]' [d:/DOAN/DATN_RTL/DATN_VIVADO/project_2/project_2.gen/sources_1/bd/SoC/ipshared/013e/src/SPU_Q8_Scale_Accum.v:1415]
INFO: [Synth 8-4471] merging register 'read_req_quad3_row_slot_r_reg[2:0]' into 'read_req_quad3_row_slot_r_reg[2:0]' [d:/DOAN/DATN_RTL/DATN_VIVADO/project_2/project_2.gen/sources_1/bd/SoC/ipshared/013e/src/SPU_Q8_Scale_Accum.v:1414]
INFO: [Synth 8-4471] merging register 'read_req_quad2_row_slot_r_reg[2:0]' into 'read_req_quad2_row_slot_r_reg[2:0]' [d:/DOAN/DATN_RTL/DATN_VIVADO/project_2/project_2.gen/sources_1/bd/SoC/ipshared/013e/src/SPU_Q8_Scale_Accum.v:1413]
INFO: [Synth 8-4471] merging register 'read_req_pair_row_slot_r_reg[2:0]' into 'read_req_pair_row_slot_r_reg[2:0]' [d:/DOAN/DATN_RTL/DATN_VIVADO/project_2/project_2.gen/sources_1/bd/SoC/ipshared/013e/src/SPU_Q8_Scale_Accum.v:1412]
INFO: [Synth 8-4471] merging register 'read_req_row_slot_r_reg[2:0]' into 'read_req_row_slot_r_reg[2:0]' [d:/DOAN/DATN_RTL/DATN_VIVADO/project_2/project_2.gen/sources_1/bd/SoC/ipshared/013e/src/SPU_Q8_Scale_Accum.v:1411]
INFO: [Synth 8-4471] merging register 'active_bank_r_reg' into 'active_bank_r_reg' [d:/DOAN/DATN_RTL/DATN_VIVADO/project_2/project_2.gen/sources_1/bd/SoC/ipshared/013e/src/SPU_Q8_Scale_Accum.v:1322]
INFO: [Synth 8-4471] merging register 'active_bank_r_reg' into 'active_bank_r_reg' [d:/DOAN/DATN_RTL/DATN_VIVADO/project_2/project_2.gen/sources_1/bd/SoC/ipshared/013e/src/SPU_Q8_Scale_Accum.v:1322]
INFO: [Synth 8-4471] merging register 'active_bank_r_reg' into 'active_bank_r_reg' [d:/DOAN/DATN_RTL/DATN_VIVADO/project_2/project_2.gen/sources_1/bd/SoC/ipshared/013e/src/SPU_Q8_Scale_Accum.v:1322]
INFO: [Synth 8-4471] merging register 'active_bank_r_reg' into 'active_bank_r_reg' [d:/DOAN/DATN_RTL/DATN_VIVADO/project_2/project_2.gen/sources_1/bd/SoC/ipshared/013e/src/SPU_Q8_Scale_Accum.v:1322]
INFO: [Synth 8-4471] merging register 'active_bank_r_reg' into 'active_bank_r_reg' [d:/DOAN/DATN_RTL/DATN_VIVADO/project_2/project_2.gen/sources_1/bd/SoC/ipshared/013e/src/SPU_Q8_Scale_Accum.v:1322]
INFO: [Synth 8-4471] merging register 'active_bank_r_reg' into 'active_bank_r_reg' [d:/DOAN/DATN_RTL/DATN_VIVADO/project_2/project_2.gen/sources_1/bd/SoC/ipshared/013e/src/SPU_Q8_Scale_Accum.v:1322]
INFO: [Synth 8-4471] merging register 'active_bank_r_reg' into 'active_bank_r_reg' [d:/DOAN/DATN_RTL/DATN_VIVADO/project_2/project_2.gen/sources_1/bd/SoC/ipshared/013e/src/SPU_Q8_Scale_Accum.v:1322]
INFO: [Synth 8-4471] merging register 'active_bank_r_reg' into 'active_bank_r_reg' [d:/DOAN/DATN_RTL/DATN_VIVADO/project_2/project_2.gen/sources_1/bd/SoC/ipshared/013e/src/SPU_Q8_Scale_Accum.v:1322]
INFO: [Synth 8-4471] merging register 'active_bank_r_reg' into 'active_bank_r_reg' [d:/DOAN/DATN_RTL/DATN_VIVADO/project_2/project_2.gen/sources_1/bd/SoC/ipshared/013e/src/SPU_Q8_Scale_Accum.v:1322]
INFO: [Synth 8-4471] merging register 'active_bank_r_reg' into 'active_bank_r_reg' [d:/DOAN/DATN_RTL/DATN_VIVADO/project_2/project_2.gen/sources_1/bd/SoC/ipshared/013e/src/SPU_Q8_Scale_Accum.v:1322]
INFO: [Synth 8-4471] merging register 'active_bank_r_reg' into 'active_bank_r_reg' [d:/DOAN/DATN_RTL/DATN_VIVADO/project_2/project_2.gen/sources_1/bd/SoC/ipshared/013e/src/SPU_Q8_Scale_Accum.v:1322]
WARNING: [Synth 8-3917] design Matrix_Vector_Multiplication__GB17 has port P[7] driven by constant 0
WARNING: [Synth 8-3917] design Matrix_Vector_Multiplication__GB17 has port P[6] driven by constant 0
WARNING: [Synth 8-3917] design Matrix_Vector_Multiplication__GB17 has port P[4] driven by constant 1
WARNING: [Synth 8-3917] design Matrix_Vector_Multiplication__GB17 has port P[3] driven by constant 0
WARNING: [Synth 8-3917] design Matrix_Vector_Multiplication__GB17 has port P[2] driven by constant 0
WARNING: [Synth 8-3917] design Matrix_Vector_Multiplication__GB17 has port P[1] driven by constant 0
WARNING: [Synth 8-3917] design Matrix_Vector_Multiplication__GB17 has port P[0] driven by constant 0
WARNING: [Synth 8-3917] design Matrix_Vector_Multiplication__GB17 has port O150[7] driven by constant 0
WARNING: [Synth 8-3917] design Matrix_Vector_Multiplication__GB17 has port O150[6] driven by constant 0
WARNING: [Synth 8-3917] design Matrix_Vector_Multiplication__GB17 has port O150[4] driven by constant 0
WARNING: [Synth 8-3917] design Matrix_Vector_Multiplication__GB17 has port O150[3] driven by constant 1
WARNING: [Synth 8-3917] design Matrix_Vector_Multiplication__GB17 has port O150[2] driven by constant 0
WARNING: [Synth 8-3917] design Matrix_Vector_Multiplication__GB17 has port O150[1] driven by constant 0
WARNING: [Synth 8-3917] design Matrix_Vector_Multiplication__GB17 has port O150[0] driven by constant 0
WARNING: [Synth 8-3917] design Matrix_Vector_Multiplication__GB17 has port O152[7] driven by constant 0
WARNING: [Synth 8-3917] design Matrix_Vector_Multiplication__GB17 has port O152[6] driven by constant 0
WARNING: [Synth 8-3917] design Matrix_Vector_Multiplication__GB17 has port O152[4] driven by constant 1
WARNING: [Synth 8-3917] design Matrix_Vector_Multiplication__GB17 has port O152[3] driven by constant 1
WARNING: [Synth 8-3917] design Matrix_Vector_Multiplication__GB17 has port O152[2] driven by constant 0
WARNING: [Synth 8-3917] design Matrix_Vector_Multiplication__GB17 has port O152[1] driven by constant 0
WARNING: [Synth 8-3917] design Matrix_Vector_Multiplication__GB17 has port O152[0] driven by constant 0
INFO: [Common 17-14] Message 'Synth 8-7129' appears 100 times and further instances of the messages will be disabled. Use the Tcl command set_msg_config to change the current settings.
INFO: [Synth 8-3886] merging instance 'weight_div_pair_r_reg[0][12]' (FDR) to 'weight_div_pair_r_reg[0][0]'
INFO: [Synth 8-3886] merging instance 'weight_div_pair_r_reg[0][11]' (FDR) to 'weight_div_pair_r_reg[0][0]'
INFO: [Synth 8-3886] merging instance 'weight_div_pair_r_reg[0][10]' (FDR) to 'weight_div_pair_r_reg[0][0]'
INFO: [Synth 8-3886] merging instance 'weight_div_pair_r_reg[0][9]' (FDR) to 'weight_div_pair_r_reg[0][0]'
INFO: [Synth 8-3886] merging instance 'weight_div_pair_r_reg[0][8]' (FDR) to 'weight_div_pair_r_reg[0][0]'
INFO: [Synth 8-3886] merging instance 'weight_div_pair_r_reg[0][7]' (FDR) to 'weight_div_pair_r_reg[0][0]'
INFO: [Synth 8-3886] merging instance 'weight_div_pair_r_reg[0][6]' (FDR) to 'weight_div_pair_r_reg[0][0]'
INFO: [Synth 8-3886] merging instance 'weight_div_pair_r_reg[0][5]' (FDR) to 'weight_div_pair_r_reg[0][0]'
INFO: [Synth 8-3886] merging instance 'weight_div_pair_r_reg[0][4]' (FDR) to 'weight_div_pair_r_reg[0][0]'
INFO: [Synth 8-3886] merging instance 'weight_div_pair_r_reg[0][3]' (FDR) to 'weight_div_pair_r_reg[0][0]'
INFO: [Synth 8-3886] merging instance 'weight_div_pair_r_reg[0][2]' (FDR) to 'weight_div_pair_r_reg[0][0]'
INFO: [Synth 8-3886] merging instance 'weight_div_pair_r_reg[0][0]' (FDR) to 'weight_div_pair_r_reg[0][1]'
INFO: [Synth 8-3333] propagating constant 0 across sequential element (\weight_div_pair_r_reg[0][1] )
INFO: [Synth 8-3886] merging instance 'GEN_WEIGHT_DIV[1].weight_div_pair_r_reg[1][0]' (FDR) to 'GEN_WEIGHT_DIV[1].weight_div_pair_r_reg[1][1]'
INFO: [Synth 8-3886] merging instance 'GEN_WEIGHT_DIV[2].weight_div_pair_r_reg[2][0]' (FDR) to 'GEN_WEIGHT_DIV[2].weight_div_pair_r_reg[2][1]'
INFO: [Synth 8-3886] merging instance 'GEN_WEIGHT_DIV[3].weight_div_pair_r_reg[3][0]' (FDR) to 'GEN_WEIGHT_DIV[3].weight_div_pair_r_reg[3][1]'
INFO: [Synth 8-3886] merging instance 'GEN_WEIGHT_DIV[4].weight_div_pair_r_reg[4][0]' (FDR) to 'GEN_WEIGHT_DIV[4].weight_div_pair_r_reg[4][1]'
INFO: [Synth 8-3886] merging instance 'GEN_WEIGHT_DIV[5].weight_div_pair_r_reg[5][0]' (FDR) to 'GEN_WEIGHT_DIV[5].weight_div_pair_r_reg[5][1]'
INFO: [Synth 8-3886] merging instance 'GEN_WEIGHT_DIV[6].weight_div_pair_r_reg[6][0]' (FDR) to 'GEN_WEIGHT_DIV[6].weight_div_pair_r_reg[6][1]'
INFO: [Synth 8-3886] merging instance 'GEN_WEIGHT_DIV[7].weight_div_pair_r_reg[7][0]' (FDR) to 'GEN_WEIGHT_DIV[7].weight_div_pair_r_reg[7][1]'
INFO: [Synth 8-3886] merging instance 'GEN_WEIGHT_DIV[8].weight_div_pair_r_reg[8][0]' (FDR) to 'GEN_WEIGHT_DIV[8].weight_div_pair_r_reg[8][1]'
INFO: [Synth 8-3886] merging instance 'u_pmau_quad7/sum_pipe_reg[0][0][31]' (FDR) to 'u_pmau_quad7/sum_pipe_reg[0][0][30]'
INFO: [Synth 8-3886] merging instance 'u_pmau_quad7/sum_pipe_reg[0][1][31]' (FDR) to 'u_pmau_quad7/sum_pipe_reg[0][1][30]'
INFO: [Synth 8-3886] merging instance 'u_pmau_quad7/sum_pipe_reg[0][2][31]' (FDR) to 'u_pmau_quad7/sum_pipe_reg[0][2][30]'
INFO: [Synth 8-3886] merging instance 'u_pmau_quad7/sum_pipe_reg[0][3][31]' (FDR) to 'u_pmau_quad7/sum_pipe_reg[0][3][30]'
INFO: [Synth 8-3886] merging instance 'u_pmau_quad7/sum_pipe_reg[0][4][31]' (FDR) to 'u_pmau_quad7/sum_pipe_reg[0][4][30]'
INFO: [Synth 8-3886] merging instance 'u_pmau_quad7/sum_pipe_reg[0][5][31]' (FDR) to 'u_pmau_quad7/sum_pipe_reg[0][5][30]'
INFO: [Synth 8-3886] merging instance 'u_pmau_quad7/sum_pipe_reg[0][6][31]' (FDR) to 'u_pmau_quad7/sum_pipe_reg[0][6][30]'
INFO: [Synth 8-3886] merging instance 'u_pmau_quad7/sum_pipe_reg[0][7][31]' (FDR) to 'u_pmau_quad7/sum_pipe_reg[0][7][30]'
INFO: [Synth 8-3886] merging instance 'u_pmau_quad7/sum_pipe_reg[0][0][30]' (FDR) to 'u_pmau_quad7/sum_pipe_reg[0][0][29]'
INFO: [Synth 8-3886] merging instance 'u_pmau_quad7/sum_pipe_reg[0][1][30]' (FDR) to 'u_pmau_quad7/sum_pipe_reg[0][1][29]'
INFO: [Synth 8-3886] merging instance 'u_pmau_quad7/sum_pipe_reg[0][2][30]' (FDR) to 'u_pmau_quad7/sum_pipe_reg[0][2][29]'
INFO: [Synth 8-3886] merging instance 'u_pmau_quad7/sum_pipe_reg[0][3][30]' (FDR) to 'u_pmau_quad7/sum_pipe_reg[0][3][29]'
INFO: [Synth 8-3886] merging instance 'u_pmau_quad7/sum_pipe_reg[0][4][30]' (FDR) to 'u_pmau_quad7/sum_pipe_reg[0][4][29]'
INFO: [Synth 8-3886] merging instance 'u_pmau_quad7/sum_pipe_reg[0][5][30]' (FDR) to 'u_pmau_quad7/sum_pipe_reg[0][5][29]'
INFO: [Synth 8-3886] merging instance 'u_pmau_quad7/sum_pipe_reg[0][6][30]' (FDR) to 'u_pmau_quad7/sum_pipe_reg[0][6][29]'
INFO: [Synth 8-3886] merging instance 'u_pmau_quad7/sum_pipe_reg[0][7][30]' (FDR) to 'u_pmau_quad7/sum_pipe_reg[0][7][29]'
INFO: [Synth 8-3886] merging instance 'u_pmau_quad7/sum_pipe_reg[0][0][29]' (FDR) to 'u_pmau_quad7/sum_pipe_reg[0][0][28]'
INFO: [Synth 8-3886] merging instance 'u_pmau_quad7/sum_pipe_reg[0][1][29]' (FDR) to 'u_pmau_quad7/sum_pipe_reg[0][1][28]'
INFO: [Synth 8-3886] merging instance 'u_pmau_quad7/sum_pipe_reg[0][2][29]' (FDR) to 'u_pmau_quad7/sum_pipe_reg[0][2][28]'
INFO: [Synth 8-3886] merging instance 'u_pmau_quad7/sum_pipe_reg[0][3][29]' (FDR) to 'u_pmau_quad7/sum_pipe_reg[0][3][28]'
INFO: [Synth 8-3886] merging instance 'u_pmau_quad7/sum_pipe_reg[0][0][28]' (FDR) to 'u_pmau_quad7/sum_pipe_reg[0][0][16]'
INFO: [Synth 8-3886] merging instance 'u_pmau_quad7/sum_pipe_reg[0][1][28]' (FDR) to 'u_pmau_quad7/sum_pipe_reg[0][1][16]'
INFO: [Synth 8-3886] merging instance 'u_pmau_quad7/sum_pipe_reg[0][0][16]' (FDR) to 'u_pmau_quad7/sum_pipe_reg[0][0][17]'
INFO: [Synth 8-3886] merging instance 'u_pmau_quad7/sum_pipe_reg[0][1][16]' (FDR) to 'u_pmau_quad7/sum_pipe_reg[0][1][17]'
INFO: [Synth 8-3886] merging instance 'u_pmau_quad7/sum_pipe_reg[0][0][17]' (FDR) to 'u_pmau_quad7/sum_pipe_reg[0][0][18]'
INFO: [Synth 8-3886] merging instance 'u_pmau_quad7/sum_pipe_reg[0][1][17]' (FDR) to 'u_pmau_quad7/sum_pipe_reg[0][1][18]'
INFO: [Synth 8-3886] merging instance 'u_pmau_quad7/sum_pipe_reg[0][0][18]' (FDR) to 'u_pmau_quad7/sum_pipe_reg[0][0][19]'
INFO: [Synth 8-3886] merging instance 'u_pmau_quad7/sum_pipe_reg[0][1][18]' (FDR) to 'u_pmau_quad7/sum_pipe_reg[0][1][19]'
INFO: [Synth 8-3886] merging instance 'u_pmau_quad7/sum_pipe_reg[0][0][19]' (FDR) to 'u_pmau_quad7/sum_pipe_reg[0][0][20]'
INFO: [Synth 8-3886] merging instance 'u_pmau_quad7/sum_pipe_reg[0][1][19]' (FDR) to 'u_pmau_quad7/sum_pipe_reg[0][1][20]'
INFO: [Synth 8-3886] merging instance 'u_pmau_quad7/sum_pipe_reg[0][0][20]' (FDR) to 'u_pmau_quad7/sum_pipe_reg[0][0][21]'
INFO: [Synth 8-3886] merging instance 'u_pmau_quad7/sum_pipe_reg[0][1][20]' (FDR) to 'u_pmau_quad7/sum_pipe_reg[0][1][21]'
INFO: [Synth 8-3886] merging instance 'u_pmau_quad7/sum_pipe_reg[0][0][21]' (FDR) to 'u_pmau_quad7/sum_pipe_reg[0][0][22]'
INFO: [Synth 8-3886] merging instance 'u_pmau_quad7/sum_pipe_reg[0][1][21]' (FDR) to 'u_pmau_quad7/sum_pipe_reg[0][1][22]'
INFO: [Synth 8-3886] merging instance 'u_pmau_quad7/sum_pipe_reg[0][0][22]' (FDR) to 'u_pmau_quad7/sum_pipe_reg[0][0][23]'
INFO: [Synth 8-3886] merging instance 'u_pmau_quad7/sum_pipe_reg[0][1][22]' (FDR) to 'u_pmau_quad7/sum_pipe_reg[0][1][23]'
INFO: [Synth 8-3886] merging instance 'u_pmau_quad7/sum_pipe_reg[0][0][23]' (FDR) to 'u_pmau_quad7/sum_pipe_reg[0][0][24]'
INFO: [Synth 8-3886] merging instance 'u_pmau_quad7/sum_pipe_reg[0][1][23]' (FDR) to 'u_pmau_quad7/sum_pipe_reg[0][1][24]'
INFO: [Synth 8-3886] merging instance 'u_pmau_quad7/sum_pipe_reg[0][0][24]' (FDR) to 'u_pmau_quad7/sum_pipe_reg[0][0][25]'
INFO: [Synth 8-3886] merging instance 'u_pmau_quad7/sum_pipe_reg[0][1][24]' (FDR) to 'u_pmau_quad7/sum_pipe_reg[0][1][25]'
INFO: [Common 17-14] Message 'Synth 8-3886' appears 100 times and further instances of the messages will be disabled. Use the Tcl command set_msg_config to change the current settings.
INFO: [Synth 8-3333] propagating constant 0 across sequential element (\group_blocks_r_reg[15] )
INFO: [Synth 8-3333] propagating constant 0 across sequential element (\GEN_WEIGHT_DIV[1].weight_div_pair_r_reg[1][1] )
INFO: [Synth 8-3333] propagating constant 0 across sequential element (\raw_row_base_advance_r_reg[18] )
INFO: [Synth 8-3333] propagating constant 0 across sequential element (\GEN_WEIGHT_DIV[1].weight_div_pair_r_reg[1][1] )
INFO: [Synth 8-3333] propagating constant 0 across sequential element (\GEN_WEIGHT_DIV[1].weight_div_pair_r_reg[1][1] )
INFO: [Synth 8-3333] propagating constant 0 across sequential element (\GEN_WEIGHT_DIV[1].weight_div_pair_r_reg[1][1] )
INFO: [Synth 8-3333] propagating constant 0 across sequential element (\GEN_WEIGHT_DIV[1].weight_div_pair_r_reg[1][1] )
INFO: [Synth 8-3333] propagating constant 0 across sequential element (\GEN_WEIGHT_DIV[1].weight_div_pair_r_reg[1][1] )
INFO: [Synth 8-3333] propagating constant 0 across sequential element (\GEN_WEIGHT_DIV[1].weight_div_pair_r_reg[1][1] )
INFO: [Synth 8-3333] propagating constant 0 across sequential element (\GEN_WEIGHT_DIV[1].weight_div_pair_r_reg[1][1] )
INFO: [Synth 8-3333] propagating constant 0 across sequential element (\GEN_WEIGHT_DIV[1].weight_div_pair_r_reg[1][1] )
INFO: [Synth 8-3333] propagating constant 0 across sequential element (\GEN_WEIGHT_DIV[1].weight_div_pair_r_reg[1][1] )
INFO: [Synth 8-3333] propagating constant 0 across sequential element (\GEN_WEIGHT_DIV[1].weight_div_pair_r_reg[1][1] )
INFO: [Synth 8-3333] propagating constant 0 across sequential element (\GEN_WEIGHT_DIV[1].weight_div_pair_r_reg[1][1] )
INFO: [Synth 8-3333] propagating constant 0 across sequential element (\weight_div_rem_r_reg[0][1] )
INFO: [Synth 8-3333] propagating constant 0 across sequential element (\weight_div_rem_r_reg[0][3] )
INFO: [Synth 8-3333] propagating constant 0 across sequential element (\weight_div_rem_r_reg[0][4] )
INFO: [Synth 8-3333] propagating constant 0 across sequential element (\weight_div_rem_r_reg[0][5] )
INFO: [Synth 8-3333] propagating constant 0 across sequential element (\weight_div_rem_r_reg[0][6] )
INFO: [Synth 8-3333] propagating constant 0 across sequential element (\weight_div_rem_r_reg[0][2] )
DSP Report: Generating DSP gDSP.gDSP_only.iDSP/inferred_dsp.use_p_reg.p_reg_reg, operation Mode is: (A2*B2)'.
DSP Report: register gDSP.gDSP_only.iDSP/inferred_dsp.reg_inputs.b_reg_reg is absorbed into DSP gDSP.gDSP_only.iDSP/inferred_dsp.use_p_reg.p_reg_reg.
DSP Report: register gDSP.gDSP_only.iDSP/inferred_dsp.reg_inputs.a_reg_reg is absorbed into DSP gDSP.gDSP_only.iDSP/inferred_dsp.use_p_reg.p_reg_reg.
DSP Report: register gDSP.gDSP_only.iDSP/inferred_dsp.use_p_reg.p_reg_reg is absorbed into DSP gDSP.gDSP_only.iDSP/inferred_dsp.use_p_reg.p_reg_reg.
DSP Report: register gDSP.gDSP_only.iDSP/inferred_dsp.reg_mult.m_reg_reg is absorbed into DSP gDSP.gDSP_only.iDSP/inferred_dsp.use_p_reg.p_reg_reg.
DSP Report: operator gDSP.gDSP_only.iDSP/multOp is absorbed into DSP gDSP.gDSP_only.iDSP/inferred_dsp.use_p_reg.p_reg_reg.
DSP Report: Generating DSP gDSP.gDSP_only.iDSP/inferred_dsp.use_p_reg.p_reg_reg, operation Mode is: (A2*B2)'.
DSP Report: register gDSP.gDSP_only.iDSP/inferred_dsp.reg_inputs.b_reg_reg is absorbed into DSP gDSP.gDSP_only.iDSP/inferred_dsp.use_p_reg.p_reg_reg.
DSP Report: register gDSP.gDSP_only.iDSP/inferred_dsp.reg_inputs.a_reg_reg is absorbed into DSP gDSP.gDSP_only.iDSP/inferred_dsp.use_p_reg.p_reg_reg.
DSP Report: register gDSP.gDSP_only.iDSP/inferred_dsp.use_p_reg.p_reg_reg is absorbed into DSP gDSP.gDSP_only.iDSP/inferred_dsp.use_p_reg.p_reg_reg.
DSP Report: register gDSP.gDSP_only.iDSP/inferred_dsp.reg_mult.m_reg_reg is absorbed into DSP gDSP.gDSP_only.iDSP/inferred_dsp.use_p_reg.p_reg_reg.
DSP Report: operator gDSP.gDSP_only.iDSP/multOp is absorbed into DSP gDSP.gDSP_only.iDSP/inferred_dsp.use_p_reg.p_reg_reg.
DSP Report: Generating DSP gDSP.gDSP_only.iDSP/inferred_dsp.use_p_reg.p_reg_reg, operation Mode is: (A2*B2)'.
DSP Report: register gDSP.gDSP_only.iDSP/inferred_dsp.reg_inputs.b_reg_reg is absorbed into DSP gDSP.gDSP_only.iDSP/inferred_dsp.use_p_reg.p_reg_reg.
DSP Report: register gDSP.gDSP_only.iDSP/inferred_dsp.reg_inputs.a_reg_reg is absorbed into DSP gDSP.gDSP_only.iDSP/inferred_dsp.use_p_reg.p_reg_reg.
DSP Report: register gDSP.gDSP_only.iDSP/inferred_dsp.use_p_reg.p_reg_reg is absorbed into DSP gDSP.gDSP_only.iDSP/inferred_dsp.use_p_reg.p_reg_reg.
DSP Report: register gDSP.gDSP_only.iDSP/inferred_dsp.reg_mult.m_reg_reg is absorbed into DSP gDSP.gDSP_only.iDSP/inferred_dsp.use_p_reg.p_reg_reg.
DSP Report: operator gDSP.gDSP_only.iDSP/multOp is absorbed into DSP gDSP.gDSP_only.iDSP/inferred_dsp.use_p_reg.p_reg_reg.
DSP Report: Generating DSP gDSP.gDSP_only.iDSP/inferred_dsp.use_p_reg.p_reg_reg, operation Mode is: (A2*B2)'.
DSP Report: register gDSP.gDSP_only.iDSP/inferred_dsp.reg_inputs.b_reg_reg is absorbed into DSP gDSP.gDSP_only.iDSP/inferred_dsp.use_p_reg.p_reg_reg.
DSP Report: register gDSP.gDSP_only.iDSP/inferred_dsp.reg_inputs.a_reg_reg is absorbed into DSP gDSP.gDSP_only.iDSP/inferred_dsp.use_p_reg.p_reg_reg.
DSP Report: register gDSP.gDSP_only.iDSP/inferred_dsp.use_p_reg.p_reg_reg is absorbed into DSP gDSP.gDSP_only.iDSP/inferred_dsp.use_p_reg.p_reg_reg.
DSP Report: register gDSP.gDSP_only.iDSP/inferred_dsp.reg_mult.m_reg_reg is absorbed into DSP gDSP.gDSP_only.iDSP/inferred_dsp.use_p_reg.p_reg_reg.
DSP Report: operator gDSP.gDSP_only.iDSP/multOp is absorbed into DSP gDSP.gDSP_only.iDSP/inferred_dsp.use_p_reg.p_reg_reg.
DSP Report: Generating DSP gDSP.gDSP_only.iDSP/inferred_dsp.use_p_reg.p_reg_reg, operation Mode is: (A2*B2)'.
DSP Report: register gDSP.gDSP_only.iDSP/inferred_dsp.reg_inputs.b_reg_reg is absorbed into DSP gDSP.gDSP_only.iDSP/inferred_dsp.use_p_reg.p_reg_reg.
DSP Report: register gDSP.gDSP_only.iDSP/inferred_dsp.reg_inputs.a_reg_reg is absorbed into DSP gDSP.gDSP_only.iDSP/inferred_dsp.use_p_reg.p_reg_reg.
DSP Report: register gDSP.gDSP_only.iDSP/inferred_dsp.use_p_reg.p_reg_reg is absorbed into DSP gDSP.gDSP_only.iDSP/inferred_dsp.use_p_reg.p_reg_reg.
DSP Report: register gDSP.gDSP_only.iDSP/inferred_dsp.reg_mult.m_reg_reg is absorbed into DSP gDSP.gDSP_only.iDSP/inferred_dsp.use_p_reg.p_reg_reg.
DSP Report: operator gDSP.gDSP_only.iDSP/multOp is absorbed into DSP gDSP.gDSP_only.iDSP/inferred_dsp.use_p_reg.p_reg_reg.
DSP Report: Generating DSP gDSP.gDSP_only.iDSP/inferred_dsp.use_p_reg.p_reg_reg, operation Mode is: (A2*B2)'.
DSP Report: register gDSP.gDSP_only.iDSP/inferred_dsp.reg_inputs.b_reg_reg is absorbed into DSP gDSP.gDSP_only.iDSP/inferred_dsp.use_p_reg.p_reg_reg.
DSP Report: register gDSP.gDSP_only.iDSP/inferred_dsp.reg_inputs.a_reg_reg is absorbed into DSP gDSP.gDSP_only.iDSP/inferred_dsp.use_p_reg.p_reg_reg.
DSP Report: register gDSP.gDSP_only.iDSP/inferred_dsp.use_p_reg.p_reg_reg is absorbed into DSP gDSP.gDSP_only.iDSP/inferred_dsp.use_p_reg.p_reg_reg.
DSP Report: register gDSP.gDSP_only.iDSP/inferred_dsp.reg_mult.m_reg_reg is absorbed into DSP gDSP.gDSP_only.iDSP/inferred_dsp.use_p_reg.p_reg_reg.
DSP Report: operator gDSP.gDSP_only.iDSP/multOp is absorbed into DSP gDSP.gDSP_only.iDSP/inferred_dsp.use_p_reg.p_reg_reg.
DSP Report: Generating DSP gDSP.gDSP_only.iDSP/inferred_dsp.use_p_reg.p_reg_reg, operation Mode is: (A2*B2)'.
DSP Report: register gDSP.gDSP_only.iDSP/inferred_dsp.reg_inputs.b_reg_reg is absorbed into DSP gDSP.gDSP_only.iDSP/inferred_dsp.use_p_reg.p_reg_reg.
DSP Report: register gDSP.gDSP_only.iDSP/inferred_dsp.reg_inputs.a_reg_reg is absorbed into DSP gDSP.gDSP_only.iDSP/inferred_dsp.use_p_reg.p_reg_reg.
DSP Report: register gDSP.gDSP_only.iDSP/inferred_dsp.use_p_reg.p_reg_reg is absorbed into DSP gDSP.gDSP_only.iDSP/inferred_dsp.use_p_reg.p_reg_reg.
DSP Report: register gDSP.gDSP_only.iDSP/inferred_dsp.reg_mult.m_reg_reg is absorbed into DSP gDSP.gDSP_only.iDSP/inferred_dsp.use_p_reg.p_reg_reg.
DSP Report: operator gDSP.gDSP_only.iDSP/multOp is absorbed into DSP gDSP.gDSP_only.iDSP/inferred_dsp.use_p_reg.p_reg_reg.
DSP Report: Generating DSP gDSP.gDSP_only.iDSP/inferred_dsp.use_p_reg.p_reg_reg, operation Mode is: (A2*B2)'.
DSP Report: register gDSP.gDSP_only.iDSP/inferred_dsp.reg_inputs.b_reg_reg is absorbed into DSP gDSP.gDSP_only.iDSP/inferred_dsp.use_p_reg.p_reg_reg.
DSP Report: register gDSP.gDSP_only.iDSP/inferred_dsp.reg_inputs.a_reg_reg is absorbed into DSP gDSP.gDSP_only.iDSP/inferred_dsp.use_p_reg.p_reg_reg.
DSP Report: register gDSP.gDSP_only.iDSP/inferred_dsp.use_p_reg.p_reg_reg is absorbed into DSP gDSP.gDSP_only.iDSP/inferred_dsp.use_p_reg.p_reg_reg.
DSP Report: register gDSP.gDSP_only.iDSP/inferred_dsp.reg_mult.m_reg_reg is absorbed into DSP gDSP.gDSP_only.iDSP/inferred_dsp.use_p_reg.p_reg_reg.
DSP Report: operator gDSP.gDSP_only.iDSP/multOp is absorbed into DSP gDSP.gDSP_only.iDSP/inferred_dsp.use_p_reg.p_reg_reg.
DSP Report: Generating DSP gDSP.gDSP_only.iDSP/inferred_dsp.use_p_reg.p_reg_reg, operation Mode is: (A2*B2)'.
DSP Report: register gDSP.gDSP_only.iDSP/inferred_dsp.reg_inputs.b_reg_reg is absorbed into DSP gDSP.gDSP_only.iDSP/inferred_dsp.use_p_reg.p_reg_reg.
DSP Report: register gDSP.gDSP_only.iDSP/inferred_dsp.reg_inputs.a_reg_reg is absorbed into DSP gDSP.gDSP_only.iDSP/inferred_dsp.use_p_reg.p_reg_reg.
DSP Report: register gDSP.gDSP_only.iDSP/inferred_dsp.use_p_reg.p_reg_reg is absorbed into DSP gDSP.gDSP_only.iDSP/inferred_dsp.use_p_reg.p_reg_reg.
DSP Report: register gDSP.gDSP_only.iDSP/inferred_dsp.reg_mult.m_reg_reg is absorbed into DSP gDSP.gDSP_only.iDSP/inferred_dsp.use_p_reg.p_reg_reg.
DSP Report: operator gDSP.gDSP_only.iDSP/multOp is absorbed into DSP gDSP.gDSP_only.iDSP/inferred_dsp.use_p_reg.p_reg_reg.
DSP Report: Generating DSP gDSP.gDSP_only.iDSP/inferred_dsp.use_p_reg.p_reg_reg, operation Mode is: (A2*B2)'.
DSP Report: register gDSP.gDSP_only.iDSP/inferred_dsp.reg_inputs.b_reg_reg is absorbed into DSP gDSP.gDSP_only.iDSP/inferred_dsp.use_p_reg.p_reg_reg.
DSP Report: register gDSP.gDSP_only.iDSP/inferred_dsp.reg_inputs.a_reg_reg is absorbed into DSP gDSP.gDSP_only.iDSP/inferred_dsp.use_p_reg.p_reg_reg.
DSP Report: register gDSP.gDSP_only.iDSP/inferred_dsp.use_p_reg.p_reg_reg is absorbed into DSP gDSP.gDSP_only.iDSP/inferred_dsp.use_p_reg.p_reg_reg.
DSP Report: register gDSP.gDSP_only.iDSP/inferred_dsp.reg_mult.m_reg_reg is absorbed into DSP gDSP.gDSP_only.iDSP/inferred_dsp.use_p_reg.p_reg_reg.
DSP Report: operator gDSP.gDSP_only.iDSP/multOp is absorbed into DSP gDSP.gDSP_only.iDSP/inferred_dsp.use_p_reg.p_reg_reg.
DSP Report: Generating DSP gDSP.gDSP_only.iDSP/inferred_dsp.use_p_reg.p_reg_reg, operation Mode is: (A2*B2)'.
DSP Report: register gDSP.gDSP_only.iDSP/inferred_dsp.reg_inputs.b_reg_reg is absorbed into DSP gDSP.gDSP_only.iDSP/inferred_dsp.use_p_reg.p_reg_reg.
DSP Report: register gDSP.gDSP_only.iDSP/inferred_dsp.reg_inputs.a_reg_reg is absorbed into DSP gDSP.gDSP_only.iDSP/inferred_dsp.use_p_reg.p_reg_reg.
DSP Report: register gDSP.gDSP_only.iDSP/inferred_dsp.use_p_reg.p_reg_reg is absorbed into DSP gDSP.gDSP_only.iDSP/inferred_dsp.use_p_reg.p_reg_reg.
DSP Report: register gDSP.gDSP_only.iDSP/inferred_dsp.reg_mult.m_reg_reg is absorbed into DSP gDSP.gDSP_only.iDSP/inferred_dsp.use_p_reg.p_reg_reg.
DSP Report: operator gDSP.gDSP_only.iDSP/multOp is absorbed into DSP gDSP.gDSP_only.iDSP/inferred_dsp.use_p_reg.p_reg_reg.
DSP Report: Generating DSP gDSP.gDSP_only.iDSP/inferred_dsp.use_p_reg.p_reg_reg, operation Mode is: (A2*B2)'.
DSP Report: register gDSP.gDSP_only.iDSP/inferred_dsp.reg_inputs.b_reg_reg is absorbed into DSP gDSP.gDSP_only.iDSP/inferred_dsp.use_p_reg.p_reg_reg.
DSP Report: register gDSP.gDSP_only.iDSP/inferred_dsp.reg_inputs.a_reg_reg is absorbed into DSP gDSP.gDSP_only.iDSP/inferred_dsp.use_p_reg.p_reg_reg.
DSP Report: register gDSP.gDSP_only.iDSP/inferred_dsp.use_p_reg.p_reg_reg is absorbed into DSP gDSP.gDSP_only.iDSP/inferred_dsp.use_p_reg.p_reg_reg.
DSP Report: register gDSP.gDSP_only.iDSP/inferred_dsp.reg_mult.m_reg_reg is absorbed into DSP gDSP.gDSP_only.iDSP/inferred_dsp.use_p_reg.p_reg_reg.
DSP Report: operator gDSP.gDSP_only.iDSP/multOp is absorbed into DSP gDSP.gDSP_only.iDSP/inferred_dsp.use_p_reg.p_reg_reg.
DSP Report: Generating DSP gDSP.gDSP_only.iDSP/inferred_dsp.use_p_reg.p_reg_reg, operation Mode is: (A2*B2)'.
DSP Report: register gDSP.gDSP_only.iDSP/inferred_dsp.reg_inputs.b_reg_reg is absorbed into DSP gDSP.gDSP_only.iDSP/inferred_dsp.use_p_reg.p_reg_reg.
DSP Report: register gDSP.gDSP_only.iDSP/inferred_dsp.reg_inputs.a_reg_reg is absorbed into DSP gDSP.gDSP_only.iDSP/inferred_dsp.use_p_reg.p_reg_reg.
DSP Report: register gDSP.gDSP_only.iDSP/inferred_dsp.use_p_reg.p_reg_reg is absorbed into DSP gDSP.gDSP_only.iDSP/inferred_dsp.use_p_reg.p_reg_reg.
DSP Report: register gDSP.gDSP_only.iDSP/inferred_dsp.reg_mult.m_reg_reg is absorbed into DSP gDSP.gDSP_only.iDSP/inferred_dsp.use_p_reg.p_reg_reg.
DSP Report: operator gDSP.gDSP_only.iDSP/multOp is absorbed into DSP gDSP.gDSP_only.iDSP/inferred_dsp.use_p_reg.p_reg_reg.
DSP Report: Generating DSP gDSP.gDSP_only.iDSP/inferred_dsp.use_p_reg.p_reg_reg, operation Mode is: (A2*B2)'.
DSP Report: register gDSP.gDSP_only.iDSP/inferred_dsp.reg_inputs.b_reg_reg is absorbed into DSP gDSP.gDSP_only.iDSP/inferred_dsp.use_p_reg.p_reg_reg.
DSP Report: register gDSP.gDSP_only.iDSP/inferred_dsp.reg_inputs.a_reg_reg is absorbed into DSP gDSP.gDSP_only.iDSP/inferred_dsp.use_p_reg.p_reg_reg.
DSP Report: register gDSP.gDSP_only.iDSP/inferred_dsp.use_p_reg.p_reg_reg is absorbed into DSP gDSP.gDSP_only.iDSP/inferred_dsp.use_p_reg.p_reg_reg.
DSP Report: register gDSP.gDSP_only.iDSP/inferred_dsp.reg_mult.m_reg_reg is absorbed into DSP gDSP.gDSP_only.iDSP/inferred_dsp.use_p_reg.p_reg_reg.
DSP Report: operator gDSP.gDSP_only.iDSP/multOp is absorbed into DSP gDSP.gDSP_only.iDSP/inferred_dsp.use_p_reg.p_reg_reg.
DSP Report: Generating DSP gDSP.gDSP_only.iDSP/inferred_dsp.use_p_reg.p_reg_reg, operation Mode is: (A2*B2)'.
DSP Report: register gDSP.gDSP_only.iDSP/inferred_dsp.reg_inputs.b_reg_reg is absorbed into DSP gDSP.gDSP_only.iDSP/inferred_dsp.use_p_reg.p_reg_reg.
DSP Report: register gDSP.gDSP_only.iDSP/inferred_dsp.reg_inputs.a_reg_reg is absorbed into DSP gDSP.gDSP_only.iDSP/inferred_dsp.use_p_reg.p_reg_reg.
DSP Report: register gDSP.gDSP_only.iDSP/inferred_dsp.use_p_reg.p_reg_reg is absorbed into DSP gDSP.gDSP_only.iDSP/inferred_dsp.use_p_reg.p_reg_reg.
DSP Report: register gDSP.gDSP_only.iDSP/inferred_dsp.reg_mult.m_reg_reg is absorbed into DSP gDSP.gDSP_only.iDSP/inferred_dsp.use_p_reg.p_reg_reg.
DSP Report: operator gDSP.gDSP_only.iDSP/multOp is absorbed into DSP gDSP.gDSP_only.iDSP/inferred_dsp.use_p_reg.p_reg_reg.
DSP Report: Generating DSP gDSP.gDSP_only.iDSP/inferred_dsp.use_p_reg.p_reg_reg, operation Mode is: (A2*B2)'.
DSP Report: register gDSP.gDSP_only.iDSP/inferred_dsp.reg_inputs.b_reg_reg is absorbed into DSP gDSP.gDSP_only.iDSP/inferred_dsp.use_p_reg.p_reg_reg.
DSP Report: register gDSP.gDSP_only.iDSP/inferred_dsp.reg_inputs.a_reg_reg is absorbed into DSP gDSP.gDSP_only.iDSP/inferred_dsp.use_p_reg.p_reg_reg.
DSP Report: register gDSP.gDSP_only.iDSP/inferred_dsp.use_p_reg.p_reg_reg is absorbed into DSP gDSP.gDSP_only.iDSP/inferred_dsp.use_p_reg.p_reg_reg.
DSP Report: register gDSP.gDSP_only.iDSP/inferred_dsp.reg_mult.m_reg_reg is absorbed into DSP gDSP.gDSP_only.iDSP/inferred_dsp.use_p_reg.p_reg_reg.
DSP Report: operator gDSP.gDSP_only.iDSP/multOp is absorbed into DSP gDSP.gDSP_only.iDSP/inferred_dsp.use_p_reg.p_reg_reg.
INFO: [Synth 8-5845] Not enough pipeline registers after wide multiplier. Recommended levels of pipeline registers is 2 [d:/DOAN/DATN_RTL/DATN_VIVADO/project_2/project_2.gen/sources_1/bd/SoC/ipshared/013e/src/SPU_Quantize_Q8_0.v:413]
DSP Report: Generating DSP deq_s2_mul0, operation Mode is: A2*B''.
DSP Report: register deq_s2_mul0 is absorbed into DSP deq_s2_mul0.
DSP Report: register deq_s2_mul0 is absorbed into DSP deq_s2_mul0.
DSP Report: register deq_s2_mul0 is absorbed into DSP deq_s2_mul0.
DSP Report: operator deq_s2_mul0 is absorbed into DSP deq_s2_mul0.
DSP Report: operator deq_s2_mul0 is absorbed into DSP deq_s2_mul0.
DSP Report: Generating DSP deq_s2_mul_reg, operation Mode is: (PCIN>>17)+A''*B2.
DSP Report: register deq_s1_raw_reg is absorbed into DSP deq_s2_mul_reg.
DSP Report: register deq_s2_mul_reg is absorbed into DSP deq_s2_mul_reg.
DSP Report: register deq_s2_mul_reg is absorbed into DSP deq_s2_mul_reg.
DSP Report: register deq_s2_mul_reg is absorbed into DSP deq_s2_mul_reg.
DSP Report: operator deq_s2_mul0 is absorbed into DSP deq_s2_mul_reg.
DSP Report: operator deq_s2_mul0 is absorbed into DSP deq_s2_mul_reg.
DSP Report: Generating DSP gDSP.gDSP_only.iDSP/inferred_dsp.use_p_reg.p_reg_reg, operation Mode is: (A2*B2)'.
DSP Report: register gDSP.gDSP_only.iDSP/inferred_dsp.reg_inputs.b_reg_reg is absorbed into DSP gDSP.gDSP_only.iDSP/inferred_dsp.use_p_reg.p_reg_reg.
DSP Report: register gDSP.gDSP_only.iDSP/inferred_dsp.reg_inputs.a_reg_reg is absorbed into DSP gDSP.gDSP_only.iDSP/inferred_dsp.use_p_reg.p_reg_reg.
DSP Report: register gDSP.gDSP_only.iDSP/inferred_dsp.use_p_reg.p_reg_reg is absorbed into DSP gDSP.gDSP_only.iDSP/inferred_dsp.use_p_reg.p_reg_reg.
DSP Report: register gDSP.gDSP_only.iDSP/inferred_dsp.reg_mult.m_reg_reg is absorbed into DSP gDSP.gDSP_only.iDSP/inferred_dsp.use_p_reg.p_reg_reg.
DSP Report: operator gDSP.gDSP_only.iDSP/multOp is absorbed into DSP gDSP.gDSP_only.iDSP/inferred_dsp.use_p_reg.p_reg_reg.
DSP Report: Generating DSP gDSP.gDSP_only.iDSP/inferred_dsp.use_p_reg.p_reg_reg, operation Mode is: (A2*B2)'.
DSP Report: register gDSP.gDSP_only.iDSP/inferred_dsp.reg_inputs.b_reg_reg is absorbed into DSP gDSP.gDSP_only.iDSP/inferred_dsp.use_p_reg.p_reg_reg.
DSP Report: register gDSP.gDSP_only.iDSP/inferred_dsp.reg_inputs.a_reg_reg is absorbed into DSP gDSP.gDSP_only.iDSP/inferred_dsp.use_p_reg.p_reg_reg.
DSP Report: register gDSP.gDSP_only.iDSP/inferred_dsp.use_p_reg.p_reg_reg is absorbed into DSP gDSP.gDSP_only.iDSP/inferred_dsp.use_p_reg.p_reg_reg.
DSP Report: register gDSP.gDSP_only.iDSP/inferred_dsp.reg_mult.m_reg_reg is absorbed into DSP gDSP.gDSP_only.iDSP/inferred_dsp.use_p_reg.p_reg_reg.
DSP Report: operator gDSP.gDSP_only.iDSP/multOp is absorbed into DSP gDSP.gDSP_only.iDSP/inferred_dsp.use_p_reg.p_reg_reg.
DSP Report: Generating DSP gDSP.gDSP_only.iDSP/inferred_dsp.use_p_reg.p_reg_reg, operation Mode is: (A2*B2)'.
DSP Report: register gDSP.gDSP_only.iDSP/inferred_dsp.reg_inputs.b_reg_reg is absorbed into DSP gDSP.gDSP_only.iDSP/inferred_dsp.use_p_reg.p_reg_reg.
DSP Report: register gDSP.gDSP_only.iDSP/inferred_dsp.reg_inputs.a_reg_reg is absorbed into DSP gDSP.gDSP_only.iDSP/inferred_dsp.use_p_reg.p_reg_reg.
DSP Report: register gDSP.gDSP_only.iDSP/inferred_dsp.use_p_reg.p_reg_reg is absorbed into DSP gDSP.gDSP_only.iDSP/inferred_dsp.use_p_reg.p_reg_reg.
DSP Report: register gDSP.gDSP_only.iDSP/inferred_dsp.reg_mult.m_reg_reg is absorbed into DSP gDSP.gDSP_only.iDSP/inferred_dsp.use_p_reg.p_reg_reg.
DSP Report: operator gDSP.gDSP_only.iDSP/multOp is absorbed into DSP gDSP.gDSP_only.iDSP/inferred_dsp.use_p_reg.p_reg_reg.
DSP Report: Generating DSP gDSP.gDSP_only.iDSP/inferred_dsp.use_p_reg.p_reg_reg, operation Mode is: (A2*B2)'.
DSP Report: register gDSP.gDSP_only.iDSP/inferred_dsp.reg_inputs.b_reg_reg is absorbed into DSP gDSP.gDSP_only.iDSP/inferred_dsp.use_p_reg.p_reg_reg.
DSP Report: register gDSP.gDSP_only.iDSP/inferred_dsp.reg_inputs.a_reg_reg is absorbed into DSP gDSP.gDSP_only.iDSP/inferred_dsp.use_p_reg.p_reg_reg.
DSP Report: register gDSP.gDSP_only.iDSP/inferred_dsp.use_p_reg.p_reg_reg is absorbed into DSP gDSP.gDSP_only.iDSP/inferred_dsp.use_p_reg.p_reg_reg.
DSP Report: register gDSP.gDSP_only.iDSP/inferred_dsp.reg_mult.m_reg_reg is absorbed into DSP gDSP.gDSP_only.iDSP/inferred_dsp.use_p_reg.p_reg_reg.
DSP Report: operator gDSP.gDSP_only.iDSP/multOp is absorbed into DSP gDSP.gDSP_only.iDSP/inferred_dsp.use_p_reg.p_reg_reg.
DSP Report: Generating DSP gDSP.gDSP_only.iDSP/inferred_dsp.use_p_reg.p_reg_reg, operation Mode is: (A2*B2)'.
DSP Report: register gDSP.gDSP_only.iDSP/inferred_dsp.reg_inputs.b_reg_reg is absorbed into DSP gDSP.gDSP_only.iDSP/inferred_dsp.use_p_reg.p_reg_reg.
DSP Report: register gDSP.gDSP_only.iDSP/inferred_dsp.reg_inputs.a_reg_reg is absorbed into DSP gDSP.gDSP_only.iDSP/inferred_dsp.use_p_reg.p_reg_reg.
DSP Report: register gDSP.gDSP_only.iDSP/inferred_dsp.use_p_reg.p_reg_reg is absorbed into DSP gDSP.gDSP_only.iDSP/inferred_dsp.use_p_reg.p_reg_reg.
DSP Report: register gDSP.gDSP_only.iDSP/inferred_dsp.reg_mult.m_reg_reg is absorbed into DSP gDSP.gDSP_only.iDSP/inferred_dsp.use_p_reg.p_reg_reg.
DSP Report: operator gDSP.gDSP_only.iDSP/multOp is absorbed into DSP gDSP.gDSP_only.iDSP/inferred_dsp.use_p_reg.p_reg_reg.
DSP Report: Generating DSP gDSP.gDSP_only.iDSP/inferred_dsp.use_p_reg.p_reg_reg, operation Mode is: (A2*B2)'.
DSP Report: register gDSP.gDSP_only.iDSP/inferred_dsp.reg_inputs.b_reg_reg is absorbed into DSP gDSP.gDSP_only.iDSP/inferred_dsp.use_p_reg.p_reg_reg.
DSP Report: register gDSP.gDSP_only.iDSP/inferred_dsp.reg_inputs.a_reg_reg is absorbed into DSP gDSP.gDSP_only.iDSP/inferred_dsp.use_p_reg.p_reg_reg.
DSP Report: register gDSP.gDSP_only.iDSP/inferred_dsp.use_p_reg.p_reg_reg is absorbed into DSP gDSP.gDSP_only.iDSP/inferred_dsp.use_p_reg.p_reg_reg.
DSP Report: register gDSP.gDSP_only.iDSP/inferred_dsp.reg_mult.m_reg_reg is absorbed into DSP gDSP.gDSP_only.iDSP/inferred_dsp.use_p_reg.p_reg_reg.
DSP Report: operator gDSP.gDSP_only.iDSP/multOp is absorbed into DSP gDSP.gDSP_only.iDSP/inferred_dsp.use_p_reg.p_reg_reg.
DSP Report: Generating DSP gDSP.gDSP_only.iDSP/inferred_dsp.use_p_reg.p_reg_reg, operation Mode is: (A2*B2)'.
DSP Report: register gDSP.gDSP_only.iDSP/inferred_dsp.reg_inputs.b_reg_reg is absorbed into DSP gDSP.gDSP_only.iDSP/inferred_dsp.use_p_reg.p_reg_reg.
DSP Report: register gDSP.gDSP_only.iDSP/inferred_dsp.reg_inputs.a_reg_reg is absorbed into DSP gDSP.gDSP_only.iDSP/inferred_dsp.use_p_reg.p_reg_reg.
DSP Report: register gDSP.gDSP_only.iDSP/inferred_dsp.use_p_reg.p_reg_reg is absorbed into DSP gDSP.gDSP_only.iDSP/inferred_dsp.use_p_reg.p_reg_reg.
DSP Report: register gDSP.gDSP_only.iDSP/inferred_dsp.reg_mult.m_reg_reg is absorbed into DSP gDSP.gDSP_only.iDSP/inferred_dsp.use_p_reg.p_reg_reg.
DSP Report: operator gDSP.gDSP_only.iDSP/multOp is absorbed into DSP gDSP.gDSP_only.iDSP/inferred_dsp.use_p_reg.p_reg_reg.
DSP Report: Generating DSP gDSP.gDSP_only.iDSP/inferred_dsp.use_p_reg.p_reg_reg, operation Mode is: (A2*B2)'.
DSP Report: register gDSP.gDSP_only.iDSP/inferred_dsp.reg_inputs.b_reg_reg is absorbed into DSP gDSP.gDSP_only.iDSP/inferred_dsp.use_p_reg.p_reg_reg.
DSP Report: register gDSP.gDSP_only.iDSP/inferred_dsp.reg_inputs.a_reg_reg is absorbed into DSP gDSP.gDSP_only.iDSP/inferred_dsp.use_p_reg.p_reg_reg.
DSP Report: register gDSP.gDSP_only.iDSP/inferred_dsp.use_p_reg.p_reg_reg is absorbed into DSP gDSP.gDSP_only.iDSP/inferred_dsp.use_p_reg.p_reg_reg.
DSP Report: register gDSP.gDSP_only.iDSP/inferred_dsp.reg_mult.m_reg_reg is absorbed into DSP gDSP.gDSP_only.iDSP/inferred_dsp.use_p_reg.p_reg_reg.
DSP Report: operator gDSP.gDSP_only.iDSP/multOp is absorbed into DSP gDSP.gDSP_only.iDSP/inferred_dsp.use_p_reg.p_reg_reg.
DSP Report: Generating DSP gDSP.gDSP_only.iDSP/inferred_dsp.use_p_reg.p_reg_reg, operation Mode is: (A2*B2)'.
DSP Report: register gDSP.gDSP_only.iDSP/inferred_dsp.reg_inputs.b_reg_reg is absorbed into DSP gDSP.gDSP_only.iDSP/inferred_dsp.use_p_reg.p_reg_reg.
DSP Report: register gDSP.gDSP_only.iDSP/inferred_dsp.reg_inputs.a_reg_reg is absorbed into DSP gDSP.gDSP_only.iDSP/inferred_dsp.use_p_reg.p_reg_reg.
DSP Report: register gDSP.gDSP_only.iDSP/inferred_dsp.use_p_reg.p_reg_reg is absorbed into DSP gDSP.gDSP_only.iDSP/inferred_dsp.use_p_reg.p_reg_reg.
DSP Report: register gDSP.gDSP_only.iDSP/inferred_dsp.reg_mult.m_reg_reg is absorbed into DSP gDSP.gDSP_only.iDSP/inferred_dsp.use_p_reg.p_reg_reg.
DSP Report: operator gDSP.gDSP_only.iDSP/multOp is absorbed into DSP gDSP.gDSP_only.iDSP/inferred_dsp.use_p_reg.p_reg_reg.
DSP Report: Generating DSP gDSP.gDSP_only.iDSP/inferred_dsp.use_p_reg.p_reg_reg, operation Mode is: (A2*B2)'.
DSP Report: register gDSP.gDSP_only.iDSP/inferred_dsp.reg_inputs.b_reg_reg is absorbed into DSP gDSP.gDSP_only.iDSP/inferred_dsp.use_p_reg.p_reg_reg.
DSP Report: register gDSP.gDSP_only.iDSP/inferred_dsp.reg_inputs.a_reg_reg is absorbed into DSP gDSP.gDSP_only.iDSP/inferred_dsp.use_p_reg.p_reg_reg.
DSP Report: register gDSP.gDSP_only.iDSP/inferred_dsp.use_p_reg.p_reg_reg is absorbed into DSP gDSP.gDSP_only.iDSP/inferred_dsp.use_p_reg.p_reg_reg.
DSP Report: register gDSP.gDSP_only.iDSP/inferred_dsp.reg_mult.m_reg_reg is absorbed into DSP gDSP.gDSP_only.iDSP/inferred_dsp.use_p_reg.p_reg_reg.
DSP Report: operator gDSP.gDSP_only.iDSP/multOp is absorbed into DSP gDSP.gDSP_only.iDSP/inferred_dsp.use_p_reg.p_reg_reg.
DSP Report: Generating DSP gDSP.gDSP_only.iDSP/inferred_dsp.use_p_reg.p_reg_reg, operation Mode is: (A2*B2)'.
DSP Report: register gDSP.gDSP_only.iDSP/inferred_dsp.reg_inputs.b_reg_reg is absorbed into DSP gDSP.gDSP_only.iDSP/inferred_dsp.use_p_reg.p_reg_reg.
DSP Report: register gDSP.gDSP_only.iDSP/inferred_dsp.reg_inputs.a_reg_reg is absorbed into DSP gDSP.gDSP_only.iDSP/inferred_dsp.use_p_reg.p_reg_reg.
DSP Report: register gDSP.gDSP_only.iDSP/inferred_dsp.use_p_reg.p_reg_reg is absorbed into DSP gDSP.gDSP_only.iDSP/inferred_dsp.use_p_reg.p_reg_reg.
DSP Report: register gDSP.gDSP_only.iDSP/inferred_dsp.reg_mult.m_reg_reg is absorbed into DSP gDSP.gDSP_only.iDSP/inferred_dsp.use_p_reg.p_reg_reg.
DSP Report: operator gDSP.gDSP_only.iDSP/multOp is absorbed into DSP gDSP.gDSP_only.iDSP/inferred_dsp.use_p_reg.p_reg_reg.
DSP Report: Generating DSP gDSP.gDSP_only.iDSP/inferred_dsp.use_p_reg.p_reg_reg, operation Mode is: (A2*B2)'.
DSP Report: register gDSP.gDSP_only.iDSP/inferred_dsp.reg_inputs.b_reg_reg is absorbed into DSP gDSP.gDSP_only.iDSP/inferred_dsp.use_p_reg.p_reg_reg.
DSP Report: register gDSP.gDSP_only.iDSP/inferred_dsp.reg_inputs.a_reg_reg is absorbed into DSP gDSP.gDSP_only.iDSP/inferred_dsp.use_p_reg.p_reg_reg.
DSP Report: register gDSP.gDSP_only.iDSP/inferred_dsp.use_p_reg.p_reg_reg is absorbed into DSP gDSP.gDSP_only.iDSP/inferred_dsp.use_p_reg.p_reg_reg.
DSP Report: register gDSP.gDSP_only.iDSP/inferred_dsp.reg_mult.m_reg_reg is absorbed into DSP gDSP.gDSP_only.iDSP/inferred_dsp.use_p_reg.p_reg_reg.
DSP Report: operator gDSP.gDSP_only.iDSP/multOp is absorbed into DSP gDSP.gDSP_only.iDSP/inferred_dsp.use_p_reg.p_reg_reg.
DSP Report: Generating DSP gDSP.gDSP_only.iDSP/inferred_dsp.use_p_reg.p_reg_reg, operation Mode is: (A2*B2)'.
DSP Report: register gDSP.gDSP_only.iDSP/inferred_dsp.reg_inputs.b_reg_reg is absorbed into DSP gDSP.gDSP_only.iDSP/inferred_dsp.use_p_reg.p_reg_reg.
DSP Report: register gDSP.gDSP_only.iDSP/inferred_dsp.reg_inputs.a_reg_reg is absorbed into DSP gDSP.gDSP_only.iDSP/inferred_dsp.use_p_reg.p_reg_reg.
DSP Report: register gDSP.gDSP_only.iDSP/inferred_dsp.use_p_reg.p_reg_reg is absorbed into DSP gDSP.gDSP_only.iDSP/inferred_dsp.use_p_reg.p_reg_reg.
DSP Report: register gDSP.gDSP_only.iDSP/inferred_dsp.reg_mult.m_reg_reg is absorbed into DSP gDSP.gDSP_only.iDSP/inferred_dsp.use_p_reg.p_reg_reg.
DSP Report: operator gDSP.gDSP_only.iDSP/multOp is absorbed into DSP gDSP.gDSP_only.iDSP/inferred_dsp.use_p_reg.p_reg_reg.
DSP Report: Generating DSP gDSP.gDSP_only.iDSP/inferred_dsp.use_p_reg.p_reg_reg, operation Mode is: (A2*B2)'.
DSP Report: register gDSP.gDSP_only.iDSP/inferred_dsp.reg_inputs.b_reg_reg is absorbed into DSP gDSP.gDSP_only.iDSP/inferred_dsp.use_p_reg.p_reg_reg.
DSP Report: register gDSP.gDSP_only.iDSP/inferred_dsp.reg_inputs.a_reg_reg is absorbed into DSP gDSP.gDSP_only.iDSP/inferred_dsp.use_p_reg.p_reg_reg.
DSP Report: register gDSP.gDSP_only.iDSP/inferred_dsp.use_p_reg.p_reg_reg is absorbed into DSP gDSP.gDSP_only.iDSP/inferred_dsp.use_p_reg.p_reg_reg.
DSP Report: register gDSP.gDSP_only.iDSP/inferred_dsp.reg_mult.m_reg_reg is absorbed into DSP gDSP.gDSP_only.iDSP/inferred_dsp.use_p_reg.p_reg_reg.
DSP Report: operator gDSP.gDSP_only.iDSP/multOp is absorbed into DSP gDSP.gDSP_only.iDSP/inferred_dsp.use_p_reg.p_reg_reg.
DSP Report: Generating DSP gDSP.gDSP_only.iDSP/inferred_dsp.use_p_reg.p_reg_reg, operation Mode is: (A2*B2)'.
DSP Report: register gDSP.gDSP_only.iDSP/inferred_dsp.reg_inputs.b_reg_reg is absorbed into DSP gDSP.gDSP_only.iDSP/inferred_dsp.use_p_reg.p_reg_reg.
DSP Report: register gDSP.gDSP_only.iDSP/inferred_dsp.reg_inputs.a_reg_reg is absorbed into DSP gDSP.gDSP_only.iDSP/inferred_dsp.use_p_reg.p_reg_reg.
DSP Report: register gDSP.gDSP_only.iDSP/inferred_dsp.use_p_reg.p_reg_reg is absorbed into DSP gDSP.gDSP_only.iDSP/inferred_dsp.use_p_reg.p_reg_reg.
DSP Report: register gDSP.gDSP_only.iDSP/inferred_dsp.reg_mult.m_reg_reg is absorbed into DSP gDSP.gDSP_only.iDSP/inferred_dsp.use_p_reg.p_reg_reg.
DSP Report: operator gDSP.gDSP_only.iDSP/multOp is absorbed into DSP gDSP.gDSP_only.iDSP/inferred_dsp.use_p_reg.p_reg_reg.
DSP Report: Generating DSP gDSP.gDSP_only.iDSP/inferred_dsp.use_p_reg.p_reg_reg, operation Mode is: (A2*B2)'.
DSP Report: register gDSP.gDSP_only.iDSP/inferred_dsp.reg_inputs.b_reg_reg is absorbed into DSP gDSP.gDSP_only.iDSP/inferred_dsp.use_p_reg.p_reg_reg.
DSP Report: register gDSP.gDSP_only.iDSP/inferred_dsp.reg_inputs.a_reg_reg is absorbed into DSP gDSP.gDSP_only.iDSP/inferred_dsp.use_p_reg.p_reg_reg.
DSP Report: register gDSP.gDSP_only.iDSP/inferred_dsp.use_p_reg.p_reg_reg is absorbed into DSP gDSP.gDSP_only.iDSP/inferred_dsp.use_p_reg.p_reg_reg.
DSP Report: register gDSP.gDSP_only.iDSP/inferred_dsp.reg_mult.m_reg_reg is absorbed into DSP gDSP.gDSP_only.iDSP/inferred_dsp.use_p_reg.p_reg_reg.
DSP Report: operator gDSP.gDSP_only.iDSP/multOp is absorbed into DSP gDSP.gDSP_only.iDSP/inferred_dsp.use_p_reg.p_reg_reg.
INFO: [Synth 8-5845] Not enough pipeline registers after wide multiplier. Recommended levels of pipeline registers is 2 [d:/DOAN/DATN_RTL/DATN_VIVADO/project_2/project_2.gen/sources_1/bd/SoC/ipshared/013e/src/SPU_Quantize_Q8_0.v:413]
DSP Report: Generating DSP deq_s2_mul0, operation Mode is: A2*B''.
DSP Report: register deq_s2_mul0 is absorbed into DSP deq_s2_mul0.
DSP Report: register deq_s2_mul0 is absorbed into DSP deq_s2_mul0.
DSP Report: register deq_s2_mul0 is absorbed into DSP deq_s2_mul0.
DSP Report: operator deq_s2_mul0 is absorbed into DSP deq_s2_mul0.
DSP Report: operator deq_s2_mul0 is absorbed into DSP deq_s2_mul0.
DSP Report: Generating DSP deq_s2_mul_reg, operation Mode is: (PCIN>>17)+A''*B2.
DSP Report: register deq_s1_raw_reg is absorbed into DSP deq_s2_mul_reg.
DSP Report: register deq_s2_mul_reg is absorbed into DSP deq_s2_mul_reg.
DSP Report: register deq_s2_mul_reg is absorbed into DSP deq_s2_mul_reg.
DSP Report: register deq_s2_mul_reg is absorbed into DSP deq_s2_mul_reg.
DSP Report: operator deq_s2_mul0 is absorbed into DSP deq_s2_mul_reg.
DSP Report: operator deq_s2_mul0 is absorbed into DSP deq_s2_mul_reg.
INFO: [Synth 8-4471] merging register 'result_write_lane_r_reg[3:0]' into 'result_write_lane_r_reg[3:0]' [d:/DOAN/DATN_RTL/DATN_VIVADO/project_2/project_2.gen/sources_1/bd/SoC/ipshared/013e/src/SPU_Q8_Scale_Accum.v:1352]
INFO: [Synth 8-4471] merging register 'result_write_lane_r_reg[3:0]' into 'result_write_lane_r_reg[3:0]' [d:/DOAN/DATN_RTL/DATN_VIVADO/project_2/project_2.gen/sources_1/bd/SoC/ipshared/013e/src/SPU_Q8_Scale_Accum.v:1352]
INFO: [Synth 8-4471] merging register 'result_write_lane_r_reg[3:0]' into 'result_write_lane_r_reg[3:0]' [d:/DOAN/DATN_RTL/DATN_VIVADO/project_2/project_2.gen/sources_1/bd/SoC/ipshared/013e/src/SPU_Q8_Scale_Accum.v:1352]
DSP Report: Generating DSP gDSP.gDSP_only.iDSP/inferred_dsp.use_p_reg.p_reg_reg, operation Mode is: (A2*B2)'.
DSP Report: register gDSP.gDSP_only.iDSP/inferred_dsp.reg_inputs.b_reg_reg is absorbed into DSP gDSP.gDSP_only.iDSP/inferred_dsp.use_p_reg.p_reg_reg.
DSP Report: register gDSP.gDSP_only.iDSP/inferred_dsp.reg_inputs.a_reg_reg is absorbed into DSP gDSP.gDSP_only.iDSP/inferred_dsp.use_p_reg.p_reg_reg.
DSP Report: register gDSP.gDSP_only.iDSP/inferred_dsp.use_p_reg.p_reg_reg is absorbed into DSP gDSP.gDSP_only.iDSP/inferred_dsp.use_p_reg.p_reg_reg.
DSP Report: register gDSP.gDSP_only.iDSP/inferred_dsp.reg_mult.m_reg_reg is absorbed into DSP gDSP.gDSP_only.iDSP/inferred_dsp.use_p_reg.p_reg_reg.
DSP Report: operator gDSP.gDSP_only.iDSP/multOp is absorbed into DSP gDSP.gDSP_only.iDSP/inferred_dsp.use_p_reg.p_reg_reg.
DSP Report: Generating DSP gDSP.gDSP_only.iDSP/inferred_dsp.use_p_reg.p_reg_reg, operation Mode is: (A2*B2)'.
DSP Report: register gDSP.gDSP_only.iDSP/inferred_dsp.reg_inputs.b_reg_reg is absorbed into DSP gDSP.gDSP_only.iDSP/inferred_dsp.use_p_reg.p_reg_reg.
DSP Report: register gDSP.gDSP_only.iDSP/inferred_dsp.reg_inputs.a_reg_reg is absorbed into DSP gDSP.gDSP_only.iDSP/inferred_dsp.use_p_reg.p_reg_reg.
DSP Report: register gDSP.gDSP_only.iDSP/inferred_dsp.use_p_reg.p_reg_reg is absorbed into DSP gDSP.gDSP_only.iDSP/inferred_dsp.use_p_reg.p_reg_reg.
DSP Report: register gDSP.gDSP_only.iDSP/inferred_dsp.reg_mult.m_reg_reg is absorbed into DSP gDSP.gDSP_only.iDSP/inferred_dsp.use_p_reg.p_reg_reg.
DSP Report: operator gDSP.gDSP_only.iDSP/multOp is absorbed into DSP gDSP.gDSP_only.iDSP/inferred_dsp.use_p_reg.p_reg_reg.
DSP Report: Generating DSP gDSP.gDSP_only.iDSP/inferred_dsp.use_p_reg.p_reg_reg, operation Mode is: (A2*B2)'.
DSP Report: register gDSP.gDSP_only.iDSP/inferred_dsp.reg_inputs.b_reg_reg is absorbed into DSP gDSP.gDSP_only.iDSP/inferred_dsp.use_p_reg.p_reg_reg.
DSP Report: register gDSP.gDSP_only.iDSP/inferred_dsp.reg_inputs.a_reg_reg is absorbed into DSP gDSP.gDSP_only.iDSP/inferred_dsp.use_p_reg.p_reg_reg.
DSP Report: register gDSP.gDSP_only.iDSP/inferred_dsp.use_p_reg.p_reg_reg is absorbed into DSP gDSP.gDSP_only.iDSP/inferred_dsp.use_p_reg.p_reg_reg.
DSP Report: register gDSP.gDSP_only.iDSP/inferred_dsp.reg_mult.m_reg_reg is absorbed into DSP gDSP.gDSP_only.iDSP/inferred_dsp.use_p_reg.p_reg_reg.
DSP Report: operator gDSP.gDSP_only.iDSP/multOp is absorbed into DSP gDSP.gDSP_only.iDSP/inferred_dsp.use_p_reg.p_reg_reg.
DSP Report: Generating DSP gDSP.gDSP_only.iDSP/inferred_dsp.use_p_reg.p_reg_reg, operation Mode is: (A2*B2)'.
DSP Report: register gDSP.gDSP_only.iDSP/inferred_dsp.reg_inputs.b_reg_reg is absorbed into DSP gDSP.gDSP_only.iDSP/inferred_dsp.use_p_reg.p_reg_reg.
DSP Report: register gDSP.gDSP_only.iDSP/inferred_dsp.reg_inputs.a_reg_reg is absorbed into DSP gDSP.gDSP_only.iDSP/inferred_dsp.use_p_reg.p_reg_reg.
DSP Report: register gDSP.gDSP_only.iDSP/inferred_dsp.use_p_reg.p_reg_reg is absorbed into DSP gDSP.gDSP_only.iDSP/inferred_dsp.use_p_reg.p_reg_reg.
DSP Report: register gDSP.gDSP_only.iDSP/inferred_dsp.reg_mult.m_reg_reg is absorbed into DSP gDSP.gDSP_only.iDSP/inferred_dsp.use_p_reg.p_reg_reg.
DSP Report: operator gDSP.gDSP_only.iDSP/multOp is absorbed into DSP gDSP.gDSP_only.iDSP/inferred_dsp.use_p_reg.p_reg_reg.
DSP Report: Generating DSP gDSP.gDSP_only.iDSP/inferred_dsp.use_p_reg.p_reg_reg, operation Mode is: (A2*B2)'.
DSP Report: register gDSP.gDSP_only.iDSP/inferred_dsp.reg_inputs.b_reg_reg is absorbed into DSP gDSP.gDSP_only.iDSP/inferred_dsp.use_p_reg.p_reg_reg.
DSP Report: register gDSP.gDSP_only.iDSP/inferred_dsp.reg_inputs.a_reg_reg is absorbed into DSP gDSP.gDSP_only.iDSP/inferred_dsp.use_p_reg.p_reg_reg.
DSP Report: register gDSP.gDSP_only.iDSP/inferred_dsp.use_p_reg.p_reg_reg is absorbed into DSP gDSP.gDSP_only.iDSP/inferred_dsp.use_p_reg.p_reg_reg.
DSP Report: register gDSP.gDSP_only.iDSP/inferred_dsp.reg_mult.m_reg_reg is absorbed into DSP gDSP.gDSP_only.iDSP/inferred_dsp.use_p_reg.p_reg_reg.
DSP Report: operator gDSP.gDSP_only.iDSP/multOp is absorbed into DSP gDSP.gDSP_only.iDSP/inferred_dsp.use_p_reg.p_reg_reg.
DSP Report: Generating DSP gDSP.gDSP_only.iDSP/inferred_dsp.use_p_reg.p_reg_reg, operation Mode is: (A2*B2)'.
DSP Report: register gDSP.gDSP_only.iDSP/inferred_dsp.reg_inputs.b_reg_reg is absorbed into DSP gDSP.gDSP_only.iDSP/inferred_dsp.use_p_reg.p_reg_reg.
DSP Report: register gDSP.gDSP_only.iDSP/inferred_dsp.reg_inputs.a_reg_reg is absorbed into DSP gDSP.gDSP_only.iDSP/inferred_dsp.use_p_reg.p_reg_reg.
DSP Report: register gDSP.gDSP_only.iDSP/inferred_dsp.use_p_reg.p_reg_reg is absorbed into DSP gDSP.gDSP_only.iDSP/inferred_dsp.use_p_reg.p_reg_reg.
DSP Report: register gDSP.gDSP_only.iDSP/inferred_dsp.reg_mult.m_reg_reg is absorbed into DSP gDSP.gDSP_only.iDSP/inferred_dsp.use_p_reg.p_reg_reg.
DSP Report: operator gDSP.gDSP_only.iDSP/multOp is absorbed into DSP gDSP.gDSP_only.iDSP/inferred_dsp.use_p_reg.p_reg_reg.
DSP Report: Generating DSP gDSP.gDSP_only.iDSP/inferred_dsp.use_p_reg.p_reg_reg, operation Mode is: (A2*B2)'.
DSP Report: register gDSP.gDSP_only.iDSP/inferred_dsp.reg_inputs.b_reg_reg is absorbed into DSP gDSP.gDSP_only.iDSP/inferred_dsp.use_p_reg.p_reg_reg.
DSP Report: register gDSP.gDSP_only.iDSP/inferred_dsp.reg_inputs.a_reg_reg is absorbed into DSP gDSP.gDSP_only.iDSP/inferred_dsp.use_p_reg.p_reg_reg.
DSP Report: register gDSP.gDSP_only.iDSP/inferred_dsp.use_p_reg.p_reg_reg is absorbed into DSP gDSP.gDSP_only.iDSP/inferred_dsp.use_p_reg.p_reg_reg.
DSP Report: register gDSP.gDSP_only.iDSP/inferred_dsp.reg_mult.m_reg_reg is absorbed into DSP gDSP.gDSP_only.iDSP/inferred_dsp.use_p_reg.p_reg_reg.
DSP Report: operator gDSP.gDSP_only.iDSP/multOp is absorbed into DSP gDSP.gDSP_only.iDSP/inferred_dsp.use_p_reg.p_reg_reg.
DSP Report: Generating DSP gDSP.gDSP_only.iDSP/inferred_dsp.use_p_reg.p_reg_reg, operation Mode is: (A2*B2)'.
DSP Report: register gDSP.gDSP_only.iDSP/inferred_dsp.reg_inputs.b_reg_reg is absorbed into DSP gDSP.gDSP_only.iDSP/inferred_dsp.use_p_reg.p_reg_reg.
DSP Report: register gDSP.gDSP_only.iDSP/inferred_dsp.reg_inputs.a_reg_reg is absorbed into DSP gDSP.gDSP_only.iDSP/inferred_dsp.use_p_reg.p_reg_reg.
DSP Report: register gDSP.gDSP_only.iDSP/inferred_dsp.use_p_reg.p_reg_reg is absorbed into DSP gDSP.gDSP_only.iDSP/inferred_dsp.use_p_reg.p_reg_reg.
DSP Report: register gDSP.gDSP_only.iDSP/inferred_dsp.reg_mult.m_reg_reg is absorbed into DSP gDSP.gDSP_only.iDSP/inferred_dsp.use_p_reg.p_reg_reg.
DSP Report: operator gDSP.gDSP_only.iDSP/multOp is absorbed into DSP gDSP.gDSP_only.iDSP/inferred_dsp.use_p_reg.p_reg_reg.
DSP Report: Generating DSP gDSP.gDSP_only.iDSP/inferred_dsp.use_p_reg.p_reg_reg, operation Mode is: (A2*B2)'.
DSP Report: register gDSP.gDSP_only.iDSP/inferred_dsp.reg_inputs.b_reg_reg is absorbed into DSP gDSP.gDSP_only.iDSP/inferred_dsp.use_p_reg.p_reg_reg.
DSP Report: register gDSP.gDSP_only.iDSP/inferred_dsp.reg_inputs.a_reg_reg is absorbed into DSP gDSP.gDSP_only.iDSP/inferred_dsp.use_p_reg.p_reg_reg.
DSP Report: register gDSP.gDSP_only.iDSP/inferred_dsp.use_p_reg.p_reg_reg is absorbed into DSP gDSP.gDSP_only.iDSP/inferred_dsp.use_p_reg.p_reg_reg.
DSP Report: register gDSP.gDSP_only.iDSP/inferred_dsp.reg_mult.m_reg_reg is absorbed into DSP gDSP.gDSP_only.iDSP/inferred_dsp.use_p_reg.p_reg_reg.
DSP Report: operator gDSP.gDSP_only.iDSP/multOp is absorbed into DSP gDSP.gDSP_only.iDSP/inferred_dsp.use_p_reg.p_reg_reg.
DSP Report: Generating DSP gDSP.gDSP_only.iDSP/inferred_dsp.use_p_reg.p_reg_reg, operation Mode is: (A2*B2)'.
DSP Report: register gDSP.gDSP_only.iDSP/inferred_dsp.reg_inputs.b_reg_reg is absorbed into DSP gDSP.gDSP_only.iDSP/inferred_dsp.use_p_reg.p_reg_reg.
DSP Report: register gDSP.gDSP_only.iDSP/inferred_dsp.reg_inputs.a_reg_reg is absorbed into DSP gDSP.gDSP_only.iDSP/inferred_dsp.use_p_reg.p_reg_reg.
DSP Report: register gDSP.gDSP_only.iDSP/inferred_dsp.use_p_reg.p_reg_reg is absorbed into DSP gDSP.gDSP_only.iDSP/inferred_dsp.use_p_reg.p_reg_reg.
DSP Report: register gDSP.gDSP_only.iDSP/inferred_dsp.reg_mult.m_reg_reg is absorbed into DSP gDSP.gDSP_only.iDSP/inferred_dsp.use_p_reg.p_reg_reg.
DSP Report: operator gDSP.gDSP_only.iDSP/multOp is absorbed into DSP gDSP.gDSP_only.iDSP/inferred_dsp.use_p_reg.p_reg_reg.
DSP Report: Generating DSP gDSP.gDSP_only.iDSP/inferred_dsp.use_p_reg.p_reg_reg, operation Mode is: (A2*B2)'.
DSP Report: register gDSP.gDSP_only.iDSP/inferred_dsp.reg_inputs.b_reg_reg is absorbed into DSP gDSP.gDSP_only.iDSP/inferred_dsp.use_p_reg.p_reg_reg.
DSP Report: register gDSP.gDSP_only.iDSP/inferred_dsp.reg_inputs.a_reg_reg is absorbed into DSP gDSP.gDSP_only.iDSP/inferred_dsp.use_p_reg.p_reg_reg.
DSP Report: register gDSP.gDSP_only.iDSP/inferred_dsp.use_p_reg.p_reg_reg is absorbed into DSP gDSP.gDSP_only.iDSP/inferred_dsp.use_p_reg.p_reg_reg.
DSP Report: register gDSP.gDSP_only.iDSP/inferred_dsp.reg_mult.m_reg_reg is absorbed into DSP gDSP.gDSP_only.iDSP/inferred_dsp.use_p_reg.p_reg_reg.
DSP Report: operator gDSP.gDSP_only.iDSP/multOp is absorbed into DSP gDSP.gDSP_only.iDSP/inferred_dsp.use_p_reg.p_reg_reg.
DSP Report: Generating DSP gDSP.gDSP_only.iDSP/inferred_dsp.use_p_reg.p_reg_reg, operation Mode is: (A2*B2)'.
DSP Report: register gDSP.gDSP_only.iDSP/inferred_dsp.reg_inputs.b_reg_reg is absorbed into DSP gDSP.gDSP_only.iDSP/inferred_dsp.use_p_reg.p_reg_reg.
DSP Report: register gDSP.gDSP_only.iDSP/inferred_dsp.reg_inputs.a_reg_reg is absorbed into DSP gDSP.gDSP_only.iDSP/inferred_dsp.use_p_reg.p_reg_reg.
DSP Report: register gDSP.gDSP_only.iDSP/inferred_dsp.use_p_reg.p_reg_reg is absorbed into DSP gDSP.gDSP_only.iDSP/inferred_dsp.use_p_reg.p_reg_reg.
DSP Report: register gDSP.gDSP_only.iDSP/inferred_dsp.reg_mult.m_reg_reg is absorbed into DSP gDSP.gDSP_only.iDSP/inferred_dsp.use_p_reg.p_reg_reg.
DSP Report: operator gDSP.gDSP_only.iDSP/multOp is absorbed into DSP gDSP.gDSP_only.iDSP/inferred_dsp.use_p_reg.p_reg_reg.
DSP Report: Generating DSP gDSP.gDSP_only.iDSP/inferred_dsp.use_p_reg.p_reg_reg, operation Mode is: (A2*B2)'.
DSP Report: register gDSP.gDSP_only.iDSP/inferred_dsp.reg_inputs.b_reg_reg is absorbed into DSP gDSP.gDSP_only.iDSP/inferred_dsp.use_p_reg.p_reg_reg.
DSP Report: register gDSP.gDSP_only.iDSP/inferred_dsp.reg_inputs.a_reg_reg is absorbed into DSP gDSP.gDSP_only.iDSP/inferred_dsp.use_p_reg.p_reg_reg.
DSP Report: register gDSP.gDSP_only.iDSP/inferred_dsp.use_p_reg.p_reg_reg is absorbed into DSP gDSP.gDSP_only.iDSP/inferred_dsp.use_p_reg.p_reg_reg.
DSP Report: register gDSP.gDSP_only.iDSP/inferred_dsp.reg_mult.m_reg_reg is absorbed into DSP gDSP.gDSP_only.iDSP/inferred_dsp.use_p_reg.p_reg_reg.
DSP Report: operator gDSP.gDSP_only.iDSP/multOp is absorbed into DSP gDSP.gDSP_only.iDSP/inferred_dsp.use_p_reg.p_reg_reg.
DSP Report: Generating DSP gDSP.gDSP_only.iDSP/inferred_dsp.use_p_reg.p_reg_reg, operation Mode is: (A2*B2)'.
DSP Report: register gDSP.gDSP_only.iDSP/inferred_dsp.reg_inputs.b_reg_reg is absorbed into DSP gDSP.gDSP_only.iDSP/inferred_dsp.use_p_reg.p_reg_reg.
DSP Report: register gDSP.gDSP_only.iDSP/inferred_dsp.reg_inputs.a_reg_reg is absorbed into DSP gDSP.gDSP_only.iDSP/inferred_dsp.use_p_reg.p_reg_reg.
DSP Report: register gDSP.gDSP_only.iDSP/inferred_dsp.use_p_reg.p_reg_reg is absorbed into DSP gDSP.gDSP_only.iDSP/inferred_dsp.use_p_reg.p_reg_reg.
DSP Report: register gDSP.gDSP_only.iDSP/inferred_dsp.reg_mult.m_reg_reg is absorbed into DSP gDSP.gDSP_only.iDSP/inferred_dsp.use_p_reg.p_reg_reg.
DSP Report: operator gDSP.gDSP_only.iDSP/multOp is absorbed into DSP gDSP.gDSP_only.iDSP/inferred_dsp.use_p_reg.p_reg_reg.
DSP Report: Generating DSP gDSP.gDSP_only.iDSP/inferred_dsp.use_p_reg.p_reg_reg, operation Mode is: (A2*B2)'.
DSP Report: register gDSP.gDSP_only.iDSP/inferred_dsp.reg_inputs.b_reg_reg is absorbed into DSP gDSP.gDSP_only.iDSP/inferred_dsp.use_p_reg.p_reg_reg.
DSP Report: register gDSP.gDSP_only.iDSP/inferred_dsp.reg_inputs.a_reg_reg is absorbed into DSP gDSP.gDSP_only.iDSP/inferred_dsp.use_p_reg.p_reg_reg.
DSP Report: register gDSP.gDSP_only.iDSP/inferred_dsp.use_p_reg.p_reg_reg is absorbed into DSP gDSP.gDSP_only.iDSP/inferred_dsp.use_p_reg.p_reg_reg.
DSP Report: register gDSP.gDSP_only.iDSP/inferred_dsp.reg_mult.m_reg_reg is absorbed into DSP gDSP.gDSP_only.iDSP/inferred_dsp.use_p_reg.p_reg_reg.
DSP Report: operator gDSP.gDSP_only.iDSP/multOp is absorbed into DSP gDSP.gDSP_only.iDSP/inferred_dsp.use_p_reg.p_reg_reg.
DSP Report: Generating DSP gDSP.gDSP_only.iDSP/inferred_dsp.use_p_reg.p_reg_reg, operation Mode is: (A2*B2)'.
DSP Report: register gDSP.gDSP_only.iDSP/inferred_dsp.reg_inputs.b_reg_reg is absorbed into DSP gDSP.gDSP_only.iDSP/inferred_dsp.use_p_reg.p_reg_reg.
DSP Report: register gDSP.gDSP_only.iDSP/inferred_dsp.reg_inputs.a_reg_reg is absorbed into DSP gDSP.gDSP_only.iDSP/inferred_dsp.use_p_reg.p_reg_reg.
DSP Report: register gDSP.gDSP_only.iDSP/inferred_dsp.use_p_reg.p_reg_reg is absorbed into DSP gDSP.gDSP_only.iDSP/inferred_dsp.use_p_reg.p_reg_reg.
DSP Report: register gDSP.gDSP_only.iDSP/inferred_dsp.reg_mult.m_reg_reg is absorbed into DSP gDSP.gDSP_only.iDSP/inferred_dsp.use_p_reg.p_reg_reg.
DSP Report: operator gDSP.gDSP_only.iDSP/multOp is absorbed into DSP gDSP.gDSP_only.iDSP/inferred_dsp.use_p_reg.p_reg_reg.
INFO: [Synth 8-5845] Not enough pipeline registers after wide multiplier. Recommended levels of pipeline registers is 2 [d:/DOAN/DATN_RTL/DATN_VIVADO/project_2/project_2.gen/sources_1/bd/SoC/ipshared/013e/src/SPU_Quantize_Q8_0.v:413]
DSP Report: Generating DSP deq_s2_mul0, operation Mode is: A2*B''.
DSP Report: register deq_s2_mul0 is absorbed into DSP deq_s2_mul0.
DSP Report: register deq_s2_mul0 is absorbed into DSP deq_s2_mul0.
DSP Report: register deq_s2_mul0 is absorbed into DSP deq_s2_mul0.
DSP Report: operator deq_s2_mul0 is absorbed into DSP deq_s2_mul0.
DSP Report: operator deq_s2_mul0 is absorbed into DSP deq_s2_mul0.
DSP Report: Generating DSP deq_s2_mul_reg, operation Mode is: (PCIN>>17)+A''*B2.
DSP Report: register deq_s1_raw_reg is absorbed into DSP deq_s2_mul_reg.
DSP Report: register deq_s2_mul_reg is absorbed into DSP deq_s2_mul_reg.
DSP Report: register deq_s2_mul_reg is absorbed into DSP deq_s2_mul_reg.
DSP Report: register deq_s2_mul_reg is absorbed into DSP deq_s2_mul_reg.
DSP Report: operator deq_s2_mul0 is absorbed into DSP deq_s2_mul_reg.
DSP Report: operator deq_s2_mul0 is absorbed into DSP deq_s2_mul_reg.
DSP Report: Generating DSP gDSP.gDSP_only.iDSP/inferred_dsp.use_p_reg.p_reg_reg, operation Mode is: (A2*B2)'.
DSP Report: register gDSP.gDSP_only.iDSP/inferred_dsp.reg_inputs.b_reg_reg is absorbed into DSP gDSP.gDSP_only.iDSP/inferred_dsp.use_p_reg.p_reg_reg.
DSP Report: register gDSP.gDSP_only.iDSP/inferred_dsp.reg_inputs.a_reg_reg is absorbed into DSP gDSP.gDSP_only.iDSP/inferred_dsp.use_p_reg.p_reg_reg.
DSP Report: register gDSP.gDSP_only.iDSP/inferred_dsp.use_p_reg.p_reg_reg is absorbed into DSP gDSP.gDSP_only.iDSP/inferred_dsp.use_p_reg.p_reg_reg.
DSP Report: register gDSP.gDSP_only.iDSP/inferred_dsp.reg_mult.m_reg_reg is absorbed into DSP gDSP.gDSP_only.iDSP/inferred_dsp.use_p_reg.p_reg_reg.
DSP Report: operator gDSP.gDSP_only.iDSP/multOp is absorbed into DSP gDSP.gDSP_only.iDSP/inferred_dsp.use_p_reg.p_reg_reg.
DSP Report: Generating DSP gDSP.gDSP_only.iDSP/inferred_dsp.use_p_reg.p_reg_reg, operation Mode is: (A2*B2)'.
DSP Report: register gDSP.gDSP_only.iDSP/inferred_dsp.reg_inputs.b_reg_reg is absorbed into DSP gDSP.gDSP_only.iDSP/inferred_dsp.use_p_reg.p_reg_reg.
DSP Report: register gDSP.gDSP_only.iDSP/inferred_dsp.reg_inputs.a_reg_reg is absorbed into DSP gDSP.gDSP_only.iDSP/inferred_dsp.use_p_reg.p_reg_reg.
DSP Report: register gDSP.gDSP_only.iDSP/inferred_dsp.use_p_reg.p_reg_reg is absorbed into DSP gDSP.gDSP_only.iDSP/inferred_dsp.use_p_reg.p_reg_reg.
DSP Report: register gDSP.gDSP_only.iDSP/inferred_dsp.reg_mult.m_reg_reg is absorbed into DSP gDSP.gDSP_only.iDSP/inferred_dsp.use_p_reg.p_reg_reg.
DSP Report: operator gDSP.gDSP_only.iDSP/multOp is absorbed into DSP gDSP.gDSP_only.iDSP/inferred_dsp.use_p_reg.p_reg_reg.
DSP Report: Generating DSP gDSP.gDSP_only.iDSP/inferred_dsp.use_p_reg.p_reg_reg, operation Mode is: (A2*B2)'.
DSP Report: register gDSP.gDSP_only.iDSP/inferred_dsp.reg_inputs.b_reg_reg is absorbed into DSP gDSP.gDSP_only.iDSP/inferred_dsp.use_p_reg.p_reg_reg.
DSP Report: register gDSP.gDSP_only.iDSP/inferred_dsp.reg_inputs.a_reg_reg is absorbed into DSP gDSP.gDSP_only.iDSP/inferred_dsp.use_p_reg.p_reg_reg.
DSP Report: register gDSP.gDSP_only.iDSP/inferred_dsp.use_p_reg.p_reg_reg is absorbed into DSP gDSP.gDSP_only.iDSP/inferred_dsp.use_p_reg.p_reg_reg.
DSP Report: register gDSP.gDSP_only.iDSP/inferred_dsp.reg_mult.m_reg_reg is absorbed into DSP gDSP.gDSP_only.iDSP/inferred_dsp.use_p_reg.p_reg_reg.
DSP Report: operator gDSP.gDSP_only.iDSP/multOp is absorbed into DSP gDSP.gDSP_only.iDSP/inferred_dsp.use_p_reg.p_reg_reg.
DSP Report: Generating DSP gDSP.gDSP_only.iDSP/inferred_dsp.use_p_reg.p_reg_reg, operation Mode is: (A2*B2)'.
DSP Report: register gDSP.gDSP_only.iDSP/inferred_dsp.reg_inputs.b_reg_reg is absorbed into DSP gDSP.gDSP_only.iDSP/inferred_dsp.use_p_reg.p_reg_reg.
DSP Report: register gDSP.gDSP_only.iDSP/inferred_dsp.reg_inputs.a_reg_reg is absorbed into DSP gDSP.gDSP_only.iDSP/inferred_dsp.use_p_reg.p_reg_reg.
DSP Report: register gDSP.gDSP_only.iDSP/inferred_dsp.use_p_reg.p_reg_reg is absorbed into DSP gDSP.gDSP_only.iDSP/inferred_dsp.use_p_reg.p_reg_reg.
DSP Report: register gDSP.gDSP_only.iDSP/inferred_dsp.reg_mult.m_reg_reg is absorbed into DSP gDSP.gDSP_only.iDSP/inferred_dsp.use_p_reg.p_reg_reg.
DSP Report: operator gDSP.gDSP_only.iDSP/multOp is absorbed into DSP gDSP.gDSP_only.iDSP/inferred_dsp.use_p_reg.p_reg_reg.
DSP Report: Generating DSP gDSP.gDSP_only.iDSP/inferred_dsp.use_p_reg.p_reg_reg, operation Mode is: (A2*B2)'.
DSP Report: register gDSP.gDSP_only.iDSP/inferred_dsp.reg_inputs.b_reg_reg is absorbed into DSP gDSP.gDSP_only.iDSP/inferred_dsp.use_p_reg.p_reg_reg.
DSP Report: register gDSP.gDSP_only.iDSP/inferred_dsp.reg_inputs.a_reg_reg is absorbed into DSP gDSP.gDSP_only.iDSP/inferred_dsp.use_p_reg.p_reg_reg.
DSP Report: register gDSP.gDSP_only.iDSP/inferred_dsp.use_p_reg.p_reg_reg is absorbed into DSP gDSP.gDSP_only.iDSP/inferred_dsp.use_p_reg.p_reg_reg.
DSP Report: register gDSP.gDSP_only.iDSP/inferred_dsp.reg_mult.m_reg_reg is absorbed into DSP gDSP.gDSP_only.iDSP/inferred_dsp.use_p_reg.p_reg_reg.
DSP Report: operator gDSP.gDSP_only.iDSP/multOp is absorbed into DSP gDSP.gDSP_only.iDSP/inferred_dsp.use_p_reg.p_reg_reg.
DSP Report: Generating DSP gDSP.gDSP_only.iDSP/inferred_dsp.use_p_reg.p_reg_reg, operation Mode is: (A2*B2)'.
DSP Report: register gDSP.gDSP_only.iDSP/inferred_dsp.reg_inputs.b_reg_reg is absorbed into DSP gDSP.gDSP_only.iDSP/inferred_dsp.use_p_reg.p_reg_reg.
DSP Report: register gDSP.gDSP_only.iDSP/inferred_dsp.reg_inputs.a_reg_reg is absorbed into DSP gDSP.gDSP_only.iDSP/inferred_dsp.use_p_reg.p_reg_reg.
DSP Report: register gDSP.gDSP_only.iDSP/inferred_dsp.use_p_reg.p_reg_reg is absorbed into DSP gDSP.gDSP_only.iDSP/inferred_dsp.use_p_reg.p_reg_reg.
DSP Report: register gDSP.gDSP_only.iDSP/inferred_dsp.reg_mult.m_reg_reg is absorbed into DSP gDSP.gDSP_only.iDSP/inferred_dsp.use_p_reg.p_reg_reg.
DSP Report: operator gDSP.gDSP_only.iDSP/multOp is absorbed into DSP gDSP.gDSP_only.iDSP/inferred_dsp.use_p_reg.p_reg_reg.
DSP Report: Generating DSP gDSP.gDSP_only.iDSP/inferred_dsp.use_p_reg.p_reg_reg, operation Mode is: (A2*B2)'.
DSP Report: register gDSP.gDSP_only.iDSP/inferred_dsp.reg_inputs.b_reg_reg is absorbed into DSP gDSP.gDSP_only.iDSP/inferred_dsp.use_p_reg.p_reg_reg.
DSP Report: register gDSP.gDSP_only.iDSP/inferred_dsp.reg_inputs.a_reg_reg is absorbed into DSP gDSP.gDSP_only.iDSP/inferred_dsp.use_p_reg.p_reg_reg.
DSP Report: register gDSP.gDSP_only.iDSP/inferred_dsp.use_p_reg.p_reg_reg is absorbed into DSP gDSP.gDSP_only.iDSP/inferred_dsp.use_p_reg.p_reg_reg.
DSP Report: register gDSP.gDSP_only.iDSP/inferred_dsp.reg_mult.m_reg_reg is absorbed into DSP gDSP.gDSP_only.iDSP/inferred_dsp.use_p_reg.p_reg_reg.
DSP Report: operator gDSP.gDSP_only.iDSP/multOp is absorbed into DSP gDSP.gDSP_only.iDSP/inferred_dsp.use_p_reg.p_reg_reg.
DSP Report: Generating DSP gDSP.gDSP_only.iDSP/inferred_dsp.use_p_reg.p_reg_reg, operation Mode is: (A2*B2)'.
DSP Report: register gDSP.gDSP_only.iDSP/inferred_dsp.reg_inputs.b_reg_reg is absorbed into DSP gDSP.gDSP_only.iDSP/inferred_dsp.use_p_reg.p_reg_reg.
DSP Report: register gDSP.gDSP_only.iDSP/inferred_dsp.reg_inputs.a_reg_reg is absorbed into DSP gDSP.gDSP_only.iDSP/inferred_dsp.use_p_reg.p_reg_reg.
DSP Report: register gDSP.gDSP_only.iDSP/inferred_dsp.use_p_reg.p_reg_reg is absorbed into DSP gDSP.gDSP_only.iDSP/inferred_dsp.use_p_reg.p_reg_reg.
DSP Report: register gDSP.gDSP_only.iDSP/inferred_dsp.reg_mult.m_reg_reg is absorbed into DSP gDSP.gDSP_only.iDSP/inferred_dsp.use_p_reg.p_reg_reg.
DSP Report: operator gDSP.gDSP_only.iDSP/multOp is absorbed into DSP gDSP.gDSP_only.iDSP/inferred_dsp.use_p_reg.p_reg_reg.
DSP Report: Generating DSP gDSP.gDSP_only.iDSP/inferred_dsp.use_p_reg.p_reg_reg, operation Mode is: (A2*B2)'.
DSP Report: register gDSP.gDSP_only.iDSP/inferred_dsp.reg_inputs.b_reg_reg is absorbed into DSP gDSP.gDSP_only.iDSP/inferred_dsp.use_p_reg.p_reg_reg.
DSP Report: register gDSP.gDSP_only.iDSP/inferred_dsp.reg_inputs.a_reg_reg is absorbed into DSP gDSP.gDSP_only.iDSP/inferred_dsp.use_p_reg.p_reg_reg.
DSP Report: register gDSP.gDSP_only.iDSP/inferred_dsp.use_p_reg.p_reg_reg is absorbed into DSP gDSP.gDSP_only.iDSP/inferred_dsp.use_p_reg.p_reg_reg.
DSP Report: register gDSP.gDSP_only.iDSP/inferred_dsp.reg_mult.m_reg_reg is absorbed into DSP gDSP.gDSP_only.iDSP/inferred_dsp.use_p_reg.p_reg_reg.
DSP Report: operator gDSP.gDSP_only.iDSP/multOp is absorbed into DSP gDSP.gDSP_only.iDSP/inferred_dsp.use_p_reg.p_reg_reg.
DSP Report: Generating DSP gDSP.gDSP_only.iDSP/inferred_dsp.use_p_reg.p_reg_reg, operation Mode is: (A2*B2)'.
DSP Report: register gDSP.gDSP_only.iDSP/inferred_dsp.reg_inputs.b_reg_reg is absorbed into DSP gDSP.gDSP_only.iDSP/inferred_dsp.use_p_reg.p_reg_reg.
DSP Report: register gDSP.gDSP_only.iDSP/inferred_dsp.reg_inputs.a_reg_reg is absorbed into DSP gDSP.gDSP_only.iDSP/inferred_dsp.use_p_reg.p_reg_reg.
DSP Report: register gDSP.gDSP_only.iDSP/inferred_dsp.use_p_reg.p_reg_reg is absorbed into DSP gDSP.gDSP_only.iDSP/inferred_dsp.use_p_reg.p_reg_reg.
DSP Report: register gDSP.gDSP_only.iDSP/inferred_dsp.reg_mult.m_reg_reg is absorbed into DSP gDSP.gDSP_only.iDSP/inferred_dsp.use_p_reg.p_reg_reg.
DSP Report: operator gDSP.gDSP_only.iDSP/multOp is absorbed into DSP gDSP.gDSP_only.iDSP/inferred_dsp.use_p_reg.p_reg_reg.
DSP Report: Generating DSP gDSP.gDSP_only.iDSP/inferred_dsp.use_p_reg.p_reg_reg, operation Mode is: (A2*B2)'.
DSP Report: register gDSP.gDSP_only.iDSP/inferred_dsp.reg_inputs.b_reg_reg is absorbed into DSP gDSP.gDSP_only.iDSP/inferred_dsp.use_p_reg.p_reg_reg.
DSP Report: register gDSP.gDSP_only.iDSP/inferred_dsp.reg_inputs.a_reg_reg is absorbed into DSP gDSP.gDSP_only.iDSP/inferred_dsp.use_p_reg.p_reg_reg.
DSP Report: register gDSP.gDSP_only.iDSP/inferred_dsp.use_p_reg.p_reg_reg is absorbed into DSP gDSP.gDSP_only.iDSP/inferred_dsp.use_p_reg.p_reg_reg.
DSP Report: register gDSP.gDSP_only.iDSP/inferred_dsp.reg_mult.m_reg_reg is absorbed into DSP gDSP.gDSP_only.iDSP/inferred_dsp.use_p_reg.p_reg_reg.
DSP Report: operator gDSP.gDSP_only.iDSP/multOp is absorbed into DSP gDSP.gDSP_only.iDSP/inferred_dsp.use_p_reg.p_reg_reg.
DSP Report: Generating DSP gDSP.gDSP_only.iDSP/inferred_dsp.use_p_reg.p_reg_reg, operation Mode is: (A2*B2)'.
DSP Report: register gDSP.gDSP_only.iDSP/inferred_dsp.reg_inputs.b_reg_reg is absorbed into DSP gDSP.gDSP_only.iDSP/inferred_dsp.use_p_reg.p_reg_reg.
DSP Report: register gDSP.gDSP_only.iDSP/inferred_dsp.reg_inputs.a_reg_reg is absorbed into DSP gDSP.gDSP_only.iDSP/inferred_dsp.use_p_reg.p_reg_reg.
DSP Report: register gDSP.gDSP_only.iDSP/inferred_dsp.use_p_reg.p_reg_reg is absorbed into DSP gDSP.gDSP_only.iDSP/inferred_dsp.use_p_reg.p_reg_reg.
DSP Report: register gDSP.gDSP_only.iDSP/inferred_dsp.reg_mult.m_reg_reg is absorbed into DSP gDSP.gDSP_only.iDSP/inferred_dsp.use_p_reg.p_reg_reg.
DSP Report: operator gDSP.gDSP_only.iDSP/multOp is absorbed into DSP gDSP.gDSP_only.iDSP/inferred_dsp.use_p_reg.p_reg_reg.
DSP Report: Generating DSP gDSP.gDSP_only.iDSP/inferred_dsp.use_p_reg.p_reg_reg, operation Mode is: (A2*B2)'.
DSP Report: register gDSP.gDSP_only.iDSP/inferred_dsp.reg_inputs.b_reg_reg is absorbed into DSP gDSP.gDSP_only.iDSP/inferred_dsp.use_p_reg.p_reg_reg.
DSP Report: register gDSP.gDSP_only.iDSP/inferred_dsp.reg_inputs.a_reg_reg is absorbed into DSP gDSP.gDSP_only.iDSP/inferred_dsp.use_p_reg.p_reg_reg.
DSP Report: register gDSP.gDSP_only.iDSP/inferred_dsp.use_p_reg.p_reg_reg is absorbed into DSP gDSP.gDSP_only.iDSP/inferred_dsp.use_p_reg.p_reg_reg.
DSP Report: register gDSP.gDSP_only.iDSP/inferred_dsp.reg_mult.m_reg_reg is absorbed into DSP gDSP.gDSP_only.iDSP/inferred_dsp.use_p_reg.p_reg_reg.
DSP Report: operator gDSP.gDSP_only.iDSP/multOp is absorbed into DSP gDSP.gDSP_only.iDSP/inferred_dsp.use_p_reg.p_reg_reg.
DSP Report: Generating DSP gDSP.gDSP_only.iDSP/inferred_dsp.use_p_reg.p_reg_reg, operation Mode is: (A2*B2)'.
DSP Report: register gDSP.gDSP_only.iDSP/inferred_dsp.reg_inputs.b_reg_reg is absorbed into DSP gDSP.gDSP_only.iDSP/inferred_dsp.use_p_reg.p_reg_reg.
DSP Report: register gDSP.gDSP_only.iDSP/inferred_dsp.reg_inputs.a_reg_reg is absorbed into DSP gDSP.gDSP_only.iDSP/inferred_dsp.use_p_reg.p_reg_reg.
DSP Report: register gDSP.gDSP_only.iDSP/inferred_dsp.use_p_reg.p_reg_reg is absorbed into DSP gDSP.gDSP_only.iDSP/inferred_dsp.use_p_reg.p_reg_reg.
DSP Report: register gDSP.gDSP_only.iDSP/inferred_dsp.reg_mult.m_reg_reg is absorbed into DSP gDSP.gDSP_only.iDSP/inferred_dsp.use_p_reg.p_reg_reg.
DSP Report: operator gDSP.gDSP_only.iDSP/multOp is absorbed into DSP gDSP.gDSP_only.iDSP/inferred_dsp.use_p_reg.p_reg_reg.
DSP Report: Generating DSP gDSP.gDSP_only.iDSP/inferred_dsp.use_p_reg.p_reg_reg, operation Mode is: (A2*B2)'.
DSP Report: register gDSP.gDSP_only.iDSP/inferred_dsp.reg_inputs.b_reg_reg is absorbed into DSP gDSP.gDSP_only.iDSP/inferred_dsp.use_p_reg.p_reg_reg.
DSP Report: register gDSP.gDSP_only.iDSP/inferred_dsp.reg_inputs.a_reg_reg is absorbed into DSP gDSP.gDSP_only.iDSP/inferred_dsp.use_p_reg.p_reg_reg.
DSP Report: register gDSP.gDSP_only.iDSP/inferred_dsp.use_p_reg.p_reg_reg is absorbed into DSP gDSP.gDSP_only.iDSP/inferred_dsp.use_p_reg.p_reg_reg.
DSP Report: register gDSP.gDSP_only.iDSP/inferred_dsp.reg_mult.m_reg_reg is absorbed into DSP gDSP.gDSP_only.iDSP/inferred_dsp.use_p_reg.p_reg_reg.
DSP Report: operator gDSP.gDSP_only.iDSP/multOp is absorbed into DSP gDSP.gDSP_only.iDSP/inferred_dsp.use_p_reg.p_reg_reg.
DSP Report: Generating DSP gDSP.gDSP_only.iDSP/inferred_dsp.use_p_reg.p_reg_reg, operation Mode is: (A2*B2)'.
DSP Report: register gDSP.gDSP_only.iDSP/inferred_dsp.reg_inputs.b_reg_reg is absorbed into DSP gDSP.gDSP_only.iDSP/inferred_dsp.use_p_reg.p_reg_reg.
DSP Report: register gDSP.gDSP_only.iDSP/inferred_dsp.reg_inputs.a_reg_reg is absorbed into DSP gDSP.gDSP_only.iDSP/inferred_dsp.use_p_reg.p_reg_reg.
DSP Report: register gDSP.gDSP_only.iDSP/inferred_dsp.use_p_reg.p_reg_reg is absorbed into DSP gDSP.gDSP_only.iDSP/inferred_dsp.use_p_reg.p_reg_reg.
DSP Report: register gDSP.gDSP_only.iDSP/inferred_dsp.reg_mult.m_reg_reg is absorbed into DSP gDSP.gDSP_only.iDSP/inferred_dsp.use_p_reg.p_reg_reg.
DSP Report: operator gDSP.gDSP_only.iDSP/multOp is absorbed into DSP gDSP.gDSP_only.iDSP/inferred_dsp.use_p_reg.p_reg_reg.
INFO: [Synth 8-5845] Not enough pipeline registers after wide multiplier. Recommended levels of pipeline registers is 2 [d:/DOAN/DATN_RTL/DATN_VIVADO/project_2/project_2.gen/sources_1/bd/SoC/ipshared/013e/src/SPU_Quantize_Q8_0.v:413]
DSP Report: Generating DSP deq_s2_mul0, operation Mode is: A2*B''.
DSP Report: register deq_s2_mul0 is absorbed into DSP deq_s2_mul0.
DSP Report: register deq_s2_mul0 is absorbed into DSP deq_s2_mul0.
DSP Report: register deq_s2_mul0 is absorbed into DSP deq_s2_mul0.
DSP Report: operator deq_s2_mul0 is absorbed into DSP deq_s2_mul0.
DSP Report: operator deq_s2_mul0 is absorbed into DSP deq_s2_mul0.
DSP Report: Generating DSP deq_s2_mul_reg, operation Mode is: (PCIN>>17)+A''*B2.
DSP Report: register deq_s1_raw_reg is absorbed into DSP deq_s2_mul_reg.
DSP Report: register deq_s2_mul_reg is absorbed into DSP deq_s2_mul_reg.
DSP Report: register deq_s2_mul_reg is absorbed into DSP deq_s2_mul_reg.
DSP Report: register deq_s2_mul_reg is absorbed into DSP deq_s2_mul_reg.
DSP Report: operator deq_s2_mul0 is absorbed into DSP deq_s2_mul_reg.
DSP Report: operator deq_s2_mul0 is absorbed into DSP deq_s2_mul_reg.
INFO: [Synth 8-3971] The signal "Matrix_Vector_Multiplication__GB19/GEN_ACT_BANK[0].u_act_bram/GEN_BLOCK_RAM.mem_reg" was recognized as a true dual port RAM template.
INFO: [Synth 8-3971] The signal "Matrix_Vector_Multiplication__GB19/GEN_ACT_BANK[1].u_act_bram/GEN_BLOCK_RAM.mem_reg" was recognized as a true dual port RAM template.
DSP Report: Generating DSP gDSP.gDSP_only.iDSP/inferred_dsp.use_p_reg.p_reg_reg, operation Mode is: (A2*B2)'.
DSP Report: register gDSP.gDSP_only.iDSP/inferred_dsp.reg_inputs.b_reg_reg is absorbed into DSP gDSP.gDSP_only.iDSP/inferred_dsp.use_p_reg.p_reg_reg.
DSP Report: register gDSP.gDSP_only.iDSP/inferred_dsp.reg_inputs.a_reg_reg is absorbed into DSP gDSP.gDSP_only.iDSP/inferred_dsp.use_p_reg.p_reg_reg.
DSP Report: register gDSP.gDSP_only.iDSP/inferred_dsp.use_p_reg.p_reg_reg is absorbed into DSP gDSP.gDSP_only.iDSP/inferred_dsp.use_p_reg.p_reg_reg.
DSP Report: register gDSP.gDSP_only.iDSP/inferred_dsp.reg_mult.m_reg_reg is absorbed into DSP gDSP.gDSP_only.iDSP/inferred_dsp.use_p_reg.p_reg_reg.
DSP Report: operator gDSP.gDSP_only.iDSP/multOp is absorbed into DSP gDSP.gDSP_only.iDSP/inferred_dsp.use_p_reg.p_reg_reg.
DSP Report: Generating DSP gDSP.gDSP_only.iDSP/inferred_dsp.use_p_reg.p_reg_reg, operation Mode is: (A2*B2)'.
DSP Report: register gDSP.gDSP_only.iDSP/inferred_dsp.reg_inputs.b_reg_reg is absorbed into DSP gDSP.gDSP_only.iDSP/inferred_dsp.use_p_reg.p_reg_reg.
DSP Report: register gDSP.gDSP_only.iDSP/inferred_dsp.reg_inputs.a_reg_reg is absorbed into DSP gDSP.gDSP_only.iDSP/inferred_dsp.use_p_reg.p_reg_reg.
DSP Report: register gDSP.gDSP_only.iDSP/inferred_dsp.use_p_reg.p_reg_reg is absorbed into DSP gDSP.gDSP_only.iDSP/inferred_dsp.use_p_reg.p_reg_reg.
DSP Report: register gDSP.gDSP_only.iDSP/inferred_dsp.reg_mult.m_reg_reg is absorbed into DSP gDSP.gDSP_only.iDSP/inferred_dsp.use_p_reg.p_reg_reg.
DSP Report: operator gDSP.gDSP_only.iDSP/multOp is absorbed into DSP gDSP.gDSP_only.iDSP/inferred_dsp.use_p_reg.p_reg_reg.
DSP Report: Generating DSP gDSP.gDSP_only.iDSP/inferred_dsp.use_p_reg.p_reg_reg, operation Mode is: (A2*B2)'.
DSP Report: register gDSP.gDSP_only.iDSP/inferred_dsp.reg_inputs.b_reg_reg is absorbed into DSP gDSP.gDSP_only.iDSP/inferred_dsp.use_p_reg.p_reg_reg.
DSP Report: register gDSP.gDSP_only.iDSP/inferred_dsp.reg_inputs.a_reg_reg is absorbed into DSP gDSP.gDSP_only.iDSP/inferred_dsp.use_p_reg.p_reg_reg.
DSP Report: register gDSP.gDSP_only.iDSP/inferred_dsp.use_p_reg.p_reg_reg is absorbed into DSP gDSP.gDSP_only.iDSP/inferred_dsp.use_p_reg.p_reg_reg.
DSP Report: register gDSP.gDSP_only.iDSP/inferred_dsp.reg_mult.m_reg_reg is absorbed into DSP gDSP.gDSP_only.iDSP/inferred_dsp.use_p_reg.p_reg_reg.
DSP Report: operator gDSP.gDSP_only.iDSP/multOp is absorbed into DSP gDSP.gDSP_only.iDSP/inferred_dsp.use_p_reg.p_reg_reg.
DSP Report: Generating DSP gDSP.gDSP_only.iDSP/inferred_dsp.use_p_reg.p_reg_reg, operation Mode is: (A2*B2)'.
DSP Report: register gDSP.gDSP_only.iDSP/inferred_dsp.reg_inputs.b_reg_reg is absorbed into DSP gDSP.gDSP_only.iDSP/inferred_dsp.use_p_reg.p_reg_reg.
DSP Report: register gDSP.gDSP_only.iDSP/inferred_dsp.reg_inputs.a_reg_reg is absorbed into DSP gDSP.gDSP_only.iDSP/inferred_dsp.use_p_reg.p_reg_reg.
DSP Report: register gDSP.gDSP_only.iDSP/inferred_dsp.use_p_reg.p_reg_reg is absorbed into DSP gDSP.gDSP_only.iDSP/inferred_dsp.use_p_reg.p_reg_reg.
DSP Report: register gDSP.gDSP_only.iDSP/inferred_dsp.reg_mult.m_reg_reg is absorbed into DSP gDSP.gDSP_only.iDSP/inferred_dsp.use_p_reg.p_reg_reg.
DSP Report: operator gDSP.gDSP_only.iDSP/multOp is absorbed into DSP gDSP.gDSP_only.iDSP/inferred_dsp.use_p_reg.p_reg_reg.
DSP Report: Generating DSP gDSP.gDSP_only.iDSP/inferred_dsp.use_p_reg.p_reg_reg, operation Mode is: (A2*B2)'.
DSP Report: register gDSP.gDSP_only.iDSP/inferred_dsp.reg_inputs.b_reg_reg is absorbed into DSP gDSP.gDSP_only.iDSP/inferred_dsp.use_p_reg.p_reg_reg.
DSP Report: register gDSP.gDSP_only.iDSP/inferred_dsp.reg_inputs.a_reg_reg is absorbed into DSP gDSP.gDSP_only.iDSP/inferred_dsp.use_p_reg.p_reg_reg.
DSP Report: register gDSP.gDSP_only.iDSP/inferred_dsp.use_p_reg.p_reg_reg is absorbed into DSP gDSP.gDSP_only.iDSP/inferred_dsp.use_p_reg.p_reg_reg.
DSP Report: register gDSP.gDSP_only.iDSP/inferred_dsp.reg_mult.m_reg_reg is absorbed into DSP gDSP.gDSP_only.iDSP/inferred_dsp.use_p_reg.p_reg_reg.
DSP Report: operator gDSP.gDSP_only.iDSP/multOp is absorbed into DSP gDSP.gDSP_only.iDSP/inferred_dsp.use_p_reg.p_reg_reg.
DSP Report: Generating DSP gDSP.gDSP_only.iDSP/inferred_dsp.use_p_reg.p_reg_reg, operation Mode is: (A2*B2)'.
DSP Report: register gDSP.gDSP_only.iDSP/inferred_dsp.reg_inputs.b_reg_reg is absorbed into DSP gDSP.gDSP_only.iDSP/inferred_dsp.use_p_reg.p_reg_reg.
DSP Report: register gDSP.gDSP_only.iDSP/inferred_dsp.reg_inputs.a_reg_reg is absorbed into DSP gDSP.gDSP_only.iDSP/inferred_dsp.use_p_reg.p_reg_reg.
DSP Report: register gDSP.gDSP_only.iDSP/inferred_dsp.use_p_reg.p_reg_reg is absorbed into DSP gDSP.gDSP_only.iDSP/inferred_dsp.use_p_reg.p_reg_reg.
DSP Report: register gDSP.gDSP_only.iDSP/inferred_dsp.reg_mult.m_reg_reg is absorbed into DSP gDSP.gDSP_only.iDSP/inferred_dsp.use_p_reg.p_reg_reg.
DSP Report: operator gDSP.gDSP_only.iDSP/multOp is absorbed into DSP gDSP.gDSP_only.iDSP/inferred_dsp.use_p_reg.p_reg_reg.
DSP Report: Generating DSP gDSP.gDSP_only.iDSP/inferred_dsp.use_p_reg.p_reg_reg, operation Mode is: (A2*B2)'.
DSP Report: register gDSP.gDSP_only.iDSP/inferred_dsp.reg_inputs.b_reg_reg is absorbed into DSP gDSP.gDSP_only.iDSP/inferred_dsp.use_p_reg.p_reg_reg.
DSP Report: register gDSP.gDSP_only.iDSP/inferred_dsp.reg_inputs.a_reg_reg is absorbed into DSP gDSP.gDSP_only.iDSP/inferred_dsp.use_p_reg.p_reg_reg.
DSP Report: register gDSP.gDSP_only.iDSP/inferred_dsp.use_p_reg.p_reg_reg is absorbed into DSP gDSP.gDSP_only.iDSP/inferred_dsp.use_p_reg.p_reg_reg.
DSP Report: register gDSP.gDSP_only.iDSP/inferred_dsp.reg_mult.m_reg_reg is absorbed into DSP gDSP.gDSP_only.iDSP/inferred_dsp.use_p_reg.p_reg_reg.
DSP Report: operator gDSP.gDSP_only.iDSP/multOp is absorbed into DSP gDSP.gDSP_only.iDSP/inferred_dsp.use_p_reg.p_reg_reg.
DSP Report: Generating DSP gDSP.gDSP_only.iDSP/inferred_dsp.use_p_reg.p_reg_reg, operation Mode is: (A2*B2)'.
DSP Report: register gDSP.gDSP_only.iDSP/inferred_dsp.reg_inputs.b_reg_reg is absorbed into DSP gDSP.gDSP_only.iDSP/inferred_dsp.use_p_reg.p_reg_reg.
DSP Report: register gDSP.gDSP_only.iDSP/inferred_dsp.reg_inputs.a_reg_reg is absorbed into DSP gDSP.gDSP_only.iDSP/inferred_dsp.use_p_reg.p_reg_reg.
DSP Report: register gDSP.gDSP_only.iDSP/inferred_dsp.use_p_reg.p_reg_reg is absorbed into DSP gDSP.gDSP_only.iDSP/inferred_dsp.use_p_reg.p_reg_reg.
DSP Report: register gDSP.gDSP_only.iDSP/inferred_dsp.reg_mult.m_reg_reg is absorbed into DSP gDSP.gDSP_only.iDSP/inferred_dsp.use_p_reg.p_reg_reg.
DSP Report: operator gDSP.gDSP_only.iDSP/multOp is absorbed into DSP gDSP.gDSP_only.iDSP/inferred_dsp.use_p_reg.p_reg_reg.
DSP Report: Generating DSP gDSP.gDSP_only.iDSP/inferred_dsp.use_p_reg.p_reg_reg, operation Mode is: (A2*B2)'.
DSP Report: register gDSP.gDSP_only.iDSP/inferred_dsp.reg_inputs.b_reg_reg is absorbed into DSP gDSP.gDSP_only.iDSP/inferred_dsp.use_p_reg.p_reg_reg.
DSP Report: register gDSP.gDSP_only.iDSP/inferred_dsp.reg_inputs.a_reg_reg is absorbed into DSP gDSP.gDSP_only.iDSP/inferred_dsp.use_p_reg.p_reg_reg.
DSP Report: register gDSP.gDSP_only.iDSP/inferred_dsp.use_p_reg.p_reg_reg is absorbed into DSP gDSP.gDSP_only.iDSP/inferred_dsp.use_p_reg.p_reg_reg.
DSP Report: register gDSP.gDSP_only.iDSP/inferred_dsp.reg_mult.m_reg_reg is absorbed into DSP gDSP.gDSP_only.iDSP/inferred_dsp.use_p_reg.p_reg_reg.
DSP Report: operator gDSP.gDSP_only.iDSP/multOp is absorbed into DSP gDSP.gDSP_only.iDSP/inferred_dsp.use_p_reg.p_reg_reg.
DSP Report: Generating DSP gDSP.gDSP_only.iDSP/inferred_dsp.use_p_reg.p_reg_reg, operation Mode is: (A2*B2)'.
DSP Report: register gDSP.gDSP_only.iDSP/inferred_dsp.reg_inputs.b_reg_reg is absorbed into DSP gDSP.gDSP_only.iDSP/inferred_dsp.use_p_reg.p_reg_reg.
DSP Report: register gDSP.gDSP_only.iDSP/inferred_dsp.reg_inputs.a_reg_reg is absorbed into DSP gDSP.gDSP_only.iDSP/inferred_dsp.use_p_reg.p_reg_reg.
DSP Report: register gDSP.gDSP_only.iDSP/inferred_dsp.use_p_reg.p_reg_reg is absorbed into DSP gDSP.gDSP_only.iDSP/inferred_dsp.use_p_reg.p_reg_reg.
DSP Report: register gDSP.gDSP_only.iDSP/inferred_dsp.reg_mult.m_reg_reg is absorbed into DSP gDSP.gDSP_only.iDSP/inferred_dsp.use_p_reg.p_reg_reg.
DSP Report: operator gDSP.gDSP_only.iDSP/multOp is absorbed into DSP gDSP.gDSP_only.iDSP/inferred_dsp.use_p_reg.p_reg_reg.
DSP Report: Generating DSP gDSP.gDSP_only.iDSP/inferred_dsp.use_p_reg.p_reg_reg, operation Mode is: (A2*B2)'.
DSP Report: register gDSP.gDSP_only.iDSP/inferred_dsp.reg_inputs.b_reg_reg is absorbed into DSP gDSP.gDSP_only.iDSP/inferred_dsp.use_p_reg.p_reg_reg.
DSP Report: register gDSP.gDSP_only.iDSP/inferred_dsp.reg_inputs.a_reg_reg is absorbed into DSP gDSP.gDSP_only.iDSP/inferred_dsp.use_p_reg.p_reg_reg.
DSP Report: register gDSP.gDSP_only.iDSP/inferred_dsp.use_p_reg.p_reg_reg is absorbed into DSP gDSP.gDSP_only.iDSP/inferred_dsp.use_p_reg.p_reg_reg.
DSP Report: register gDSP.gDSP_only.iDSP/inferred_dsp.reg_mult.m_reg_reg is absorbed into DSP gDSP.gDSP_only.iDSP/inferred_dsp.use_p_reg.p_reg_reg.
DSP Report: operator gDSP.gDSP_only.iDSP/multOp is absorbed into DSP gDSP.gDSP_only.iDSP/inferred_dsp.use_p_reg.p_reg_reg.
DSP Report: Generating DSP gDSP.gDSP_only.iDSP/inferred_dsp.use_p_reg.p_reg_reg, operation Mode is: (A2*B2)'.
DSP Report: register gDSP.gDSP_only.iDSP/inferred_dsp.reg_inputs.b_reg_reg is absorbed into DSP gDSP.gDSP_only.iDSP/inferred_dsp.use_p_reg.p_reg_reg.
DSP Report: register gDSP.gDSP_only.iDSP/inferred_dsp.reg_inputs.a_reg_reg is absorbed into DSP gDSP.gDSP_only.iDSP/inferred_dsp.use_p_reg.p_reg_reg.
DSP Report: register gDSP.gDSP_only.iDSP/inferred_dsp.use_p_reg.p_reg_reg is absorbed into DSP gDSP.gDSP_only.iDSP/inferred_dsp.use_p_reg.p_reg_reg.
DSP Report: register gDSP.gDSP_only.iDSP/inferred_dsp.reg_mult.m_reg_reg is absorbed into DSP gDSP.gDSP_only.iDSP/inferred_dsp.use_p_reg.p_reg_reg.
DSP Report: operator gDSP.gDSP_only.iDSP/multOp is absorbed into DSP gDSP.gDSP_only.iDSP/inferred_dsp.use_p_reg.p_reg_reg.
DSP Report: Generating DSP gDSP.gDSP_only.iDSP/inferred_dsp.use_p_reg.p_reg_reg, operation Mode is: (A2*B2)'.
DSP Report: register gDSP.gDSP_only.iDSP/inferred_dsp.reg_inputs.b_reg_reg is absorbed into DSP gDSP.gDSP_only.iDSP/inferred_dsp.use_p_reg.p_reg_reg.
DSP Report: register gDSP.gDSP_only.iDSP/inferred_dsp.reg_inputs.a_reg_reg is absorbed into DSP gDSP.gDSP_only.iDSP/inferred_dsp.use_p_reg.p_reg_reg.
DSP Report: register gDSP.gDSP_only.iDSP/inferred_dsp.use_p_reg.p_reg_reg is absorbed into DSP gDSP.gDSP_only.iDSP/inferred_dsp.use_p_reg.p_reg_reg.
DSP Report: register gDSP.gDSP_only.iDSP/inferred_dsp.reg_mult.m_reg_reg is absorbed into DSP gDSP.gDSP_only.iDSP/inferred_dsp.use_p_reg.p_reg_reg.
DSP Report: operator gDSP.gDSP_only.iDSP/multOp is absorbed into DSP gDSP.gDSP_only.iDSP/inferred_dsp.use_p_reg.p_reg_reg.
DSP Report: Generating DSP gDSP.gDSP_only.iDSP/inferred_dsp.use_p_reg.p_reg_reg, operation Mode is: (A2*B2)'.
DSP Report: register gDSP.gDSP_only.iDSP/inferred_dsp.reg_inputs.b_reg_reg is absorbed into DSP gDSP.gDSP_only.iDSP/inferred_dsp.use_p_reg.p_reg_reg.
DSP Report: register gDSP.gDSP_only.iDSP/inferred_dsp.reg_inputs.a_reg_reg is absorbed into DSP gDSP.gDSP_only.iDSP/inferred_dsp.use_p_reg.p_reg_reg.
DSP Report: register gDSP.gDSP_only.iDSP/inferred_dsp.use_p_reg.p_reg_reg is absorbed into DSP gDSP.gDSP_only.iDSP/inferred_dsp.use_p_reg.p_reg_reg.
DSP Report: register gDSP.gDSP_only.iDSP/inferred_dsp.reg_mult.m_reg_reg is absorbed into DSP gDSP.gDSP_only.iDSP/inferred_dsp.use_p_reg.p_reg_reg.
DSP Report: operator gDSP.gDSP_only.iDSP/multOp is absorbed into DSP gDSP.gDSP_only.iDSP/inferred_dsp.use_p_reg.p_reg_reg.
DSP Report: Generating DSP gDSP.gDSP_only.iDSP/inferred_dsp.use_p_reg.p_reg_reg, operation Mode is: (A2*B2)'.
DSP Report: register gDSP.gDSP_only.iDSP/inferred_dsp.reg_inputs.b_reg_reg is absorbed into DSP gDSP.gDSP_only.iDSP/inferred_dsp.use_p_reg.p_reg_reg.
DSP Report: register gDSP.gDSP_only.iDSP/inferred_dsp.reg_inputs.a_reg_reg is absorbed into DSP gDSP.gDSP_only.iDSP/inferred_dsp.use_p_reg.p_reg_reg.
DSP Report: register gDSP.gDSP_only.iDSP/inferred_dsp.use_p_reg.p_reg_reg is absorbed into DSP gDSP.gDSP_only.iDSP/inferred_dsp.use_p_reg.p_reg_reg.
DSP Report: register gDSP.gDSP_only.iDSP/inferred_dsp.reg_mult.m_reg_reg is absorbed into DSP gDSP.gDSP_only.iDSP/inferred_dsp.use_p_reg.p_reg_reg.
DSP Report: operator gDSP.gDSP_only.iDSP/multOp is absorbed into DSP gDSP.gDSP_only.iDSP/inferred_dsp.use_p_reg.p_reg_reg.
DSP Report: Generating DSP gDSP.gDSP_only.iDSP/inferred_dsp.use_p_reg.p_reg_reg, operation Mode is: (A2*B2)'.
DSP Report: register gDSP.gDSP_only.iDSP/inferred_dsp.reg_inputs.b_reg_reg is absorbed into DSP gDSP.gDSP_only.iDSP/inferred_dsp.use_p_reg.p_reg_reg.
DSP Report: register gDSP.gDSP_only.iDSP/inferred_dsp.reg_inputs.a_reg_reg is absorbed into DSP gDSP.gDSP_only.iDSP/inferred_dsp.use_p_reg.p_reg_reg.
DSP Report: register gDSP.gDSP_only.iDSP/inferred_dsp.use_p_reg.p_reg_reg is absorbed into DSP gDSP.gDSP_only.iDSP/inferred_dsp.use_p_reg.p_reg_reg.
DSP Report: register gDSP.gDSP_only.iDSP/inferred_dsp.reg_mult.m_reg_reg is absorbed into DSP gDSP.gDSP_only.iDSP/inferred_dsp.use_p_reg.p_reg_reg.
DSP Report: operator gDSP.gDSP_only.iDSP/multOp is absorbed into DSP gDSP.gDSP_only.iDSP/inferred_dsp.use_p_reg.p_reg_reg.
INFO: [Synth 8-5845] Not enough pipeline registers after wide multiplier. Recommended levels of pipeline registers is 2 [d:/DOAN/DATN_RTL/DATN_VIVADO/project_2/project_2.gen/sources_1/bd/SoC/ipshared/013e/src/SPU_Quantize_Q8_0.v:413]
DSP Report: Generating DSP deq_s2_mul0, operation Mode is: A2*B''.
DSP Report: register deq_s2_mul0 is absorbed into DSP deq_s2_mul0.
DSP Report: register deq_s2_mul0 is absorbed into DSP deq_s2_mul0.
DSP Report: register deq_s2_mul0 is absorbed into DSP deq_s2_mul0.
DSP Report: operator deq_s2_mul0 is absorbed into DSP deq_s2_mul0.
DSP Report: operator deq_s2_mul0 is absorbed into DSP deq_s2_mul0.
DSP Report: Generating DSP deq_s2_mul_reg, operation Mode is: (PCIN>>17)+A''*B2.
DSP Report: register deq_s1_raw_reg is absorbed into DSP deq_s2_mul_reg.
DSP Report: register deq_s2_mul_reg is absorbed into DSP deq_s2_mul_reg.
DSP Report: register deq_s2_mul_reg is absorbed into DSP deq_s2_mul_reg.
DSP Report: register deq_s2_mul_reg is absorbed into DSP deq_s2_mul_reg.
DSP Report: operator deq_s2_mul0 is absorbed into DSP deq_s2_mul_reg.
DSP Report: operator deq_s2_mul0 is absorbed into DSP deq_s2_mul_reg.
DSP Report: Generating DSP gDSP.gDSP_only.iDSP/inferred_dsp.use_p_reg.p_reg_reg, operation Mode is: (A2*B2)'.
DSP Report: register gDSP.gDSP_only.iDSP/inferred_dsp.reg_inputs.b_reg_reg is absorbed into DSP gDSP.gDSP_only.iDSP/inferred_dsp.use_p_reg.p_reg_reg.
DSP Report: register gDSP.gDSP_only.iDSP/inferred_dsp.reg_inputs.a_reg_reg is absorbed into DSP gDSP.gDSP_only.iDSP/inferred_dsp.use_p_reg.p_reg_reg.
DSP Report: register gDSP.gDSP_only.iDSP/inferred_dsp.use_p_reg.p_reg_reg is absorbed into DSP gDSP.gDSP_only.iDSP/inferred_dsp.use_p_reg.p_reg_reg.
DSP Report: register gDSP.gDSP_only.iDSP/inferred_dsp.reg_mult.m_reg_reg is absorbed into DSP gDSP.gDSP_only.iDSP/inferred_dsp.use_p_reg.p_reg_reg.
DSP Report: operator gDSP.gDSP_only.iDSP/multOp is absorbed into DSP gDSP.gDSP_only.iDSP/inferred_dsp.use_p_reg.p_reg_reg.
DSP Report: Generating DSP gDSP.gDSP_only.iDSP/inferred_dsp.use_p_reg.p_reg_reg, operation Mode is: (A2*B2)'.
DSP Report: register gDSP.gDSP_only.iDSP/inferred_dsp.reg_inputs.b_reg_reg is absorbed into DSP gDSP.gDSP_only.iDSP/inferred_dsp.use_p_reg.p_reg_reg.
DSP Report: register gDSP.gDSP_only.iDSP/inferred_dsp.reg_inputs.a_reg_reg is absorbed into DSP gDSP.gDSP_only.iDSP/inferred_dsp.use_p_reg.p_reg_reg.
DSP Report: register gDSP.gDSP_only.iDSP/inferred_dsp.use_p_reg.p_reg_reg is absorbed into DSP gDSP.gDSP_only.iDSP/inferred_dsp.use_p_reg.p_reg_reg.
DSP Report: register gDSP.gDSP_only.iDSP/inferred_dsp.reg_mult.m_reg_reg is absorbed into DSP gDSP.gDSP_only.iDSP/inferred_dsp.use_p_reg.p_reg_reg.
DSP Report: operator gDSP.gDSP_only.iDSP/multOp is absorbed into DSP gDSP.gDSP_only.iDSP/inferred_dsp.use_p_reg.p_reg_reg.
DSP Report: Generating DSP gDSP.gDSP_only.iDSP/inferred_dsp.use_p_reg.p_reg_reg, operation Mode is: (A2*B2)'.
DSP Report: register gDSP.gDSP_only.iDSP/inferred_dsp.reg_inputs.b_reg_reg is absorbed into DSP gDSP.gDSP_only.iDSP/inferred_dsp.use_p_reg.p_reg_reg.
DSP Report: register gDSP.gDSP_only.iDSP/inferred_dsp.reg_inputs.a_reg_reg is absorbed into DSP gDSP.gDSP_only.iDSP/inferred_dsp.use_p_reg.p_reg_reg.
DSP Report: register gDSP.gDSP_only.iDSP/inferred_dsp.use_p_reg.p_reg_reg is absorbed into DSP gDSP.gDSP_only.iDSP/inferred_dsp.use_p_reg.p_reg_reg.
DSP Report: register gDSP.gDSP_only.iDSP/inferred_dsp.reg_mult.m_reg_reg is absorbed into DSP gDSP.gDSP_only.iDSP/inferred_dsp.use_p_reg.p_reg_reg.
DSP Report: operator gDSP.gDSP_only.iDSP/multOp is absorbed into DSP gDSP.gDSP_only.iDSP/inferred_dsp.use_p_reg.p_reg_reg.
DSP Report: Generating DSP gDSP.gDSP_only.iDSP/inferred_dsp.use_p_reg.p_reg_reg, operation Mode is: (A2*B2)'.
DSP Report: register gDSP.gDSP_only.iDSP/inferred_dsp.reg_inputs.b_reg_reg is absorbed into DSP gDSP.gDSP_only.iDSP/inferred_dsp.use_p_reg.p_reg_reg.
DSP Report: register gDSP.gDSP_only.iDSP/inferred_dsp.reg_inputs.a_reg_reg is absorbed into DSP gDSP.gDSP_only.iDSP/inferred_dsp.use_p_reg.p_reg_reg.
DSP Report: register gDSP.gDSP_only.iDSP/inferred_dsp.use_p_reg.p_reg_reg is absorbed into DSP gDSP.gDSP_only.iDSP/inferred_dsp.use_p_reg.p_reg_reg.
DSP Report: register gDSP.gDSP_only.iDSP/inferred_dsp.reg_mult.m_reg_reg is absorbed into DSP gDSP.gDSP_only.iDSP/inferred_dsp.use_p_reg.p_reg_reg.
DSP Report: operator gDSP.gDSP_only.iDSP/multOp is absorbed into DSP gDSP.gDSP_only.iDSP/inferred_dsp.use_p_reg.p_reg_reg.
DSP Report: Generating DSP gDSP.gDSP_only.iDSP/inferred_dsp.use_p_reg.p_reg_reg, operation Mode is: (A2*B2)'.
DSP Report: register gDSP.gDSP_only.iDSP/inferred_dsp.reg_inputs.b_reg_reg is absorbed into DSP gDSP.gDSP_only.iDSP/inferred_dsp.use_p_reg.p_reg_reg.
DSP Report: register gDSP.gDSP_only.iDSP/inferred_dsp.reg_inputs.a_reg_reg is absorbed into DSP gDSP.gDSP_only.iDSP/inferred_dsp.use_p_reg.p_reg_reg.
DSP Report: register gDSP.gDSP_only.iDSP/inferred_dsp.use_p_reg.p_reg_reg is absorbed into DSP gDSP.gDSP_only.iDSP/inferred_dsp.use_p_reg.p_reg_reg.
DSP Report: register gDSP.gDSP_only.iDSP/inferred_dsp.reg_mult.m_reg_reg is absorbed into DSP gDSP.gDSP_only.iDSP/inferred_dsp.use_p_reg.p_reg_reg.
DSP Report: operator gDSP.gDSP_only.iDSP/multOp is absorbed into DSP gDSP.gDSP_only.iDSP/inferred_dsp.use_p_reg.p_reg_reg.
DSP Report: Generating DSP gDSP.gDSP_only.iDSP/inferred_dsp.use_p_reg.p_reg_reg, operation Mode is: (A2*B2)'.
DSP Report: register gDSP.gDSP_only.iDSP/inferred_dsp.reg_inputs.b_reg_reg is absorbed into DSP gDSP.gDSP_only.iDSP/inferred_dsp.use_p_reg.p_reg_reg.
DSP Report: register gDSP.gDSP_only.iDSP/inferred_dsp.reg_inputs.a_reg_reg is absorbed into DSP gDSP.gDSP_only.iDSP/inferred_dsp.use_p_reg.p_reg_reg.
DSP Report: register gDSP.gDSP_only.iDSP/inferred_dsp.use_p_reg.p_reg_reg is absorbed into DSP gDSP.gDSP_only.iDSP/inferred_dsp.use_p_reg.p_reg_reg.
DSP Report: register gDSP.gDSP_only.iDSP/inferred_dsp.reg_mult.m_reg_reg is absorbed into DSP gDSP.gDSP_only.iDSP/inferred_dsp.use_p_reg.p_reg_reg.
DSP Report: operator gDSP.gDSP_only.iDSP/multOp is absorbed into DSP gDSP.gDSP_only.iDSP/inferred_dsp.use_p_reg.p_reg_reg.
DSP Report: Generating DSP gDSP.gDSP_only.iDSP/inferred_dsp.use_p_reg.p_reg_reg, operation Mode is: (A2*B2)'.
DSP Report: register gDSP.gDSP_only.iDSP/inferred_dsp.reg_inputs.b_reg_reg is absorbed into DSP gDSP.gDSP_only.iDSP/inferred_dsp.use_p_reg.p_reg_reg.
DSP Report: register gDSP.gDSP_only.iDSP/inferred_dsp.reg_inputs.a_reg_reg is absorbed into DSP gDSP.gDSP_only.iDSP/inferred_dsp.use_p_reg.p_reg_reg.
DSP Report: register gDSP.gDSP_only.iDSP/inferred_dsp.use_p_reg.p_reg_reg is absorbed into DSP gDSP.gDSP_only.iDSP/inferred_dsp.use_p_reg.p_reg_reg.
DSP Report: register gDSP.gDSP_only.iDSP/inferred_dsp.reg_mult.m_reg_reg is absorbed into DSP gDSP.gDSP_only.iDSP/inferred_dsp.use_p_reg.p_reg_reg.
DSP Report: operator gDSP.gDSP_only.iDSP/multOp is absorbed into DSP gDSP.gDSP_only.iDSP/inferred_dsp.use_p_reg.p_reg_reg.
DSP Report: Generating DSP gDSP.gDSP_only.iDSP/inferred_dsp.use_p_reg.p_reg_reg, operation Mode is: (A2*B2)'.
DSP Report: register gDSP.gDSP_only.iDSP/inferred_dsp.reg_inputs.b_reg_reg is absorbed into DSP gDSP.gDSP_only.iDSP/inferred_dsp.use_p_reg.p_reg_reg.
DSP Report: register gDSP.gDSP_only.iDSP/inferred_dsp.reg_inputs.a_reg_reg is absorbed into DSP gDSP.gDSP_only.iDSP/inferred_dsp.use_p_reg.p_reg_reg.
DSP Report: register gDSP.gDSP_only.iDSP/inferred_dsp.use_p_reg.p_reg_reg is absorbed into DSP gDSP.gDSP_only.iDSP/inferred_dsp.use_p_reg.p_reg_reg.
DSP Report: register gDSP.gDSP_only.iDSP/inferred_dsp.reg_mult.m_reg_reg is absorbed into DSP gDSP.gDSP_only.iDSP/inferred_dsp.use_p_reg.p_reg_reg.
DSP Report: operator gDSP.gDSP_only.iDSP/multOp is absorbed into DSP gDSP.gDSP_only.iDSP/inferred_dsp.use_p_reg.p_reg_reg.
DSP Report: Generating DSP gDSP.gDSP_only.iDSP/inferred_dsp.use_p_reg.p_reg_reg, operation Mode is: (A2*B2)'.
DSP Report: register gDSP.gDSP_only.iDSP/inferred_dsp.reg_inputs.b_reg_reg is absorbed into DSP gDSP.gDSP_only.iDSP/inferred_dsp.use_p_reg.p_reg_reg.
DSP Report: register gDSP.gDSP_only.iDSP/inferred_dsp.reg_inputs.a_reg_reg is absorbed into DSP gDSP.gDSP_only.iDSP/inferred_dsp.use_p_reg.p_reg_reg.
DSP Report: register gDSP.gDSP_only.iDSP/inferred_dsp.use_p_reg.p_reg_reg is absorbed into DSP gDSP.gDSP_only.iDSP/inferred_dsp.use_p_reg.p_reg_reg.
DSP Report: register gDSP.gDSP_only.iDSP/inferred_dsp.reg_mult.m_reg_reg is absorbed into DSP gDSP.gDSP_only.iDSP/inferred_dsp.use_p_reg.p_reg_reg.
DSP Report: operator gDSP.gDSP_only.iDSP/multOp is absorbed into DSP gDSP.gDSP_only.iDSP/inferred_dsp.use_p_reg.p_reg_reg.
DSP Report: Generating DSP gDSP.gDSP_only.iDSP/inferred_dsp.use_p_reg.p_reg_reg, operation Mode is: (A2*B2)'.
DSP Report: register gDSP.gDSP_only.iDSP/inferred_dsp.reg_inputs.b_reg_reg is absorbed into DSP gDSP.gDSP_only.iDSP/inferred_dsp.use_p_reg.p_reg_reg.
DSP Report: register gDSP.gDSP_only.iDSP/inferred_dsp.reg_inputs.a_reg_reg is absorbed into DSP gDSP.gDSP_only.iDSP/inferred_dsp.use_p_reg.p_reg_reg.
DSP Report: register gDSP.gDSP_only.iDSP/inferred_dsp.use_p_reg.p_reg_reg is absorbed into DSP gDSP.gDSP_only.iDSP/inferred_dsp.use_p_reg.p_reg_reg.
DSP Report: register gDSP.gDSP_only.iDSP/inferred_dsp.reg_mult.m_reg_reg is absorbed into DSP gDSP.gDSP_only.iDSP/inferred_dsp.use_p_reg.p_reg_reg.
DSP Report: operator gDSP.gDSP_only.iDSP/multOp is absorbed into DSP gDSP.gDSP_only.iDSP/inferred_dsp.use_p_reg.p_reg_reg.
DSP Report: Generating DSP gDSP.gDSP_only.iDSP/inferred_dsp.use_p_reg.p_reg_reg, operation Mode is: (A2*B2)'.
DSP Report: register gDSP.gDSP_only.iDSP/inferred_dsp.reg_inputs.b_reg_reg is absorbed into DSP gDSP.gDSP_only.iDSP/inferred_dsp.use_p_reg.p_reg_reg.
DSP Report: register gDSP.gDSP_only.iDSP/inferred_dsp.reg_inputs.a_reg_reg is absorbed into DSP gDSP.gDSP_only.iDSP/inferred_dsp.use_p_reg.p_reg_reg.
DSP Report: register gDSP.gDSP_only.iDSP/inferred_dsp.use_p_reg.p_reg_reg is absorbed into DSP gDSP.gDSP_only.iDSP/inferred_dsp.use_p_reg.p_reg_reg.
DSP Report: register gDSP.gDSP_only.iDSP/inferred_dsp.reg_mult.m_reg_reg is absorbed into DSP gDSP.gDSP_only.iDSP/inferred_dsp.use_p_reg.p_reg_reg.
DSP Report: operator gDSP.gDSP_only.iDSP/multOp is absorbed into DSP gDSP.gDSP_only.iDSP/inferred_dsp.use_p_reg.p_reg_reg.
DSP Report: Generating DSP gDSP.gDSP_only.iDSP/inferred_dsp.use_p_reg.p_reg_reg, operation Mode is: (A2*B2)'.
DSP Report: register gDSP.gDSP_only.iDSP/inferred_dsp.reg_inputs.b_reg_reg is absorbed into DSP gDSP.gDSP_only.iDSP/inferred_dsp.use_p_reg.p_reg_reg.
DSP Report: register gDSP.gDSP_only.iDSP/inferred_dsp.reg_inputs.a_reg_reg is absorbed into DSP gDSP.gDSP_only.iDSP/inferred_dsp.use_p_reg.p_reg_reg.
DSP Report: register gDSP.gDSP_only.iDSP/inferred_dsp.use_p_reg.p_reg_reg is absorbed into DSP gDSP.gDSP_only.iDSP/inferred_dsp.use_p_reg.p_reg_reg.
DSP Report: register gDSP.gDSP_only.iDSP/inferred_dsp.reg_mult.m_reg_reg is absorbed into DSP gDSP.gDSP_only.iDSP/inferred_dsp.use_p_reg.p_reg_reg.
DSP Report: operator gDSP.gDSP_only.iDSP/multOp is absorbed into DSP gDSP.gDSP_only.iDSP/inferred_dsp.use_p_reg.p_reg_reg.
DSP Report: Generating DSP gDSP.gDSP_only.iDSP/inferred_dsp.use_p_reg.p_reg_reg, operation Mode is: (A2*B2)'.
DSP Report: register gDSP.gDSP_only.iDSP/inferred_dsp.reg_inputs.b_reg_reg is absorbed into DSP gDSP.gDSP_only.iDSP/inferred_dsp.use_p_reg.p_reg_reg.
DSP Report: register gDSP.gDSP_only.iDSP/inferred_dsp.reg_inputs.a_reg_reg is absorbed into DSP gDSP.gDSP_only.iDSP/inferred_dsp.use_p_reg.p_reg_reg.
DSP Report: register gDSP.gDSP_only.iDSP/inferred_dsp.use_p_reg.p_reg_reg is absorbed into DSP gDSP.gDSP_only.iDSP/inferred_dsp.use_p_reg.p_reg_reg.
DSP Report: register gDSP.gDSP_only.iDSP/inferred_dsp.reg_mult.m_reg_reg is absorbed into DSP gDSP.gDSP_only.iDSP/inferred_dsp.use_p_reg.p_reg_reg.
DSP Report: operator gDSP.gDSP_only.iDSP/multOp is absorbed into DSP gDSP.gDSP_only.iDSP/inferred_dsp.use_p_reg.p_reg_reg.
DSP Report: Generating DSP gDSP.gDSP_only.iDSP/inferred_dsp.use_p_reg.p_reg_reg, operation Mode is: (A2*B2)'.
DSP Report: register gDSP.gDSP_only.iDSP/inferred_dsp.reg_inputs.b_reg_reg is absorbed into DSP gDSP.gDSP_only.iDSP/inferred_dsp.use_p_reg.p_reg_reg.
DSP Report: register gDSP.gDSP_only.iDSP/inferred_dsp.reg_inputs.a_reg_reg is absorbed into DSP gDSP.gDSP_only.iDSP/inferred_dsp.use_p_reg.p_reg_reg.
DSP Report: register gDSP.gDSP_only.iDSP/inferred_dsp.use_p_reg.p_reg_reg is absorbed into DSP gDSP.gDSP_only.iDSP/inferred_dsp.use_p_reg.p_reg_reg.
DSP Report: register gDSP.gDSP_only.iDSP/inferred_dsp.reg_mult.m_reg_reg is absorbed into DSP gDSP.gDSP_only.iDSP/inferred_dsp.use_p_reg.p_reg_reg.
DSP Report: operator gDSP.gDSP_only.iDSP/multOp is absorbed into DSP gDSP.gDSP_only.iDSP/inferred_dsp.use_p_reg.p_reg_reg.
DSP Report: Generating DSP gDSP.gDSP_only.iDSP/inferred_dsp.use_p_reg.p_reg_reg, operation Mode is: (A2*B2)'.
DSP Report: register gDSP.gDSP_only.iDSP/inferred_dsp.reg_inputs.b_reg_reg is absorbed into DSP gDSP.gDSP_only.iDSP/inferred_dsp.use_p_reg.p_reg_reg.
DSP Report: register gDSP.gDSP_only.iDSP/inferred_dsp.reg_inputs.a_reg_reg is absorbed into DSP gDSP.gDSP_only.iDSP/inferred_dsp.use_p_reg.p_reg_reg.
DSP Report: register gDSP.gDSP_only.iDSP/inferred_dsp.use_p_reg.p_reg_reg is absorbed into DSP gDSP.gDSP_only.iDSP/inferred_dsp.use_p_reg.p_reg_reg.
DSP Report: register gDSP.gDSP_only.iDSP/inferred_dsp.reg_mult.m_reg_reg is absorbed into DSP gDSP.gDSP_only.iDSP/inferred_dsp.use_p_reg.p_reg_reg.
DSP Report: operator gDSP.gDSP_only.iDSP/multOp is absorbed into DSP gDSP.gDSP_only.iDSP/inferred_dsp.use_p_reg.p_reg_reg.
DSP Report: Generating DSP gDSP.gDSP_only.iDSP/inferred_dsp.use_p_reg.p_reg_reg, operation Mode is: (A2*B2)'.
DSP Report: register gDSP.gDSP_only.iDSP/inferred_dsp.reg_inputs.b_reg_reg is absorbed into DSP gDSP.gDSP_only.iDSP/inferred_dsp.use_p_reg.p_reg_reg.
DSP Report: register gDSP.gDSP_only.iDSP/inferred_dsp.reg_inputs.a_reg_reg is absorbed into DSP gDSP.gDSP_only.iDSP/inferred_dsp.use_p_reg.p_reg_reg.
DSP Report: register gDSP.gDSP_only.iDSP/inferred_dsp.use_p_reg.p_reg_reg is absorbed into DSP gDSP.gDSP_only.iDSP/inferred_dsp.use_p_reg.p_reg_reg.
DSP Report: register gDSP.gDSP_only.iDSP/inferred_dsp.reg_mult.m_reg_reg is absorbed into DSP gDSP.gDSP_only.iDSP/inferred_dsp.use_p_reg.p_reg_reg.
DSP Report: operator gDSP.gDSP_only.iDSP/multOp is absorbed into DSP gDSP.gDSP_only.iDSP/inferred_dsp.use_p_reg.p_reg_reg.
INFO: [Synth 8-5845] Not enough pipeline registers after wide multiplier. Recommended levels of pipeline registers is 2 [d:/DOAN/DATN_RTL/DATN_VIVADO/project_2/project_2.gen/sources_1/bd/SoC/ipshared/013e/src/SPU_Quantize_Q8_0.v:413]
DSP Report: Generating DSP deq_s2_mul0, operation Mode is: A2*B''.
DSP Report: register deq_s2_mul0 is absorbed into DSP deq_s2_mul0.
DSP Report: register deq_s2_mul0 is absorbed into DSP deq_s2_mul0.
DSP Report: register deq_s2_mul0 is absorbed into DSP deq_s2_mul0.
DSP Report: operator deq_s2_mul0 is absorbed into DSP deq_s2_mul0.
DSP Report: operator deq_s2_mul0 is absorbed into DSP deq_s2_mul0.
DSP Report: Generating DSP deq_s2_mul_reg, operation Mode is: (PCIN>>17)+A''*B2.
DSP Report: register deq_s1_raw_reg is absorbed into DSP deq_s2_mul_reg.
DSP Report: register deq_s2_mul_reg is absorbed into DSP deq_s2_mul_reg.
DSP Report: register deq_s2_mul_reg is absorbed into DSP deq_s2_mul_reg.
DSP Report: register deq_s2_mul_reg is absorbed into DSP deq_s2_mul_reg.
DSP Report: operator deq_s2_mul0 is absorbed into DSP deq_s2_mul_reg.
DSP Report: operator deq_s2_mul0 is absorbed into DSP deq_s2_mul_reg.
DSP Report: Generating DSP gDSP.gDSP_only.iDSP/inferred_dsp.use_p_reg.p_reg_reg, operation Mode is: (A2*B2)'.
DSP Report: register gDSP.gDSP_only.iDSP/inferred_dsp.reg_inputs.b_reg_reg is absorbed into DSP gDSP.gDSP_only.iDSP/inferred_dsp.use_p_reg.p_reg_reg.
DSP Report: register gDSP.gDSP_only.iDSP/inferred_dsp.reg_inputs.a_reg_reg is absorbed into DSP gDSP.gDSP_only.iDSP/inferred_dsp.use_p_reg.p_reg_reg.
DSP Report: register gDSP.gDSP_only.iDSP/inferred_dsp.use_p_reg.p_reg_reg is absorbed into DSP gDSP.gDSP_only.iDSP/inferred_dsp.use_p_reg.p_reg_reg.
DSP Report: register gDSP.gDSP_only.iDSP/inferred_dsp.reg_mult.m_reg_reg is absorbed into DSP gDSP.gDSP_only.iDSP/inferred_dsp.use_p_reg.p_reg_reg.
DSP Report: operator gDSP.gDSP_only.iDSP/multOp is absorbed into DSP gDSP.gDSP_only.iDSP/inferred_dsp.use_p_reg.p_reg_reg.
DSP Report: Generating DSP gDSP.gDSP_only.iDSP/inferred_dsp.use_p_reg.p_reg_reg, operation Mode is: (A2*B2)'.
DSP Report: register gDSP.gDSP_only.iDSP/inferred_dsp.reg_inputs.b_reg_reg is absorbed into DSP gDSP.gDSP_only.iDSP/inferred_dsp.use_p_reg.p_reg_reg.
DSP Report: register gDSP.gDSP_only.iDSP/inferred_dsp.reg_inputs.a_reg_reg is absorbed into DSP gDSP.gDSP_only.iDSP/inferred_dsp.use_p_reg.p_reg_reg.
DSP Report: register gDSP.gDSP_only.iDSP/inferred_dsp.use_p_reg.p_reg_reg is absorbed into DSP gDSP.gDSP_only.iDSP/inferred_dsp.use_p_reg.p_reg_reg.
DSP Report: register gDSP.gDSP_only.iDSP/inferred_dsp.reg_mult.m_reg_reg is absorbed into DSP gDSP.gDSP_only.iDSP/inferred_dsp.use_p_reg.p_reg_reg.
DSP Report: operator gDSP.gDSP_only.iDSP/multOp is absorbed into DSP gDSP.gDSP_only.iDSP/inferred_dsp.use_p_reg.p_reg_reg.
DSP Report: Generating DSP gDSP.gDSP_only.iDSP/inferred_dsp.use_p_reg.p_reg_reg, operation Mode is: (A2*B2)'.
DSP Report: register gDSP.gDSP_only.iDSP/inferred_dsp.reg_inputs.b_reg_reg is absorbed into DSP gDSP.gDSP_only.iDSP/inferred_dsp.use_p_reg.p_reg_reg.
DSP Report: register gDSP.gDSP_only.iDSP/inferred_dsp.reg_inputs.a_reg_reg is absorbed into DSP gDSP.gDSP_only.iDSP/inferred_dsp.use_p_reg.p_reg_reg.
DSP Report: register gDSP.gDSP_only.iDSP/inferred_dsp.use_p_reg.p_reg_reg is absorbed into DSP gDSP.gDSP_only.iDSP/inferred_dsp.use_p_reg.p_reg_reg.
DSP Report: register gDSP.gDSP_only.iDSP/inferred_dsp.reg_mult.m_reg_reg is absorbed into DSP gDSP.gDSP_only.iDSP/inferred_dsp.use_p_reg.p_reg_reg.
DSP Report: operator gDSP.gDSP_only.iDSP/multOp is absorbed into DSP gDSP.gDSP_only.iDSP/inferred_dsp.use_p_reg.p_reg_reg.
DSP Report: Generating DSP gDSP.gDSP_only.iDSP/inferred_dsp.use_p_reg.p_reg_reg, operation Mode is: (A2*B2)'.
DSP Report: register gDSP.gDSP_only.iDSP/inferred_dsp.reg_inputs.b_reg_reg is absorbed into DSP gDSP.gDSP_only.iDSP/inferred_dsp.use_p_reg.p_reg_reg.
DSP Report: register gDSP.gDSP_only.iDSP/inferred_dsp.reg_inputs.a_reg_reg is absorbed into DSP gDSP.gDSP_only.iDSP/inferred_dsp.use_p_reg.p_reg_reg.
DSP Report: register gDSP.gDSP_only.iDSP/inferred_dsp.use_p_reg.p_reg_reg is absorbed into DSP gDSP.gDSP_only.iDSP/inferred_dsp.use_p_reg.p_reg_reg.
DSP Report: register gDSP.gDSP_only.iDSP/inferred_dsp.reg_mult.m_reg_reg is absorbed into DSP gDSP.gDSP_only.iDSP/inferred_dsp.use_p_reg.p_reg_reg.
DSP Report: operator gDSP.gDSP_only.iDSP/multOp is absorbed into DSP gDSP.gDSP_only.iDSP/inferred_dsp.use_p_reg.p_reg_reg.
DSP Report: Generating DSP gDSP.gDSP_only.iDSP/inferred_dsp.use_p_reg.p_reg_reg, operation Mode is: (A2*B2)'.
DSP Report: register gDSP.gDSP_only.iDSP/inferred_dsp.reg_inputs.b_reg_reg is absorbed into DSP gDSP.gDSP_only.iDSP/inferred_dsp.use_p_reg.p_reg_reg.
DSP Report: register gDSP.gDSP_only.iDSP/inferred_dsp.reg_inputs.a_reg_reg is absorbed into DSP gDSP.gDSP_only.iDSP/inferred_dsp.use_p_reg.p_reg_reg.
DSP Report: register gDSP.gDSP_only.iDSP/inferred_dsp.use_p_reg.p_reg_reg is absorbed into DSP gDSP.gDSP_only.iDSP/inferred_dsp.use_p_reg.p_reg_reg.
DSP Report: register gDSP.gDSP_only.iDSP/inferred_dsp.reg_mult.m_reg_reg is absorbed into DSP gDSP.gDSP_only.iDSP/inferred_dsp.use_p_reg.p_reg_reg.
DSP Report: operator gDSP.gDSP_only.iDSP/multOp is absorbed into DSP gDSP.gDSP_only.iDSP/inferred_dsp.use_p_reg.p_reg_reg.
DSP Report: Generating DSP gDSP.gDSP_only.iDSP/inferred_dsp.use_p_reg.p_reg_reg, operation Mode is: (A2*B2)'.
DSP Report: register gDSP.gDSP_only.iDSP/inferred_dsp.reg_inputs.b_reg_reg is absorbed into DSP gDSP.gDSP_only.iDSP/inferred_dsp.use_p_reg.p_reg_reg.
DSP Report: register gDSP.gDSP_only.iDSP/inferred_dsp.reg_inputs.a_reg_reg is absorbed into DSP gDSP.gDSP_only.iDSP/inferred_dsp.use_p_reg.p_reg_reg.
DSP Report: register gDSP.gDSP_only.iDSP/inferred_dsp.use_p_reg.p_reg_reg is absorbed into DSP gDSP.gDSP_only.iDSP/inferred_dsp.use_p_reg.p_reg_reg.
DSP Report: register gDSP.gDSP_only.iDSP/inferred_dsp.reg_mult.m_reg_reg is absorbed into DSP gDSP.gDSP_only.iDSP/inferred_dsp.use_p_reg.p_reg_reg.
DSP Report: operator gDSP.gDSP_only.iDSP/multOp is absorbed into DSP gDSP.gDSP_only.iDSP/inferred_dsp.use_p_reg.p_reg_reg.
DSP Report: Generating DSP gDSP.gDSP_only.iDSP/inferred_dsp.use_p_reg.p_reg_reg, operation Mode is: (A2*B2)'.
DSP Report: register gDSP.gDSP_only.iDSP/inferred_dsp.reg_inputs.b_reg_reg is absorbed into DSP gDSP.gDSP_only.iDSP/inferred_dsp.use_p_reg.p_reg_reg.
DSP Report: register gDSP.gDSP_only.iDSP/inferred_dsp.reg_inputs.a_reg_reg is absorbed into DSP gDSP.gDSP_only.iDSP/inferred_dsp.use_p_reg.p_reg_reg.
DSP Report: register gDSP.gDSP_only.iDSP/inferred_dsp.use_p_reg.p_reg_reg is absorbed into DSP gDSP.gDSP_only.iDSP/inferred_dsp.use_p_reg.p_reg_reg.
DSP Report: register gDSP.gDSP_only.iDSP/inferred_dsp.reg_mult.m_reg_reg is absorbed into DSP gDSP.gDSP_only.iDSP/inferred_dsp.use_p_reg.p_reg_reg.
DSP Report: operator gDSP.gDSP_only.iDSP/multOp is absorbed into DSP gDSP.gDSP_only.iDSP/inferred_dsp.use_p_reg.p_reg_reg.
DSP Report: Generating DSP gDSP.gDSP_only.iDSP/inferred_dsp.use_p_reg.p_reg_reg, operation Mode is: (A2*B2)'.
DSP Report: register gDSP.gDSP_only.iDSP/inferred_dsp.reg_inputs.b_reg_reg is absorbed into DSP gDSP.gDSP_only.iDSP/inferred_dsp.use_p_reg.p_reg_reg.
DSP Report: register gDSP.gDSP_only.iDSP/inferred_dsp.reg_inputs.a_reg_reg is absorbed into DSP gDSP.gDSP_only.iDSP/inferred_dsp.use_p_reg.p_reg_reg.
DSP Report: register gDSP.gDSP_only.iDSP/inferred_dsp.use_p_reg.p_reg_reg is absorbed into DSP gDSP.gDSP_only.iDSP/inferred_dsp.use_p_reg.p_reg_reg.
DSP Report: register gDSP.gDSP_only.iDSP/inferred_dsp.reg_mult.m_reg_reg is absorbed into DSP gDSP.gDSP_only.iDSP/inferred_dsp.use_p_reg.p_reg_reg.
DSP Report: operator gDSP.gDSP_only.iDSP/multOp is absorbed into DSP gDSP.gDSP_only.iDSP/inferred_dsp.use_p_reg.p_reg_reg.
DSP Report: Generating DSP gDSP.gDSP_only.iDSP/inferred_dsp.use_p_reg.p_reg_reg, operation Mode is: (A2*B2)'.
DSP Report: register gDSP.gDSP_only.iDSP/inferred_dsp.reg_inputs.b_reg_reg is absorbed into DSP gDSP.gDSP_only.iDSP/inferred_dsp.use_p_reg.p_reg_reg.
DSP Report: register gDSP.gDSP_only.iDSP/inferred_dsp.reg_inputs.a_reg_reg is absorbed into DSP gDSP.gDSP_only.iDSP/inferred_dsp.use_p_reg.p_reg_reg.
DSP Report: register gDSP.gDSP_only.iDSP/inferred_dsp.use_p_reg.p_reg_reg is absorbed into DSP gDSP.gDSP_only.iDSP/inferred_dsp.use_p_reg.p_reg_reg.
DSP Report: register gDSP.gDSP_only.iDSP/inferred_dsp.reg_mult.m_reg_reg is absorbed into DSP gDSP.gDSP_only.iDSP/inferred_dsp.use_p_reg.p_reg_reg.
DSP Report: operator gDSP.gDSP_only.iDSP/multOp is absorbed into DSP gDSP.gDSP_only.iDSP/inferred_dsp.use_p_reg.p_reg_reg.
DSP Report: Generating DSP gDSP.gDSP_only.iDSP/inferred_dsp.use_p_reg.p_reg_reg, operation Mode is: (A2*B2)'.
DSP Report: register gDSP.gDSP_only.iDSP/inferred_dsp.reg_inputs.b_reg_reg is absorbed into DSP gDSP.gDSP_only.iDSP/inferred_dsp.use_p_reg.p_reg_reg.
DSP Report: register gDSP.gDSP_only.iDSP/inferred_dsp.reg_inputs.a_reg_reg is absorbed into DSP gDSP.gDSP_only.iDSP/inferred_dsp.use_p_reg.p_reg_reg.
DSP Report: register gDSP.gDSP_only.iDSP/inferred_dsp.use_p_reg.p_reg_reg is absorbed into DSP gDSP.gDSP_only.iDSP/inferred_dsp.use_p_reg.p_reg_reg.
DSP Report: register gDSP.gDSP_only.iDSP/inferred_dsp.reg_mult.m_reg_reg is absorbed into DSP gDSP.gDSP_only.iDSP/inferred_dsp.use_p_reg.p_reg_reg.
DSP Report: operator gDSP.gDSP_only.iDSP/multOp is absorbed into DSP gDSP.gDSP_only.iDSP/inferred_dsp.use_p_reg.p_reg_reg.
DSP Report: Generating DSP gDSP.gDSP_only.iDSP/inferred_dsp.use_p_reg.p_reg_reg, operation Mode is: (A2*B2)'.
DSP Report: register gDSP.gDSP_only.iDSP/inferred_dsp.reg_inputs.b_reg_reg is absorbed into DSP gDSP.gDSP_only.iDSP/inferred_dsp.use_p_reg.p_reg_reg.
DSP Report: register gDSP.gDSP_only.iDSP/inferred_dsp.reg_inputs.a_reg_reg is absorbed into DSP gDSP.gDSP_only.iDSP/inferred_dsp.use_p_reg.p_reg_reg.
DSP Report: register gDSP.gDSP_only.iDSP/inferred_dsp.use_p_reg.p_reg_reg is absorbed into DSP gDSP.gDSP_only.iDSP/inferred_dsp.use_p_reg.p_reg_reg.
DSP Report: register gDSP.gDSP_only.iDSP/inferred_dsp.reg_mult.m_reg_reg is absorbed into DSP gDSP.gDSP_only.iDSP/inferred_dsp.use_p_reg.p_reg_reg.
DSP Report: operator gDSP.gDSP_only.iDSP/multOp is absorbed into DSP gDSP.gDSP_only.iDSP/inferred_dsp.use_p_reg.p_reg_reg.
DSP Report: Generating DSP gDSP.gDSP_only.iDSP/inferred_dsp.use_p_reg.p_reg_reg, operation Mode is: (A2*B2)'.
DSP Report: register gDSP.gDSP_only.iDSP/inferred_dsp.reg_inputs.b_reg_reg is absorbed into DSP gDSP.gDSP_only.iDSP/inferred_dsp.use_p_reg.p_reg_reg.
DSP Report: register gDSP.gDSP_only.iDSP/inferred_dsp.reg_inputs.a_reg_reg is absorbed into DSP gDSP.gDSP_only.iDSP/inferred_dsp.use_p_reg.p_reg_reg.
DSP Report: register gDSP.gDSP_only.iDSP/inferred_dsp.use_p_reg.p_reg_reg is absorbed into DSP gDSP.gDSP_only.iDSP/inferred_dsp.use_p_reg.p_reg_reg.
DSP Report: register gDSP.gDSP_only.iDSP/inferred_dsp.reg_mult.m_reg_reg is absorbed into DSP gDSP.gDSP_only.iDSP/inferred_dsp.use_p_reg.p_reg_reg.
DSP Report: operator gDSP.gDSP_only.iDSP/multOp is absorbed into DSP gDSP.gDSP_only.iDSP/inferred_dsp.use_p_reg.p_reg_reg.
DSP Report: Generating DSP gDSP.gDSP_only.iDSP/inferred_dsp.use_p_reg.p_reg_reg, operation Mode is: (A2*B2)'.
DSP Report: register gDSP.gDSP_only.iDSP/inferred_dsp.reg_inputs.b_reg_reg is absorbed into DSP gDSP.gDSP_only.iDSP/inferred_dsp.use_p_reg.p_reg_reg.
DSP Report: register gDSP.gDSP_only.iDSP/inferred_dsp.reg_inputs.a_reg_reg is absorbed into DSP gDSP.gDSP_only.iDSP/inferred_dsp.use_p_reg.p_reg_reg.
DSP Report: register gDSP.gDSP_only.iDSP/inferred_dsp.use_p_reg.p_reg_reg is absorbed into DSP gDSP.gDSP_only.iDSP/inferred_dsp.use_p_reg.p_reg_reg.
DSP Report: register gDSP.gDSP_only.iDSP/inferred_dsp.reg_mult.m_reg_reg is absorbed into DSP gDSP.gDSP_only.iDSP/inferred_dsp.use_p_reg.p_reg_reg.
DSP Report: operator gDSP.gDSP_only.iDSP/multOp is absorbed into DSP gDSP.gDSP_only.iDSP/inferred_dsp.use_p_reg.p_reg_reg.
DSP Report: Generating DSP gDSP.gDSP_only.iDSP/inferred_dsp.use_p_reg.p_reg_reg, operation Mode is: (A2*B2)'.
DSP Report: register gDSP.gDSP_only.iDSP/inferred_dsp.reg_inputs.b_reg_reg is absorbed into DSP gDSP.gDSP_only.iDSP/inferred_dsp.use_p_reg.p_reg_reg.
DSP Report: register gDSP.gDSP_only.iDSP/inferred_dsp.reg_inputs.a_reg_reg is absorbed into DSP gDSP.gDSP_only.iDSP/inferred_dsp.use_p_reg.p_reg_reg.
DSP Report: register gDSP.gDSP_only.iDSP/inferred_dsp.use_p_reg.p_reg_reg is absorbed into DSP gDSP.gDSP_only.iDSP/inferred_dsp.use_p_reg.p_reg_reg.
DSP Report: register gDSP.gDSP_only.iDSP/inferred_dsp.reg_mult.m_reg_reg is absorbed into DSP gDSP.gDSP_only.iDSP/inferred_dsp.use_p_reg.p_reg_reg.
DSP Report: operator gDSP.gDSP_only.iDSP/multOp is absorbed into DSP gDSP.gDSP_only.iDSP/inferred_dsp.use_p_reg.p_reg_reg.
DSP Report: Generating DSP gDSP.gDSP_only.iDSP/inferred_dsp.use_p_reg.p_reg_reg, operation Mode is: (A2*B2)'.
DSP Report: register gDSP.gDSP_only.iDSP/inferred_dsp.reg_inputs.b_reg_reg is absorbed into DSP gDSP.gDSP_only.iDSP/inferred_dsp.use_p_reg.p_reg_reg.
DSP Report: register gDSP.gDSP_only.iDSP/inferred_dsp.reg_inputs.a_reg_reg is absorbed into DSP gDSP.gDSP_only.iDSP/inferred_dsp.use_p_reg.p_reg_reg.
DSP Report: register gDSP.gDSP_only.iDSP/inferred_dsp.use_p_reg.p_reg_reg is absorbed into DSP gDSP.gDSP_only.iDSP/inferred_dsp.use_p_reg.p_reg_reg.
DSP Report: register gDSP.gDSP_only.iDSP/inferred_dsp.reg_mult.m_reg_reg is absorbed into DSP gDSP.gDSP_only.iDSP/inferred_dsp.use_p_reg.p_reg_reg.
DSP Report: operator gDSP.gDSP_only.iDSP/multOp is absorbed into DSP gDSP.gDSP_only.iDSP/inferred_dsp.use_p_reg.p_reg_reg.
DSP Report: Generating DSP gDSP.gDSP_only.iDSP/inferred_dsp.use_p_reg.p_reg_reg, operation Mode is: (A2*B2)'.
DSP Report: register gDSP.gDSP_only.iDSP/inferred_dsp.reg_inputs.b_reg_reg is absorbed into DSP gDSP.gDSP_only.iDSP/inferred_dsp.use_p_reg.p_reg_reg.
DSP Report: register gDSP.gDSP_only.iDSP/inferred_dsp.reg_inputs.a_reg_reg is absorbed into DSP gDSP.gDSP_only.iDSP/inferred_dsp.use_p_reg.p_reg_reg.
DSP Report: register gDSP.gDSP_only.iDSP/inferred_dsp.use_p_reg.p_reg_reg is absorbed into DSP gDSP.gDSP_only.iDSP/inferred_dsp.use_p_reg.p_reg_reg.
DSP Report: register gDSP.gDSP_only.iDSP/inferred_dsp.reg_mult.m_reg_reg is absorbed into DSP gDSP.gDSP_only.iDSP/inferred_dsp.use_p_reg.p_reg_reg.
DSP Report: operator gDSP.gDSP_only.iDSP/multOp is absorbed into DSP gDSP.gDSP_only.iDSP/inferred_dsp.use_p_reg.p_reg_reg.
INFO: [Synth 8-5845] Not enough pipeline registers after wide multiplier. Recommended levels of pipeline registers is 2 [d:/DOAN/DATN_RTL/DATN_VIVADO/project_2/project_2.gen/sources_1/bd/SoC/ipshared/013e/src/SPU_Quantize_Q8_0.v:413]
DSP Report: Generating DSP deq_s2_mul0, operation Mode is: A2*B''.
DSP Report: register deq_s2_mul0 is absorbed into DSP deq_s2_mul0.
DSP Report: register deq_s2_mul0 is absorbed into DSP deq_s2_mul0.
DSP Report: register deq_s2_mul0 is absorbed into DSP deq_s2_mul0.
DSP Report: operator deq_s2_mul0 is absorbed into DSP deq_s2_mul0.
DSP Report: operator deq_s2_mul0 is absorbed into DSP deq_s2_mul0.
DSP Report: Generating DSP deq_s2_mul_reg, operation Mode is: (PCIN>>17)+A''*B2.
DSP Report: register deq_s1_raw_reg is absorbed into DSP deq_s2_mul_reg.
DSP Report: register deq_s2_mul_reg is absorbed into DSP deq_s2_mul_reg.
DSP Report: register deq_s2_mul_reg is absorbed into DSP deq_s2_mul_reg.
DSP Report: register deq_s2_mul_reg is absorbed into DSP deq_s2_mul_reg.
DSP Report: operator deq_s2_mul0 is absorbed into DSP deq_s2_mul_reg.
DSP Report: operator deq_s2_mul0 is absorbed into DSP deq_s2_mul_reg.
INFO: [Synth 8-3971] The signal "Matrix_Vector_Multiplication__GB20/GEN_RESULT_BANK[0].u_result_bram/GEN_BLOCK_RAM.mem_reg" was recognized as a true dual port RAM template.
INFO: [Synth 8-3971] The signal "Matrix_Vector_Multiplication__GB20/GEN_RESULT_BANK[1].u_result_bram/GEN_BLOCK_RAM.mem_reg" was recognized as a true dual port RAM template.
INFO: [Common 17-14] Message 'Synth 8-3332' appears 100 times and further instances of the messages will be disabled. Use the Tcl command set_msg_config to change the current settings.
INFO: [Synth 8-5845] Not enough pipeline registers after wide multiplier. Recommended levels of pipeline registers is 8 [d:/DOAN/DATN_RTL/DATN_VIVADO/project_2/project_2.gen/sources_1/bd/SoC/ipshared/013e/src/SPU_RoPE.v:131]
DSP Report: Generating DSP product_scale_sig_r_reg, operation Mode is: (A*B)'.
DSP Report: register product_scale_sig_r_reg is absorbed into DSP product_scale_sig_r_reg.
DSP Report: operator start_product_scale_sig_w is absorbed into DSP product_scale_sig_r_reg.
DSP Report: Generating DSP contribution_mul_w, operation Mode is: A*B.
DSP Report: operator contribution_mul_w is absorbed into DSP contribution_mul_w.
DSP Report: operator contribution_mul_w is absorbed into DSP contribution_mul_w.
DSP Report: Generating DSP contribution_full_r_reg, operation Mode is: (PCIN>>17)+A*B.
DSP Report: register contribution_full_r_reg is absorbed into DSP contribution_full_r_reg.
DSP Report: operator contribution_mul_w is absorbed into DSP contribution_full_r_reg.
DSP Report: operator contribution_mul_w is absorbed into DSP contribution_full_r_reg.
DSP Report: Generating DSP contribution_mul_w, operation Mode is: A2*B.
DSP Report: register contribution_mul_w is absorbed into DSP contribution_mul_w.
DSP Report: operator contribution_mul_w is absorbed into DSP contribution_mul_w.
DSP Report: operator contribution_mul_w is absorbed into DSP contribution_mul_w.
DSP Report: Generating DSP contribution_mul_w, operation Mode is: PCIN+A*B.
DSP Report: operator contribution_mul_w is absorbed into DSP contribution_mul_w.
DSP Report: operator contribution_mul_w is absorbed into DSP contribution_mul_w.
DSP Report: Generating DSP contribution_full_r_reg, operation Mode is: (PCIN>>17)+A2*B.
DSP Report: register contribution_full_r_reg is absorbed into DSP contribution_full_r_reg.
DSP Report: register contribution_full_r_reg is absorbed into DSP contribution_full_r_reg.
DSP Report: operator contribution_mul_w is absorbed into DSP contribution_full_r_reg.
DSP Report: operator contribution_mul_w is absorbed into DSP contribution_full_r_reg.
DSP Report: Generating DSP contribution_mul_w, operation Mode is: A2*B.
DSP Report: register contribution_mul_w is absorbed into DSP contribution_mul_w.
DSP Report: operator contribution_mul_w is absorbed into DSP contribution_mul_w.
DSP Report: operator contribution_mul_w is absorbed into DSP contribution_mul_w.
DSP Report: Generating DSP contribution_mul_w, operation Mode is: (PCIN>>17)+A2*B.
DSP Report: register contribution_mul_w is absorbed into DSP contribution_mul_w.
DSP Report: operator contribution_mul_w is absorbed into DSP contribution_mul_w.
DSP Report: operator contribution_mul_w is absorbed into DSP contribution_mul_w.
DSP Report: Generating DSP contribution_full_r_reg, operation Mode is: (PCIN+A*B)'.
DSP Report: register contribution_full_r_reg is absorbed into DSP contribution_full_r_reg.
DSP Report: operator contribution_mul_w is absorbed into DSP contribution_full_r_reg.
DSP Report: operator contribution_mul_w is absorbed into DSP contribution_full_r_reg.
INFO: [Synth 8-5845] Not enough pipeline registers after wide multiplier. Recommended levels of pipeline registers is 8 [d:/DOAN/DATN_RTL/DATN_VIVADO/project_2/project_2.gen/sources_1/bd/SoC/ipshared/013e/src/SPU_RoPE.v:131]
DSP Report: Generating DSP product_scale_sig_r_reg, operation Mode is: (A*B)'.
DSP Report: register product_scale_sig_r_reg is absorbed into DSP product_scale_sig_r_reg.
DSP Report: operator start_product_scale_sig_w is absorbed into DSP product_scale_sig_r_reg.
DSP Report: Generating DSP contribution_mul_w, operation Mode is: A*B.
DSP Report: operator contribution_mul_w is absorbed into DSP contribution_mul_w.
DSP Report: operator contribution_mul_w is absorbed into DSP contribution_mul_w.
DSP Report: Generating DSP contribution_full_r_reg, operation Mode is: (PCIN>>17)+A*B.
DSP Report: register contribution_full_r_reg is absorbed into DSP contribution_full_r_reg.
DSP Report: operator contribution_mul_w is absorbed into DSP contribution_full_r_reg.
DSP Report: operator contribution_mul_w is absorbed into DSP contribution_full_r_reg.
DSP Report: Generating DSP contribution_mul_w, operation Mode is: A2*B.
DSP Report: register contribution_mul_w is absorbed into DSP contribution_mul_w.
DSP Report: operator contribution_mul_w is absorbed into DSP contribution_mul_w.
DSP Report: operator contribution_mul_w is absorbed into DSP contribution_mul_w.
DSP Report: Generating DSP contribution_mul_w, operation Mode is: PCIN+A*B.
DSP Report: operator contribution_mul_w is absorbed into DSP contribution_mul_w.
DSP Report: operator contribution_mul_w is absorbed into DSP contribution_mul_w.
DSP Report: Generating DSP contribution_full_r_reg, operation Mode is: (PCIN>>17)+A2*B.
DSP Report: register contribution_full_r_reg is absorbed into DSP contribution_full_r_reg.
DSP Report: register contribution_full_r_reg is absorbed into DSP contribution_full_r_reg.
DSP Report: operator contribution_mul_w is absorbed into DSP contribution_full_r_reg.
DSP Report: operator contribution_mul_w is absorbed into DSP contribution_full_r_reg.
DSP Report: Generating DSP contribution_mul_w, operation Mode is: A2*B.
DSP Report: register contribution_mul_w is absorbed into DSP contribution_mul_w.
DSP Report: operator contribution_mul_w is absorbed into DSP contribution_mul_w.
DSP Report: operator contribution_mul_w is absorbed into DSP contribution_mul_w.
DSP Report: Generating DSP contribution_mul_w, operation Mode is: (PCIN>>17)+A2*B.
DSP Report: register contribution_mul_w is absorbed into DSP contribution_mul_w.
DSP Report: operator contribution_mul_w is absorbed into DSP contribution_mul_w.
DSP Report: operator contribution_mul_w is absorbed into DSP contribution_mul_w.
DSP Report: Generating DSP contribution_full_r_reg, operation Mode is: (PCIN+A*B)'.
DSP Report: register contribution_full_r_reg is absorbed into DSP contribution_full_r_reg.
DSP Report: operator contribution_mul_w is absorbed into DSP contribution_full_r_reg.
DSP Report: operator contribution_mul_w is absorbed into DSP contribution_full_r_reg.
INFO: [Synth 8-5845] Not enough pipeline registers after wide multiplier. Recommended levels of pipeline registers is 8 [d:/DOAN/DATN_RTL/DATN_VIVADO/project_2/project_2.gen/sources_1/bd/SoC/ipshared/013e/src/SPU_RoPE.v:131]
DSP Report: Generating DSP product_scale_sig_r_reg, operation Mode is: (A*B)'.
DSP Report: register product_scale_sig_r_reg is absorbed into DSP product_scale_sig_r_reg.
DSP Report: operator start_product_scale_sig_w is absorbed into DSP product_scale_sig_r_reg.
DSP Report: Generating DSP contribution_mul_w, operation Mode is: A*B.
DSP Report: operator contribution_mul_w is absorbed into DSP contribution_mul_w.
DSP Report: operator contribution_mul_w is absorbed into DSP contribution_mul_w.
DSP Report: Generating DSP contribution_full_r_reg, operation Mode is: (PCIN>>17)+A*B.
DSP Report: register contribution_full_r_reg is absorbed into DSP contribution_full_r_reg.
DSP Report: operator contribution_mul_w is absorbed into DSP contribution_full_r_reg.
DSP Report: operator contribution_mul_w is absorbed into DSP contribution_full_r_reg.
DSP Report: Generating DSP contribution_mul_w, operation Mode is: A2*B.
DSP Report: register contribution_mul_w is absorbed into DSP contribution_mul_w.
DSP Report: operator contribution_mul_w is absorbed into DSP contribution_mul_w.
DSP Report: operator contribution_mul_w is absorbed into DSP contribution_mul_w.
DSP Report: Generating DSP contribution_mul_w, operation Mode is: PCIN+A*B.
DSP Report: operator contribution_mul_w is absorbed into DSP contribution_mul_w.
DSP Report: operator contribution_mul_w is absorbed into DSP contribution_mul_w.
DSP Report: Generating DSP contribution_full_r_reg, operation Mode is: (PCIN>>17)+A2*B.
DSP Report: register contribution_full_r_reg is absorbed into DSP contribution_full_r_reg.
DSP Report: register contribution_full_r_reg is absorbed into DSP contribution_full_r_reg.
DSP Report: operator contribution_mul_w is absorbed into DSP contribution_full_r_reg.
DSP Report: operator contribution_mul_w is absorbed into DSP contribution_full_r_reg.
DSP Report: Generating DSP contribution_mul_w, operation Mode is: A2*B.
DSP Report: register contribution_mul_w is absorbed into DSP contribution_mul_w.
DSP Report: operator contribution_mul_w is absorbed into DSP contribution_mul_w.
DSP Report: operator contribution_mul_w is absorbed into DSP contribution_mul_w.
DSP Report: Generating DSP contribution_mul_w, operation Mode is: (PCIN>>17)+A2*B.
DSP Report: register contribution_mul_w is absorbed into DSP contribution_mul_w.
DSP Report: operator contribution_mul_w is absorbed into DSP contribution_mul_w.
DSP Report: operator contribution_mul_w is absorbed into DSP contribution_mul_w.
DSP Report: Generating DSP contribution_full_r_reg, operation Mode is: (PCIN+A*B)'.
DSP Report: register contribution_full_r_reg is absorbed into DSP contribution_full_r_reg.
DSP Report: operator contribution_mul_w is absorbed into DSP contribution_full_r_reg.
DSP Report: operator contribution_mul_w is absorbed into DSP contribution_full_r_reg.
INFO: [Synth 8-5845] Not enough pipeline registers after wide multiplier. Recommended levels of pipeline registers is 8 [d:/DOAN/DATN_RTL/DATN_VIVADO/project_2/project_2.gen/sources_1/bd/SoC/ipshared/013e/src/SPU_RoPE.v:131]
DSP Report: Generating DSP product_scale_sig_r_reg, operation Mode is: (A*B)'.
DSP Report: register product_scale_sig_r_reg is absorbed into DSP product_scale_sig_r_reg.
DSP Report: operator start_product_scale_sig_w is absorbed into DSP product_scale_sig_r_reg.
DSP Report: Generating DSP contribution_mul_w, operation Mode is: A*B.
DSP Report: operator contribution_mul_w is absorbed into DSP contribution_mul_w.
DSP Report: operator contribution_mul_w is absorbed into DSP contribution_mul_w.
DSP Report: Generating DSP contribution_full_r_reg, operation Mode is: (PCIN>>17)+A*B.
DSP Report: register contribution_full_r_reg is absorbed into DSP contribution_full_r_reg.
DSP Report: operator contribution_mul_w is absorbed into DSP contribution_full_r_reg.
DSP Report: operator contribution_mul_w is absorbed into DSP contribution_full_r_reg.
DSP Report: Generating DSP contribution_mul_w, operation Mode is: A2*B.
DSP Report: register contribution_mul_w is absorbed into DSP contribution_mul_w.
DSP Report: operator contribution_mul_w is absorbed into DSP contribution_mul_w.
DSP Report: operator contribution_mul_w is absorbed into DSP contribution_mul_w.
DSP Report: Generating DSP contribution_mul_w, operation Mode is: PCIN+A*B.
DSP Report: operator contribution_mul_w is absorbed into DSP contribution_mul_w.
DSP Report: operator contribution_mul_w is absorbed into DSP contribution_mul_w.
DSP Report: Generating DSP contribution_full_r_reg, operation Mode is: (PCIN>>17)+A2*B.
DSP Report: register contribution_full_r_reg is absorbed into DSP contribution_full_r_reg.
DSP Report: register contribution_full_r_reg is absorbed into DSP contribution_full_r_reg.
DSP Report: operator contribution_mul_w is absorbed into DSP contribution_full_r_reg.
DSP Report: operator contribution_mul_w is absorbed into DSP contribution_full_r_reg.
DSP Report: Generating DSP contribution_mul_w, operation Mode is: A2*B.
DSP Report: register contribution_mul_w is absorbed into DSP contribution_mul_w.
DSP Report: operator contribution_mul_w is absorbed into DSP contribution_mul_w.
DSP Report: operator contribution_mul_w is absorbed into DSP contribution_mul_w.
DSP Report: Generating DSP contribution_mul_w, operation Mode is: (PCIN>>17)+A2*B.
DSP Report: register contribution_mul_w is absorbed into DSP contribution_mul_w.
DSP Report: operator contribution_mul_w is absorbed into DSP contribution_mul_w.
DSP Report: operator contribution_mul_w is absorbed into DSP contribution_mul_w.
DSP Report: Generating DSP contribution_full_r_reg, operation Mode is: (PCIN+A*B)'.
DSP Report: register contribution_full_r_reg is absorbed into DSP contribution_full_r_reg.
DSP Report: operator contribution_mul_w is absorbed into DSP contribution_full_r_reg.
DSP Report: operator contribution_mul_w is absorbed into DSP contribution_full_r_reg.
INFO: [Synth 8-5845] Not enough pipeline registers after wide multiplier. Recommended levels of pipeline registers is 8 [d:/DOAN/DATN_RTL/DATN_VIVADO/project_2/project_2.gen/sources_1/bd/SoC/ipshared/013e/src/SPU_RoPE.v:131]
DSP Report: Generating DSP product_scale_sig_r_reg, operation Mode is: (A*B)'.
DSP Report: register product_scale_sig_r_reg is absorbed into DSP product_scale_sig_r_reg.
DSP Report: operator start_product_scale_sig_w is absorbed into DSP product_scale_sig_r_reg.
DSP Report: Generating DSP contribution_mul_w, operation Mode is: A*B.
DSP Report: operator contribution_mul_w is absorbed into DSP contribution_mul_w.
DSP Report: operator contribution_mul_w is absorbed into DSP contribution_mul_w.
DSP Report: Generating DSP contribution_full_r_reg, operation Mode is: (PCIN>>17)+A*B.
DSP Report: register contribution_full_r_reg is absorbed into DSP contribution_full_r_reg.
DSP Report: operator contribution_mul_w is absorbed into DSP contribution_full_r_reg.
DSP Report: operator contribution_mul_w is absorbed into DSP contribution_full_r_reg.
DSP Report: Generating DSP contribution_mul_w, operation Mode is: A2*B.
DSP Report: register contribution_mul_w is absorbed into DSP contribution_mul_w.
DSP Report: operator contribution_mul_w is absorbed into DSP contribution_mul_w.
DSP Report: operator contribution_mul_w is absorbed into DSP contribution_mul_w.
DSP Report: Generating DSP contribution_mul_w, operation Mode is: PCIN+A*B.
DSP Report: operator contribution_mul_w is absorbed into DSP contribution_mul_w.
DSP Report: operator contribution_mul_w is absorbed into DSP contribution_mul_w.
DSP Report: Generating DSP contribution_full_r_reg, operation Mode is: (PCIN>>17)+A2*B.
DSP Report: register contribution_full_r_reg is absorbed into DSP contribution_full_r_reg.
DSP Report: register contribution_full_r_reg is absorbed into DSP contribution_full_r_reg.
DSP Report: operator contribution_mul_w is absorbed into DSP contribution_full_r_reg.
DSP Report: operator contribution_mul_w is absorbed into DSP contribution_full_r_reg.
DSP Report: Generating DSP contribution_mul_w, operation Mode is: A2*B.
DSP Report: register contribution_mul_w is absorbed into DSP contribution_mul_w.
DSP Report: operator contribution_mul_w is absorbed into DSP contribution_mul_w.
DSP Report: operator contribution_mul_w is absorbed into DSP contribution_mul_w.
DSP Report: Generating DSP contribution_mul_w, operation Mode is: (PCIN>>17)+A2*B.
DSP Report: register contribution_mul_w is absorbed into DSP contribution_mul_w.
DSP Report: operator contribution_mul_w is absorbed into DSP contribution_mul_w.
DSP Report: operator contribution_mul_w is absorbed into DSP contribution_mul_w.
DSP Report: Generating DSP contribution_full_r_reg, operation Mode is: (PCIN+A*B)'.
DSP Report: register contribution_full_r_reg is absorbed into DSP contribution_full_r_reg.
DSP Report: operator contribution_mul_w is absorbed into DSP contribution_full_r_reg.
DSP Report: operator contribution_mul_w is absorbed into DSP contribution_full_r_reg.
INFO: [Synth 8-5845] Not enough pipeline registers after wide multiplier. Recommended levels of pipeline registers is 8 [d:/DOAN/DATN_RTL/DATN_VIVADO/project_2/project_2.gen/sources_1/bd/SoC/ipshared/013e/src/SPU_RoPE.v:131]
DSP Report: Generating DSP product_scale_sig_r_reg, operation Mode is: (A*B)'.
DSP Report: register product_scale_sig_r_reg is absorbed into DSP product_scale_sig_r_reg.
DSP Report: operator start_product_scale_sig_w is absorbed into DSP product_scale_sig_r_reg.
DSP Report: Generating DSP contribution_mul_w, operation Mode is: A*B.
DSP Report: operator contribution_mul_w is absorbed into DSP contribution_mul_w.
DSP Report: operator contribution_mul_w is absorbed into DSP contribution_mul_w.
DSP Report: Generating DSP contribution_full_r_reg, operation Mode is: (PCIN>>17)+A*B.
DSP Report: register contribution_full_r_reg is absorbed into DSP contribution_full_r_reg.
DSP Report: operator contribution_mul_w is absorbed into DSP contribution_full_r_reg.
DSP Report: operator contribution_mul_w is absorbed into DSP contribution_full_r_reg.
DSP Report: Generating DSP contribution_mul_w, operation Mode is: A2*B.
DSP Report: register contribution_mul_w is absorbed into DSP contribution_mul_w.
DSP Report: operator contribution_mul_w is absorbed into DSP contribution_mul_w.
DSP Report: operator contribution_mul_w is absorbed into DSP contribution_mul_w.
DSP Report: Generating DSP contribution_mul_w, operation Mode is: PCIN+A*B.
DSP Report: operator contribution_mul_w is absorbed into DSP contribution_mul_w.
DSP Report: operator contribution_mul_w is absorbed into DSP contribution_mul_w.
DSP Report: Generating DSP contribution_full_r_reg, operation Mode is: (PCIN>>17)+A2*B.
DSP Report: register contribution_full_r_reg is absorbed into DSP contribution_full_r_reg.
DSP Report: register contribution_full_r_reg is absorbed into DSP contribution_full_r_reg.
DSP Report: operator contribution_mul_w is absorbed into DSP contribution_full_r_reg.
DSP Report: operator contribution_mul_w is absorbed into DSP contribution_full_r_reg.
DSP Report: Generating DSP contribution_mul_w, operation Mode is: A2*B.
DSP Report: register contribution_mul_w is absorbed into DSP contribution_mul_w.
DSP Report: operator contribution_mul_w is absorbed into DSP contribution_mul_w.
DSP Report: operator contribution_mul_w is absorbed into DSP contribution_mul_w.
DSP Report: Generating DSP contribution_mul_w, operation Mode is: (PCIN>>17)+A2*B.
DSP Report: register contribution_mul_w is absorbed into DSP contribution_mul_w.
DSP Report: operator contribution_mul_w is absorbed into DSP contribution_mul_w.
DSP Report: operator contribution_mul_w is absorbed into DSP contribution_mul_w.
DSP Report: Generating DSP contribution_full_r_reg, operation Mode is: (PCIN+A*B)'.
DSP Report: register contribution_full_r_reg is absorbed into DSP contribution_full_r_reg.
DSP Report: operator contribution_mul_w is absorbed into DSP contribution_full_r_reg.
DSP Report: operator contribution_mul_w is absorbed into DSP contribution_full_r_reg.
INFO: [Synth 8-5845] Not enough pipeline registers after wide multiplier. Recommended levels of pipeline registers is 8 [d:/DOAN/DATN_RTL/DATN_VIVADO/project_2/project_2.gen/sources_1/bd/SoC/ipshared/013e/src/SPU_RoPE.v:131]
DSP Report: Generating DSP product_scale_sig_r_reg, operation Mode is: (A*B)'.
DSP Report: register product_scale_sig_r_reg is absorbed into DSP product_scale_sig_r_reg.
DSP Report: operator start_product_scale_sig_w is absorbed into DSP product_scale_sig_r_reg.
DSP Report: Generating DSP contribution_mul_w, operation Mode is: A*B.
DSP Report: operator contribution_mul_w is absorbed into DSP contribution_mul_w.
DSP Report: operator contribution_mul_w is absorbed into DSP contribution_mul_w.
DSP Report: Generating DSP contribution_full_r_reg, operation Mode is: (PCIN>>17)+A*B.
DSP Report: register contribution_full_r_reg is absorbed into DSP contribution_full_r_reg.
DSP Report: operator contribution_mul_w is absorbed into DSP contribution_full_r_reg.
DSP Report: operator contribution_mul_w is absorbed into DSP contribution_full_r_reg.
DSP Report: Generating DSP contribution_mul_w, operation Mode is: A2*B.
DSP Report: register contribution_mul_w is absorbed into DSP contribution_mul_w.
DSP Report: operator contribution_mul_w is absorbed into DSP contribution_mul_w.
DSP Report: operator contribution_mul_w is absorbed into DSP contribution_mul_w.
DSP Report: Generating DSP contribution_mul_w, operation Mode is: PCIN+A*B.
DSP Report: operator contribution_mul_w is absorbed into DSP contribution_mul_w.
DSP Report: operator contribution_mul_w is absorbed into DSP contribution_mul_w.
DSP Report: Generating DSP contribution_full_r_reg, operation Mode is: (PCIN>>17)+A2*B.
DSP Report: register contribution_full_r_reg is absorbed into DSP contribution_full_r_reg.
DSP Report: register contribution_full_r_reg is absorbed into DSP contribution_full_r_reg.
DSP Report: operator contribution_mul_w is absorbed into DSP contribution_full_r_reg.
DSP Report: operator contribution_mul_w is absorbed into DSP contribution_full_r_reg.
DSP Report: Generating DSP contribution_mul_w, operation Mode is: A2*B.
DSP Report: register contribution_mul_w is absorbed into DSP contribution_mul_w.
DSP Report: operator contribution_mul_w is absorbed into DSP contribution_mul_w.
DSP Report: operator contribution_mul_w is absorbed into DSP contribution_mul_w.
DSP Report: Generating DSP contribution_mul_w, operation Mode is: (PCIN>>17)+A2*B.
DSP Report: register contribution_mul_w is absorbed into DSP contribution_mul_w.
DSP Report: operator contribution_mul_w is absorbed into DSP contribution_mul_w.
DSP Report: operator contribution_mul_w is absorbed into DSP contribution_mul_w.
DSP Report: Generating DSP contribution_full_r_reg, operation Mode is: (PCIN+A*B)'.
DSP Report: register contribution_full_r_reg is absorbed into DSP contribution_full_r_reg.
DSP Report: operator contribution_mul_w is absorbed into DSP contribution_full_r_reg.
DSP Report: operator contribution_mul_w is absorbed into DSP contribution_full_r_reg.
INFO: [Synth 8-5845] Not enough pipeline registers after wide multiplier. Recommended levels of pipeline registers is 8 [d:/DOAN/DATN_RTL/DATN_VIVADO/project_2/project_2.gen/sources_1/bd/SoC/ipshared/013e/src/SPU_RoPE.v:131]
DSP Report: Generating DSP product_scale_sig_r_reg, operation Mode is: (A*B)'.
DSP Report: register product_scale_sig_r_reg is absorbed into DSP product_scale_sig_r_reg.
DSP Report: operator start_product_scale_sig_w is absorbed into DSP product_scale_sig_r_reg.
DSP Report: Generating DSP contribution_mul_w, operation Mode is: A*B.
DSP Report: operator contribution_mul_w is absorbed into DSP contribution_mul_w.
DSP Report: operator contribution_mul_w is absorbed into DSP contribution_mul_w.
DSP Report: Generating DSP contribution_full_r_reg, operation Mode is: (PCIN>>17)+A*B.
DSP Report: register contribution_full_r_reg is absorbed into DSP contribution_full_r_reg.
DSP Report: operator contribution_mul_w is absorbed into DSP contribution_full_r_reg.
DSP Report: operator contribution_mul_w is absorbed into DSP contribution_full_r_reg.
DSP Report: Generating DSP contribution_mul_w, operation Mode is: A2*B.
DSP Report: register contribution_mul_w is absorbed into DSP contribution_mul_w.
DSP Report: operator contribution_mul_w is absorbed into DSP contribution_mul_w.
DSP Report: operator contribution_mul_w is absorbed into DSP contribution_mul_w.
DSP Report: Generating DSP contribution_mul_w, operation Mode is: PCIN+A*B.
DSP Report: operator contribution_mul_w is absorbed into DSP contribution_mul_w.
DSP Report: operator contribution_mul_w is absorbed into DSP contribution_mul_w.
DSP Report: Generating DSP contribution_full_r_reg, operation Mode is: (PCIN>>17)+A2*B.
DSP Report: register contribution_full_r_reg is absorbed into DSP contribution_full_r_reg.
DSP Report: register contribution_full_r_reg is absorbed into DSP contribution_full_r_reg.
DSP Report: operator contribution_mul_w is absorbed into DSP contribution_full_r_reg.
DSP Report: operator contribution_mul_w is absorbed into DSP contribution_full_r_reg.
DSP Report: Generating DSP contribution_mul_w, operation Mode is: A2*B.
DSP Report: register contribution_mul_w is absorbed into DSP contribution_mul_w.
DSP Report: operator contribution_mul_w is absorbed into DSP contribution_mul_w.
DSP Report: operator contribution_mul_w is absorbed into DSP contribution_mul_w.
DSP Report: Generating DSP contribution_mul_w, operation Mode is: (PCIN>>17)+A2*B.
DSP Report: register contribution_mul_w is absorbed into DSP contribution_mul_w.
DSP Report: operator contribution_mul_w is absorbed into DSP contribution_mul_w.
DSP Report: operator contribution_mul_w is absorbed into DSP contribution_mul_w.
DSP Report: Generating DSP contribution_full_r_reg, operation Mode is: (PCIN+A*B)'.
DSP Report: register contribution_full_r_reg is absorbed into DSP contribution_full_r_reg.
DSP Report: operator contribution_mul_w is absorbed into DSP contribution_full_r_reg.
DSP Report: operator contribution_mul_w is absorbed into DSP contribution_full_r_reg.
WARNING: [Synth 8-3917] design SPU_VPU_Stream8__GB0 has port mem3_scratch_index[31] driven by constant 0
WARNING: [Synth 8-3917] design SPU_VPU_Stream8__GB0 has port mem3_scratch_index[30] driven by constant 0
WARNING: [Synth 8-3917] design SPU_VPU_Stream8__GB0 has port mem3_scratch_index[29] driven by constant 0
WARNING: [Synth 8-3917] design SPU_VPU_Stream8__GB0 has port mem3_scratch_index[28] driven by constant 0
WARNING: [Synth 8-3917] design SPU_VPU_Stream8__GB0 has port mem3_scratch_index[27] driven by constant 0
WARNING: [Synth 8-3917] design SPU_VPU_Stream8__GB0 has port mem3_scratch_index[26] driven by constant 0
WARNING: [Synth 8-3917] design SPU_VPU_Stream8__GB0 has port mem3_scratch_index[25] driven by constant 0
WARNING: [Synth 8-3917] design SPU_VPU_Stream8__GB0 has port mem3_scratch_index[24] driven by constant 0
WARNING: [Synth 8-3917] design SPU_VPU_Stream8__GB0 has port mem3_scratch_index[23] driven by constant 0
WARNING: [Synth 8-3917] design SPU_VPU_Stream8__GB0 has port mem3_scratch_index[22] driven by constant 0
WARNING: [Synth 8-3917] design SPU_VPU_Stream8__GB0 has port mem3_scratch_index[21] driven by constant 0
WARNING: [Synth 8-3917] design SPU_VPU_Stream8__GB0 has port mem3_scratch_index[20] driven by constant 0
WARNING: [Synth 8-3917] design SPU_VPU_Stream8__GB0 has port mem3_scratch_index[19] driven by constant 0
WARNING: [Synth 8-3917] design SPU_VPU_Stream8__GB0 has port mem3_scratch_index[18] driven by constant 0
WARNING: [Synth 8-3917] design SPU_VPU_Stream8__GB0 has port mem3_scratch_index[17] driven by constant 0
WARNING: [Synth 8-3917] design SPU_VPU_Stream8__GB0 has port mem3_scratch_index[16] driven by constant 0
WARNING: [Synth 8-3917] design SPU_VPU_Stream8__GB0 has port mem3_scratch_index[15] driven by constant 0
WARNING: [Synth 8-3917] design SPU_VPU_Stream8__GB0 has port mem3_scratch_index[14] driven by constant 0
WARNING: [Synth 8-6849] Infeasible attribute ram_style = "block" set for RAM "\GEN_ACCUM8[0].u_accum/accum_mem_reg ",trying to implement using LUTRAM
WARNING: [Synth 8-6849] Infeasible attribute ram_style = "block" set for RAM "\GEN_ACCUM8[0].u_accum/accum_mem_reg ",trying to implement using LUTRAM
WARNING: [Synth 8-6849] Infeasible attribute ram_style = "block" set for RAM "\GEN_ACCUM8[0].u_accum/accum_mem_reg ",trying to implement using LUTRAM
WARNING: [Synth 8-6849] Infeasible attribute ram_style = "block" set for RAM "\GEN_ACCUM8[0].u_accum/accum_mem_reg ",trying to implement using LUTRAM
WARNING: [Synth 8-6849] Infeasible attribute ram_style = "block" set for RAM "\GEN_ACCUM8[1].u_accum/accum_mem_reg ",trying to implement using LUTRAM
WARNING: [Synth 8-6849] Infeasible attribute ram_style = "block" set for RAM "\GEN_ACCUM8[1].u_accum/accum_mem_reg ",trying to implement using LUTRAM
WARNING: [Synth 8-6849] Infeasible attribute ram_style = "block" set for RAM "\GEN_ACCUM8[1].u_accum/accum_mem_reg ",trying to implement using LUTRAM
WARNING: [Synth 8-6849] Infeasible attribute ram_style = "block" set for RAM "\GEN_ACCUM8[1].u_accum/accum_mem_reg ",trying to implement using LUTRAM
WARNING: [Synth 8-6849] Infeasible attribute ram_style = "block" set for RAM "\GEN_ACCUM8[2].u_accum/accum_mem_reg ",trying to implement using LUTRAM
WARNING: [Synth 8-6849] Infeasible attribute ram_style = "block" set for RAM "\GEN_ACCUM8[2].u_accum/accum_mem_reg ",trying to implement using LUTRAM
WARNING: [Synth 8-6849] Infeasible attribute ram_style = "block" set for RAM "\GEN_ACCUM8[2].u_accum/accum_mem_reg ",trying to implement using LUTRAM
WARNING: [Synth 8-6849] Infeasible attribute ram_style = "block" set for RAM "\GEN_ACCUM8[2].u_accum/accum_mem_reg ",trying to implement using LUTRAM
WARNING: [Synth 8-6849] Infeasible attribute ram_style = "block" set for RAM "\GEN_ACCUM8[3].u_accum/accum_mem_reg ",trying to implement using LUTRAM
WARNING: [Synth 8-6849] Infeasible attribute ram_style = "block" set for RAM "\GEN_ACCUM8[3].u_accum/accum_mem_reg ",trying to implement using LUTRAM
WARNING: [Synth 8-6849] Infeasible attribute ram_style = "block" set for RAM "\GEN_ACCUM8[3].u_accum/accum_mem_reg ",trying to implement using LUTRAM
WARNING: [Synth 8-6849] Infeasible attribute ram_style = "block" set for RAM "\GEN_ACCUM8[3].u_accum/accum_mem_reg ",trying to implement using LUTRAM
WARNING: [Synth 8-6849] Infeasible attribute ram_style = "block" set for RAM "\GEN_ACCUM8[4].u_accum/accum_mem_reg ",trying to implement using LUTRAM
WARNING: [Synth 8-6849] Infeasible attribute ram_style = "block" set for RAM "\GEN_ACCUM8[4].u_accum/accum_mem_reg ",trying to implement using LUTRAM
WARNING: [Synth 8-6849] Infeasible attribute ram_style = "block" set for RAM "\GEN_ACCUM8[4].u_accum/accum_mem_reg ",trying to implement using LUTRAM
WARNING: [Synth 8-6849] Infeasible attribute ram_style = "block" set for RAM "\GEN_ACCUM8[4].u_accum/accum_mem_reg ",trying to implement using LUTRAM
WARNING: [Synth 8-6849] Infeasible attribute ram_style = "block" set for RAM "\GEN_ACCUM8[5].u_accum/accum_mem_reg ",trying to implement using LUTRAM
WARNING: [Synth 8-6849] Infeasible attribute ram_style = "block" set for RAM "\GEN_ACCUM8[5].u_accum/accum_mem_reg ",trying to implement using LUTRAM
WARNING: [Synth 8-6849] Infeasible attribute ram_style = "block" set for RAM "\GEN_ACCUM8[5].u_accum/accum_mem_reg ",trying to implement using LUTRAM
WARNING: [Synth 8-6849] Infeasible attribute ram_style = "block" set for RAM "\GEN_ACCUM8[5].u_accum/accum_mem_reg ",trying to implement using LUTRAM
WARNING: [Synth 8-6849] Infeasible attribute ram_style = "block" set for RAM "\GEN_ACCUM8[6].u_accum/accum_mem_reg ",trying to implement using LUTRAM
WARNING: [Synth 8-6849] Infeasible attribute ram_style = "block" set for RAM "\GEN_ACCUM8[6].u_accum/accum_mem_reg ",trying to implement using LUTRAM
WARNING: [Synth 8-6849] Infeasible attribute ram_style = "block" set for RAM "\GEN_ACCUM8[6].u_accum/accum_mem_reg ",trying to implement using LUTRAM
WARNING: [Synth 8-6849] Infeasible attribute ram_style = "block" set for RAM "\GEN_ACCUM8[6].u_accum/accum_mem_reg ",trying to implement using LUTRAM
WARNING: [Synth 8-6849] Infeasible attribute ram_style = "block" set for RAM "\GEN_ACCUM8[7].u_accum/accum_mem_reg ",trying to implement using LUTRAM
WARNING: [Synth 8-6849] Infeasible attribute ram_style = "block" set for RAM "\GEN_ACCUM8[7].u_accum/accum_mem_reg ",trying to implement using LUTRAM
WARNING: [Synth 8-6849] Infeasible attribute ram_style = "block" set for RAM "\GEN_ACCUM8[7].u_accum/accum_mem_reg ",trying to implement using LUTRAM
WARNING: [Synth 8-6849] Infeasible attribute ram_style = "block" set for RAM "\GEN_ACCUM8[7].u_accum/accum_mem_reg ",trying to implement using LUTRAM
INFO: [Synth 8-3333] propagating constant 0 across sequential element (\read_req_lane0_dest_r_reg[0] )
INFO: [Synth 8-3333] propagating constant 0 across sequential element (\write_req_lane0_dest_r_reg[0] )
INFO: [Synth 8-3333] propagating constant 0 across sequential element (\read_rsp_lane0_dest_r_reg[0] )
INFO: [Synth 8-3886] merging instance 'read_req_lane0_dest_r_reg[1]' (FDRE) to 'read_req_lane1_dest_r_reg[1]'
INFO: [Synth 8-3886] merging instance 'read_req_lane0_dest_r_reg[2]' (FDRE) to 'read_req_lane1_dest_r_reg[2]'
INFO: [Synth 8-3886] merging instance 'read_rsp_lane0_dest_r_reg[1]' (FDRE) to 'read_rsp_lane1_dest_r_reg[1]'
INFO: [Synth 8-3886] merging instance 'read_rsp_lane0_dest_r_reg[2]' (FDRE) to 'read_rsp_lane1_dest_r_reg[2]'
INFO: [Synth 8-3886] merging instance 'write_req_lane1_dest_r_reg[1]' (FDRE) to 'write_req_lane0_dest_r_reg[1]'
INFO: [Synth 8-3886] merging instance 'write_req_lane1_dest_r_reg[2]' (FDRE) to 'write_req_lane0_dest_r_reg[2]'
INFO: [Synth 8-3333] propagating constant 0 across sequential element (\prefetch_req_lane0_dest_r_reg[0] )
INFO: [Synth 8-3333] propagating constant 0 across sequential element (\prefetch_rsp_lane0_dest_r_reg[0] )
INFO: [Synth 8-3886] merging instance 'fifo_scale_word_index_reg[0][30]' (FDRE) to 'fifo_scale_word_index_reg[0][31]'
INFO: [Synth 8-3886] merging instance 'fifo_scale_word_index_reg[1][30]' (FDRE) to 'fifo_scale_word_index_reg[1][31]'
INFO: [Synth 8-3886] merging instance 'fifo_scale_word_index_reg[2][30]' (FDRE) to 'fifo_scale_word_index_reg[2][31]'
INFO: [Synth 8-3886] merging instance 'fifo_scale_word_index_reg[3][30]' (FDRE) to 'fifo_scale_word_index_reg[3][31]'
INFO: [Synth 8-3886] merging instance 'fifo_scale_word_index_reg[0][31]' (FDRE) to 'fifo_scale_word_index_reg[0][62]'
INFO: [Synth 8-3886] merging instance 'fifo_scale_word_index_reg[1][31]' (FDRE) to 'fifo_scale_word_index_reg[1][62]'
INFO: [Synth 8-3886] merging instance 'fifo_scale_word_index_reg[2][31]' (FDRE) to 'fifo_scale_word_index_reg[2][62]'
INFO: [Synth 8-3886] merging instance 'fifo_scale_word_index_reg[3][31]' (FDRE) to 'fifo_scale_word_index_reg[3][62]'
INFO: [Synth 8-3886] merging instance 'fifo_scale_word_index_reg[0][62]' (FDRE) to 'fifo_scale_word_index_reg[0][63]'
INFO: [Synth 8-3886] merging instance 'fifo_scale_word_index_reg[1][62]' (FDRE) to 'fifo_scale_word_index_reg[1][63]'
INFO: [Synth 8-3886] merging instance 'fifo_scale_word_index_reg[2][62]' (FDRE) to 'fifo_scale_word_index_reg[2][63]'
INFO: [Synth 8-3886] merging instance 'fifo_scale_word_index_reg[3][62]' (FDRE) to 'fifo_scale_word_index_reg[3][63]'
INFO: [Synth 8-3886] merging instance 'fifo_scale_word_index_reg[0][63]' (FDRE) to 'fifo_scale_word_index_reg[0][94]'
INFO: [Synth 8-3886] merging instance 'fifo_scale_word_index_reg[1][63]' (FDRE) to 'fifo_scale_word_index_reg[1][94]'
INFO: [Synth 8-3886] merging instance 'fifo_scale_word_index_reg[2][63]' (FDRE) to 'fifo_scale_word_index_reg[2][94]'
INFO: [Synth 8-3886] merging instance 'fifo_scale_word_index_reg[3][63]' (FDRE) to 'fifo_scale_word_index_reg[3][94]'
INFO: [Synth 8-3886] merging instance 'fifo_scale_word_index_reg[0][94]' (FDRE) to 'fifo_scale_word_index_reg[0][95]'
INFO: [Synth 8-3886] merging instance 'fifo_scale_word_index_reg[1][94]' (FDRE) to 'fifo_scale_word_index_reg[1][95]'
INFO: [Synth 8-3886] merging instance 'fifo_scale_word_index_reg[2][94]' (FDRE) to 'fifo_scale_word_index_reg[2][95]'
INFO: [Synth 8-3886] merging instance 'fifo_scale_word_index_reg[3][94]' (FDRE) to 'fifo_scale_word_index_reg[3][95]'
INFO: [Synth 8-3886] merging instance 'fifo_scale_word_index_reg[0][95]' (FDRE) to 'fifo_scale_word_index_reg[0][126]'
INFO: [Synth 8-3886] merging instance 'fifo_scale_word_index_reg[1][95]' (FDRE) to 'fifo_scale_word_index_reg[1][126]'
INFO: [Synth 8-3886] merging instance 'fifo_scale_word_index_reg[2][95]' (FDRE) to 'fifo_scale_word_index_reg[2][126]'
INFO: [Synth 8-3886] merging instance 'fifo_scale_word_index_reg[3][95]' (FDRE) to 'fifo_scale_word_index_reg[3][126]'
INFO: [Synth 8-3886] merging instance 'fifo_scale_word_index_reg[0][126]' (FDRE) to 'fifo_scale_word_index_reg[0][127]'
INFO: [Synth 8-3886] merging instance 'fifo_scale_word_index_reg[1][126]' (FDRE) to 'fifo_scale_word_index_reg[1][127]'
INFO: [Synth 8-3886] merging instance 'fifo_scale_word_index_reg[2][126]' (FDRE) to 'fifo_scale_word_index_reg[2][127]'
INFO: [Synth 8-3886] merging instance 'fifo_scale_word_index_reg[3][126]' (FDRE) to 'fifo_scale_word_index_reg[3][127]'
INFO: [Synth 8-3886] merging instance 'fifo_scale_word_index_reg[0][127]' (FDRE) to 'fifo_scale_word_index_reg[0][158]'
INFO: [Synth 8-3886] merging instance 'fifo_scale_word_index_reg[1][127]' (FDRE) to 'fifo_scale_word_index_reg[1][158]'
INFO: [Synth 8-3886] merging instance 'fifo_scale_word_index_reg[2][127]' (FDRE) to 'fifo_scale_word_index_reg[2][158]'
INFO: [Synth 8-3886] merging instance 'fifo_scale_word_index_reg[3][127]' (FDRE) to 'fifo_scale_word_index_reg[3][158]'
INFO: [Synth 8-3886] merging instance 'fifo_scale_lane_reg[0][14]' (FDRE) to 'fifo_scale_lane_reg[0][11]'
INFO: [Synth 8-3886] merging instance 'fifo_scale_lane_reg[1][14]' (FDRE) to 'fifo_scale_lane_reg[1][11]'
INFO: [Common 17-14] Message 'Synth 8-3886' appears 100 times and further instances of the messages will be disabled. Use the Tcl command set_msg_config to change the current settings.
INFO: [Synth 8-3333] propagating constant 0 across sequential element (\fifo_scale_word_index_reg[0][255] )
INFO: [Synth 8-3333] propagating constant 0 across sequential element (\fifo_scale_word_index_reg[1][255] )
INFO: [Synth 8-3333] propagating constant 0 across sequential element (\fifo_scale_word_index_reg[2][255] )
INFO: [Synth 8-3333] propagating constant 0 across sequential element (\fifo_scale_word_index_reg[3][255] )
INFO: [Synth 8-3333] propagating constant 0 across sequential element (\fifo_scale_lane_reg[0][2] )
INFO: [Synth 8-3333] propagating constant 0 across sequential element (\fifo_scale_lane_reg[1][2] )
INFO: [Synth 8-3333] propagating constant 0 across sequential element (\fifo_scale_lane_reg[2][2] )
INFO: [Synth 8-3333] propagating constant 0 across sequential element (\fifo_scale_lane_reg[3][2] )
INFO: [Synth 8-3333] propagating constant 0 across sequential element (\mem0_wdata_reg[80] )
INFO: [Synth 8-3333] propagating constant 0 across sequential element (\mem0_wdata_reg[81] )
INFO: [Synth 8-3333] propagating constant 0 across sequential element (\mem0_wdata_reg[82] )
INFO: [Synth 8-3333] propagating constant 0 across sequential element (\mem0_wdata_reg[83] )
INFO: [Synth 8-3333] propagating constant 0 across sequential element (\mem0_wdata_reg[84] )
INFO: [Synth 8-3333] propagating constant 0 across sequential element (\mem0_wdata_reg[85] )
INFO: [Synth 8-3333] propagating constant 0 across sequential element (\mem0_wdata_reg[86] )
INFO: [Synth 8-3333] propagating constant 0 across sequential element (\mem0_wdata_reg[87] )
INFO: [Synth 8-3333] propagating constant 0 across sequential element (\mem0_wdata_reg[88] )
INFO: [Synth 8-3333] propagating constant 0 across sequential element (\mem0_wdata_reg[89] )
INFO: [Synth 8-3333] propagating constant 0 across sequential element (\mem0_wdata_reg[90] )
INFO: [Synth 8-3333] propagating constant 0 across sequential element (\mem0_wdata_reg[91] )
INFO: [Synth 8-3333] propagating constant 0 across sequential element (\mem0_wdata_reg[92] )
INFO: [Synth 8-3333] propagating constant 0 across sequential element (\mem0_wdata_reg[93] )
INFO: [Synth 8-3333] propagating constant 0 across sequential element (\mem0_wdata_reg[94] )
INFO: [Synth 8-3333] propagating constant 0 across sequential element (\mem0_wdata_reg[95] )
INFO: [Synth 8-3333] propagating constant 0 across sequential element (\mem0_wdata_reg[96] )
INFO: [Synth 8-3333] propagating constant 0 across sequential element (\mem0_wdata_reg[97] )
INFO: [Synth 8-3333] propagating constant 0 across sequential element (\mem0_wdata_reg[98] )
INFO: [Synth 8-3333] propagating constant 0 across sequential element (\mem0_wdata_reg[99] )
INFO: [Synth 8-3333] propagating constant 0 across sequential element (\mem0_wdata_reg[100] )
INFO: [Synth 8-3333] propagating constant 0 across sequential element (\mem0_wdata_reg[101] )
INFO: [Synth 8-3333] propagating constant 0 across sequential element (\mem0_wdata_reg[102] )
INFO: [Synth 8-3333] propagating constant 0 across sequential element (\mem0_wdata_reg[103] )
INFO: [Synth 8-3333] propagating constant 0 across sequential element (\mem0_wdata_reg[104] )
INFO: [Synth 8-3333] propagating constant 0 across sequential element (\mem0_wdata_reg[105] )
INFO: [Synth 8-3333] propagating constant 0 across sequential element (\mem0_wdata_reg[106] )
INFO: [Synth 8-3333] propagating constant 0 across sequential element (\mem0_wdata_reg[107] )
INFO: [Synth 8-3333] propagating constant 0 across sequential element (\mem0_wdata_reg[108] )
INFO: [Synth 8-3333] propagating constant 0 across sequential element (\mem0_wdata_reg[109] )
INFO: [Synth 8-3333] propagating constant 0 across sequential element (\mem0_wdata_reg[110] )
INFO: [Synth 8-3333] propagating constant 0 across sequential element (\mem0_wdata_reg[111] )
INFO: [Synth 8-3333] propagating constant 0 across sequential element (\mem0_wdata_reg[112] )
INFO: [Synth 8-3333] propagating constant 0 across sequential element (\mem0_wdata_reg[113] )
INFO: [Synth 8-3333] propagating constant 0 across sequential element (\mem0_wdata_reg[114] )
INFO: [Synth 8-3333] propagating constant 0 across sequential element (\mem0_wdata_reg[115] )
INFO: [Synth 8-3333] propagating constant 0 across sequential element (\mem0_wdata_reg[116] )
INFO: [Synth 8-3333] propagating constant 0 across sequential element (\mem0_wdata_reg[117] )
INFO: [Synth 8-3333] propagating constant 0 across sequential element (\mem0_wdata_reg[118] )
INFO: [Synth 8-3333] propagating constant 0 across sequential element (\mem0_wdata_reg[119] )
INFO: [Synth 8-3333] propagating constant 0 across sequential element (\mem0_wdata_reg[120] )
INFO: [Synth 8-3333] propagating constant 0 across sequential element (\mem0_wdata_reg[121] )
INFO: [Synth 8-3333] propagating constant 0 across sequential element (\mem0_wdata_reg[122] )
INFO: [Synth 8-3333] propagating constant 0 across sequential element (\mem0_wdata_reg[123] )
INFO: [Synth 8-3333] propagating constant 0 across sequential element (\mem0_wdata_reg[124] )
INFO: [Synth 8-3333] propagating constant 0 across sequential element (\mem0_wdata_reg[125] )
INFO: [Synth 8-3333] propagating constant 0 across sequential element (\mem0_wdata_reg[126] )
INFO: [Synth 8-3333] propagating constant 0 across sequential element (\mem0_wdata_reg[127] )
INFO: [Synth 8-3333] propagating constant 0 across sequential element (\mem1_wdata_reg[80] )
INFO: [Synth 8-3333] propagating constant 0 across sequential element (\mem1_wdata_reg[81] )
INFO: [Synth 8-3333] propagating constant 0 across sequential element (\mem1_wdata_reg[82] )
INFO: [Synth 8-3333] propagating constant 0 across sequential element (\mem1_wdata_reg[83] )
INFO: [Synth 8-3333] propagating constant 0 across sequential element (\mem1_wdata_reg[84] )
INFO: [Synth 8-3333] propagating constant 0 across sequential element (\mem1_wdata_reg[85] )
INFO: [Synth 8-3333] propagating constant 0 across sequential element (\mem1_wdata_reg[86] )
INFO: [Synth 8-3333] propagating constant 0 across sequential element (\mem1_wdata_reg[87] )
INFO: [Synth 8-3333] propagating constant 0 across sequential element (\mem1_wdata_reg[88] )
INFO: [Synth 8-3333] propagating constant 0 across sequential element (\mem1_wdata_reg[89] )
INFO: [Synth 8-3333] propagating constant 0 across sequential element (\mem1_wdata_reg[90] )
INFO: [Synth 8-3333] propagating constant 0 across sequential element (\mem1_wdata_reg[91] )
INFO: [Synth 8-3333] propagating constant 0 across sequential element (\mem1_wdata_reg[92] )
INFO: [Synth 8-3333] propagating constant 0 across sequential element (\mem1_wdata_reg[93] )
INFO: [Synth 8-3333] propagating constant 0 across sequential element (\mem1_wdata_reg[94] )
INFO: [Synth 8-3333] propagating constant 0 across sequential element (\mem1_wdata_reg[95] )
INFO: [Synth 8-3333] propagating constant 0 across sequential element (\mem1_wdata_reg[96] )
INFO: [Synth 8-3333] propagating constant 0 across sequential element (\mem1_wdata_reg[97] )
INFO: [Common 17-14] Message 'Synth 8-3333' appears 100 times and further instances of the messages will be disabled. Use the Tcl command set_msg_config to change the current settings.
INFO: [Common 17-14] Message 'Synth 8-3333' appears 100 times and further instances of the messages will be disabled. Use the Tcl command set_msg_config to change the current settings.
INFO: [Common 17-14] Message 'Synth 8-3886' appears 100 times and further instances of the messages will be disabled. Use the Tcl command set_msg_config to change the current settings.
INFO: [Synth 8-4471] merging register 'sample_index_r_reg[4:0]' into 'sample_index_r_reg[4:0]' [d:/DOAN/DATN_RTL/DATN_VIVADO/project_2/project_2.gen/sources_1/bd/SoC/ipshared/013e/src/SPU_SiLU_Mul.v:83]
INFO: [Synth 8-5845] Not enough pipeline registers after wide multiplier. Recommended levels of pipeline registers is 8 [d:/DOAN/DATN_RTL/DATN_VIVADO/project_2/project_2.gen/sources_1/bd/SoC/ipshared/013e/src/SPU_RoPE.v:131]
DSP Report: Generating DSP product_scale_sig_r_reg, operation Mode is: (A*B)'.
DSP Report: register product_scale_sig_r_reg is absorbed into DSP product_scale_sig_r_reg.
DSP Report: operator start_product_scale_sig_w is absorbed into DSP product_scale_sig_r_reg.
DSP Report: Generating DSP contribution_mul_w, operation Mode is: A*B.
DSP Report: operator contribution_mul_w is absorbed into DSP contribution_mul_w.
DSP Report: operator contribution_mul_w is absorbed into DSP contribution_mul_w.
DSP Report: Generating DSP contribution_full_r_reg, operation Mode is: (PCIN>>17)+A*B.
DSP Report: register contribution_full_r_reg is absorbed into DSP contribution_full_r_reg.
DSP Report: operator contribution_mul_w is absorbed into DSP contribution_full_r_reg.
DSP Report: operator contribution_mul_w is absorbed into DSP contribution_full_r_reg.
DSP Report: Generating DSP contribution_mul_w, operation Mode is: A2*B.
DSP Report: register contribution_mul_w is absorbed into DSP contribution_mul_w.
DSP Report: operator contribution_mul_w is absorbed into DSP contribution_mul_w.
DSP Report: operator contribution_mul_w is absorbed into DSP contribution_mul_w.
DSP Report: Generating DSP contribution_mul_w, operation Mode is: PCIN+A*B.
DSP Report: operator contribution_mul_w is absorbed into DSP contribution_mul_w.
DSP Report: operator contribution_mul_w is absorbed into DSP contribution_mul_w.
DSP Report: Generating DSP contribution_full_r_reg, operation Mode is: (PCIN>>17)+A2*B.
DSP Report: register contribution_full_r_reg is absorbed into DSP contribution_full_r_reg.
DSP Report: register contribution_full_r_reg is absorbed into DSP contribution_full_r_reg.
DSP Report: operator contribution_mul_w is absorbed into DSP contribution_full_r_reg.
DSP Report: operator contribution_mul_w is absorbed into DSP contribution_full_r_reg.
DSP Report: Generating DSP contribution_mul_w, operation Mode is: A2*B.
DSP Report: register contribution_mul_w is absorbed into DSP contribution_mul_w.
DSP Report: operator contribution_mul_w is absorbed into DSP contribution_mul_w.
DSP Report: operator contribution_mul_w is absorbed into DSP contribution_mul_w.
DSP Report: Generating DSP contribution_mul_w, operation Mode is: (PCIN>>17)+A2*B.
DSP Report: register contribution_mul_w is absorbed into DSP contribution_mul_w.
DSP Report: operator contribution_mul_w is absorbed into DSP contribution_mul_w.
DSP Report: operator contribution_mul_w is absorbed into DSP contribution_mul_w.
DSP Report: Generating DSP contribution_full_r_reg, operation Mode is: (PCIN+A*B)'.
DSP Report: register contribution_full_r_reg is absorbed into DSP contribution_full_r_reg.
DSP Report: operator contribution_mul_w is absorbed into DSP contribution_full_r_reg.
DSP Report: operator contribution_mul_w is absorbed into DSP contribution_full_r_reg.
INFO: [Synth 8-4471] merging register 'lane_idx_r_reg[2:0]' into 'lane_idx_r_reg[2:0]' [d:/DOAN/DATN_RTL/DATN_VIVADO/project_2/project_2.gen/sources_1/bd/SoC/ipshared/013e/src/VPU_Result_Requantizer.v:69]
INFO: [Synth 8-5845] Not enough pipeline registers after wide multiplier. Recommended levels of pipeline registers is 3 [d:/DOAN/DATN_RTL/DATN_VIVADO/project_2/project_2.gen/sources_1/bd/SoC/ipshared/013e/src/VPU_Result_Requantizer.v:122]
DSP Report: Generating DSP silu_q8_r1, operation Mode is: A2*B2.
DSP Report: register gate_q8_r_reg is absorbed into DSP silu_q8_r1.
DSP Report: register sigmoid_q15_r_reg is absorbed into DSP silu_q8_r1.
DSP Report: operator silu_q8_r1 is absorbed into DSP silu_q8_r1.
DSP Report: Generating DSP result_q8_r1, operation Mode is: A2*B2.
DSP Report: register result_q8_r1 is absorbed into DSP result_q8_r1.
DSP Report: register up_q8_r_reg is absorbed into DSP result_q8_r1.
DSP Report: operator result_q8_r1 is absorbed into DSP result_q8_r1.
DSP Report: operator result_q8_r1 is absorbed into DSP result_q8_r1.
DSP Report: Generating DSP result_q8_r1, operation Mode is: A2*B2.
DSP Report: register up_q8_r_reg is absorbed into DSP result_q8_r1.
DSP Report: register result_q8_r1 is absorbed into DSP result_q8_r1.
DSP Report: operator result_q8_r1 is absorbed into DSP result_q8_r1.
DSP Report: operator result_q8_r1 is absorbed into DSP result_q8_r1.
DSP Report: Generating DSP result_q8_r1, operation Mode is: (PCIN>>17)+A2*B2.
DSP Report: register up_q8_r_reg is absorbed into DSP result_q8_r1.
DSP Report: register result_q8_r1 is absorbed into DSP result_q8_r1.
DSP Report: operator result_q8_r1 is absorbed into DSP result_q8_r1.
DSP Report: operator result_q8_r1 is absorbed into DSP result_q8_r1.
INFO: [Synth 8-4471] merging register 'lane_idx_r_reg[2:0]' into 'lane_idx_r_reg[2:0]' [d:/DOAN/DATN_RTL/DATN_VIVADO/project_2/project_2.gen/sources_1/bd/SoC/ipshared/013e/src/SPU_Top.v:76]
INFO: [Synth 8-5845] Not enough pipeline registers after wide multiplier. Recommended levels of pipeline registers is 4 [d:/DOAN/DATN_RTL/DATN_VIVADO/project_2/project_2.gen/sources_1/bd/SoC/ipshared/013e/src/SPU_Top.v:59]
DSP Report: Generating DSP sumsq_product_r_reg, operation Mode is: (A*B)'.
DSP Report: register sumsq_product_r_reg is absorbed into DSP sumsq_product_r_reg.
DSP Report: operator sumsq_product_r0 is absorbed into DSP sumsq_product_r_reg.
DSP Report: Generating DSP value_weight_r_reg, operation Mode is: (A*B)'.
DSP Report: register value_weight_r_reg is absorbed into DSP value_weight_r_reg.
DSP Report: operator value_weight_r0 is absorbed into DSP value_weight_r_reg.
DSP Report: Generating DSP norm_product_w, operation Mode is: A2*B.
DSP Report: register norm_product_w is absorbed into DSP norm_product_w.
DSP Report: operator norm_product_w is absorbed into DSP norm_product_w.
DSP Report: operator norm_product_w is absorbed into DSP norm_product_w.
DSP Report: Generating DSP norm_product_r_reg, operation Mode is: (PCIN>>17)+A*B2.
DSP Report: register norm_product_r_reg is absorbed into DSP norm_product_r_reg.
DSP Report: register norm_product_r_reg is absorbed into DSP norm_product_r_reg.
DSP Report: operator norm_product_w is absorbed into DSP norm_product_r_reg.
DSP Report: operator norm_product_w is absorbed into DSP norm_product_r_reg.
DSP Report: Generating DSP norm_product_w, operation Mode is: A*B2.
DSP Report: register norm_product_w is absorbed into DSP norm_product_w.
DSP Report: operator norm_product_w is absorbed into DSP norm_product_w.
DSP Report: operator norm_product_w is absorbed into DSP norm_product_w.
DSP Report: Generating DSP norm_product_r_reg, operation Mode is: (PCIN>>17)+A*B2.
DSP Report: register norm_product_r_reg is absorbed into DSP norm_product_r_reg.
DSP Report: register norm_product_r_reg is absorbed into DSP norm_product_r_reg.
DSP Report: operator norm_product_w is absorbed into DSP norm_product_r_reg.
DSP Report: operator norm_product_w is absorbed into DSP norm_product_r_reg.
INFO: [Synth 8-4471] merging register 'pair_idx_r_reg[1:0]' into 'pair_idx_r_reg[1:0]' [d:/DOAN/DATN_RTL/DATN_VIVADO/project_2/project_2.gen/sources_1/bd/SoC/ipshared/013e/src/SPU_VPU_Stream8.v:66]
INFO: [Synth 8-4471] merging register 'pair_idx_r_reg[1:0]' into 'pair_idx_r_reg[1:0]' [d:/DOAN/DATN_RTL/DATN_VIVADO/project_2/project_2.gen/sources_1/bd/SoC/ipshared/013e/src/SPU_VPU_Stream8.v:66]
DSP Report: Generating DSP x0_cos_r_reg, operation Mode is: (A*B)'.
DSP Report: register x0_cos_r_reg is absorbed into DSP x0_cos_r_reg.
DSP Report: operator x0_cos_r0 is absorbed into DSP x0_cos_r_reg.
DSP Report: Generating DSP value0, operation Mode is: PCIN-(A*B)'.
DSP Report: register x1_sin_r_reg is absorbed into DSP value0.
DSP Report: operator value0 is absorbed into DSP value0.
DSP Report: operator x1_sin_r0 is absorbed into DSP value0.
DSP Report: Generating DSP x0_sin_r_reg, operation Mode is: (A2*B2)'.
DSP Report: register sin_q15_r_reg is absorbed into DSP x0_sin_r_reg.
DSP Report: register x0_q8_r_reg is absorbed into DSP x0_sin_r_reg.
DSP Report: register x0_sin_r_reg is absorbed into DSP x0_sin_r_reg.
DSP Report: operator x0_sin_r0 is absorbed into DSP x0_sin_r_reg.
DSP Report: Generating DSP value0, operation Mode is: PCIN+(A2*B2)'.
DSP Report: register cos_q15_r_reg is absorbed into DSP value0.
DSP Report: register x1_q8_r_reg is absorbed into DSP value0.
DSP Report: register x1_cos_r_reg is absorbed into DSP value0.
DSP Report: operator value0 is absorbed into DSP value0.
DSP Report: operator x1_cos_r0 is absorbed into DSP value0.
INFO: [Synth 8-4471] merging register 'lane_idx_r_reg[2:0]' into 'lane_idx_r_reg[2:0]' [d:/DOAN/DATN_RTL/DATN_VIVADO/project_2/project_2.gen/sources_1/bd/SoC/ipshared/013e/src/VPU_Top.v:106]
INFO: [Synth 8-5546] ROM "mem_wstrb" won't be mapped to RAM because it is too sparse
WARNING: [Synth 8-6849] Infeasible attribute ram_style = "block" set for RAM "u_q8_scale_accum/accum_mem_reg",trying to implement using LUTRAM
WARNING: [Synth 8-6849] Infeasible attribute ram_style = "block" set for RAM "u_q8_scale_accum/accum_mem_reg",trying to implement using LUTRAM
WARNING: [Synth 8-6849] Infeasible attribute ram_style = "block" set for RAM "u_q8_scale_accum/accum_mem_reg",trying to implement using LUTRAM
WARNING: [Synth 8-6849] Infeasible attribute ram_style = "block" set for RAM "u_q8_scale_accum/accum_mem_reg",trying to implement using LUTRAM
INFO: [Common 17-14] Message 'Synth 8-3332' appears 100 times and further instances of the messages will be disabled. Use the Tcl command set_msg_config to change the current settings.
INFO: [Synth 8-4471] merging register 'stream_fifo_row_reg[1][15:0]' into 'stream_fifo_row_reg[0][15:0]'
INFO: [Synth 8-4471] merging register 'stream_fifo_row_reg[2][15:0]' into 'stream_fifo_row_reg[0][15:0]'
INFO: [Synth 8-4471] merging register 'stream_fifo_scale_lane_reg[4][2:0]' into 'stream_fifo_scale_lane_reg[3][2:0]'
INFO: [Synth 8-4471] merging register 'stream_fifo_scale_lane_reg[5][2:0]' into 'stream_fifo_scale_lane_reg[3][2:0]'
INFO: [Synth 8-4471] merging register 'stream_fifo_scale_lane_reg[6][2:0]' into 'stream_fifo_scale_lane_reg[3][2:0]'
INFO: [Synth 8-4471] merging register 'stream_fifo_scale_lane_reg[7][2:0]' into 'stream_fifo_scale_lane_reg[3][2:0]'
INFO: [Synth 8-4471] merging register 'stream_fifo_scale_lane_reg[8][2:0]' into 'stream_fifo_scale_lane_reg[3][2:0]'
INFO: [Synth 8-4471] merging register 'stream_fifo_scale_lane_reg[9][2:0]' into 'stream_fifo_scale_lane_reg[3][2:0]'
INFO: [Synth 8-4471] merging register 'stream_fifo_scale_lane_reg[10][2:0]' into 'stream_fifo_scale_lane_reg[3][2:0]'
INFO: [Synth 8-4471] merging register 'stream_fifo_scale_lane_reg[11][2:0]' into 'stream_fifo_scale_lane_reg[3][2:0]'
INFO: [Synth 8-4471] merging register 'stream_fifo_scale_lane_reg[12][2:0]' into 'stream_fifo_scale_lane_reg[3][2:0]'
INFO: [Synth 8-4471] merging register 'stream_fifo_scale_lane_reg[13][2:0]' into 'stream_fifo_scale_lane_reg[3][2:0]'
INFO: [Synth 8-4471] merging register 'stream_fifo_scale_lane_reg[14][2:0]' into 'stream_fifo_scale_lane_reg[3][2:0]'
INFO: [Synth 8-4471] merging register 'stream_fifo_scale_lane_reg[15][2:0]' into 'stream_fifo_scale_lane_reg[3][2:0]'
INFO: [Synth 8-4471] merging register 'stream_fifo_scale_lane_reg[16][2:0]' into 'stream_fifo_scale_lane_reg[3][2:0]'
INFO: [Synth 8-4471] merging register 'stream_fifo_scale_lane_reg[17][2:0]' into 'stream_fifo_scale_lane_reg[3][2:0]'
INFO: [Synth 8-4471] merging register 'stream_fifo_scale_lane_reg[18][2:0]' into 'stream_fifo_scale_lane_reg[3][2:0]'
INFO: [Synth 8-4471] merging register 'stream_fifo_scale_lane_reg[19][2:0]' into 'stream_fifo_scale_lane_reg[3][2:0]'
INFO: [Synth 8-4471] merging register 'stream_fifo_scale_lane_reg[20][2:0]' into 'stream_fifo_scale_lane_reg[3][2:0]'
INFO: [Synth 8-4471] merging register 'stream_fifo_scale_lane_reg[21][2:0]' into 'stream_fifo_scale_lane_reg[3][2:0]'
INFO: [Synth 8-4471] merging register 'stream_fifo_scale_lane_reg[22][2:0]' into 'stream_fifo_scale_lane_reg[3][2:0]'
INFO: [Synth 8-4471] merging register 'stream_fifo_scale_lane_reg[23][2:0]' into 'stream_fifo_scale_lane_reg[3][2:0]'
INFO: [Synth 8-4471] merging register 'stream_fifo_scale_lane_reg[24][2:0]' into 'stream_fifo_scale_lane_reg[3][2:0]'
INFO: [Synth 8-4471] merging register 'stream_fifo_scale_lane_reg[25][2:0]' into 'stream_fifo_scale_lane_reg[3][2:0]'
INFO: [Synth 8-4471] merging register 'stream_fifo_scale_lane_reg[26][2:0]' into 'stream_fifo_scale_lane_reg[3][2:0]'
INFO: [Synth 8-4471] merging register 'stream_fifo_scale_lane_reg[27][2:0]' into 'stream_fifo_scale_lane_reg[3][2:0]'
INFO: [Synth 8-4471] merging register 'stream_fifo_scale_lane_reg[28][2:0]' into 'stream_fifo_scale_lane_reg[3][2:0]'
INFO: [Synth 8-4471] merging register 'stream_fifo_scale_lane_reg[29][2:0]' into 'stream_fifo_scale_lane_reg[3][2:0]'
INFO: [Synth 8-4471] merging register 'stream_fifo_scale_lane_reg[30][2:0]' into 'stream_fifo_scale_lane_reg[3][2:0]'
INFO: [Synth 8-4471] merging register 'stream_fifo_scale_lane_reg[31][2:0]' into 'stream_fifo_scale_lane_reg[3][2:0]'
INFO: [Synth 8-3971] The signal "u_spu_local_memory/u_spu_in_ram/GEN_BLOCK_RAM.mem_reg" was recognized as a true dual port RAM template.
INFO: [Synth 8-3971] The signal "u_spu_local_memory/u_spu_out_ram/GEN_BLOCK_RAM.mem_reg" was recognized as a true dual port RAM template.
INFO: [Synth 8-3971] The signal "u_spu_local_memory/u_spu_param_ram/GEN_BLOCK_RAM.mem_reg" was recognized as a true dual port RAM template.
INFO: [Synth 8-3971] The signal "u_spu_local_memory/u_spu_scratch_ram/GEN_BLOCK_RAM.mem_reg" was recognized as a true dual port RAM template.
WARNING: [Synth 8-3917] design AXI4_Mapping__GC0 has port core_wr_index_r[31] driven by constant 0
WARNING: [Synth 8-3917] design AXI4_Mapping__GC0 has port core_wr_index_r[30] driven by constant 0
WARNING: [Synth 8-3917] design AXI4_Mapping__GC0 has port core_wr_index_r[29] driven by constant 0
WARNING: [Synth 8-3917] design AXI4_Mapping__GC0 has port core_wr_index_r[28] driven by constant 0
WARNING: [Synth 8-3917] design AXI4_Mapping__GC0 has port core_rd_index[31] driven by constant 0
WARNING: [Synth 8-3917] design AXI4_Mapping__GC0 has port core_rd_index[30] driven by constant 0
WARNING: [Synth 8-3917] design AXI4_Mapping__GC0 has port core_rd_index[29] driven by constant 0
WARNING: [Synth 8-3917] design AXI4_Mapping__GC0 has port core_rd_index[28] driven by constant 0
WARNING: [Synth 8-3917] design AXI4_Mapping__GC0 has port spu_rd_index[31] driven by constant 0
WARNING: [Synth 8-3917] design AXI4_Mapping__GC0 has port spu_rd_index[30] driven by constant 0
WARNING: [Synth 8-3917] design AXI4_Mapping__GC0 has port spu_rd_index[29] driven by constant 0
WARNING: [Synth 8-3917] design AXI4_Mapping__GC0 has port spu_rd_index[28] driven by constant 0
---------------------------------------------------------------------------------
Finished Cross Boundary and Area Optimization : Time (s): cpu = 00:03:25 ; elapsed = 00:04:13 . Memory (MB): peak = 4257.867 ; gain = 2039.438
---------------------------------------------------------------------------------
---------------------------------------------------------------------------------
Start Applying XDC Timing Constraints
---------------------------------------------------------------------------------
---------------------------------------------------------------------------------
Finished Applying XDC Timing Constraints : Time (s): cpu = 00:03:44 ; elapsed = 00:04:46 . Memory (MB): peak = 5511.160 ; gain = 3292.730
---------------------------------------------------------------------------------
---------------------------------------------------------------------------------
Start Timing Optimization
---------------------------------------------------------------------------------
INFO: [Synth 8-5556] The block RAM "SoC_i/VPU_Top_0/u_spui_27/\inst/u_my_ip/u_axi4_mapping/u_spu/u_spu_local_memory /u_spu_in_ram/GEN_BLOCK_RAM.mem_reg" may be mapped as a cascade chain, because it is not timing critical.
INFO: [Synth 8-3971] The signal "SoC_i/VPU_Top_0/u_spui_27/\inst/u_my_ip/u_axi4_mapping/u_spu/u_spu_local_memory /u_spu_in_ram/GEN_BLOCK_RAM.mem_reg" was recognized as a true dual port RAM template.
INFO: [Synth 8-5556] The block RAM "SoC_i/VPU_Top_0/u_spui_27/\inst/u_my_ip/u_axi4_mapping/u_spu/u_spu_local_memory /u_spu_out_ram/GEN_BLOCK_RAM.mem_reg" may be mapped as a cascade chain, because it is not timing critical.
INFO: [Synth 8-3971] The signal "SoC_i/VPU_Top_0/u_spui_27/\inst/u_my_ip/u_axi4_mapping/u_spu/u_spu_local_memory /u_spu_out_ram/GEN_BLOCK_RAM.mem_reg" was recognized as a true dual port RAM template.
INFO: [Synth 8-5556] The block RAM "SoC_i/VPU_Top_0/u_spui_27/\inst/u_my_ip/u_axi4_mapping/u_spu/u_spu_local_memory /u_spu_param_ram/GEN_BLOCK_RAM.mem_reg" may be mapped as a cascade chain, because it is not timing critical.
INFO: [Synth 8-3971] The signal "SoC_i/VPU_Top_0/u_spui_27/\inst/u_my_ip/u_axi4_mapping/u_spu/u_spu_local_memory /u_spu_param_ram/GEN_BLOCK_RAM.mem_reg" was recognized as a true dual port RAM template.
INFO: [Synth 8-5556] The block RAM "SoC_i/VPU_Top_0/u_spui_27/\inst/u_my_ip/u_axi4_mapping/u_spu/u_spu_local_memory /u_spu_scratch_ram/GEN_BLOCK_RAM.mem_reg" may be mapped as a cascade chain, because it is not timing critical.
INFO: [Synth 8-3971] The signal "SoC_i/VPU_Top_0/u_spui_27/\inst/u_my_ip/u_axi4_mapping/u_spu/u_spu_local_memory /u_spu_scratch_ram/GEN_BLOCK_RAM.mem_reg" was recognized as a true dual port RAM template.
INFO: [Synth 8-5556] The block RAM "SoC_i/VPU_Top_0/GEN_RESULT_BANK[0].u_result_bram/GEN_BLOCK_RAM.mem_reg" may be mapped as a cascade chain, because it is not timing critical.
INFO: [Synth 8-3971] The signal "SoC_i/VPU_Top_0/GEN_RESULT_BANK[0].u_result_bram/GEN_BLOCK_RAM.mem_reg" was recognized as a true dual port RAM template.
INFO: [Synth 8-5556] The block RAM "SoC_i/VPU_Top_0/GEN_RESULT_BANK[1].u_result_bram/GEN_BLOCK_RAM.mem_reg" may be mapped as a cascade chain, because it is not timing critical.
INFO: [Synth 8-3971] The signal "SoC_i/VPU_Top_0/GEN_RESULT_BANK[1].u_result_bram/GEN_BLOCK_RAM.mem_reg" was recognized as a true dual port RAM template.
---------------------------------------------------------------------------------
Finished Timing Optimization : Time (s): cpu = 00:05:15 ; elapsed = 00:06:23 . Memory (MB): peak = 6104.000 ; gain = 3885.570
---------------------------------------------------------------------------------
---------------------------------------------------------------------------------
Start Technology Mapping
---------------------------------------------------------------------------------
INFO: [Synth 8-7052] The timing for the instance SoC_i/VPU_Top_0/u_spui_27/u_spu_local_memory/u_spu_in_ram/GEN_BLOCK_RAM.mem_reg_0 (implemented as a Block RAM) might be sub-optimal as no optional output register could be merged into the ram block. Providing additional output register may help in improving timing.
INFO: [Synth 8-7052] The timing for the instance SoC_i/VPU_Top_0/u_spui_27/u_spu_local_memory/u_spu_in_ram/GEN_BLOCK_RAM.mem_reg_0 (implemented as a Block RAM) might be sub-optimal as no optional output register could be merged into the ram block. Providing additional output register may help in improving timing.
INFO: [Synth 8-7052] The timing for the instance SoC_i/VPU_Top_0/u_spui_27/u_spu_local_memory/u_spu_in_ram/GEN_BLOCK_RAM.mem_reg_1 (implemented as a Block RAM) might be sub-optimal as no optional output register could be merged into the ram block. Providing additional output register may help in improving timing.
INFO: [Synth 8-7052] The timing for the instance SoC_i/VPU_Top_0/u_spui_27/u_spu_local_memory/u_spu_in_ram/GEN_BLOCK_RAM.mem_reg_1 (implemented as a Block RAM) might be sub-optimal as no optional output register could be merged into the ram block. Providing additional output register may help in improving timing.
INFO: [Synth 8-7052] The timing for the instance SoC_i/VPU_Top_0/u_spui_27/u_spu_local_memory/u_spu_in_ram/GEN_BLOCK_RAM.mem_reg_2 (implemented as a Block RAM) might be sub-optimal as no optional output register could be merged into the ram block. Providing additional output register may help in improving timing.
INFO: [Synth 8-7052] The timing for the instance SoC_i/VPU_Top_0/u_spui_27/u_spu_local_memory/u_spu_in_ram/GEN_BLOCK_RAM.mem_reg_2 (implemented as a Block RAM) might be sub-optimal as no optional output register could be merged into the ram block. Providing additional output register may help in improving timing.
INFO: [Synth 8-7052] The timing for the instance SoC_i/VPU_Top_0/u_spui_27/u_spu_local_memory/u_spu_in_ram/GEN_BLOCK_RAM.mem_reg_3 (implemented as a Block RAM) might be sub-optimal as no optional output register could be merged into the ram block. Providing additional output register may help in improving timing.
INFO: [Synth 8-7052] The timing for the instance SoC_i/VPU_Top_0/u_spui_27/u_spu_local_memory/u_spu_in_ram/GEN_BLOCK_RAM.mem_reg_3 (implemented as a Block RAM) might be sub-optimal as no optional output register could be merged into the ram block. Providing additional output register may help in improving timing.
INFO: [Synth 8-7052] The timing for the instance SoC_i/VPU_Top_0/u_spui_27/u_spu_local_memory/u_spu_in_ram/GEN_BLOCK_RAM.mem_reg_4 (implemented as a Block RAM) might be sub-optimal as no optional output register could be merged into the ram block. Providing additional output register may help in improving timing.
INFO: [Synth 8-7052] The timing for the instance SoC_i/VPU_Top_0/u_spui_27/u_spu_local_memory/u_spu_in_ram/GEN_BLOCK_RAM.mem_reg_4 (implemented as a Block RAM) might be sub-optimal as no optional output register could be merged into the ram block. Providing additional output register may help in improving timing.
INFO: [Synth 8-7052] The timing for the instance SoC_i/VPU_Top_0/u_spui_27/u_spu_local_memory/u_spu_in_ram/GEN_BLOCK_RAM.mem_reg_5 (implemented as a Block RAM) might be sub-optimal as no optional output register could be merged into the ram block. Providing additional output register may help in improving timing.
INFO: [Synth 8-7052] The timing for the instance SoC_i/VPU_Top_0/u_spui_27/u_spu_local_memory/u_spu_in_ram/GEN_BLOCK_RAM.mem_reg_5 (implemented as a Block RAM) might be sub-optimal as no optional output register could be merged into the ram block. Providing additional output register may help in improving timing.
INFO: [Synth 8-7052] The timing for the instance SoC_i/VPU_Top_0/u_spui_27/u_spu_local_memory/u_spu_in_ram/GEN_BLOCK_RAM.mem_reg_6 (implemented as a Block RAM) might be sub-optimal as no optional output register could be merged into the ram block. Providing additional output register may help in improving timing.
INFO: [Synth 8-7052] The timing for the instance SoC_i/VPU_Top_0/u_spui_27/u_spu_local_memory/u_spu_in_ram/GEN_BLOCK_RAM.mem_reg_6 (implemented as a Block RAM) might be sub-optimal as no optional output register could be merged into the ram block. Providing additional output register may help in improving timing.
INFO: [Synth 8-7052] The timing for the instance SoC_i/VPU_Top_0/u_spui_27/u_spu_local_memory/u_spu_in_ram/GEN_BLOCK_RAM.mem_reg_7 (implemented as a Block RAM) might be sub-optimal as no optional output register could be merged into the ram block. Providing additional output register may help in improving timing.
INFO: [Synth 8-7052] The timing for the instance SoC_i/VPU_Top_0/u_spui_27/u_spu_local_memory/u_spu_in_ram/GEN_BLOCK_RAM.mem_reg_7 (implemented as a Block RAM) might be sub-optimal as no optional output register could be merged into the ram block. Providing additional output register may help in improving timing.
INFO: [Synth 8-7052] The timing for the instance SoC_i/VPU_Top_0/u_spui_27/u_spu_local_memory/u_spu_in_ram/GEN_BLOCK_RAM.mem_reg_8 (implemented as a Block RAM) might be sub-optimal as no optional output register could be merged into the ram block. Providing additional output register may help in improving timing.
INFO: [Synth 8-7052] The timing for the instance SoC_i/VPU_Top_0/u_spui_27/u_spu_local_memory/u_spu_in_ram/GEN_BLOCK_RAM.mem_reg_8 (implemented as a Block RAM) might be sub-optimal as no optional output register could be merged into the ram block. Providing additional output register may help in improving timing.
INFO: [Synth 8-7052] The timing for the instance SoC_i/VPU_Top_0/u_spui_27/u_spu_local_memory/u_spu_in_ram/GEN_BLOCK_RAM.mem_reg_9 (implemented as a Block RAM) might be sub-optimal as no optional output register could be merged into the ram block. Providing additional output register may help in improving timing.
INFO: [Synth 8-7052] The timing for the instance SoC_i/VPU_Top_0/u_spui_27/u_spu_local_memory/u_spu_in_ram/GEN_BLOCK_RAM.mem_reg_9 (implemented as a Block RAM) might be sub-optimal as no optional output register could be merged into the ram block. Providing additional output register may help in improving timing.
INFO: [Synth 8-7052] The timing for the instance SoC_i/VPU_Top_0/u_spui_27/u_spu_local_memory/u_spu_in_ram/GEN_BLOCK_RAM.mem_reg_10 (implemented as a Block RAM) might be sub-optimal as no optional output register could be merged into the ram block. Providing additional output register may help in improving timing.
INFO: [Synth 8-7052] The timing for the instance SoC_i/VPU_Top_0/u_spui_27/u_spu_local_memory/u_spu_in_ram/GEN_BLOCK_RAM.mem_reg_10 (implemented as a Block RAM) might be sub-optimal as no optional output register could be merged into the ram block. Providing additional output register may help in improving timing.
INFO: [Synth 8-7052] The timing for the instance SoC_i/VPU_Top_0/u_spui_27/u_spu_local_memory/u_spu_in_ram/GEN_BLOCK_RAM.mem_reg_11 (implemented as a Block RAM) might be sub-optimal as no optional output register could be merged into the ram block. Providing additional output register may help in improving timing.
INFO: [Synth 8-7052] The timing for the instance SoC_i/VPU_Top_0/u_spui_27/u_spu_local_memory/u_spu_in_ram/GEN_BLOCK_RAM.mem_reg_11 (implemented as a Block RAM) might be sub-optimal as no optional output register could be merged into the ram block. Providing additional output register may help in improving timing.
INFO: [Synth 8-7052] The timing for the instance SoC_i/VPU_Top_0/u_spui_27/u_spu_local_memory/u_spu_in_ram/GEN_BLOCK_RAM.mem_reg_12 (implemented as a Block RAM) might be sub-optimal as no optional output register could be merged into the ram block. Providing additional output register may help in improving timing.
INFO: [Synth 8-7052] The timing for the instance SoC_i/VPU_Top_0/u_spui_27/u_spu_local_memory/u_spu_in_ram/GEN_BLOCK_RAM.mem_reg_12 (implemented as a Block RAM) might be sub-optimal as no optional output register could be merged into the ram block. Providing additional output register may help in improving timing.
INFO: [Synth 8-7052] The timing for the instance SoC_i/VPU_Top_0/u_spui_27/u_spu_local_memory/u_spu_in_ram/GEN_BLOCK_RAM.mem_reg_13 (implemented as a Block RAM) might be sub-optimal as no optional output register could be merged into the ram block. Providing additional output register may help in improving timing.
INFO: [Synth 8-7052] The timing for the instance SoC_i/VPU_Top_0/u_spui_27/u_spu_local_memory/u_spu_in_ram/GEN_BLOCK_RAM.mem_reg_13 (implemented as a Block RAM) might be sub-optimal as no optional output register could be merged into the ram block. Providing additional output register may help in improving timing.
INFO: [Synth 8-7052] The timing for the instance SoC_i/VPU_Top_0/u_spui_27/u_spu_local_memory/u_spu_in_ram/GEN_BLOCK_RAM.mem_reg_14 (implemented as a Block RAM) might be sub-optimal as no optional output register could be merged into the ram block. Providing additional output register may help in improving timing.
INFO: [Synth 8-7052] The timing for the instance SoC_i/VPU_Top_0/u_spui_27/u_spu_local_memory/u_spu_in_ram/GEN_BLOCK_RAM.mem_reg_14 (implemented as a Block RAM) might be sub-optimal as no optional output register could be merged into the ram block. Providing additional output register may help in improving timing.
INFO: [Synth 8-7052] The timing for the instance SoC_i/VPU_Top_0/u_spui_27/u_spu_local_memory/u_spu_in_ram/GEN_BLOCK_RAM.mem_reg_15 (implemented as a Block RAM) might be sub-optimal as no optional output register could be merged into the ram block. Providing additional output register may help in improving timing.
INFO: [Synth 8-7052] The timing for the instance SoC_i/VPU_Top_0/u_spui_27/u_spu_local_memory/u_spu_in_ram/GEN_BLOCK_RAM.mem_reg_15 (implemented as a Block RAM) might be sub-optimal as no optional output register could be merged into the ram block. Providing additional output register may help in improving timing.
INFO: [Synth 8-7052] The timing for the instance SoC_i/VPU_Top_0/u_spui_27/u_spu_local_memory/u_spu_out_ram/GEN_BLOCK_RAM.mem_reg_0 (implemented as a Block RAM) might be sub-optimal as no optional output register could be merged into the ram block. Providing additional output register may help in improving timing.
INFO: [Synth 8-7052] The timing for the instance SoC_i/VPU_Top_0/u_spui_27/u_spu_local_memory/u_spu_out_ram/GEN_BLOCK_RAM.mem_reg_0 (implemented as a Block RAM) might be sub-optimal as no optional output register could be merged into the ram block. Providing additional output register may help in improving timing.
INFO: [Synth 8-7052] The timing for the instance SoC_i/VPU_Top_0/u_spui_27/u_spu_local_memory/u_spu_out_ram/GEN_BLOCK_RAM.mem_reg_1 (implemented as a Block RAM) might be sub-optimal as no optional output register could be merged into the ram block. Providing additional output register may help in improving timing.
INFO: [Synth 8-7052] The timing for the instance SoC_i/VPU_Top_0/u_spui_27/u_spu_local_memory/u_spu_out_ram/GEN_BLOCK_RAM.mem_reg_1 (implemented as a Block RAM) might be sub-optimal as no optional output register could be merged into the ram block. Providing additional output register may help in improving timing.
INFO: [Synth 8-7052] The timing for the instance SoC_i/VPU_Top_0/u_spui_27/u_spu_local_memory/u_spu_out_ram/GEN_BLOCK_RAM.mem_reg_2 (implemented as a Block RAM) might be sub-optimal as no optional output register could be merged into the ram block. Providing additional output register may help in improving timing.
INFO: [Synth 8-7052] The timing for the instance SoC_i/VPU_Top_0/u_spui_27/u_spu_local_memory/u_spu_out_ram/GEN_BLOCK_RAM.mem_reg_2 (implemented as a Block RAM) might be sub-optimal as no optional output register could be merged into the ram block. Providing additional output register may help in improving timing.
INFO: [Synth 8-7052] The timing for the instance SoC_i/VPU_Top_0/u_spui_27/u_spu_local_memory/u_spu_out_ram/GEN_BLOCK_RAM.mem_reg_3 (implemented as a Block RAM) might be sub-optimal as no optional output register could be merged into the ram block. Providing additional output register may help in improving timing.
INFO: [Synth 8-7052] The timing for the instance SoC_i/VPU_Top_0/u_spui_27/u_spu_local_memory/u_spu_out_ram/GEN_BLOCK_RAM.mem_reg_3 (implemented as a Block RAM) might be sub-optimal as no optional output register could be merged into the ram block. Providing additional output register may help in improving timing.
INFO: [Synth 8-7052] The timing for the instance SoC_i/VPU_Top_0/u_spui_27/u_spu_local_memory/u_spu_out_ram/GEN_BLOCK_RAM.mem_reg_4 (implemented as a Block RAM) might be sub-optimal as no optional output register could be merged into the ram block. Providing additional output register may help in improving timing.
INFO: [Synth 8-7052] The timing for the instance SoC_i/VPU_Top_0/u_spui_27/u_spu_local_memory/u_spu_out_ram/GEN_BLOCK_RAM.mem_reg_4 (implemented as a Block RAM) might be sub-optimal as no optional output register could be merged into the ram block. Providing additional output register may help in improving timing.
INFO: [Synth 8-7052] The timing for the instance SoC_i/VPU_Top_0/u_spui_27/u_spu_local_memory/u_spu_out_ram/GEN_BLOCK_RAM.mem_reg_5 (implemented as a Block RAM) might be sub-optimal as no optional output register could be merged into the ram block. Providing additional output register may help in improving timing.
INFO: [Synth 8-7052] The timing for the instance SoC_i/VPU_Top_0/u_spui_27/u_spu_local_memory/u_spu_out_ram/GEN_BLOCK_RAM.mem_reg_5 (implemented as a Block RAM) might be sub-optimal as no optional output register could be merged into the ram block. Providing additional output register may help in improving timing.
INFO: [Synth 8-7052] The timing for the instance SoC_i/VPU_Top_0/u_spui_27/u_spu_local_memory/u_spu_out_ram/GEN_BLOCK_RAM.mem_reg_6 (implemented as a Block RAM) might be sub-optimal as no optional output register could be merged into the ram block. Providing additional output register may help in improving timing.
INFO: [Synth 8-7052] The timing for the instance SoC_i/VPU_Top_0/u_spui_27/u_spu_local_memory/u_spu_out_ram/GEN_BLOCK_RAM.mem_reg_6 (implemented as a Block RAM) might be sub-optimal as no optional output register could be merged into the ram block. Providing additional output register may help in improving timing.
INFO: [Synth 8-7052] The timing for the instance SoC_i/VPU_Top_0/u_spui_27/u_spu_local_memory/u_spu_out_ram/GEN_BLOCK_RAM.mem_reg_7 (implemented as a Block RAM) might be sub-optimal as no optional output register could be merged into the ram block. Providing additional output register may help in improving timing.
INFO: [Synth 8-7052] The timing for the instance SoC_i/VPU_Top_0/u_spui_27/u_spu_local_memory/u_spu_out_ram/GEN_BLOCK_RAM.mem_reg_7 (implemented as a Block RAM) might be sub-optimal as no optional output register could be merged into the ram block. Providing additional output register may help in improving timing.
INFO: [Synth 8-7052] The timing for the instance SoC_i/VPU_Top_0/u_spui_27/u_spu_local_memory/u_spu_out_ram/GEN_BLOCK_RAM.mem_reg_8 (implemented as a Block RAM) might be sub-optimal as no optional output register could be merged into the ram block. Providing additional output register may help in improving timing.
INFO: [Synth 8-7052] The timing for the instance SoC_i/VPU_Top_0/u_spui_27/u_spu_local_memory/u_spu_out_ram/GEN_BLOCK_RAM.mem_reg_8 (implemented as a Block RAM) might be sub-optimal as no optional output register could be merged into the ram block. Providing additional output register may help in improving timing.
INFO: [Synth 8-7052] The timing for the instance SoC_i/VPU_Top_0/u_spui_27/u_spu_local_memory/u_spu_out_ram/GEN_BLOCK_RAM.mem_reg_9 (implemented as a Block RAM) might be sub-optimal as no optional output register could be merged into the ram block. Providing additional output register may help in improving timing.
INFO: [Synth 8-7052] The timing for the instance SoC_i/VPU_Top_0/u_spui_27/u_spu_local_memory/u_spu_out_ram/GEN_BLOCK_RAM.mem_reg_9 (implemented as a Block RAM) might be sub-optimal as no optional output register could be merged into the ram block. Providing additional output register may help in improving timing.
INFO: [Synth 8-7052] The timing for the instance SoC_i/VPU_Top_0/u_spui_27/u_spu_local_memory/u_spu_out_ram/GEN_BLOCK_RAM.mem_reg_10 (implemented as a Block RAM) might be sub-optimal as no optional output register could be merged into the ram block. Providing additional output register may help in improving timing.
INFO: [Synth 8-7052] The timing for the instance SoC_i/VPU_Top_0/u_spui_27/u_spu_local_memory/u_spu_out_ram/GEN_BLOCK_RAM.mem_reg_10 (implemented as a Block RAM) might be sub-optimal as no optional output register could be merged into the ram block. Providing additional output register may help in improving timing.
INFO: [Synth 8-7052] The timing for the instance SoC_i/VPU_Top_0/u_spui_27/u_spu_local_memory/u_spu_out_ram/GEN_BLOCK_RAM.mem_reg_11 (implemented as a Block RAM) might be sub-optimal as no optional output register could be merged into the ram block. Providing additional output register may help in improving timing.
INFO: [Synth 8-7052] The timing for the instance SoC_i/VPU_Top_0/u_spui_27/u_spu_local_memory/u_spu_out_ram/GEN_BLOCK_RAM.mem_reg_11 (implemented as a Block RAM) might be sub-optimal as no optional output register could be merged into the ram block. Providing additional output register may help in improving timing.
INFO: [Synth 8-7052] The timing for the instance SoC_i/VPU_Top_0/u_spui_27/u_spu_local_memory/u_spu_out_ram/GEN_BLOCK_RAM.mem_reg_12 (implemented as a Block RAM) might be sub-optimal as no optional output register could be merged into the ram block. Providing additional output register may help in improving timing.
INFO: [Synth 8-7052] The timing for the instance SoC_i/VPU_Top_0/u_spui_27/u_spu_local_memory/u_spu_out_ram/GEN_BLOCK_RAM.mem_reg_12 (implemented as a Block RAM) might be sub-optimal as no optional output register could be merged into the ram block. Providing additional output register may help in improving timing.
INFO: [Synth 8-7052] The timing for the instance SoC_i/VPU_Top_0/u_spui_27/u_spu_local_memory/u_spu_out_ram/GEN_BLOCK_RAM.mem_reg_13 (implemented as a Block RAM) might be sub-optimal as no optional output register could be merged into the ram block. Providing additional output register may help in improving timing.
INFO: [Synth 8-7052] The timing for the instance SoC_i/VPU_Top_0/u_spui_27/u_spu_local_memory/u_spu_out_ram/GEN_BLOCK_RAM.mem_reg_13 (implemented as a Block RAM) might be sub-optimal as no optional output register could be merged into the ram block. Providing additional output register may help in improving timing.
INFO: [Synth 8-7052] The timing for the instance SoC_i/VPU_Top_0/u_spui_27/u_spu_local_memory/u_spu_out_ram/GEN_BLOCK_RAM.mem_reg_14 (implemented as a Block RAM) might be sub-optimal as no optional output register could be merged into the ram block. Providing additional output register may help in improving timing.
INFO: [Synth 8-7052] The timing for the instance SoC_i/VPU_Top_0/u_spui_27/u_spu_local_memory/u_spu_out_ram/GEN_BLOCK_RAM.mem_reg_14 (implemented as a Block RAM) might be sub-optimal as no optional output register could be merged into the ram block. Providing additional output register may help in improving timing.
INFO: [Synth 8-7052] The timing for the instance SoC_i/VPU_Top_0/u_spui_27/u_spu_local_memory/u_spu_out_ram/GEN_BLOCK_RAM.mem_reg_15 (implemented as a Block RAM) might be sub-optimal as no optional output register could be merged into the ram block. Providing additional output register may help in improving timing.
INFO: [Synth 8-7052] The timing for the instance SoC_i/VPU_Top_0/u_spui_27/u_spu_local_memory/u_spu_out_ram/GEN_BLOCK_RAM.mem_reg_15 (implemented as a Block RAM) might be sub-optimal as no optional output register could be merged into the ram block. Providing additional output register may help in improving timing.
INFO: [Synth 8-7052] The timing for the instance SoC_i/VPU_Top_0/u_spui_27/u_spu_local_memory/u_spu_param_ram/GEN_BLOCK_RAM.mem_reg_0 (implemented as a Block RAM) might be sub-optimal as no optional output register could be merged into the ram block. Providing additional output register may help in improving timing.
INFO: [Synth 8-7052] The timing for the instance SoC_i/VPU_Top_0/u_spui_27/u_spu_local_memory/u_spu_param_ram/GEN_BLOCK_RAM.mem_reg_0 (implemented as a Block RAM) might be sub-optimal as no optional output register could be merged into the ram block. Providing additional output register may help in improving timing.
INFO: [Synth 8-7052] The timing for the instance SoC_i/VPU_Top_0/u_spui_27/u_spu_local_memory/u_spu_param_ram/GEN_BLOCK_RAM.mem_reg_1 (implemented as a Block RAM) might be sub-optimal as no optional output register could be merged into the ram block. Providing additional output register may help in improving timing.
INFO: [Synth 8-7052] The timing for the instance SoC_i/VPU_Top_0/u_spui_27/u_spu_local_memory/u_spu_param_ram/GEN_BLOCK_RAM.mem_reg_1 (implemented as a Block RAM) might be sub-optimal as no optional output register could be merged into the ram block. Providing additional output register may help in improving timing.
INFO: [Synth 8-7052] The timing for the instance SoC_i/VPU_Top_0/u_spui_27/u_spu_local_memory/u_spu_param_ram/GEN_BLOCK_RAM.mem_reg_2 (implemented as a Block RAM) might be sub-optimal as no optional output register could be merged into the ram block. Providing additional output register may help in improving timing.
INFO: [Synth 8-7052] The timing for the instance SoC_i/VPU_Top_0/u_spui_27/u_spu_local_memory/u_spu_param_ram/GEN_BLOCK_RAM.mem_reg_2 (implemented as a Block RAM) might be sub-optimal as no optional output register could be merged into the ram block. Providing additional output register may help in improving timing.
INFO: [Synth 8-7052] The timing for the instance SoC_i/VPU_Top_0/u_spui_27/u_spu_local_memory/u_spu_param_ram/GEN_BLOCK_RAM.mem_reg_3 (implemented as a Block RAM) might be sub-optimal as no optional output register could be merged into the ram block. Providing additional output register may help in improving timing.
INFO: [Synth 8-7052] The timing for the instance SoC_i/VPU_Top_0/u_spui_27/u_spu_local_memory/u_spu_param_ram/GEN_BLOCK_RAM.mem_reg_3 (implemented as a Block RAM) might be sub-optimal as no optional output register could be merged into the ram block. Providing additional output register may help in improving timing.
INFO: [Synth 8-7052] The timing for the instance SoC_i/VPU_Top_0/u_spui_27/u_spu_local_memory/u_spu_param_ram/GEN_BLOCK_RAM.mem_reg_4 (implemented as a Block RAM) might be sub-optimal as no optional output register could be merged into the ram block. Providing additional output register may help in improving timing.
INFO: [Synth 8-7052] The timing for the instance SoC_i/VPU_Top_0/u_spui_27/u_spu_local_memory/u_spu_param_ram/GEN_BLOCK_RAM.mem_reg_4 (implemented as a Block RAM) might be sub-optimal as no optional output register could be merged into the ram block. Providing additional output register may help in improving timing.
INFO: [Synth 8-7052] The timing for the instance SoC_i/VPU_Top_0/u_spui_27/u_spu_local_memory/u_spu_param_ram/GEN_BLOCK_RAM.mem_reg_5 (implemented as a Block RAM) might be sub-optimal as no optional output register could be merged into the ram block. Providing additional output register may help in improving timing.
INFO: [Synth 8-7052] The timing for the instance SoC_i/VPU_Top_0/u_spui_27/u_spu_local_memory/u_spu_param_ram/GEN_BLOCK_RAM.mem_reg_5 (implemented as a Block RAM) might be sub-optimal as no optional output register could be merged into the ram block. Providing additional output register may help in improving timing.
INFO: [Synth 8-7052] The timing for the instance SoC_i/VPU_Top_0/u_spui_27/u_spu_local_memory/u_spu_param_ram/GEN_BLOCK_RAM.mem_reg_6 (implemented as a Block RAM) might be sub-optimal as no optional output register could be merged into the ram block. Providing additional output register may help in improving timing.
INFO: [Synth 8-7052] The timing for the instance SoC_i/VPU_Top_0/u_spui_27/u_spu_local_memory/u_spu_param_ram/GEN_BLOCK_RAM.mem_reg_6 (implemented as a Block RAM) might be sub-optimal as no optional output register could be merged into the ram block. Providing additional output register may help in improving timing.
INFO: [Synth 8-7052] The timing for the instance SoC_i/VPU_Top_0/u_spui_27/u_spu_local_memory/u_spu_param_ram/GEN_BLOCK_RAM.mem_reg_7 (implemented as a Block RAM) might be sub-optimal as no optional output register could be merged into the ram block. Providing additional output register may help in improving timing.
INFO: [Synth 8-7052] The timing for the instance SoC_i/VPU_Top_0/u_spui_27/u_spu_local_memory/u_spu_param_ram/GEN_BLOCK_RAM.mem_reg_7 (implemented as a Block RAM) might be sub-optimal as no optional output register could be merged into the ram block. Providing additional output register may help in improving timing.
INFO: [Synth 8-7052] The timing for the instance SoC_i/VPU_Top_0/u_spui_27/u_spu_local_memory/u_spu_param_ram/GEN_BLOCK_RAM.mem_reg_8 (implemented as a Block RAM) might be sub-optimal as no optional output register could be merged into the ram block. Providing additional output register may help in improving timing.
INFO: [Synth 8-7052] The timing for the instance SoC_i/VPU_Top_0/u_spui_27/u_spu_local_memory/u_spu_param_ram/GEN_BLOCK_RAM.mem_reg_8 (implemented as a Block RAM) might be sub-optimal as no optional output register could be merged into the ram block. Providing additional output register may help in improving timing.
INFO: [Synth 8-7052] The timing for the instance SoC_i/VPU_Top_0/u_spui_27/u_spu_local_memory/u_spu_param_ram/GEN_BLOCK_RAM.mem_reg_9 (implemented as a Block RAM) might be sub-optimal as no optional output register could be merged into the ram block. Providing additional output register may help in improving timing.
INFO: [Synth 8-7052] The timing for the instance SoC_i/VPU_Top_0/u_spui_27/u_spu_local_memory/u_spu_param_ram/GEN_BLOCK_RAM.mem_reg_9 (implemented as a Block RAM) might be sub-optimal as no optional output register could be merged into the ram block. Providing additional output register may help in improving timing.
INFO: [Synth 8-7052] The timing for the instance SoC_i/VPU_Top_0/u_spui_27/u_spu_local_memory/u_spu_param_ram/GEN_BLOCK_RAM.mem_reg_10 (implemented as a Block RAM) might be sub-optimal as no optional output register could be merged into the ram block. Providing additional output register may help in improving timing.
INFO: [Synth 8-7052] The timing for the instance SoC_i/VPU_Top_0/u_spui_27/u_spu_local_memory/u_spu_param_ram/GEN_BLOCK_RAM.mem_reg_10 (implemented as a Block RAM) might be sub-optimal as no optional output register could be merged into the ram block. Providing additional output register may help in improving timing.
INFO: [Synth 8-7052] The timing for the instance SoC_i/VPU_Top_0/u_spui_27/u_spu_local_memory/u_spu_param_ram/GEN_BLOCK_RAM.mem_reg_11 (implemented as a Block RAM) might be sub-optimal as no optional output register could be merged into the ram block. Providing additional output register may help in improving timing.
INFO: [Synth 8-7052] The timing for the instance SoC_i/VPU_Top_0/u_spui_27/u_spu_local_memory/u_spu_param_ram/GEN_BLOCK_RAM.mem_reg_11 (implemented as a Block RAM) might be sub-optimal as no optional output register could be merged into the ram block. Providing additional output register may help in improving timing.
INFO: [Synth 8-7052] The timing for the instance SoC_i/VPU_Top_0/u_spui_27/u_spu_local_memory/u_spu_param_ram/GEN_BLOCK_RAM.mem_reg_12 (implemented as a Block RAM) might be sub-optimal as no optional output register could be merged into the ram block. Providing additional output register may help in improving timing.
INFO: [Synth 8-7052] The timing for the instance SoC_i/VPU_Top_0/u_spui_27/u_spu_local_memory/u_spu_param_ram/GEN_BLOCK_RAM.mem_reg_12 (implemented as a Block RAM) might be sub-optimal as no optional output register could be merged into the ram block. Providing additional output register may help in improving timing.
INFO: [Synth 8-7052] The timing for the instance SoC_i/VPU_Top_0/u_spui_27/u_spu_local_memory/u_spu_param_ram/GEN_BLOCK_RAM.mem_reg_13 (implemented as a Block RAM) might be sub-optimal as no optional output register could be merged into the ram block. Providing additional output register may help in improving timing.
INFO: [Synth 8-7052] The timing for the instance SoC_i/VPU_Top_0/u_spui_27/u_spu_local_memory/u_spu_param_ram/GEN_BLOCK_RAM.mem_reg_13 (implemented as a Block RAM) might be sub-optimal as no optional output register could be merged into the ram block. Providing additional output register may help in improving timing.
INFO: [Synth 8-7052] The timing for the instance SoC_i/VPU_Top_0/u_spui_27/u_spu_local_memory/u_spu_param_ram/GEN_BLOCK_RAM.mem_reg_14 (implemented as a Block RAM) might be sub-optimal as no optional output register could be merged into the ram block. Providing additional output register may help in improving timing.
INFO: [Synth 8-7052] The timing for the instance SoC_i/VPU_Top_0/u_spui_27/u_spu_local_memory/u_spu_param_ram/GEN_BLOCK_RAM.mem_reg_14 (implemented as a Block RAM) might be sub-optimal as no optional output register could be merged into the ram block. Providing additional output register may help in improving timing.
INFO: [Synth 8-7052] The timing for the instance SoC_i/VPU_Top_0/u_spui_27/u_spu_local_memory/u_spu_param_ram/GEN_BLOCK_RAM.mem_reg_15 (implemented as a Block RAM) might be sub-optimal as no optional output register could be merged into the ram block. Providing additional output register may help in improving timing.
INFO: [Synth 8-7052] The timing for the instance SoC_i/VPU_Top_0/u_spui_27/u_spu_local_memory/u_spu_param_ram/GEN_BLOCK_RAM.mem_reg_15 (implemented as a Block RAM) might be sub-optimal as no optional output register could be merged into the ram block. Providing additional output register may help in improving timing.
INFO: [Synth 8-7052] The timing for the instance SoC_i/VPU_Top_0/u_spui_27/u_spu_local_memory/u_spu_scratch_ram/GEN_BLOCK_RAM.mem_reg_0 (implemented as a Block RAM) might be sub-optimal as no optional output register could be merged into the ram block. Providing additional output register may help in improving timing.
INFO: [Synth 8-7052] The timing for the instance SoC_i/VPU_Top_0/u_spui_27/u_spu_local_memory/u_spu_scratch_ram/GEN_BLOCK_RAM.mem_reg_0 (implemented as a Block RAM) might be sub-optimal as no optional output register could be merged into the ram block. Providing additional output register may help in improving timing.
INFO: [Synth 8-7052] The timing for the instance SoC_i/VPU_Top_0/u_spui_27/u_spu_local_memory/u_spu_scratch_ram/GEN_BLOCK_RAM.mem_reg_1 (implemented as a Block RAM) might be sub-optimal as no optional output register could be merged into the ram block. Providing additional output register may help in improving timing.
INFO: [Synth 8-7052] The timing for the instance SoC_i/VPU_Top_0/u_spui_27/u_spu_local_memory/u_spu_scratch_ram/GEN_BLOCK_RAM.mem_reg_1 (implemented as a Block RAM) might be sub-optimal as no optional output register could be merged into the ram block. Providing additional output register may help in improving timing.
INFO: [Common 17-14] Message 'Synth 8-7052' appears 100 times and further instances of the messages will be disabled. Use the Tcl command set_msg_config to change the current settings.
---------------------------------------------------------------------------------
Finished Technology Mapping : Time (s): cpu = 00:05:48 ; elapsed = 00:07:17 . Memory (MB): peak = 6106.133 ; gain = 3887.703
---------------------------------------------------------------------------------
---------------------------------------------------------------------------------
Start IO Insertion
---------------------------------------------------------------------------------
---------------------------------------------------------------------------------
Start Flattening Before IO Insertion
---------------------------------------------------------------------------------
---------------------------------------------------------------------------------
Finished Flattening Before IO Insertion
---------------------------------------------------------------------------------
---------------------------------------------------------------------------------
Start Final Netlist Cleanup
---------------------------------------------------------------------------------
---------------------------------------------------------------------------------
Finished Final Netlist Cleanup
---------------------------------------------------------------------------------
WARNING: [Synth 8-3295] tying undriven pin trace_ctl_pipe[0]_inferred:in0 to constant 0
WARNING: [Synth 8-3295] tying undriven pin trace_data_pipe[0]_inferred:in0[31] to constant 0
WARNING: [Synth 8-3295] tying undriven pin trace_data_pipe[0]_inferred:in0[30] to constant 0
WARNING: [Synth 8-3295] tying undriven pin trace_data_pipe[0]_inferred:in0[29] to constant 0
WARNING: [Synth 8-3295] tying undriven pin trace_data_pipe[0]_inferred:in0[28] to constant 0
WARNING: [Synth 8-3295] tying undriven pin trace_data_pipe[0]_inferred:in0[27] to constant 0
WARNING: [Synth 8-3295] tying undriven pin trace_data_pipe[0]_inferred:in0[26] to constant 0
WARNING: [Synth 8-3295] tying undriven pin trace_data_pipe[0]_inferred:in0[25] to constant 0
WARNING: [Synth 8-3295] tying undriven pin trace_data_pipe[0]_inferred:in0[24] to constant 0
WARNING: [Synth 8-3295] tying undriven pin trace_data_pipe[0]_inferred:in0[23] to constant 0
WARNING: [Synth 8-3295] tying undriven pin trace_data_pipe[0]_inferred:in0[22] to constant 0
WARNING: [Synth 8-3295] tying undriven pin trace_data_pipe[0]_inferred:in0[21] to constant 0
WARNING: [Synth 8-3295] tying undriven pin trace_data_pipe[0]_inferred:in0[20] to constant 0
WARNING: [Synth 8-3295] tying undriven pin trace_data_pipe[0]_inferred:in0[19] to constant 0
WARNING: [Synth 8-3295] tying undriven pin trace_data_pipe[0]_inferred:in0[18] to constant 0
WARNING: [Synth 8-3295] tying undriven pin trace_data_pipe[0]_inferred:in0[17] to constant 0
WARNING: [Synth 8-3295] tying undriven pin trace_data_pipe[0]_inferred:in0[16] to constant 0
WARNING: [Synth 8-3295] tying undriven pin trace_data_pipe[0]_inferred:in0[15] to constant 0
WARNING: [Synth 8-3295] tying undriven pin trace_data_pipe[0]_inferred:in0[14] to constant 0
WARNING: [Synth 8-3295] tying undriven pin trace_data_pipe[0]_inferred:in0[13] to constant 0
WARNING: [Synth 8-3295] tying undriven pin trace_data_pipe[0]_inferred:in0[12] to constant 0
WARNING: [Synth 8-3295] tying undriven pin trace_data_pipe[0]_inferred:in0[11] to constant 0
WARNING: [Synth 8-3295] tying undriven pin trace_data_pipe[0]_inferred:in0[10] to constant 0
WARNING: [Synth 8-3295] tying undriven pin trace_data_pipe[0]_inferred:in0[9] to constant 0
WARNING: [Synth 8-3295] tying undriven pin trace_data_pipe[0]_inferred:in0[8] to constant 0
WARNING: [Synth 8-3295] tying undriven pin trace_data_pipe[0]_inferred:in0[7] to constant 0
WARNING: [Synth 8-3295] tying undriven pin trace_data_pipe[0]_inferred:in0[6] to constant 0
WARNING: [Synth 8-3295] tying undriven pin trace_data_pipe[0]_inferred:in0[5] to constant 0
WARNING: [Synth 8-3295] tying undriven pin trace_data_pipe[0]_inferred:in0[4] to constant 0
WARNING: [Synth 8-3295] tying undriven pin trace_data_pipe[0]_inferred:in0[3] to constant 0
WARNING: [Synth 8-3295] tying undriven pin trace_data_pipe[0]_inferred:in0[2] to constant 0
WARNING: [Synth 8-3295] tying undriven pin trace_data_pipe[0]_inferred:in0[1] to constant 0
WARNING: [Synth 8-3295] tying undriven pin trace_data_pipe[0]_inferred:in0[0] to constant 0
WARNING: [Synth 8-3295] tying undriven pin trace_ctl_pipe[7]_inferred:in0 to constant 0
WARNING: [Synth 8-3295] tying undriven pin trace_ctl_pipe[6]_inferred:in0 to constant 0
WARNING: [Synth 8-3295] tying undriven pin trace_ctl_pipe[5]_inferred:in0 to constant 0
WARNING: [Synth 8-3295] tying undriven pin trace_ctl_pipe[4]_inferred:in0 to constant 0
WARNING: [Synth 8-3295] tying undriven pin trace_ctl_pipe[3]_inferred:in0 to constant 0
WARNING: [Synth 8-3295] tying undriven pin trace_ctl_pipe[2]_inferred:in0 to constant 0
WARNING: [Synth 8-3295] tying undriven pin trace_ctl_pipe[1]_inferred:in0 to constant 0
WARNING: [Synth 8-3295] tying undriven pin trace_data_pipe[7]_inferred:in0[31] to constant 0
WARNING: [Synth 8-3295] tying undriven pin trace_data_pipe[7]_inferred:in0[30] to constant 0
WARNING: [Synth 8-3295] tying undriven pin trace_data_pipe[7]_inferred:in0[29] to constant 0
WARNING: [Synth 8-3295] tying undriven pin trace_data_pipe[7]_inferred:in0[28] to constant 0
WARNING: [Synth 8-3295] tying undriven pin trace_data_pipe[7]_inferred:in0[27] to constant 0
WARNING: [Synth 8-3295] tying undriven pin trace_data_pipe[7]_inferred:in0[26] to constant 0
WARNING: [Synth 8-3295] tying undriven pin trace_data_pipe[7]_inferred:in0[25] to constant 0
WARNING: [Synth 8-3295] tying undriven pin trace_data_pipe[7]_inferred:in0[24] to constant 0
WARNING: [Synth 8-3295] tying undriven pin trace_data_pipe[7]_inferred:in0[23] to constant 0
WARNING: [Synth 8-3295] tying undriven pin trace_data_pipe[7]_inferred:in0[22] to constant 0
WARNING: [Synth 8-3295] tying undriven pin trace_data_pipe[7]_inferred:in0[21] to constant 0
WARNING: [Synth 8-3295] tying undriven pin trace_data_pipe[7]_inferred:in0[20] to constant 0
WARNING: [Synth 8-3295] tying undriven pin trace_data_pipe[7]_inferred:in0[19] to constant 0
WARNING: [Synth 8-3295] tying undriven pin trace_data_pipe[7]_inferred:in0[18] to constant 0
WARNING: [Synth 8-3295] tying undriven pin trace_data_pipe[7]_inferred:in0[17] to constant 0
WARNING: [Synth 8-3295] tying undriven pin trace_data_pipe[7]_inferred:in0[16] to constant 0
WARNING: [Synth 8-3295] tying undriven pin trace_data_pipe[7]_inferred:in0[15] to constant 0
WARNING: [Synth 8-3295] tying undriven pin trace_data_pipe[7]_inferred:in0[14] to constant 0
WARNING: [Synth 8-3295] tying undriven pin trace_data_pipe[7]_inferred:in0[13] to constant 0
WARNING: [Synth 8-3295] tying undriven pin trace_data_pipe[7]_inferred:in0[12] to constant 0
WARNING: [Synth 8-3295] tying undriven pin trace_data_pipe[7]_inferred:in0[11] to constant 0
WARNING: [Synth 8-3295] tying undriven pin trace_data_pipe[7]_inferred:in0[10] to constant 0
WARNING: [Synth 8-3295] tying undriven pin trace_data_pipe[7]_inferred:in0[9] to constant 0
WARNING: [Synth 8-3295] tying undriven pin trace_data_pipe[7]_inferred:in0[8] to constant 0
WARNING: [Synth 8-3295] tying undriven pin trace_data_pipe[7]_inferred:in0[7] to constant 0
WARNING: [Synth 8-3295] tying undriven pin trace_data_pipe[7]_inferred:in0[6] to constant 0
WARNING: [Synth 8-3295] tying undriven pin trace_data_pipe[7]_inferred:in0[5] to constant 0
WARNING: [Synth 8-3295] tying undriven pin trace_data_pipe[7]_inferred:in0[4] to constant 0
WARNING: [Synth 8-3295] tying undriven pin trace_data_pipe[7]_inferred:in0[3] to constant 0
WARNING: [Synth 8-3295] tying undriven pin trace_data_pipe[7]_inferred:in0[2] to constant 0
WARNING: [Synth 8-3295] tying undriven pin trace_data_pipe[7]_inferred:in0[1] to constant 0
WARNING: [Synth 8-3295] tying undriven pin trace_data_pipe[7]_inferred:in0[0] to constant 0
WARNING: [Synth 8-3295] tying undriven pin trace_data_pipe[6]_inferred:in0[31] to constant 0
WARNING: [Synth 8-3295] tying undriven pin trace_data_pipe[6]_inferred:in0[30] to constant 0
WARNING: [Synth 8-3295] tying undriven pin trace_data_pipe[6]_inferred:in0[29] to constant 0
WARNING: [Synth 8-3295] tying undriven pin trace_data_pipe[6]_inferred:in0[28] to constant 0
WARNING: [Synth 8-3295] tying undriven pin trace_data_pipe[6]_inferred:in0[27] to constant 0
WARNING: [Synth 8-3295] tying undriven pin trace_data_pipe[6]_inferred:in0[26] to constant 0
WARNING: [Synth 8-3295] tying undriven pin trace_data_pipe[6]_inferred:in0[25] to constant 0
WARNING: [Synth 8-3295] tying undriven pin trace_data_pipe[6]_inferred:in0[24] to constant 0
WARNING: [Synth 8-3295] tying undriven pin trace_data_pipe[6]_inferred:in0[23] to constant 0
WARNING: [Synth 8-3295] tying undriven pin trace_data_pipe[6]_inferred:in0[22] to constant 0
WARNING: [Synth 8-3295] tying undriven pin trace_data_pipe[6]_inferred:in0[21] to constant 0
WARNING: [Synth 8-3295] tying undriven pin trace_data_pipe[6]_inferred:in0[20] to constant 0
WARNING: [Synth 8-3295] tying undriven pin trace_data_pipe[6]_inferred:in0[19] to constant 0
WARNING: [Synth 8-3295] tying undriven pin trace_data_pipe[6]_inferred:in0[18] to constant 0
WARNING: [Synth 8-3295] tying undriven pin trace_data_pipe[6]_inferred:in0[17] to constant 0
WARNING: [Synth 8-3295] tying undriven pin trace_data_pipe[6]_inferred:in0[16] to constant 0
WARNING: [Synth 8-3295] tying undriven pin trace_data_pipe[6]_inferred:in0[15] to constant 0
WARNING: [Synth 8-3295] tying undriven pin trace_data_pipe[6]_inferred:in0[14] to constant 0
WARNING: [Synth 8-3295] tying undriven pin trace_data_pipe[6]_inferred:in0[13] to constant 0
WARNING: [Synth 8-3295] tying undriven pin trace_data_pipe[6]_inferred:in0[12] to constant 0
WARNING: [Synth 8-3295] tying undriven pin trace_data_pipe[6]_inferred:in0[11] to constant 0
WARNING: [Synth 8-3295] tying undriven pin trace_data_pipe[6]_inferred:in0[10] to constant 0
WARNING: [Synth 8-3295] tying undriven pin trace_data_pipe[6]_inferred:in0[9] to constant 0
WARNING: [Synth 8-3295] tying undriven pin trace_data_pipe[6]_inferred:in0[8] to constant 0
WARNING: [Synth 8-3295] tying undriven pin trace_data_pipe[6]_inferred:in0[7] to constant 0
WARNING: [Synth 8-3295] tying undriven pin trace_data_pipe[6]_inferred:in0[6] to constant 0
WARNING: [Synth 8-3295] tying undriven pin trace_data_pipe[6]_inferred:in0[5] to constant 0
WARNING: [Synth 8-3295] tying undriven pin trace_data_pipe[6]_inferred:in0[4] to constant 0
INFO: [Common 17-14] Message 'Synth 8-3295' appears 100 times and further instances of the messages will be disabled. Use the Tcl command set_msg_config to change the current settings.
---------------------------------------------------------------------------------
Finished IO Insertion : Time (s): cpu = 00:06:01 ; elapsed = 00:07:36 . Memory (MB): peak = 6138.918 ; gain = 3920.488
---------------------------------------------------------------------------------
---------------------------------------------------------------------------------
Start Renaming Generated Instances
---------------------------------------------------------------------------------
---------------------------------------------------------------------------------
Finished Renaming Generated Instances : Time (s): cpu = 00:06:02 ; elapsed = 00:07:36 . Memory (MB): peak = 6138.918 ; gain = 3920.488
---------------------------------------------------------------------------------
---------------------------------------------------------------------------------
Start Rebuilding User Hierarchy
---------------------------------------------------------------------------------
---------------------------------------------------------------------------------
Finished Rebuilding User Hierarchy : Time (s): cpu = 00:06:21 ; elapsed = 00:07:58 . Memory (MB): peak = 6138.918 ; gain = 3920.488
---------------------------------------------------------------------------------
---------------------------------------------------------------------------------
Start Renaming Generated Ports
---------------------------------------------------------------------------------
---------------------------------------------------------------------------------
Finished Renaming Generated Ports : Time (s): cpu = 00:06:22 ; elapsed = 00:07:59 . Memory (MB): peak = 6138.918 ; gain = 3920.488
---------------------------------------------------------------------------------
---------------------------------------------------------------------------------
Start Handling Custom Attributes
---------------------------------------------------------------------------------
---------------------------------------------------------------------------------
Finished Handling Custom Attributes : Time (s): cpu = 00:06:24 ; elapsed = 00:08:01 . Memory (MB): peak = 6138.918 ; gain = 3920.488
---------------------------------------------------------------------------------
---------------------------------------------------------------------------------
Start Renaming Generated Nets
---------------------------------------------------------------------------------
---------------------------------------------------------------------------------
Finished Renaming Generated Nets : Time (s): cpu = 00:06:25 ; elapsed = 00:08:02 . Memory (MB): peak = 6138.918 ; gain = 3920.488
---------------------------------------------------------------------------------
---------------------------------------------------------------------------------
Start Writing Synthesis Report
---------------------------------------------------------------------------------

DSP Final Report (the ' indicates corresponding REG is set)
+-------------------+--------------------+--------+--------+--------+--------+--------+------+------+------+------+-------+------+------+
|Module Name        | DSP Mapping        | A Size | B Size | C Size | D Size | P Size | AREG | BREG | CREG | DREG | ADREG | MREG | PREG | 
+-------------------+--------------------+--------+--------+--------+--------+--------+------+------+------+------+-------+------+------+
|dsp                | ((A'*B')')'        | 30     | 18     | -      | -      | 16     | 1    | 1    | -    | -    | -     | 1    | 1    | 
|dsp                | ((A'*B')')'        | 30     | 18     | -      | -      | 16     | 1    | 1    | -    | -    | -     | 1    | 1    | 
|dsp                | ((A'*B')')'        | 30     | 18     | -      | -      | 16     | 1    | 1    | -    | -    | -     | 1    | 1    | 
|dsp                | ((A'*B')')'        | 30     | 18     | -      | -      | 16     | 1    | 1    | -    | -    | -     | 1    | 1    | 
|dsp                | ((A'*B')')'        | 30     | 18     | -      | -      | 16     | 1    | 1    | -    | -    | -     | 1    | 1    | 
|dsp                | ((A'*B')')'        | 30     | 18     | -      | -      | 16     | 1    | 1    | -    | -    | -     | 1    | 1    | 
|dsp                | ((A'*B')')'        | 30     | 18     | -      | -      | 16     | 1    | 1    | -    | -    | -     | 1    | 1    | 
|dsp                | ((A'*B')')'        | 30     | 18     | -      | -      | 16     | 1    | 1    | -    | -    | -     | 1    | 1    | 
|dsp                | ((A'*B')')'        | 30     | 18     | -      | -      | 16     | 1    | 1    | -    | -    | -     | 1    | 1    | 
|dsp                | ((A'*B')')'        | 30     | 18     | -      | -      | 16     | 1    | 1    | -    | -    | -     | 1    | 1    | 
|dsp                | ((A'*B')')'        | 30     | 18     | -      | -      | 16     | 1    | 1    | -    | -    | -     | 1    | 1    | 
|dsp                | ((A'*B')')'        | 30     | 18     | -      | -      | 16     | 1    | 1    | -    | -    | -     | 1    | 1    | 
|dsp                | ((A'*B')')'        | 30     | 18     | -      | -      | 16     | 1    | 1    | -    | -    | -     | 1    | 1    | 
|dsp                | ((A'*B')')'        | 30     | 18     | -      | -      | 16     | 1    | 1    | -    | -    | -     | 1    | 1    | 
|dsp                | ((A'*B')')'        | 30     | 18     | -      | -      | 16     | 1    | 1    | -    | -    | -     | 1    | 1    | 
|dsp                | ((A'*B')')'        | 30     | 18     | -      | -      | 16     | 1    | 1    | -    | -    | -     | 1    | 1    | 
|PMAU_Full          | A'*B''             | 17     | 16     | -      | -      | 48     | 1    | 2    | -    | -    | -     | 0    | 0    | 
|PMAU_Full          | (PCIN>>17+A''*B')' | 16     | 18     | -      | -      | 48     | 2    | 1    | -    | -    | -     | 0    | 1    | 
|dsp                | ((A'*B')')'        | 30     | 18     | -      | -      | 16     | 1    | 1    | -    | -    | -     | 1    | 1    | 
|dsp                | ((A'*B')')'        | 30     | 18     | -      | -      | 16     | 1    | 1    | -    | -    | -     | 1    | 1    | 
|dsp                | ((A'*B')')'        | 30     | 18     | -      | -      | 16     | 1    | 1    | -    | -    | -     | 1    | 1    | 
|dsp                | ((A'*B')')'        | 30     | 18     | -      | -      | 16     | 1    | 1    | -    | -    | -     | 1    | 1    | 
|dsp                | ((A'*B')')'        | 30     | 18     | -      | -      | 16     | 1    | 1    | -    | -    | -     | 1    | 1    | 
|dsp                | ((A'*B')')'        | 30     | 18     | -      | -      | 16     | 1    | 1    | -    | -    | -     | 1    | 1    | 
|dsp                | ((A'*B')')'        | 30     | 18     | -      | -      | 16     | 1    | 1    | -    | -    | -     | 1    | 1    | 
|dsp                | ((A'*B')')'        | 30     | 18     | -      | -      | 16     | 1    | 1    | -    | -    | -     | 1    | 1    | 
|dsp                | ((A'*B')')'        | 30     | 18     | -      | -      | 16     | 1    | 1    | -    | -    | -     | 1    | 1    | 
|dsp                | ((A'*B')')'        | 30     | 18     | -      | -      | 16     | 1    | 1    | -    | -    | -     | 1    | 1    | 
|dsp                | ((A'*B')')'        | 30     | 18     | -      | -      | 16     | 1    | 1    | -    | -    | -     | 1    | 1    | 
|dsp                | ((A'*B')')'        | 30     | 18     | -      | -      | 16     | 1    | 1    | -    | -    | -     | 1    | 1    | 
|dsp                | ((A'*B')')'        | 30     | 18     | -      | -      | 16     | 1    | 1    | -    | -    | -     | 1    | 1    | 
|dsp                | ((A'*B')')'        | 30     | 18     | -      | -      | 16     | 1    | 1    | -    | -    | -     | 1    | 1    | 
|dsp                | ((A'*B')')'        | 30     | 18     | -      | -      | 16     | 1    | 1    | -    | -    | -     | 1    | 1    | 
|dsp                | ((A'*B')')'        | 30     | 18     | -      | -      | 16     | 1    | 1    | -    | -    | -     | 1    | 1    | 
|PMAU_Full          | A'*B''             | 17     | 16     | -      | -      | 48     | 1    | 2    | -    | -    | -     | 0    | 0    | 
|PMAU_Full          | (PCIN>>17+A''*B')' | 16     | 18     | -      | -      | 48     | 2    | 1    | -    | -    | -     | 0    | 1    | 
|dsp                | ((A'*B')')'        | 30     | 18     | -      | -      | 16     | 1    | 1    | -    | -    | -     | 1    | 1    | 
|dsp                | ((A'*B')')'        | 30     | 18     | -      | -      | 16     | 1    | 1    | -    | -    | -     | 1    | 1    | 
|dsp                | ((A'*B')')'        | 30     | 18     | -      | -      | 16     | 1    | 1    | -    | -    | -     | 1    | 1    | 
|dsp                | ((A'*B')')'        | 30     | 18     | -      | -      | 16     | 1    | 1    | -    | -    | -     | 1    | 1    | 
|dsp                | ((A'*B')')'        | 30     | 18     | -      | -      | 16     | 1    | 1    | -    | -    | -     | 1    | 1    | 
|dsp                | ((A'*B')')'        | 30     | 18     | -      | -      | 16     | 1    | 1    | -    | -    | -     | 1    | 1    | 
|dsp                | ((A'*B')')'        | 30     | 18     | -      | -      | 16     | 1    | 1    | -    | -    | -     | 1    | 1    | 
|dsp                | ((A'*B')')'        | 30     | 18     | -      | -      | 16     | 1    | 1    | -    | -    | -     | 1    | 1    | 
|dsp                | ((A'*B')')'        | 30     | 18     | -      | -      | 16     | 1    | 1    | -    | -    | -     | 1    | 1    | 
|dsp                | ((A'*B')')'        | 30     | 18     | -      | -      | 16     | 1    | 1    | -    | -    | -     | 1    | 1    | 
|dsp                | ((A'*B')')'        | 30     | 18     | -      | -      | 16     | 1    | 1    | -    | -    | -     | 1    | 1    | 
|dsp                | ((A'*B')')'        | 30     | 18     | -      | -      | 16     | 1    | 1    | -    | -    | -     | 1    | 1    | 
|dsp                | ((A'*B')')'        | 30     | 18     | -      | -      | 16     | 1    | 1    | -    | -    | -     | 1    | 1    | 
|dsp                | ((A'*B')')'        | 30     | 18     | -      | -      | 16     | 1    | 1    | -    | -    | -     | 1    | 1    | 
|dsp                | ((A'*B')')'        | 30     | 18     | -      | -      | 16     | 1    | 1    | -    | -    | -     | 1    | 1    | 
|dsp                | ((A'*B')')'        | 30     | 18     | -      | -      | 16     | 1    | 1    | -    | -    | -     | 1    | 1    | 
|PMAU_Full          | A'*B''             | 17     | 16     | -      | -      | 48     | 1    | 2    | -    | -    | -     | 0    | 0    | 
|PMAU_Full          | (PCIN>>17+A''*B')' | 16     | 18     | -      | -      | 48     | 2    | 1    | -    | -    | -     | 0    | 1    | 
|dsp                | ((A'*B')')'        | 30     | 18     | -      | -      | 16     | 1    | 1    | -    | -    | -     | 1    | 1    | 
|dsp                | ((A'*B')')'        | 30     | 18     | -      | -      | 16     | 1    | 1    | -    | -    | -     | 1    | 1    | 
|dsp                | ((A'*B')')'        | 30     | 18     | -      | -      | 16     | 1    | 1    | -    | -    | -     | 1    | 1    | 
|dsp                | ((A'*B')')'        | 30     | 18     | -      | -      | 16     | 1    | 1    | -    | -    | -     | 1    | 1    | 
|dsp                | ((A'*B')')'        | 30     | 18     | -      | -      | 16     | 1    | 1    | -    | -    | -     | 1    | 1    | 
|dsp                | ((A'*B')')'        | 30     | 18     | -      | -      | 16     | 1    | 1    | -    | -    | -     | 1    | 1    | 
|dsp                | ((A'*B')')'        | 30     | 18     | -      | -      | 16     | 1    | 1    | -    | -    | -     | 1    | 1    | 
|dsp                | ((A'*B')')'        | 30     | 18     | -      | -      | 16     | 1    | 1    | -    | -    | -     | 1    | 1    | 
|dsp                | ((A'*B')')'        | 30     | 18     | -      | -      | 16     | 1    | 1    | -    | -    | -     | 1    | 1    | 
|dsp                | ((A'*B')')'        | 30     | 18     | -      | -      | 16     | 1    | 1    | -    | -    | -     | 1    | 1    | 
|dsp                | ((A'*B')')'        | 30     | 18     | -      | -      | 16     | 1    | 1    | -    | -    | -     | 1    | 1    | 
|dsp                | ((A'*B')')'        | 30     | 18     | -      | -      | 16     | 1    | 1    | -    | -    | -     | 1    | 1    | 
|dsp                | ((A'*B')')'        | 30     | 18     | -      | -      | 16     | 1    | 1    | -    | -    | -     | 1    | 1    | 
|dsp                | ((A'*B')')'        | 30     | 18     | -      | -      | 16     | 1    | 1    | -    | -    | -     | 1    | 1    | 
|dsp                | ((A'*B')')'        | 30     | 18     | -      | -      | 16     | 1    | 1    | -    | -    | -     | 1    | 1    | 
|dsp                | ((A'*B')')'        | 30     | 18     | -      | -      | 16     | 1    | 1    | -    | -    | -     | 1    | 1    | 
|PMAU_Full          | A'*B''             | 17     | 16     | -      | -      | 48     | 1    | 2    | -    | -    | -     | 0    | 0    | 
|PMAU_Full          | (PCIN>>17+A''*B')' | 16     | 18     | -      | -      | 48     | 2    | 1    | -    | -    | -     | 0    | 1    | 
|dsp                | ((A'*B')')'        | 30     | 18     | -      | -      | 16     | 1    | 1    | -    | -    | -     | 1    | 1    | 
|dsp                | ((A'*B')')'        | 30     | 18     | -      | -      | 16     | 1    | 1    | -    | -    | -     | 1    | 1    | 
|dsp                | ((A'*B')')'        | 30     | 18     | -      | -      | 16     | 1    | 1    | -    | -    | -     | 1    | 1    | 
|dsp                | ((A'*B')')'        | 30     | 18     | -      | -      | 16     | 1    | 1    | -    | -    | -     | 1    | 1    | 
|dsp                | ((A'*B')')'        | 30     | 18     | -      | -      | 16     | 1    | 1    | -    | -    | -     | 1    | 1    | 
|dsp                | ((A'*B')')'        | 30     | 18     | -      | -      | 16     | 1    | 1    | -    | -    | -     | 1    | 1    | 
|dsp                | ((A'*B')')'        | 30     | 18     | -      | -      | 16     | 1    | 1    | -    | -    | -     | 1    | 1    | 
|dsp                | ((A'*B')')'        | 30     | 18     | -      | -      | 16     | 1    | 1    | -    | -    | -     | 1    | 1    | 
|dsp                | ((A'*B')')'        | 30     | 18     | -      | -      | 16     | 1    | 1    | -    | -    | -     | 1    | 1    | 
|dsp                | ((A'*B')')'        | 30     | 18     | -      | -      | 16     | 1    | 1    | -    | -    | -     | 1    | 1    | 
|dsp                | ((A'*B')')'        | 30     | 18     | -      | -      | 16     | 1    | 1    | -    | -    | -     | 1    | 1    | 
|dsp                | ((A'*B')')'        | 30     | 18     | -      | -      | 16     | 1    | 1    | -    | -    | -     | 1    | 1    | 
|dsp                | ((A'*B')')'        | 30     | 18     | -      | -      | 16     | 1    | 1    | -    | -    | -     | 1    | 1    | 
|dsp                | ((A'*B')')'        | 30     | 18     | -      | -      | 16     | 1    | 1    | -    | -    | -     | 1    | 1    | 
|dsp                | ((A'*B')')'        | 30     | 18     | -      | -      | 16     | 1    | 1    | -    | -    | -     | 1    | 1    | 
|dsp                | ((A'*B')')'        | 30     | 18     | -      | -      | 16     | 1    | 1    | -    | -    | -     | 1    | 1    | 
|PMAU_Full          | A'*B''             | 17     | 16     | -      | -      | 48     | 1    | 2    | -    | -    | -     | 0    | 0    | 
|PMAU_Full          | (PCIN>>17+A''*B')' | 16     | 18     | -      | -      | 48     | 2    | 1    | -    | -    | -     | 0    | 1    | 
|dsp                | ((A'*B')')'        | 30     | 18     | -      | -      | 16     | 1    | 1    | -    | -    | -     | 1    | 1    | 
|dsp                | ((A'*B')')'        | 30     | 18     | -      | -      | 16     | 1    | 1    | -    | -    | -     | 1    | 1    | 
|dsp                | ((A'*B')')'        | 30     | 18     | -      | -      | 16     | 1    | 1    | -    | -    | -     | 1    | 1    | 
|dsp                | ((A'*B')')'        | 30     | 18     | -      | -      | 16     | 1    | 1    | -    | -    | -     | 1    | 1    | 
|dsp                | ((A'*B')')'        | 30     | 18     | -      | -      | 16     | 1    | 1    | -    | -    | -     | 1    | 1    | 
|dsp                | ((A'*B')')'        | 30     | 18     | -      | -      | 16     | 1    | 1    | -    | -    | -     | 1    | 1    | 
|dsp                | ((A'*B')')'        | 30     | 18     | -      | -      | 16     | 1    | 1    | -    | -    | -     | 1    | 1    | 
|dsp                | ((A'*B')')'        | 30     | 18     | -      | -      | 16     | 1    | 1    | -    | -    | -     | 1    | 1    | 
|dsp                | ((A'*B')')'        | 30     | 18     | -      | -      | 16     | 1    | 1    | -    | -    | -     | 1    | 1    | 
|dsp                | ((A'*B')')'        | 30     | 18     | -      | -      | 16     | 1    | 1    | -    | -    | -     | 1    | 1    | 
|dsp                | ((A'*B')')'        | 30     | 18     | -      | -      | 16     | 1    | 1    | -    | -    | -     | 1    | 1    | 
|dsp                | ((A'*B')')'        | 30     | 18     | -      | -      | 16     | 1    | 1    | -    | -    | -     | 1    | 1    | 
|dsp                | ((A'*B')')'        | 30     | 18     | -      | -      | 16     | 1    | 1    | -    | -    | -     | 1    | 1    | 
|dsp                | ((A'*B')')'        | 30     | 18     | -      | -      | 16     | 1    | 1    | -    | -    | -     | 1    | 1    | 
|dsp                | ((A'*B')')'        | 30     | 18     | -      | -      | 16     | 1    | 1    | -    | -    | -     | 1    | 1    | 
|dsp                | ((A'*B')')'        | 30     | 18     | -      | -      | 16     | 1    | 1    | -    | -    | -     | 1    | 1    | 
|PMAU_Full          | A'*B''             | 17     | 16     | -      | -      | 48     | 1    | 2    | -    | -    | -     | 0    | 0    | 
|PMAU_Full          | (PCIN>>17+A''*B')' | 16     | 18     | -      | -      | 48     | 2    | 1    | -    | -    | -     | 0    | 1    | 
|dsp                | ((A'*B')')'        | 30     | 18     | -      | -      | 16     | 1    | 1    | -    | -    | -     | 1    | 1    | 
|dsp                | ((A'*B')')'        | 30     | 18     | -      | -      | 16     | 1    | 1    | -    | -    | -     | 1    | 1    | 
|dsp                | ((A'*B')')'        | 30     | 18     | -      | -      | 16     | 1    | 1    | -    | -    | -     | 1    | 1    | 
|dsp                | ((A'*B')')'        | 30     | 18     | -      | -      | 16     | 1    | 1    | -    | -    | -     | 1    | 1    | 
|dsp                | ((A'*B')')'        | 30     | 18     | -      | -      | 16     | 1    | 1    | -    | -    | -     | 1    | 1    | 
|dsp                | ((A'*B')')'        | 30     | 18     | -      | -      | 16     | 1    | 1    | -    | -    | -     | 1    | 1    | 
|dsp                | ((A'*B')')'        | 30     | 18     | -      | -      | 16     | 1    | 1    | -    | -    | -     | 1    | 1    | 
|dsp                | ((A'*B')')'        | 30     | 18     | -      | -      | 16     | 1    | 1    | -    | -    | -     | 1    | 1    | 
|dsp                | ((A'*B')')'        | 30     | 18     | -      | -      | 16     | 1    | 1    | -    | -    | -     | 1    | 1    | 
|dsp                | ((A'*B')')'        | 30     | 18     | -      | -      | 16     | 1    | 1    | -    | -    | -     | 1    | 1    | 
|dsp                | ((A'*B')')'        | 30     | 18     | -      | -      | 16     | 1    | 1    | -    | -    | -     | 1    | 1    | 
|dsp                | ((A'*B')')'        | 30     | 18     | -      | -      | 16     | 1    | 1    | -    | -    | -     | 1    | 1    | 
|dsp                | ((A'*B')')'        | 30     | 18     | -      | -      | 16     | 1    | 1    | -    | -    | -     | 1    | 1    | 
|dsp                | ((A'*B')')'        | 30     | 18     | -      | -      | 16     | 1    | 1    | -    | -    | -     | 1    | 1    | 
|dsp                | ((A'*B')')'        | 30     | 18     | -      | -      | 16     | 1    | 1    | -    | -    | -     | 1    | 1    | 
|dsp                | ((A'*B')')'        | 30     | 18     | -      | -      | 16     | 1    | 1    | -    | -    | -     | 1    | 1    | 
|PMAU_Full          | A'*B''             | 17     | 16     | -      | -      | 48     | 1    | 2    | -    | -    | -     | 0    | 0    | 
|PMAU_Full          | (PCIN>>17+A''*B')' | 16     | 18     | -      | -      | 48     | 2    | 1    | -    | -    | -     | 0    | 1    | 
|dsp                | ((A'*B')')'        | 30     | 18     | -      | -      | 16     | 1    | 1    | -    | -    | -     | 1    | 1    | 
|dsp                | ((A'*B')')'        | 30     | 18     | -      | -      | 16     | 1    | 1    | -    | -    | -     | 1    | 1    | 
|dsp                | ((A'*B')')'        | 30     | 18     | -      | -      | 16     | 1    | 1    | -    | -    | -     | 1    | 1    | 
|dsp                | ((A'*B')')'        | 30     | 18     | -      | -      | 16     | 1    | 1    | -    | -    | -     | 1    | 1    | 
|dsp                | ((A'*B')')'        | 30     | 18     | -      | -      | 16     | 1    | 1    | -    | -    | -     | 1    | 1    | 
|dsp                | ((A'*B')')'        | 30     | 18     | -      | -      | 16     | 1    | 1    | -    | -    | -     | 1    | 1    | 
|dsp                | ((A'*B')')'        | 30     | 18     | -      | -      | 16     | 1    | 1    | -    | -    | -     | 1    | 1    | 
|dsp                | ((A'*B')')'        | 30     | 18     | -      | -      | 16     | 1    | 1    | -    | -    | -     | 1    | 1    | 
|dsp                | ((A'*B')')'        | 30     | 18     | -      | -      | 16     | 1    | 1    | -    | -    | -     | 1    | 1    | 
|dsp                | ((A'*B')')'        | 30     | 18     | -      | -      | 16     | 1    | 1    | -    | -    | -     | 1    | 1    | 
|dsp                | ((A'*B')')'        | 30     | 18     | -      | -      | 16     | 1    | 1    | -    | -    | -     | 1    | 1    | 
|dsp                | ((A'*B')')'        | 30     | 18     | -      | -      | 16     | 1    | 1    | -    | -    | -     | 1    | 1    | 
|dsp                | ((A'*B')')'        | 30     | 18     | -      | -      | 16     | 1    | 1    | -    | -    | -     | 1    | 1    | 
|dsp                | ((A'*B')')'        | 30     | 18     | -      | -      | 16     | 1    | 1    | -    | -    | -     | 1    | 1    | 
|dsp                | ((A'*B')')'        | 30     | 18     | -      | -      | 16     | 1    | 1    | -    | -    | -     | 1    | 1    | 
|dsp                | ((A'*B')')'        | 30     | 18     | -      | -      | 16     | 1    | 1    | -    | -    | -     | 1    | 1    | 
|PMAU_Full          | A'*B''             | 17     | 16     | -      | -      | 48     | 1    | 2    | -    | -    | -     | 0    | 0    | 
|PMAU_Full          | (PCIN>>17+A''*B')' | 16     | 18     | -      | -      | 48     | 2    | 1    | -    | -    | -     | 0    | 1    | 
|SPU_Q8_Scale_Accum | (A*B)'             | 11     | 11     | -      | -      | 22     | 0    | 0    | -    | -    | -     | 0    | 1    | 
|SPU_Q8_Scale_Accum | A*B''              | 17     | 18     | -      | -      | 48     | 0    | 2    | -    | -    | -     | 0    | 0    | 
|SPU_Q8_Scale_Accum | (PCIN>>17+A''*B)'  | 30     | 13     | -      | -      | 48     | 2    | 0    | -    | -    | -     | 0    | 1    | 
|SPU_Q8_Scale_Accum | A''*B              | 17     | 17     | -      | -      | 0      | 2    | 0    | -    | -    | -     | 0    | 0    | 
|SPU_Q8_Scale_Accum | PCIN+A*B''         | 17     | 18     | -      | -      | 48     | 0    | 2    | -    | -    | -     | 0    | 0    | 
|SPU_Q8_Scale_Accum | (PCIN>>17+A''*B)'  | 17     | 13     | -      | -      | 48     | 2    | 0    | -    | -    | -     | 0    | 1    | 
|SPU_Q8_Scale_Accum | A''*B              | 17     | 17     | -      | -      | 48     | 2    | 0    | -    | -    | -     | 0    | 0    | 
|SPU_Q8_Scale_Accum | PCIN>>17+A''*B     | 17     | 17     | -      | -      | 0      | 2    | 0    | -    | -    | -     | 0    | 0    | 
|SPU_Q8_Scale_Accum | (PCIN+A*B'')'      | 17     | 18     | -      | -      | 48     | 0    | 2    | -    | -    | -     | 0    | 1    | 
|SPU_RMSNorm        | (A*B)'             | 30     | 18     | -      | -      | 34     | 0    | 0    | -    | -    | -     | 0    | 1    | 
|SPU_RMSNorm        | (A*B)'             | 30     | 18     | -      | -      | 34     | 0    | 0    | -    | -    | -     | 0    | 1    | 
|SPU_RMSNorm        | A''*B              | 17     | 18     | -      | -      | 48     | 2    | 0    | -    | -    | -     | 0    | 0    | 
|SPU_RMSNorm        | (PCIN>>17+A*B'')'  | 30     | 14     | -      | -      | 48     | 0    | 2    | -    | -    | -     | 0    | 1    | 
|SPU_RMSNorm        | A*B''              | 17     | 17     | -      | -      | 48     | 0    | 2    | -    | -    | -     | 0    | 0    | 
|SPU_RMSNorm        | (PCIN>>17+A*B'')'  | 0      | 14     | -      | -      | 48     | 0    | 2    | -    | -    | -     | 0    | 1    | 
|SPU_RoPE           | (A*B)'             | 30     | 18     | -      | -      | 32     | 0    | 0    | -    | -    | -     | 0    | 1    | 
|SPU_RoPE           | not(PCIN+(A*B)')   | 30     | 18     | -      | -      | 48     | 0    | 0    | -    | -    | -     | 1    | 0    | 
|SPU_RoPE           | (A'*B')'           | 30     | 18     | -      | -      | 0      | 1    | 1    | -    | -    | -     | 0    | 1    | 
|SPU_RoPE           | PCIN+(A'*B')'      | 30     | 18     | -      | -      | 48     | 1    | 1    | -    | -    | -     | 1    | 0    | 
|SPU_SiLU_Mul       | A'*B'              | 30     | 18     | -      | -      | 40     | 1    | 1    | -    | -    | -     | 0    | 0    | 
|SPU_SiLU_Mul       | A'*B'              | 30     | 18     | -      | -      | 48     | 1    | 1    | -    | -    | -     | 0    | 0    | 
|SPU_SiLU_Mul       | A'*B'              | 17     | 18     | -      | -      | 48     | 1    | 1    | -    | -    | -     | 0    | 0    | 
|SPU_SiLU_Mul       | PCIN>>17+A'*B'     | 17     | 18     | -      | -      | 48     | 1    | 1    | -    | -    | -     | 0    | 0    | 
|SPU_Q8_Scale_Accum | (A*B)'             | 11     | 11     | -      | -      | 22     | 0    | 0    | -    | -    | -     | 0    | 1    | 
|SPU_Q8_Scale_Accum | A*B'               | 17     | 18     | -      | -      | 48     | 0    | 1    | -    | -    | -     | 0    | 0    | 
|SPU_Q8_Scale_Accum | (PCIN>>17+A'*B)'   | 30     | 13     | -      | -      | 48     | 1    | 0    | -    | -    | -     | 0    | 1    | 
|SPU_Q8_Scale_Accum | A'*B               | 17     | 17     | -      | -      | 0      | 1    | 0    | -    | -    | -     | 0    | 0    | 
|SPU_Q8_Scale_Accum | PCIN+A*B'          | 17     | 18     | -      | -      | 48     | 0    | 1    | -    | -    | -     | 0    | 0    | 
|SPU_Q8_Scale_Accum | (PCIN>>17+A'*B)'   | 17     | 13     | -      | -      | 48     | 1    | 0    | -    | -    | -     | 0    | 1    | 
|SPU_Q8_Scale_Accum | A'*B               | 17     | 17     | -      | -      | 48     | 1    | 0    | -    | -    | -     | 0    | 0    | 
|SPU_Q8_Scale_Accum | PCIN>>17+A'*B      | 17     | 17     | -      | -      | 0      | 1    | 0    | -    | -    | -     | 0    | 0    | 
|SPU_Q8_Scale_Accum | (PCIN+A*B')'       | 17     | 18     | -      | -      | 48     | 0    | 1    | -    | -    | -     | 0    | 1    | 
|SPU_Q8_Scale_Accum | (A*B)'             | 11     | 11     | -      | -      | 22     | 0    | 0    | -    | -    | -     | 0    | 1    | 
|SPU_Q8_Scale_Accum | A*B'               | 17     | 18     | -      | -      | 48     | 0    | 1    | -    | -    | -     | 0    | 0    | 
|SPU_Q8_Scale_Accum | (PCIN>>17+A'*B)'   | 30     | 13     | -      | -      | 48     | 1    | 0    | -    | -    | -     | 0    | 1    | 
|SPU_Q8_Scale_Accum | A'*B               | 17     | 17     | -      | -      | 0      | 1    | 0    | -    | -    | -     | 0    | 0    | 
|SPU_Q8_Scale_Accum | PCIN+A*B'          | 17     | 18     | -      | -      | 48     | 0    | 1    | -    | -    | -     | 0    | 0    | 
|SPU_Q8_Scale_Accum | (PCIN>>17+A'*B)'   | 17     | 13     | -      | -      | 48     | 1    | 0    | -    | -    | -     | 0    | 1    | 
|SPU_Q8_Scale_Accum | A'*B               | 17     | 17     | -      | -      | 48     | 1    | 0    | -    | -    | -     | 0    | 0    | 
|SPU_Q8_Scale_Accum | PCIN>>17+A'*B      | 17     | 17     | -      | -      | 0      | 1    | 0    | -    | -    | -     | 0    | 0    | 
|SPU_Q8_Scale_Accum | (PCIN+A*B')'       | 17     | 18     | -      | -      | 48     | 0    | 1    | -    | -    | -     | 0    | 1    | 
|SPU_Q8_Scale_Accum | (A*B)'             | 11     | 11     | -      | -      | 22     | 0    | 0    | -    | -    | -     | 0    | 1    | 
|SPU_Q8_Scale_Accum | A*B'               | 17     | 18     | -      | -      | 48     | 0    | 1    | -    | -    | -     | 0    | 0    | 
|SPU_Q8_Scale_Accum | (PCIN>>17+A'*B)'   | 30     | 13     | -      | -      | 48     | 1    | 0    | -    | -    | -     | 0    | 1    | 
|SPU_Q8_Scale_Accum | A'*B               | 17     | 17     | -      | -      | 0      | 1    | 0    | -    | -    | -     | 0    | 0    | 
|SPU_Q8_Scale_Accum | PCIN+A*B'          | 17     | 18     | -      | -      | 48     | 0    | 1    | -    | -    | -     | 0    | 0    | 
|SPU_Q8_Scale_Accum | (PCIN>>17+A'*B)'   | 17     | 13     | -      | -      | 48     | 1    | 0    | -    | -    | -     | 0    | 1    | 
|SPU_Q8_Scale_Accum | A'*B               | 17     | 17     | -      | -      | 48     | 1    | 0    | -    | -    | -     | 0    | 0    | 
|SPU_Q8_Scale_Accum | PCIN>>17+A'*B      | 17     | 17     | -      | -      | 0      | 1    | 0    | -    | -    | -     | 0    | 0    | 
|SPU_Q8_Scale_Accum | (PCIN+A*B')'       | 17     | 18     | -      | -      | 48     | 0    | 1    | -    | -    | -     | 0    | 1    | 
|SPU_Q8_Scale_Accum | (A*B)'             | 11     | 11     | -      | -      | 22     | 0    | 0    | -    | -    | -     | 0    | 1    | 
|SPU_Q8_Scale_Accum | A*B'               | 17     | 18     | -      | -      | 48     | 0    | 1    | -    | -    | -     | 0    | 0    | 
|SPU_Q8_Scale_Accum | (PCIN>>17+A'*B)'   | 30     | 13     | -      | -      | 48     | 1    | 0    | -    | -    | -     | 0    | 1    | 
|SPU_Q8_Scale_Accum | A'*B               | 17     | 17     | -      | -      | 0      | 1    | 0    | -    | -    | -     | 0    | 0    | 
|SPU_Q8_Scale_Accum | PCIN+A*B'          | 17     | 18     | -      | -      | 48     | 0    | 1    | -    | -    | -     | 0    | 0    | 
|SPU_Q8_Scale_Accum | (PCIN>>17+A'*B)'   | 17     | 13     | -      | -      | 48     | 1    | 0    | -    | -    | -     | 0    | 1    | 
|SPU_Q8_Scale_Accum | A'*B               | 17     | 17     | -      | -      | 48     | 1    | 0    | -    | -    | -     | 0    | 0    | 
|SPU_Q8_Scale_Accum | PCIN>>17+A'*B      | 17     | 17     | -      | -      | 0      | 1    | 0    | -    | -    | -     | 0    | 0    | 
|SPU_Q8_Scale_Accum | (PCIN+A*B')'       | 17     | 18     | -      | -      | 48     | 0    | 1    | -    | -    | -     | 0    | 1    | 
|SPU_Q8_Scale_Accum | (A*B)'             | 11     | 11     | -      | -      | 22     | 0    | 0    | -    | -    | -     | 0    | 1    | 
|SPU_Q8_Scale_Accum | A*B'               | 17     | 18     | -      | -      | 48     | 0    | 1    | -    | -    | -     | 0    | 0    | 
|SPU_Q8_Scale_Accum | (PCIN>>17+A'*B)'   | 30     | 13     | -      | -      | 48     | 1    | 0    | -    | -    | -     | 0    | 1    | 
|SPU_Q8_Scale_Accum | A'*B               | 17     | 17     | -      | -      | 0      | 1    | 0    | -    | -    | -     | 0    | 0    | 
|SPU_Q8_Scale_Accum | PCIN+A*B'          | 17     | 18     | -      | -      | 48     | 0    | 1    | -    | -    | -     | 0    | 0    | 
|SPU_Q8_Scale_Accum | (PCIN>>17+A'*B)'   | 17     | 13     | -      | -      | 48     | 1    | 0    | -    | -    | -     | 0    | 1    | 
|SPU_Q8_Scale_Accum | A'*B               | 17     | 17     | -      | -      | 48     | 1    | 0    | -    | -    | -     | 0    | 0    | 
|SPU_Q8_Scale_Accum | PCIN>>17+A'*B      | 17     | 17     | -      | -      | 0      | 1    | 0    | -    | -    | -     | 0    | 0    | 
|SPU_Q8_Scale_Accum | (PCIN+A*B')'       | 17     | 18     | -      | -      | 48     | 0    | 1    | -    | -    | -     | 0    | 1    | 
|SPU_Q8_Scale_Accum | (A*B)'             | 11     | 11     | -      | -      | 22     | 0    | 0    | -    | -    | -     | 0    | 1    | 
|SPU_Q8_Scale_Accum | A*B'               | 17     | 18     | -      | -      | 48     | 0    | 1    | -    | -    | -     | 0    | 0    | 
|SPU_Q8_Scale_Accum | (PCIN>>17+A'*B)'   | 30     | 13     | -      | -      | 48     | 1    | 0    | -    | -    | -     | 0    | 1    | 
|SPU_Q8_Scale_Accum | A'*B               | 17     | 17     | -      | -      | 0      | 1    | 0    | -    | -    | -     | 0    | 0    | 
|SPU_Q8_Scale_Accum | PCIN+A*B'          | 17     | 18     | -      | -      | 48     | 0    | 1    | -    | -    | -     | 0    | 0    | 
|SPU_Q8_Scale_Accum | (PCIN>>17+A'*B)'   | 17     | 13     | -      | -      | 48     | 1    | 0    | -    | -    | -     | 0    | 1    | 
|SPU_Q8_Scale_Accum | A'*B               | 17     | 17     | -      | -      | 48     | 1    | 0    | -    | -    | -     | 0    | 0    | 
|SPU_Q8_Scale_Accum | PCIN>>17+A'*B      | 17     | 17     | -      | -      | 0      | 1    | 0    | -    | -    | -     | 0    | 0    | 
|SPU_Q8_Scale_Accum | (PCIN+A*B')'       | 17     | 18     | -      | -      | 48     | 0    | 1    | -    | -    | -     | 0    | 1    | 
|SPU_Q8_Scale_Accum | (A*B)'             | 11     | 11     | -      | -      | 22     | 0    | 0    | -    | -    | -     | 0    | 1    | 
|SPU_Q8_Scale_Accum | A*B'               | 17     | 18     | -      | -      | 48     | 0    | 1    | -    | -    | -     | 0    | 0    | 
|SPU_Q8_Scale_Accum | (PCIN>>17+A'*B)'   | 30     | 13     | -      | -      | 48     | 1    | 0    | -    | -    | -     | 0    | 1    | 
|SPU_Q8_Scale_Accum | A'*B               | 17     | 17     | -      | -      | 0      | 1    | 0    | -    | -    | -     | 0    | 0    | 
|SPU_Q8_Scale_Accum | PCIN+A*B'          | 17     | 18     | -      | -      | 48     | 0    | 1    | -    | -    | -     | 0    | 0    | 
|SPU_Q8_Scale_Accum | (PCIN>>17+A'*B)'   | 17     | 13     | -      | -      | 48     | 1    | 0    | -    | -    | -     | 0    | 1    | 
|SPU_Q8_Scale_Accum | A'*B               | 17     | 17     | -      | -      | 48     | 1    | 0    | -    | -    | -     | 0    | 0    | 
|SPU_Q8_Scale_Accum | PCIN>>17+A'*B      | 17     | 17     | -      | -      | 0      | 1    | 0    | -    | -    | -     | 0    | 0    | 
|SPU_Q8_Scale_Accum | (PCIN+A*B')'       | 17     | 18     | -      | -      | 48     | 0    | 1    | -    | -    | -     | 0    | 1    | 
|SPU_Q8_Scale_Accum | (A*B)'             | 11     | 11     | -      | -      | 22     | 0    | 0    | -    | -    | -     | 0    | 1    | 
|SPU_Q8_Scale_Accum | A*B'               | 17     | 18     | -      | -      | 48     | 0    | 1    | -    | -    | -     | 0    | 0    | 
|SPU_Q8_Scale_Accum | (PCIN>>17+A'*B)'   | 30     | 13     | -      | -      | 48     | 1    | 0    | -    | -    | -     | 0    | 1    | 
|SPU_Q8_Scale_Accum | A'*B               | 17     | 17     | -      | -      | 0      | 1    | 0    | -    | -    | -     | 0    | 0    | 
|SPU_Q8_Scale_Accum | PCIN+A*B'          | 17     | 18     | -      | -      | 48     | 0    | 1    | -    | -    | -     | 0    | 0    | 
|SPU_Q8_Scale_Accum | (PCIN>>17+A'*B)'   | 17     | 13     | -      | -      | 48     | 1    | 0    | -    | -    | -     | 0    | 1    | 
|SPU_Q8_Scale_Accum | A'*B               | 17     | 17     | -      | -      | 48     | 1    | 0    | -    | -    | -     | 0    | 0    | 
|SPU_Q8_Scale_Accum | PCIN>>17+A'*B      | 17     | 17     | -      | -      | 0      | 1    | 0    | -    | -    | -     | 0    | 0    | 
|SPU_Q8_Scale_Accum | (PCIN+A*B')'       | 17     | 18     | -      | -      | 48     | 0    | 1    | -    | -    | -     | 0    | 1    | 
|SPU_Q8_Scale_Accum | (A*B)'             | 11     | 11     | -      | -      | 22     | 0    | 0    | -    | -    | -     | 0    | 1    | 
+-------------------+--------------------+--------+--------+--------+--------+--------+------+------+------+------+-------+------+------+


Report BlackBoxes: 
+-+--------------+----------+
| |BlackBox name |Instances |
+-+--------------+----------+
+-+--------------+----------+

Report Cell Usage: 
+------+----------------+------+
|      |Cell            |Count |
+------+----------------+------+
|1     |BUFG_PS         |     1|
|2     |CARRY8          |  1129|
|3     |DSP_ALU         |   240|
|5     |DSP_A_B_DATA    |   240|
|14    |DSP_C_DATA      |   240|
|16    |DSP_MULTIPLIER  |   240|
|17    |DSP_M_DATA      |   240|
|19    |DSP_OUTPUT      |   240|
|21    |DSP_PREADD      |   240|
|22    |DSP_PREADD_DATA |   240|
|23    |LUT1            |  1317|
|24    |LUT2            |  9668|
|25    |LUT3            |  6653|
|26    |LUT4            |  6057|
|27    |LUT5            |  3610|
|28    |LUT6            | 16258|
|29    |MUXF7           |  1125|
|30    |MUXF8           |   367|
|31    |PS8             |     1|
|32    |RAM16X1D        |     2|
|33    |RAM32M          |     2|
|34    |RAM32M16        |   110|
|35    |RAM64M8         |   324|
|36    |RAM64X1D        |    36|
|37    |RAMB18E2        |     1|
|38    |RAMB36E2        |   104|
|41    |SRL16           |     2|
|42    |SRL16E          |   570|
|43    |SRLC32E         |   548|
|44    |URAM288         |    64|
|45    |FDCE            |   111|
|46    |FDR             |     8|
|47    |FDRE            | 44879|
|48    |FDSE            |   269|
+------+----------------+------+
---------------------------------------------------------------------------------
Finished Writing Synthesis Report : Time (s): cpu = 00:06:25 ; elapsed = 00:08:02 . Memory (MB): peak = 6138.918 ; gain = 3920.488
---------------------------------------------------------------------------------
Synthesis finished with 0 errors, 0 critical warnings and 10366 warnings.
Synthesis Optimization Runtime : Time (s): cpu = 00:05:22 ; elapsed = 00:07:31 . Memory (MB): peak = 6138.918 ; gain = 2845.207
Synthesis Optimization Complete : Time (s): cpu = 00:06:25 ; elapsed = 00:08:18 . Memory (MB): peak = 6138.918 ; gain = 3920.488
INFO: [Project 1-571] Translating synthesized netlist
Netlist sorting complete. Time (s): cpu = 00:00:01 ; elapsed = 00:00:01 . Memory (MB): peak = 6138.918 ; gain = 0.000
INFO: [Netlist 29-17] Analyzing 3345 Unisim elements for replacement
INFO: [Netlist 29-28] Unisim Transformation completed in 3 CPU seconds
INFO: [Project 1-570] Preparing netlist for logic optimization
INFO: [Opt 31-138] Pushed 0 inverter(s) to 0 load pin(s).
Netlist sorting complete. Time (s): cpu = 00:00:00 ; elapsed = 00:00:00.025 . Memory (MB): peak = 6160.414 ; gain = 0.000
INFO: [Project 1-111] Unisim Transformation Summary:
  A total of 724 instances were transformed.
  DSP48E2 => DSP48E2 (DSP_ALU, DSP_A_B_DATA, DSP_C_DATA, DSP_MULTIPLIER, DSP_M_DATA, DSP_OUTPUT, DSP_PREADD, DSP_PREADD_DATA): 240 instances
  FDR => FDRE: 8 instances
  RAM16X1D => RAM32X1D (RAMD32(x2)): 2 instances
  RAM32M => RAM32M (RAMD32(x6), RAMS32(x2)): 2 instances
  RAM32M16 => RAM32M16 (RAMD32(x14), RAMS32(x2)): 110 instances
  RAM64M8 => RAM64M8 (RAMD64E(x8)): 324 instances
  RAM64X1D => RAM64X1D (RAMD64E(x2)): 36 instances
  SRL16 => SRL16E: 2 instances

Synth Design complete, checksum: 56b0f252
INFO: [Common 17-83] Releasing license: Synthesis
817 Infos, 706 Warnings, 0 Critical Warnings and 0 Errors encountered.
synth_design completed successfully
synth_design: Time (s): cpu = 00:06:54 ; elapsed = 00:09:01 . Memory (MB): peak = 6160.414 ; gain = 5074.582
INFO: [Common 17-1381] The checkpoint 'D:/DOAN/DATN_RTL/DATN_VIVADO/project_2/project_2.runs/synth_1/SoC_wrapper.dcp' has been generated.
write_checkpoint: Time (s): cpu = 00:00:25 ; elapsed = 00:00:37 . Memory (MB): peak = 6160.414 ; gain = 0.000
INFO: [runtcl-4] Executing : report_utilization -file SoC_wrapper_utilization_synth.rpt -pb SoC_wrapper_utilization_synth.pb
INFO: [Common 17-206] Exiting Vivado at Sun Aug 23 20:25:34 2026...
