Copyright 1986-2022 Xilinx, Inc. All Rights Reserved.
----------------------------------------------------------------------------------------
| Tool Version : Vivado v.2022.2 (win64) Build 3671981 Fri Oct 14 05:00:03 MDT 2022
| Date         : Sat Aug 22 14:44:20 2026
| Host         : Cuong-Desktop running 64-bit major release  (build 9200)
| Command      : report_control_sets -verbose -file SoC_wrapper_control_sets_placed.rpt
| Design       : SoC_wrapper
| Device       : xczu7ev
----------------------------------------------------------------------------------------

Control Set Information

Table of Contents
-----------------
1. Summary
2. Histogram
3. Flip-Flop Distribution
4. Detailed Control Set Information

1. Summary
----------

+----------------------------------------------------------+-------+
|                          Status                          | Count |
+----------------------------------------------------------+-------+
| Total control sets                                       |  1022 |
|    Minimum number of control sets                        |  1011 |
|    Addition due to synthesis replication                 |     0 |
|    Addition due to physical synthesis replication        |    11 |
| Unused register locations in slices containing registers |   783 |
+----------------------------------------------------------+-------+
* Control sets can be merged at opt_design using control_set_merge or merge_equivalent_drivers
** Run report_qor_suggestions for automated merging and remapping suggestions


2. Histogram
------------

+--------------------+-------+
|       Fanout       | Count |
+--------------------+-------+
| Total control sets |  1022 |
| >= 0 to < 4        |   165 |
| >= 4 to < 6        |    90 |
| >= 6 to < 8        |    25 |
| >= 8 to < 10       |   163 |
| >= 10 to < 12      |     5 |
| >= 12 to < 14      |    30 |
| >= 14 to < 16      |     6 |
| >= 16              |   538 |
+--------------------+-------+
* Control sets can be remapped at either synth_design or opt_design


3. Flip-Flop Distribution
-------------------------

+--------------+-----------------------+------------------------+-----------------+--------------+
| Clock Enable | Synchronous Set/Reset | Asynchronous Set/Reset | Total Registers | Total Slices |
+--------------+-----------------------+------------------------+-----------------+--------------+
| No           | No                    | No                     |            1015 |          266 |
| No           | No                    | Yes                    |              66 |           21 |
| No           | Yes                   | No                     |            6907 |         1716 |
| Yes          | No                    | No                     |            5726 |          754 |
| Yes          | No                    | Yes                    |               0 |            0 |
| Yes          | Yes                   | No                     |           34451 |         5471 |
+--------------+-----------------------+------------------------+-----------------+--------------+


4. Detailed Control Set Information
-----------------------------------

+---------------------------------------+--------------------------------------------------------------------------------------------------------------------------------------------------------------------------------------------------------+-------------------------------------------------------------------------------------------------------------------------------------------------------+------------------+----------------+--------------+
|              Clock Signal             |                                                                                              Enable Signal                                                                                             |                                                                    Set/Reset Signal                                                                   | Slice Load Count | Bel Load Count | Bels / Slice |
+---------------------------------------+--------------------------------------------------------------------------------------------------------------------------------------------------------------------------------------------------------+-------------------------------------------------------------------------------------------------------------------------------------------------------+------------------+----------------+--------------+
|  SoC_i/zynq_ultra_ps_e_0/inst/pl_clk0 |                                                                                                                                                                                                        | SoC_i/axi_smc/inst/s01_nodes/s01_w_node/inst/mi_handler_m_sc_areset                                                                                   |                1 |              1 |         1.00 |
|  SoC_i/zynq_ultra_ps_e_0/inst/pl_clk0 |                                                                                                                                                                                                        | SoC_i/axi_smc/inst/s00_nodes/s00_r_node/inst/mi_handler_m_sc_areset                                                                                   |                1 |              1 |         1.00 |
|  SoC_i/zynq_ultra_ps_e_0/inst/pl_clk0 |                                                                                                                                                                                                        | SoC_i/axi_smc/inst/s01_nodes/s01_ar_node/inst/mi_handler_m_sc_areset                                                                                  |                1 |              1 |         1.00 |
|  SoC_i/zynq_ultra_ps_e_0/inst/pl_clk0 |                                                                                                                                                                                                        | SoC_i/axi_smc/inst/s01_nodes/s01_w_node/inst/s_sc_areset_pipe                                                                                         |                1 |              1 |         1.00 |
|  SoC_i/zynq_ultra_ps_e_0/inst/pl_clk0 |                                                                                                                                                                                                        | SoC_i/axi_smc/inst/s00_nodes/s00_aw_node/inst/mi_handler_m_sc_areset                                                                                  |                1 |              1 |         1.00 |
|  SoC_i/zynq_ultra_ps_e_0/inst/pl_clk0 |                                                                                                                                                                                                        | SoC_i/axi_smc/inst/s00_nodes/s00_aw_node/inst/s_sc_areset_pipe                                                                                        |                1 |              1 |         1.00 |
|  SoC_i/zynq_ultra_ps_e_0/inst/pl_clk0 |                                                                                                                                                                                                        | SoC_i/axi_smc/inst/s01_nodes/s01_b_node/inst/mi_handler_m_sc_areset                                                                                   |                1 |              1 |         1.00 |
|  SoC_i/zynq_ultra_ps_e_0/inst/pl_clk0 |                                                                                                                                                                                                        | SoC_i/axi_smc/inst/s01_nodes/s01_aw_node/inst/mi_handler_m_sc_areset                                                                                  |                1 |              1 |         1.00 |
|  SoC_i/zynq_ultra_ps_e_0/inst/pl_clk0 |                                                                                                                                                                                                        | SoC_i/axi_smc/inst/s00_nodes/s00_w_node/inst/s_sc_areset_pipe                                                                                         |                1 |              1 |         1.00 |
|  SoC_i/zynq_ultra_ps_e_0/inst/pl_clk0 |                                                                                                                                                                                                        | SoC_i/axi_smc/inst/s00_nodes/s00_w_node/inst/mi_handler_m_sc_areset                                                                                   |                1 |              1 |         1.00 |
|  SoC_i/zynq_ultra_ps_e_0/inst/pl_clk0 |                                                                                                                                                                                                        | SoC_i/axi_smc/inst/s01_nodes/s01_aw_node/inst/s_sc_areset_pipe                                                                                        |                1 |              1 |         1.00 |
|  SoC_i/zynq_ultra_ps_e_0/inst/pl_clk0 |                                                                                                                                                                                                        | SoC_i/axi_smc/inst/s00_nodes/s00_ar_node/inst/mi_handler_m_sc_areset                                                                                  |                1 |              1 |         1.00 |
|  SoC_i/zynq_ultra_ps_e_0/inst/pl_clk0 |                                                                                                                                                                                                        | SoC_i/axi_smc/inst/m00_nodes/m00_ar_node/inst/s_sc_areset_pipe                                                                                        |                1 |              1 |         1.00 |
|  SoC_i/zynq_ultra_ps_e_0/inst/pl_clk0 |                                                                                                                                                                                                        | SoC_i/axi_smc/inst/s00_nodes/s00_ar_node/inst/s_sc_areset_pipe                                                                                        |                1 |              1 |         1.00 |
|  SoC_i/zynq_ultra_ps_e_0/inst/pl_clk0 |                                                                                                                                                                                                        | SoC_i/axi_smc/inst/s01_nodes/s01_r_node/inst/s_sc_areset_pipe                                                                                         |                1 |              1 |         1.00 |
|  SoC_i/zynq_ultra_ps_e_0/inst/pl_clk0 |                                                                                                                                                                                                        | SoC_i/axi_smc/inst/s01_nodes/s01_r_node/inst/mi_handler_m_sc_areset                                                                                   |                1 |              1 |         1.00 |
|  SoC_i/zynq_ultra_ps_e_0/inst/pl_clk0 |                                                                                                                                                                                                        | SoC_i/axi_smc/inst/s00_nodes/s00_b_node/inst/s_sc_areset_pipe                                                                                         |                1 |              1 |         1.00 |
|  SoC_i/zynq_ultra_ps_e_0/inst/pl_clk0 |                                                                                                                                                                                                        | SoC_i/axi_smc/inst/m00_nodes/m00_aw_node/inst/s_sc_areset_pipe                                                                                        |                1 |              1 |         1.00 |
|  SoC_i/zynq_ultra_ps_e_0/inst/pl_clk0 |                                                                                                                                                                                                        | SoC_i/axi_smc/inst/s00_nodes/s00_b_node/inst/mi_handler_m_sc_areset                                                                                   |                1 |              1 |         1.00 |
|  SoC_i/zynq_ultra_ps_e_0/inst/pl_clk0 |                                                                                                                                                                                                        | SoC_i/axi_smc/inst/s01_nodes/s01_b_node/inst/s_sc_areset_pipe                                                                                         |                1 |              1 |         1.00 |
|  SoC_i/zynq_ultra_ps_e_0/inst/pl_clk0 |                                                                                                                                                                                                        | SoC_i/axi_smc/inst/m00_nodes/m00_b_node/inst/s_sc_areset_pipe                                                                                         |                1 |              1 |         1.00 |
|  SoC_i/zynq_ultra_ps_e_0/inst/pl_clk0 |                                                                                                                                                                                                        | SoC_i/axi_smc/inst/m00_nodes/m00_b_node/inst/mi_handler_m_sc_areset                                                                                   |                1 |              1 |         1.00 |
|  SoC_i/zynq_ultra_ps_e_0/inst/pl_clk0 |                                                                                                                                                                                                        | SoC_i/axi_smc/inst/s01_nodes/s01_ar_node/inst/s_sc_areset_pipe                                                                                        |                1 |              1 |         1.00 |
|  SoC_i/zynq_ultra_ps_e_0/inst/pl_clk0 |                                                                                                                                                                                                        | SoC_i/axi_smc/inst/s00_nodes/s00_r_node/inst/s_sc_areset_pipe                                                                                         |                1 |              1 |         1.00 |
|  SoC_i/zynq_ultra_ps_e_0/inst/pl_clk0 |                                                                                                                                                                                                        | SoC_i/axi_smc/inst/m00_nodes/m00_r_node/inst/s_sc_areset_pipe                                                                                         |                1 |              1 |         1.00 |
|  SoC_i/zynq_ultra_ps_e_0/inst/pl_clk0 |                                                                                                                                                                                                        | SoC_i/axi_smc/inst/m00_nodes/m00_r_node/inst/mi_handler_m_sc_areset                                                                                   |                1 |              1 |         1.00 |
|  SoC_i/zynq_ultra_ps_e_0/inst/pl_clk0 |                                                                                                                                                                                                        | SoC_i/axi_smc/inst/m00_nodes/m00_w_node/inst/s_sc_areset_pipe                                                                                         |                1 |              1 |         1.00 |
|  SoC_i/zynq_ultra_ps_e_0/inst/pl_clk0 | SoC_i/VPU_Top_0/inst/u_my_ip/u_axi4_mapping/u_spu/u_vpu_stream8/prefetch_req_lane1_valid_r_i_1_n_0                                                                                                     | SoC_i/VPU_Top_0/inst/u_my_ip/u_axi4_mapping/u_spu/u_vpu_stream8/spu_soft_reset_r_reg                                                                  |                1 |              2 |         2.00 |
|  SoC_i/zynq_ultra_ps_e_0/inst/pl_clk0 | SoC_i/axi_smc/inst/m00_nodes/m00_ar_node/inst/inst_si_handler/gen_si_handler.gen_arbiter_rr_normal_area.inst_arbiter/E[0]                                                                              | SoC_i/axi_smc/inst/m00_nodes/m00_ar_node/inst/inst_si_handler/areset_r                                                                                |                1 |              2 |         2.00 |
|  SoC_i/zynq_ultra_ps_e_0/inst/pl_clk0 | SoC_i/axi_smc/inst/m00_exit_pipeline/m00_exit/inst/exit_inst/gen_w_cmd_fifo.w_cmd_fifo/gen_pipelined.mesg_reg                                                                                          |                                                                                                                                                       |                1 |              2 |         2.00 |
|  SoC_i/zynq_ultra_ps_e_0/inst/pl_clk0 | SoC_i/axi_smc/inst/m00_exit_pipeline/m00_exit/inst/exit_inst/gen_w_cmd_fifo.w_cmd_fifo/gen_srls[2].srl_nx1/shift_qual                                                                                  |                                                                                                                                                       |                1 |              2 |         2.00 |
|  SoC_i/zynq_ultra_ps_e_0/inst/pl_clk0 | SoC_i/VPU_Top_0/inst/u_my_ip/u_axi4_mapping/u_spu/u_vpu_stream8/mem0_en_reg_0[0]                                                                                                                       | SoC_i/rst_ps8_0_100M/U0/peripheral_aresetn_BUFG[0]                                                                                                    |                1 |              2 |         2.00 |
|  SoC_i/zynq_ultra_ps_e_0/inst/pl_clk0 | SoC_i/VPU_Top_0/inst/u_my_ip/u_axi4_mapping/u_spu/u_spu_controller/softmax_op_r[1]_i_1_n_0                                                                                                             | SoC_i/rst_ps8_0_100M/U0/peripheral_aresetn_BUFG[0]                                                                                                    |                1 |              2 |         2.00 |
|  SoC_i/zynq_ultra_ps_e_0/inst/pl_clk0 | SoC_i/VPU_Top_0/inst/u_my_ip/u_axi4_mapping/u_spu/u_spu_controller/q_word_idx_r[1]_i_1_n_0                                                                                                             | SoC_i/rst_ps8_0_100M/U0/peripheral_aresetn_BUFG[0]                                                                                                    |                2 |              2 |         1.00 |
|  SoC_i/zynq_ultra_ps_e_0/inst/pl_clk0 | SoC_i/VPU_Top_0/inst/u_my_ip/u_axi4_mapping/core_wr_region_r[1]_i_1_n_0                                                                                                                                |                                                                                                                                                       |                1 |              2 |         2.00 |
|  SoC_i/zynq_ultra_ps_e_0/inst/pl_clk0 | SoC_i/VPU_Top_0/inst/u_my_ip/u_axi4_mapping/u_spu/u_spu_controller/u_quantize_q8_0/state_r[1]_i_1__9_n_0                                                                                               | SoC_i/rst_ps8_0_100M/U0/peripheral_aresetn_BUFG[0]                                                                                                    |                2 |              2 |         1.00 |
|  SoC_i/zynq_ultra_ps_e_0/inst/pl_clk0 |                                                                                                                                                                                                        | SoC_i/axi_smc/inst/m00_nodes/m00_ar_node/inst/inst_si_handler/gen_si_handler.gen_request_counters.gen_req_counter[0].inst_req_counter/areset_r_reg    |                1 |              2 |         2.00 |
|  SoC_i/zynq_ultra_ps_e_0/inst/pl_clk0 |                                                                                                                                                                                                        | SoC_i/axi_smc/inst/m00_nodes/m00_ar_node/inst/inst_si_handler/areset_r                                                                                |                2 |              2 |         1.00 |
|  SoC_i/zynq_ultra_ps_e_0/inst/pl_clk0 | SoC_i/VPU_Top_0/inst/u_my_ip/u_axi4_mapping/spu_wr_region_r[1]_i_1_n_0                                                                                                                                 |                                                                                                                                                       |                1 |              2 |         2.00 |
|  SoC_i/zynq_ultra_ps_e_0/inst/pl_clk0 | SoC_i/VPU_Top_0/inst/u_my_ip/u_axi4_mapping/u_gemv/u_pmau_quad7/read_req_group_last_r                                                                                                                  | SoC_i/rst_ps8_0_100M/U0/peripheral_aresetn_BUFG[0]                                                                                                    |                1 |              2 |         2.00 |
|  SoC_i/zynq_ultra_ps_e_0/inst/pl_clk0 |                                                                                                                                                                                                        | SoC_i/axi_smc/inst/m00_nodes/m00_aw_node/inst/inst_si_handler/gen_si_handler.gen_request_counters.gen_req_counter[1].inst_req_counter/is_zero_r_reg_1 |                1 |              2 |         2.00 |
|  SoC_i/zynq_ultra_ps_e_0/inst/pl_clk0 | SoC_i/axi_smc/inst/s01_entry_pipeline/s01_mmu/inst/aw_reg_stall/E[0]                                                                                                                                   | SoC_i/axi_smc/inst/s01_entry_pipeline/s01_mmu/inst/areset                                                                                             |                1 |              2 |         2.00 |
|  SoC_i/zynq_ultra_ps_e_0/inst/pl_clk0 | SoC_i/VPU_Top_0/inst/u_my_ip/u_axi4_mapping/u_spu/u_spu_controller/u_q8_scale_accum/state_r_reg[1]_1[0]                                                                                                | SoC_i/rst_ps8_0_100M/U0/peripheral_aresetn_BUFG[0]                                                                                                    |                1 |              2 |         2.00 |
|  SoC_i/zynq_ultra_ps_e_0/inst/pl_clk0 | SoC_i/VPU_Top_0/inst/u_my_ip/u_axi4_mapping/spu_rd_region_r[1]_i_1_n_0                                                                                                                                 |                                                                                                                                                       |                1 |              2 |         2.00 |
|  SoC_i/zynq_ultra_ps_e_0/inst/pl_clk0 | SoC_i/VPU_Top_0/inst/u_my_ip/u_axi4_mapping/u_gemv/u_pmau_quad7/state_r_reg[0]_2                                                                                                                       | SoC_i/rst_ps8_0_100M/U0/peripheral_aresetn_BUFG[0]                                                                                                    |                2 |              2 |         1.00 |
|  SoC_i/zynq_ultra_ps_e_0/inst/pl_clk0 | SoC_i/axi_smc/inst/s01_entry_pipeline/s01_mmu/inst/ar_sreg/E[0]                                                                                                                                        | SoC_i/axi_smc/inst/s01_entry_pipeline/s01_mmu/inst/areset                                                                                             |                1 |              2 |         2.00 |
|  SoC_i/zynq_ultra_ps_e_0/inst/pl_clk0 | SoC_i/axi_smc/inst/s00_entry_pipeline/s00_mmu/inst/aw_reg_stall/E[0]                                                                                                                                   | SoC_i/axi_smc/inst/s00_entry_pipeline/s00_mmu/inst/areset                                                                                             |                1 |              2 |         2.00 |
|  SoC_i/zynq_ultra_ps_e_0/inst/pl_clk0 | SoC_i/axi_smc/inst/s00_entry_pipeline/s00_mmu/inst/ar_sreg/E[0]                                                                                                                                        | SoC_i/axi_smc/inst/s00_entry_pipeline/s00_mmu/inst/areset                                                                                             |                1 |              2 |         2.00 |
|  SoC_i/zynq_ultra_ps_e_0/inst/pl_clk0 | SoC_i/VPU_Top_0/inst/u_my_ip/u_axi4_mapping/u_gemv/E[0]                                                                                                                                                | SoC_i/VPU_Top_0/inst/u_my_ip/u_axi4_mapping/u_spu/u_vpu_stream8/spu_soft_reset_r_reg                                                                  |                1 |              2 |         2.00 |
|  SoC_i/zynq_ultra_ps_e_0/inst/pl_clk0 | SoC_i/axi_smc/inst/m00_nodes/m00_w_node/inst/inst_si_handler/gen_si_handler.gen_request_fifos.gen_req_fifo[0].inst_req_fifo/gen_xpm_memory_fifo.inst_fifo/wr_wea                                       |                                                                                                                                                       |                1 |              2 |         2.00 |
|  SoC_i/zynq_ultra_ps_e_0/inst/pl_clk0 |                                                                                                                                                                                                        | SoC_i/axi_smc/inst/s00_entry_pipeline/s00_mmu/inst/areset_d                                                                                           |                2 |              2 |         1.00 |
|  SoC_i/zynq_ultra_ps_e_0/inst/pl_clk0 |                                                                                                                                                                                                        | SoC_i/axi_smc/inst/s01_entry_pipeline/s01_transaction_regulator/inst/areset                                                                           |                2 |              2 |         1.00 |
|  SoC_i/zynq_ultra_ps_e_0/inst/pl_clk0 | SoC_i/axi_smc/inst/m00_nodes/m00_w_node/inst/inst_si_handler/gen_si_handler.gen_request_fifos.gen_req_fifo[1].inst_req_fifo/gen_xpm_memory_fifo.inst_fifo/wr_wea                                       |                                                                                                                                                       |                1 |              2 |         2.00 |
|  SoC_i/zynq_ultra_ps_e_0/inst/pl_clk0 |                                                                                                                                                                                                        | SoC_i/axi_smc/inst/s00_entry_pipeline/s00_transaction_regulator/inst/areset                                                                           |                2 |              2 |         1.00 |
|  SoC_i/zynq_ultra_ps_e_0/inst/pl_clk0 |                                                                                                                                                                                                        | SoC_i/axi_smc/inst/s00_nodes/s00_ar_node/inst/inst_mi_handler/areset_r                                                                                |                2 |              2 |         1.00 |
|  SoC_i/zynq_ultra_ps_e_0/inst/pl_clk0 | SoC_i/axi_smc/inst/m00_nodes/m00_r_node/inst/inst_mi_handler/gen_normal_area.inst_fifo_send/gen_AB_reg_slice.payld_a                                                                                   |                                                                                                                                                       |                1 |              2 |         2.00 |
|  SoC_i/zynq_ultra_ps_e_0/inst/pl_clk0 | SoC_i/axi_smc/inst/m00_nodes/m00_r_node/inst/inst_mi_handler/gen_normal_area.inst_fifo_send/gen_AB_reg_slice.payld_b                                                                                   |                                                                                                                                                       |                1 |              2 |         2.00 |
|  SoC_i/zynq_ultra_ps_e_0/inst/pl_clk0 | SoC_i/axi_smc/inst/m00_nodes/m00_r_node/inst/inst_mi_handler/gen_normal_area.inst_fifo_send/gen_AB_reg_slice.state2                                                                                    | SoC_i/axi_smc/inst/m00_nodes/m00_r_node/inst/inst_mi_handler/gen_normal_area.inst_fifo_send/gen_AB_reg_slice.payld_o[1]_i_1_n_0                       |                1 |              2 |         2.00 |
|  SoC_i/zynq_ultra_ps_e_0/inst/pl_clk0 | SoC_i/axi_smc/inst/m00_nodes/m00_ar_node/inst/inst_si_handler/gen_si_handler.gen_request_counters.gen_req_counter[1].inst_req_counter/is_zero_r_reg_1[0]                                               | SoC_i/axi_smc/inst/m00_nodes/m00_ar_node/inst/inst_si_handler/areset_r                                                                                |                1 |              2 |         2.00 |
|  SoC_i/zynq_ultra_ps_e_0/inst/pl_clk0 | SoC_i/VPU_Top_0/inst/u_my_ip/u_axi4_mapping/u_spu/u_vpu_stream8/GEN_ACCUM8[3].u_accum/FSM_sequential_state_r_reg[1]_1[0]                                                                               | SoC_i/VPU_Top_0/inst/u_my_ip/u_axi4_mapping/u_spu/u_vpu_stream8/spu_soft_reset_r_reg                                                                  |                1 |              2 |         2.00 |
|  SoC_i/zynq_ultra_ps_e_0/inst/pl_clk0 | SoC_i/axi_smc/inst/m00_nodes/m00_b_node/inst/inst_mi_handler/gen_normal_area.inst_fifo_send/gen_AB_reg_slice.state2                                                                                    | SoC_i/axi_smc/inst/m00_nodes/m00_b_node/inst/inst_mi_handler/gen_normal_area.inst_fifo_send/gen_AB_reg_slice.payld_o[1]_i_1_n_0                       |                1 |              2 |         2.00 |
|  SoC_i/zynq_ultra_ps_e_0/inst/pl_clk0 |                                                                                                                                                                                                        | SoC_i/axi_smc/inst/s00_nodes/s00_aw_node/inst/inst_mi_handler/areset_r                                                                                |                2 |              2 |         1.00 |
|  SoC_i/zynq_ultra_ps_e_0/inst/pl_clk0 | SoC_i/axi_smc/inst/m00_nodes/m00_b_node/inst/inst_mi_handler/gen_normal_area.inst_fifo_send/gen_AB_reg_slice.payld_a                                                                                   |                                                                                                                                                       |                1 |              2 |         2.00 |
|  SoC_i/zynq_ultra_ps_e_0/inst/pl_clk0 | SoC_i/axi_smc/inst/m00_nodes/m00_b_node/inst/inst_mi_handler/gen_normal_area.inst_fifo_send/gen_AB_reg_slice.payld_b                                                                                   |                                                                                                                                                       |                1 |              2 |         2.00 |
|  SoC_i/zynq_ultra_ps_e_0/inst/pl_clk0 | SoC_i/VPU_Top_0/inst/u_my_ip/u_axi4_mapping/u_spu/u_spu_controller/u_rope/pair_idx_r                                                                                                                   | SoC_i/rst_ps8_0_100M/U0/peripheral_aresetn_BUFG[0]                                                                                                    |                1 |              2 |         2.00 |
|  SoC_i/zynq_ultra_ps_e_0/inst/pl_clk0 |                                                                                                                                                                                                        | SoC_i/axi_smc/inst/s01_entry_pipeline/s01_mmu/inst/areset_d                                                                                           |                2 |              2 |         1.00 |
|  SoC_i/zynq_ultra_ps_e_0/inst/pl_clk0 |                                                                                                                                                                                                        | SoC_i/axi_smc/inst/s01_nodes/s01_ar_node/inst/inst_mi_handler/areset_r                                                                                |                2 |              2 |         1.00 |
|  SoC_i/zynq_ultra_ps_e_0/inst/pl_clk0 | SoC_i/axi_smc/inst/m00_nodes/m00_aw_node/inst/inst_si_handler/gen_si_handler.gen_request_counters.gen_req_counter[0].inst_req_counter/is_zero_r_reg_0[0]                                               | SoC_i/axi_smc/inst/m00_nodes/m00_aw_node/inst/inst_si_handler/areset_r                                                                                |                1 |              2 |         2.00 |
|  SoC_i/zynq_ultra_ps_e_0/inst/pl_clk0 |                                                                                                                                                                                                        | SoC_i/axi_smc/inst/s01_nodes/s01_aw_node/inst/inst_mi_handler/areset_r                                                                                |                2 |              2 |         1.00 |
|  SoC_i/zynq_ultra_ps_e_0/inst/pl_clk0 | SoC_i/axi_smc/inst/m00_nodes/m00_aw_node/inst/inst_si_handler/gen_m_axis_arb_fifo.inst_axis_arb_fifo/gen_pipelined.load_mesg                                                                           |                                                                                                                                                       |                1 |              2 |         2.00 |
|  SoC_i/zynq_ultra_ps_e_0/inst/pl_clk0 | SoC_i/VPU_Top_0/inst/u_my_ip/u_axi4_mapping/u_gemv/fifo_last_block31_out                                                                                                                               | SoC_i/VPU_Top_0/inst/u_my_ip/u_axi4_mapping/u_spu/u_vpu_stream8/spu_soft_reset_r_reg                                                                  |                1 |              2 |         2.00 |
|  SoC_i/zynq_ultra_ps_e_0/inst/pl_clk0 | SoC_i/axi_smc/inst/m00_nodes/m00_aw_node/inst/inst_si_handler/gen_m_axis_arb_fifo.inst_axis_arb_fifo/gen_srls[1].srl_nx1/shift                                                                         |                                                                                                                                                       |                1 |              2 |         2.00 |
|  SoC_i/zynq_ultra_ps_e_0/inst/pl_clk0 | SoC_i/VPU_Top_0/inst/u_my_ip/u_axi4_mapping/u_spu/u_vpu_stream8/prefetch_pair_idx_r[1]_i_1_n_0                                                                                                         | SoC_i/VPU_Top_0/inst/u_my_ip/u_axi4_mapping/u_spu/u_vpu_stream8/spu_soft_reset_r_reg                                                                  |                2 |              2 |         1.00 |
|  SoC_i/zynq_ultra_ps_e_0/inst/pl_clk0 | SoC_i/VPU_Top_0/inst/u_my_ip/u_axi4_mapping/u_gemv/fifo_wr_ptr_r_reg[0]                                                                                                                                | SoC_i/VPU_Top_0/inst/u_my_ip/u_axi4_mapping/u_spu/u_vpu_stream8/spu_soft_reset_r_reg                                                                  |                1 |              2 |         2.00 |
|  SoC_i/zynq_ultra_ps_e_0/inst/pl_clk0 | SoC_i/axi_smc/inst/m00_nodes/m00_aw_node/inst/inst_si_handler/gen_si_handler.gen_arbiter_rr_normal_area.inst_arbiter/gen_AB_reg_slice.payld_o_reg[0][0]                                                | SoC_i/axi_smc/inst/m00_nodes/m00_aw_node/inst/inst_si_handler/areset_r                                                                                |                1 |              2 |         2.00 |
|  SoC_i/zynq_ultra_ps_e_0/inst/pl_clk0 | SoC_i/axi_smc/inst/m00_nodes/m00_aw_node/inst/inst_si_handler/gen_si_handler.gen_arbiter_rr_normal_area.inst_arbiter/E[0]                                                                              | SoC_i/axi_smc/inst/m00_nodes/m00_aw_node/inst/inst_si_handler/areset_r                                                                                |                1 |              2 |         2.00 |
|  SoC_i/zynq_ultra_ps_e_0/inst/pl_clk0 | SoC_i/VPU_Top_0/inst/u_my_ip/u_axi4_mapping/u_gemv/fifo_last_block27_out                                                                                                                               | SoC_i/VPU_Top_0/inst/u_my_ip/u_axi4_mapping/u_spu/u_vpu_stream8/spu_soft_reset_r_reg                                                                  |                1 |              2 |         2.00 |
|  SoC_i/zynq_ultra_ps_e_0/inst/pl_clk0 | SoC_i/VPU_Top_0/inst/u_my_ip/u_axi4_mapping/u_gemv/fifo_last_block29_out                                                                                                                               | SoC_i/VPU_Top_0/inst/u_my_ip/u_axi4_mapping/u_spu/u_vpu_stream8/spu_soft_reset_r_reg                                                                  |                1 |              2 |         2.00 |
|  SoC_i/zynq_ultra_ps_e_0/inst/pl_clk0 | SoC_i/axi_smc/inst/m00_nodes/m00_ar_node/inst/inst_si_handler/gen_si_handler.gen_arbiter_rr_normal_area.inst_arbiter/gen_AB_reg_slice.payld_o_reg[0][0]                                                | SoC_i/axi_smc/inst/m00_nodes/m00_ar_node/inst/inst_si_handler/areset_r                                                                                |                1 |              2 |         2.00 |
|  SoC_i/zynq_ultra_ps_e_0/inst/pl_clk0 |                                                                                                                                                                                                        | SoC_i/axi_smc/inst/s00_nodes/s00_b_node/inst/inst_mi_handler/areset_r                                                                                 |                3 |              3 |         1.00 |
|  SoC_i/zynq_ultra_ps_e_0/inst/pl_clk0 | SoC_i/axi_smc/inst/s00_entry_pipeline/s00_transaction_regulator/inst/gen_endpoint.gen_r_singleorder.r_singleorder/gen_id_fifo.singleorder_fifo/gen_pipelined.state[2]_i_1__0_n_0                       | SoC_i/axi_smc/inst/s00_entry_pipeline/s00_transaction_regulator/inst/areset                                                                           |                2 |              3 |         1.50 |
|  SoC_i/zynq_ultra_ps_e_0/inst/pl_clk0 | SoC_i/axi_smc/inst/s01_entry_pipeline/s01_mmu/inst/ar_reg_stall/state                                                                                                                                  | SoC_i/axi_smc/inst/s01_entry_pipeline/s01_mmu/inst/areset                                                                                             |                2 |              3 |         1.50 |
|  SoC_i/zynq_ultra_ps_e_0/inst/pl_clk0 | SoC_i/axi_smc/inst/s00_entry_pipeline/s00_mmu/inst/aw_sreg/state                                                                                                                                       | SoC_i/axi_smc/inst/s00_entry_pipeline/s00_mmu/inst/areset                                                                                             |                1 |              3 |         3.00 |
|  SoC_i/zynq_ultra_ps_e_0/inst/pl_clk0 | SoC_i/axi_smc/inst/s00_entry_pipeline/s00_mmu/inst/aw_reg_stall/state                                                                                                                                  | SoC_i/axi_smc/inst/s00_entry_pipeline/s00_mmu/inst/areset                                                                                             |                1 |              3 |         3.00 |
|  SoC_i/zynq_ultra_ps_e_0/inst/pl_clk0 | SoC_i/axi_smc/inst/s00_entry_pipeline/s00_mmu/inst/ar_sreg/state                                                                                                                                       | SoC_i/axi_smc/inst/s00_entry_pipeline/s00_mmu/inst/areset                                                                                             |                2 |              3 |         1.50 |
|  SoC_i/zynq_ultra_ps_e_0/inst/pl_clk0 |                                                                                                                                                                                                        | SoC_i/axi_smc/inst/m00_exit_pipeline/m00_exit/inst/areset                                                                                             |                3 |              3 |         1.00 |
|  SoC_i/zynq_ultra_ps_e_0/inst/pl_clk0 |                                                                                                                                                                                                        | SoC_i/axi_smc/inst/m00_nodes/m00_ar_node/inst/inst_mi_handler/areset_r                                                                                |                3 |              3 |         1.00 |
|  SoC_i/zynq_ultra_ps_e_0/inst/pl_clk0 | SoC_i/VPU_Top_0/inst/u_my_ip/u_axi4_mapping/u_gemv/u_pmau_quad2/p_0_in[1]                                                                                                                              | SoC_i/rst_ps8_0_100M/U0/peripheral_aresetn_BUFG[0]                                                                                                    |                1 |              3 |         3.00 |
|  SoC_i/zynq_ultra_ps_e_0/inst/pl_clk0 |                                                                                                                                                                                                        | SoC_i/axi_smc/inst/m00_nodes/m00_aw_node/inst/inst_mi_handler/areset_r                                                                                |                3 |              3 |         1.00 |
|  SoC_i/zynq_ultra_ps_e_0/inst/pl_clk0 | SoC_i/VPU_Top_0/inst/u_my_ip/u_axi4_mapping/u_gemv/u_pmau_quad2/p_0_in[0]                                                                                                                              | SoC_i/rst_ps8_0_100M/U0/peripheral_aresetn_BUFG[0]                                                                                                    |                1 |              3 |         3.00 |
|  SoC_i/zynq_ultra_ps_e_0/inst/pl_clk0 |                                                                                                                                                                                                        | SoC_i/axi_smc/inst/m00_nodes/m00_aw_node/inst/inst_si_handler/areset_r                                                                                |                3 |              3 |         1.00 |
|  SoC_i/zynq_ultra_ps_e_0/inst/pl_clk0 |                                                                                                                                                                                                        | SoC_i/axi_smc/inst/m00_nodes/m00_b_node/inst/inst_mi_handler/areset_r                                                                                 |                3 |              3 |         1.00 |
|  SoC_i/zynq_ultra_ps_e_0/inst/pl_clk0 | SoC_i/axi_smc/inst/s00_entry_pipeline/s00_mmu/inst/ar_reg_stall/state                                                                                                                                  | SoC_i/axi_smc/inst/s00_entry_pipeline/s00_mmu/inst/areset                                                                                             |                1 |              3 |         3.00 |
|  SoC_i/zynq_ultra_ps_e_0/inst/pl_clk0 |                                                                                                                                                                                                        | SoC_i/axi_smc/inst/m00_nodes/m00_r_node/inst/inst_mi_handler/areset_r                                                                                 |                3 |              3 |         1.00 |
|  SoC_i/zynq_ultra_ps_e_0/inst/pl_clk0 | SoC_i/axi_smc/inst/s00_entry_pipeline/s00_mmu/inst/gen_endpoint.decerr_slave_inst/FSM_onehot_gen_axi.gen_write.write_cs[2]_i_1_n_0                                                                     | SoC_i/axi_smc/inst/s00_entry_pipeline/s00_mmu/inst/areset                                                                                             |                1 |              3 |         3.00 |
|  SoC_i/zynq_ultra_ps_e_0/inst/pl_clk0 |                                                                                                                                                                                                        | SoC_i/axi_smc/inst/m00_nodes/m00_w_node/inst/inst_mi_handler/areset_r                                                                                 |                2 |              3 |         1.50 |
|  SoC_i/zynq_ultra_ps_e_0/inst/pl_clk0 | SoC_i/axi_smc/inst/m00_nodes/m00_w_node/inst/inst_si_handler/gen_si_handler.gen_axis_packet_slave_normal_area.inst_allow_transfer_late/E[0]                                                            | SoC_i/axi_smc/inst/m00_nodes/m00_w_node/inst/inst_si_handler/areset_r                                                                                 |                1 |              3 |         3.00 |
|  SoC_i/zynq_ultra_ps_e_0/inst/pl_clk0 | SoC_i/axi_smc/inst/s01_entry_pipeline/s01_si_converter/inst/converter.wrap_narrow_inst/w_payld_fifo/cmd_fifo/gen_pipelined.state                                                                       | SoC_i/axi_smc/inst/s01_entry_pipeline/s01_si_converter/inst/areset                                                                                    |                1 |              3 |         3.00 |
|  SoC_i/zynq_ultra_ps_e_0/inst/pl_clk0 | SoC_i/axi_smc/inst/s00_entry_pipeline/s00_si_converter/inst/converter.wrap_narrow_inst/w_cmd_fifo/gen_pipelined.state                                                                                  | SoC_i/axi_smc/inst/s00_entry_pipeline/s00_si_converter/inst/areset                                                                                    |                2 |              3 |         1.50 |
|  SoC_i/zynq_ultra_ps_e_0/inst/pl_clk0 | SoC_i/VPU_Top_0/inst/u_my_ip/u_axi4_mapping/u_spu/u_spu_controller/u_softmax/FSM_sequential_state_r[2]_i_1__2_n_0                                                                                      | SoC_i/rst_ps8_0_100M/U0/peripheral_aresetn_BUFG[0]                                                                                                    |                3 |              3 |         1.00 |
|  SoC_i/zynq_ultra_ps_e_0/inst/pl_clk0 | SoC_i/axi_smc/inst/s00_entry_pipeline/s00_transaction_regulator/inst/gen_endpoint.gen_w_singleorder.w_singleorder/gen_id_fifo.singleorder_fifo/gen_pipelined.state[2]_i_1_n_0                          | SoC_i/axi_smc/inst/s00_entry_pipeline/s00_transaction_regulator/inst/areset                                                                           |                2 |              3 |         1.50 |
|  SoC_i/zynq_ultra_ps_e_0/inst/pl_clk0 | SoC_i/VPU_Top_0/inst/u_my_ip/u_axi4_mapping/u_gemv/u_pmau_pair/p_0_in[0]                                                                                                                               | SoC_i/rst_ps8_0_100M/U0/peripheral_aresetn_BUFG[0]                                                                                                    |                1 |              3 |         3.00 |
|  SoC_i/zynq_ultra_ps_e_0/inst/pl_clk0 | SoC_i/axi_smc/inst/m00_nodes/m00_w_node/inst/inst_si_handler/gen_si_handler.gen_axis_packet_slave_normal_area.inst_allow_transfer_late/gen_AB_reg_slice.payld_o_reg[0][0]                              | SoC_i/axi_smc/inst/m00_nodes/m00_w_node/inst/inst_si_handler/areset_r                                                                                 |                1 |              3 |         3.00 |
|  SoC_i/zynq_ultra_ps_e_0/inst/pl_clk0 |                                                                                                                                                                                                        | SoC_i/axi_smc/inst/s00_nodes/s00_r_node/inst/inst_mi_handler/areset_r                                                                                 |                3 |              3 |         1.00 |
|  SoC_i/zynq_ultra_ps_e_0/inst/pl_clk0 | SoC_i/axi_smc/inst/s01_entry_pipeline/s01_transaction_regulator/inst/gen_endpoint.gen_w_singleorder.w_singleorder/gen_id_fifo.singleorder_fifo/gen_pipelined.state[2]_i_1_n_0                          | SoC_i/axi_smc/inst/s01_entry_pipeline/s01_transaction_regulator/inst/areset                                                                           |                2 |              3 |         1.50 |
|  SoC_i/zynq_ultra_ps_e_0/inst/pl_clk0 | SoC_i/VPU_Top_0/inst/u_my_ip/u_axi4_mapping/u_spu/u_spu_controller/u_silu_mul/FSM_sequential_state_r[2]_i_1__1_n_0                                                                                     | SoC_i/rst_ps8_0_100M/U0/peripheral_aresetn_BUFG[0]                                                                                                    |                2 |              3 |         1.50 |
|  SoC_i/zynq_ultra_ps_e_0/inst/pl_clk0 |                                                                                                                                                                                                        | SoC_i/axi_smc/inst/s00_nodes/s00_w_node/inst/inst_mi_handler/areset_r                                                                                 |                3 |              3 |         1.00 |
|  SoC_i/zynq_ultra_ps_e_0/inst/pl_clk0 | SoC_i/axi_smc/inst/s01_entry_pipeline/s01_mmu/inst/w_sreg/state                                                                                                                                        | SoC_i/axi_smc/inst/s01_entry_pipeline/s01_mmu/inst/areset                                                                                             |                1 |              3 |         3.00 |
|  SoC_i/zynq_ultra_ps_e_0/inst/pl_clk0 | SoC_i/VPU_Top_0/inst/u_my_ip/u_axi4_mapping/u_spu/u_vpu_stream_scale_accum/E[0]                                                                                                                        | SoC_i/VPU_Top_0/inst/u_my_ip/u_axi4_mapping/u_spu/stream_pair_scale_word_r[0]                                                                         |                1 |              3 |         3.00 |
|  SoC_i/zynq_ultra_ps_e_0/inst/pl_clk0 | SoC_i/VPU_Top_0/inst/u_my_ip/u_axi4_mapping/u_spu/u_vpu_stream8/GEN_ACCUM8[3].u_accum/FSM_sequential_state_r_reg[0]                                                                                    | SoC_i/VPU_Top_0/inst/u_my_ip/u_axi4_mapping/u_spu/u_vpu_stream8/spu_soft_reset_r_reg                                                                  |                1 |              3 |         3.00 |
|  SoC_i/zynq_ultra_ps_e_0/inst/pl_clk0 |                                                                                                                                                                                                        | SoC_i/axi_smc/inst/s01_nodes/s01_b_node/inst/inst_mi_handler/areset_r                                                                                 |                3 |              3 |         1.00 |
|  SoC_i/zynq_ultra_ps_e_0/inst/pl_clk0 | SoC_i/axi_smc/inst/s01_entry_pipeline/s01_mmu/inst/r_sreg/state                                                                                                                                        | SoC_i/axi_smc/inst/s01_entry_pipeline/s01_mmu/inst/areset                                                                                             |                1 |              3 |         3.00 |
|  SoC_i/zynq_ultra_ps_e_0/inst/pl_clk0 |                                                                                                                                                                                                        | SoC_i/axi_smc/inst/s01_nodes/s01_r_node/inst/inst_mi_handler/areset_r                                                                                 |                3 |              3 |         1.00 |
|  SoC_i/zynq_ultra_ps_e_0/inst/pl_clk0 | SoC_i/axi_smc/inst/s01_entry_pipeline/s01_mmu/inst/b_sreg/state                                                                                                                                        | SoC_i/axi_smc/inst/s01_entry_pipeline/s01_mmu/inst/areset                                                                                             |                2 |              3 |         1.50 |
|  SoC_i/zynq_ultra_ps_e_0/inst/pl_clk0 | SoC_i/VPU_Top_0/inst/u_my_ip/u_axi4_mapping/u_gemv/u_pmau_quad7/state_r_reg[1][0]                                                                                                                      | SoC_i/rst_ps8_0_100M/U0/peripheral_aresetn_BUFG[0]                                                                                                    |                1 |              3 |         3.00 |
|  SoC_i/zynq_ultra_ps_e_0/inst/pl_clk0 |                                                                                                                                                                                                        | SoC_i/axi_smc/inst/s01_nodes/s01_w_node/inst/inst_mi_handler/areset_r                                                                                 |                3 |              3 |         1.00 |
|  SoC_i/zynq_ultra_ps_e_0/inst/pl_clk0 | SoC_i/axi_smc/inst/s00_entry_pipeline/s00_si_converter/inst/converter.wrap_narrow_inst/gen_thread_loop[0].r_payld_fifo/cmd_fifo/gen_pipelined.state                                                    | SoC_i/axi_smc/inst/s00_entry_pipeline/s00_si_converter/inst/areset                                                                                    |                1 |              3 |         3.00 |
|  SoC_i/zynq_ultra_ps_e_0/inst/pl_clk0 | SoC_i/VPU_Top_0/inst/u_my_ip/u_axi4_mapping/u_gemv/u_pmau_quad4/p_0_in[1]                                                                                                                              | SoC_i/rst_ps8_0_100M/U0/peripheral_aresetn_BUFG[0]                                                                                                    |                1 |              3 |         3.00 |
|  SoC_i/zynq_ultra_ps_e_0/inst/pl_clk0 | SoC_i/VPU_Top_0/inst/u_my_ip/u_axi4_mapping/u_gemv/u_pmau_quad4/p_0_in[0]                                                                                                                              | SoC_i/rst_ps8_0_100M/U0/peripheral_aresetn_BUFG[0]                                                                                                    |                1 |              3 |         3.00 |
|  SoC_i/zynq_ultra_ps_e_0/inst/pl_clk0 | SoC_i/VPU_Top_0/inst/u_my_ip/u_axi4_mapping/u_gemv/u_pmau/p_0_in[1]                                                                                                                                    | SoC_i/rst_ps8_0_100M/U0/peripheral_aresetn_BUFG[0]                                                                                                    |                1 |              3 |         3.00 |
|  SoC_i/zynq_ultra_ps_e_0/inst/pl_clk0 | SoC_i/VPU_Top_0/inst/u_my_ip/u_axi4_mapping/u_gemv/u_pmau/p_0_in__0[0]                                                                                                                                 | SoC_i/rst_ps8_0_100M/U0/peripheral_aresetn_BUFG[0]                                                                                                    |                2 |              3 |         1.50 |
|  SoC_i/zynq_ultra_ps_e_0/inst/pl_clk0 | SoC_i/axi_smc/inst/s01_entry_pipeline/s01_mmu/inst/aw_sreg/state                                                                                                                                       | SoC_i/axi_smc/inst/s01_entry_pipeline/s01_mmu/inst/areset                                                                                             |                1 |              3 |         3.00 |
|  SoC_i/zynq_ultra_ps_e_0/inst/pl_clk0 | SoC_i/VPU_Top_0/inst/u_my_ip/u_axi4_mapping/u_gemv/u_pmau_pair/p_0_in[1]                                                                                                                               | SoC_i/rst_ps8_0_100M/U0/peripheral_aresetn_BUFG[0]                                                                                                    |                1 |              3 |         3.00 |
|  SoC_i/zynq_ultra_ps_e_0/inst/pl_clk0 | SoC_i/VPU_Top_0/inst/u_my_ip/u_axi4_mapping/u_spu/u_vpu_stream8/GEN_ACCUM8[5].u_accum/E[0]                                                                                                             | SoC_i/VPU_Top_0/inst/u_my_ip/u_axi4_mapping/u_spu/u_vpu_stream8/spu_soft_reset_r_reg                                                                  |                1 |              3 |         3.00 |
|  SoC_i/zynq_ultra_ps_e_0/inst/pl_clk0 | SoC_i/VPU_Top_0/inst/u_my_ip/u_axi4_mapping/u_gemv/u_pmau_quad5/p_0_in[0]                                                                                                                              | SoC_i/rst_ps8_0_100M/U0/peripheral_aresetn_BUFG[0]                                                                                                    |                2 |              3 |         1.50 |
|  SoC_i/zynq_ultra_ps_e_0/inst/pl_clk0 | SoC_i/VPU_Top_0/inst/u_my_ip/u_axi4_mapping/u_gemv/u_pmau_quad5/p_0_in[1]                                                                                                                              | SoC_i/rst_ps8_0_100M/U0/peripheral_aresetn_BUFG[0]                                                                                                    |                1 |              3 |         3.00 |
|  SoC_i/zynq_ultra_ps_e_0/inst/pl_clk0 | SoC_i/axi_smc/inst/m00_exit_pipeline/m00_exit/inst/w_reg/state                                                                                                                                         | SoC_i/axi_smc/inst/m00_exit_pipeline/m00_exit/inst/areset                                                                                             |                1 |              3 |         3.00 |
|  SoC_i/zynq_ultra_ps_e_0/inst/pl_clk0 | SoC_i/axi_smc/inst/s01_entry_pipeline/s01_mmu/inst/aw_reg_stall/state                                                                                                                                  | SoC_i/axi_smc/inst/s01_entry_pipeline/s01_mmu/inst/areset                                                                                             |                1 |              3 |         3.00 |
|  SoC_i/zynq_ultra_ps_e_0/inst/pl_clk0 | SoC_i/VPU_Top_0/inst/u_my_ip/u_axi4_mapping/u_spu/u_vpu_stream8/fifo_count_r[2]_i_1_n_0                                                                                                                | SoC_i/VPU_Top_0/inst/u_my_ip/u_axi4_mapping/u_spu/u_vpu_stream8/spu_soft_reset_r_reg                                                                  |                2 |              3 |         1.50 |
|  SoC_i/zynq_ultra_ps_e_0/inst/pl_clk0 | SoC_i/axi_smc/inst/m00_nodes/m00_aw_node/inst/inst_si_handler/gen_m_axis_arb_fifo.inst_axis_arb_fifo/gen_pipelined.state[1]_i_1_n_0                                                                    | SoC_i/axi_smc/inst/m00_nodes/m00_aw_node/inst/inst_si_handler/areset_r                                                                                |                1 |              3 |         3.00 |
|  SoC_i/zynq_ultra_ps_e_0/inst/pl_clk0 | SoC_i/axi_smc/inst/s00_entry_pipeline/s00_si_converter/inst/converter.wrap_narrow_inst/w_payld_fifo/cmd_fifo/gen_pipelined.state                                                                       | SoC_i/axi_smc/inst/s00_entry_pipeline/s00_si_converter/inst/areset                                                                                    |                2 |              3 |         1.50 |
|  SoC_i/zynq_ultra_ps_e_0/inst/pl_clk0 | SoC_i/axi_smc/inst/s01_entry_pipeline/s01_transaction_regulator/inst/gen_endpoint.gen_r_singleorder.r_singleorder/gen_id_fifo.singleorder_fifo/gen_pipelined.state[2]_i_1__0_n_0                       | SoC_i/axi_smc/inst/s01_entry_pipeline/s01_transaction_regulator/inst/areset                                                                           |                2 |              3 |         1.50 |
|  SoC_i/zynq_ultra_ps_e_0/inst/pl_clk0 | SoC_i/axi_smc/inst/s00_entry_pipeline/s00_si_converter/inst/gen_normal.splitter_inst/gen_no_wsplitter.gen_endpoint_woffset.gen_wbypass_offset_fifo.wbypass_offset_fifo/gen_pipelined.state             | SoC_i/axi_smc/inst/s00_entry_pipeline/s00_si_converter/inst/areset                                                                                    |                2 |              3 |         1.50 |
|  SoC_i/zynq_ultra_ps_e_0/inst/pl_clk0 | SoC_i/VPU_Top_0/inst/u_my_ip/u_axi4_mapping/u_gemv/FSM_sequential_state_r_reg[2]_1[0]                                                                                                                  | SoC_i/VPU_Top_0/inst/u_my_ip/u_axi4_mapping/u_spu/u_vpu_stream8/spu_soft_reset_r_reg                                                                  |                1 |              3 |         3.00 |
|  SoC_i/zynq_ultra_ps_e_0/inst/pl_clk0 | SoC_i/axi_smc/inst/s01_entry_pipeline/s01_mmu/inst/ar_sreg/state                                                                                                                                       | SoC_i/axi_smc/inst/s01_entry_pipeline/s01_mmu/inst/areset                                                                                             |                1 |              3 |         3.00 |
|  SoC_i/zynq_ultra_ps_e_0/inst/pl_clk0 | SoC_i/VPU_Top_0/inst/u_my_ip/u_axi4_mapping/u_spu/u_vpu_stream8/prefetch_state_r[2]_i_1_n_0                                                                                                            | SoC_i/VPU_Top_0/inst/u_my_ip/u_axi4_mapping/u_spu/u_vpu_stream8/spu_soft_reset_r_reg                                                                  |                2 |              3 |         1.50 |
|  SoC_i/zynq_ultra_ps_e_0/inst/pl_clk0 | SoC_i/VPU_Top_0/inst/u_my_ip/u_axi4_mapping/u_spu/u_vpu_stream8/GEN_ACCUM8[3].u_accum/FSM_sequential_state_r_reg[1]_2                                                                                  | SoC_i/VPU_Top_0/inst/u_my_ip/u_axi4_mapping/u_spu/u_vpu_stream8/spu_soft_reset_r_reg                                                                  |                2 |              3 |         1.50 |
|  SoC_i/zynq_ultra_ps_e_0/inst/pl_clk0 | SoC_i/axi_smc/inst/m00_exit_pipeline/m00_exit/inst/r_reg/state                                                                                                                                         | SoC_i/axi_smc/inst/m00_exit_pipeline/m00_exit/inst/areset                                                                                             |                1 |              3 |         3.00 |
|  SoC_i/zynq_ultra_ps_e_0/inst/pl_clk0 | SoC_i/axi_smc/inst/s00_entry_pipeline/s00_si_converter/inst/converter.wrap_narrow_inst/gen_thread_loop[0].r_payld_fifo/m_valid_i_reg_0[0]                                                              | SoC_i/axi_smc/inst/s00_entry_pipeline/s00_si_converter/inst/areset                                                                                    |                1 |              3 |         3.00 |
|  SoC_i/zynq_ultra_ps_e_0/inst/pl_clk0 | SoC_i/axi_smc/inst/m00_exit_pipeline/m00_exit/inst/b_reg/state                                                                                                                                         | SoC_i/axi_smc/inst/m00_exit_pipeline/m00_exit/inst/areset                                                                                             |                1 |              3 |         3.00 |
|  SoC_i/zynq_ultra_ps_e_0/inst/pl_clk0 | SoC_i/axi_smc/inst/m00_exit_pipeline/m00_exit/inst/aw_reg/state                                                                                                                                        | SoC_i/axi_smc/inst/m00_exit_pipeline/m00_exit/inst/areset                                                                                             |                1 |              3 |         3.00 |
|  SoC_i/zynq_ultra_ps_e_0/inst/pl_clk0 | SoC_i/axi_smc/inst/m00_exit_pipeline/m00_exit/inst/ar_reg/state                                                                                                                                        | SoC_i/axi_smc/inst/m00_exit_pipeline/m00_exit/inst/areset                                                                                             |                1 |              3 |         3.00 |
|  SoC_i/zynq_ultra_ps_e_0/inst/pl_clk0 | SoC_i/axi_smc/inst/m00_exit_pipeline/m00_exit/inst/exit_inst/gen_w_cmd_fifo.w_cmd_fifo/gen_pipelined.state                                                                                             | SoC_i/axi_smc/inst/m00_exit_pipeline/m00_exit/inst/areset                                                                                             |                2 |              3 |         1.50 |
|  SoC_i/zynq_ultra_ps_e_0/inst/pl_clk0 | SoC_i/VPU_Top_0/inst/u_my_ip/u_axi4_mapping/u_gemv/u_pmau_quad3/p_0_in[0]                                                                                                                              | SoC_i/rst_ps8_0_100M/U0/peripheral_aresetn_BUFG[0]                                                                                                    |                1 |              3 |         3.00 |
|  SoC_i/zynq_ultra_ps_e_0/inst/pl_clk0 | SoC_i/axi_smc/inst/s01_entry_pipeline/s01_si_converter/inst/converter.wrap_narrow_inst/ar_reg_slice/state                                                                                              | SoC_i/axi_smc/inst/s01_entry_pipeline/s01_si_converter/inst/areset                                                                                    |                1 |              3 |         3.00 |
|  SoC_i/zynq_ultra_ps_e_0/inst/pl_clk0 | SoC_i/axi_smc/inst/s01_entry_pipeline/s01_si_converter/inst/converter.wrap_narrow_inst/aw_reg_slice/state                                                                                              | SoC_i/axi_smc/inst/s01_entry_pipeline/s01_si_converter/inst/areset                                                                                    |                1 |              3 |         3.00 |
|  SoC_i/zynq_ultra_ps_e_0/inst/pl_clk0 | SoC_i/VPU_Top_0/inst/u_my_ip/u_axi4_mapping/u_gemv/u_pmau_quad3/p_0_in[1]                                                                                                                              | SoC_i/rst_ps8_0_100M/U0/peripheral_aresetn_BUFG[0]                                                                                                    |                1 |              3 |         3.00 |
|  SoC_i/zynq_ultra_ps_e_0/inst/pl_clk0 | SoC_i/axi_smc/inst/s01_entry_pipeline/s01_si_converter/inst/converter.wrap_narrow_inst/gen_thread_loop[0].r_cmd_fifo/gen_pipelined.state                                                               | SoC_i/axi_smc/inst/s01_entry_pipeline/s01_si_converter/inst/areset                                                                                    |                1 |              3 |         3.00 |
|  SoC_i/zynq_ultra_ps_e_0/inst/pl_clk0 | SoC_i/axi_smc/inst/m00_exit_pipeline/m00_exit/inst/exit_inst/gen_r_cmd_fifo.r_cmd_fifo/gen_pipelined.state                                                                                             | SoC_i/axi_smc/inst/m00_exit_pipeline/m00_exit/inst/areset                                                                                             |                2 |              3 |         1.50 |
|  SoC_i/zynq_ultra_ps_e_0/inst/pl_clk0 | SoC_i/axi_smc/inst/s01_entry_pipeline/s01_si_converter/inst/converter.wrap_narrow_inst/gen_thread_loop[0].r_payld_fifo/m_valid_i_reg_0[0]                                                              | SoC_i/axi_smc/inst/s01_entry_pipeline/s01_si_converter/inst/areset                                                                                    |                1 |              3 |         3.00 |
|  SoC_i/zynq_ultra_ps_e_0/inst/pl_clk0 | SoC_i/axi_smc/inst/s01_entry_pipeline/s01_si_converter/inst/converter.wrap_narrow_inst/w_cmd_fifo/gen_pipelined.state                                                                                  | SoC_i/axi_smc/inst/s01_entry_pipeline/s01_si_converter/inst/areset                                                                                    |                1 |              3 |         3.00 |
|  SoC_i/zynq_ultra_ps_e_0/inst/pl_clk0 | SoC_i/VPU_Top_0/inst/u_my_ip/u_axi4_mapping/u_gemv/u_pmau_quad6/p_0_in[1]                                                                                                                              | SoC_i/rst_ps8_0_100M/U0/peripheral_aresetn_BUFG[0]                                                                                                    |                1 |              3 |         3.00 |
|  SoC_i/zynq_ultra_ps_e_0/inst/pl_clk0 | SoC_i/VPU_Top_0/inst/u_my_ip/u_axi4_mapping/u_gemv/u_pmau_quad6/p_0_in__0[0]                                                                                                                           | SoC_i/rst_ps8_0_100M/U0/peripheral_aresetn_BUFG[0]                                                                                                    |                2 |              3 |         1.50 |
|  SoC_i/zynq_ultra_ps_e_0/inst/pl_clk0 | SoC_i/axi_smc/inst/s00_entry_pipeline/s00_mmu/inst/w_sreg/state                                                                                                                                        | SoC_i/axi_smc/inst/s00_entry_pipeline/s00_mmu/inst/areset                                                                                             |                1 |              3 |         3.00 |
|  SoC_i/zynq_ultra_ps_e_0/inst/pl_clk0 | SoC_i/axi_smc/inst/s00_entry_pipeline/s00_si_converter/inst/converter.wrap_narrow_inst/gen_thread_loop[0].r_cmd_fifo/gen_pipelined.state                                                               | SoC_i/axi_smc/inst/s00_entry_pipeline/s00_si_converter/inst/areset                                                                                    |                1 |              3 |         3.00 |
|  SoC_i/zynq_ultra_ps_e_0/inst/pl_clk0 | SoC_i/VPU_Top_0/inst/u_my_ip/u_axi4_mapping/u_gemv/u_pmau_quad7/p_0_in[1]                                                                                                                              | SoC_i/rst_ps8_0_100M/U0/peripheral_aresetn_BUFG[0]                                                                                                    |                2 |              3 |         1.50 |
|  SoC_i/zynq_ultra_ps_e_0/inst/pl_clk0 | SoC_i/VPU_Top_0/inst/u_my_ip/u_axi4_mapping/u_gemv/u_pmau_quad7/raw_burst_blocks_r_reg[2][0]                                                                                                           | SoC_i/rst_ps8_0_100M/U0/peripheral_aresetn_BUFG[0]                                                                                                    |                1 |              3 |         3.00 |
|  SoC_i/zynq_ultra_ps_e_0/inst/pl_clk0 | SoC_i/VPU_Top_0/inst/u_my_ip/u_axi4_mapping/u_gemv/u_pmau_quad7/p_0_in__0[0]                                                                                                                           | SoC_i/rst_ps8_0_100M/U0/peripheral_aresetn_BUFG[0]                                                                                                    |                1 |              3 |         3.00 |
|  SoC_i/zynq_ultra_ps_e_0/inst/pl_clk0 | SoC_i/axi_smc/inst/s01_entry_pipeline/s01_si_converter/inst/converter.wrap_narrow_inst/gen_thread_loop[0].r_payld_fifo/cmd_fifo/gen_pipelined.state                                                    | SoC_i/axi_smc/inst/s01_entry_pipeline/s01_si_converter/inst/areset                                                                                    |                1 |              3 |         3.00 |
|  SoC_i/zynq_ultra_ps_e_0/inst/pl_clk0 | SoC_i/axi_smc/inst/s00_entry_pipeline/s00_si_converter/inst/converter.wrap_narrow_inst/aw_reg_slice/state                                                                                              | SoC_i/axi_smc/inst/s00_entry_pipeline/s00_si_converter/inst/areset                                                                                    |                1 |              3 |         3.00 |
|  SoC_i/zynq_ultra_ps_e_0/inst/pl_clk0 | SoC_i/axi_smc/inst/s01_entry_pipeline/s01_si_converter/inst/gen_normal.splitter_inst/gen_no_wsplitter.gen_endpoint_woffset.gen_wbypass_offset_fifo.wbypass_offset_fifo/gen_pipelined.state             | SoC_i/axi_smc/inst/s01_entry_pipeline/s01_si_converter/inst/areset                                                                                    |                1 |              3 |         3.00 |
|  SoC_i/zynq_ultra_ps_e_0/inst/pl_clk0 | SoC_i/axi_smc/inst/s00_entry_pipeline/s00_si_converter/inst/converter.wrap_narrow_inst/ar_reg_slice/state                                                                                              | SoC_i/axi_smc/inst/s00_entry_pipeline/s00_si_converter/inst/areset                                                                                    |                1 |              3 |         3.00 |
|  SoC_i/zynq_ultra_ps_e_0/inst/pl_clk0 | SoC_i/axi_smc/inst/s00_entry_pipeline/s00_mmu/inst/r_sreg/state                                                                                                                                        | SoC_i/axi_smc/inst/s00_entry_pipeline/s00_mmu/inst/areset                                                                                             |                1 |              3 |         3.00 |
|  SoC_i/zynq_ultra_ps_e_0/inst/pl_clk0 | SoC_i/axi_smc/inst/s01_entry_pipeline/s01_mmu/inst/gen_endpoint.decerr_slave_inst/FSM_onehot_gen_axi.gen_write.write_cs[2]_i_1_n_0                                                                     | SoC_i/axi_smc/inst/s01_entry_pipeline/s01_mmu/inst/areset                                                                                             |                1 |              3 |         3.00 |
|  SoC_i/zynq_ultra_ps_e_0/inst/pl_clk0 | SoC_i/axi_smc/inst/s00_entry_pipeline/s00_mmu/inst/b_sreg/state                                                                                                                                        | SoC_i/axi_smc/inst/s00_entry_pipeline/s00_mmu/inst/areset                                                                                             |                1 |              3 |         3.00 |
|  SoC_i/zynq_ultra_ps_e_0/inst/pl_clk0 | SoC_i/axi_smc/inst/s00_entry_pipeline/s00_si_converter/inst/converter.wrap_narrow_inst/w_payld_fifo/w_accum_continue_d                                                                                 | SoC_i/axi_smc/inst/s00_entry_pipeline/s00_si_converter/inst/areset                                                                                    |                2 |              4 |         2.00 |
|  SoC_i/zynq_ultra_ps_e_0/inst/pl_clk0 | SoC_i/VPU_Top_0/inst/u_my_ip/u_axi4_mapping/u_spu/u_vpu_stream8/GEN_ACCUM8[2].u_accum/state_r[3]_i_1__0_n_0                                                                                            | SoC_i/rst_ps8_0_100M/U0/peripheral_aresetn_BUFG[0]                                                                                                    |                2 |              4 |         2.00 |
|  SoC_i/zynq_ultra_ps_e_0/inst/pl_clk0 | SoC_i/axi_smc/inst/s00_entry_pipeline/s00_si_converter/inst/converter.wrap_narrow_inst/w_payld_fifo/w_payld_push119_out                                                                                | SoC_i/axi_smc/inst/s00_entry_pipeline/s00_si_converter/inst/converter.wrap_narrow_inst/w_cmd_fifo/SR[0]                                               |                2 |              4 |         2.00 |
|  SoC_i/zynq_ultra_ps_e_0/inst/pl_clk0 |                                                                                                                                                                                                        | SoC_i/axi_smc/inst/clk_map/psr_aclk/U0/EXT_LPF/lpf_int                                                                                                |                2 |              4 |         2.00 |
|  SoC_i/zynq_ultra_ps_e_0/inst/pl_clk0 | SoC_i/axi_smc/inst/s01_entry_pipeline/s01_si_converter/inst/converter.wrap_narrow_inst/w_payld_fifo/w_payld_push119_out                                                                                | SoC_i/axi_smc/inst/s01_entry_pipeline/s01_si_converter/inst/converter.wrap_narrow_inst/w_cmd_fifo/SR[0]                                               |                2 |              4 |         2.00 |
|  SoC_i/zynq_ultra_ps_e_0/inst/pl_clk0 |                                                                                                                                                                                                        | SoC_i/axi_smc/inst/m00_nodes/m00_ar_node/inst/inst_mi_handler/m_sc_areset_r                                                                           |                3 |              4 |         1.33 |
|  SoC_i/zynq_ultra_ps_e_0/inst/pl_clk0 |                                                                                                                                                                                                        | SoC_i/axi_smc/inst/m00_nodes/m00_aw_node/inst/inst_mi_handler/m_sc_areset_r                                                                           |                4 |              4 |         1.00 |
|  SoC_i/zynq_ultra_ps_e_0/inst/pl_clk0 | SoC_i/VPU_Top_0/inst/u_my_ip/u_axi4_mapping/u_spu/u_vpu_stream8/GEN_ACCUM8[0].u_accum/state_r[3]_i_1__3_n_0                                                                                            | SoC_i/rst_ps8_0_100M/U0/peripheral_aresetn_BUFG[0]                                                                                                    |                3 |              4 |         1.33 |
|  SoC_i/zynq_ultra_ps_e_0/inst/pl_clk0 | SoC_i/axi_smc/inst/s00_entry_pipeline/s00_si_converter/inst/converter.wrap_narrow_inst/w_cmd_fifo/fifoaddr[3]_i_1__1_n_0                                                                               | SoC_i/axi_smc/inst/s00_entry_pipeline/s00_si_converter/inst/areset                                                                                    |                1 |              4 |         4.00 |
|  SoC_i/zynq_ultra_ps_e_0/inst/pl_clk0 |                                                                                                                                                                                                        | SoC_i/axi_smc/inst/m00_nodes/m00_w_node/inst/inst_mi_handler/m_sc_areset_r                                                                            |                4 |              4 |         1.00 |
|  SoC_i/zynq_ultra_ps_e_0/inst/pl_clk0 |                                                                                                                                                                                                        | SoC_i/axi_smc/inst/m00_nodes/m00_w_node/inst/inst_si_handler/areset_r                                                                                 |                2 |              4 |         2.00 |
|  SoC_i/zynq_ultra_ps_e_0/inst/pl_clk0 |                                                                                                                                                                                                        | SoC_i/axi_smc/inst/s00_nodes/s00_b_node/inst/inst_mi_handler/m_sc_areset_r                                                                            |                4 |              4 |         1.00 |
|  SoC_i/zynq_ultra_ps_e_0/inst/pl_clk0 |                                                                                                                                                                                                        | SoC_i/axi_smc/inst/s00_nodes/s00_r_node/inst/inst_mi_handler/m_sc_areset_r                                                                            |                4 |              4 |         1.00 |
|  SoC_i/zynq_ultra_ps_e_0/inst/pl_clk0 | SoC_i/VPU_Top_0/inst/u_my_ip/u_axi4_mapping/u_gemv/u_pmau_quad7/state_r_reg[3][0]                                                                                                                      | SoC_i/rst_ps8_0_100M/U0/peripheral_aresetn_BUFG[0]                                                                                                    |                4 |              4 |         1.00 |
|  SoC_i/zynq_ultra_ps_e_0/inst/pl_clk0 | SoC_i/VPU_Top_0/inst/u_my_ip/u_axi4_mapping/u_spu/u_spu_controller/u_rope/FSM_onehot_state_r[3]_i_1__0_n_0                                                                                             | SoC_i/rst_ps8_0_100M/U0/peripheral_aresetn_BUFG[0]                                                                                                    |                1 |              4 |         4.00 |
|  SoC_i/zynq_ultra_ps_e_0/inst/pl_clk0 | SoC_i/axi_smc/inst/m00_exit_pipeline/m00_exit/inst/exit_inst/gen_r_cmd_fifo.r_cmd_fifo/fifoaddr[3]_i_1_n_0                                                                                             | SoC_i/axi_smc/inst/m00_exit_pipeline/m00_exit/inst/areset                                                                                             |                2 |              4 |         2.00 |
|  SoC_i/zynq_ultra_ps_e_0/inst/pl_clk0 |                                                                                                                                                                                                        | SoC_i/axi_smc/inst/s01_nodes/s01_b_node/inst/inst_mi_handler/m_sc_areset_r                                                                            |                3 |              4 |         1.33 |
|  SoC_i/zynq_ultra_ps_e_0/inst/pl_clk0 |                                                                                                                                                                                                        | SoC_i/axi_smc/inst/s01_nodes/s01_r_node/inst/inst_mi_handler/m_sc_areset_r                                                                            |                3 |              4 |         1.33 |
|  SoC_i/zynq_ultra_ps_e_0/inst/pl_clk0 | SoC_i/VPU_Top_0/inst/u_my_ip/u_axi4_mapping/u_spu/u_spu_controller/u_rmsnorm/FSM_onehot_state_r[3]_i_1_n_0                                                                                             | SoC_i/rst_ps8_0_100M/U0/peripheral_aresetn_BUFG[0]                                                                                                    |                2 |              4 |         2.00 |
|  SoC_i/zynq_ultra_ps_e_0/inst/pl_clk0 |                                                                                                                                                                                                        | SoC_i/rst_ps8_0_100M/U0/EXT_LPF/lpf_int                                                                                                               |                2 |              4 |         2.00 |
|  SoC_i/zynq_ultra_ps_e_0/inst/pl_clk0 | SoC_i/axi_smc/inst/s01_entry_pipeline/s01_si_converter/inst/converter.wrap_narrow_inst/w_payld_fifo/w_accum_continue_d                                                                                 | SoC_i/axi_smc/inst/s01_entry_pipeline/s01_si_converter/inst/areset                                                                                    |                4 |              4 |         1.00 |
|  SoC_i/zynq_ultra_ps_e_0/inst/pl_clk0 | SoC_i/axi_smc/inst/s01_entry_pipeline/s01_si_converter/inst/converter.wrap_narrow_inst/w_payld_fifo/E[0]                                                                                               | SoC_i/axi_smc/inst/s01_entry_pipeline/s01_si_converter/inst/areset                                                                                    |                1 |              4 |         4.00 |
|  SoC_i/zynq_ultra_ps_e_0/inst/pl_clk0 | SoC_i/axi_smc/inst/s01_entry_pipeline/s01_si_converter/inst/converter.wrap_narrow_inst/w_payld_fifo/cmd_fifo/fifoaddr[3]_i_1__4_n_0                                                                    | SoC_i/axi_smc/inst/s01_entry_pipeline/s01_si_converter/inst/areset                                                                                    |                1 |              4 |         4.00 |
|  SoC_i/zynq_ultra_ps_e_0/inst/pl_clk0 | SoC_i/axi_smc/inst/s00_entry_pipeline/s00_transaction_regulator/inst/gen_endpoint.gen_r_singleorder.r_singleorder/gen_id_fifo.singleorder_fifo/fifoaddr[3]_i_1__0_n_0                                  | SoC_i/axi_smc/inst/s00_entry_pipeline/s00_transaction_regulator/inst/areset                                                                           |                2 |              4 |         2.00 |
|  SoC_i/zynq_ultra_ps_e_0/inst/pl_clk0 | SoC_i/VPU_Top_0/inst/u_my_ip/u_axi4_mapping/u_spu/u_vpu_stream8/GEN_ACCUM8[1].u_accum/state_r[3]_i_1__8_n_0                                                                                            | SoC_i/rst_ps8_0_100M/U0/peripheral_aresetn_BUFG[0]                                                                                                    |                1 |              4 |         4.00 |
|  SoC_i/zynq_ultra_ps_e_0/inst/pl_clk0 | SoC_i/VPU_Top_0/inst/u_my_ip/u_axi4_mapping/u_gemv/u_pmau_pair/fifo_count[3]_i_1__3_n_0                                                                                                                | SoC_i/rst_ps8_0_100M/U0/peripheral_aresetn_BUFG[0]                                                                                                    |                1 |              4 |         4.00 |
|  SoC_i/zynq_ultra_ps_e_0/inst/pl_clk0 | SoC_i/VPU_Top_0/inst/u_my_ip/u_axi4_mapping/u_gemv/u_pmau_pair/inflight_result_count[3]_i_1__2_n_0                                                                                                     | SoC_i/rst_ps8_0_100M/U0/peripheral_aresetn_BUFG[0]                                                                                                    |                1 |              4 |         4.00 |
|  SoC_i/zynq_ultra_ps_e_0/inst/pl_clk0 | SoC_i/axi_smc/inst/s01_entry_pipeline/s01_transaction_regulator/inst/gen_endpoint.gen_w_singleorder.w_singleorder/gen_id_fifo.singleorder_fifo/fifoaddr[3]_i_1_n_0                                     | SoC_i/axi_smc/inst/s01_entry_pipeline/s01_transaction_regulator/inst/areset                                                                           |                2 |              4 |         2.00 |
|  SoC_i/zynq_ultra_ps_e_0/inst/pl_clk0 | SoC_i/VPU_Top_0/inst/u_my_ip/u_axi4_mapping/u_spu/u_spu_controller/u_q8_scale_accum/state_r_reg[5]_rep__0[0]                                                                                           | SoC_i/VPU_Top_0/inst/u_my_ip/u_axi4_mapping/u_spu/u_vpu_stream8/spu_soft_reset_r_reg                                                                  |                3 |              4 |         1.33 |
|  SoC_i/zynq_ultra_ps_e_0/inst/pl_clk0 | SoC_i/axi_smc/inst/s00_entry_pipeline/s00_si_converter/inst/converter.wrap_narrow_inst/w_payld_fifo/cmd_fifo/fifoaddr[3]_i_1__4_n_0                                                                    | SoC_i/axi_smc/inst/s00_entry_pipeline/s00_si_converter/inst/areset                                                                                    |                1 |              4 |         4.00 |
|  SoC_i/zynq_ultra_ps_e_0/inst/pl_clk0 | SoC_i/VPU_Top_0/inst/u_my_ip/u_axi4_mapping/u_spu/u_spu_controller/u_q8_scale_accum/state_r[3]_i_1__9_n_0                                                                                              | SoC_i/rst_ps8_0_100M/U0/peripheral_aresetn_BUFG[0]                                                                                                    |                1 |              4 |         4.00 |
|  SoC_i/zynq_ultra_ps_e_0/inst/pl_clk0 | SoC_i/axi_smc/inst/s00_entry_pipeline/s00_si_converter/inst/converter.wrap_narrow_inst/w_payld_fifo/cmd_fifo/last_beat_reg[0]                                                                          |                                                                                                                                                       |                3 |              4 |         1.33 |
|  SoC_i/zynq_ultra_ps_e_0/inst/pl_clk0 | SoC_i/VPU_Top_0/inst/u_my_ip/u_axi4_mapping/u_gemv/weight_wr_strb_leaf[59][3]_i_1_n_0                                                                                                                  | SoC_i/rst_ps8_0_100M/U0/peripheral_aresetn_BUFG[0]                                                                                                    |                1 |              4 |         4.00 |
|  SoC_i/zynq_ultra_ps_e_0/inst/pl_clk0 | SoC_i/VPU_Top_0/inst/u_my_ip/u_axi4_mapping/u_gemv/weight_wr_strb_leaf[52][3]_i_1_n_0                                                                                                                  | SoC_i/rst_ps8_0_100M/U0/peripheral_aresetn_BUFG[0]                                                                                                    |                1 |              4 |         4.00 |
|  SoC_i/zynq_ultra_ps_e_0/inst/pl_clk0 | SoC_i/axi_smc/inst/s01_entry_pipeline/s01_si_converter/inst/converter.wrap_narrow_inst/gen_thread_loop[0].r_payld_fifo/cmd_fifo/last_beat_reg[0]                                                       |                                                                                                                                                       |                2 |              4 |         2.00 |
|  SoC_i/zynq_ultra_ps_e_0/inst/pl_clk0 | SoC_i/VPU_Top_0/inst/u_my_ip/u_axi4_mapping/u_gemv/u_pmau_quad4/fifo_count[3]_i_1_n_0                                                                                                                  | SoC_i/rst_ps8_0_100M/U0/peripheral_aresetn_BUFG[0]                                                                                                    |                1 |              4 |         4.00 |
|  SoC_i/zynq_ultra_ps_e_0/inst/pl_clk0 | SoC_i/VPU_Top_0/inst/u_my_ip/u_axi4_mapping/u_gemv/weight_wr_strb_leaf[37][3]_i_1_n_0                                                                                                                  | SoC_i/rst_ps8_0_100M/U0/peripheral_aresetn_BUFG[0]                                                                                                    |                1 |              4 |         4.00 |
|  SoC_i/zynq_ultra_ps_e_0/inst/pl_clk0 | SoC_i/axi_smc/inst/s00_entry_pipeline/s00_si_converter/inst/converter.wrap_narrow_inst/gen_thread_loop[0].r_payld_fifo/areset_reg_0[0]                                                                 |                                                                                                                                                       |                2 |              4 |         2.00 |
|  SoC_i/zynq_ultra_ps_e_0/inst/pl_clk0 | SoC_i/VPU_Top_0/inst/u_my_ip/u_axi4_mapping/u_gemv/u_pmau_quad4/inflight_result_count[3]_i_1__0_n_0                                                                                                    | SoC_i/rst_ps8_0_100M/U0/peripheral_aresetn_BUFG[0]                                                                                                    |                1 |              4 |         4.00 |
|  SoC_i/zynq_ultra_ps_e_0/inst/pl_clk0 | SoC_i/axi_smc/inst/s00_entry_pipeline/s00_si_converter/inst/converter.wrap_narrow_inst/gen_thread_loop[0].r_payld_fifo/r_acceptance_reg[2][0]                                                          | SoC_i/axi_smc/inst/s00_entry_pipeline/s00_si_converter/inst/areset                                                                                    |                2 |              4 |         2.00 |
|  SoC_i/zynq_ultra_ps_e_0/inst/pl_clk0 | SoC_i/axi_smc/inst/s01_entry_pipeline/s01_si_converter/inst/converter.wrap_narrow_inst/gen_thread_loop[0].r_cmd_fifo/fifoaddr[3]_i_1_n_0                                                               | SoC_i/axi_smc/inst/s01_entry_pipeline/s01_si_converter/inst/areset                                                                                    |                2 |              4 |         2.00 |
|  SoC_i/zynq_ultra_ps_e_0/inst/pl_clk0 | SoC_i/axi_smc/inst/s01_entry_pipeline/s01_si_converter/inst/converter.wrap_narrow_inst/gen_thread_loop[0].r_payld_fifo/r_acceptance_reg[2][0]                                                          | SoC_i/axi_smc/inst/s01_entry_pipeline/s01_si_converter/inst/areset                                                                                    |                1 |              4 |         4.00 |
|  SoC_i/zynq_ultra_ps_e_0/inst/pl_clk0 | SoC_i/axi_smc/inst/s01_entry_pipeline/s01_si_converter/inst/converter.wrap_narrow_inst/w_cmd_fifo/fifoaddr[3]_i_1__1_n_0                                                                               | SoC_i/axi_smc/inst/s01_entry_pipeline/s01_si_converter/inst/areset                                                                                    |                2 |              4 |         2.00 |
|  SoC_i/zynq_ultra_ps_e_0/inst/pl_clk0 | SoC_i/axi_smc/inst/s01_entry_pipeline/s01_si_converter/inst/converter.wrap_narrow_inst/gen_thread_loop[0].r_payld_fifo/areset_reg_0[0]                                                                 |                                                                                                                                                       |                3 |              4 |         1.33 |
|  SoC_i/zynq_ultra_ps_e_0/inst/pl_clk0 | SoC_i/VPU_Top_0/inst/u_my_ip/u_axi4_mapping/u_gemv/u_pmau_quad3/inflight_result_count[3]_i_1__3_n_0                                                                                                    | SoC_i/rst_ps8_0_100M/U0/peripheral_aresetn_BUFG[0]                                                                                                    |                1 |              4 |         4.00 |
|  SoC_i/zynq_ultra_ps_e_0/inst/pl_clk0 | SoC_i/VPU_Top_0/inst/u_my_ip/u_axi4_mapping/u_gemv/u_pmau_quad2/inflight_result_count[3]_i_1__1_n_0                                                                                                    | SoC_i/rst_ps8_0_100M/U0/peripheral_aresetn_BUFG[0]                                                                                                    |                1 |              4 |         4.00 |
|  SoC_i/zynq_ultra_ps_e_0/inst/pl_clk0 | SoC_i/axi_smc/inst/s01_entry_pipeline/s01_si_converter/inst/converter.wrap_narrow_inst/gen_thread_loop[0].r_payld_fifo/cmd_fifo/fifoaddr[3]_i_1__3_n_0                                                 | SoC_i/axi_smc/inst/s01_entry_pipeline/s01_si_converter/inst/areset                                                                                    |                1 |              4 |         4.00 |
|  SoC_i/zynq_ultra_ps_e_0/inst/pl_clk0 | SoC_i/VPU_Top_0/inst/u_my_ip/u_axi4_mapping/u_gemv/u_pmau_quad3/fifo_count[3]_i_1__2_n_0                                                                                                               | SoC_i/rst_ps8_0_100M/U0/peripheral_aresetn_BUFG[0]                                                                                                    |                1 |              4 |         4.00 |
|  SoC_i/zynq_ultra_ps_e_0/inst/pl_clk0 | SoC_i/axi_smc/inst/m00_nodes/m00_aw_node/inst/inst_si_handler/gen_m_axis_arb_fifo.inst_axis_arb_fifo/fifoaddr[3]_i_1_n_0                                                                               | SoC_i/axi_smc/inst/m00_nodes/m00_aw_node/inst/inst_si_handler/areset_r                                                                                |                2 |              4 |         2.00 |
|  SoC_i/zynq_ultra_ps_e_0/inst/pl_clk0 | SoC_i/axi_smc/inst/s00_entry_pipeline/s00_si_converter/inst/converter.wrap_narrow_inst/gen_thread_loop[0].r_payld_fifo/cmd_fifo/fifoaddr[3]_i_1__3_n_0                                                 | SoC_i/axi_smc/inst/s00_entry_pipeline/s00_si_converter/inst/areset                                                                                    |                1 |              4 |         4.00 |
|  SoC_i/zynq_ultra_ps_e_0/inst/pl_clk0 | SoC_i/axi_smc/inst/s01_entry_pipeline/s01_transaction_regulator/inst/gen_endpoint.gen_r_singleorder.r_singleorder/gen_id_fifo.singleorder_fifo/fifoaddr[3]_i_1__0_n_0                                  | SoC_i/axi_smc/inst/s01_entry_pipeline/s01_transaction_regulator/inst/areset                                                                           |                1 |              4 |         4.00 |
|  SoC_i/zynq_ultra_ps_e_0/inst/pl_clk0 | SoC_i/VPU_Top_0/inst/u_my_ip/u_axi4_mapping/u_spu/u_vpu_stream8/GEN_ACCUM8[3].u_accum/state_r[3]_i_1_n_0                                                                                               | SoC_i/rst_ps8_0_100M/U0/peripheral_aresetn_BUFG[0]                                                                                                    |                1 |              4 |         4.00 |
|  SoC_i/zynq_ultra_ps_e_0/inst/pl_clk0 | SoC_i/axi_smc/inst/s00_entry_pipeline/s00_si_converter/inst/converter.wrap_narrow_inst/gen_thread_loop[0].r_payld_fifo/cmd_fifo/last_beat_reg[0]                                                       |                                                                                                                                                       |                1 |              4 |         4.00 |
|  SoC_i/zynq_ultra_ps_e_0/inst/pl_clk0 | SoC_i/VPU_Top_0/inst/u_my_ip/u_axi4_mapping/u_gemv/u_pmau_quad2/fifo_count[3]_i_1__0_n_0                                                                                                               | SoC_i/rst_ps8_0_100M/U0/peripheral_aresetn_BUFG[0]                                                                                                    |                1 |              4 |         4.00 |
|  SoC_i/zynq_ultra_ps_e_0/inst/pl_clk0 | SoC_i/VPU_Top_0/inst/u_my_ip/u_axi4_mapping/u_gemv/u_pmau_quad7/inflight_result_count[3]_i_1__6_n_0                                                                                                    | SoC_i/rst_ps8_0_100M/U0/peripheral_aresetn_BUFG[0]                                                                                                    |                1 |              4 |         4.00 |
|  SoC_i/zynq_ultra_ps_e_0/inst/pl_clk0 | SoC_i/axi_smc/inst/s00_entry_pipeline/s00_si_converter/inst/gen_normal.splitter_inst/gen_no_wsplitter.gen_endpoint_woffset.gen_wbypass_offset_fifo.wbypass_offset_fifo/fifoaddr[3]_i_1__5_n_0          | SoC_i/axi_smc/inst/s00_entry_pipeline/s00_si_converter/inst/areset                                                                                    |                2 |              4 |         2.00 |
|  SoC_i/zynq_ultra_ps_e_0/inst/pl_clk0 | SoC_i/axi_smc/inst/s00_entry_pipeline/s00_transaction_regulator/inst/gen_endpoint.gen_w_singleorder.w_singleorder/gen_id_fifo.singleorder_fifo/fifoaddr[3]_i_1_n_0                                     | SoC_i/axi_smc/inst/s00_entry_pipeline/s00_transaction_regulator/inst/areset                                                                           |                2 |              4 |         2.00 |
|  SoC_i/zynq_ultra_ps_e_0/inst/pl_clk0 | SoC_i/VPU_Top_0/inst/u_my_ip/u_axi4_mapping/u_spu/u_vpu_stream_pair_scale_accum/state_r[3]_i_1__1_n_0                                                                                                  | SoC_i/rst_ps8_0_100M/U0/peripheral_aresetn_BUFG[0]                                                                                                    |                1 |              4 |         4.00 |
|  SoC_i/zynq_ultra_ps_e_0/inst/pl_clk0 | SoC_i/VPU_Top_0/inst/u_my_ip/u_axi4_mapping/u_gemv/u_pmau/fifo_count[3]_i_1__4_n_0                                                                                                                     | SoC_i/rst_ps8_0_100M/U0/peripheral_aresetn_BUFG[0]                                                                                                    |                1 |              4 |         4.00 |
|  SoC_i/zynq_ultra_ps_e_0/inst/pl_clk0 | SoC_i/VPU_Top_0/inst/u_my_ip/u_axi4_mapping/u_gemv/u_pmau_quad6/inflight_result_count[3]_i_1__4_n_0                                                                                                    | SoC_i/rst_ps8_0_100M/U0/peripheral_aresetn_BUFG[0]                                                                                                    |                1 |              4 |         4.00 |
|  SoC_i/zynq_ultra_ps_e_0/inst/pl_clk0 | SoC_i/VPU_Top_0/inst/u_my_ip/u_axi4_mapping/u_gemv/u_pmau_quad6/fifo_count[3]_i_1__5_n_0                                                                                                               | SoC_i/rst_ps8_0_100M/U0/peripheral_aresetn_BUFG[0]                                                                                                    |                1 |              4 |         4.00 |
|  SoC_i/zynq_ultra_ps_e_0/inst/pl_clk0 | SoC_i/VPU_Top_0/inst/u_my_ip/u_axi4_mapping/u_gemv/rd_pipe_en_r                                                                                                                                        | SoC_i/rst_ps8_0_100M/U0/peripheral_aresetn_BUFG[0]                                                                                                    |                2 |              4 |         2.00 |
|  SoC_i/zynq_ultra_ps_e_0/inst/pl_clk0 | SoC_i/VPU_Top_0/inst/u_my_ip/u_axi4_mapping/u_gemv/u_pmau/inflight_result_count[3]_i_1__5_n_0                                                                                                          | SoC_i/rst_ps8_0_100M/U0/peripheral_aresetn_BUFG[0]                                                                                                    |                1 |              4 |         4.00 |
|  SoC_i/zynq_ultra_ps_e_0/inst/pl_clk0 | SoC_i/VPU_Top_0/inst/u_my_ip/u_axi4_mapping/u_spu/u_vpu_stream8/GEN_ACCUM8[4].u_accum/state_r[3]_i_1__4_n_0                                                                                            | SoC_i/rst_ps8_0_100M/U0/peripheral_aresetn_BUFG[0]                                                                                                    |                2 |              4 |         2.00 |
|  SoC_i/zynq_ultra_ps_e_0/inst/pl_clk0 | SoC_i/VPU_Top_0/inst/u_my_ip/u_axi4_mapping/u_gemv/u_pmau_quad7/fifo_count[3]_i_1__6_n_0                                                                                                               | SoC_i/rst_ps8_0_100M/U0/peripheral_aresetn_BUFG[0]                                                                                                    |                1 |              4 |         4.00 |
|  SoC_i/zynq_ultra_ps_e_0/inst/pl_clk0 | SoC_i/axi_smc/inst/s01_entry_pipeline/s01_si_converter/inst/converter.wrap_narrow_inst/w_payld_fifo/cmd_fifo/last_beat_reg[0]                                                                          |                                                                                                                                                       |                2 |              4 |         2.00 |
|  SoC_i/zynq_ultra_ps_e_0/inst/pl_clk0 | SoC_i/VPU_Top_0/inst/u_my_ip/u_axi4_mapping/u_spu/u_vpu_stream_scale_accum/state_r[3]_i_1__2_n_0                                                                                                       | SoC_i/rst_ps8_0_100M/U0/peripheral_aresetn_BUFG[0]                                                                                                    |                1 |              4 |         4.00 |
|  SoC_i/zynq_ultra_ps_e_0/inst/pl_clk0 | SoC_i/VPU_Top_0/inst/u_my_ip/u_axi4_mapping/u_spu/u_vpu_stream8/GEN_ACCUM8[5].u_accum/state_r[3]_i_1__5_n_0                                                                                            | SoC_i/rst_ps8_0_100M/U0/peripheral_aresetn_BUFG[0]                                                                                                    |                1 |              4 |         4.00 |
|  SoC_i/zynq_ultra_ps_e_0/inst/pl_clk0 | SoC_i/VPU_Top_0/inst/u_my_ip/u_axi4_mapping/u_gemv/u_pmau_quad5/inflight_result_count[3]_i_1_n_0                                                                                                       | SoC_i/rst_ps8_0_100M/U0/peripheral_aresetn_BUFG[0]                                                                                                    |                1 |              4 |         4.00 |
|  SoC_i/zynq_ultra_ps_e_0/inst/pl_clk0 | SoC_i/axi_smc/inst/m00_exit_pipeline/m00_exit/inst/exit_inst/gen_w_cmd_fifo.w_cmd_fifo/fifoaddr[3]_i_1__0_n_0                                                                                          | SoC_i/axi_smc/inst/m00_exit_pipeline/m00_exit/inst/areset                                                                                             |                2 |              4 |         2.00 |
|  SoC_i/zynq_ultra_ps_e_0/inst/pl_clk0 | SoC_i/VPU_Top_0/inst/u_my_ip/u_axi4_mapping/u_gemv/u_pmau_quad5/fifo_count[3]_i_1__1_n_0                                                                                                               | SoC_i/rst_ps8_0_100M/U0/peripheral_aresetn_BUFG[0]                                                                                                    |                1 |              4 |         4.00 |
|  SoC_i/zynq_ultra_ps_e_0/inst/pl_clk0 | SoC_i/VPU_Top_0/inst/u_my_ip/u_axi4_mapping/u_gemv/weight_wr_strb_leaf[14][3]_i_1_n_0                                                                                                                  | SoC_i/rst_ps8_0_100M/U0/peripheral_aresetn_BUFG[0]                                                                                                    |                1 |              4 |         4.00 |
|  SoC_i/zynq_ultra_ps_e_0/inst/pl_clk0 | SoC_i/VPU_Top_0/inst/u_my_ip/u_axi4_mapping/u_spu/u_vpu_stream8/GEN_ACCUM8[7].u_accum/state_r[3]_i_1__7_n_0                                                                                            | SoC_i/rst_ps8_0_100M/U0/peripheral_aresetn_BUFG[0]                                                                                                    |                3 |              4 |         1.33 |
|  SoC_i/zynq_ultra_ps_e_0/inst/pl_clk0 | SoC_i/axi_smc/inst/s00_entry_pipeline/s00_si_converter/inst/converter.wrap_narrow_inst/gen_thread_loop[0].r_cmd_fifo/fifoaddr[3]_i_1_n_0                                                               | SoC_i/axi_smc/inst/s00_entry_pipeline/s00_si_converter/inst/areset                                                                                    |                2 |              4 |         2.00 |
|  SoC_i/zynq_ultra_ps_e_0/inst/pl_clk0 | SoC_i/VPU_Top_0/inst/u_my_ip/u_axi4_mapping/u_spu/u_vpu_stream8/GEN_ACCUM8[6].u_accum/state_r[3]_i_1__6_n_0                                                                                            | SoC_i/rst_ps8_0_100M/U0/peripheral_aresetn_BUFG[0]                                                                                                    |                1 |              4 |         4.00 |
|  SoC_i/zynq_ultra_ps_e_0/inst/pl_clk0 | SoC_i/VPU_Top_0/inst/u_my_ip/u_axi4_mapping/u_spu/u_spu_controller/u_silu_mul/CEB2                                                                                                                     | SoC_i/rst_ps8_0_100M/U0/peripheral_aresetn_BUFG[0]                                                                                                    |                2 |              5 |         2.50 |
|  SoC_i/zynq_ultra_ps_e_0/inst/pl_clk0 | SoC_i/VPU_Top_0/inst/u_my_ip/u_axi4_mapping/u_spu/u_spu_controller/u_rmsnorm/lane_idx_r                                                                                                                | SoC_i/rst_ps8_0_100M/U0/peripheral_aresetn_BUFG[0]                                                                                                    |                1 |              5 |         5.00 |
|  SoC_i/zynq_ultra_ps_e_0/inst/pl_clk0 | SoC_i/axi_smc/inst/s01_entry_pipeline/s01_si_converter/inst/converter.wrap_narrow_inst/w_payld_fifo/fifoaddr                                                                                           | SoC_i/axi_smc/inst/s01_entry_pipeline/s01_si_converter/inst/areset                                                                                    |                2 |              5 |         2.50 |
|  SoC_i/zynq_ultra_ps_e_0/inst/pl_clk0 | SoC_i/VPU_Top_0/inst/u_my_ip/u_axi4_mapping/u_spu/u_spu_controller/u_quantize_q8_0/div_bits_left_r                                                                                                     | SoC_i/rst_ps8_0_100M/U0/peripheral_aresetn_BUFG[0]                                                                                                    |                4 |              5 |         1.25 |
|  SoC_i/zynq_ultra_ps_e_0/inst/pl_clk0 | SoC_i/axi_smc/inst/s01_entry_pipeline/s01_si_converter/inst/converter.wrap_narrow_inst/gen_thread_loop[0].r_payld_fifo/fifoaddr                                                                        | SoC_i/axi_smc/inst/s01_entry_pipeline/s01_si_converter/inst/areset                                                                                    |                2 |              5 |         2.50 |
|  SoC_i/zynq_ultra_ps_e_0/inst/pl_clk0 | SoC_i/axi_smc/inst/s00_entry_pipeline/s00_si_converter/inst/converter.wrap_narrow_inst/w_payld_fifo/fifoaddr                                                                                           | SoC_i/axi_smc/inst/s00_entry_pipeline/s00_si_converter/inst/areset                                                                                    |                2 |              5 |         2.50 |
|  SoC_i/zynq_ultra_ps_e_0/inst/pl_clk0 | SoC_i/axi_smc/inst/s01_entry_pipeline/s01_mmu/inst/ar_sreg/state_reg[s_ready_i]_0[0]                                                                                                                   | SoC_i/axi_smc/inst/s01_entry_pipeline/s01_mmu/inst/areset                                                                                             |                1 |              5 |         5.00 |
|  SoC_i/zynq_ultra_ps_e_0/inst/pl_clk0 | SoC_i/axi_smc/inst/s01_entry_pipeline/s01_mmu/inst/aw_sreg/E[0]                                                                                                                                        | SoC_i/axi_smc/inst/s01_entry_pipeline/s01_mmu/inst/areset_d                                                                                           |                2 |              5 |         2.50 |
|  SoC_i/zynq_ultra_ps_e_0/inst/pl_clk0 | SoC_i/axi_smc/inst/s00_entry_pipeline/s00_mmu/inst/w_sreg/E[0]                                                                                                                                         | SoC_i/axi_smc/inst/s00_entry_pipeline/s00_mmu/inst/areset_d                                                                                           |                3 |              5 |         1.67 |
|  SoC_i/zynq_ultra_ps_e_0/inst/pl_clk0 | SoC_i/axi_smc/inst/s00_entry_pipeline/s00_si_converter/inst/converter.wrap_narrow_inst/gen_thread_loop[0].r_payld_fifo/fifoaddr                                                                        | SoC_i/axi_smc/inst/s00_entry_pipeline/s00_si_converter/inst/areset                                                                                    |                3 |              5 |         1.67 |
|  SoC_i/zynq_ultra_ps_e_0/inst/pl_clk0 | SoC_i/VPU_Top_0/inst/u_my_ip/u_axi4_mapping/u_gemv/u_pmau_quad5/result_i8_mode_r_reg_3[0]                                                                                                              | SoC_i/rst_ps8_0_100M/U0/peripheral_aresetn_BUFG[0]                                                                                                    |                3 |              5 |         1.67 |
|  SoC_i/zynq_ultra_ps_e_0/inst/pl_clk0 | SoC_i/axi_smc/inst/s01_entry_pipeline/s01_mmu/inst/w_sreg/E[0]                                                                                                                                         | SoC_i/axi_smc/inst/s01_entry_pipeline/s01_mmu/inst/areset_d                                                                                           |                2 |              5 |         2.50 |
|  SoC_i/zynq_ultra_ps_e_0/inst/pl_clk0 | SoC_i/axi_smc/inst/s00_entry_pipeline/s00_mmu/inst/aw_sreg/E[0]                                                                                                                                        | SoC_i/axi_smc/inst/s00_entry_pipeline/s00_mmu/inst/areset_d                                                                                           |                1 |              5 |         5.00 |
|  SoC_i/zynq_ultra_ps_e_0/inst/pl_clk0 | SoC_i/VPU_Top_0/inst/u_my_ip/u_axi4_mapping/u_spu/u_vpu_stream8/read_req_scratch_valid_r_i_1_n_0                                                                                                       | SoC_i/VPU_Top_0/inst/u_my_ip/u_axi4_mapping/u_spu/u_vpu_stream8/spu_soft_reset_r_reg                                                                  |                2 |              5 |         2.50 |
|  SoC_i/zynq_ultra_ps_e_0/inst/pl_clk0 | SoC_i/axi_smc/inst/s00_entry_pipeline/s00_mmu/inst/ar_sreg/state_reg[s_ready_i]_0[0]                                                                                                                   | SoC_i/axi_smc/inst/s00_entry_pipeline/s00_mmu/inst/areset                                                                                             |                2 |              5 |         2.50 |
|  SoC_i/zynq_ultra_ps_e_0/inst/pl_clk0 | SoC_i/axi_smc/inst/s01_nodes/s01_w_node/inst/inst_mi_handler/gen_normal_area.inst_fifo_send/m_sc_req[0]                                                                                                | SoC_i/axi_smc/inst/m00_nodes/m00_w_node/inst/inst_si_handler/areset_r                                                                                 |                2 |              6 |         3.00 |
|  SoC_i/zynq_ultra_ps_e_0/inst/pl_clk0 | SoC_i/axi_smc/inst/m00_nodes/m00_w_node/inst/inst_mi_handler/gen_normal_area.gen_node_prog_full.inst_node_prog_full/gen_xpm_memory_fifo.inst_fifo/gen_mem_rep[0].inst_rd_addrb/rd_addrb_incr           | SoC_i/axi_smc/inst/m00_nodes/m00_w_node/inst/inst_mi_handler/m_sc_areset_r                                                                            |                3 |              6 |         2.00 |
|  SoC_i/zynq_ultra_ps_e_0/inst/pl_clk0 | SoC_i/axi_smc/inst/m00_nodes/m00_aw_node/inst/inst_mi_handler/gen_normal_area.gen_node_prog_full.inst_node_prog_full/gen_xpm_memory_fifo.inst_fifo/gen_mem_rep[0].inst_rd_addrb/rd_addrb_incr          | SoC_i/axi_smc/inst/m00_nodes/m00_aw_node/inst/inst_mi_handler/m_sc_areset_r                                                                           |                4 |              6 |         1.50 |
|  SoC_i/zynq_ultra_ps_e_0/inst/pl_clk0 | SoC_i/axi_smc/inst/m00_nodes/m00_ar_node/inst/inst_mi_handler/gen_normal_area.gen_node_prog_full.inst_node_prog_full/gen_xpm_memory_fifo.inst_fifo/gen_mem_rep[0].inst_rd_addrb/rd_addrb_incr          | SoC_i/axi_smc/inst/m00_nodes/m00_ar_node/inst/inst_mi_handler/m_sc_areset_r                                                                           |                3 |              6 |         2.00 |
|  SoC_i/zynq_ultra_ps_e_0/inst/pl_clk0 | SoC_i/axi_smc/inst/clk_map/psr_aclk/U0/SEQ/seq_cnt_en                                                                                                                                                  | SoC_i/axi_smc/inst/clk_map/psr_aclk/U0/SEQ/seq_clr                                                                                                    |                2 |              6 |         3.00 |
|  SoC_i/zynq_ultra_ps_e_0/inst/pl_clk0 | SoC_i/rst_ps8_0_100M/U0/SEQ/seq_cnt_en                                                                                                                                                                 | SoC_i/rst_ps8_0_100M/U0/SEQ/seq_clr                                                                                                                   |                2 |              6 |         3.00 |
|  SoC_i/zynq_ultra_ps_e_0/inst/pl_clk0 | SoC_i/axi_smc/inst/s00_nodes/s00_ar_node/inst/inst_mi_handler/gen_normal_area.gen_fifo_req.inst_fifo_req/gen_xpm_memory_fifo.inst_fifo/gen_mem_rep[0].inst_rd_addrb/rd_addrb_incr                      | SoC_i/axi_smc/inst/s00_nodes/s00_ar_node/inst/inst_mi_handler/m_sc_areset_r                                                                           |                1 |              6 |         6.00 |
|  SoC_i/zynq_ultra_ps_e_0/inst/pl_clk0 | SoC_i/axi_smc/inst/s00_nodes/s00_aw_node/inst/inst_mi_handler/gen_normal_area.gen_fifo_req.inst_fifo_req/gen_xpm_memory_fifo.inst_fifo/gen_mem_rep[0].inst_rd_addrb/rd_addrb_incr                      | SoC_i/axi_smc/inst/s00_nodes/s00_aw_node/inst/inst_mi_handler/m_sc_areset_r                                                                           |                2 |              6 |         3.00 |
|  SoC_i/zynq_ultra_ps_e_0/inst/pl_clk0 | SoC_i/axi_smc/inst/s00_nodes/s00_b_node/inst/inst_mi_handler/gen_normal_area.gen_node_prog_full.inst_node_prog_full/gen_xpm_memory_fifo.inst_fifo/gen_mem_rep[0].inst_rd_addrb/rd_addrb_incr           | SoC_i/axi_smc/inst/s00_nodes/s00_b_node/inst/inst_mi_handler/m_sc_areset_r                                                                            |                2 |              6 |         3.00 |
|  SoC_i/zynq_ultra_ps_e_0/inst/pl_clk0 | SoC_i/axi_smc/inst/s00_nodes/s00_r_node/inst/inst_mi_handler/gen_normal_area.gen_node_prog_full.inst_node_prog_full/gen_xpm_memory_fifo.inst_fifo/gen_mem_rep[0].inst_rd_addrb/rd_addrb_incr           | SoC_i/axi_smc/inst/s00_nodes/s00_r_node/inst/inst_mi_handler/m_sc_areset_r                                                                            |                2 |              6 |         3.00 |
|  SoC_i/zynq_ultra_ps_e_0/inst/pl_clk0 | SoC_i/axi_smc/inst/s00_nodes/s00_w_node/inst/inst_mi_handler/gen_normal_area.gen_fifo_req.inst_fifo_req/gen_xpm_memory_fifo.inst_fifo/gen_mem_rep[0].inst_rd_addrb/rd_addrb_incr                       | SoC_i/axi_smc/inst/s00_nodes/s00_w_node/inst/inst_mi_handler/m_sc_areset_r                                                                            |                2 |              6 |         3.00 |
|  SoC_i/zynq_ultra_ps_e_0/inst/pl_clk0 | SoC_i/axi_smc/inst/s00_nodes/s00_w_node/inst/inst_mi_handler/gen_normal_area.inst_fifo_send/m_sc_req[0]                                                                                                | SoC_i/axi_smc/inst/m00_nodes/m00_w_node/inst/inst_si_handler/areset_r                                                                                 |                1 |              6 |         6.00 |
|  SoC_i/zynq_ultra_ps_e_0/inst/pl_clk0 | SoC_i/axi_smc/inst/s01_nodes/s01_ar_node/inst/inst_mi_handler/gen_normal_area.gen_fifo_req.inst_fifo_req/gen_xpm_memory_fifo.inst_fifo/gen_mem_rep[0].inst_rd_addrb/rd_addrb_incr                      | SoC_i/axi_smc/inst/s01_nodes/s01_ar_node/inst/inst_mi_handler/m_sc_areset_r                                                                           |                3 |              6 |         2.00 |
|  SoC_i/zynq_ultra_ps_e_0/inst/pl_clk0 | SoC_i/axi_smc/inst/s01_nodes/s01_aw_node/inst/inst_mi_handler/gen_normal_area.gen_fifo_req.inst_fifo_req/gen_xpm_memory_fifo.inst_fifo/gen_mem_rep[0].inst_rd_addrb/rd_addrb_incr                      | SoC_i/axi_smc/inst/s01_nodes/s01_aw_node/inst/inst_mi_handler/m_sc_areset_r                                                                           |                3 |              6 |         2.00 |
|  SoC_i/zynq_ultra_ps_e_0/inst/pl_clk0 | SoC_i/axi_smc/inst/s01_nodes/s01_b_node/inst/inst_mi_handler/gen_normal_area.gen_node_prog_full.inst_node_prog_full/gen_xpm_memory_fifo.inst_fifo/gen_mem_rep[0].inst_rd_addrb/rd_addrb_incr           | SoC_i/axi_smc/inst/s01_nodes/s01_b_node/inst/inst_mi_handler/m_sc_areset_r                                                                            |                3 |              6 |         2.00 |
|  SoC_i/zynq_ultra_ps_e_0/inst/pl_clk0 | SoC_i/axi_smc/inst/s01_nodes/s01_r_node/inst/inst_mi_handler/gen_normal_area.gen_node_prog_full.inst_node_prog_full/gen_xpm_memory_fifo.inst_fifo/gen_mem_rep[0].inst_rd_addrb/rd_addrb_incr           | SoC_i/axi_smc/inst/s01_nodes/s01_r_node/inst/inst_mi_handler/m_sc_areset_r                                                                            |                2 |              6 |         3.00 |
|  SoC_i/zynq_ultra_ps_e_0/inst/pl_clk0 | SoC_i/axi_smc/inst/s01_nodes/s01_w_node/inst/inst_mi_handler/gen_normal_area.gen_fifo_req.inst_fifo_req/gen_xpm_memory_fifo.inst_fifo/gen_mem_rep[0].inst_rd_addrb/rd_addrb_incr                       | SoC_i/axi_smc/inst/s01_nodes/s01_w_node/inst/inst_mi_handler/m_sc_areset_r                                                                            |                2 |              6 |         3.00 |
|  SoC_i/zynq_ultra_ps_e_0/inst/pl_clk0 |                                                                                                                                                                                                        | SoC_i/axi_smc/inst/s00_nodes/s00_aw_node/inst/inst_mi_handler/m_sc_areset_r                                                                           |                4 |              7 |         1.75 |
|  SoC_i/zynq_ultra_ps_e_0/inst/pl_clk0 |                                                                                                                                                                                                        | SoC_i/axi_smc/inst/s00_nodes/s00_w_node/inst/inst_mi_handler/m_sc_areset_r                                                                            |                5 |              7 |         1.40 |
|  SoC_i/zynq_ultra_ps_e_0/inst/pl_clk0 | SoC_i/VPU_Top_0/inst/u_my_ip/u_axi4_mapping/u_spu/u_spu_controller/u_rms_inv_engine/FSM_sequential_state_r[2]_i_1_n_0                                                                                  | SoC_i/rst_ps8_0_100M/U0/peripheral_aresetn_BUFG[0]                                                                                                    |                3 |              7 |         2.33 |
|  SoC_i/zynq_ultra_ps_e_0/inst/pl_clk0 |                                                                                                                                                                                                        | SoC_i/axi_smc/inst/s01_nodes/s01_ar_node/inst/inst_mi_handler/m_sc_areset_r                                                                           |                5 |              7 |         1.40 |
|  SoC_i/zynq_ultra_ps_e_0/inst/pl_clk0 |                                                                                                                                                                                                        | SoC_i/axi_smc/inst/s01_nodes/s01_aw_node/inst/inst_mi_handler/m_sc_areset_r                                                                           |                4 |              7 |         1.75 |
|  SoC_i/zynq_ultra_ps_e_0/inst/pl_clk0 |                                                                                                                                                                                                        | SoC_i/axi_smc/inst/s01_nodes/s01_w_node/inst/inst_mi_handler/m_sc_areset_r                                                                            |                5 |              7 |         1.40 |
|  SoC_i/zynq_ultra_ps_e_0/inst/pl_clk0 | SoC_i/VPU_Top_0/inst/u_my_ip/issue_read_r                                                                                                                                                              | SoC_i/VPU_Top_0/inst/u_my_ip/rd_beat_r[7]                                                                                                             |                2 |              7 |         3.50 |
|  SoC_i/zynq_ultra_ps_e_0/inst/pl_clk0 |                                                                                                                                                                                                        | SoC_i/axi_smc/inst/s00_nodes/s00_ar_node/inst/inst_mi_handler/m_sc_areset_r                                                                           |                4 |              7 |         1.75 |
|  SoC_i/zynq_ultra_ps_e_0/inst/pl_clk0 | SoC_i/VPU_Top_0/inst/u_my_ip/u_axi4_mapping/cfg_spu_aux1_reg[23]_i_1_n_0                                                                                                                               | SoC_i/rst_ps8_0_100M/U0/peripheral_aresetn_BUFG[0]                                                                                                    |                6 |              8 |         1.33 |
|  SoC_i/zynq_ultra_ps_e_0/inst/pl_clk0 | SoC_i/VPU_Top_0/inst/u_my_ip/u_axi4_mapping/u_spu/u_vpu_stream8/GEN_ACCUM8[5].u_accum/wr_decode_addr_r_reg[7]_0[2]                                                                                     | SoC_i/rst_ps8_0_100M/U0/peripheral_aresetn_BUFG[0]                                                                                                    |                4 |              8 |         2.00 |
|  SoC_i/zynq_ultra_ps_e_0/inst/pl_clk0 | SoC_i/VPU_Top_0/inst/u_my_ip/u_axi4_mapping/cfg_mode_reg[23]_i_1_n_0                                                                                                                                   | SoC_i/rst_ps8_0_100M/U0/peripheral_aresetn_BUFG[0]                                                                                                    |                4 |              8 |         2.00 |
|  SoC_i/zynq_ultra_ps_e_0/inst/pl_clk0 | SoC_i/VPU_Top_0/inst/u_my_ip/u_axi4_mapping/cfg_rows_reg[7]_i_1_n_0                                                                                                                                    | SoC_i/rst_ps8_0_100M/U0/peripheral_aresetn_BUFG[0]                                                                                                    |                4 |              8 |         2.00 |
|  SoC_i/zynq_ultra_ps_e_0/inst/pl_clk0 | SoC_i/VPU_Top_0/inst/u_my_ip/w_fire                                                                                                                                                                    | SoC_i/VPU_Top_0/inst/u_my_ip/wr_beat_r[7]_i_1_n_0                                                                                                     |                2 |              8 |         4.00 |
|  SoC_i/zynq_ultra_ps_e_0/inst/pl_clk0 |                                                                                                                                                                                                        | SoC_i/axi_smc/inst/s00_entry_pipeline/s00_mmu/inst/areset                                                                                             |                5 |              8 |         1.60 |
|  SoC_i/zynq_ultra_ps_e_0/inst/pl_clk0 | SoC_i/VPU_Top_0/inst/u_my_ip/u_axi4_mapping/cfg_row0_reg[23]_i_1_n_0                                                                                                                                   | SoC_i/rst_ps8_0_100M/U0/peripheral_aresetn_BUFG[0]                                                                                                    |                4 |              8 |         2.00 |
|  SoC_i/zynq_ultra_ps_e_0/inst/pl_clk0 |                                                                                                                                                                                                        | SoC_i/axi_smc/inst/s01_entry_pipeline/s01_mmu/inst/areset                                                                                             |                6 |              8 |         1.33 |
|  SoC_i/zynq_ultra_ps_e_0/inst/pl_clk0 | SoC_i/axi_smc/inst/m00_nodes/m00_r_node/inst/inst_mi_handler/gen_normal_area.gen_fifo_req.inst_fifo_req/gen_xpm_memory_fifo.inst_fifo/gen_mem_rep[0].inst_rd_addrb/rd_addrb_incr                       | SoC_i/axi_smc/inst/m00_nodes/m00_r_node/inst/inst_mi_handler/m_sc_areset_r                                                                            |                4 |              8 |         2.00 |
|  SoC_i/zynq_ultra_ps_e_0/inst/pl_clk0 | SoC_i/VPU_Top_0/inst/u_my_ip/u_axi4_mapping/cfg_group_blocks_reg[7]_i_1_n_0                                                                                                                            | SoC_i/rst_ps8_0_100M/U0/peripheral_aresetn_BUFG[0]                                                                                                    |                6 |              8 |         1.33 |
|  SoC_i/zynq_ultra_ps_e_0/inst/pl_clk0 | SoC_i/axi_smc/inst/s00_entry_pipeline/s00_mmu/inst/gen_endpoint.decerr_slave_inst/gen_axi.gen_read.read_cnt[7]_i_1_n_0                                                                                 | SoC_i/axi_smc/inst/s00_entry_pipeline/s00_mmu/inst/areset                                                                                             |                2 |              8 |         4.00 |
|  SoC_i/zynq_ultra_ps_e_0/inst/pl_clk0 | SoC_i/VPU_Top_0/inst/u_my_ip/u_axi4_mapping/u_spu/u_spu_controller/u_quantize_q8_0/p_1_in[223]                                                                                                         | SoC_i/rst_ps8_0_100M/U0/peripheral_aresetn_BUFG[0]                                                                                                    |                4 |              8 |         2.00 |
|  SoC_i/zynq_ultra_ps_e_0/inst/pl_clk0 | SoC_i/VPU_Top_0/inst/u_my_ip/u_axi4_mapping/cfg_token_id_reg[15]_i_1_n_0                                                                                                                               | SoC_i/rst_ps8_0_100M/U0/peripheral_aresetn_BUFG[0]                                                                                                    |                8 |              8 |         1.00 |
|  SoC_i/zynq_ultra_ps_e_0/inst/pl_clk0 | SoC_i/VPU_Top_0/inst/u_my_ip/u_axi4_mapping/cfg_token_id_reg[23]_i_1_n_0                                                                                                                               | SoC_i/rst_ps8_0_100M/U0/peripheral_aresetn_BUFG[0]                                                                                                    |                5 |              8 |         1.60 |
|  SoC_i/zynq_ultra_ps_e_0/inst/pl_clk0 | SoC_i/VPU_Top_0/inst/u_my_ip/u_axi4_mapping/cfg_token_id_reg[31]_i_1_n_0                                                                                                                               | SoC_i/rst_ps8_0_100M/U0/peripheral_aresetn_BUFG[0]                                                                                                    |                6 |              8 |         1.33 |
|  SoC_i/zynq_ultra_ps_e_0/inst/pl_clk0 | SoC_i/VPU_Top_0/inst/u_my_ip/u_axi4_mapping/cfg_token_id_reg[7]_i_1_n_0                                                                                                                                | SoC_i/rst_ps8_0_100M/U0/peripheral_aresetn_BUFG[0]                                                                                                    |                6 |              8 |         1.33 |
|  SoC_i/zynq_ultra_ps_e_0/inst/pl_clk0 | SoC_i/axi_smc/inst/s00_nodes/s00_b_node/inst/inst_mi_handler/gen_normal_area.inst_fifo_node_payld/gen_xpm_memory_fifo.inst_fifo/gen_mem_rep[0].inst_rd_addrb/rd_addrb_incr                             | SoC_i/axi_smc/inst/s00_nodes/s00_b_node/inst/inst_mi_handler/m_sc_areset_r                                                                            |                3 |              8 |         2.67 |
|  SoC_i/zynq_ultra_ps_e_0/inst/pl_clk0 | SoC_i/VPU_Top_0/inst/u_my_ip/u_axi4_mapping/cfg_slot_state_reg[7]_i_1_n_0                                                                                                                              | SoC_i/rst_ps8_0_100M/U0/peripheral_aresetn_BUFG[0]                                                                                                    |                4 |              8 |         2.00 |
|  SoC_i/zynq_ultra_ps_e_0/inst/pl_clk0 | SoC_i/VPU_Top_0/inst/u_my_ip/u_axi4_mapping/cfg_rows_reg[31]_i_1_n_0                                                                                                                                   | SoC_i/rst_ps8_0_100M/U0/peripheral_aresetn_BUFG[0]                                                                                                    |                5 |              8 |         1.60 |
|  SoC_i/zynq_ultra_ps_e_0/inst/pl_clk0 | SoC_i/VPU_Top_0/inst/u_my_ip/u_axi4_mapping/cfg_row0_reg[7]_i_1_n_0                                                                                                                                    | SoC_i/rst_ps8_0_100M/U0/peripheral_aresetn_BUFG[0]                                                                                                    |                5 |              8 |         1.60 |
|  SoC_i/zynq_ultra_ps_e_0/inst/pl_clk0 | SoC_i/axi_smc/inst/s01_entry_pipeline/s01_mmu/inst/gen_endpoint.decerr_slave_inst/gen_axi.gen_read.read_cnt[7]_i_1_n_0                                                                                 | SoC_i/axi_smc/inst/s01_entry_pipeline/s01_mmu/inst/areset                                                                                             |                2 |              8 |         4.00 |
|  SoC_i/zynq_ultra_ps_e_0/inst/pl_clk0 | SoC_i/VPU_Top_0/inst/u_my_ip/u_axi4_mapping/cfg_job_id_reg[23]_i_1_n_0                                                                                                                                 | SoC_i/rst_ps8_0_100M/U0/peripheral_aresetn_BUFG[0]                                                                                                    |                2 |              8 |         4.00 |
|  SoC_i/zynq_ultra_ps_e_0/inst/pl_clk0 | SoC_i/axi_smc/inst/s01_entry_pipeline/s01_si_converter/inst/converter.wrap_narrow_inst/gen_thread_loop[0].r_payld_fifo/E[0]                                                                            | SoC_i/axi_smc/inst/s01_entry_pipeline/s01_si_converter/inst/areset                                                                                    |                2 |              8 |         4.00 |
|  SoC_i/zynq_ultra_ps_e_0/inst/pl_clk0 | SoC_i/axi_smc/inst/s01_entry_pipeline/s01_si_converter/inst/converter.wrap_narrow_inst/w_cmd_fifo/E[0]                                                                                                 | SoC_i/axi_smc/inst/s01_entry_pipeline/s01_si_converter/inst/areset                                                                                    |                4 |              8 |         2.00 |
|  SoC_i/zynq_ultra_ps_e_0/inst/pl_clk0 | SoC_i/VPU_Top_0/inst/u_my_ip/u_axi4_mapping/cfg_spu_mode_reg[7]_i_1_n_0                                                                                                                                | SoC_i/rst_ps8_0_100M/U0/peripheral_aresetn_BUFG[0]                                                                                                    |                3 |              8 |         2.67 |
|  SoC_i/zynq_ultra_ps_e_0/inst/pl_clk0 | SoC_i/VPU_Top_0/inst/u_my_ip/u_axi4_mapping/cfg_spu_mode_reg[23]_i_1_n_0                                                                                                                               | SoC_i/rst_ps8_0_100M/U0/peripheral_aresetn_BUFG[0]                                                                                                    |                2 |              8 |         4.00 |
|  SoC_i/zynq_ultra_ps_e_0/inst/pl_clk0 | SoC_i/axi_smc/inst/s01_nodes/s01_b_node/inst/inst_mi_handler/gen_normal_area.inst_fifo_node_payld/gen_xpm_memory_fifo.inst_fifo/gen_mem_rep[0].inst_rd_addrb/rd_addrb_incr                             | SoC_i/axi_smc/inst/s01_nodes/s01_b_node/inst/inst_mi_handler/m_sc_areset_r                                                                            |                3 |              8 |         2.67 |
|  SoC_i/zynq_ultra_ps_e_0/inst/pl_clk0 | SoC_i/VPU_Top_0/inst/u_my_ip/u_axi4_mapping/u_gemv/result_write_i8_r                                                                                                                                   | SoC_i/rst_ps8_0_100M/U0/peripheral_aresetn_BUFG[0]                                                                                                    |                2 |              8 |         4.00 |
|  SoC_i/zynq_ultra_ps_e_0/inst/pl_clk0 | SoC_i/VPU_Top_0/inst/u_my_ip/u_axi4_mapping/cfg_spu_aux0_reg[15]_i_1_n_0                                                                                                                               | SoC_i/rst_ps8_0_100M/U0/peripheral_aresetn_BUFG[0]                                                                                                    |                1 |              8 |         8.00 |
|  SoC_i/zynq_ultra_ps_e_0/inst/pl_clk0 | SoC_i/VPU_Top_0/inst/u_my_ip/u_axi4_mapping/cfg_spu_aux1_reg[15]_i_1_n_0                                                                                                                               | SoC_i/rst_ps8_0_100M/U0/peripheral_aresetn_BUFG[0]                                                                                                    |                7 |              8 |         1.14 |
|  SoC_i/zynq_ultra_ps_e_0/inst/pl_clk0 | SoC_i/VPU_Top_0/inst/u_my_ip/u_axi4_mapping/cfg_spu_len_reg[15]_i_1_n_0                                                                                                                                | SoC_i/rst_ps8_0_100M/U0/peripheral_aresetn_BUFG[0]                                                                                                    |                2 |              8 |         4.00 |
|  SoC_i/zynq_ultra_ps_e_0/inst/pl_clk0 | SoC_i/VPU_Top_0/inst/u_my_ip/u_axi4_mapping/cfg_spu_len_reg[7]_i_1_n_0                                                                                                                                 | SoC_i/rst_ps8_0_100M/U0/peripheral_aresetn_BUFG[0]                                                                                                    |                3 |              8 |         2.67 |
|  SoC_i/zynq_ultra_ps_e_0/inst/pl_clk0 | SoC_i/VPU_Top_0/inst/u_my_ip/u_axi4_mapping/cfg_spu_aux1_reg[7]_i_1_n_0                                                                                                                                | SoC_i/rst_ps8_0_100M/U0/peripheral_aresetn_BUFG[0]                                                                                                    |                4 |              8 |         2.00 |
|  SoC_i/zynq_ultra_ps_e_0/inst/pl_clk0 | SoC_i/VPU_Top_0/inst/u_my_ip/u_axi4_mapping/cfg_cols_reg[7]_i_1_n_0                                                                                                                                    | SoC_i/rst_ps8_0_100M/U0/peripheral_aresetn_BUFG[0]                                                                                                    |                2 |              8 |         4.00 |
|  SoC_i/zynq_ultra_ps_e_0/inst/pl_clk0 | SoC_i/VPU_Top_0/inst/u_my_ip/u_axi4_mapping/cfg_spu_aux1_reg[31]_i_1_n_0                                                                                                                               | SoC_i/rst_ps8_0_100M/U0/peripheral_aresetn_BUFG[0]                                                                                                    |                6 |              8 |         1.33 |
|  SoC_i/zynq_ultra_ps_e_0/inst/pl_clk0 | SoC_i/VPU_Top_0/inst/u_my_ip/u_axi4_mapping/cfg_spu_mode_reg[31]_i_1_n_0                                                                                                                               | SoC_i/rst_ps8_0_100M/U0/peripheral_aresetn_BUFG[0]                                                                                                    |                4 |              8 |         2.00 |
|  SoC_i/zynq_ultra_ps_e_0/inst/pl_clk0 | SoC_i/VPU_Top_0/inst/u_my_ip/u_axi4_mapping/cfg_spu_len_reg[23]_i_1_n_0                                                                                                                                | SoC_i/rst_ps8_0_100M/U0/peripheral_aresetn_BUFG[0]                                                                                                    |                3 |              8 |         2.67 |
|  SoC_i/zynq_ultra_ps_e_0/inst/pl_clk0 | SoC_i/VPU_Top_0/inst/u_my_ip/u_axi4_mapping/cfg_spu_aux0_reg[31]_i_1_n_0                                                                                                                               | SoC_i/rst_ps8_0_100M/U0/peripheral_aresetn_BUFG[0]                                                                                                    |                1 |              8 |         8.00 |
|  SoC_i/zynq_ultra_ps_e_0/inst/pl_clk0 | SoC_i/VPU_Top_0/inst/u_my_ip/u_axi4_mapping/cfg_spu_aux0_reg[7]_i_1_n_0                                                                                                                                | SoC_i/rst_ps8_0_100M/U0/peripheral_aresetn_BUFG[0]                                                                                                    |                2 |              8 |         4.00 |
|  SoC_i/zynq_ultra_ps_e_0/inst/pl_clk0 | SoC_i/VPU_Top_0/inst/u_my_ip/u_axi4_mapping/cfg_spu_aux0_reg[23]_i_1_n_0                                                                                                                               | SoC_i/rst_ps8_0_100M/U0/peripheral_aresetn_BUFG[0]                                                                                                    |                1 |              8 |         8.00 |
|  SoC_i/zynq_ultra_ps_e_0/inst/pl_clk0 | SoC_i/VPU_Top_0/inst/u_my_ip/u_axi4_mapping/cfg_spu_len_reg[31]_i_1_n_0                                                                                                                                | SoC_i/rst_ps8_0_100M/U0/peripheral_aresetn_BUFG[0]                                                                                                    |                2 |              8 |         4.00 |
|  SoC_i/zynq_ultra_ps_e_0/inst/pl_clk0 | SoC_i/VPU_Top_0/inst/u_my_ip/u_axi4_mapping/cfg_tensor_id_reg[7]_i_1_n_0                                                                                                                               | SoC_i/rst_ps8_0_100M/U0/peripheral_aresetn_BUFG[0]                                                                                                    |                4 |              8 |         2.00 |
|  SoC_i/zynq_ultra_ps_e_0/inst/pl_clk0 | SoC_i/VPU_Top_0/inst/u_my_ip/u_axi4_mapping/cfg_tensor_id_reg[31]_i_1_n_0                                                                                                                              | SoC_i/rst_ps8_0_100M/U0/peripheral_aresetn_BUFG[0]                                                                                                    |                5 |              8 |         1.60 |
|  SoC_i/zynq_ultra_ps_e_0/inst/pl_clk0 | SoC_i/VPU_Top_0/inst/u_my_ip/u_axi4_mapping/cfg_tensor_id_reg[23]_i_1_n_0                                                                                                                              | SoC_i/rst_ps8_0_100M/U0/peripheral_aresetn_BUFG[0]                                                                                                    |                5 |              8 |         1.60 |
|  SoC_i/zynq_ultra_ps_e_0/inst/pl_clk0 | SoC_i/VPU_Top_0/inst/u_my_ip/u_axi4_mapping/cfg_desc_flags_reg[23]_i_1_n_0                                                                                                                             | SoC_i/rst_ps8_0_100M/U0/peripheral_aresetn_BUFG[0]                                                                                                    |                6 |              8 |         1.33 |
|  SoC_i/zynq_ultra_ps_e_0/inst/pl_clk0 | SoC_i/VPU_Top_0/inst/u_my_ip/u_axi4_mapping/cfg_k_block0_reg[7]_i_1_n_0                                                                                                                                | SoC_i/rst_ps8_0_100M/U0/peripheral_aresetn_BUFG[0]                                                                                                    |                5 |              8 |         1.60 |
|  SoC_i/zynq_ultra_ps_e_0/inst/pl_clk0 | SoC_i/VPU_Top_0/inst/u_my_ip/u_axi4_mapping/cfg_cols_reg[23]_i_1_n_0                                                                                                                                   | SoC_i/rst_ps8_0_100M/U0/peripheral_aresetn_BUFG[0]                                                                                                    |                5 |              8 |         1.60 |
|  SoC_i/zynq_ultra_ps_e_0/inst/pl_clk0 | SoC_i/axi_smc/inst/s00_entry_pipeline/s00_si_converter/inst/converter.wrap_narrow_inst/gen_thread_loop[0].r_payld_fifo/E[0]                                                                            | SoC_i/axi_smc/inst/s00_entry_pipeline/s00_si_converter/inst/areset                                                                                    |                2 |              8 |         4.00 |
|  SoC_i/zynq_ultra_ps_e_0/inst/pl_clk0 | SoC_i/VPU_Top_0/inst/u_my_ip/u_axi4_mapping/cfg_tensor_id_reg[15]_i_1_n_0                                                                                                                              | SoC_i/rst_ps8_0_100M/U0/peripheral_aresetn_BUFG[0]                                                                                                    |                8 |              8 |         1.00 |
|  SoC_i/zynq_ultra_ps_e_0/inst/pl_clk0 | SoC_i/VPU_Top_0/inst/u_my_ip/u_axi4_mapping/cfg_col_beats_reg[15]_i_1_n_0                                                                                                                              | SoC_i/rst_ps8_0_100M/U0/peripheral_aresetn_BUFG[0]                                                                                                    |                1 |              8 |         8.00 |
|  SoC_i/zynq_ultra_ps_e_0/inst/pl_clk0 | SoC_i/VPU_Top_0/inst/u_my_ip/u_axi4_mapping/cfg_k_block0_reg[23]_i_1_n_0                                                                                                                               | SoC_i/rst_ps8_0_100M/U0/peripheral_aresetn_BUFG[0]                                                                                                    |                4 |              8 |         2.00 |
|  SoC_i/zynq_ultra_ps_e_0/inst/pl_clk0 | SoC_i/VPU_Top_0/inst/u_my_ip/u_axi4_mapping/u_gemv/weight_wr_strb_leaf[39][3]_i_1_n_0                                                                                                                  | SoC_i/rst_ps8_0_100M/U0/peripheral_aresetn_BUFG[0]                                                                                                    |                1 |              8 |         8.00 |
|  SoC_i/zynq_ultra_ps_e_0/inst/pl_clk0 | SoC_i/VPU_Top_0/inst/u_my_ip/u_axi4_mapping/cfg_job_id_reg[31]_i_1_n_0                                                                                                                                 | SoC_i/rst_ps8_0_100M/U0/peripheral_aresetn_BUFG[0]                                                                                                    |                1 |              8 |         8.00 |
|  SoC_i/zynq_ultra_ps_e_0/inst/pl_clk0 | SoC_i/VPU_Top_0/inst/u_my_ip/u_axi4_mapping/cfg_spu_mode_reg[15]_i_1_n_0                                                                                                                               | SoC_i/rst_ps8_0_100M/U0/peripheral_aresetn_BUFG[0]                                                                                                    |                4 |              8 |         2.00 |
|  SoC_i/zynq_ultra_ps_e_0/inst/pl_clk0 | SoC_i/VPU_Top_0/inst/u_my_ip/u_axi4_mapping/cfg_k_block0_reg[31]_i_1_n_0                                                                                                                               | SoC_i/rst_ps8_0_100M/U0/peripheral_aresetn_BUFG[0]                                                                                                    |                2 |              8 |         4.00 |
|  SoC_i/zynq_ultra_ps_e_0/inst/pl_clk0 | SoC_i/VPU_Top_0/inst/u_my_ip/u_axi4_mapping/cfg_col_beats_reg[31]_i_1_n_0                                                                                                                              | SoC_i/rst_ps8_0_100M/U0/peripheral_aresetn_BUFG[0]                                                                                                    |                5 |              8 |         1.60 |
|  SoC_i/zynq_ultra_ps_e_0/inst/pl_clk0 | SoC_i/VPU_Top_0/inst/u_my_ip/u_axi4_mapping/u_gemv/weight_wr_strb_leaf[21][3]_i_1_n_0                                                                                                                  | SoC_i/rst_ps8_0_100M/U0/peripheral_aresetn_BUFG[0]                                                                                                    |                2 |              8 |         4.00 |
|  SoC_i/zynq_ultra_ps_e_0/inst/pl_clk0 | SoC_i/VPU_Top_0/inst/u_my_ip/u_axi4_mapping/cfg_group_blocks_reg[15]_i_1_n_0                                                                                                                           | SoC_i/rst_ps8_0_100M/U0/peripheral_aresetn_BUFG[0]                                                                                                    |                6 |              8 |         1.33 |
|  SoC_i/zynq_ultra_ps_e_0/inst/pl_clk0 | SoC_i/VPU_Top_0/inst/u_my_ip/u_axi4_mapping/cfg_cols_reg[15]_i_1_n_0                                                                                                                                   | SoC_i/rst_ps8_0_100M/U0/peripheral_aresetn_BUFG[0]                                                                                                    |                4 |              8 |         2.00 |
|  SoC_i/zynq_ultra_ps_e_0/inst/pl_clk0 | SoC_i/VPU_Top_0/inst/u_my_ip/u_axi4_mapping/cfg_job_id_reg[15]_i_1_n_0                                                                                                                                 | SoC_i/rst_ps8_0_100M/U0/peripheral_aresetn_BUFG[0]                                                                                                    |                3 |              8 |         2.67 |
|  SoC_i/zynq_ultra_ps_e_0/inst/pl_clk0 | SoC_i/VPU_Top_0/inst/u_my_ip/u_axi4_mapping/cfg_slot_state_reg[31]_i_1_n_0                                                                                                                             | SoC_i/rst_ps8_0_100M/U0/peripheral_aresetn_BUFG[0]                                                                                                    |                5 |              8 |         1.60 |
|  SoC_i/zynq_ultra_ps_e_0/inst/pl_clk0 | SoC_i/VPU_Top_0/inst/u_my_ip/u_axi4_mapping/cfg_row0_reg[31]_i_1_n_0                                                                                                                                   | SoC_i/rst_ps8_0_100M/U0/peripheral_aresetn_BUFG[0]                                                                                                    |                6 |              8 |         1.33 |
|  SoC_i/zynq_ultra_ps_e_0/inst/pl_clk0 | SoC_i/axi_smc/inst/s00_entry_pipeline/s00_si_converter/inst/converter.wrap_narrow_inst/w_cmd_fifo/E[0]                                                                                                 | SoC_i/axi_smc/inst/s00_entry_pipeline/s00_si_converter/inst/areset                                                                                    |                3 |              8 |         2.67 |
|  SoC_i/zynq_ultra_ps_e_0/inst/pl_clk0 | SoC_i/VPU_Top_0/inst/u_my_ip/u_axi4_mapping/cfg_rows_reg[23]_i_1_n_0                                                                                                                                   | SoC_i/rst_ps8_0_100M/U0/peripheral_aresetn_BUFG[0]                                                                                                    |                6 |              8 |         1.33 |
|  SoC_i/zynq_ultra_ps_e_0/inst/pl_clk0 | SoC_i/VPU_Top_0/inst/u_my_ip/u_axi4_mapping/cfg_mode_reg[31]_i_1_n_0                                                                                                                                   | SoC_i/rst_ps8_0_100M/U0/peripheral_aresetn_BUFG[0]                                                                                                    |                3 |              8 |         2.67 |
|  SoC_i/zynq_ultra_ps_e_0/inst/pl_clk0 | SoC_i/VPU_Top_0/inst/u_my_ip/u_axi4_mapping/cfg_slot_state_reg[23]_i_1_n_0                                                                                                                             | SoC_i/rst_ps8_0_100M/U0/peripheral_aresetn_BUFG[0]                                                                                                    |                3 |              8 |         2.67 |
|  SoC_i/zynq_ultra_ps_e_0/inst/pl_clk0 | SoC_i/VPU_Top_0/inst/u_my_ip/u_axi4_mapping/cfg_slot_state_reg[15]_i_1_n_0                                                                                                                             | SoC_i/rst_ps8_0_100M/U0/peripheral_aresetn_BUFG[0]                                                                                                    |                6 |              8 |         1.33 |
|  SoC_i/zynq_ultra_ps_e_0/inst/pl_clk0 | SoC_i/VPU_Top_0/inst/u_my_ip/u_axi4_mapping/cfg_job_id_reg[7]_i_1_n_0                                                                                                                                  | SoC_i/rst_ps8_0_100M/U0/peripheral_aresetn_BUFG[0]                                                                                                    |                3 |              8 |         2.67 |
|  SoC_i/zynq_ultra_ps_e_0/inst/pl_clk0 | SoC_i/VPU_Top_0/inst/u_my_ip/u_axi4_mapping/cfg_col_beats_reg[23]_i_1_n_0                                                                                                                              | SoC_i/rst_ps8_0_100M/U0/peripheral_aresetn_BUFG[0]                                                                                                    |                4 |              8 |         2.00 |
|  SoC_i/zynq_ultra_ps_e_0/inst/pl_clk0 | SoC_i/VPU_Top_0/inst/u_my_ip/u_axi4_mapping/cfg_rows_reg[15]_i_1_n_0                                                                                                                                   | SoC_i/rst_ps8_0_100M/U0/peripheral_aresetn_BUFG[0]                                                                                                    |                3 |              8 |         2.67 |
|  SoC_i/zynq_ultra_ps_e_0/inst/pl_clk0 | SoC_i/VPU_Top_0/inst/u_my_ip/u_axi4_mapping/cfg_scale_reg[7]_i_1_n_0                                                                                                                                   | SoC_i/rst_ps8_0_100M/U0/peripheral_aresetn_BUFG[0]                                                                                                    |                1 |              8 |         8.00 |
|  SoC_i/zynq_ultra_ps_e_0/inst/pl_clk0 | SoC_i/VPU_Top_0/inst/u_my_ip/u_axi4_mapping/cfg_scale_reg[31]_i_1_n_0                                                                                                                                  | SoC_i/rst_ps8_0_100M/U0/peripheral_aresetn_BUFG[0]                                                                                                    |                3 |              8 |         2.67 |
|  SoC_i/zynq_ultra_ps_e_0/inst/pl_clk0 | SoC_i/VPU_Top_0/inst/u_my_ip/u_axi4_mapping/cfg_mode_reg[7]_i_1_n_0                                                                                                                                    | SoC_i/rst_ps8_0_100M/U0/peripheral_aresetn_BUFG[0]                                                                                                    |                3 |              8 |         2.67 |
|  SoC_i/zynq_ultra_ps_e_0/inst/pl_clk0 | SoC_i/VPU_Top_0/inst/u_my_ip/u_axi4_mapping/cfg_scale_reg[23]_i_1_n_0                                                                                                                                  | SoC_i/rst_ps8_0_100M/U0/peripheral_aresetn_BUFG[0]                                                                                                    |                4 |              8 |         2.00 |
|  SoC_i/zynq_ultra_ps_e_0/inst/pl_clk0 | SoC_i/VPU_Top_0/inst/u_my_ip/u_axi4_mapping/cfg_desc_flags_reg[7]_i_1_n_0                                                                                                                              | SoC_i/rst_ps8_0_100M/U0/peripheral_aresetn_BUFG[0]                                                                                                    |                7 |              8 |         1.14 |
|  SoC_i/zynq_ultra_ps_e_0/inst/pl_clk0 | SoC_i/VPU_Top_0/inst/u_my_ip/u_axi4_mapping/cfg_desc_flags_reg[31]_i_1_n_0                                                                                                                             | SoC_i/rst_ps8_0_100M/U0/peripheral_aresetn_BUFG[0]                                                                                                    |                6 |              8 |         1.33 |
|  SoC_i/zynq_ultra_ps_e_0/inst/pl_clk0 | SoC_i/VPU_Top_0/inst/u_my_ip/u_axi4_mapping/cfg_cols_reg[31]_i_1_n_0                                                                                                                                   | SoC_i/rst_ps8_0_100M/U0/peripheral_aresetn_BUFG[0]                                                                                                    |                6 |              8 |         1.33 |
|  SoC_i/zynq_ultra_ps_e_0/inst/pl_clk0 | SoC_i/VPU_Top_0/inst/u_my_ip/u_axi4_mapping/cfg_desc_flags_reg[15]_i_1_n_0                                                                                                                             | SoC_i/rst_ps8_0_100M/U0/peripheral_aresetn_BUFG[0]                                                                                                    |                4 |              8 |         2.00 |
|  SoC_i/zynq_ultra_ps_e_0/inst/pl_clk0 | SoC_i/VPU_Top_0/inst/u_my_ip/u_axi4_mapping/cfg_scale_reg[15]_i_1_n_0                                                                                                                                  | SoC_i/rst_ps8_0_100M/U0/peripheral_aresetn_BUFG[0]                                                                                                    |                1 |              8 |         8.00 |
|  SoC_i/zynq_ultra_ps_e_0/inst/pl_clk0 | SoC_i/VPU_Top_0/inst/u_my_ip/u_axi4_mapping/cfg_group_blocks_reg[23]_i_1_n_0                                                                                                                           | SoC_i/rst_ps8_0_100M/U0/peripheral_aresetn_BUFG[0]                                                                                                    |                5 |              8 |         1.60 |
|  SoC_i/zynq_ultra_ps_e_0/inst/pl_clk0 | SoC_i/VPU_Top_0/inst/u_my_ip/u_axi4_mapping/cfg_bank_reg[7]_i_1_n_0                                                                                                                                    | SoC_i/rst_ps8_0_100M/U0/peripheral_aresetn_BUFG[0]                                                                                                    |                6 |              8 |         1.33 |
|  SoC_i/zynq_ultra_ps_e_0/inst/pl_clk0 | SoC_i/VPU_Top_0/inst/u_my_ip/u_axi4_mapping/cfg_bank_reg[15]_i_1_n_0                                                                                                                                   | SoC_i/rst_ps8_0_100M/U0/peripheral_aresetn_BUFG[0]                                                                                                    |                8 |              8 |         1.00 |
|  SoC_i/zynq_ultra_ps_e_0/inst/pl_clk0 | SoC_i/VPU_Top_0/inst/u_my_ip/u_axi4_mapping/cfg_bank_reg[23]_i_1_n_0                                                                                                                                   | SoC_i/rst_ps8_0_100M/U0/peripheral_aresetn_BUFG[0]                                                                                                    |                3 |              8 |         2.67 |
|  SoC_i/zynq_ultra_ps_e_0/inst/pl_clk0 | SoC_i/VPU_Top_0/inst/u_my_ip/u_axi4_mapping/cfg_bank_reg[31]_i_1_n_0                                                                                                                                   | SoC_i/rst_ps8_0_100M/U0/peripheral_aresetn_BUFG[0]                                                                                                    |                2 |              8 |         4.00 |
|  SoC_i/zynq_ultra_ps_e_0/inst/pl_clk0 | SoC_i/VPU_Top_0/inst/u_my_ip/u_axi4_mapping/cfg_group_blocks_reg[31]_i_1_n_0                                                                                                                           | SoC_i/rst_ps8_0_100M/U0/peripheral_aresetn_BUFG[0]                                                                                                    |                5 |              8 |         1.60 |
|  SoC_i/zynq_ultra_ps_e_0/inst/pl_clk0 | SoC_i/VPU_Top_0/inst/u_my_ip/u_axi4_mapping/u_spu/u_vpu_stream8/read_rsp_scratch_valid_r_i_1_n_0                                                                                                       | SoC_i/VPU_Top_0/inst/u_my_ip/u_axi4_mapping/u_spu/u_vpu_stream8/spu_soft_reset_r_reg                                                                  |                2 |              8 |         4.00 |
|  SoC_i/zynq_ultra_ps_e_0/inst/pl_clk0 | SoC_i/axi_smc/inst/m00_nodes/m00_b_node/inst/inst_mi_handler/gen_normal_area.gen_fifo_req.inst_fifo_req/gen_xpm_memory_fifo.inst_fifo/gen_mem_rep[0].inst_rd_addrb/rd_addrb_incr                       | SoC_i/axi_smc/inst/m00_nodes/m00_b_node/inst/inst_mi_handler/m_sc_areset_r                                                                            |                3 |              8 |         2.67 |
|  SoC_i/zynq_ultra_ps_e_0/inst/pl_clk0 | SoC_i/VPU_Top_0/inst/u_my_ip/u_axi4_mapping/cfg_k_block0_reg[15]_i_1_n_0                                                                                                                               | SoC_i/rst_ps8_0_100M/U0/peripheral_aresetn_BUFG[0]                                                                                                    |                7 |              8 |         1.14 |
|  SoC_i/zynq_ultra_ps_e_0/inst/pl_clk0 | SoC_i/VPU_Top_0/inst/u_my_ip/u_axi4_mapping/u_spu/u_vpu_stream8/GEN_ACCUM8[5].u_accum/wr_decode_addr_r_reg[7]_0[0]                                                                                     | SoC_i/rst_ps8_0_100M/U0/peripheral_aresetn_BUFG[0]                                                                                                    |                2 |              8 |         4.00 |
|  SoC_i/zynq_ultra_ps_e_0/inst/pl_clk0 | SoC_i/VPU_Top_0/inst/u_my_ip/u_axi4_mapping/u_spu/u_vpu_stream8/GEN_ACCUM8[5].u_accum/wr_decode_addr_r_reg[7]_0[1]                                                                                     | SoC_i/rst_ps8_0_100M/U0/peripheral_aresetn_BUFG[0]                                                                                                    |                4 |              8 |         2.00 |
|  SoC_i/zynq_ultra_ps_e_0/inst/pl_clk0 | SoC_i/VPU_Top_0/inst/u_my_ip/u_axi4_mapping/u_spu/u_spu_controller/u_quantize_q8_0/p_1_in[87]                                                                                                          | SoC_i/rst_ps8_0_100M/U0/peripheral_aresetn_BUFG[0]                                                                                                    |                4 |              8 |         2.00 |
|  SoC_i/zynq_ultra_ps_e_0/inst/pl_clk0 | SoC_i/VPU_Top_0/inst/u_my_ip/u_axi4_mapping/u_spu/u_spu_controller/u_quantize_q8_0/p_1_in[135]                                                                                                         | SoC_i/rst_ps8_0_100M/U0/peripheral_aresetn_BUFG[0]                                                                                                    |                4 |              8 |         2.00 |
|  SoC_i/zynq_ultra_ps_e_0/inst/pl_clk0 | SoC_i/VPU_Top_0/inst/u_my_ip/u_axi4_mapping/u_spu/u_spu_controller/u_quantize_q8_0/p_1_in[239]                                                                                                         | SoC_i/rst_ps8_0_100M/U0/peripheral_aresetn_BUFG[0]                                                                                                    |                2 |              8 |         4.00 |
|  SoC_i/zynq_ultra_ps_e_0/inst/pl_clk0 | SoC_i/VPU_Top_0/inst/u_my_ip/u_axi4_mapping/u_spu/u_spu_controller/u_quantize_q8_0/p_1_in[47]                                                                                                          | SoC_i/rst_ps8_0_100M/U0/peripheral_aresetn_BUFG[0]                                                                                                    |                4 |              8 |         2.00 |
|  SoC_i/zynq_ultra_ps_e_0/inst/pl_clk0 | SoC_i/VPU_Top_0/inst/u_my_ip/u_axi4_mapping/u_spu/u_spu_controller/u_quantize_q8_0/p_1_in[207]                                                                                                         | SoC_i/rst_ps8_0_100M/U0/peripheral_aresetn_BUFG[0]                                                                                                    |                2 |              8 |         4.00 |
|  SoC_i/zynq_ultra_ps_e_0/inst/pl_clk0 | SoC_i/VPU_Top_0/inst/u_my_ip/u_axi4_mapping/u_spu/u_spu_controller/u_quantize_q8_0/p_1_in[15]                                                                                                          | SoC_i/rst_ps8_0_100M/U0/peripheral_aresetn_BUFG[0]                                                                                                    |                4 |              8 |         2.00 |
|  SoC_i/zynq_ultra_ps_e_0/inst/pl_clk0 | SoC_i/VPU_Top_0/inst/u_my_ip/u_axi4_mapping/u_spu/u_spu_controller/u_quantize_q8_0/p_1_in[31]                                                                                                          | SoC_i/rst_ps8_0_100M/U0/peripheral_aresetn_BUFG[0]                                                                                                    |                5 |              8 |         1.60 |
|  SoC_i/zynq_ultra_ps_e_0/inst/pl_clk0 | SoC_i/VPU_Top_0/inst/u_my_ip/u_axi4_mapping/u_spu/u_spu_controller/u_quantize_q8_0/p_1_in[71]                                                                                                          | SoC_i/rst_ps8_0_100M/U0/peripheral_aresetn_BUFG[0]                                                                                                    |                1 |              8 |         8.00 |
|  SoC_i/zynq_ultra_ps_e_0/inst/pl_clk0 | SoC_i/VPU_Top_0/inst/u_my_ip/u_axi4_mapping/u_spu/u_spu_controller/u_quantize_q8_0/p_1_in[39]                                                                                                          | SoC_i/rst_ps8_0_100M/U0/peripheral_aresetn_BUFG[0]                                                                                                    |                2 |              8 |         4.00 |
|  SoC_i/zynq_ultra_ps_e_0/inst/pl_clk0 | SoC_i/VPU_Top_0/inst/u_my_ip/u_axi4_mapping/u_spu/u_spu_controller/u_quantize_q8_0/p_1_in[95]                                                                                                          | SoC_i/rst_ps8_0_100M/U0/peripheral_aresetn_BUFG[0]                                                                                                    |                6 |              8 |         1.33 |
|  SoC_i/zynq_ultra_ps_e_0/inst/pl_clk0 | SoC_i/VPU_Top_0/inst/u_my_ip/u_axi4_mapping/u_spu/u_spu_controller/u_quantize_q8_0/p_1_in[111]                                                                                                         | SoC_i/rst_ps8_0_100M/U0/peripheral_aresetn_BUFG[0]                                                                                                    |                6 |              8 |         1.33 |
|  SoC_i/zynq_ultra_ps_e_0/inst/pl_clk0 | SoC_i/VPU_Top_0/inst/u_my_ip/u_axi4_mapping/u_spu/u_spu_controller/u_quantize_q8_0/p_1_in[119]                                                                                                         | SoC_i/rst_ps8_0_100M/U0/peripheral_aresetn_BUFG[0]                                                                                                    |                5 |              8 |         1.60 |
|  SoC_i/zynq_ultra_ps_e_0/inst/pl_clk0 | SoC_i/VPU_Top_0/inst/u_my_ip/u_axi4_mapping/u_spu/u_spu_controller/u_quantize_q8_0/p_1_in[127]                                                                                                         | SoC_i/rst_ps8_0_100M/U0/peripheral_aresetn_BUFG[0]                                                                                                    |                6 |              8 |         1.33 |
|  SoC_i/zynq_ultra_ps_e_0/inst/pl_clk0 | SoC_i/VPU_Top_0/inst/u_my_ip/u_axi4_mapping/u_spu/u_spu_controller/u_quantize_q8_0/p_1_in[159]                                                                                                         | SoC_i/rst_ps8_0_100M/U0/peripheral_aresetn_BUFG[0]                                                                                                    |                4 |              8 |         2.00 |
|  SoC_i/zynq_ultra_ps_e_0/inst/pl_clk0 | SoC_i/VPU_Top_0/inst/u_my_ip/u_axi4_mapping/u_spu/u_spu_controller/u_quantize_q8_0/p_1_in[167]                                                                                                         | SoC_i/rst_ps8_0_100M/U0/peripheral_aresetn_BUFG[0]                                                                                                    |                5 |              8 |         1.60 |
|  SoC_i/zynq_ultra_ps_e_0/inst/pl_clk0 | SoC_i/VPU_Top_0/inst/u_my_ip/u_axi4_mapping/u_spu/u_spu_controller/u_quantize_q8_0/p_1_in[175]                                                                                                         | SoC_i/rst_ps8_0_100M/U0/peripheral_aresetn_BUFG[0]                                                                                                    |                5 |              8 |         1.60 |
|  SoC_i/zynq_ultra_ps_e_0/inst/pl_clk0 | SoC_i/VPU_Top_0/inst/u_my_ip/u_axi4_mapping/u_spu/u_spu_controller/u_quantize_q8_0/p_1_in[215]                                                                                                         | SoC_i/rst_ps8_0_100M/U0/peripheral_aresetn_BUFG[0]                                                                                                    |                4 |              8 |         2.00 |
|  SoC_i/zynq_ultra_ps_e_0/inst/pl_clk0 | SoC_i/VPU_Top_0/inst/u_my_ip/u_axi4_mapping/u_spu/u_spu_controller/u_quantize_q8_0/p_1_in[79]                                                                                                          | SoC_i/rst_ps8_0_100M/U0/peripheral_aresetn_BUFG[0]                                                                                                    |                3 |              8 |         2.67 |
|  SoC_i/zynq_ultra_ps_e_0/inst/pl_clk0 | SoC_i/VPU_Top_0/inst/u_my_ip/u_axi4_mapping/u_spu/u_spu_controller/u_quantize_q8_0/p_1_in[7]                                                                                                           | SoC_i/rst_ps8_0_100M/U0/peripheral_aresetn_BUFG[0]                                                                                                    |                4 |              8 |         2.00 |
|  SoC_i/zynq_ultra_ps_e_0/inst/pl_clk0 | SoC_i/VPU_Top_0/inst/u_my_ip/u_axi4_mapping/u_spu/u_spu_controller/u_quantize_q8_0/p_1_in[23]                                                                                                          | SoC_i/rst_ps8_0_100M/U0/peripheral_aresetn_BUFG[0]                                                                                                    |                3 |              8 |         2.67 |
|  SoC_i/zynq_ultra_ps_e_0/inst/pl_clk0 | SoC_i/VPU_Top_0/inst/u_my_ip/u_axi4_mapping/u_spu/u_spu_controller/u_quantize_q8_0/p_1_in[151]                                                                                                         | SoC_i/rst_ps8_0_100M/U0/peripheral_aresetn_BUFG[0]                                                                                                    |                2 |              8 |         4.00 |
|  SoC_i/zynq_ultra_ps_e_0/inst/pl_clk0 | SoC_i/VPU_Top_0/inst/u_my_ip/u_axi4_mapping/u_spu/u_spu_controller/u_quantize_q8_0/p_1_in[55]                                                                                                          | SoC_i/rst_ps8_0_100M/U0/peripheral_aresetn_BUFG[0]                                                                                                    |                3 |              8 |         2.67 |
|  SoC_i/zynq_ultra_ps_e_0/inst/pl_clk0 | SoC_i/VPU_Top_0/inst/u_my_ip/u_axi4_mapping/u_spu/u_spu_controller/u_quantize_q8_0/p_1_in[183]                                                                                                         | SoC_i/rst_ps8_0_100M/U0/peripheral_aresetn_BUFG[0]                                                                                                    |                3 |              8 |         2.67 |
|  SoC_i/zynq_ultra_ps_e_0/inst/pl_clk0 | SoC_i/VPU_Top_0/inst/u_my_ip/u_axi4_mapping/u_spu/u_spu_controller/u_quantize_q8_0/p_1_in[191]                                                                                                         | SoC_i/rst_ps8_0_100M/U0/peripheral_aresetn_BUFG[0]                                                                                                    |                2 |              8 |         4.00 |
|  SoC_i/zynq_ultra_ps_e_0/inst/pl_clk0 | SoC_i/VPU_Top_0/inst/u_my_ip/u_axi4_mapping/u_spu/u_spu_controller/u_quantize_q8_0/p_1_in[247]                                                                                                         | SoC_i/rst_ps8_0_100M/U0/peripheral_aresetn_BUFG[0]                                                                                                    |                4 |              8 |         2.00 |
|  SoC_i/zynq_ultra_ps_e_0/inst/pl_clk0 | SoC_i/VPU_Top_0/inst/u_my_ip/u_axi4_mapping/u_spu/u_spu_controller/u_quantize_q8_0/p_1_in[199]                                                                                                         | SoC_i/rst_ps8_0_100M/U0/peripheral_aresetn_BUFG[0]                                                                                                    |                3 |              8 |         2.67 |
|  SoC_i/zynq_ultra_ps_e_0/inst/pl_clk0 | SoC_i/VPU_Top_0/inst/u_my_ip/u_axi4_mapping/u_spu/u_spu_controller/u_quantize_q8_0/p_1_in[143]                                                                                                         | SoC_i/rst_ps8_0_100M/U0/peripheral_aresetn_BUFG[0]                                                                                                    |                3 |              8 |         2.67 |
|  SoC_i/zynq_ultra_ps_e_0/inst/pl_clk0 | SoC_i/VPU_Top_0/inst/u_my_ip/u_axi4_mapping/u_spu/u_spu_controller/u_quantize_q8_0/p_1_in[231]                                                                                                         | SoC_i/rst_ps8_0_100M/U0/peripheral_aresetn_BUFG[0]                                                                                                    |                4 |              8 |         2.00 |
|  SoC_i/zynq_ultra_ps_e_0/inst/pl_clk0 | SoC_i/VPU_Top_0/inst/u_my_ip/u_axi4_mapping/u_spu/u_spu_controller/u_quantize_q8_0/p_1_in[63]                                                                                                          | SoC_i/rst_ps8_0_100M/U0/peripheral_aresetn_BUFG[0]                                                                                                    |                4 |              8 |         2.00 |
|  SoC_i/zynq_ultra_ps_e_0/inst/pl_clk0 | SoC_i/VPU_Top_0/inst/u_my_ip/u_axi4_mapping/u_spu/u_spu_controller/u_quantize_q8_0/p_1_in[103]                                                                                                         | SoC_i/rst_ps8_0_100M/U0/peripheral_aresetn_BUFG[0]                                                                                                    |                2 |              8 |         4.00 |
|  SoC_i/zynq_ultra_ps_e_0/inst/pl_clk0 | SoC_i/VPU_Top_0/inst/u_my_ip/u_axi4_mapping/cfg_mode_reg[15]_i_1_n_0                                                                                                                                   | SoC_i/rst_ps8_0_100M/U0/peripheral_aresetn_BUFG[0]                                                                                                    |                7 |              8 |         1.14 |
|  SoC_i/zynq_ultra_ps_e_0/inst/pl_clk0 | SoC_i/VPU_Top_0/inst/u_my_ip/u_axi4_mapping/cfg_col_beats_reg[7]_i_1_n_0                                                                                                                               | SoC_i/rst_ps8_0_100M/U0/peripheral_aresetn_BUFG[0]                                                                                                    |                4 |              8 |         2.00 |
|  SoC_i/zynq_ultra_ps_e_0/inst/pl_clk0 | SoC_i/VPU_Top_0/inst/u_my_ip/u_axi4_mapping/cfg_row0_reg[15]_i_1_n_0                                                                                                                                   | SoC_i/rst_ps8_0_100M/U0/peripheral_aresetn_BUFG[0]                                                                                                    |                7 |              8 |         1.14 |
|  SoC_i/zynq_ultra_ps_e_0/inst/pl_clk0 | SoC_i/axi_smc/inst/s01_entry_pipeline/s01_si_converter/inst/converter.wrap_narrow_inst/w_payld_fifo/w_subst_mask_reg[15][3]                                                                            |                                                                                                                                                       |                2 |              9 |         4.50 |
|  SoC_i/zynq_ultra_ps_e_0/inst/pl_clk0 | SoC_i/axi_smc/inst/s01_entry_pipeline/s01_si_converter/inst/converter.wrap_narrow_inst/w_payld_fifo/w_subst_mask_reg[0]                                                                                | SoC_i/axi_smc/inst/s01_entry_pipeline/s01_si_converter/inst/converter.wrap_narrow_inst/w_payld_fifo/s_ready_i_reg_0                                   |                4 |              9 |         2.25 |
|  SoC_i/zynq_ultra_ps_e_0/inst/pl_clk0 |                                                                                                                                                                                                        | SoC_i/axi_smc/inst/m00_nodes/m00_b_node/inst/inst_mi_handler/m_sc_areset_r                                                                            |                5 |              9 |         1.80 |
|  SoC_i/zynq_ultra_ps_e_0/inst/pl_clk0 |                                                                                                                                                                                                        | SoC_i/axi_smc/inst/m00_nodes/m00_r_node/inst/inst_mi_handler/m_sc_areset_r                                                                            |                5 |              9 |         1.80 |
|  SoC_i/zynq_ultra_ps_e_0/inst/pl_clk0 | SoC_i/axi_smc/inst/s00_entry_pipeline/s00_si_converter/inst/converter.wrap_narrow_inst/w_payld_fifo/E[2]                                                                                               |                                                                                                                                                       |                2 |              9 |         4.50 |
|  SoC_i/zynq_ultra_ps_e_0/inst/pl_clk0 | SoC_i/axi_smc/inst/s01_entry_pipeline/s01_si_converter/inst/converter.wrap_narrow_inst/w_payld_fifo/w_subst_mask_reg[15][14]                                                                           |                                                                                                                                                       |                2 |              9 |         4.50 |
|  SoC_i/zynq_ultra_ps_e_0/inst/pl_clk0 | SoC_i/axi_smc/inst/s01_entry_pipeline/s01_si_converter/inst/converter.wrap_narrow_inst/w_payld_fifo/w_subst_mask_reg[15][11]                                                                           |                                                                                                                                                       |                3 |              9 |         3.00 |
|  SoC_i/zynq_ultra_ps_e_0/inst/pl_clk0 | SoC_i/axi_smc/inst/s00_entry_pipeline/s00_si_converter/inst/converter.wrap_narrow_inst/w_payld_fifo/E[10]                                                                                              |                                                                                                                                                       |                2 |              9 |         4.50 |
|  SoC_i/zynq_ultra_ps_e_0/inst/pl_clk0 | SoC_i/axi_smc/inst/s01_entry_pipeline/s01_si_converter/inst/converter.wrap_narrow_inst/w_payld_fifo/w_subst_mask_reg[15][12]                                                                           |                                                                                                                                                       |                4 |              9 |         2.25 |
|  SoC_i/zynq_ultra_ps_e_0/inst/pl_clk0 | SoC_i/axi_smc/inst/s01_entry_pipeline/s01_si_converter/inst/converter.wrap_narrow_inst/w_payld_fifo/w_subst_mask_reg[15][7]                                                                            |                                                                                                                                                       |                2 |              9 |         4.50 |
|  SoC_i/zynq_ultra_ps_e_0/inst/pl_clk0 | SoC_i/axi_smc/inst/s01_entry_pipeline/s01_si_converter/inst/converter.wrap_narrow_inst/w_payld_fifo/w_subst_mask_reg[15][5]                                                                            |                                                                                                                                                       |                2 |              9 |         4.50 |
|  SoC_i/zynq_ultra_ps_e_0/inst/pl_clk0 | SoC_i/axi_smc/inst/s01_entry_pipeline/s01_si_converter/inst/converter.wrap_narrow_inst/w_payld_fifo/w_subst_mask_reg[15][13]                                                                           |                                                                                                                                                       |                2 |              9 |         4.50 |
|  SoC_i/zynq_ultra_ps_e_0/inst/pl_clk0 | SoC_i/axi_smc/inst/s01_entry_pipeline/s01_si_converter/inst/converter.wrap_narrow_inst/w_payld_fifo/w_subst_mask_reg[15][0]                                                                            |                                                                                                                                                       |                2 |              9 |         4.50 |
|  SoC_i/zynq_ultra_ps_e_0/inst/pl_clk0 | SoC_i/axi_smc/inst/s01_entry_pipeline/s01_si_converter/inst/converter.wrap_narrow_inst/w_payld_fifo/w_subst_mask_reg[15][6]                                                                            |                                                                                                                                                       |                3 |              9 |         3.00 |
|  SoC_i/zynq_ultra_ps_e_0/inst/pl_clk0 | SoC_i/axi_smc/inst/s01_entry_pipeline/s01_si_converter/inst/converter.wrap_narrow_inst/w_payld_fifo/w_subst_mask_reg[15][4]                                                                            |                                                                                                                                                       |                4 |              9 |         2.25 |
|  SoC_i/zynq_ultra_ps_e_0/inst/pl_clk0 | SoC_i/axi_smc/inst/s01_entry_pipeline/s01_si_converter/inst/converter.wrap_narrow_inst/w_payld_fifo/w_subst_mask_reg[15][2]                                                                            |                                                                                                                                                       |                2 |              9 |         4.50 |
|  SoC_i/zynq_ultra_ps_e_0/inst/pl_clk0 | SoC_i/axi_smc/inst/s01_entry_pipeline/s01_si_converter/inst/converter.wrap_narrow_inst/w_payld_fifo/w_subst_mask_reg[15][8]                                                                            |                                                                                                                                                       |                2 |              9 |         4.50 |
|  SoC_i/zynq_ultra_ps_e_0/inst/pl_clk0 | SoC_i/axi_smc/inst/s01_entry_pipeline/s01_si_converter/inst/converter.wrap_narrow_inst/w_payld_fifo/w_subst_mask_reg[15][1]                                                                            |                                                                                                                                                       |                3 |              9 |         3.00 |
|  SoC_i/zynq_ultra_ps_e_0/inst/pl_clk0 | SoC_i/axi_smc/inst/s01_entry_pipeline/s01_si_converter/inst/converter.wrap_narrow_inst/w_payld_fifo/w_subst_mask_reg[15][9]                                                                            |                                                                                                                                                       |                3 |              9 |         3.00 |
|  SoC_i/zynq_ultra_ps_e_0/inst/pl_clk0 | SoC_i/axi_smc/inst/s00_entry_pipeline/s00_si_converter/inst/converter.wrap_narrow_inst/w_payld_fifo/E[3]                                                                                               |                                                                                                                                                       |                3 |              9 |         3.00 |
|  SoC_i/zynq_ultra_ps_e_0/inst/pl_clk0 | SoC_i/axi_smc/inst/s01_entry_pipeline/s01_si_converter/inst/converter.wrap_narrow_inst/w_payld_fifo/w_subst_mask_reg[15][10]                                                                           |                                                                                                                                                       |                2 |              9 |         4.50 |
|  SoC_i/zynq_ultra_ps_e_0/inst/pl_clk0 | SoC_i/axi_smc/inst/s00_entry_pipeline/s00_si_converter/inst/converter.wrap_narrow_inst/w_payld_fifo/E[11]                                                                                              |                                                                                                                                                       |                2 |              9 |         4.50 |
|  SoC_i/zynq_ultra_ps_e_0/inst/pl_clk0 | SoC_i/axi_smc/inst/s00_entry_pipeline/s00_si_converter/inst/converter.wrap_narrow_inst/w_payld_fifo/E[4]                                                                                               |                                                                                                                                                       |                2 |              9 |         4.50 |
|  SoC_i/zynq_ultra_ps_e_0/inst/pl_clk0 | SoC_i/axi_smc/inst/s01_entry_pipeline/s01_si_converter/inst/converter.wrap_narrow_inst/w_payld_fifo/cmd_fifo/cmd_active_reg_0[0]                                                                       | SoC_i/axi_smc/inst/s01_entry_pipeline/s01_si_converter/inst/areset                                                                                    |                2 |              9 |         4.50 |
|  SoC_i/zynq_ultra_ps_e_0/inst/pl_clk0 | SoC_i/axi_smc/inst/s00_entry_pipeline/s00_si_converter/inst/converter.wrap_narrow_inst/w_payld_fifo/E[1]                                                                                               |                                                                                                                                                       |                2 |              9 |         4.50 |
|  SoC_i/zynq_ultra_ps_e_0/inst/pl_clk0 | SoC_i/VPU_Top_0/inst/u_my_ip/u_axi4_mapping/u_spu/u_spu_controller/u_quantize_q8_0/done_i_1_n_0                                                                                                        | SoC_i/rst_ps8_0_100M/U0/peripheral_aresetn_BUFG[0]                                                                                                    |                6 |              9 |         1.50 |
|  SoC_i/zynq_ultra_ps_e_0/inst/pl_clk0 | SoC_i/axi_smc/inst/s00_entry_pipeline/s00_si_converter/inst/converter.wrap_narrow_inst/w_payld_fifo/E[14]                                                                                              |                                                                                                                                                       |                3 |              9 |         3.00 |
|  SoC_i/zynq_ultra_ps_e_0/inst/pl_clk0 | SoC_i/axi_smc/inst/s00_entry_pipeline/s00_si_converter/inst/converter.wrap_narrow_inst/w_payld_fifo/E[0]                                                                                               |                                                                                                                                                       |                2 |              9 |         4.50 |
|  SoC_i/zynq_ultra_ps_e_0/inst/pl_clk0 | SoC_i/axi_smc/inst/s00_entry_pipeline/s00_si_converter/inst/converter.wrap_narrow_inst/w_payld_fifo/w_subst_mask_reg[0]                                                                                | SoC_i/axi_smc/inst/s00_entry_pipeline/s00_si_converter/inst/converter.wrap_narrow_inst/w_payld_fifo/s_ready_i_reg_0                                   |                2 |              9 |         4.50 |
|  SoC_i/zynq_ultra_ps_e_0/inst/pl_clk0 | SoC_i/axi_smc/inst/s00_entry_pipeline/s00_si_converter/inst/converter.wrap_narrow_inst/w_payld_fifo/E[9]                                                                                               |                                                                                                                                                       |                2 |              9 |         4.50 |
|  SoC_i/zynq_ultra_ps_e_0/inst/pl_clk0 | SoC_i/axi_smc/inst/s00_entry_pipeline/s00_si_converter/inst/converter.wrap_narrow_inst/w_payld_fifo/E[13]                                                                                              |                                                                                                                                                       |                3 |              9 |         3.00 |
|  SoC_i/zynq_ultra_ps_e_0/inst/pl_clk0 | SoC_i/VPU_Top_0/inst/u_my_ip/u_axi4_mapping/u_gemv/u_pmau_quad5/E[0]                                                                                                                                   | SoC_i/rst_ps8_0_100M/U0/peripheral_aresetn_BUFG[0]                                                                                                    |                4 |              9 |         2.25 |
|  SoC_i/zynq_ultra_ps_e_0/inst/pl_clk0 | SoC_i/axi_smc/inst/s00_entry_pipeline/s00_si_converter/inst/converter.wrap_narrow_inst/w_payld_fifo/E[12]                                                                                              |                                                                                                                                                       |                3 |              9 |         3.00 |
|  SoC_i/zynq_ultra_ps_e_0/inst/pl_clk0 | SoC_i/axi_smc/inst/s00_entry_pipeline/s00_si_converter/inst/converter.wrap_narrow_inst/gen_thread_loop[0].r_payld_fifo/cmd_fifo/cmd_active_reg_0[0]                                                    | SoC_i/axi_smc/inst/s00_entry_pipeline/s00_si_converter/inst/areset                                                                                    |                2 |              9 |         4.50 |
|  SoC_i/zynq_ultra_ps_e_0/inst/pl_clk0 | SoC_i/axi_smc/inst/s01_entry_pipeline/s01_si_converter/inst/converter.wrap_narrow_inst/gen_thread_loop[0].r_payld_fifo/cmd_fifo/cmd_active_reg_0[0]                                                    | SoC_i/axi_smc/inst/s01_entry_pipeline/s01_si_converter/inst/areset                                                                                    |                2 |              9 |         4.50 |
|  SoC_i/zynq_ultra_ps_e_0/inst/pl_clk0 | SoC_i/axi_smc/inst/s00_entry_pipeline/s00_si_converter/inst/converter.wrap_narrow_inst/w_payld_fifo/E[7]                                                                                               |                                                                                                                                                       |                2 |              9 |         4.50 |
|  SoC_i/zynq_ultra_ps_e_0/inst/pl_clk0 | SoC_i/axi_smc/inst/s00_entry_pipeline/s00_si_converter/inst/converter.wrap_narrow_inst/w_payld_fifo/cmd_fifo/cmd_active_reg_0[0]                                                                       | SoC_i/axi_smc/inst/s00_entry_pipeline/s00_si_converter/inst/areset                                                                                    |                2 |              9 |         4.50 |
|  SoC_i/zynq_ultra_ps_e_0/inst/pl_clk0 | SoC_i/axi_smc/inst/s00_entry_pipeline/s00_si_converter/inst/converter.wrap_narrow_inst/w_payld_fifo/E[6]                                                                                               |                                                                                                                                                       |                3 |              9 |         3.00 |
|  SoC_i/zynq_ultra_ps_e_0/inst/pl_clk0 | SoC_i/axi_smc/inst/s00_entry_pipeline/s00_si_converter/inst/converter.wrap_narrow_inst/w_payld_fifo/E[8]                                                                                               |                                                                                                                                                       |                2 |              9 |         4.50 |
|  SoC_i/zynq_ultra_ps_e_0/inst/pl_clk0 | SoC_i/axi_smc/inst/s00_entry_pipeline/s00_si_converter/inst/converter.wrap_narrow_inst/w_payld_fifo/E[5]                                                                                               |                                                                                                                                                       |                3 |              9 |         3.00 |
|  SoC_i/zynq_ultra_ps_e_0/inst/pl_clk0 | SoC_i/axi_smc/inst/s01_entry_pipeline/s01_si_converter/inst/converter.wrap_narrow_inst/gen_thread_loop[0].r_payld_fifo/state_reg[s_ready_i][0]                                                         | SoC_i/axi_smc/inst/s01_entry_pipeline/s01_si_converter/inst/areset                                                                                    |                3 |             10 |         3.33 |
|  SoC_i/zynq_ultra_ps_e_0/inst/pl_clk0 | SoC_i/axi_smc/inst/s00_entry_pipeline/s00_si_converter/inst/converter.wrap_narrow_inst/gen_thread_loop[0].r_payld_fifo/state_reg[s_ready_i][0]                                                         | SoC_i/axi_smc/inst/s00_entry_pipeline/s00_si_converter/inst/areset                                                                                    |                4 |             10 |         2.50 |
|  SoC_i/zynq_ultra_ps_e_0/inst/pl_clk0 | SoC_i/VPU_Top_0/inst/u_my_ip/u_axi4_mapping/u_spu/u_vpu_stream8/last_block_r_reg_0[0]                                                                                                                  | SoC_i/VPU_Top_0/inst/u_my_ip/u_axi4_mapping/u_spu/u_vpu_stream8/spu_soft_reset_r_reg                                                                  |                4 |             10 |         2.50 |
|  SoC_i/zynq_ultra_ps_e_0/inst/pl_clk0 | SoC_i/VPU_Top_0/inst/u_my_ip/ar_fire                                                                                                                                                                   | SoC_i/rst_ps8_0_100M/U0/peripheral_aresetn_BUFG[0]                                                                                                    |                2 |             11 |         5.50 |
|  SoC_i/zynq_ultra_ps_e_0/inst/pl_clk0 | SoC_i/VPU_Top_0/inst/u_my_ip/aw_fire                                                                                                                                                                   | SoC_i/rst_ps8_0_100M/U0/peripheral_aresetn_BUFG[0]                                                                                                    |                2 |             11 |         5.50 |
|  SoC_i/zynq_ultra_ps_e_0/inst/pl_clk0 | SoC_i/axi_smc/inst/m00_nodes/m00_w_node/inst/inst_si_handler/gen_si_handler.gen_axis_packet_slave_normal_area.inst_allow_transfer_late/s_sc_valid                                                      | SoC_i/axi_smc/inst/m00_nodes/m00_w_node/inst/inst_mi_handler/areset_r                                                                                 |                3 |             12 |         4.00 |
|  SoC_i/zynq_ultra_ps_e_0/inst/pl_clk0 | SoC_i/axi_smc/inst/m00_nodes/m00_ar_node/inst/inst_mi_handler/inst_ingress/inst_pipeline_valid/ingress_valid                                                                                           | SoC_i/axi_smc/inst/m00_nodes/m00_ar_node/inst/inst_mi_handler/areset_r                                                                                |                4 |             12 |         3.00 |
|  SoC_i/zynq_ultra_ps_e_0/inst/pl_clk0 | SoC_i/axi_smc/inst/s00_nodes/s00_r_node/inst/inst_si_handler/s_sc_valid                                                                                                                                | SoC_i/axi_smc/inst/s00_nodes/s00_r_node/inst/inst_mi_handler/areset_r                                                                                 |                3 |             12 |         4.00 |
|  SoC_i/zynq_ultra_ps_e_0/inst/pl_clk0 | SoC_i/VPU_Top_0/inst/u_my_ip/u_axi4_mapping/u_gemv/weight_row_base_r                                                                                                                                   | SoC_i/rst_ps8_0_100M/U0/peripheral_aresetn_BUFG[0]                                                                                                    |                6 |             12 |         2.00 |
|  SoC_i/zynq_ultra_ps_e_0/inst/pl_clk0 | SoC_i/VPU_Top_0/inst/u_my_ip/u_axi4_mapping/u_gemv/weight_wr_en_leaf270_out                                                                                                                            | SoC_i/rst_ps8_0_100M/U0/peripheral_aresetn_BUFG[0]                                                                                                    |                2 |             12 |         6.00 |
|  SoC_i/zynq_ultra_ps_e_0/inst/pl_clk0 | SoC_i/axi_smc/inst/s00_nodes/s00_r_node/inst/inst_mi_handler/inst_ingress/inst_pipeline_valid/ingress_valid                                                                                            | SoC_i/axi_smc/inst/s00_nodes/s00_r_node/inst/inst_mi_handler/areset_r                                                                                 |                4 |             12 |         3.00 |
|  SoC_i/zynq_ultra_ps_e_0/inst/pl_clk0 | SoC_i/axi_smc/inst/s00_nodes/s00_b_node/inst/inst_si_handler/s_sc_valid                                                                                                                                | SoC_i/axi_smc/inst/s00_nodes/s00_b_node/inst/inst_mi_handler/areset_r                                                                                 |                4 |             12 |         3.00 |
|  SoC_i/zynq_ultra_ps_e_0/inst/pl_clk0 | SoC_i/axi_smc/inst/s00_entry_pipeline/s00_si_converter/inst/converter.wrap_narrow_inst/w_payld_fifo/cmd_fifo/gen_srls[11].srl_nx1/shift_qual                                                           |                                                                                                                                                       |                2 |             12 |         6.00 |
|  SoC_i/zynq_ultra_ps_e_0/inst/pl_clk0 | SoC_i/axi_smc/inst/m00_nodes/m00_w_node/inst/inst_mi_handler/inst_ingress/inst_pipeline_valid/ingress_valid                                                                                            | SoC_i/axi_smc/inst/m00_nodes/m00_w_node/inst/inst_mi_handler/areset_r                                                                                 |                4 |             12 |         3.00 |
|  SoC_i/zynq_ultra_ps_e_0/inst/pl_clk0 | SoC_i/axi_smc/inst/s01_nodes/s01_r_node/inst/inst_mi_handler/inst_ingress/inst_pipeline_valid/ingress_valid                                                                                            | SoC_i/axi_smc/inst/s01_nodes/s01_r_node/inst/inst_mi_handler/areset_r                                                                                 |                3 |             12 |         4.00 |
|  SoC_i/zynq_ultra_ps_e_0/inst/pl_clk0 | SoC_i/axi_smc/inst/s00_nodes/s00_b_node/inst/inst_mi_handler/inst_ingress/inst_pipeline_valid/ingress_valid                                                                                            | SoC_i/axi_smc/inst/s00_nodes/s00_b_node/inst/inst_mi_handler/areset_r                                                                                 |                4 |             12 |         3.00 |
|  SoC_i/zynq_ultra_ps_e_0/inst/pl_clk0 | SoC_i/axi_smc/inst/s00_entry_pipeline/s00_si_converter/inst/converter.wrap_narrow_inst/w_payld_fifo/cmd_fifo/gen_pipelined.mesg_reg                                                                    |                                                                                                                                                       |                5 |             12 |         2.40 |
|  SoC_i/zynq_ultra_ps_e_0/inst/pl_clk0 | SoC_i/axi_smc/inst/m00_nodes/m00_ar_node/inst/inst_si_handler/gen_si_handler.gen_arbiter_rr_normal_area.inst_arbiter/s_sc_valid                                                                        | SoC_i/axi_smc/inst/m00_nodes/m00_ar_node/inst/inst_mi_handler/areset_r                                                                                |                5 |             12 |         2.40 |
|  SoC_i/zynq_ultra_ps_e_0/inst/pl_clk0 | SoC_i/axi_smc/inst/m00_nodes/m00_aw_node/inst/inst_mi_handler/inst_ingress/inst_pipeline_valid/ingress_valid                                                                                           | SoC_i/axi_smc/inst/m00_nodes/m00_aw_node/inst/inst_mi_handler/areset_r                                                                                |                3 |             12 |         4.00 |
|  SoC_i/zynq_ultra_ps_e_0/inst/pl_clk0 | SoC_i/axi_smc/inst/m00_nodes/m00_aw_node/inst/inst_si_handler/gen_si_handler.gen_arbiter_rr_normal_area.inst_arbiter/s_sc_valid                                                                        | SoC_i/axi_smc/inst/m00_nodes/m00_aw_node/inst/inst_mi_handler/areset_r                                                                                |                5 |             12 |         2.40 |
|  SoC_i/zynq_ultra_ps_e_0/inst/pl_clk0 | SoC_i/axi_smc/inst/m00_nodes/m00_b_node/inst/inst_mi_handler/gen_normal_area.inst_fifo_send/rd_addrb_incr                                                                                              | SoC_i/axi_smc/inst/m00_nodes/m00_b_node/inst/inst_mi_handler/m_sc_areset_r                                                                            |                3 |             12 |         4.00 |
|  SoC_i/zynq_ultra_ps_e_0/inst/pl_clk0 | SoC_i/axi_smc/inst/s00_entry_pipeline/s00_si_converter/inst/converter.wrap_narrow_inst/gen_thread_loop[0].r_payld_fifo/cmd_fifo/gen_pipelined.mesg_reg                                                 |                                                                                                                                                       |                3 |             12 |         4.00 |
|  SoC_i/zynq_ultra_ps_e_0/inst/pl_clk0 | SoC_i/axi_smc/inst/s01_entry_pipeline/s01_si_converter/inst/converter.wrap_narrow_inst/gen_thread_loop[0].r_payld_fifo/cmd_fifo/gen_srls[11].srl_nx1/shift_qual                                        |                                                                                                                                                       |                3 |             12 |         4.00 |
|  SoC_i/zynq_ultra_ps_e_0/inst/pl_clk0 | SoC_i/axi_smc/inst/s01_entry_pipeline/s01_si_converter/inst/converter.wrap_narrow_inst/gen_thread_loop[0].r_payld_fifo/cmd_fifo/gen_pipelined.mesg_reg                                                 |                                                                                                                                                       |                5 |             12 |         2.40 |
|  SoC_i/zynq_ultra_ps_e_0/inst/pl_clk0 | SoC_i/axi_smc/inst/s01_entry_pipeline/s01_si_converter/inst/converter.wrap_narrow_inst/w_payld_fifo/cmd_fifo/gen_pipelined.mesg_reg                                                                    |                                                                                                                                                       |                5 |             12 |         2.40 |
|  SoC_i/zynq_ultra_ps_e_0/inst/pl_clk0 | SoC_i/axi_smc/inst/s00_entry_pipeline/s00_si_converter/inst/converter.wrap_narrow_inst/gen_thread_loop[0].r_payld_fifo/cmd_fifo/gen_srls[11].srl_nx1/shift_qual                                        |                                                                                                                                                       |                3 |             12 |         4.00 |
|  SoC_i/zynq_ultra_ps_e_0/inst/pl_clk0 | SoC_i/axi_smc/inst/s01_entry_pipeline/s01_si_converter/inst/converter.wrap_narrow_inst/w_payld_fifo/cmd_fifo/gen_srls[11].srl_nx1/shift_qual                                                           |                                                                                                                                                       |                2 |             12 |         6.00 |
|  SoC_i/zynq_ultra_ps_e_0/inst/pl_clk0 | SoC_i/axi_smc/inst/s01_nodes/s01_r_node/inst/inst_si_handler/s_sc_valid                                                                                                                                | SoC_i/axi_smc/inst/s01_nodes/s01_r_node/inst/inst_mi_handler/areset_r                                                                                 |                4 |             12 |         3.00 |
|  SoC_i/zynq_ultra_ps_e_0/inst/pl_clk0 | SoC_i/axi_smc/inst/s01_nodes/s01_b_node/inst/inst_mi_handler/inst_ingress/inst_pipeline_valid/ingress_valid                                                                                            | SoC_i/axi_smc/inst/s01_nodes/s01_b_node/inst/inst_mi_handler/areset_r                                                                                 |                3 |             12 |         4.00 |
|  SoC_i/zynq_ultra_ps_e_0/inst/pl_clk0 | SoC_i/axi_smc/inst/s01_nodes/s01_b_node/inst/inst_si_handler/s_sc_valid                                                                                                                                | SoC_i/axi_smc/inst/s01_nodes/s01_b_node/inst/inst_mi_handler/areset_r                                                                                 |                2 |             12 |         6.00 |
|  SoC_i/zynq_ultra_ps_e_0/inst/pl_clk0 | SoC_i/VPU_Top_0/inst/u_my_ip/u_axi4_mapping/u_spu/u_spu_controller/u_quantize_q8_0/sample_index_r[4]_i_1_n_0                                                                                           | SoC_i/rst_ps8_0_100M/U0/peripheral_aresetn_BUFG[0]                                                                                                    |                8 |             13 |         1.62 |
|  SoC_i/zynq_ultra_ps_e_0/inst/pl_clk0 | SoC_i/axi_smc/inst/s00_entry_pipeline/s00_si_converter/inst/converter.wrap_narrow_inst/w_payld_fifo/cmd_fifo/E[0]                                                                                      | SoC_i/axi_smc/inst/s00_entry_pipeline/s00_si_converter/inst/areset                                                                                    |                4 |             13 |         3.25 |
|  SoC_i/zynq_ultra_ps_e_0/inst/pl_clk0 | SoC_i/axi_smc/inst/s00_entry_pipeline/s00_si_converter/inst/converter.wrap_narrow_inst/gen_thread_loop[0].r_payld_fifo/cmd_fifo/E[0]                                                                   | SoC_i/axi_smc/inst/s00_entry_pipeline/s00_si_converter/inst/areset                                                                                    |                2 |             13 |         6.50 |
|  SoC_i/zynq_ultra_ps_e_0/inst/pl_clk0 | SoC_i/axi_smc/inst/s01_entry_pipeline/s01_si_converter/inst/converter.wrap_narrow_inst/w_payld_fifo/cmd_fifo/E[0]                                                                                      | SoC_i/axi_smc/inst/s01_entry_pipeline/s01_si_converter/inst/areset                                                                                    |                2 |             13 |         6.50 |
|  SoC_i/zynq_ultra_ps_e_0/inst/pl_clk0 | SoC_i/axi_smc/inst/s01_entry_pipeline/s01_si_converter/inst/converter.wrap_narrow_inst/gen_thread_loop[0].r_payld_fifo/cmd_fifo/E[0]                                                                   | SoC_i/axi_smc/inst/s01_entry_pipeline/s01_si_converter/inst/areset                                                                                    |                5 |             13 |         2.60 |
|  SoC_i/zynq_ultra_ps_e_0/inst/pl_clk0 | SoC_i/axi_smc/inst/s01_entry_pipeline/s01_si_converter/inst/gen_normal.splitter_inst/gen_no_wsplitter.gen_endpoint_woffset.gen_wbypass_offset_fifo.wbypass_offset_fifo/gen_pipelined.mesg_reg_0        |                                                                                                                                                       |                4 |             14 |         3.50 |
|  SoC_i/zynq_ultra_ps_e_0/inst/pl_clk0 | SoC_i/axi_smc/inst/s00_entry_pipeline/s00_si_converter/inst/gen_normal.splitter_inst/gen_no_wsplitter.gen_endpoint_woffset.gen_wbypass_offset_fifo.wbypass_offset_fifo/gen_srls[13].srl_nx1/shift_qual |                                                                                                                                                       |                3 |             14 |         4.67 |
|  SoC_i/zynq_ultra_ps_e_0/inst/pl_clk0 | SoC_i/axi_smc/inst/s01_entry_pipeline/s01_si_converter/inst/gen_normal.splitter_inst/gen_no_wsplitter.gen_endpoint_woffset.gen_wbypass_offset_fifo.wbypass_offset_fifo/gen_srls[13].srl_nx1/shift_qual |                                                                                                                                                       |                2 |             14 |         7.00 |
|  SoC_i/zynq_ultra_ps_e_0/inst/pl_clk0 | SoC_i/axi_smc/inst/s00_entry_pipeline/s00_si_converter/inst/gen_normal.splitter_inst/gen_no_wsplitter.gen_endpoint_woffset.gen_wbypass_offset_fifo.wbypass_offset_fifo/gen_pipelined.mesg_reg_0        |                                                                                                                                                       |                7 |             14 |         2.00 |
|  SoC_i/zynq_ultra_ps_e_0/inst/pl_clk0 | SoC_i/VPU_Top_0/inst/u_my_ip/u_axi4_mapping/u_spu/u_vpu_stream8/GEN_ACCUM8[5].u_accum/wr_decode_addr_r_reg[7]                                                                                          | SoC_i/rst_ps8_0_100M/U0/peripheral_aresetn_BUFG[0]                                                                                                    |                5 |             15 |         3.00 |
|  SoC_i/zynq_ultra_ps_e_0/inst/pl_clk0 | SoC_i/VPU_Top_0/inst/u_my_ip/u_axi4_mapping/u_gemv/u_pmau_quad7/read_group_last_q_r                                                                                                                    | SoC_i/rst_ps8_0_100M/U0/peripheral_aresetn_BUFG[0]                                                                                                    |                3 |             15 |         5.00 |
|  SoC_i/zynq_ultra_ps_e_0/inst/pl_clk0 | SoC_i/axi_smc/inst/m00_exit_pipeline/m00_exit/inst/exit_inst/gen_r_cmd_fifo.r_cmd_fifo/gen_pipelined.mesg_reg                                                                                          |                                                                                                                                                       |                6 |             16 |         2.67 |
|  SoC_i/zynq_ultra_ps_e_0/inst/pl_clk0 | SoC_i/VPU_Top_0/inst/u_my_ip/u_axi4_mapping/u_spu/u_spu_controller/u_softmax/output_word[47]_i_1_n_0                                                                                                   | SoC_i/rst_ps8_0_100M/U0/peripheral_aresetn_BUFG[0]                                                                                                    |                5 |             16 |         3.20 |
|  SoC_i/zynq_ultra_ps_e_0/inst/pl_clk0 | SoC_i/VPU_Top_0/inst/u_my_ip/u_axi4_mapping/u_spu/u_spu_controller/u_softmax/output_word[95]_i_1_n_0                                                                                                   | SoC_i/rst_ps8_0_100M/U0/peripheral_aresetn_BUFG[0]                                                                                                    |                6 |             16 |         2.67 |
|  SoC_i/zynq_ultra_ps_e_0/inst/pl_clk0 | SoC_i/VPU_Top_0/inst/u_my_ip/u_axi4_mapping/u_spu/u_spu_controller/u_softmax/output_word[63]_i_1_n_0                                                                                                   | SoC_i/rst_ps8_0_100M/U0/peripheral_aresetn_BUFG[0]                                                                                                    |                7 |             16 |         2.29 |
|  SoC_i/zynq_ultra_ps_e_0/inst/pl_clk0 | SoC_i/VPU_Top_0/inst/u_my_ip/u_axi4_mapping/u_spu/u_spu_controller/u_silu_mul/result_word[127]_i_1_n_0                                                                                                 | SoC_i/rst_ps8_0_100M/U0/peripheral_aresetn_BUFG[0]                                                                                                    |               12 |             16 |         1.33 |
|  SoC_i/zynq_ultra_ps_e_0/inst/pl_clk0 | SoC_i/VPU_Top_0/inst/u_my_ip/u_axi4_mapping/u_spu/u_vpu_stream8/p3_act_scale_r                                                                                                                         | SoC_i/VPU_Top_0/inst/u_my_ip/u_axi4_mapping/u_spu/u_vpu_stream8/spu_soft_reset_r_reg                                                                  |               10 |             16 |         1.60 |
|  SoC_i/zynq_ultra_ps_e_0/inst/pl_clk0 | SoC_i/VPU_Top_0/inst/u_my_ip/u_axi4_mapping/u_gemv/u_pmau_quad5/state_r_reg[1][0]                                                                                                                      | SoC_i/rst_ps8_0_100M/U0/peripheral_aresetn_BUFG[0]                                                                                                    |                4 |             16 |         4.00 |
|  SoC_i/zynq_ultra_ps_e_0/inst/pl_clk0 | SoC_i/axi_smc/inst/m00_nodes/m00_b_node/inst/inst_mi_handler/gen_normal_area.gen_fifo_req.inst_fifo_req/gen_xpm_memory_fifo.inst_fifo/wr_wea                                                           |                                                                                                                                                       |                1 |             16 |        16.00 |
|  SoC_i/zynq_ultra_ps_e_0/inst/pl_clk0 | SoC_i/VPU_Top_0/inst/u_my_ip/u_axi4_mapping/u_spu/u_spu_controller/u_rope/result_word[95]_i_1__1_n_0                                                                                                   | SoC_i/rst_ps8_0_100M/U0/peripheral_aresetn_BUFG[0]                                                                                                    |                4 |             16 |         4.00 |
|  SoC_i/zynq_ultra_ps_e_0/inst/pl_clk0 | SoC_i/VPU_Top_0/inst/u_my_ip/u_axi4_mapping/u_spu/u_spu_controller/u_silu_mul/result_word[111]_i_1_n_0                                                                                                 | SoC_i/rst_ps8_0_100M/U0/peripheral_aresetn_BUFG[0]                                                                                                    |                8 |             16 |         2.00 |
|  SoC_i/zynq_ultra_ps_e_0/inst/pl_clk0 | SoC_i/VPU_Top_0/inst/u_my_ip/u_axi4_mapping/u_spu/u_spu_controller/u_softmax/lane_score_r                                                                                                              | SoC_i/rst_ps8_0_100M/U0/peripheral_aresetn_BUFG[0]                                                                                                    |                8 |             16 |         2.00 |
|  SoC_i/zynq_ultra_ps_e_0/inst/pl_clk0 | SoC_i/VPU_Top_0/inst/u_my_ip/u_axi4_mapping/u_spu/u_spu_controller/u_softmax/output_word[31]_i_1_n_0                                                                                                   | SoC_i/rst_ps8_0_100M/U0/peripheral_aresetn_BUFG[0]                                                                                                    |                6 |             16 |         2.67 |
|  SoC_i/zynq_ultra_ps_e_0/inst/pl_clk0 | SoC_i/VPU_Top_0/inst/u_my_ip/u_axi4_mapping/u_spu/u_spu_controller/u_softmax/output_word[127]_i_1_n_0                                                                                                  | SoC_i/rst_ps8_0_100M/U0/peripheral_aresetn_BUFG[0]                                                                                                    |                7 |             16 |         2.29 |
|  SoC_i/zynq_ultra_ps_e_0/inst/pl_clk0 | SoC_i/VPU_Top_0/inst/u_my_ip/u_axi4_mapping/u_spu/u_spu_controller/u_softmax/output_word[15]_i_1_n_0                                                                                                   | SoC_i/rst_ps8_0_100M/U0/peripheral_aresetn_BUFG[0]                                                                                                    |                8 |             16 |         2.00 |
|  SoC_i/zynq_ultra_ps_e_0/inst/pl_clk0 | SoC_i/VPU_Top_0/inst/u_my_ip/u_axi4_mapping/u_gemv/u_pmau_quad5/input_fire                                                                                                                             | SoC_i/rst_ps8_0_100M/U0/peripheral_aresetn_BUFG[0]                                                                                                    |                4 |             16 |         4.00 |
|  SoC_i/zynq_ultra_ps_e_0/inst/pl_clk0 | SoC_i/axi_smc/inst/m00_nodes/m00_b_node/inst/inst_mi_handler/gen_normal_area.inst_fifo_node_payld/gen_xpm_memory_fifo.inst_fifo/wr_wea                                                                 |                                                                                                                                                       |                1 |             16 |        16.00 |
|  SoC_i/zynq_ultra_ps_e_0/inst/pl_clk0 | SoC_i/VPU_Top_0/inst/u_my_ip/u_axi4_mapping/u_spu/u_spu_controller/u_silu_mul/result_word[15]_i_1_n_0                                                                                                  | SoC_i/rst_ps8_0_100M/U0/peripheral_aresetn_BUFG[0]                                                                                                    |                8 |             16 |         2.00 |
|  SoC_i/zynq_ultra_ps_e_0/inst/pl_clk0 | SoC_i/axi_smc/inst/m00_nodes/m00_r_node/inst/inst_mi_handler/gen_normal_area.gen_fifo_req.inst_fifo_req/gen_xpm_memory_fifo.inst_fifo/wr_wea                                                           |                                                                                                                                                       |                1 |             16 |        16.00 |
|  SoC_i/zynq_ultra_ps_e_0/inst/pl_clk0 | SoC_i/VPU_Top_0/inst/u_my_ip/u_axi4_mapping/u_gemv/u_pmau_quad2/E[0]                                                                                                                                   | SoC_i/rst_ps8_0_100M/U0/peripheral_aresetn_BUFG[0]                                                                                                    |                6 |             16 |         2.67 |
|  SoC_i/zynq_ultra_ps_e_0/inst/pl_clk0 | SoC_i/axi_smc/inst/s00_entry_pipeline/s00_mmu/inst/gen_endpoint.decerr_slave_inst/gen_axi.gen_write.s_axi_bid_i[15]_i_1_n_0                                                                            | SoC_i/axi_smc/inst/s00_entry_pipeline/s00_mmu/inst/areset                                                                                             |                4 |             16 |         4.00 |
|  SoC_i/zynq_ultra_ps_e_0/inst/pl_clk0 | SoC_i/VPU_Top_0/inst/u_my_ip/u_axi4_mapping/u_spu/u_spu_controller/u_softmax/output_word[111]_i_1_n_0                                                                                                  | SoC_i/rst_ps8_0_100M/U0/peripheral_aresetn_BUFG[0]                                                                                                    |                7 |             16 |         2.29 |
|  SoC_i/zynq_ultra_ps_e_0/inst/pl_clk0 | SoC_i/axi_smc/inst/s00_entry_pipeline/s00_transaction_regulator/inst/gen_endpoint.gen_w_singleorder.w_singleorder/gen_id_fifo.singleorder_fifo/gen_pipelined.load_mesg                                 |                                                                                                                                                       |                4 |             16 |         4.00 |
|  SoC_i/zynq_ultra_ps_e_0/inst/pl_clk0 | SoC_i/VPU_Top_0/inst/u_my_ip/u_axi4_mapping/u_spu/u_spu_controller/u_softmax/word_max_q8[15]_i_1_n_0                                                                                                   | SoC_i/rst_ps8_0_100M/U0/peripheral_aresetn_BUFG[0]                                                                                                    |                5 |             16 |         3.20 |
|  SoC_i/zynq_ultra_ps_e_0/inst/pl_clk0 | SoC_i/axi_smc/inst/s00_entry_pipeline/s00_transaction_regulator/inst/gen_endpoint.gen_r_singleorder.r_singleorder/gen_id_fifo.singleorder_fifo/gen_srls[15].srl_nx1/shift                              |                                                                                                                                                       |                3 |             16 |         5.33 |
|  SoC_i/zynq_ultra_ps_e_0/inst/pl_clk0 | SoC_i/axi_smc/inst/s00_entry_pipeline/s00_mmu/inst/gen_endpoint.decerr_slave_inst/gen_axi.gen_read.s_axi_rid_i                                                                                         | SoC_i/axi_smc/inst/s00_entry_pipeline/s00_mmu/inst/areset                                                                                             |                7 |             16 |         2.29 |
|  SoC_i/zynq_ultra_ps_e_0/inst/pl_clk0 | SoC_i/axi_smc/inst/s00_entry_pipeline/s00_transaction_regulator/inst/gen_endpoint.gen_r_singleorder.r_singleorder/gen_id_fifo.singleorder_fifo/gen_pipelined.load_mesg                                 |                                                                                                                                                       |                6 |             16 |         2.67 |
|  SoC_i/zynq_ultra_ps_e_0/inst/pl_clk0 | SoC_i/axi_smc/inst/s00_entry_pipeline/s00_transaction_regulator/inst/gen_endpoint.gen_w_singleorder.w_singleorder/gen_id_fifo.singleorder_fifo/gen_srls[15].srl_nx1/shift                              |                                                                                                                                                       |                3 |             16 |         5.33 |
|  SoC_i/zynq_ultra_ps_e_0/inst/pl_clk0 | SoC_i/VPU_Top_0/inst/u_my_ip/u_axi4_mapping/u_spu/u_spu_controller/u_silu_mul/result_word[47]_i_1_n_0                                                                                                  | SoC_i/rst_ps8_0_100M/U0/peripheral_aresetn_BUFG[0]                                                                                                    |               10 |             16 |         1.60 |
|  SoC_i/zynq_ultra_ps_e_0/inst/pl_clk0 | SoC_i/VPU_Top_0/inst/u_my_ip/u_axi4_mapping/u_spu/u_spu_controller/u_silu_mul/result_word[63]_i_1_n_0                                                                                                  | SoC_i/rst_ps8_0_100M/U0/peripheral_aresetn_BUFG[0]                                                                                                    |                9 |             16 |         1.78 |
|  SoC_i/zynq_ultra_ps_e_0/inst/pl_clk0 | SoC_i/VPU_Top_0/inst/u_my_ip/u_axi4_mapping/u_spu/u_spu_controller/u_silu_mul/result_word[31]_i_1_n_0                                                                                                  | SoC_i/rst_ps8_0_100M/U0/peripheral_aresetn_BUFG[0]                                                                                                    |                8 |             16 |         2.00 |
|  SoC_i/zynq_ultra_ps_e_0/inst/pl_clk0 | SoC_i/VPU_Top_0/inst/u_my_ip/u_axi4_mapping/u_spu/u_spu_controller/u_softmax/state_r_reg[5]_rep__1[0]                                                                                                  | SoC_i/rst_ps8_0_100M/U0/peripheral_aresetn_BUFG[0]                                                                                                    |                3 |             16 |         5.33 |
|  SoC_i/zynq_ultra_ps_e_0/inst/pl_clk0 | SoC_i/axi_smc/inst/s00_nodes/s00_b_node/inst/inst_mi_handler/gen_normal_area.inst_fifo_node_payld/gen_xpm_memory_fifo.inst_fifo/wr_wea                                                                 |                                                                                                                                                       |                1 |             16 |        16.00 |
|  SoC_i/zynq_ultra_ps_e_0/inst/pl_clk0 | SoC_i/axi_smc/inst/s00_nodes/s00_w_node/inst/inst_mi_handler/gen_normal_area.gen_fifo_req.inst_fifo_req/gen_xpm_memory_fifo.inst_fifo/wr_wea                                                           |                                                                                                                                                       |                1 |             16 |        16.00 |
|  SoC_i/zynq_ultra_ps_e_0/inst/pl_clk0 | SoC_i/axi_smc/inst/s01_entry_pipeline/s01_mmu/inst/gen_endpoint.decerr_slave_inst/gen_axi.gen_read.s_axi_rid_i                                                                                         | SoC_i/axi_smc/inst/s01_entry_pipeline/s01_mmu/inst/areset                                                                                             |                4 |             16 |         4.00 |
|  SoC_i/zynq_ultra_ps_e_0/inst/pl_clk0 | SoC_i/axi_smc/inst/s01_entry_pipeline/s01_mmu/inst/gen_endpoint.decerr_slave_inst/gen_axi.gen_write.s_axi_bid_i[15]_i_1_n_0                                                                            | SoC_i/axi_smc/inst/s01_entry_pipeline/s01_mmu/inst/areset                                                                                             |                4 |             16 |         4.00 |
|  SoC_i/zynq_ultra_ps_e_0/inst/pl_clk0 | SoC_i/VPU_Top_0/inst/u_my_ip/u_axi4_mapping/u_gemv/u_pmau_quad3/input_fire                                                                                                                             | SoC_i/rst_ps8_0_100M/U0/peripheral_aresetn_BUFG[0]                                                                                                    |                2 |             16 |         8.00 |
|  SoC_i/zynq_ultra_ps_e_0/inst/pl_clk0 | SoC_i/VPU_Top_0/inst/u_my_ip/u_axi4_mapping/u_gemv/u_pmau_pair/input_fire                                                                                                                              | SoC_i/rst_ps8_0_100M/U0/peripheral_aresetn_BUFG[0]                                                                                                    |                4 |             16 |         4.00 |
|  SoC_i/zynq_ultra_ps_e_0/inst/pl_clk0 | SoC_i/VPU_Top_0/inst/u_my_ip/u_axi4_mapping/u_gemv/u_pmau_quad2/input_fire                                                                                                                             | SoC_i/rst_ps8_0_100M/U0/peripheral_aresetn_BUFG[0]                                                                                                    |                7 |             16 |         2.29 |
|  SoC_i/zynq_ultra_ps_e_0/inst/pl_clk0 | SoC_i/VPU_Top_0/inst/u_my_ip/u_axi4_mapping/u_gemv/u_pmau_quad4/E[0]                                                                                                                                   | SoC_i/rst_ps8_0_100M/U0/peripheral_aresetn_BUFG[0]                                                                                                    |                9 |             16 |         1.78 |
|  SoC_i/zynq_ultra_ps_e_0/inst/pl_clk0 | SoC_i/VPU_Top_0/inst/u_my_ip/u_axi4_mapping/u_gemv/u_pmau_quad4/input_fire_0                                                                                                                           | SoC_i/rst_ps8_0_100M/U0/peripheral_aresetn_BUFG[0]                                                                                                    |                5 |             16 |         3.20 |
|  SoC_i/zynq_ultra_ps_e_0/inst/pl_clk0 | SoC_i/VPU_Top_0/inst/u_my_ip/u_axi4_mapping/u_gemv/u_pmau_quad4/input_fire                                                                                                                             | SoC_i/rst_ps8_0_100M/U0/peripheral_aresetn_BUFG[0]                                                                                                    |                4 |             16 |         4.00 |
|  SoC_i/zynq_ultra_ps_e_0/inst/pl_clk0 | SoC_i/VPU_Top_0/inst/u_my_ip/u_axi4_mapping/u_gemv/weight_wr_strb_leaf[33][3]_i_1_n_0                                                                                                                  | SoC_i/rst_ps8_0_100M/U0/peripheral_aresetn_BUFG[0]                                                                                                    |                5 |             16 |         3.20 |
|  SoC_i/zynq_ultra_ps_e_0/inst/pl_clk0 | SoC_i/VPU_Top_0/inst/u_my_ip/u_axi4_mapping/u_gemv/weight_wr_strb_leaf[42][3]_i_1_n_0                                                                                                                  | SoC_i/rst_ps8_0_100M/U0/peripheral_aresetn_BUFG[0]                                                                                                    |                7 |             16 |         2.29 |
|  SoC_i/zynq_ultra_ps_e_0/inst/pl_clk0 | SoC_i/VPU_Top_0/inst/u_my_ip/u_axi4_mapping/u_spu/u_spu_controller/u_softmax/output_word[79]_i_1_n_0                                                                                                   | SoC_i/rst_ps8_0_100M/U0/peripheral_aresetn_BUFG[0]                                                                                                    |                6 |             16 |         2.67 |
|  SoC_i/zynq_ultra_ps_e_0/inst/pl_clk0 | SoC_i/axi_smc/inst/s01_entry_pipeline/s01_transaction_regulator/inst/gen_endpoint.gen_w_singleorder.w_singleorder/gen_id_fifo.singleorder_fifo/gen_pipelined.load_mesg                                 |                                                                                                                                                       |                6 |             16 |         2.67 |
|  SoC_i/zynq_ultra_ps_e_0/inst/pl_clk0 | SoC_i/VPU_Top_0/inst/u_my_ip/u_axi4_mapping/u_gemv/weight_wr_strb_leaf[62][3]_i_1_n_0                                                                                                                  | SoC_i/rst_ps8_0_100M/U0/peripheral_aresetn_BUFG[0]                                                                                                    |                7 |             16 |         2.29 |
|  SoC_i/zynq_ultra_ps_e_0/inst/pl_clk0 | SoC_i/axi_smc/inst/s01_entry_pipeline/s01_transaction_regulator/inst/gen_endpoint.gen_r_singleorder.r_singleorder/gen_id_fifo.singleorder_fifo/gen_srls[15].srl_nx1/shift                              |                                                                                                                                                       |                2 |             16 |         8.00 |
|  SoC_i/zynq_ultra_ps_e_0/inst/pl_clk0 | SoC_i/VPU_Top_0/inst/u_my_ip/u_axi4_mapping/u_spu/u_spu_controller/u_quantize_q8_0/max_abs_r                                                                                                           | SoC_i/rst_ps8_0_100M/U0/peripheral_aresetn_BUFG[0]                                                                                                    |                8 |             16 |         2.00 |
|  SoC_i/zynq_ultra_ps_e_0/inst/pl_clk0 | SoC_i/VPU_Top_0/inst/u_my_ip/u_axi4_mapping/u_gemv/u_pmau_quad7/state_r_reg[2][0]                                                                                                                      | SoC_i/rst_ps8_0_100M/U0/peripheral_aresetn_BUFG[0]                                                                                                    |                9 |             16 |         1.78 |
|  SoC_i/zynq_ultra_ps_e_0/inst/pl_clk0 | SoC_i/VPU_Top_0/inst/u_my_ip/u_axi4_mapping/u_spu/u_spu_controller/u_rmsnorm/result_word[111]_i_1__0_n_0                                                                                               | SoC_i/rst_ps8_0_100M/U0/peripheral_aresetn_BUFG[0]                                                                                                    |               11 |             16 |         1.45 |
|  SoC_i/zynq_ultra_ps_e_0/inst/pl_clk0 | SoC_i/VPU_Top_0/inst/u_my_ip/u_axi4_mapping/u_spu/u_spu_controller/u_rmsnorm/result_word[127]_i_1__0_n_0                                                                                               | SoC_i/rst_ps8_0_100M/U0/peripheral_aresetn_BUFG[0]                                                                                                    |               13 |             16 |         1.23 |
|  SoC_i/zynq_ultra_ps_e_0/inst/pl_clk0 | SoC_i/axi_smc/inst/s01_entry_pipeline/s01_transaction_regulator/inst/gen_endpoint.gen_r_singleorder.r_singleorder/gen_id_fifo.singleorder_fifo/gen_pipelined.load_mesg                                 |                                                                                                                                                       |                5 |             16 |         3.20 |
|  SoC_i/zynq_ultra_ps_e_0/inst/pl_clk0 | SoC_i/VPU_Top_0/inst/u_my_ip/u_axi4_mapping/u_spu/u_spu_controller/u_rmsnorm/result_word[15]_i_1__0_n_0                                                                                                | SoC_i/rst_ps8_0_100M/U0/peripheral_aresetn_BUFG[0]                                                                                                    |               11 |             16 |         1.45 |
|  SoC_i/zynq_ultra_ps_e_0/inst/pl_clk0 | SoC_i/axi_smc/inst/s01_entry_pipeline/s01_transaction_regulator/inst/gen_endpoint.gen_w_singleorder.w_singleorder/gen_id_fifo.singleorder_fifo/gen_srls[15].srl_nx1/shift                              |                                                                                                                                                       |                3 |             16 |         5.33 |
|  SoC_i/zynq_ultra_ps_e_0/inst/pl_clk0 | SoC_i/VPU_Top_0/inst/u_my_ip/u_axi4_mapping/u_spu/u_spu_controller/u_rmsnorm/result_word[47]_i_1__0_n_0                                                                                                | SoC_i/rst_ps8_0_100M/U0/peripheral_aresetn_BUFG[0]                                                                                                    |               11 |             16 |         1.45 |
|  SoC_i/zynq_ultra_ps_e_0/inst/pl_clk0 | SoC_i/VPU_Top_0/inst/u_my_ip/u_axi4_mapping/u_spu/u_spu_controller/u_rmsnorm/result_word[31]_i_1__0_n_0                                                                                                | SoC_i/rst_ps8_0_100M/U0/peripheral_aresetn_BUFG[0]                                                                                                    |               10 |             16 |         1.60 |
|  SoC_i/zynq_ultra_ps_e_0/inst/pl_clk0 | SoC_i/VPU_Top_0/inst/u_my_ip/u_axi4_mapping/u_gemv/u_pmau_quad7/feed_valid_r_reg_1[0]                                                                                                                  | SoC_i/rst_ps8_0_100M/U0/peripheral_aresetn_BUFG[0]                                                                                                    |                3 |             16 |         5.33 |
|  SoC_i/zynq_ultra_ps_e_0/inst/pl_clk0 | SoC_i/VPU_Top_0/inst/u_my_ip/u_axi4_mapping/u_spu/u_spu_controller/u_silu_mul/result_word[95]_i_1_n_0                                                                                                  | SoC_i/rst_ps8_0_100M/U0/peripheral_aresetn_BUFG[0]                                                                                                    |                8 |             16 |         2.00 |
|  SoC_i/zynq_ultra_ps_e_0/inst/pl_clk0 | SoC_i/VPU_Top_0/inst/u_my_ip/u_axi4_mapping/u_spu/u_spu_controller/u_rmsnorm/result_word[95]_i_1__0_n_0                                                                                                | SoC_i/rst_ps8_0_100M/U0/peripheral_aresetn_BUFG[0]                                                                                                    |               10 |             16 |         1.60 |
|  SoC_i/zynq_ultra_ps_e_0/inst/pl_clk0 | SoC_i/VPU_Top_0/inst/u_my_ip/u_axi4_mapping/u_spu/u_spu_controller/u_rmsnorm/result_word[79]_i_1__0_n_0                                                                                                | SoC_i/rst_ps8_0_100M/U0/peripheral_aresetn_BUFG[0]                                                                                                    |               11 |             16 |         1.45 |
|  SoC_i/zynq_ultra_ps_e_0/inst/pl_clk0 | SoC_i/VPU_Top_0/inst/u_my_ip/u_axi4_mapping/u_spu/u_spu_controller/u_silu_mul/result_word[79]_i_1_n_0                                                                                                  | SoC_i/rst_ps8_0_100M/U0/peripheral_aresetn_BUFG[0]                                                                                                    |                8 |             16 |         2.00 |
|  SoC_i/zynq_ultra_ps_e_0/inst/pl_clk0 | SoC_i/axi_smc/inst/s01_nodes/s01_b_node/inst/inst_mi_handler/gen_normal_area.inst_fifo_node_payld/gen_xpm_memory_fifo.inst_fifo/wr_wea                                                                 |                                                                                                                                                       |                1 |             16 |        16.00 |
|  SoC_i/zynq_ultra_ps_e_0/inst/pl_clk0 | SoC_i/VPU_Top_0/inst/u_my_ip/u_axi4_mapping/u_spu/u_spu_controller/u_rmsnorm/result_word[63]_i_1__0_n_0                                                                                                | SoC_i/rst_ps8_0_100M/U0/peripheral_aresetn_BUFG[0]                                                                                                    |               13 |             16 |         1.23 |
|  SoC_i/zynq_ultra_ps_e_0/inst/pl_clk0 | SoC_i/VPU_Top_0/inst/u_my_ip/u_axi4_mapping/u_spu/u_spu_controller/u_rope/result_word[111]_i_1__1_n_0                                                                                                  | SoC_i/rst_ps8_0_100M/U0/peripheral_aresetn_BUFG[0]                                                                                                    |                9 |             16 |         1.78 |
|  SoC_i/zynq_ultra_ps_e_0/inst/pl_clk0 | SoC_i/VPU_Top_0/inst/u_my_ip/u_axi4_mapping/u_spu/u_spu_controller/u_rope/result_word[127]_i_1__1_n_0                                                                                                  | SoC_i/rst_ps8_0_100M/U0/peripheral_aresetn_BUFG[0]                                                                                                    |                5 |             16 |         3.20 |
|  SoC_i/zynq_ultra_ps_e_0/inst/pl_clk0 | SoC_i/VPU_Top_0/inst/u_my_ip/u_axi4_mapping/u_spu/u_spu_controller/u_rope/result_word[31]_i_1__1_n_0                                                                                                   | SoC_i/rst_ps8_0_100M/U0/peripheral_aresetn_BUFG[0]                                                                                                    |                5 |             16 |         3.20 |
|  SoC_i/zynq_ultra_ps_e_0/inst/pl_clk0 | SoC_i/VPU_Top_0/inst/u_my_ip/u_axi4_mapping/u_spu/u_spu_controller/u_rope/result_word[15]_i_1__1_n_0                                                                                                   | SoC_i/rst_ps8_0_100M/U0/peripheral_aresetn_BUFG[0]                                                                                                    |                6 |             16 |         2.67 |
|  SoC_i/zynq_ultra_ps_e_0/inst/pl_clk0 | SoC_i/VPU_Top_0/inst/u_my_ip/u_axi4_mapping/u_spu/u_spu_controller/u_rope/result_word[79]_i_1__1_n_0                                                                                                   | SoC_i/rst_ps8_0_100M/U0/peripheral_aresetn_BUFG[0]                                                                                                    |                7 |             16 |         2.29 |
|  SoC_i/zynq_ultra_ps_e_0/inst/pl_clk0 | SoC_i/VPU_Top_0/inst/u_my_ip/u_axi4_mapping/u_spu/u_spu_controller/u_rope/result_word[63]_i_1__1_n_0                                                                                                   | SoC_i/rst_ps8_0_100M/U0/peripheral_aresetn_BUFG[0]                                                                                                    |                4 |             16 |         4.00 |
|  SoC_i/zynq_ultra_ps_e_0/inst/pl_clk0 | SoC_i/axi_smc/inst/m00_exit_pipeline/m00_exit/inst/exit_inst/gen_r_cmd_fifo.r_cmd_fifo/gen_srls[16].srl_nx1/shift_qual                                                                                 |                                                                                                                                                       |                2 |             16 |         8.00 |
|  SoC_i/zynq_ultra_ps_e_0/inst/pl_clk0 | SoC_i/axi_smc/inst/s01_nodes/s01_w_node/inst/inst_mi_handler/gen_normal_area.gen_fifo_req.inst_fifo_req/gen_xpm_memory_fifo.inst_fifo/wr_wea                                                           |                                                                                                                                                       |                1 |             16 |        16.00 |
|  SoC_i/zynq_ultra_ps_e_0/inst/pl_clk0 | SoC_i/VPU_Top_0/inst/u_my_ip/u_axi4_mapping/u_spu/u_spu_controller/u_rope/result_word[47]_i_1__1_n_0                                                                                                   | SoC_i/rst_ps8_0_100M/U0/peripheral_aresetn_BUFG[0]                                                                                                    |                8 |             16 |         2.00 |
|  SoC_i/zynq_ultra_ps_e_0/inst/pl_clk0 |                                                                                                                                                                                                        | SoC_i/axi_smc/inst/s00_entry_pipeline/s00_si_converter/inst/areset                                                                                    |               16 |             17 |         1.06 |
|  SoC_i/zynq_ultra_ps_e_0/inst/pl_clk0 |                                                                                                                                                                                                        | SoC_i/axi_smc/inst/s01_entry_pipeline/s01_si_converter/inst/areset                                                                                    |               16 |             17 |         1.06 |
|  SoC_i/zynq_ultra_ps_e_0/inst/pl_clk0 | SoC_i/VPU_Top_0/inst/u_my_ip/u_axi4_mapping/u_spu/u_spu_controller/u_quantize_q8_0/scale_amax[15]_i_1_n_0                                                                                              | SoC_i/rst_ps8_0_100M/U0/peripheral_aresetn_BUFG[0]                                                                                                    |                9 |             17 |         1.89 |
|  SoC_i/zynq_ultra_ps_e_0/inst/pl_clk0 |                                                                                                                                                                                                        | SoC_i/VPU_Top_0/inst/u_my_ip/u_axi4_mapping/u_spu/u_spu_controller/u_rmsnorm/norm_product_r[16]_i_1_n_0                                               |                4 |             18 |         4.50 |
|  SoC_i/zynq_ultra_ps_e_0/inst/pl_clk0 | SoC_i/axi_smc/inst/s00_entry_pipeline/s00_mmu/inst/b_sreg/skid_buffer[1057]_i_1_n_0                                                                                                                    |                                                                                                                                                       |                6 |             18 |         3.00 |
|  SoC_i/zynq_ultra_ps_e_0/inst/pl_clk0 | SoC_i/axi_smc/inst/s01_entry_pipeline/s01_mmu/inst/b_sreg/skid_buffer[1057]_i_1_n_0                                                                                                                    |                                                                                                                                                       |                6 |             18 |         3.00 |
|  SoC_i/zynq_ultra_ps_e_0/inst/pl_clk0 | SoC_i/axi_smc/inst/s01_entry_pipeline/s01_mmu/inst/b_sreg/m_vector_i                                                                                                                                   |                                                                                                                                                       |                6 |             18 |         3.00 |
|  SoC_i/zynq_ultra_ps_e_0/inst/pl_clk0 | SoC_i/axi_smc/inst/s00_entry_pipeline/s00_mmu/inst/b_sreg/m_vector_i                                                                                                                                   |                                                                                                                                                       |                6 |             18 |         3.00 |
|  SoC_i/zynq_ultra_ps_e_0/inst/pl_clk0 | SoC_i/axi_smc/inst/s00_entry_pipeline/s00_si_converter/inst/converter.wrap_narrow_inst/w_cmd_fifo/gen_srls[19].srl_nx1/shift_qual                                                                      |                                                                                                                                                       |                3 |             20 |         6.67 |
|  SoC_i/zynq_ultra_ps_e_0/inst/pl_clk0 | SoC_i/axi_smc/inst/s01_entry_pipeline/s01_si_converter/inst/converter.wrap_narrow_inst/w_cmd_fifo/gen_srls[19].srl_nx1/shift_qual                                                                      |                                                                                                                                                       |                3 |             20 |         6.67 |
|  SoC_i/zynq_ultra_ps_e_0/inst/pl_clk0 | SoC_i/VPU_Top_0/inst/u_my_ip/u_axi4_mapping/u_spu/u_spu_controller/u_softmax/CEB2                                                                                                                      | SoC_i/rst_ps8_0_100M/U0/peripheral_aresetn_BUFG[0]                                                                                                    |               17 |             20 |         1.18 |
|  SoC_i/zynq_ultra_ps_e_0/inst/pl_clk0 | SoC_i/axi_smc/inst/s00_entry_pipeline/s00_si_converter/inst/converter.wrap_narrow_inst/w_cmd_fifo/gen_pipelined.mesg_reg                                                                               |                                                                                                                                                       |                5 |             20 |         4.00 |
|  SoC_i/zynq_ultra_ps_e_0/inst/pl_clk0 | SoC_i/axi_smc/inst/s01_entry_pipeline/s01_si_converter/inst/converter.wrap_narrow_inst/w_cmd_fifo/gen_pipelined.mesg_reg                                                                               |                                                                                                                                                       |                8 |             20 |         2.50 |
|  SoC_i/zynq_ultra_ps_e_0/inst/pl_clk0 | SoC_i/VPU_Top_0/inst/u_my_ip/u_axi4_mapping/u_gemv/u_pmau_quad7/read_last_d_r                                                                                                                          | SoC_i/rst_ps8_0_100M/U0/peripheral_aresetn_BUFG[0]                                                                                                    |                7 |             21 |         3.00 |
|  SoC_i/zynq_ultra_ps_e_0/inst/pl_clk0 | SoC_i/VPU_Top_0/inst/u_my_ip/u_axi4_mapping/u_gemv/u_pmau_quad7/feed_valid_r_reg[0]                                                                                                                    | SoC_i/rst_ps8_0_100M/U0/peripheral_aresetn_BUFG[0]                                                                                                    |                4 |             21 |         5.25 |
|  SoC_i/zynq_ultra_ps_e_0/inst/pl_clk0 | SoC_i/axi_smc/inst/s00_entry_pipeline/s00_si_converter/inst/converter.wrap_narrow_inst/gen_thread_loop[0].r_cmd_fifo/gen_srls[22].srl_nx1/shift_qual                                                   |                                                                                                                                                       |                5 |             23 |         4.60 |
|  SoC_i/zynq_ultra_ps_e_0/inst/pl_clk0 | SoC_i/axi_smc/inst/s00_entry_pipeline/s00_si_converter/inst/converter.wrap_narrow_inst/gen_thread_loop[0].r_cmd_fifo/gen_pipelined.mesg_reg                                                            |                                                                                                                                                       |               11 |             23 |         2.09 |
|  SoC_i/zynq_ultra_ps_e_0/inst/pl_clk0 | SoC_i/axi_smc/inst/s01_entry_pipeline/s01_si_converter/inst/converter.wrap_narrow_inst/gen_thread_loop[0].r_cmd_fifo/gen_pipelined.mesg_reg                                                            |                                                                                                                                                       |               11 |             23 |         2.09 |
|  SoC_i/zynq_ultra_ps_e_0/inst/pl_clk0 | SoC_i/axi_smc/inst/s01_entry_pipeline/s01_si_converter/inst/converter.wrap_narrow_inst/gen_thread_loop[0].r_cmd_fifo/gen_srls[22].srl_nx1/shift_qual                                                   |                                                                                                                                                       |                7 |             23 |         3.29 |
|  SoC_i/zynq_ultra_ps_e_0/inst/pl_clk0 | SoC_i/axi_smc/inst/s00_nodes/s00_w_node/inst/inst_si_handler/s_sc_valid                                                                                                                                | SoC_i/axi_smc/inst/s00_nodes/s00_w_node/inst/inst_mi_handler/areset_r                                                                                 |                8 |             24 |         3.00 |
|  SoC_i/zynq_ultra_ps_e_0/inst/pl_clk0 | SoC_i/axi_smc/inst/m00_nodes/m00_b_node/inst/inst_si_handler/s_sc_valid                                                                                                                                | SoC_i/axi_smc/inst/m00_nodes/m00_b_node/inst/inst_mi_handler/areset_r                                                                                 |                7 |             24 |         3.43 |
|  SoC_i/zynq_ultra_ps_e_0/inst/pl_clk0 | SoC_i/VPU_Top_0/inst/u_my_ip/u_axi4_mapping/u_gemv/result_write_addr_bank_r[1][11]_i_1_n_0                                                                                                             | SoC_i/rst_ps8_0_100M/U0/peripheral_aresetn_BUFG[0]                                                                                                    |                8 |             24 |         3.00 |
|  SoC_i/zynq_ultra_ps_e_0/inst/pl_clk0 | SoC_i/axi_smc/inst/s01_nodes/s01_aw_node/inst/inst_si_handler/s_sc_valid                                                                                                                               | SoC_i/axi_smc/inst/s01_nodes/s01_aw_node/inst/inst_mi_handler/areset_r                                                                                |                5 |             24 |         4.80 |
|  SoC_i/zynq_ultra_ps_e_0/inst/pl_clk0 | SoC_i/VPU_Top_0/inst/u_my_ip/u_axi4_mapping/u_spu/u_spu_controller/u_quantize_q8_0/dividend_r[22]_i_1_n_0                                                                                              | SoC_i/rst_ps8_0_100M/U0/peripheral_aresetn_BUFG[0]                                                                                                    |                4 |             24 |         6.00 |
|  SoC_i/zynq_ultra_ps_e_0/inst/pl_clk0 | SoC_i/VPU_Top_0/inst/u_my_ip/u_axi4_mapping/u_gemv/weight_wr_strb_leaf[2][3]_i_1_n_0                                                                                                                   | SoC_i/rst_ps8_0_100M/U0/peripheral_aresetn_BUFG[0]                                                                                                    |                5 |             24 |         4.80 |
|  SoC_i/zynq_ultra_ps_e_0/inst/pl_clk0 | SoC_i/axi_smc/inst/m00_nodes/m00_r_node/inst/inst_si_handler/s_sc_valid                                                                                                                                | SoC_i/axi_smc/inst/m00_nodes/m00_r_node/inst/inst_mi_handler/areset_r                                                                                 |               11 |             24 |         2.18 |
|  SoC_i/zynq_ultra_ps_e_0/inst/pl_clk0 | SoC_i/axi_smc/inst/s01_nodes/s01_ar_node/inst/inst_si_handler/s_sc_valid                                                                                                                               | SoC_i/axi_smc/inst/s01_nodes/s01_ar_node/inst/inst_mi_handler/areset_r                                                                                |                6 |             24 |         4.00 |
|  SoC_i/zynq_ultra_ps_e_0/inst/pl_clk0 | SoC_i/axi_smc/inst/s00_nodes/s00_aw_node/inst/inst_si_handler/s_sc_valid                                                                                                                               | SoC_i/axi_smc/inst/s00_nodes/s00_aw_node/inst/inst_mi_handler/areset_r                                                                                |                8 |             24 |         3.00 |
|  SoC_i/zynq_ultra_ps_e_0/inst/pl_clk0 | SoC_i/axi_smc/inst/s01_nodes/s01_w_node/inst/inst_si_handler/s_sc_valid                                                                                                                                | SoC_i/axi_smc/inst/s01_nodes/s01_w_node/inst/inst_mi_handler/areset_r                                                                                 |                5 |             24 |         4.80 |
|  SoC_i/zynq_ultra_ps_e_0/inst/pl_clk0 | SoC_i/axi_smc/inst/s00_nodes/s00_ar_node/inst/inst_si_handler/s_sc_valid                                                                                                                               | SoC_i/axi_smc/inst/s00_nodes/s00_ar_node/inst/inst_mi_handler/areset_r                                                                                |                4 |             24 |         6.00 |
|  SoC_i/zynq_ultra_ps_e_0/inst/pl_clk0 | SoC_i/VPU_Top_0/inst/u_my_ip/u_axi4_mapping/mmio_spu_rd_en_w                                                                                                                                           | SoC_i/rst_ps8_0_100M/U0/peripheral_aresetn_BUFG[0]                                                                                                    |                5 |             28 |         5.60 |
|  SoC_i/zynq_ultra_ps_e_0/inst/pl_clk0 | SoC_i/VPU_Top_0/inst/u_my_ip/u_axi4_mapping/u_spu/u_spu_controller/word_count_r[28]_i_1_n_0                                                                                                            | SoC_i/rst_ps8_0_100M/U0/peripheral_aresetn_BUFG[0]                                                                                                    |                6 |             29 |         4.83 |
|  SoC_i/zynq_ultra_ps_e_0/inst/pl_clk0 | SoC_i/VPU_Top_0/inst/u_my_ip/u_axi4_mapping/mmio_core_rd_en_w                                                                                                                                          | SoC_i/rst_ps8_0_100M/U0/peripheral_aresetn_BUFG[0]                                                                                                    |                9 |             30 |         3.33 |
|  SoC_i/zynq_ultra_ps_e_0/inst/pl_clk0 | SoC_i/VPU_Top_0/inst/u_my_ip/u_axi4_mapping/u_spu/u_spu_controller/u_rms_inv_engine/inv_rms_q15[30]_i_1_n_0                                                                                            | SoC_i/rst_ps8_0_100M/U0/peripheral_aresetn_BUFG[0]                                                                                                    |                9 |             31 |         3.44 |
|  SoC_i/zynq_ultra_ps_e_0/inst/pl_clk0 | SoC_i/VPU_Top_0/inst/u_my_ip/u_axi4_mapping/u_spu/u_spu_controller/q_capture_block_idx_r[26]_i_1_n_0                                                                                                   | SoC_i/rst_ps8_0_100M/U0/peripheral_aresetn_BUFG[0]                                                                                                    |               13 |             31 |         2.38 |
|  SoC_i/zynq_ultra_ps_e_0/inst/pl_clk0 | SoC_i/axi_smc/inst/s01_entry_pipeline/s01_si_converter/inst/converter.wrap_narrow_inst/w_payld_fifo/w_payld_push119_out                                                                                |                                                                                                                                                       |               14 |             31 |         2.21 |
|  SoC_i/zynq_ultra_ps_e_0/inst/pl_clk0 | SoC_i/VPU_Top_0/inst/u_my_ip/u_axi4_mapping/u_spu/u_vpu_stream8/prefetch_req_scratch_lane_r                                                                                                            | SoC_i/VPU_Top_0/inst/u_my_ip/u_axi4_mapping/u_spu/u_vpu_stream8/spu_soft_reset_r_reg                                                                  |               13 |             31 |         2.38 |
|  SoC_i/zynq_ultra_ps_e_0/inst/pl_clk0 | SoC_i/axi_smc/inst/s00_entry_pipeline/s00_si_converter/inst/converter.wrap_narrow_inst/w_payld_fifo/w_payld_push119_out                                                                                |                                                                                                                                                       |               16 |             31 |         1.94 |
|  SoC_i/zynq_ultra_ps_e_0/inst/pl_clk0 | SoC_i/VPU_Top_0/inst/u_my_ip/u_axi4_mapping/u_gemv/u_pmau_quad6/deq_s2_valid                                                                                                                           | SoC_i/rst_ps8_0_100M/U0/peripheral_aresetn_BUFG[0]                                                                                                    |                7 |             32 |         4.57 |
|  SoC_i/zynq_ultra_ps_e_0/inst/pl_clk0 | SoC_i/VPU_Top_0/inst/u_my_ip/u_axi4_mapping/u_gemv/u_pmau_quad2/result_fifo_data[6][31]_i_1__0_n_0                                                                                                     | SoC_i/rst_ps8_0_100M/U0/peripheral_aresetn_BUFG[0]                                                                                                    |               18 |             32 |         1.78 |
|  SoC_i/zynq_ultra_ps_e_0/inst/pl_clk0 | SoC_i/VPU_Top_0/inst/u_my_ip/u_axi4_mapping/u_spu/u_spu_controller/u_rms_inv_engine/recip_denom_r                                                                                                      | SoC_i/rst_ps8_0_100M/U0/peripheral_aresetn_BUFG[0]                                                                                                    |                6 |             32 |         5.33 |
|  SoC_i/zynq_ultra_ps_e_0/inst/pl_clk0 | SoC_i/VPU_Top_0/inst/u_my_ip/u_axi4_mapping/u_gemv/u_pmau_quad5/valid_pipe_reg[4]__0                                                                                                                   | SoC_i/VPU_Top_0/inst/u_my_ip/u_axi4_mapping/u_gemv/u_pmau_quad5/accumulator[0]_i_1__1_n_0                                                             |                4 |             32 |         8.00 |
|  SoC_i/zynq_ultra_ps_e_0/inst/pl_clk0 | SoC_i/VPU_Top_0/inst/u_my_ip/u_axi4_mapping/u_gemv/u_pmau_quad4/result_fifo_data[2][31]_i_1_n_0                                                                                                        | SoC_i/rst_ps8_0_100M/U0/peripheral_aresetn_BUFG[0]                                                                                                    |               19 |             32 |         1.68 |
|  SoC_i/zynq_ultra_ps_e_0/inst/pl_clk0 | SoC_i/VPU_Top_0/inst/u_my_ip/u_axi4_mapping/u_gemv/u_pmau_quad4/result_fifo_data[1][31]_i_1_n_0                                                                                                        | SoC_i/rst_ps8_0_100M/U0/peripheral_aresetn_BUFG[0]                                                                                                    |               18 |             32 |         1.78 |
|  SoC_i/zynq_ultra_ps_e_0/inst/pl_clk0 | SoC_i/VPU_Top_0/inst/u_my_ip/u_axi4_mapping/u_gemv/u_pmau_quad4/result_fifo_data[0][31]_i_1_n_0                                                                                                        | SoC_i/rst_ps8_0_100M/U0/peripheral_aresetn_BUFG[0]                                                                                                    |               18 |             32 |         1.78 |
|  SoC_i/zynq_ultra_ps_e_0/inst/pl_clk0 | SoC_i/VPU_Top_0/inst/u_my_ip/u_axi4_mapping/u_gemv/u_pmau_quad5/result_fifo_data[1][31]_i_1__1_n_0                                                                                                     | SoC_i/rst_ps8_0_100M/U0/peripheral_aresetn_BUFG[0]                                                                                                    |               17 |             32 |         1.88 |
|  SoC_i/zynq_ultra_ps_e_0/inst/pl_clk0 | SoC_i/VPU_Top_0/inst/u_my_ip/u_axi4_mapping/u_gemv/u_pmau_quad3/result_fifo_data[5][31]_i_1__2_n_0                                                                                                     | SoC_i/rst_ps8_0_100M/U0/peripheral_aresetn_BUFG[0]                                                                                                    |               17 |             32 |         1.88 |
|  SoC_i/zynq_ultra_ps_e_0/inst/pl_clk0 | SoC_i/VPU_Top_0/inst/u_my_ip/u_axi4_mapping/u_gemv/u_pmau_quad3/result_fifo_data[7][31]_i_1__2_n_0                                                                                                     | SoC_i/rst_ps8_0_100M/U0/peripheral_aresetn_BUFG[0]                                                                                                    |               17 |             32 |         1.88 |
|  SoC_i/zynq_ultra_ps_e_0/inst/pl_clk0 | SoC_i/VPU_Top_0/inst/u_my_ip/u_axi4_mapping/u_gemv/u_pmau_quad5/result_fifo_data[2][31]_i_1__1_n_0                                                                                                     | SoC_i/rst_ps8_0_100M/U0/peripheral_aresetn_BUFG[0]                                                                                                    |               17 |             32 |         1.88 |
|  SoC_i/zynq_ultra_ps_e_0/inst/pl_clk0 | SoC_i/VPU_Top_0/inst/u_my_ip/u_axi4_mapping/u_gemv/u_pmau_quad5/result_fifo_data[4][31]_i_1__1_n_0                                                                                                     | SoC_i/rst_ps8_0_100M/U0/peripheral_aresetn_BUFG[0]                                                                                                    |               17 |             32 |         1.88 |
|  SoC_i/zynq_ultra_ps_e_0/inst/pl_clk0 | SoC_i/VPU_Top_0/inst/u_my_ip/u_axi4_mapping/u_gemv/u_pmau_quad5/result_fifo_data[3][31]_i_1__1_n_0                                                                                                     | SoC_i/rst_ps8_0_100M/U0/peripheral_aresetn_BUFG[0]                                                                                                    |               17 |             32 |         1.88 |
|  SoC_i/zynq_ultra_ps_e_0/inst/pl_clk0 | SoC_i/VPU_Top_0/inst/u_my_ip/u_axi4_mapping/u_gemv/u_pmau_quad4/deq_s2_valid                                                                                                                           | SoC_i/rst_ps8_0_100M/U0/peripheral_aresetn_BUFG[0]                                                                                                    |                5 |             32 |         6.40 |
|  SoC_i/zynq_ultra_ps_e_0/inst/pl_clk0 | SoC_i/VPU_Top_0/inst/u_my_ip/u_axi4_mapping/u_gemv/u_pmau_quad5/result_fifo_data[5][31]_i_1__1_n_0                                                                                                     | SoC_i/rst_ps8_0_100M/U0/peripheral_aresetn_BUFG[0]                                                                                                    |               17 |             32 |         1.88 |
|  SoC_i/zynq_ultra_ps_e_0/inst/pl_clk0 | SoC_i/VPU_Top_0/inst/u_my_ip/u_axi4_mapping/u_gemv/u_pmau_quad5/result_fifo_data[0][31]_i_1__1_n_0                                                                                                     | SoC_i/rst_ps8_0_100M/U0/peripheral_aresetn_BUFG[0]                                                                                                    |               17 |             32 |         1.88 |
|  SoC_i/zynq_ultra_ps_e_0/inst/pl_clk0 | SoC_i/VPU_Top_0/inst/u_my_ip/u_axi4_mapping/u_gemv/u_pmau/valid_pipe_reg[4]__0                                                                                                                         | SoC_i/VPU_Top_0/inst/u_my_ip/u_axi4_mapping/u_gemv/u_pmau/accumulator[0]_i_1__4_n_0                                                                   |                4 |             32 |         8.00 |
|  SoC_i/zynq_ultra_ps_e_0/inst/pl_clk0 | SoC_i/VPU_Top_0/inst/u_my_ip/u_axi4_mapping/u_gemv/u_pmau_quad5/result_fifo_data[7][31]_i_1__1_n_0                                                                                                     | SoC_i/rst_ps8_0_100M/U0/peripheral_aresetn_BUFG[0]                                                                                                    |               17 |             32 |         1.88 |
|  SoC_i/zynq_ultra_ps_e_0/inst/pl_clk0 | SoC_i/VPU_Top_0/inst/u_my_ip/u_axi4_mapping/u_gemv/u_pmau_quad5/result_fifo_data[6][31]_i_1__1_n_0                                                                                                     | SoC_i/rst_ps8_0_100M/U0/peripheral_aresetn_BUFG[0]                                                                                                    |               17 |             32 |         1.88 |
|  SoC_i/zynq_ultra_ps_e_0/inst/pl_clk0 | SoC_i/VPU_Top_0/inst/u_my_ip/u_axi4_mapping/u_gemv/u_pmau_quad3/result_fifo_data[2][31]_i_1__2_n_0                                                                                                     | SoC_i/rst_ps8_0_100M/U0/peripheral_aresetn_BUFG[0]                                                                                                    |               19 |             32 |         1.68 |
|  SoC_i/zynq_ultra_ps_e_0/inst/pl_clk0 | SoC_i/VPU_Top_0/inst/u_my_ip/u_axi4_mapping/u_gemv/u_pmau_quad4/valid_pipe_reg[4]__0                                                                                                                   | SoC_i/VPU_Top_0/inst/u_my_ip/u_axi4_mapping/u_gemv/u_pmau_quad4/accumulator[0]_i_1_n_0                                                                |                4 |             32 |         8.00 |
|  SoC_i/zynq_ultra_ps_e_0/inst/pl_clk0 | SoC_i/VPU_Top_0/inst/u_my_ip/u_axi4_mapping/u_gemv/u_pmau/result_fifo_data[0][31]_i_1__4_n_0                                                                                                           | SoC_i/rst_ps8_0_100M/U0/peripheral_aresetn_BUFG[0]                                                                                                    |               15 |             32 |         2.13 |
|  SoC_i/zynq_ultra_ps_e_0/inst/pl_clk0 | SoC_i/VPU_Top_0/inst/u_my_ip/u_axi4_mapping/u_gemv/u_pmau_quad3/result_fifo_data[4][31]_i_1__2_n_0                                                                                                     | SoC_i/rst_ps8_0_100M/U0/peripheral_aresetn_BUFG[0]                                                                                                    |               17 |             32 |         1.88 |
|  SoC_i/zynq_ultra_ps_e_0/inst/pl_clk0 | SoC_i/VPU_Top_0/inst/u_my_ip/u_axi4_mapping/u_gemv/u_pmau_quad5/deq_s2_valid                                                                                                                           | SoC_i/rst_ps8_0_100M/U0/peripheral_aresetn_BUFG[0]                                                                                                    |                6 |             32 |         5.33 |
|  SoC_i/zynq_ultra_ps_e_0/inst/pl_clk0 | SoC_i/VPU_Top_0/inst/u_my_ip/u_axi4_mapping/u_spu/u_spu_controller/u_quantize_q8_0/state_r_reg[4]_rep                                                                                                  | SoC_i/VPU_Top_0/inst/u_my_ip/u_axi4_mapping/u_spu/u_vpu_stream8/spu_soft_reset_r_reg                                                                  |               13 |             32 |         2.46 |
|  SoC_i/zynq_ultra_ps_e_0/inst/pl_clk0 | SoC_i/VPU_Top_0/inst/u_my_ip/u_axi4_mapping/u_gemv/u_pmau_pair/result_fifo_data[6][31]_i_1__3_n_0                                                                                                      | SoC_i/rst_ps8_0_100M/U0/peripheral_aresetn_BUFG[0]                                                                                                    |               20 |             32 |         1.60 |
|  SoC_i/zynq_ultra_ps_e_0/inst/pl_clk0 | SoC_i/VPU_Top_0/inst/u_my_ip/u_axi4_mapping/u_spu/u_vpu_stream8/act_scale_r[0][15]_i_1_n_0                                                                                                             | SoC_i/VPU_Top_0/inst/u_my_ip/u_axi4_mapping/u_spu/u_vpu_stream8/spu_soft_reset_r_reg                                                                  |               17 |             32 |         1.88 |
|  SoC_i/zynq_ultra_ps_e_0/inst/pl_clk0 | SoC_i/VPU_Top_0/inst/u_my_ip/u_axi4_mapping/u_spu/u_vpu_stream8/act_scale_r[7][15]_i_1_n_0                                                                                                             | SoC_i/VPU_Top_0/inst/u_my_ip/u_axi4_mapping/u_spu/u_vpu_stream8/spu_soft_reset_r_reg                                                                  |               18 |             32 |         1.78 |
|  SoC_i/zynq_ultra_ps_e_0/inst/pl_clk0 | SoC_i/VPU_Top_0/inst/u_my_ip/u_axi4_mapping/u_gemv/u_pmau/deq_s2_valid                                                                                                                                 | SoC_i/rst_ps8_0_100M/U0/peripheral_aresetn_BUFG[0]                                                                                                    |                7 |             32 |         4.57 |
|  SoC_i/zynq_ultra_ps_e_0/inst/pl_clk0 | SoC_i/VPU_Top_0/inst/u_my_ip/u_axi4_mapping/u_spu/u_vpu_stream8/GEN_ACCUM8[3].u_accum/FSM_sequential_state_r_reg[1]_0                                                                                  | SoC_i/VPU_Top_0/inst/u_my_ip/u_axi4_mapping/u_spu/u_vpu_stream8/spu_soft_reset_r_reg                                                                  |                4 |             32 |         8.00 |
|  SoC_i/zynq_ultra_ps_e_0/inst/pl_clk0 | SoC_i/VPU_Top_0/inst/u_my_ip/u_axi4_mapping/u_gemv/u_pmau_pair/result_fifo_data[3][31]_i_1__3_n_0                                                                                                      | SoC_i/rst_ps8_0_100M/U0/peripheral_aresetn_BUFG[0]                                                                                                    |               17 |             32 |         1.88 |
|  SoC_i/zynq_ultra_ps_e_0/inst/pl_clk0 | SoC_i/VPU_Top_0/inst/u_my_ip/u_axi4_mapping/u_gemv/u_pmau/result_fifo_data[1][31]_i_1__4_n_0                                                                                                           | SoC_i/rst_ps8_0_100M/U0/peripheral_aresetn_BUFG[0]                                                                                                    |               15 |             32 |         2.13 |
|  SoC_i/zynq_ultra_ps_e_0/inst/pl_clk0 | SoC_i/VPU_Top_0/inst/u_my_ip/u_axi4_mapping/u_gemv/u_pmau/result_fifo_data[6][31]_i_1__4_n_0                                                                                                           | SoC_i/rst_ps8_0_100M/U0/peripheral_aresetn_BUFG[0]                                                                                                    |               15 |             32 |         2.13 |
|  SoC_i/zynq_ultra_ps_e_0/inst/pl_clk0 | SoC_i/VPU_Top_0/inst/u_my_ip/u_axi4_mapping/u_gemv/u_pmau_quad2/result_fifo_data[2][31]_i_1__0_n_0                                                                                                     | SoC_i/rst_ps8_0_100M/U0/peripheral_aresetn_BUFG[0]                                                                                                    |               19 |             32 |         1.68 |
|  SoC_i/zynq_ultra_ps_e_0/inst/pl_clk0 | SoC_i/VPU_Top_0/inst/u_my_ip/u_axi4_mapping/u_gemv/u_pmau/result_fifo_data[4][31]_i_1__4_n_0                                                                                                           | SoC_i/rst_ps8_0_100M/U0/peripheral_aresetn_BUFG[0]                                                                                                    |               15 |             32 |         2.13 |
|  SoC_i/zynq_ultra_ps_e_0/inst/pl_clk0 | SoC_i/VPU_Top_0/inst/u_my_ip/u_axi4_mapping/u_spu/u_vpu_stream8/prefetch_weight_scale_r[1][15]_i_1_n_0                                                                                                 | SoC_i/VPU_Top_0/inst/u_my_ip/u_axi4_mapping/u_spu/u_vpu_stream8/spu_soft_reset_r_reg                                                                  |               19 |             32 |         1.68 |
|  SoC_i/zynq_ultra_ps_e_0/inst/pl_clk0 | SoC_i/VPU_Top_0/inst/u_my_ip/u_axi4_mapping/u_spu/u_vpu_stream8/prefetch_weight_scale_r[4][15]_i_1_n_0                                                                                                 | SoC_i/VPU_Top_0/inst/u_my_ip/u_axi4_mapping/u_spu/u_vpu_stream8/spu_soft_reset_r_reg                                                                  |               16 |             32 |         2.00 |
|  SoC_i/zynq_ultra_ps_e_0/inst/pl_clk0 | SoC_i/VPU_Top_0/inst/u_my_ip/u_axi4_mapping/u_spu/u_vpu_stream8/prefetch_weight_scale_r[2][15]_i_1_n_0                                                                                                 | SoC_i/VPU_Top_0/inst/u_my_ip/u_axi4_mapping/u_spu/u_vpu_stream8/spu_soft_reset_r_reg                                                                  |               19 |             32 |         1.68 |
|  SoC_i/zynq_ultra_ps_e_0/inst/pl_clk0 | SoC_i/VPU_Top_0/inst/u_my_ip/u_axi4_mapping/u_spu/u_vpu_stream8/prefetch_weight_scale_r[3][15]_i_1_n_0                                                                                                 | SoC_i/VPU_Top_0/inst/u_my_ip/u_axi4_mapping/u_spu/u_vpu_stream8/spu_soft_reset_r_reg                                                                  |               19 |             32 |         1.68 |
|  SoC_i/zynq_ultra_ps_e_0/inst/pl_clk0 | SoC_i/VPU_Top_0/inst/u_my_ip/u_axi4_mapping/u_gemv/u_pmau_quad2/result_fifo_data[4][31]_i_1__0_n_0                                                                                                     | SoC_i/rst_ps8_0_100M/U0/peripheral_aresetn_BUFG[0]                                                                                                    |               18 |             32 |         1.78 |
|  SoC_i/zynq_ultra_ps_e_0/inst/pl_clk0 | SoC_i/VPU_Top_0/inst/u_my_ip/u_axi4_mapping/u_spu/u_vpu_stream8/prefetch_act_scale_r                                                                                                                   | SoC_i/VPU_Top_0/inst/u_my_ip/u_axi4_mapping/u_spu/u_vpu_stream8/spu_soft_reset_r_reg                                                                  |               16 |             32 |         2.00 |
|  SoC_i/zynq_ultra_ps_e_0/inst/pl_clk0 | SoC_i/VPU_Top_0/inst/u_my_ip/u_axi4_mapping/u_gemv/u_pmau/result_fifo_data[2][31]_i_1__4_n_0                                                                                                           | SoC_i/rst_ps8_0_100M/U0/peripheral_aresetn_BUFG[0]                                                                                                    |               15 |             32 |         2.13 |
|  SoC_i/zynq_ultra_ps_e_0/inst/pl_clk0 | SoC_i/VPU_Top_0/inst/u_my_ip/u_axi4_mapping/u_spu/u_vpu_stream_scale_accum/row_id_r                                                                                                                    | SoC_i/rst_ps8_0_100M/U0/peripheral_aresetn_BUFG[0]                                                                                                    |               12 |             32 |         2.67 |
|  SoC_i/zynq_ultra_ps_e_0/inst/pl_clk0 | SoC_i/VPU_Top_0/inst/u_my_ip/u_axi4_mapping/u_gemv/u_pmau/result_fifo_data[5][31]_i_1__4_n_0                                                                                                           | SoC_i/rst_ps8_0_100M/U0/peripheral_aresetn_BUFG[0]                                                                                                    |               15 |             32 |         2.13 |
|  SoC_i/zynq_ultra_ps_e_0/inst/pl_clk0 | SoC_i/VPU_Top_0/inst/u_my_ip/u_axi4_mapping/u_gemv/u_pmau_quad2/result_fifo_data[3][31]_i_1__0_n_0                                                                                                     | SoC_i/rst_ps8_0_100M/U0/peripheral_aresetn_BUFG[0]                                                                                                    |               18 |             32 |         1.78 |
|  SoC_i/zynq_ultra_ps_e_0/inst/pl_clk0 | SoC_i/VPU_Top_0/inst/u_my_ip/u_axi4_mapping/u_gemv/u_pmau_quad2/result_fifo_data[1][31]_i_1__0_n_0                                                                                                     | SoC_i/rst_ps8_0_100M/U0/peripheral_aresetn_BUFG[0]                                                                                                    |               18 |             32 |         1.78 |
|  SoC_i/zynq_ultra_ps_e_0/inst/pl_clk0 | SoC_i/VPU_Top_0/inst/u_my_ip/u_axi4_mapping/u_spu/u_vpu_stream8/prefetch_weight_scale_r[5][15]_i_1_n_0                                                                                                 | SoC_i/VPU_Top_0/inst/u_my_ip/u_axi4_mapping/u_spu/u_vpu_stream8/spu_soft_reset_r_reg                                                                  |               19 |             32 |         1.68 |
|  SoC_i/zynq_ultra_ps_e_0/inst/pl_clk0 | SoC_i/VPU_Top_0/inst/u_my_ip/u_axi4_mapping/u_spu/u_vpu_stream8/prefetch_weight_scale_r[6][15]_i_1_n_0                                                                                                 | SoC_i/VPU_Top_0/inst/u_my_ip/u_axi4_mapping/u_spu/u_vpu_stream8/spu_soft_reset_r_reg                                                                  |               19 |             32 |         1.68 |
|  SoC_i/zynq_ultra_ps_e_0/inst/pl_clk0 | SoC_i/VPU_Top_0/inst/u_my_ip/u_axi4_mapping/u_spu/u_vpu_stream8/prefetch_weight_scale_r[7][15]_i_1_n_0                                                                                                 | SoC_i/VPU_Top_0/inst/u_my_ip/u_axi4_mapping/u_spu/u_vpu_stream8/spu_soft_reset_r_reg                                                                  |               19 |             32 |         1.68 |
|  SoC_i/zynq_ultra_ps_e_0/inst/pl_clk0 | SoC_i/VPU_Top_0/inst/u_my_ip/u_axi4_mapping/u_gemv/u_pmau_pair/result_fifo_data[5][31]_i_1__3_n_0                                                                                                      | SoC_i/rst_ps8_0_100M/U0/peripheral_aresetn_BUFG[0]                                                                                                    |               20 |             32 |         1.60 |
|  SoC_i/zynq_ultra_ps_e_0/inst/pl_clk0 | SoC_i/VPU_Top_0/inst/u_my_ip/u_axi4_mapping/u_gemv/u_pmau/result_fifo_data[3][31]_i_1__4_n_0                                                                                                           | SoC_i/rst_ps8_0_100M/U0/peripheral_aresetn_BUFG[0]                                                                                                    |               15 |             32 |         2.13 |
|  SoC_i/zynq_ultra_ps_e_0/inst/pl_clk0 | SoC_i/VPU_Top_0/inst/u_my_ip/u_axi4_mapping/u_gemv/u_pmau_pair/result_fifo_data[2][31]_i_1__3_n_0                                                                                                      | SoC_i/rst_ps8_0_100M/U0/peripheral_aresetn_BUFG[0]                                                                                                    |               17 |             32 |         1.88 |
|  SoC_i/zynq_ultra_ps_e_0/inst/pl_clk0 | SoC_i/VPU_Top_0/inst/u_my_ip/u_axi4_mapping/u_gemv/u_pmau_pair/result_fifo_data[4][31]_i_1__3_n_0                                                                                                      | SoC_i/rst_ps8_0_100M/U0/peripheral_aresetn_BUFG[0]                                                                                                    |               20 |             32 |         1.60 |
|  SoC_i/zynq_ultra_ps_e_0/inst/pl_clk0 | SoC_i/VPU_Top_0/inst/u_my_ip/u_axi4_mapping/u_gemv/u_pmau_quad2/result_fifo_data[5][31]_i_1__0_n_0                                                                                                     | SoC_i/rst_ps8_0_100M/U0/peripheral_aresetn_BUFG[0]                                                                                                    |               18 |             32 |         1.78 |
|  SoC_i/zynq_ultra_ps_e_0/inst/pl_clk0 | SoC_i/VPU_Top_0/inst/u_my_ip/u_axi4_mapping/u_gemv/u_pmau_pair/result_fifo_data[7][31]_i_1__3_n_0                                                                                                      | SoC_i/rst_ps8_0_100M/U0/peripheral_aresetn_BUFG[0]                                                                                                    |               20 |             32 |         1.60 |
|  SoC_i/zynq_ultra_ps_e_0/inst/pl_clk0 | SoC_i/VPU_Top_0/inst/u_my_ip/u_axi4_mapping/u_spu/u_vpu_stream8/weight_scale_r[1][15]_i_1_n_0                                                                                                          | SoC_i/VPU_Top_0/inst/u_my_ip/u_axi4_mapping/u_spu/u_vpu_stream8/spu_soft_reset_r_reg                                                                  |               21 |             32 |         1.52 |
|  SoC_i/zynq_ultra_ps_e_0/inst/pl_clk0 | SoC_i/VPU_Top_0/inst/u_my_ip/u_axi4_mapping/u_spu/u_vpu_stream8/weight_scale_r[2][15]_i_1_n_0                                                                                                          | SoC_i/VPU_Top_0/inst/u_my_ip/u_axi4_mapping/u_spu/u_vpu_stream8/spu_soft_reset_r_reg                                                                  |               16 |             32 |         2.00 |
|  SoC_i/zynq_ultra_ps_e_0/inst/pl_clk0 | SoC_i/VPU_Top_0/inst/u_my_ip/u_axi4_mapping/u_spu/u_vpu_stream8/weight_scale_r[3][15]_i_1_n_0                                                                                                          | SoC_i/VPU_Top_0/inst/u_my_ip/u_axi4_mapping/u_spu/u_vpu_stream8/spu_soft_reset_r_reg                                                                  |               15 |             32 |         2.13 |
|  SoC_i/zynq_ultra_ps_e_0/inst/pl_clk0 | SoC_i/VPU_Top_0/inst/u_my_ip/u_axi4_mapping/u_spu/u_vpu_stream8/weight_scale_r[4][15]_i_1_n_0                                                                                                          | SoC_i/VPU_Top_0/inst/u_my_ip/u_axi4_mapping/u_spu/u_vpu_stream8/spu_soft_reset_r_reg                                                                  |               18 |             32 |         1.78 |
|  SoC_i/zynq_ultra_ps_e_0/inst/pl_clk0 | SoC_i/VPU_Top_0/inst/u_my_ip/u_axi4_mapping/u_spu/u_vpu_stream8/weight_scale_r[5][15]_i_1_n_0                                                                                                          | SoC_i/VPU_Top_0/inst/u_my_ip/u_axi4_mapping/u_spu/u_vpu_stream8/spu_soft_reset_r_reg                                                                  |               18 |             32 |         1.78 |
|  SoC_i/zynq_ultra_ps_e_0/inst/pl_clk0 | SoC_i/VPU_Top_0/inst/u_my_ip/u_axi4_mapping/u_spu/u_vpu_stream8/weight_scale_r[6][15]_i_1_n_0                                                                                                          | SoC_i/VPU_Top_0/inst/u_my_ip/u_axi4_mapping/u_spu/u_vpu_stream8/spu_soft_reset_r_reg                                                                  |               19 |             32 |         1.68 |
|  SoC_i/zynq_ultra_ps_e_0/inst/pl_clk0 | SoC_i/VPU_Top_0/inst/u_my_ip/u_axi4_mapping/u_gemv/u_pmau_quad2/result_fifo_data[0][31]_i_1__0_n_0                                                                                                     | SoC_i/rst_ps8_0_100M/U0/peripheral_aresetn_BUFG[0]                                                                                                    |               19 |             32 |         1.68 |
|  SoC_i/zynq_ultra_ps_e_0/inst/pl_clk0 | SoC_i/VPU_Top_0/inst/u_my_ip/u_axi4_mapping/u_gemv/u_pmau_pair/result_fifo_data[1][31]_i_1__3_n_0                                                                                                      | SoC_i/rst_ps8_0_100M/U0/peripheral_aresetn_BUFG[0]                                                                                                    |               16 |             32 |         2.00 |
|  SoC_i/zynq_ultra_ps_e_0/inst/pl_clk0 | SoC_i/VPU_Top_0/inst/u_my_ip/u_axi4_mapping/u_spu/stream_scale_word_r[31]_i_1_n_0                                                                                                                      | SoC_i/VPU_Top_0/inst/u_my_ip/u_axi4_mapping/u_spu/stream_pair_scale_word_r[0]                                                                         |               13 |             32 |         2.46 |
|  SoC_i/zynq_ultra_ps_e_0/inst/pl_clk0 | SoC_i/VPU_Top_0/inst/u_my_ip/u_axi4_mapping/u_gemv/u_pmau_pair/deq_s2_valid                                                                                                                            | SoC_i/rst_ps8_0_100M/U0/peripheral_aresetn_BUFG[0]                                                                                                    |                6 |             32 |         5.33 |
|  SoC_i/zynq_ultra_ps_e_0/inst/pl_clk0 | SoC_i/VPU_Top_0/inst/u_my_ip/u_axi4_mapping/u_gemv/u_pmau_pair/result_fifo_data[0][31]_i_1__3_n_0                                                                                                      | SoC_i/rst_ps8_0_100M/U0/peripheral_aresetn_BUFG[0]                                                                                                    |               16 |             32 |         2.00 |
|  SoC_i/zynq_ultra_ps_e_0/inst/pl_clk0 | SoC_i/VPU_Top_0/inst/u_my_ip/u_axi4_mapping/u_gemv/u_pmau_pair/valid_pipe_reg[4]__0                                                                                                                    | SoC_i/VPU_Top_0/inst/u_my_ip/u_axi4_mapping/u_gemv/u_pmau_pair/accumulator[0]_i_1__3_n_0                                                              |                4 |             32 |         8.00 |
|  SoC_i/zynq_ultra_ps_e_0/inst/pl_clk0 | SoC_i/VPU_Top_0/inst/u_my_ip/u_axi4_mapping/u_spu/u_spu_controller/u_rms_inv_engine/div_denom_r                                                                                                        | SoC_i/rst_ps8_0_100M/U0/peripheral_aresetn_BUFG[0]                                                                                                    |                4 |             32 |         8.00 |
|  SoC_i/zynq_ultra_ps_e_0/inst/pl_clk0 | SoC_i/VPU_Top_0/inst/u_my_ip/u_axi4_mapping/u_gemv/u_pmau_quad2/result_fifo_data[7][31]_i_1__0_n_0                                                                                                     | SoC_i/rst_ps8_0_100M/U0/peripheral_aresetn_BUFG[0]                                                                                                    |               18 |             32 |         1.78 |
|  SoC_i/zynq_ultra_ps_e_0/inst/pl_clk0 | SoC_i/VPU_Top_0/inst/u_my_ip/u_axi4_mapping/u_spu/u_spu_controller/scale_out_count_r[31]_i_1_n_0                                                                                                       | SoC_i/rst_ps8_0_100M/U0/peripheral_aresetn_BUFG[0]                                                                                                    |                7 |             32 |         4.57 |
|  SoC_i/zynq_ultra_ps_e_0/inst/pl_clk0 | SoC_i/VPU_Top_0/inst/u_my_ip/u_axi4_mapping/u_spu/u_vpu_stream8/GEN_ACCUM8[3].u_accum/FSM_sequential_state_r_reg[1][0]                                                                                 | SoC_i/VPU_Top_0/inst/u_my_ip/u_axi4_mapping/u_spu/u_vpu_stream8/spu_soft_reset_r_reg                                                                  |                9 |             32 |         3.56 |
|  SoC_i/zynq_ultra_ps_e_0/inst/pl_clk0 | SoC_i/VPU_Top_0/inst/u_my_ip/u_axi4_mapping/u_spu/u_spu_controller/block_idx_r[31]_i_1_n_0                                                                                                             | SoC_i/rst_ps8_0_100M/U0/peripheral_aresetn_BUFG[0]                                                                                                    |                5 |             32 |         6.40 |
|  SoC_i/zynq_ultra_ps_e_0/inst/pl_clk0 | SoC_i/VPU_Top_0/inst/u_my_ip/u_axi4_mapping/u_spu/u_spu_controller/u_softmax/state_r_reg[1]_0[0]                                                                                                       | SoC_i/VPU_Top_0/inst/u_my_ip/u_axi4_mapping/u_spu/u_vpu_stream8/spu_soft_reset_r_reg                                                                  |                8 |             32 |         4.00 |
|  SoC_i/zynq_ultra_ps_e_0/inst/pl_clk0 | SoC_i/VPU_Top_0/inst/u_my_ip/u_axi4_mapping/u_gemv/u_pmau/result_fifo_data[7][31]_i_1__4_n_0                                                                                                           | SoC_i/rst_ps8_0_100M/U0/peripheral_aresetn_BUFG[0]                                                                                                    |               15 |             32 |         2.13 |
|  SoC_i/zynq_ultra_ps_e_0/inst/pl_clk0 | SoC_i/VPU_Top_0/inst/u_my_ip/u_axi4_mapping/u_gemv/u_pmau_quad2/valid_pipe_reg[4]__0                                                                                                                   | SoC_i/VPU_Top_0/inst/u_my_ip/u_axi4_mapping/u_gemv/u_pmau_quad2/accumulator[0]_i_1__0_n_0                                                             |                4 |             32 |         8.00 |
|  SoC_i/zynq_ultra_ps_e_0/inst/pl_clk0 | SoC_i/VPU_Top_0/inst/u_my_ip/u_axi4_mapping/u_gemv/u_pmau_quad4/result_fifo_data[5][31]_i_1_n_0                                                                                                        | SoC_i/rst_ps8_0_100M/U0/peripheral_aresetn_BUFG[0]                                                                                                    |               19 |             32 |         1.68 |
|  SoC_i/zynq_ultra_ps_e_0/inst/pl_clk0 | SoC_i/VPU_Top_0/inst/u_my_ip/u_axi4_mapping/u_gemv/u_pmau_quad4/result_fifo_data[6][31]_i_1_n_0                                                                                                        | SoC_i/rst_ps8_0_100M/U0/peripheral_aresetn_BUFG[0]                                                                                                    |               20 |             32 |         1.60 |
|  SoC_i/zynq_ultra_ps_e_0/inst/pl_clk0 | SoC_i/VPU_Top_0/inst/u_my_ip/u_axi4_mapping/u_gemv/u_pmau_quad4/result_fifo_data[3][31]_i_1_n_0                                                                                                        | SoC_i/rst_ps8_0_100M/U0/peripheral_aresetn_BUFG[0]                                                                                                    |               19 |             32 |         1.68 |
|  SoC_i/zynq_ultra_ps_e_0/inst/pl_clk0 | SoC_i/VPU_Top_0/inst/u_my_ip/u_axi4_mapping/u_gemv/u_pmau_quad4/result_fifo_data[7][31]_i_1_n_0                                                                                                        | SoC_i/rst_ps8_0_100M/U0/peripheral_aresetn_BUFG[0]                                                                                                    |               19 |             32 |         1.68 |
|  SoC_i/zynq_ultra_ps_e_0/inst/pl_clk0 | SoC_i/VPU_Top_0/inst/u_my_ip/u_axi4_mapping/u_gemv/u_pmau_quad4/result_fifo_data[4][31]_i_1_n_0                                                                                                        | SoC_i/rst_ps8_0_100M/U0/peripheral_aresetn_BUFG[0]                                                                                                    |               20 |             32 |         1.60 |
|  SoC_i/zynq_ultra_ps_e_0/inst/pl_clk0 | SoC_i/VPU_Top_0/inst/u_my_ip/u_axi4_mapping/u_gemv/stream_raw_stall_cycles0                                                                                                                            | SoC_i/VPU_Top_0/inst/u_my_ip/u_axi4_mapping/u_spu/u_vpu_stream8/spu_soft_reset_r_reg                                                                  |                4 |             32 |         8.00 |
|  SoC_i/zynq_ultra_ps_e_0/inst/pl_clk0 | SoC_i/VPU_Top_0/inst/u_my_ip/u_axi4_mapping/u_gemv/spu_raw_valid_reg_0                                                                                                                                 | SoC_i/VPU_Top_0/inst/u_my_ip/u_axi4_mapping/u_spu/u_vpu_stream8/spu_soft_reset_r_reg                                                                  |                4 |             32 |         8.00 |
|  SoC_i/zynq_ultra_ps_e_0/inst/pl_clk0 | SoC_i/VPU_Top_0/inst/u_my_ip/u_axi4_mapping/u_gemv/u_pmau_quad3/result_fifo_data[6][31]_i_1__2_n_0                                                                                                     | SoC_i/rst_ps8_0_100M/U0/peripheral_aresetn_BUFG[0]                                                                                                    |               16 |             32 |         2.00 |
|  SoC_i/zynq_ultra_ps_e_0/inst/pl_clk0 | SoC_i/VPU_Top_0/inst/u_my_ip/u_axi4_mapping/u_gemv/result_accum_next_r[31]_i_1_n_0                                                                                                                     | SoC_i/rst_ps8_0_100M/U0/peripheral_aresetn_BUFG[0]                                                                                                    |                4 |             32 |         8.00 |
|  SoC_i/zynq_ultra_ps_e_0/inst/pl_clk0 | SoC_i/VPU_Top_0/inst/u_my_ip/u_axi4_mapping/u_gemv/u_pmau_quad7/valid_pipe_reg[4]__0                                                                                                                   | SoC_i/VPU_Top_0/inst/u_my_ip/u_axi4_mapping/u_gemv/u_pmau_quad7/accumulator[0]_i_1__6_n_0                                                             |                4 |             32 |         8.00 |
|  SoC_i/zynq_ultra_ps_e_0/inst/pl_clk0 | SoC_i/VPU_Top_0/inst/u_my_ip/u_axi4_mapping/u_gemv/u_pmau_quad7/deq_s2_valid                                                                                                                           | SoC_i/rst_ps8_0_100M/U0/peripheral_aresetn_BUFG[0]                                                                                                    |                6 |             32 |         5.33 |
|  SoC_i/zynq_ultra_ps_e_0/inst/pl_clk0 | SoC_i/VPU_Top_0/inst/u_my_ip/u_axi4_mapping/u_gemv/core_spu_raw_done                                                                                                                                   | SoC_i/VPU_Top_0/inst/u_my_ip/u_axi4_mapping/u_spu/u_vpu_stream8/spu_soft_reset_r_reg                                                                  |                4 |             32 |         8.00 |
|  SoC_i/zynq_ultra_ps_e_0/inst/pl_clk0 | SoC_i/VPU_Top_0/inst/u_my_ip/u_axi4_mapping/u_gemv/u_pmau_quad7/result_fifo_data[1][31]_i_1__6_n_0                                                                                                     | SoC_i/rst_ps8_0_100M/U0/peripheral_aresetn_BUFG[0]                                                                                                    |               21 |             32 |         1.52 |
|  SoC_i/zynq_ultra_ps_e_0/inst/pl_clk0 | SoC_i/VPU_Top_0/inst/u_my_ip/u_axi4_mapping/u_gemv/u_pmau_quad7/result_fifo_data[5][31]_i_1__6_n_0                                                                                                     | SoC_i/rst_ps8_0_100M/U0/peripheral_aresetn_BUFG[0]                                                                                                    |               19 |             32 |         1.68 |
|  SoC_i/zynq_ultra_ps_e_0/inst/pl_clk0 | SoC_i/VPU_Top_0/inst/u_my_ip/u_axi4_mapping/u_gemv/cfg_stream_mode_reg_reg[0]                                                                                                                          | SoC_i/VPU_Top_0/inst/u_my_ip/u_axi4_mapping/u_spu/u_vpu_stream8/spu_soft_reset_r_reg                                                                  |                4 |             32 |         8.00 |
|  SoC_i/zynq_ultra_ps_e_0/inst/pl_clk0 | SoC_i/VPU_Top_0/inst/u_my_ip/u_axi4_mapping/u_gemv/u_pmau_quad7/result_fifo_data[0][31]_i_1__6_n_0                                                                                                     | SoC_i/rst_ps8_0_100M/U0/peripheral_aresetn_BUFG[0]                                                                                                    |               21 |             32 |         1.52 |
|  SoC_i/zynq_ultra_ps_e_0/inst/pl_clk0 | SoC_i/VPU_Top_0/inst/u_my_ip/u_axi4_mapping/u_gemv/u_pmau_quad7/result_fifo_data[2][31]_i_1__6_n_0                                                                                                     | SoC_i/rst_ps8_0_100M/U0/peripheral_aresetn_BUFG[0]                                                                                                    |               21 |             32 |         1.52 |
|  SoC_i/zynq_ultra_ps_e_0/inst/pl_clk0 | SoC_i/VPU_Top_0/inst/u_my_ip/u_axi4_mapping/u_gemv/u_pmau_quad7/result_fifo_data[3][31]_i_1__6_n_0                                                                                                     | SoC_i/rst_ps8_0_100M/U0/peripheral_aresetn_BUFG[0]                                                                                                    |               21 |             32 |         1.52 |
|  SoC_i/zynq_ultra_ps_e_0/inst/pl_clk0 | SoC_i/VPU_Top_0/inst/u_my_ip/u_axi4_mapping/u_gemv/u_pmau_quad7/result_fifo_data[4][31]_i_1__6_n_0                                                                                                     | SoC_i/rst_ps8_0_100M/U0/peripheral_aresetn_BUFG[0]                                                                                                    |               18 |             32 |         1.78 |
|  SoC_i/zynq_ultra_ps_e_0/inst/pl_clk0 | SoC_i/VPU_Top_0/inst/u_my_ip/u_axi4_mapping/u_gemv/u_pmau_quad7/result_fifo_data[6][31]_i_1__6_n_0                                                                                                     | SoC_i/rst_ps8_0_100M/U0/peripheral_aresetn_BUFG[0]                                                                                                    |               18 |             32 |         1.78 |
|  SoC_i/zynq_ultra_ps_e_0/inst/pl_clk0 | SoC_i/VPU_Top_0/inst/u_my_ip/u_axi4_mapping/u_gemv/u_pmau_quad7/result_fifo_data[7][31]_i_1__6_n_0                                                                                                     | SoC_i/rst_ps8_0_100M/U0/peripheral_aresetn_BUFG[0]                                                                                                    |               18 |             32 |         1.78 |
|  SoC_i/zynq_ultra_ps_e_0/inst/pl_clk0 | SoC_i/VPU_Top_0/inst/u_my_ip/u_axi4_mapping/u_gemv/u_pmau_quad6/valid_pipe_reg[4]__0                                                                                                                   | SoC_i/VPU_Top_0/inst/u_my_ip/u_axi4_mapping/u_gemv/u_pmau_quad6/accumulator[0]_i_1__5_n_0                                                             |                4 |             32 |         8.00 |
|  SoC_i/zynq_ultra_ps_e_0/inst/pl_clk0 | SoC_i/VPU_Top_0/inst/u_my_ip/u_axi4_mapping/u_gemv/u_pmau_quad6/result_fifo_data[6][31]_i_1__5_n_0                                                                                                     | SoC_i/rst_ps8_0_100M/U0/peripheral_aresetn_BUFG[0]                                                                                                    |               14 |             32 |         2.29 |
|  SoC_i/zynq_ultra_ps_e_0/inst/pl_clk0 | SoC_i/VPU_Top_0/inst/u_my_ip/u_axi4_mapping/u_gemv/u_pmau_quad6/result_fifo_data[0][31]_i_1__5_n_0                                                                                                     | SoC_i/rst_ps8_0_100M/U0/peripheral_aresetn_BUFG[0]                                                                                                    |               17 |             32 |         1.88 |
|  SoC_i/zynq_ultra_ps_e_0/inst/pl_clk0 | SoC_i/VPU_Top_0/inst/u_my_ip/u_axi4_mapping/u_gemv/u_pmau_quad6/result_fifo_data[7][31]_i_1__5_n_0                                                                                                     | SoC_i/rst_ps8_0_100M/U0/peripheral_aresetn_BUFG[0]                                                                                                    |               13 |             32 |         2.46 |
|  SoC_i/zynq_ultra_ps_e_0/inst/pl_clk0 | SoC_i/VPU_Top_0/inst/u_my_ip/u_axi4_mapping/u_gemv/u_pmau_quad6/result_fifo_data[3][31]_i_1__5_n_0                                                                                                     | SoC_i/rst_ps8_0_100M/U0/peripheral_aresetn_BUFG[0]                                                                                                    |               17 |             32 |         1.88 |
|  SoC_i/zynq_ultra_ps_e_0/inst/pl_clk0 | SoC_i/VPU_Top_0/inst/u_my_ip/u_axi4_mapping/u_gemv/u_pmau_quad6/result_fifo_data[2][31]_i_1__5_n_0                                                                                                     | SoC_i/rst_ps8_0_100M/U0/peripheral_aresetn_BUFG[0]                                                                                                    |               17 |             32 |         1.88 |
|  SoC_i/zynq_ultra_ps_e_0/inst/pl_clk0 | SoC_i/VPU_Top_0/inst/u_my_ip/u_axi4_mapping/u_gemv/u_pmau_quad6/result_fifo_data[1][31]_i_1__5_n_0                                                                                                     | SoC_i/rst_ps8_0_100M/U0/peripheral_aresetn_BUFG[0]                                                                                                    |               17 |             32 |         1.88 |
|  SoC_i/zynq_ultra_ps_e_0/inst/pl_clk0 | SoC_i/VPU_Top_0/inst/u_my_ip/u_axi4_mapping/u_gemv/u_pmau_quad2/deq_s2_valid                                                                                                                           | SoC_i/rst_ps8_0_100M/U0/peripheral_aresetn_BUFG[0]                                                                                                    |                6 |             32 |         5.33 |
|  SoC_i/zynq_ultra_ps_e_0/inst/pl_clk0 | SoC_i/VPU_Top_0/inst/u_my_ip/u_axi4_mapping/u_gemv/u_pmau_quad3/valid_pipe_reg[4]__0                                                                                                                   | SoC_i/VPU_Top_0/inst/u_my_ip/u_axi4_mapping/u_gemv/u_pmau_quad3/accumulator[0]_i_1__2_n_0                                                             |                4 |             32 |         8.00 |
|  SoC_i/zynq_ultra_ps_e_0/inst/pl_clk0 | SoC_i/VPU_Top_0/inst/u_my_ip/u_axi4_mapping/u_gemv/u_pmau_quad6/result_fifo_data[5][31]_i_1__5_n_0                                                                                                     | SoC_i/rst_ps8_0_100M/U0/peripheral_aresetn_BUFG[0]                                                                                                    |               13 |             32 |         2.46 |
|  SoC_i/zynq_ultra_ps_e_0/inst/pl_clk0 | SoC_i/VPU_Top_0/inst/u_my_ip/u_axi4_mapping/u_gemv/u_pmau_quad3/deq_s2_valid                                                                                                                           | SoC_i/rst_ps8_0_100M/U0/peripheral_aresetn_BUFG[0]                                                                                                    |                5 |             32 |         6.40 |
|  SoC_i/zynq_ultra_ps_e_0/inst/pl_clk0 | SoC_i/VPU_Top_0/inst/u_my_ip/u_axi4_mapping/u_gemv/u_pmau_quad6/result_fifo_data[4][31]_i_1__5_n_0                                                                                                     | SoC_i/rst_ps8_0_100M/U0/peripheral_aresetn_BUFG[0]                                                                                                    |               14 |             32 |         2.29 |
|  SoC_i/zynq_ultra_ps_e_0/inst/pl_clk0 | SoC_i/VPU_Top_0/inst/u_my_ip/u_axi4_mapping/u_gemv/u_pmau_quad3/result_fifo_data[3][31]_i_1__2_n_0                                                                                                     | SoC_i/rst_ps8_0_100M/U0/peripheral_aresetn_BUFG[0]                                                                                                    |               19 |             32 |         1.68 |
|  SoC_i/zynq_ultra_ps_e_0/inst/pl_clk0 | SoC_i/VPU_Top_0/inst/u_my_ip/u_axi4_mapping/u_gemv/u_pmau_quad3/result_fifo_data[0][31]_i_1__2_n_0                                                                                                     | SoC_i/rst_ps8_0_100M/U0/peripheral_aresetn_BUFG[0]                                                                                                    |               19 |             32 |         1.68 |
|  SoC_i/zynq_ultra_ps_e_0/inst/pl_clk0 | SoC_i/VPU_Top_0/inst/u_my_ip/u_axi4_mapping/u_gemv/u_pmau_quad3/result_fifo_data[1][31]_i_1__2_n_0                                                                                                     | SoC_i/rst_ps8_0_100M/U0/peripheral_aresetn_BUFG[0]                                                                                                    |               19 |             32 |         1.68 |
|  SoC_i/zynq_ultra_ps_e_0/inst/pl_clk0 | SoC_i/VPU_Top_0/inst/u_my_ip/u_axi4_mapping/u_gemv/done_bank_r_i_1_n_0                                                                                                                                 | SoC_i/rst_ps8_0_100M/U0/peripheral_aresetn_BUFG[0]                                                                                                    |               23 |             33 |         1.43 |
|  SoC_i/zynq_ultra_ps_e_0/inst/pl_clk0 | SoC_i/VPU_Top_0/inst/u_my_ip/u_axi4_mapping/u_spu/u_spu_controller/mem_region[1]_i_1_n_0                                                                                                               | SoC_i/rst_ps8_0_100M/U0/peripheral_aresetn_BUFG[0]                                                                                                    |               14 |             34 |         2.43 |
|  SoC_i/zynq_ultra_ps_e_0/inst/pl_clk0 | SoC_i/VPU_Top_0/inst/u_my_ip/u_axi4_mapping/u_spu/u_vpu_stream8/GEN_ACCUM8[0].u_accum/contribution_full_r[16]_i_1__1_n_0                                                                               | SoC_i/rst_ps8_0_100M/U0/peripheral_aresetn_BUFG[0]                                                                                                    |                8 |             35 |         4.38 |
|  SoC_i/zynq_ultra_ps_e_0/inst/pl_clk0 | SoC_i/VPU_Top_0/inst/u_my_ip/u_axi4_mapping/u_gemv/u_pmau_quad2/deq_s1_valid                                                                                                                           | SoC_i/rst_ps8_0_100M/U0/peripheral_aresetn_BUFG[0]                                                                                                    |                7 |             35 |         5.00 |
|  SoC_i/zynq_ultra_ps_e_0/inst/pl_clk0 | SoC_i/VPU_Top_0/inst/u_my_ip/u_axi4_mapping/u_spu/u_vpu_stream8/GEN_ACCUM8[4].u_accum/contribution_full_r[16]_i_1__2_n_0                                                                               | SoC_i/rst_ps8_0_100M/U0/peripheral_aresetn_BUFG[0]                                                                                                    |               16 |             35 |         2.19 |
|  SoC_i/zynq_ultra_ps_e_0/inst/pl_clk0 | SoC_i/VPU_Top_0/inst/u_my_ip/u_axi4_mapping/u_spu/u_vpu_stream8/GEN_ACCUM8[3].u_accum/contribution_full_r[16]_i_1_n_0                                                                                  | SoC_i/rst_ps8_0_100M/U0/peripheral_aresetn_BUFG[0]                                                                                                    |               13 |             35 |         2.69 |
|  SoC_i/zynq_ultra_ps_e_0/inst/pl_clk0 | SoC_i/VPU_Top_0/inst/u_my_ip/u_axi4_mapping/u_spu/u_vpu_stream8/GEN_ACCUM8[2].u_accum/contribution_full_r[16]_i_1__0_n_0                                                                               | SoC_i/rst_ps8_0_100M/U0/peripheral_aresetn_BUFG[0]                                                                                                    |                7 |             35 |         5.00 |
|  SoC_i/zynq_ultra_ps_e_0/inst/pl_clk0 | SoC_i/VPU_Top_0/inst/u_my_ip/u_axi4_mapping/u_gemv/u_pmau_quad7/deq_s1_valid                                                                                                                           | SoC_i/rst_ps8_0_100M/U0/peripheral_aresetn_BUFG[0]                                                                                                    |                6 |             35 |         5.83 |
|  SoC_i/zynq_ultra_ps_e_0/inst/pl_clk0 | SoC_i/VPU_Top_0/inst/u_my_ip/u_axi4_mapping/u_spu/u_vpu_stream8/GEN_ACCUM8[5].u_accum/contribution_full_r[16]_i_1__3_n_0                                                                               | SoC_i/rst_ps8_0_100M/U0/peripheral_aresetn_BUFG[0]                                                                                                    |               12 |             35 |         2.92 |
|  SoC_i/zynq_ultra_ps_e_0/inst/pl_clk0 | SoC_i/VPU_Top_0/inst/u_my_ip/u_axi4_mapping/u_spu/u_vpu_stream8/GEN_ACCUM8[1].u_accum/contribution_full_r[16]_i_1__6_n_0                                                                               | SoC_i/rst_ps8_0_100M/U0/peripheral_aresetn_BUFG[0]                                                                                                    |               11 |             35 |         3.18 |
|  SoC_i/zynq_ultra_ps_e_0/inst/pl_clk0 | SoC_i/VPU_Top_0/inst/u_my_ip/u_axi4_mapping/u_gemv/u_pmau_pair/deq_s1_valid                                                                                                                            | SoC_i/rst_ps8_0_100M/U0/peripheral_aresetn_BUFG[0]                                                                                                    |                7 |             35 |         5.00 |
|  SoC_i/zynq_ultra_ps_e_0/inst/pl_clk0 | SoC_i/VPU_Top_0/inst/u_my_ip/u_axi4_mapping/u_spu/u_spu_controller/u_q8_scale_accum/contribution_full_r[16]_i_1__7_n_0                                                                                 | SoC_i/rst_ps8_0_100M/U0/peripheral_aresetn_BUFG[0]                                                                                                    |                8 |             35 |         4.38 |
|  SoC_i/zynq_ultra_ps_e_0/inst/pl_clk0 | SoC_i/VPU_Top_0/inst/u_my_ip/u_axi4_mapping/u_gemv/u_pmau_quad4/deq_s1_valid                                                                                                                           | SoC_i/rst_ps8_0_100M/U0/peripheral_aresetn_BUFG[0]                                                                                                    |                5 |             35 |         7.00 |
|  SoC_i/zynq_ultra_ps_e_0/inst/pl_clk0 | SoC_i/VPU_Top_0/inst/u_my_ip/u_axi4_mapping/u_gemv/u_pmau_quad6/deq_s1_valid                                                                                                                           | SoC_i/rst_ps8_0_100M/U0/peripheral_aresetn_BUFG[0]                                                                                                    |                8 |             35 |         4.38 |
|  SoC_i/zynq_ultra_ps_e_0/inst/pl_clk0 | SoC_i/VPU_Top_0/inst/u_my_ip/u_axi4_mapping/u_gemv/u_pmau_quad3/deq_s1_valid                                                                                                                           | SoC_i/rst_ps8_0_100M/U0/peripheral_aresetn_BUFG[0]                                                                                                    |                6 |             35 |         5.83 |
|  SoC_i/zynq_ultra_ps_e_0/inst/pl_clk0 | SoC_i/VPU_Top_0/inst/u_my_ip/u_axi4_mapping/u_spu/u_vpu_stream8/GEN_ACCUM8[6].u_accum/contribution_full_r[16]_i_1__4_n_0                                                                               | SoC_i/rst_ps8_0_100M/U0/peripheral_aresetn_BUFG[0]                                                                                                    |               11 |             35 |         3.18 |
|  SoC_i/zynq_ultra_ps_e_0/inst/pl_clk0 | SoC_i/VPU_Top_0/inst/u_my_ip/u_axi4_mapping/u_spu/u_vpu_stream8/GEN_ACCUM8[7].u_accum/contribution_full_r[16]_i_1__5_n_0                                                                               | SoC_i/rst_ps8_0_100M/U0/peripheral_aresetn_BUFG[0]                                                                                                    |               10 |             35 |         3.50 |
|  SoC_i/zynq_ultra_ps_e_0/inst/pl_clk0 | SoC_i/VPU_Top_0/inst/u_my_ip/u_axi4_mapping/u_gemv/u_pmau_quad5/deq_s1_valid                                                                                                                           | SoC_i/rst_ps8_0_100M/U0/peripheral_aresetn_BUFG[0]                                                                                                    |                7 |             35 |         5.00 |
|  SoC_i/zynq_ultra_ps_e_0/inst/pl_clk0 | SoC_i/VPU_Top_0/inst/u_my_ip/u_axi4_mapping/u_gemv/u_pmau/deq_s1_valid                                                                                                                                 | SoC_i/rst_ps8_0_100M/U0/peripheral_aresetn_BUFG[0]                                                                                                    |               10 |             35 |         3.50 |
|  SoC_i/zynq_ultra_ps_e_0/inst/pl_clk0 | SoC_i/VPU_Top_0/inst/u_my_ip/u_axi4_mapping/u_gemv/u_pmau_quad5/result_i8_mode_r_reg_2[0]                                                                                                              | SoC_i/rst_ps8_0_100M/U0/peripheral_aresetn_BUFG[0]                                                                                                    |               14 |             35 |         2.50 |
|  SoC_i/zynq_ultra_ps_e_0/inst/pl_clk0 | SoC_i/VPU_Top_0/inst/u_my_ip/u_axi4_mapping/u_spu/u_spu_controller/u_quantize_q8_0/div_remainder_r                                                                                                     | SoC_i/rst_ps8_0_100M/U0/peripheral_aresetn_BUFG[0]                                                                                                    |                9 |             38 |         4.22 |
|  SoC_i/zynq_ultra_ps_e_0/inst/pl_clk0 | SoC_i/VPU_Top_0/inst/u_my_ip/wr_addr_r                                                                                                                                                                 | SoC_i/rst_ps8_0_100M/U0/peripheral_aresetn_BUFG[0]                                                                                                    |                5 |             40 |         8.00 |
|  SoC_i/zynq_ultra_ps_e_0/inst/pl_clk0 | SoC_i/VPU_Top_0/inst/u_my_ip/rd_addr_r[0]_i_1_n_0                                                                                                                                                      | SoC_i/rst_ps8_0_100M/U0/peripheral_aresetn_BUFG[0]                                                                                                    |                5 |             40 |         8.00 |
|  SoC_i/zynq_ultra_ps_e_0/inst/pl_clk0 | SoC_i/VPU_Top_0/inst/u_my_ip/u_axi4_mapping/u_spu/u_spu_controller/u_silu_mul/state_r__0[2]                                                                                                            | SoC_i/rst_ps8_0_100M/U0/peripheral_aresetn_BUFG[0]                                                                                                    |                9 |             40 |         4.44 |
|  SoC_i/zynq_ultra_ps_e_0/inst/pl_clk0 | SoC_i/VPU_Top_0/inst/u_my_ip/u_axi4_mapping/u_gemv/p_1_in18_in_repN_9                                                                                                                                  | SoC_i/rst_ps8_0_100M/U0/peripheral_aresetn_BUFG[0]                                                                                                    |               13 |             40 |         3.08 |
|  SoC_i/zynq_ultra_ps_e_0/inst/pl_clk0 | SoC_i/VPU_Top_0/inst/u_my_ip/issue_read_r                                                                                                                                                              | SoC_i/rst_ps8_0_100M/U0/peripheral_aresetn_BUFG[0]                                                                                                    |                7 |             41 |         5.86 |
|  SoC_i/zynq_ultra_ps_e_0/inst/pl_clk0 | SoC_i/VPU_Top_0/inst/u_my_ip/u_axi4_mapping/core_rd_en                                                                                                                                                 | SoC_i/rst_ps8_0_100M/U0/peripheral_aresetn_BUFG[0]                                                                                                    |               17 |             43 |         2.53 |
|  SoC_i/zynq_ultra_ps_e_0/inst/pl_clk0 | SoC_i/VPU_Top_0/inst/u_my_ip/u_axi4_mapping/u_gemv/row_idx_r                                                                                                                                           | SoC_i/rst_ps8_0_100M/U0/peripheral_aresetn_BUFG[0]                                                                                                    |               20 |             48 |         2.40 |
|  SoC_i/zynq_ultra_ps_e_0/inst/pl_clk0 | SoC_i/VPU_Top_0/inst/u_my_ip/u_axi4_mapping/u_gemv/weight_wr_strb_leaf[19][3]_i_1_n_0                                                                                                                  | SoC_i/rst_ps8_0_100M/U0/peripheral_aresetn_BUFG[0]                                                                                                    |                6 |             48 |         8.00 |
|  SoC_i/zynq_ultra_ps_e_0/inst/pl_clk0 | SoC_i/VPU_Top_0/inst/u_my_ip/u_axi4_mapping/u_gemv/u_pmau_quad3/row_commit                                                                                                                             | SoC_i/rst_ps8_0_100M/U0/peripheral_aresetn_BUFG[0]                                                                                                    |                7 |             48 |         6.86 |
|  SoC_i/zynq_ultra_ps_e_0/inst/pl_clk0 | SoC_i/VPU_Top_0/inst/u_my_ip/u_axi4_mapping/u_gemv/p_1_in18_in_repN_2                                                                                                                                  | SoC_i/rst_ps8_0_100M/U0/peripheral_aresetn_BUFG[0]                                                                                                    |               24 |             48 |         2.00 |
|  SoC_i/zynq_ultra_ps_e_0/inst/pl_clk0 | SoC_i/VPU_Top_0/inst/u_my_ip/u_axi4_mapping/u_gemv/u_pmau_quad7/row_commit                                                                                                                             | SoC_i/rst_ps8_0_100M/U0/peripheral_aresetn_BUFG[0]                                                                                                    |                7 |             48 |         6.86 |
|  SoC_i/zynq_ultra_ps_e_0/inst/pl_clk0 | SoC_i/VPU_Top_0/inst/u_my_ip/u_axi4_mapping/u_gemv/u_pmau_pair/row_commit                                                                                                                              | SoC_i/rst_ps8_0_100M/U0/peripheral_aresetn_BUFG[0]                                                                                                    |                9 |             48 |         5.33 |
|  SoC_i/zynq_ultra_ps_e_0/inst/pl_clk0 | SoC_i/VPU_Top_0/inst/u_my_ip/u_axi4_mapping/u_gemv/u_pmau_quad5/row_commit                                                                                                                             | SoC_i/rst_ps8_0_100M/U0/peripheral_aresetn_BUFG[0]                                                                                                    |                8 |             48 |         6.00 |
|  SoC_i/zynq_ultra_ps_e_0/inst/pl_clk0 | SoC_i/VPU_Top_0/inst/u_my_ip/u_axi4_mapping/u_gemv/u_pmau/row_commit                                                                                                                                   | SoC_i/rst_ps8_0_100M/U0/peripheral_aresetn_BUFG[0]                                                                                                    |                8 |             48 |         6.00 |
|  SoC_i/zynq_ultra_ps_e_0/inst/pl_clk0 | SoC_i/VPU_Top_0/inst/u_my_ip/u_axi4_mapping/u_gemv/u_pmau_quad6/row_commit                                                                                                                             | SoC_i/rst_ps8_0_100M/U0/peripheral_aresetn_BUFG[0]                                                                                                    |                8 |             48 |         6.00 |
|  SoC_i/zynq_ultra_ps_e_0/inst/pl_clk0 | SoC_i/VPU_Top_0/inst/u_my_ip/u_axi4_mapping/u_gemv/u_pmau_quad2/state_r_reg[2]                                                                                                                         | SoC_i/rst_ps8_0_100M/U0/peripheral_aresetn_BUFG[0]                                                                                                    |               10 |             48 |         4.80 |
|  SoC_i/zynq_ultra_ps_e_0/inst/pl_clk0 | SoC_i/VPU_Top_0/inst/u_my_ip/u_axi4_mapping/u_gemv/u_pmau_quad4/row_commit                                                                                                                             | SoC_i/rst_ps8_0_100M/U0/peripheral_aresetn_BUFG[0]                                                                                                    |                9 |             48 |         5.33 |
|  SoC_i/zynq_ultra_ps_e_0/inst/pl_clk0 | SoC_i/VPU_Top_0/inst/u_my_ip/u_axi4_mapping/u_gemv/u_pmau_quad2/row_commit                                                                                                                             | SoC_i/rst_ps8_0_100M/U0/peripheral_aresetn_BUFG[0]                                                                                                    |                8 |             48 |         6.00 |
|  SoC_i/zynq_ultra_ps_e_0/inst/pl_clk0 | SoC_i/VPU_Top_0/inst/u_my_ip/u_axi4_mapping/u_gemv/result_requant_pending_r_i_1_n_0                                                                                                                    | SoC_i/rst_ps8_0_100M/U0/peripheral_aresetn_BUFG[0]                                                                                                    |               14 |             49 |         3.50 |
|  SoC_i/zynq_ultra_ps_e_0/inst/pl_clk0 | SoC_i/VPU_Top_0/inst/u_my_ip/u_axi4_mapping/u_spu/u_vpu_stream8/GEN_ACCUM8[5].u_accum/row_id_r                                                                                                         | SoC_i/rst_ps8_0_100M/U0/peripheral_aresetn_BUFG[0]                                                                                                    |               13 |             50 |         3.85 |
|  SoC_i/zynq_ultra_ps_e_0/inst/pl_clk0 | SoC_i/VPU_Top_0/inst/u_my_ip/u_axi4_mapping/u_spu/u_vpu_stream8/GEN_ACCUM8[1].u_accum/CEB2                                                                                                             | SoC_i/rst_ps8_0_100M/U0/peripheral_aresetn_BUFG[0]                                                                                                    |               13 |             50 |         3.85 |
|  SoC_i/zynq_ultra_ps_e_0/inst/pl_clk0 | SoC_i/VPU_Top_0/inst/u_my_ip/u_axi4_mapping/u_spu/u_vpu_stream8/GEN_ACCUM8[7].u_accum/CEB2                                                                                                             | SoC_i/rst_ps8_0_100M/U0/peripheral_aresetn_BUFG[0]                                                                                                    |               30 |             50 |         1.67 |
|  SoC_i/zynq_ultra_ps_e_0/inst/pl_clk0 | SoC_i/VPU_Top_0/inst/u_my_ip/u_axi4_mapping/u_spu/u_vpu_stream8/GEN_ACCUM8[6].u_accum/row_id_r                                                                                                         | SoC_i/rst_ps8_0_100M/U0/peripheral_aresetn_BUFG[0]                                                                                                    |               16 |             50 |         3.12 |
|  SoC_i/zynq_ultra_ps_e_0/inst/pl_clk0 | SoC_i/VPU_Top_0/inst/u_my_ip/u_axi4_mapping/u_spu/u_vpu_stream8/GEN_ACCUM8[0].u_accum/row_id_r                                                                                                         | SoC_i/rst_ps8_0_100M/U0/peripheral_aresetn_BUFG[0]                                                                                                    |               24 |             50 |         2.08 |
|  SoC_i/zynq_ultra_ps_e_0/inst/pl_clk0 | SoC_i/VPU_Top_0/inst/u_my_ip/u_axi4_mapping/u_spu/u_vpu_stream8/GEN_ACCUM8[2].u_accum/row_id_r                                                                                                         | SoC_i/rst_ps8_0_100M/U0/peripheral_aresetn_BUFG[0]                                                                                                    |               20 |             50 |         2.50 |
|  SoC_i/zynq_ultra_ps_e_0/inst/pl_clk0 | SoC_i/VPU_Top_0/inst/u_my_ip/u_axi4_mapping/u_spu/u_vpu_stream8/GEN_ACCUM8[3].u_accum/row_id_r                                                                                                         | SoC_i/rst_ps8_0_100M/U0/peripheral_aresetn_BUFG[0]                                                                                                    |               20 |             50 |         2.50 |
|  SoC_i/zynq_ultra_ps_e_0/inst/pl_clk0 | SoC_i/VPU_Top_0/inst/u_my_ip/u_axi4_mapping/u_spu/u_vpu_stream8/GEN_ACCUM8[4].u_accum/row_id_r                                                                                                         | SoC_i/rst_ps8_0_100M/U0/peripheral_aresetn_BUFG[0]                                                                                                    |               12 |             50 |         4.17 |
|  SoC_i/zynq_ultra_ps_e_0/inst/pl_clk0 | SoC_i/VPU_Top_0/inst/u_my_ip/u_axi4_mapping/u_spu/u_spu_controller/u_q8_scale_accum/CEB1                                                                                                               | SoC_i/rst_ps8_0_100M/U0/peripheral_aresetn_BUFG[0]                                                                                                    |               11 |             50 |         4.55 |
|  SoC_i/zynq_ultra_ps_e_0/inst/pl_clk0 | SoC_i/VPU_Top_0/inst/u_my_ip/u_axi4_mapping/u_gemv/p_1_in18_in_repN_11                                                                                                                                 | SoC_i/rst_ps8_0_100M/U0/peripheral_aresetn_BUFG[0]                                                                                                    |               10 |             50 |         5.00 |
|  SoC_i/zynq_ultra_ps_e_0/inst/pl_clk0 | SoC_i/VPU_Top_0/inst/u_my_ip/u_axi4_mapping/u_spu/u_vpu_stream8/read_req_lane0_scale_lane_r[2]_i_1_n_0                                                                                                 | SoC_i/VPU_Top_0/inst/u_my_ip/u_axi4_mapping/u_spu/u_vpu_stream8/spu_soft_reset_r_reg                                                                  |               19 |             50 |         2.63 |
|  SoC_i/zynq_ultra_ps_e_0/inst/pl_clk0 | SoC_i/VPU_Top_0/inst/u_my_ip/u_axi4_mapping/u_gemv/u_pmau_quad5/result_i8_mode_r_reg_0[0]                                                                                                              | SoC_i/rst_ps8_0_100M/U0/peripheral_aresetn_BUFG[0]                                                                                                    |               14 |             50 |         3.57 |
|  SoC_i/zynq_ultra_ps_e_0/inst/pl_clk0 | SoC_i/axi_smc/inst/m00_exit_pipeline/m00_exit/inst/ar_reg/m_vector_i                                                                                                                                   |                                                                                                                                                       |               11 |             51 |         4.64 |
|  SoC_i/zynq_ultra_ps_e_0/inst/pl_clk0 | SoC_i/axi_smc/inst/m00_exit_pipeline/m00_exit/inst/aw_reg/m_vector_i                                                                                                                                   |                                                                                                                                                       |               10 |             51 |         5.10 |
|  SoC_i/zynq_ultra_ps_e_0/inst/pl_clk0 | SoC_i/axi_smc/inst/m00_exit_pipeline/m00_exit/inst/aw_reg/skid_buffer[1132]_i_1__0_n_0                                                                                                                 |                                                                                                                                                       |               10 |             51 |         5.10 |
|  SoC_i/zynq_ultra_ps_e_0/inst/pl_clk0 | SoC_i/axi_smc/inst/m00_exit_pipeline/m00_exit/inst/ar_reg/skid_buffer[1132]_i_1_n_0                                                                                                                    |                                                                                                                                                       |               13 |             51 |         3.92 |
|  SoC_i/zynq_ultra_ps_e_0/inst/pl_clk0 | SoC_i/VPU_Top_0/inst/u_my_ip/u_axi4_mapping/u_gemv/weight_wr_strb_leaf[23][3]_i_1_n_0                                                                                                                  | SoC_i/rst_ps8_0_100M/U0/peripheral_aresetn_BUFG[0]                                                                                                    |               11 |             52 |         4.73 |
|  SoC_i/zynq_ultra_ps_e_0/inst/pl_clk0 | SoC_i/VPU_Top_0/inst/u_my_ip/u_axi4_mapping/u_gemv/weight_wr_strb_leaf[17][3]_i_1_n_0                                                                                                                  | SoC_i/rst_ps8_0_100M/U0/peripheral_aresetn_BUFG[0]                                                                                                    |                7 |             52 |         7.43 |
|  SoC_i/zynq_ultra_ps_e_0/inst/pl_clk0 | SoC_i/VPU_Top_0/inst/u_my_ip/map_rd_en_r                                                                                                                                                               | SoC_i/rst_ps8_0_100M/U0/peripheral_aresetn_BUFG[0]                                                                                                    |               21 |             53 |         2.52 |
|  SoC_i/zynq_ultra_ps_e_0/inst/pl_clk0 | SoC_i/VPU_Top_0/inst/u_my_ip/u_axi4_mapping/u_gemv/u_pmau_quad7/read_group_last_x_r                                                                                                                    | SoC_i/rst_ps8_0_100M/U0/peripheral_aresetn_BUFG[0]                                                                                                    |               12 |             57 |         4.75 |
|  SoC_i/zynq_ultra_ps_e_0/inst/pl_clk0 | SoC_i/VPU_Top_0/inst/u_my_ip/u_axi4_mapping/u_spu/u_spu_controller/u_q8_scale_accum/row_id_r                                                                                                           | SoC_i/rst_ps8_0_100M/U0/peripheral_aresetn_BUFG[0]                                                                                                    |               25 |             58 |         2.32 |
|  SoC_i/zynq_ultra_ps_e_0/inst/pl_clk0 | SoC_i/VPU_Top_0/inst/u_my_ip/u_axi4_mapping/u_spu/u_spu_controller/u_q8_scale_accum/contribution_q16_r[63]_i_1__7_n_0                                                                                  | SoC_i/rst_ps8_0_100M/U0/peripheral_aresetn_BUFG[0]                                                                                                    |               11 |             64 |         5.82 |
|  SoC_i/zynq_ultra_ps_e_0/inst/pl_clk0 | SoC_i/VPU_Top_0/inst/u_my_ip/u_axi4_mapping/u_spu/u_vpu_stream8/GEN_ACCUM8[3].u_accum/lane_valid_r_reg[5][0]                                                                                           | SoC_i/VPU_Top_0/inst/u_my_ip/u_axi4_mapping/u_spu/u_vpu_stream8/spu_soft_reset_r_reg                                                                  |               14 |             64 |         4.57 |
|  SoC_i/zynq_ultra_ps_e_0/inst/pl_clk0 | SoC_i/VPU_Top_0/inst/u_my_ip/u_axi4_mapping/u_spu/u_vpu_stream8/GEN_ACCUM8[0].u_accum/product_scale_q32_r[63]_i_1__3_n_0                                                                               | SoC_i/VPU_Top_0/inst/u_my_ip/u_axi4_mapping/u_spu/u_vpu_stream8/GEN_ACCUM8[0].u_accum/row_id_r[15]_i_1__1_n_0                                         |               20 |             64 |         3.20 |
|  SoC_i/zynq_ultra_ps_e_0/inst/pl_clk0 | SoC_i/VPU_Top_0/inst/u_my_ip/u_axi4_mapping/u_spu/u_vpu_stream8/GEN_ACCUM8[1].u_accum/contribution_q16_r[63]_i_1__6_n_0                                                                                | SoC_i/rst_ps8_0_100M/U0/peripheral_aresetn_BUFG[0]                                                                                                    |                9 |             64 |         7.11 |
|  SoC_i/zynq_ultra_ps_e_0/inst/pl_clk0 | SoC_i/VPU_Top_0/inst/u_my_ip/u_axi4_mapping/u_spu/u_vpu_stream8/GEN_ACCUM8[6].u_accum/product_scale_q32_r[63]_i_1__6_n_0                                                                               | SoC_i/VPU_Top_0/inst/u_my_ip/u_axi4_mapping/u_spu/u_vpu_stream8/GEN_ACCUM8[6].u_accum/row_id_r[15]_i_1__4_n_0                                         |               16 |             64 |         4.00 |
|  SoC_i/zynq_ultra_ps_e_0/inst/pl_clk0 | SoC_i/VPU_Top_0/inst/u_my_ip/u_axi4_mapping/u_spu/u_vpu_stream8/GEN_ACCUM8[6].u_accum/contribution_q16_r[63]_i_1__4_n_0                                                                                | SoC_i/rst_ps8_0_100M/U0/peripheral_aresetn_BUFG[0]                                                                                                    |                9 |             64 |         7.11 |
|  SoC_i/zynq_ultra_ps_e_0/inst/pl_clk0 | SoC_i/VPU_Top_0/inst/u_my_ip/u_axi4_mapping/u_spu/u_vpu_stream8/GEN_ACCUM8[6].u_accum/out_accum_q16[63]_i_1__4_n_0                                                                                     | SoC_i/rst_ps8_0_100M/U0/peripheral_aresetn_BUFG[0]                                                                                                    |                8 |             64 |         8.00 |
|  SoC_i/zynq_ultra_ps_e_0/inst/pl_clk0 | SoC_i/VPU_Top_0/inst/u_my_ip/u_axi4_mapping/u_spu/u_vpu_stream8/GEN_ACCUM8[1].u_accum/out_accum_q16[63]_i_1__6_n_0                                                                                     | SoC_i/rst_ps8_0_100M/U0/peripheral_aresetn_BUFG[0]                                                                                                    |                8 |             64 |         8.00 |
|  SoC_i/zynq_ultra_ps_e_0/inst/pl_clk0 | SoC_i/VPU_Top_0/inst/u_my_ip/u_axi4_mapping/u_spu/u_vpu_stream8/GEN_ACCUM8[1].u_accum/product_scale_q32_r[63]_i_1__8_n_0                                                                               | SoC_i/VPU_Top_0/inst/u_my_ip/u_axi4_mapping/u_spu/u_vpu_stream8/GEN_ACCUM8[1].u_accum/row_id_r[15]_i_1__6_n_0                                         |               22 |             64 |         2.91 |
|  SoC_i/zynq_ultra_ps_e_0/inst/pl_clk0 | SoC_i/VPU_Top_0/inst/u_my_ip/u_axi4_mapping/u_spu/u_vpu_stream8/GEN_ACCUM8[2].u_accum/out_accum_q16[63]_i_1__0_n_0                                                                                     | SoC_i/rst_ps8_0_100M/U0/peripheral_aresetn_BUFG[0]                                                                                                    |                8 |             64 |         8.00 |
|  SoC_i/zynq_ultra_ps_e_0/inst/pl_clk0 | SoC_i/VPU_Top_0/inst/u_my_ip/u_axi4_mapping/u_spu/u_vpu_stream8/GEN_ACCUM8[2].u_accum/contribution_q16_r[63]_i_1__0_n_0                                                                                | SoC_i/rst_ps8_0_100M/U0/peripheral_aresetn_BUFG[0]                                                                                                    |                9 |             64 |         7.11 |
|  SoC_i/zynq_ultra_ps_e_0/inst/pl_clk0 | SoC_i/VPU_Top_0/inst/u_my_ip/u_axi4_mapping/u_spu/u_vpu_stream8/GEN_ACCUM8[2].u_accum/product_scale_q32_r[63]_i_1__0_n_0                                                                               | SoC_i/VPU_Top_0/inst/u_my_ip/u_axi4_mapping/u_spu/u_vpu_stream8/GEN_ACCUM8[2].u_accum/row_id_r[15]_i_1__0_n_0                                         |               14 |             64 |         4.57 |
|  SoC_i/zynq_ultra_ps_e_0/inst/pl_clk0 | SoC_i/VPU_Top_0/inst/u_my_ip/u_axi4_mapping/u_spu/u_vpu_stream8/GEN_ACCUM8[7].u_accum/contribution_q16_r[63]_i_1__5_n_0                                                                                | SoC_i/rst_ps8_0_100M/U0/peripheral_aresetn_BUFG[0]                                                                                                    |               13 |             64 |         4.92 |
|  SoC_i/zynq_ultra_ps_e_0/inst/pl_clk0 | SoC_i/VPU_Top_0/inst/u_my_ip/u_axi4_mapping/u_spu/u_vpu_stream8/GEN_ACCUM8[7].u_accum/out_accum_q16[63]_i_1__5_n_0                                                                                     | SoC_i/rst_ps8_0_100M/U0/peripheral_aresetn_BUFG[0]                                                                                                    |                8 |             64 |         8.00 |
|  SoC_i/zynq_ultra_ps_e_0/inst/pl_clk0 | SoC_i/VPU_Top_0/inst/u_my_ip/u_axi4_mapping/u_spu/u_vpu_stream_scale_accum/product_scale_q32_r[63]_i_1__2_n_0                                                                                          | SoC_i/VPU_Top_0/inst/u_my_ip/u_axi4_mapping/u_gemv/u_pmau_quad7/ACTIVE_LOW_PR_OUT_DFF[0].FDRE_PER_N                                                   |               25 |             64 |         2.56 |
|  SoC_i/zynq_ultra_ps_e_0/inst/pl_clk0 | SoC_i/VPU_Top_0/inst/u_my_ip/u_axi4_mapping/u_spu/u_vpu_stream8/GEN_ACCUM8[3].u_accum/contribution_q16_r[63]_i_1_n_0                                                                                   | SoC_i/rst_ps8_0_100M/U0/peripheral_aresetn_BUFG[0]                                                                                                    |                9 |             64 |         7.11 |
|  SoC_i/zynq_ultra_ps_e_0/inst/pl_clk0 | SoC_i/VPU_Top_0/inst/u_my_ip/u_axi4_mapping/u_spu/u_vpu_stream8/GEN_ACCUM8[3].u_accum/out_accum_q16[63]_i_1_n_0                                                                                        | SoC_i/rst_ps8_0_100M/U0/peripheral_aresetn_BUFG[0]                                                                                                    |                8 |             64 |         8.00 |
|  SoC_i/zynq_ultra_ps_e_0/inst/pl_clk0 | SoC_i/VPU_Top_0/inst/u_my_ip/u_axi4_mapping/u_spu/u_vpu_stream8/GEN_ACCUM8[7].u_accum/product_scale_q32_r[63]_i_1__7_n_0                                                                               | SoC_i/VPU_Top_0/inst/u_my_ip/u_axi4_mapping/u_spu/u_vpu_stream8/GEN_ACCUM8[7].u_accum/row_id_r[15]_i_1__5_n_0                                         |               18 |             64 |         3.56 |
|  SoC_i/zynq_ultra_ps_e_0/inst/pl_clk0 | SoC_i/VPU_Top_0/inst/u_my_ip/u_axi4_mapping/u_spu/u_vpu_stream8/GEN_ACCUM8[3].u_accum/product_scale_q32_r[63]_i_1_n_0                                                                                  | SoC_i/VPU_Top_0/inst/u_my_ip/u_axi4_mapping/u_spu/u_vpu_stream8/GEN_ACCUM8[3].u_accum/row_id_r[15]_i_1_n_0                                            |               17 |             64 |         3.76 |
|  SoC_i/zynq_ultra_ps_e_0/inst/pl_clk0 | SoC_i/VPU_Top_0/inst/u_my_ip/u_axi4_mapping/u_spu/u_vpu_stream8/GEN_ACCUM8[0].u_accum/out_accum_q16[63]_i_1__1_n_0                                                                                     | SoC_i/rst_ps8_0_100M/U0/peripheral_aresetn_BUFG[0]                                                                                                    |                8 |             64 |         8.00 |
|  SoC_i/zynq_ultra_ps_e_0/inst/pl_clk0 | SoC_i/VPU_Top_0/inst/u_my_ip/u_axi4_mapping/u_spu/u_vpu_stream8/GEN_ACCUM8[3].u_accum/FSM_sequential_state_r_reg[2]_2[0]                                                                               | SoC_i/VPU_Top_0/inst/u_my_ip/u_axi4_mapping/u_spu/u_vpu_stream8/spu_soft_reset_r_reg                                                                  |               27 |             64 |         2.37 |
|  SoC_i/zynq_ultra_ps_e_0/inst/pl_clk0 | SoC_i/VPU_Top_0/inst/u_my_ip/u_axi4_mapping/u_spu/u_vpu_stream8/GEN_ACCUM8[3].u_accum/E[0]                                                                                                             | SoC_i/VPU_Top_0/inst/u_my_ip/u_axi4_mapping/u_spu/u_vpu_stream8/spu_soft_reset_r_reg                                                                  |               15 |             64 |         4.27 |
|  SoC_i/zynq_ultra_ps_e_0/inst/pl_clk0 | SoC_i/VPU_Top_0/inst/u_my_ip/u_axi4_mapping/u_spu/u_vpu_stream8/GEN_ACCUM8[0].u_accum/contribution_q16_r[63]_i_1__1_n_0                                                                                | SoC_i/rst_ps8_0_100M/U0/peripheral_aresetn_BUFG[0]                                                                                                    |               10 |             64 |         6.40 |
|  SoC_i/zynq_ultra_ps_e_0/inst/pl_clk0 | SoC_i/VPU_Top_0/inst/u_my_ip/u_axi4_mapping/u_spu/u_vpu_stream8/GEN_ACCUM8[3].u_accum/FSM_sequential_state_r_reg[2]_4[0]                                                                               | SoC_i/VPU_Top_0/inst/u_my_ip/u_axi4_mapping/u_spu/u_vpu_stream8/spu_soft_reset_r_reg                                                                  |               25 |             64 |         2.56 |
|  SoC_i/zynq_ultra_ps_e_0/inst/pl_clk0 | SoC_i/VPU_Top_0/inst/u_my_ip/u_axi4_mapping/u_spu/u_vpu_stream8/GEN_ACCUM8[3].u_accum/lane_valid_r_reg[3][0]                                                                                           | SoC_i/VPU_Top_0/inst/u_my_ip/u_axi4_mapping/u_spu/u_vpu_stream8/spu_soft_reset_r_reg                                                                  |               16 |             64 |         4.00 |
|  SoC_i/zynq_ultra_ps_e_0/inst/pl_clk0 | SoC_i/VPU_Top_0/inst/u_my_ip/u_axi4_mapping/u_spu/u_vpu_stream8/GEN_ACCUM8[3].u_accum/lane_valid_r_reg[4][0]                                                                                           | SoC_i/VPU_Top_0/inst/u_my_ip/u_axi4_mapping/u_spu/u_vpu_stream8/spu_soft_reset_r_reg                                                                  |               14 |             64 |         4.57 |
|  SoC_i/zynq_ultra_ps_e_0/inst/pl_clk0 | SoC_i/VPU_Top_0/inst/u_my_ip/u_axi4_mapping/u_spu/u_vpu_stream8/GEN_ACCUM8[3].u_accum/lane_valid_r_reg[7][0]                                                                                           | SoC_i/VPU_Top_0/inst/u_my_ip/u_axi4_mapping/u_spu/u_vpu_stream8/spu_soft_reset_r_reg                                                                  |               14 |             64 |         4.57 |
|  SoC_i/zynq_ultra_ps_e_0/inst/pl_clk0 | SoC_i/VPU_Top_0/inst/u_my_ip/u_axi4_mapping/u_spu/u_vpu_stream8/GEN_ACCUM8[3].u_accum/lane_valid_r_reg[2][0]                                                                                           | SoC_i/VPU_Top_0/inst/u_my_ip/u_axi4_mapping/u_spu/u_vpu_stream8/spu_soft_reset_r_reg                                                                  |               10 |             64 |         6.40 |
|  SoC_i/zynq_ultra_ps_e_0/inst/pl_clk0 | SoC_i/VPU_Top_0/inst/u_my_ip/u_axi4_mapping/u_spu/u_vpu_stream8/GEN_ACCUM8[4].u_accum/contribution_q16_r[63]_i_1__2_n_0                                                                                | SoC_i/rst_ps8_0_100M/U0/peripheral_aresetn_BUFG[0]                                                                                                    |               10 |             64 |         6.40 |
|  SoC_i/zynq_ultra_ps_e_0/inst/pl_clk0 | SoC_i/VPU_Top_0/inst/u_my_ip/u_axi4_mapping/u_spu/u_vpu_stream8/GEN_ACCUM8[4].u_accum/out_accum_q16[63]_i_1__2_n_0                                                                                     | SoC_i/rst_ps8_0_100M/U0/peripheral_aresetn_BUFG[0]                                                                                                    |                8 |             64 |         8.00 |
|  SoC_i/zynq_ultra_ps_e_0/inst/pl_clk0 | SoC_i/VPU_Top_0/inst/u_my_ip/u_axi4_mapping/u_spu/u_vpu_stream_pair_scale_accum/product_scale_q32_r[63]_i_1__1_n_0                                                                                     | SoC_i/VPU_Top_0/inst/u_my_ip/u_axi4_mapping/u_gemv/u_pmau_quad7/ACTIVE_LOW_PR_OUT_DFF[0].FDRE_PER_N                                                   |               17 |             64 |         3.76 |
|  SoC_i/zynq_ultra_ps_e_0/inst/pl_clk0 | SoC_i/VPU_Top_0/inst/u_my_ip/u_axi4_mapping/u_spu/u_vpu_stream8/GEN_ACCUM8[4].u_accum/product_scale_q32_r[63]_i_1__4_n_0                                                                               | SoC_i/VPU_Top_0/inst/u_my_ip/u_axi4_mapping/u_spu/u_vpu_stream8/GEN_ACCUM8[4].u_accum/row_id_r[15]_i_1__2_n_0                                         |               23 |             64 |         2.78 |
|  SoC_i/zynq_ultra_ps_e_0/inst/pl_clk0 | SoC_i/VPU_Top_0/inst/u_my_ip/u_axi4_mapping/u_spu/u_vpu_stream8/GEN_ACCUM8[5].u_accum/contribution_q16_r[63]_i_1__3_n_0                                                                                | SoC_i/rst_ps8_0_100M/U0/peripheral_aresetn_BUFG[0]                                                                                                    |               12 |             64 |         5.33 |
|  SoC_i/zynq_ultra_ps_e_0/inst/pl_clk0 | SoC_i/VPU_Top_0/inst/u_my_ip/u_axi4_mapping/u_spu/u_vpu_stream8/GEN_ACCUM8[5].u_accum/out_accum_q16[63]_i_1__3_n_0                                                                                     | SoC_i/rst_ps8_0_100M/U0/peripheral_aresetn_BUFG[0]                                                                                                    |                8 |             64 |         8.00 |
|  SoC_i/zynq_ultra_ps_e_0/inst/pl_clk0 | SoC_i/VPU_Top_0/inst/u_my_ip/u_axi4_mapping/u_spu/u_vpu_stream8/GEN_ACCUM8[5].u_accum/product_scale_q32_r[63]_i_1__5_n_0                                                                               | SoC_i/VPU_Top_0/inst/u_my_ip/u_axi4_mapping/u_spu/u_vpu_stream8/GEN_ACCUM8[5].u_accum/row_id_r[15]_i_1__3_n_0                                         |               17 |             64 |         3.76 |
|  SoC_i/zynq_ultra_ps_e_0/inst/pl_clk0 | SoC_i/VPU_Top_0/inst/u_my_ip/u_axi4_mapping/u_spu/u_spu_controller/u_softmax/E[0]                                                                                                                      | SoC_i/rst_ps8_0_100M/U0/peripheral_aresetn_BUFG[0]                                                                                                    |               13 |             64 |         4.92 |
|  SoC_i/zynq_ultra_ps_e_0/inst/pl_clk0 | SoC_i/VPU_Top_0/inst/u_my_ip/u_axi4_mapping/u_spu/u_spu_controller/u_softmax/word_sum[63]_i_1_n_0                                                                                                      | SoC_i/rst_ps8_0_100M/U0/peripheral_aresetn_BUFG[0]                                                                                                    |               12 |             64 |         5.33 |
|  SoC_i/zynq_ultra_ps_e_0/inst/pl_clk0 | SoC_i/VPU_Top_0/inst/u_my_ip/u_axi4_mapping/u_spu/u_spu_controller/u_softmax/div_denom_r                                                                                                               | SoC_i/rst_ps8_0_100M/U0/peripheral_aresetn_BUFG[0]                                                                                                    |               10 |             64 |         6.40 |
|  SoC_i/zynq_ultra_ps_e_0/inst/pl_clk0 | SoC_i/VPU_Top_0/inst/u_my_ip/u_axi4_mapping/u_spu/u_spu_controller/u_rmsnorm/E[0]                                                                                                                      | SoC_i/rst_ps8_0_100M/U0/peripheral_aresetn_BUFG[0]                                                                                                    |               16 |             64 |         4.00 |
|  SoC_i/zynq_ultra_ps_e_0/inst/pl_clk0 | SoC_i/VPU_Top_0/inst/u_my_ip/u_axi4_mapping/u_spu/u_spu_controller/u_rmsnorm/word_sumsq_q16[63]_i_1_n_0                                                                                                | SoC_i/rst_ps8_0_100M/U0/peripheral_aresetn_BUFG[0]                                                                                                    |                6 |             64 |        10.67 |
|  SoC_i/zynq_ultra_ps_e_0/inst/pl_clk0 | SoC_i/VPU_Top_0/inst/u_my_ip/u_axi4_mapping/u_spu/u_spu_controller/u_q8_scale_accum/product_scale_q32_r[63]_i_1__9_n_0                                                                                 | SoC_i/VPU_Top_0/inst/u_my_ip/u_axi4_mapping/u_gemv/u_pmau_quad7/ACTIVE_LOW_PR_OUT_DFF[0].FDRE_PER_N                                                   |               20 |             64 |         3.20 |
|  SoC_i/zynq_ultra_ps_e_0/inst/pl_clk0 | SoC_i/VPU_Top_0/inst/u_my_ip/u_axi4_mapping/u_spu/u_spu_controller/u_q8_scale_accum/product_scale_cross_r[64]_i_1__9_n_0                                                                               | SoC_i/rst_ps8_0_100M/U0/peripheral_aresetn_BUFG[0]                                                                                                    |                9 |             65 |         7.22 |
|  SoC_i/zynq_ultra_ps_e_0/inst/pl_clk0 | SoC_i/VPU_Top_0/inst/u_my_ip/u_axi4_mapping/u_spu/u_vpu_stream8/GEN_ACCUM8[5].u_accum/product_scale_cross_r[64]_i_1__5_n_0                                                                             | SoC_i/rst_ps8_0_100M/U0/peripheral_aresetn_BUFG[0]                                                                                                    |                9 |             65 |         7.22 |
|  SoC_i/zynq_ultra_ps_e_0/inst/pl_clk0 | SoC_i/VPU_Top_0/inst/u_my_ip/u_axi4_mapping/u_spu/u_vpu_stream8/GEN_ACCUM8[3].u_accum/product_scale_cross_r[64]_i_1_n_0                                                                                | SoC_i/rst_ps8_0_100M/U0/peripheral_aresetn_BUFG[0]                                                                                                    |                9 |             65 |         7.22 |
|  SoC_i/zynq_ultra_ps_e_0/inst/pl_clk0 | SoC_i/VPU_Top_0/inst/u_my_ip/u_axi4_mapping/u_spu/u_vpu_stream8/GEN_ACCUM8[2].u_accum/product_scale_cross_r[64]_i_1__0_n_0                                                                             | SoC_i/rst_ps8_0_100M/U0/peripheral_aresetn_BUFG[0]                                                                                                    |                9 |             65 |         7.22 |
|  SoC_i/zynq_ultra_ps_e_0/inst/pl_clk0 | SoC_i/VPU_Top_0/inst/u_my_ip/u_axi4_mapping/u_spu/u_vpu_stream8/GEN_ACCUM8[6].u_accum/product_scale_cross_r[64]_i_1__6_n_0                                                                             | SoC_i/rst_ps8_0_100M/U0/peripheral_aresetn_BUFG[0]                                                                                                    |                9 |             65 |         7.22 |
|  SoC_i/zynq_ultra_ps_e_0/inst/pl_clk0 | SoC_i/VPU_Top_0/inst/u_my_ip/u_axi4_mapping/u_spu/u_vpu_stream_pair_scale_accum/product_scale_cross_r[64]_i_1__1_n_0                                                                                   | SoC_i/rst_ps8_0_100M/U0/peripheral_aresetn_BUFG[0]                                                                                                    |                9 |             65 |         7.22 |
|  SoC_i/zynq_ultra_ps_e_0/inst/pl_clk0 | SoC_i/VPU_Top_0/inst/u_my_ip/u_axi4_mapping/u_spu/u_vpu_stream8/GEN_ACCUM8[7].u_accum/product_scale_cross_r[64]_i_1__7_n_0                                                                             | SoC_i/rst_ps8_0_100M/U0/peripheral_aresetn_BUFG[0]                                                                                                    |                9 |             65 |         7.22 |
|  SoC_i/zynq_ultra_ps_e_0/inst/pl_clk0 | SoC_i/VPU_Top_0/inst/u_my_ip/u_axi4_mapping/u_spu/u_vpu_stream_scale_accum/product_scale_cross_r[64]_i_1__2_n_0                                                                                        | SoC_i/rst_ps8_0_100M/U0/peripheral_aresetn_BUFG[0]                                                                                                    |                9 |             65 |         7.22 |
|  SoC_i/zynq_ultra_ps_e_0/inst/pl_clk0 | SoC_i/VPU_Top_0/inst/u_my_ip/u_axi4_mapping/u_spu/u_vpu_stream8/GEN_ACCUM8[1].u_accum/product_scale_cross_r[64]_i_1__8_n_0                                                                             | SoC_i/rst_ps8_0_100M/U0/peripheral_aresetn_BUFG[0]                                                                                                    |                9 |             65 |         7.22 |
|  SoC_i/zynq_ultra_ps_e_0/inst/pl_clk0 | SoC_i/VPU_Top_0/inst/u_my_ip/u_axi4_mapping/u_spu/u_vpu_stream8/GEN_ACCUM8[4].u_accum/product_scale_cross_r[64]_i_1__4_n_0                                                                             | SoC_i/rst_ps8_0_100M/U0/peripheral_aresetn_BUFG[0]                                                                                                    |                9 |             65 |         7.22 |
|  SoC_i/zynq_ultra_ps_e_0/inst/pl_clk0 | SoC_i/VPU_Top_0/inst/u_my_ip/u_axi4_mapping/u_spu/u_vpu_stream8/GEN_ACCUM8[0].u_accum/product_scale_cross_r[64]_i_1__3_n_0                                                                             | SoC_i/rst_ps8_0_100M/U0/peripheral_aresetn_BUFG[0]                                                                                                    |                9 |             65 |         7.22 |
|  SoC_i/zynq_ultra_ps_e_0/inst/pl_clk0 | SoC_i/VPU_Top_0/inst/u_my_ip/u_axi4_mapping/u_spu/u_vpu_stream_pair_scale_accum/product_scale_mid_r[65]_i_1__1_n_0                                                                                     | SoC_i/rst_ps8_0_100M/U0/peripheral_aresetn_BUFG[0]                                                                                                    |                9 |             66 |         7.33 |
|  SoC_i/zynq_ultra_ps_e_0/inst/pl_clk0 | SoC_i/VPU_Top_0/inst/u_my_ip/u_axi4_mapping/u_spu/u_vpu_stream8/GEN_ACCUM8[3].u_accum/product_scale_mid_r[65]_i_1_n_0                                                                                  | SoC_i/rst_ps8_0_100M/U0/peripheral_aresetn_BUFG[0]                                                                                                    |                9 |             66 |         7.33 |
|  SoC_i/zynq_ultra_ps_e_0/inst/pl_clk0 | SoC_i/VPU_Top_0/inst/u_my_ip/u_axi4_mapping/u_spu/u_vpu_stream8/GEN_ACCUM8[6].u_accum/product_scale_mid_r[65]_i_1__6_n_0                                                                               | SoC_i/rst_ps8_0_100M/U0/peripheral_aresetn_BUFG[0]                                                                                                    |                9 |             66 |         7.33 |
|  SoC_i/zynq_ultra_ps_e_0/inst/pl_clk0 | SoC_i/VPU_Top_0/inst/u_my_ip/u_axi4_mapping/u_spu/u_spu_controller/u_q8_scale_accum/product_scale_mid_r[65]_i_1__9_n_0                                                                                 | SoC_i/rst_ps8_0_100M/U0/peripheral_aresetn_BUFG[0]                                                                                                    |                9 |             66 |         7.33 |
|  SoC_i/zynq_ultra_ps_e_0/inst/pl_clk0 | SoC_i/VPU_Top_0/inst/u_my_ip/u_axi4_mapping/u_spu/u_vpu_stream8/GEN_ACCUM8[4].u_accum/product_scale_mid_r[65]_i_1__4_n_0                                                                               | SoC_i/rst_ps8_0_100M/U0/peripheral_aresetn_BUFG[0]                                                                                                    |                9 |             66 |         7.33 |
|  SoC_i/zynq_ultra_ps_e_0/inst/pl_clk0 | SoC_i/VPU_Top_0/inst/u_my_ip/u_axi4_mapping/u_spu/u_vpu_stream8/GEN_ACCUM8[5].u_accum/product_scale_mid_r[65]_i_1__5_n_0                                                                               | SoC_i/rst_ps8_0_100M/U0/peripheral_aresetn_BUFG[0]                                                                                                    |                9 |             66 |         7.33 |
|  SoC_i/zynq_ultra_ps_e_0/inst/pl_clk0 | SoC_i/VPU_Top_0/inst/u_my_ip/u_axi4_mapping/u_spu/u_vpu_stream8/GEN_ACCUM8[1].u_accum/product_scale_mid_r[65]_i_1__8_n_0                                                                               | SoC_i/rst_ps8_0_100M/U0/peripheral_aresetn_BUFG[0]                                                                                                    |                9 |             66 |         7.33 |
|  SoC_i/zynq_ultra_ps_e_0/inst/pl_clk0 |                                                                                                                                                                                                        | SoC_i/axi_smc/inst/clk_map/psr_aclk/U0/interconnect_aresetn[0]                                                                                        |               21 |             66 |         3.14 |
|  SoC_i/zynq_ultra_ps_e_0/inst/pl_clk0 | SoC_i/VPU_Top_0/inst/u_my_ip/u_axi4_mapping/u_spu/u_vpu_stream8/GEN_ACCUM8[7].u_accum/product_scale_mid_r[65]_i_1__7_n_0                                                                               | SoC_i/rst_ps8_0_100M/U0/peripheral_aresetn_BUFG[0]                                                                                                    |                9 |             66 |         7.33 |
|  SoC_i/zynq_ultra_ps_e_0/inst/pl_clk0 | SoC_i/VPU_Top_0/inst/u_my_ip/u_axi4_mapping/u_spu/u_vpu_stream8/GEN_ACCUM8[2].u_accum/product_scale_mid_r[65]_i_1__0_n_0                                                                               | SoC_i/rst_ps8_0_100M/U0/peripheral_aresetn_BUFG[0]                                                                                                    |                9 |             66 |         7.33 |
|  SoC_i/zynq_ultra_ps_e_0/inst/pl_clk0 | SoC_i/VPU_Top_0/inst/u_my_ip/u_axi4_mapping/u_spu/u_vpu_stream8/GEN_ACCUM8[0].u_accum/product_scale_mid_r[65]_i_1__3_n_0                                                                               | SoC_i/rst_ps8_0_100M/U0/peripheral_aresetn_BUFG[0]                                                                                                    |                9 |             66 |         7.33 |
|  SoC_i/zynq_ultra_ps_e_0/inst/pl_clk0 | SoC_i/VPU_Top_0/inst/u_my_ip/u_axi4_mapping/u_spu/u_vpu_stream_scale_accum/product_scale_mid_r[65]_i_1__2_n_0                                                                                          | SoC_i/rst_ps8_0_100M/U0/peripheral_aresetn_BUFG[0]                                                                                                    |                9 |             66 |         7.33 |
|  SoC_i/zynq_ultra_ps_e_0/inst/pl_clk0 | SoC_i/axi_smc/inst/m00_nodes/m00_aw_node/inst/inst_mi_handler/gen_normal_area.inst_fifo_node_payld/gen_xpm_memory_fifo.inst_fifo/gen_mem_rep[0].inst_rd_addrb/rd_addrb_incr                            | SoC_i/axi_smc/inst/m00_nodes/m00_aw_node/inst/inst_mi_handler/m_sc_areset_r                                                                           |                8 |             67 |         8.38 |
|  SoC_i/zynq_ultra_ps_e_0/inst/pl_clk0 | SoC_i/VPU_Top_0/inst/u_my_ip/u_axi4_mapping/u_spu/u_spu_controller/mode_r[7]_i_1_n_0                                                                                                                   | SoC_i/rst_ps8_0_100M/U0/peripheral_aresetn_BUFG[0]                                                                                                    |               18 |             67 |         3.72 |
|  SoC_i/zynq_ultra_ps_e_0/inst/pl_clk0 | SoC_i/VPU_Top_0/inst/u_my_ip/u_axi4_mapping/u_gemv/weight_wr_strb_leaf[4][3]_i_1_n_0                                                                                                                   | SoC_i/rst_ps8_0_100M/U0/peripheral_aresetn_BUFG[0]                                                                                                    |               13 |             72 |         5.54 |
|  SoC_i/zynq_ultra_ps_e_0/inst/pl_clk0 | SoC_i/axi_smc/inst/m00_nodes/m00_ar_node/inst/inst_mi_handler/gen_normal_area.inst_fifo_node_payld/gen_xpm_memory_fifo.inst_fifo/gen_mem_rep[0].inst_rd_addrb/rd_addrb_incr                            | SoC_i/axi_smc/inst/m00_nodes/m00_ar_node/inst/inst_mi_handler/m_sc_areset_r                                                                           |               10 |             74 |         7.40 |
|  SoC_i/zynq_ultra_ps_e_0/inst/pl_clk0 | SoC_i/VPU_Top_0/inst/u_my_ip/u_axi4_mapping/u_spu/u_spu_controller/u_q8_scale_accum/E[0]                                                                                                               | SoC_i/rst_ps8_0_100M/U0/peripheral_aresetn_BUFG[0]                                                                                                    |               30 |             80 |         2.67 |
|  SoC_i/zynq_ultra_ps_e_0/inst/pl_clk0 | SoC_i/VPU_Top_0/inst/u_my_ip/u_axi4_mapping/u_spu/u_spu_controller/u_q8_scale_accum/out_valid_i_1_n_0                                                                                                  | SoC_i/rst_ps8_0_100M/U0/peripheral_aresetn_BUFG[0]                                                                                                    |               16 |             80 |         5.00 |
|  SoC_i/zynq_ultra_ps_e_0/inst/pl_clk0 | SoC_i/axi_smc/inst/s00_entry_pipeline/s00_si_converter/inst/converter.wrap_narrow_inst/aw_reg_slice/i___0_n_0                                                                                          |                                                                                                                                                       |               27 |             80 |         2.96 |
|  SoC_i/zynq_ultra_ps_e_0/inst/pl_clk0 | SoC_i/axi_smc/inst/s00_entry_pipeline/s00_si_converter/inst/converter.wrap_narrow_inst/aw_reg_slice/m_vector_i                                                                                         |                                                                                                                                                       |               25 |             80 |         3.20 |
|  SoC_i/zynq_ultra_ps_e_0/inst/pl_clk0 | SoC_i/axi_smc/inst/s01_entry_pipeline/s01_si_converter/inst/converter.wrap_narrow_inst/aw_reg_slice/i___0_n_0                                                                                          |                                                                                                                                                       |               19 |             80 |         4.21 |
|  SoC_i/zynq_ultra_ps_e_0/inst/pl_clk0 | SoC_i/axi_smc/inst/s01_entry_pipeline/s01_si_converter/inst/converter.wrap_narrow_inst/aw_reg_slice/m_vector_i                                                                                         |                                                                                                                                                       |               19 |             80 |         4.21 |
|  SoC_i/zynq_ultra_ps_e_0/inst/pl_clk0 | SoC_i/axi_smc/inst/s00_entry_pipeline/s00_mmu/inst/aw_reg_stall/m_vector_i                                                                                                                             |                                                                                                                                                       |               14 |             83 |         5.93 |
|  SoC_i/zynq_ultra_ps_e_0/inst/pl_clk0 | SoC_i/axi_smc/inst/s00_entry_pipeline/s00_mmu/inst/aw_reg_stall/skid_buffer[1135]_i_1__0_n_0                                                                                                           |                                                                                                                                                       |               14 |             83 |         5.93 |
|  SoC_i/zynq_ultra_ps_e_0/inst/pl_clk0 | SoC_i/axi_smc/inst/s00_entry_pipeline/s00_mmu/inst/aw_sreg/m_vector_i                                                                                                                                  |                                                                                                                                                       |               14 |             83 |         5.93 |
|  SoC_i/zynq_ultra_ps_e_0/inst/pl_clk0 | SoC_i/axi_smc/inst/s01_entry_pipeline/s01_mmu/inst/aw_reg_stall/m_vector_i                                                                                                                             |                                                                                                                                                       |               20 |             83 |         4.15 |
|  SoC_i/zynq_ultra_ps_e_0/inst/pl_clk0 | SoC_i/axi_smc/inst/s00_entry_pipeline/s00_mmu/inst/aw_sreg/skid_buffer[1135]_i_1__2_n_0                                                                                                                |                                                                                                                                                       |               14 |             83 |         5.93 |
|  SoC_i/zynq_ultra_ps_e_0/inst/pl_clk0 | SoC_i/axi_smc/inst/s01_entry_pipeline/s01_mmu/inst/aw_reg_stall/skid_buffer[1135]_i_1__0_n_0                                                                                                           |                                                                                                                                                       |               21 |             83 |         3.95 |
|  SoC_i/zynq_ultra_ps_e_0/inst/pl_clk0 | SoC_i/axi_smc/inst/s01_entry_pipeline/s01_mmu/inst/aw_sreg/m_vector_i                                                                                                                                  |                                                                                                                                                       |               13 |             83 |         6.38 |
|  SoC_i/zynq_ultra_ps_e_0/inst/pl_clk0 | SoC_i/axi_smc/inst/s01_entry_pipeline/s01_mmu/inst/aw_sreg/skid_buffer[1135]_i_1__2_n_0                                                                                                                |                                                                                                                                                       |               13 |             83 |         6.38 |
|  SoC_i/zynq_ultra_ps_e_0/inst/pl_clk0 | SoC_i/axi_smc/inst/s00_entry_pipeline/s00_si_converter/inst/converter.wrap_narrow_inst/ar_reg_slice/i__n_0                                                                                             |                                                                                                                                                       |               18 |             87 |         4.83 |
|  SoC_i/zynq_ultra_ps_e_0/inst/pl_clk0 | SoC_i/axi_smc/inst/s00_entry_pipeline/s00_si_converter/inst/converter.wrap_narrow_inst/ar_reg_slice/m_vector_i                                                                                         |                                                                                                                                                       |               17 |             87 |         5.12 |
|  SoC_i/zynq_ultra_ps_e_0/inst/pl_clk0 | SoC_i/axi_smc/inst/s01_entry_pipeline/s01_si_converter/inst/converter.wrap_narrow_inst/ar_reg_slice/i__n_0                                                                                             |                                                                                                                                                       |               19 |             87 |         4.58 |
|  SoC_i/zynq_ultra_ps_e_0/inst/pl_clk0 | SoC_i/axi_smc/inst/s01_entry_pipeline/s01_si_converter/inst/converter.wrap_narrow_inst/ar_reg_slice/m_vector_i                                                                                         |                                                                                                                                                       |               17 |             87 |         5.12 |
|  SoC_i/zynq_ultra_ps_e_0/inst/pl_clk0 | SoC_i/axi_smc/inst/s01_entry_pipeline/s01_mmu/inst/ar_reg_stall/m_vector_i                                                                                                                             |                                                                                                                                                       |               18 |             88 |         4.89 |
|  SoC_i/zynq_ultra_ps_e_0/inst/pl_clk0 | SoC_i/axi_smc/inst/s00_entry_pipeline/s00_mmu/inst/ar_sreg/m_vector_i                                                                                                                                  |                                                                                                                                                       |               17 |             88 |         5.18 |
|  SoC_i/zynq_ultra_ps_e_0/inst/pl_clk0 | SoC_i/axi_smc/inst/s01_entry_pipeline/s01_mmu/inst/ar_sreg/m_vector_i                                                                                                                                  |                                                                                                                                                       |               16 |             88 |         5.50 |
|  SoC_i/zynq_ultra_ps_e_0/inst/pl_clk0 | SoC_i/axi_smc/inst/s00_entry_pipeline/s00_mmu/inst/ar_sreg/skid_buffer[1135]_i_1__1_n_0                                                                                                                |                                                                                                                                                       |               18 |             88 |         4.89 |
|  SoC_i/zynq_ultra_ps_e_0/inst/pl_clk0 | SoC_i/VPU_Top_0/inst/u_my_ip/u_axi4_mapping/u_gemv/weight_wr_data_leaf[28][31]_i_1_n_0                                                                                                                 | SoC_i/rst_ps8_0_100M/U0/peripheral_aresetn_BUFG[0]                                                                                                    |               23 |             88 |         3.83 |
|  SoC_i/zynq_ultra_ps_e_0/inst/pl_clk0 | SoC_i/axi_smc/inst/s01_entry_pipeline/s01_mmu/inst/ar_reg_stall/skid_buffer[1135]_i_1_n_0                                                                                                              |                                                                                                                                                       |               19 |             88 |         4.63 |
|  SoC_i/zynq_ultra_ps_e_0/inst/pl_clk0 | SoC_i/axi_smc/inst/s01_entry_pipeline/s01_mmu/inst/ar_sreg/skid_buffer[1135]_i_1__1_n_0                                                                                                                |                                                                                                                                                       |               17 |             88 |         5.18 |
|  SoC_i/zynq_ultra_ps_e_0/inst/pl_clk0 | SoC_i/axi_smc/inst/s00_entry_pipeline/s00_mmu/inst/ar_reg_stall/skid_buffer[1135]_i_1_n_0                                                                                                              |                                                                                                                                                       |               21 |             88 |         4.19 |
|  SoC_i/zynq_ultra_ps_e_0/inst/pl_clk0 | SoC_i/axi_smc/inst/s00_entry_pipeline/s00_mmu/inst/ar_reg_stall/m_vector_i                                                                                                                             |                                                                                                                                                       |               22 |             88 |         4.00 |
|  SoC_i/zynq_ultra_ps_e_0/inst/pl_clk0 | SoC_i/axi_smc/inst/s01_nodes/s01_aw_node/inst/inst_mi_handler/gen_normal_area.inst_fifo_node_payld/gen_xpm_memory_fifo.inst_fifo/gen_mem_rep[0].inst_rd_addrb/rd_addrb_incr                            | SoC_i/axi_smc/inst/s01_nodes/s01_aw_node/inst/inst_mi_handler/m_sc_areset_r                                                                           |                9 |             89 |         9.89 |
|  SoC_i/zynq_ultra_ps_e_0/inst/pl_clk0 | SoC_i/axi_smc/inst/s00_nodes/s00_aw_node/inst/inst_mi_handler/gen_normal_area.inst_fifo_node_payld/gen_xpm_memory_fifo.inst_fifo/gen_mem_rep[0].inst_rd_addrb/rd_addrb_incr                            | SoC_i/axi_smc/inst/s00_nodes/s00_aw_node/inst/inst_mi_handler/m_sc_areset_r                                                                           |                9 |             89 |         9.89 |
|  SoC_i/zynq_ultra_ps_e_0/inst/pl_clk0 | SoC_i/VPU_Top_0/inst/u_my_ip/u_axi4_mapping/u_gemv/p_1_in18_in_repN_6                                                                                                                                  | SoC_i/rst_ps8_0_100M/U0/peripheral_aresetn_BUFG[0]                                                                                                    |               35 |             92 |         2.63 |
|  SoC_i/zynq_ultra_ps_e_0/inst/pl_clk0 | SoC_i/VPU_Top_0/inst/u_my_ip/u_axi4_mapping/u_gemv/pair_mode_r                                                                                                                                         | SoC_i/rst_ps8_0_100M/U0/peripheral_aresetn_BUFG[0]                                                                                                    |               55 |             93 |         1.69 |
|  SoC_i/zynq_ultra_ps_e_0/inst/pl_clk0 | SoC_i/VPU_Top_0/inst/u_my_ip/u_axi4_mapping/u_spu/u_vpu_stream8/GEN_ACCUM8[3].u_accum/product_scale_full_r[127]_i_1_n_0                                                                                | SoC_i/rst_ps8_0_100M/U0/peripheral_aresetn_BUFG[0]                                                                                                    |               19 |             96 |         5.05 |
|  SoC_i/zynq_ultra_ps_e_0/inst/pl_clk0 | SoC_i/VPU_Top_0/inst/u_my_ip/u_axi4_mapping/u_spu/u_vpu_stream8/GEN_ACCUM8[6].u_accum/product_scale_full_r[127]_i_1__6_n_0                                                                             | SoC_i/rst_ps8_0_100M/U0/peripheral_aresetn_BUFG[0]                                                                                                    |               17 |             96 |         5.65 |
|  SoC_i/zynq_ultra_ps_e_0/inst/pl_clk0 | SoC_i/VPU_Top_0/inst/u_my_ip/u_axi4_mapping/u_spu/u_vpu_stream8/GEN_ACCUM8[7].u_accum/product_scale_full_r[127]_i_1__7_n_0                                                                             | SoC_i/rst_ps8_0_100M/U0/peripheral_aresetn_BUFG[0]                                                                                                    |               18 |             96 |         5.33 |
|  SoC_i/zynq_ultra_ps_e_0/inst/pl_clk0 | SoC_i/axi_smc/inst/s00_nodes/s00_aw_node/inst/inst_mi_handler/gen_normal_area.inst_fifo_node_payld/gen_xpm_memory_fifo.inst_fifo/wr_wea                                                                |                                                                                                                                                       |                6 |             96 |        16.00 |
|  SoC_i/zynq_ultra_ps_e_0/inst/pl_clk0 | SoC_i/VPU_Top_0/inst/u_my_ip/u_axi4_mapping/u_spu/u_vpu_stream8/GEN_ACCUM8[2].u_accum/product_scale_full_r[127]_i_1__0_n_0                                                                             | SoC_i/rst_ps8_0_100M/U0/peripheral_aresetn_BUFG[0]                                                                                                    |               17 |             96 |         5.65 |
|  SoC_i/zynq_ultra_ps_e_0/inst/pl_clk0 | SoC_i/VPU_Top_0/inst/u_my_ip/u_axi4_mapping/u_spu/u_vpu_stream8/GEN_ACCUM8[1].u_accum/product_scale_full_r[127]_i_1__8_n_0                                                                             | SoC_i/rst_ps8_0_100M/U0/peripheral_aresetn_BUFG[0]                                                                                                    |               20 |             96 |         4.80 |
|  SoC_i/zynq_ultra_ps_e_0/inst/pl_clk0 | SoC_i/VPU_Top_0/inst/u_my_ip/u_axi4_mapping/u_gemv/u_pmau_quad7/read_req_valid_r_reg_0[0]                                                                                                              | SoC_i/rst_ps8_0_100M/U0/peripheral_aresetn_BUFG[0]                                                                                                    |               36 |             96 |         2.67 |
|  SoC_i/zynq_ultra_ps_e_0/inst/pl_clk0 | SoC_i/VPU_Top_0/inst/u_my_ip/u_axi4_mapping/u_spu/u_vpu_stream8/GEN_ACCUM8[0].u_accum/product_scale_full_r[127]_i_1__3_n_0                                                                             | SoC_i/rst_ps8_0_100M/U0/peripheral_aresetn_BUFG[0]                                                                                                    |               20 |             96 |         4.80 |
|  SoC_i/zynq_ultra_ps_e_0/inst/pl_clk0 | SoC_i/axi_smc/inst/s01_nodes/s01_aw_node/inst/inst_mi_handler/gen_normal_area.inst_fifo_node_payld/gen_xpm_memory_fifo.inst_fifo/wr_wea                                                                |                                                                                                                                                       |                6 |             96 |        16.00 |
|  SoC_i/zynq_ultra_ps_e_0/inst/pl_clk0 | SoC_i/VPU_Top_0/inst/u_my_ip/u_axi4_mapping/u_spu/u_vpu_stream8/GEN_ACCUM8[5].u_accum/product_scale_full_r[127]_i_1__5_n_0                                                                             | SoC_i/rst_ps8_0_100M/U0/peripheral_aresetn_BUFG[0]                                                                                                    |               17 |             96 |         5.65 |
|  SoC_i/zynq_ultra_ps_e_0/inst/pl_clk0 | SoC_i/VPU_Top_0/inst/u_my_ip/u_axi4_mapping/u_spu/u_vpu_stream8/stream_out_count[0]_i_1_n_0                                                                                                            | SoC_i/VPU_Top_0/inst/u_my_ip/u_axi4_mapping/u_spu/u_vpu_stream8/spu_soft_reset_r_reg                                                                  |               52 |             96 |         1.85 |
|  SoC_i/zynq_ultra_ps_e_0/inst/pl_clk0 | SoC_i/VPU_Top_0/inst/u_my_ip/u_axi4_mapping/u_spu/u_vpu_stream_pair_scale_accum/product_scale_full_r[127]_i_1__1_n_0                                                                                   | SoC_i/rst_ps8_0_100M/U0/peripheral_aresetn_BUFG[0]                                                                                                    |               18 |             96 |         5.33 |
|  SoC_i/zynq_ultra_ps_e_0/inst/pl_clk0 | SoC_i/VPU_Top_0/inst/u_my_ip/u_axi4_mapping/u_spu/u_vpu_stream_scale_accum/product_scale_full_r[127]_i_1__2_n_0                                                                                        | SoC_i/rst_ps8_0_100M/U0/peripheral_aresetn_BUFG[0]                                                                                                    |               17 |             96 |         5.65 |
|  SoC_i/zynq_ultra_ps_e_0/inst/pl_clk0 | SoC_i/axi_smc/inst/m00_nodes/m00_aw_node/inst/inst_mi_handler/gen_normal_area.inst_fifo_node_payld/gen_xpm_memory_fifo.inst_fifo/wr_wea                                                                |                                                                                                                                                       |                6 |             96 |        16.00 |
|  SoC_i/zynq_ultra_ps_e_0/inst/pl_clk0 | SoC_i/VPU_Top_0/inst/u_my_ip/u_axi4_mapping/u_gemv/p_1_in18_in_repN_1                                                                                                                                  | SoC_i/rst_ps8_0_100M/U0/peripheral_aresetn_BUFG[0]                                                                                                    |               24 |             96 |         4.00 |
|  SoC_i/zynq_ultra_ps_e_0/inst/pl_clk0 | SoC_i/VPU_Top_0/inst/u_my_ip/u_axi4_mapping/u_spu/u_spu_controller/u_q8_scale_accum/product_scale_full_r[127]_i_1__9_n_0                                                                               | SoC_i/rst_ps8_0_100M/U0/peripheral_aresetn_BUFG[0]                                                                                                    |               17 |             96 |         5.65 |
|  SoC_i/zynq_ultra_ps_e_0/inst/pl_clk0 | SoC_i/VPU_Top_0/inst/u_my_ip/u_axi4_mapping/u_spu/u_vpu_stream8/GEN_ACCUM8[4].u_accum/product_scale_full_r[127]_i_1__4_n_0                                                                             | SoC_i/rst_ps8_0_100M/U0/peripheral_aresetn_BUFG[0]                                                                                                    |               17 |             96 |         5.65 |
|  SoC_i/zynq_ultra_ps_e_0/inst/pl_clk0 | SoC_i/VPU_Top_0/inst/u_my_ip/u_axi4_mapping/u_gemv/p_1_in18_in                                                                                                                                         | SoC_i/rst_ps8_0_100M/U0/peripheral_aresetn_BUFG[0]                                                                                                    |               24 |             98 |         4.08 |
|  SoC_i/zynq_ultra_ps_e_0/inst/pl_clk0 | SoC_i/axi_smc/inst/s01_nodes/s01_ar_node/inst/inst_mi_handler/gen_normal_area.inst_fifo_node_payld/gen_xpm_memory_fifo.inst_fifo/gen_mem_rep[0].inst_rd_addrb/rd_addrb_incr                            | SoC_i/axi_smc/inst/s01_nodes/s01_ar_node/inst/inst_mi_handler/m_sc_areset_r                                                                           |                9 |            103 |        11.44 |
|  SoC_i/zynq_ultra_ps_e_0/inst/pl_clk0 | SoC_i/axi_smc/inst/s00_nodes/s00_ar_node/inst/inst_mi_handler/gen_normal_area.inst_fifo_node_payld/gen_xpm_memory_fifo.inst_fifo/gen_mem_rep[0].inst_rd_addrb/rd_addrb_incr                            | SoC_i/axi_smc/inst/s00_nodes/s00_ar_node/inst/inst_mi_handler/m_sc_areset_r                                                                           |               11 |            103 |         9.36 |
|  SoC_i/zynq_ultra_ps_e_0/inst/pl_clk0 | SoC_i/VPU_Top_0/inst/u_my_ip/u_axi4_mapping/u_gemv/raw_row_base_advance_r                                                                                                                              | SoC_i/rst_ps8_0_100M/U0/peripheral_aresetn_BUFG[0]                                                                                                    |               24 |            104 |         4.33 |
|  SoC_i/zynq_ultra_ps_e_0/inst/pl_clk0 | SoC_i/axi_smc/inst/m00_nodes/m00_ar_node/inst/inst_mi_handler/gen_normal_area.inst_fifo_node_payld/gen_xpm_memory_fifo.inst_fifo/wr_wea                                                                |                                                                                                                                                       |                7 |            112 |        16.00 |
|  SoC_i/zynq_ultra_ps_e_0/inst/pl_clk0 | SoC_i/VPU_Top_0/inst/u_my_ip/u_axi4_mapping/u_gemv/p_1_in18_in_repN_3                                                                                                                                  | SoC_i/rst_ps8_0_100M/U0/peripheral_aresetn_BUFG[0]                                                                                                    |               28 |            112 |         4.00 |
|  SoC_i/zynq_ultra_ps_e_0/inst/pl_clk0 | SoC_i/axi_smc/inst/s01_nodes/s01_ar_node/inst/inst_mi_handler/gen_normal_area.inst_fifo_node_payld/gen_xpm_memory_fifo.inst_fifo/wr_wea                                                                |                                                                                                                                                       |                7 |            112 |        16.00 |
|  SoC_i/zynq_ultra_ps_e_0/inst/pl_clk0 | SoC_i/axi_smc/inst/s00_nodes/s00_ar_node/inst/inst_mi_handler/gen_normal_area.inst_fifo_node_payld/gen_xpm_memory_fifo.inst_fifo/wr_wea                                                                |                                                                                                                                                       |                7 |            112 |        16.00 |
|  SoC_i/zynq_ultra_ps_e_0/inst/pl_clk0 | SoC_i/VPU_Top_0/inst/u_my_ip/u_axi4_mapping/u_gemv/weight_map_valid_r                                                                                                                                  | SoC_i/rst_ps8_0_100M/U0/peripheral_aresetn_BUFG[0]                                                                                                    |               26 |            120 |         4.62 |
|  SoC_i/zynq_ultra_ps_e_0/inst/pl_clk0 | SoC_i/VPU_Top_0/inst/u_my_ip/u_axi4_mapping/u_gemv/p_1_in18_in_repN_10                                                                                                                                 | SoC_i/rst_ps8_0_100M/U0/peripheral_aresetn_BUFG[0]                                                                                                    |               42 |            126 |         3.00 |
|  SoC_i/zynq_ultra_ps_e_0/inst/pl_clk0 | SoC_i/VPU_Top_0/inst/u_my_ip/u_axi4_mapping/u_spu/u_vpu_stream8/GEN_ACCUM8[7].u_accum/accum_mem                                                                                                        |                                                                                                                                                       |               16 |            128 |         8.00 |
|  SoC_i/zynq_ultra_ps_e_0/inst/pl_clk0 | SoC_i/VPU_Top_0/inst/u_my_ip/u_axi4_mapping/u_spu/u_vpu_stream8/GEN_ACCUM8[7].u_accum/accum_mem_reg_0_255_32_32_i_2__5_n_0                                                                             |                                                                                                                                                       |               16 |            128 |         8.00 |
|  SoC_i/zynq_ultra_ps_e_0/inst/pl_clk0 | SoC_i/VPU_Top_0/inst/u_my_ip/u_axi4_mapping/u_spu/u_vpu_stream8/GEN_ACCUM8[6].u_accum/accum_mem_reg_0_255_32_32_i_2__4_n_0                                                                             |                                                                                                                                                       |               16 |            128 |         8.00 |
|  SoC_i/zynq_ultra_ps_e_0/inst/pl_clk0 | SoC_i/VPU_Top_0/inst/u_my_ip/u_axi4_mapping/u_spu/u_vpu_stream8/fifo_scale_word_index[0][239]_i_1_n_0                                                                                                  | SoC_i/VPU_Top_0/inst/u_my_ip/u_axi4_mapping/u_spu/u_vpu_stream8/spu_soft_reset_r_reg                                                                  |               33 |            128 |         3.88 |
|  SoC_i/zynq_ultra_ps_e_0/inst/pl_clk0 | SoC_i/VPU_Top_0/inst/u_my_ip/u_axi4_mapping/u_spu/u_vpu_stream8/GEN_ACCUM8[6].u_accum/accum_mem                                                                                                        |                                                                                                                                                       |               16 |            128 |         8.00 |
|  SoC_i/zynq_ultra_ps_e_0/inst/pl_clk0 | SoC_i/VPU_Top_0/inst/u_my_ip/u_axi4_mapping/u_spu/u_spu_controller/u_q8_scale_accum/accum_mem                                                                                                          |                                                                                                                                                       |               16 |            128 |         8.00 |
|  SoC_i/zynq_ultra_ps_e_0/inst/pl_clk0 | SoC_i/VPU_Top_0/inst/u_my_ip/u_axi4_mapping/u_spu/u_spu_controller/u_q8_scale_accum/accum_mem_reg_0_255_32_32_i_2__7_n_0                                                                               |                                                                                                                                                       |               16 |            128 |         8.00 |
|  SoC_i/zynq_ultra_ps_e_0/inst/pl_clk0 | SoC_i/VPU_Top_0/inst/u_my_ip/u_axi4_mapping/u_spu/u_vpu_stream8/GEN_ACCUM8[3].u_accum/accum_mem_reg_0_255_32_32_i_2_n_0                                                                                |                                                                                                                                                       |               16 |            128 |         8.00 |
|  SoC_i/zynq_ultra_ps_e_0/inst/pl_clk0 | SoC_i/VPU_Top_0/inst/u_my_ip/u_axi4_mapping/u_spu/u_vpu_stream8/GEN_ACCUM8[3].u_accum/accum_mem                                                                                                        |                                                                                                                                                       |               16 |            128 |         8.00 |
|  SoC_i/zynq_ultra_ps_e_0/inst/pl_clk0 | SoC_i/VPU_Top_0/inst/u_my_ip/u_axi4_mapping/u_spu/u_vpu_stream8/GEN_ACCUM8[2].u_accum/accum_mem__0                                                                                                     |                                                                                                                                                       |               16 |            128 |         8.00 |
|  SoC_i/zynq_ultra_ps_e_0/inst/pl_clk0 | SoC_i/VPU_Top_0/inst/u_my_ip/u_axi4_mapping/u_spu/u_vpu_stream8/GEN_ACCUM8[1].u_accum/accum_mem                                                                                                        |                                                                                                                                                       |               16 |            128 |         8.00 |
|  SoC_i/zynq_ultra_ps_e_0/inst/pl_clk0 | SoC_i/VPU_Top_0/inst/u_my_ip/u_axi4_mapping/u_spu/u_vpu_stream8/GEN_ACCUM8[1].u_accum/accum_mem_reg_0_255_32_32_i_2__6_n_0                                                                             |                                                                                                                                                       |               16 |            128 |         8.00 |
|  SoC_i/zynq_ultra_ps_e_0/inst/pl_clk0 | SoC_i/VPU_Top_0/inst/u_my_ip/u_axi4_mapping/u_spu/u_spu_controller/u_rmsnorm/state_r_reg[1][0]                                                                                                         | SoC_i/rst_ps8_0_100M/U0/peripheral_aresetn_BUFG[0]                                                                                                    |               46 |            128 |         2.78 |
|  SoC_i/zynq_ultra_ps_e_0/inst/pl_clk0 | SoC_i/VPU_Top_0/inst/u_my_ip/u_axi4_mapping/u_spu/u_vpu_stream8/GEN_ACCUM8[4].u_accum/accum_mem_reg_0_255_32_32_i_2__2_n_0                                                                             |                                                                                                                                                       |               16 |            128 |         8.00 |
|  SoC_i/zynq_ultra_ps_e_0/inst/pl_clk0 | SoC_i/VPU_Top_0/inst/u_my_ip/u_axi4_mapping/u_spu/u_spu_controller/vec_param_word_r[127]_i_1_n_0                                                                                                       | SoC_i/rst_ps8_0_100M/U0/peripheral_aresetn_BUFG[0]                                                                                                    |               23 |            128 |         5.57 |
|  SoC_i/zynq_ultra_ps_e_0/inst/pl_clk0 | SoC_i/VPU_Top_0/inst/u_my_ip/u_axi4_mapping/u_spu/u_spu_controller/quant_values_r0_out[15]                                                                                                             | SoC_i/rst_ps8_0_100M/U0/peripheral_aresetn_BUFG[0]                                                                                                    |               31 |            128 |         4.13 |
|  SoC_i/zynq_ultra_ps_e_0/inst/pl_clk0 | SoC_i/VPU_Top_0/inst/u_my_ip/u_axi4_mapping/u_spu/u_vpu_stream8/GEN_ACCUM8[5].u_accum/accum_mem                                                                                                        |                                                                                                                                                       |               16 |            128 |         8.00 |
|  SoC_i/zynq_ultra_ps_e_0/inst/pl_clk0 | SoC_i/VPU_Top_0/inst/u_my_ip/u_axi4_mapping/u_spu/u_vpu_stream8/GEN_ACCUM8[5].u_accum/accum_mem_reg_0_255_32_32_i_2__3_n_0                                                                             |                                                                                                                                                       |               16 |            128 |         8.00 |
|  SoC_i/zynq_ultra_ps_e_0/inst/pl_clk0 | SoC_i/VPU_Top_0/inst/u_my_ip/u_axi4_mapping/u_spu/u_spu_controller/quant_values_r0_out[143]                                                                                                            | SoC_i/rst_ps8_0_100M/U0/peripheral_aresetn_BUFG[0]                                                                                                    |               31 |            128 |         4.13 |
|  SoC_i/zynq_ultra_ps_e_0/inst/pl_clk0 | SoC_i/VPU_Top_0/inst/u_my_ip/u_axi4_mapping/u_spu/u_vpu_stream8/GEN_ACCUM8[2].u_accum/accum_mem_reg_0_255_32_32_i_2__0_n_0                                                                             |                                                                                                                                                       |               16 |            128 |         8.00 |
|  SoC_i/zynq_ultra_ps_e_0/inst/pl_clk0 | SoC_i/VPU_Top_0/inst/u_my_ip/u_axi4_mapping/u_spu/u_vpu_stream8/GEN_ACCUM8[0].u_accum/accum_mem_reg_0_255_32_32_i_2__1_n_0                                                                             |                                                                                                                                                       |               16 |            128 |         8.00 |
|  SoC_i/zynq_ultra_ps_e_0/inst/pl_clk0 | SoC_i/VPU_Top_0/inst/u_my_ip/u_axi4_mapping/u_spu/u_vpu_stream8/GEN_ACCUM8[0].u_accum/accum_mem                                                                                                        |                                                                                                                                                       |               16 |            128 |         8.00 |
|  SoC_i/zynq_ultra_ps_e_0/inst/pl_clk0 | SoC_i/VPU_Top_0/inst/u_my_ip/u_axi4_mapping/u_spu/u_spu_controller/quant_values_r0_out__0[271]                                                                                                         | SoC_i/rst_ps8_0_100M/U0/peripheral_aresetn_BUFG[0]                                                                                                    |               32 |            128 |         4.00 |
|  SoC_i/zynq_ultra_ps_e_0/inst/pl_clk0 | SoC_i/VPU_Top_0/inst/u_my_ip/u_axi4_mapping/u_spu/u_spu_controller/quant_values_r0_out__0[399]                                                                                                         | SoC_i/rst_ps8_0_100M/U0/peripheral_aresetn_BUFG[0]                                                                                                    |               31 |            128 |         4.13 |
|  SoC_i/zynq_ultra_ps_e_0/inst/pl_clk0 | SoC_i/VPU_Top_0/inst/u_my_ip/u_axi4_mapping/u_spu/u_vpu_stream8/GEN_ACCUM8[4].u_accum/accum_mem                                                                                                        |                                                                                                                                                       |               16 |            128 |         8.00 |
|  SoC_i/zynq_ultra_ps_e_0/inst/pl_clk0 |                                                                                                                                                                                                        | SoC_i/VPU_Top_0/inst/u_my_ip/u_axi4_mapping/u_gemv/mm_rd_error_i_1__0_n_0                                                                             |               55 |            129 |         2.35 |
|  SoC_i/zynq_ultra_ps_e_0/inst/pl_clk0 | SoC_i/VPU_Top_0/inst/u_my_ip/u_axi4_mapping/u_gemv/FSM_sequential_state_r_reg[0][0]                                                                                                                    | SoC_i/VPU_Top_0/inst/u_my_ip/u_axi4_mapping/u_spu/u_vpu_stream8/spu_soft_reset_r_reg                                                                  |               42 |            129 |         3.07 |
|  SoC_i/zynq_ultra_ps_e_0/inst/pl_clk0 | SoC_i/VPU_Top_0/inst/u_my_ip/u_axi4_mapping/rd_pending_r_reg_0                                                                                                                                         | SoC_i/rst_ps8_0_100M/U0/peripheral_aresetn_BUFG[0]                                                                                                    |               47 |            130 |         2.77 |
|  SoC_i/zynq_ultra_ps_e_0/inst/pl_clk0 | SoC_i/axi_smc/inst/s00_entry_pipeline/s00_si_converter/inst/converter.wrap_narrow_inst/gen_thread_loop[0].r_payld_fifo/gen_srls[147].srl_nx1/push                                                      |                                                                                                                                                       |               20 |            130 |         6.50 |
|  SoC_i/zynq_ultra_ps_e_0/inst/pl_clk0 | SoC_i/VPU_Top_0/inst/u_my_ip/u_axi4_mapping/rd_req_en_r                                                                                                                                                | SoC_i/rst_ps8_0_100M/U0/peripheral_aresetn_BUFG[0]                                                                                                    |               45 |            130 |         2.89 |
|  SoC_i/zynq_ultra_ps_e_0/inst/pl_clk0 | SoC_i/axi_smc/inst/s00_entry_pipeline/s00_si_converter/inst/converter.wrap_narrow_inst/gen_thread_loop[0].r_payld_fifo/cmd_fifo/gen_thread_loop[0].r_packing_boundary_reg[0][0]                        |                                                                                                                                                       |               20 |            130 |         6.50 |
|  SoC_i/zynq_ultra_ps_e_0/inst/pl_clk0 | SoC_i/axi_smc/inst/s01_entry_pipeline/s01_si_converter/inst/converter.wrap_narrow_inst/gen_thread_loop[0].r_payld_fifo/cmd_fifo/gen_thread_loop[0].r_packing_boundary_reg[0][0]                        |                                                                                                                                                       |               20 |            130 |         6.50 |
|  SoC_i/zynq_ultra_ps_e_0/inst/pl_clk0 | SoC_i/axi_smc/inst/s01_entry_pipeline/s01_si_converter/inst/converter.wrap_narrow_inst/gen_thread_loop[0].r_payld_fifo/gen_srls[147].srl_nx1/push                                                      |                                                                                                                                                       |               20 |            130 |         6.50 |
|  SoC_i/zynq_ultra_ps_e_0/inst/pl_clk0 | SoC_i/axi_smc/inst/m00_exit_pipeline/m00_exit/inst/r_reg/skid_buffer[1186]_i_1_n_0                                                                                                                     |                                                                                                                                                       |               24 |            130 |         5.42 |
|  SoC_i/zynq_ultra_ps_e_0/inst/pl_clk0 | SoC_i/axi_smc/inst/m00_exit_pipeline/m00_exit/inst/r_reg/m_vector_i                                                                                                                                    |                                                                                                                                                       |               24 |            130 |         5.42 |
|  SoC_i/zynq_ultra_ps_e_0/inst/pl_clk0 | SoC_i/axi_smc/inst/s01_entry_pipeline/s01_si_converter/inst/converter.wrap_narrow_inst/r_shelf                                                                                                         |                                                                                                                                                       |               59 |            130 |         2.20 |
|  SoC_i/zynq_ultra_ps_e_0/inst/pl_clk0 | SoC_i/axi_smc/inst/s00_entry_pipeline/s00_si_converter/inst/converter.wrap_narrow_inst/r_shelf                                                                                                         |                                                                                                                                                       |               51 |            130 |         2.55 |
|  SoC_i/zynq_ultra_ps_e_0/inst/pl_clk0 | SoC_i/axi_smc/inst/s01_entry_pipeline/s01_si_converter/inst/converter.wrap_narrow_inst/w_shelve_d                                                                                                      |                                                                                                                                                       |               33 |            135 |         4.09 |
|  SoC_i/zynq_ultra_ps_e_0/inst/pl_clk0 | SoC_i/axi_smc/inst/s00_entry_pipeline/s00_si_converter/inst/converter.wrap_narrow_inst/w_shelve_d                                                                                                      |                                                                                                                                                       |               29 |            135 |         4.66 |
|  SoC_i/zynq_ultra_ps_e_0/inst/pl_clk0 | SoC_i/VPU_Top_0/inst/u_my_ip/u_axi4_mapping/u_gemv/weight_wr_data_leaf[24][31]_i_1_n_0                                                                                                                 | SoC_i/rst_ps8_0_100M/U0/peripheral_aresetn_BUFG[0]                                                                                                    |               30 |            136 |         4.53 |
|  SoC_i/zynq_ultra_ps_e_0/inst/pl_clk0 | SoC_i/axi_smc/inst/s00_nodes/s00_r_node/inst/inst_mi_handler/gen_normal_area.inst_fifo_node_payld/gen_xpm_memory_fifo.inst_fifo/gen_mem_rep[0].inst_rd_addrb/rd_addrb_incr                             | SoC_i/axi_smc/inst/s00_nodes/s00_r_node/inst/inst_mi_handler/m_sc_areset_r                                                                            |               12 |            136 |        11.33 |
|  SoC_i/zynq_ultra_ps_e_0/inst/pl_clk0 | SoC_i/VPU_Top_0/inst/u_my_ip/u_axi4_mapping/u_spu/u_spu_controller/vec_input_word_r[127]_i_1_n_0                                                                                                       | SoC_i/rst_ps8_0_100M/U0/peripheral_aresetn_BUFG[0]                                                                                                    |               22 |            136 |         6.18 |
|  SoC_i/zynq_ultra_ps_e_0/inst/pl_clk0 | SoC_i/VPU_Top_0/inst/u_my_ip/u_axi4_mapping/u_gemv/weight_wr_en_leaf214_out                                                                                                                            | SoC_i/rst_ps8_0_100M/U0/peripheral_aresetn_BUFG[0]                                                                                                    |               28 |            136 |         4.86 |
|  SoC_i/zynq_ultra_ps_e_0/inst/pl_clk0 | SoC_i/VPU_Top_0/inst/u_my_ip/u_axi4_mapping/u_spu/u_spu_controller/u_softmax/div_num_r                                                                                                                 | SoC_i/rst_ps8_0_100M/U0/peripheral_aresetn_BUFG[0]                                                                                                    |               29 |            136 |         4.69 |
|  SoC_i/zynq_ultra_ps_e_0/inst/pl_clk0 | SoC_i/axi_smc/inst/s01_nodes/s01_r_node/inst/inst_mi_handler/gen_normal_area.inst_fifo_node_payld/gen_xpm_memory_fifo.inst_fifo/gen_mem_rep[0].inst_rd_addrb/rd_addrb_incr                             | SoC_i/axi_smc/inst/s01_nodes/s01_r_node/inst/inst_mi_handler/m_sc_areset_r                                                                            |               13 |            136 |        10.46 |
|  SoC_i/zynq_ultra_ps_e_0/inst/pl_clk0 | SoC_i/VPU_Top_0/inst/u_my_ip/u_axi4_mapping/u_gemv/weight_wr_en_leaf262_out                                                                                                                            | SoC_i/rst_ps8_0_100M/U0/peripheral_aresetn_BUFG[0]                                                                                                    |               43 |            136 |         3.16 |
|  SoC_i/zynq_ultra_ps_e_0/inst/pl_clk0 | SoC_i/VPU_Top_0/inst/u_my_ip/u_axi4_mapping/u_spu/u_vpu_stream_pair_scale_accum/product_scale_hh_r                                                                                                     | SoC_i/rst_ps8_0_100M/U0/peripheral_aresetn_BUFG[0]                                                                                                    |               27 |            136 |         5.04 |
|  SoC_i/zynq_ultra_ps_e_0/inst/pl_clk0 | SoC_i/VPU_Top_0/inst/u_my_ip/u_axi4_mapping/u_spu/u_vpu_stream_scale_accum/product_scale_hh_r                                                                                                          | SoC_i/rst_ps8_0_100M/U0/peripheral_aresetn_BUFG[0]                                                                                                    |               23 |            136 |         5.91 |
|  SoC_i/zynq_ultra_ps_e_0/inst/pl_clk0 | SoC_i/VPU_Top_0/inst/u_my_ip/u_axi4_mapping/u_gemv/weight_wr_data_leaf[27][31]_i_1_n_0                                                                                                                 | SoC_i/rst_ps8_0_100M/U0/peripheral_aresetn_BUFG[0]                                                                                                    |               55 |            140 |         2.55 |
|  SoC_i/zynq_ultra_ps_e_0/inst/pl_clk0 | SoC_i/VPU_Top_0/inst/u_my_ip/u_axi4_mapping/u_gemv/weight_wr_en_leaf266_out                                                                                                                            | SoC_i/rst_ps8_0_100M/U0/peripheral_aresetn_BUFG[0]                                                                                                    |               42 |            140 |         3.33 |
|  SoC_i/zynq_ultra_ps_e_0/inst/pl_clk0 | SoC_i/VPU_Top_0/inst/u_my_ip/u_axi4_mapping/u_gemv/weight_wr_data_leaf[31][31]_i_1_n_0                                                                                                                 | SoC_i/rst_ps8_0_100M/U0/peripheral_aresetn_BUFG[0]                                                                                                    |               36 |            140 |         3.89 |
|  SoC_i/zynq_ultra_ps_e_0/inst/pl_clk0 | SoC_i/axi_smc/inst/m00_nodes/m00_r_node/inst/inst_mi_handler/gen_normal_area.inst_fifo_send/rd_addrb_incr                                                                                              | SoC_i/axi_smc/inst/m00_nodes/m00_r_node/inst/inst_mi_handler/m_sc_areset_r                                                                            |               13 |            143 |        11.00 |
|  SoC_i/zynq_ultra_ps_e_0/inst/pl_clk0 | SoC_i/axi_smc/inst/s00_entry_pipeline/s00_si_converter/inst/converter.wrap_narrow_inst/w_payld_fifo/gen_srls[223].srl_nx1/push                                                                         |                                                                                                                                                       |               20 |            144 |         7.20 |
|  SoC_i/zynq_ultra_ps_e_0/inst/pl_clk0 | SoC_i/axi_smc/inst/s01_entry_pipeline/s01_si_converter/inst/converter.wrap_narrow_inst/w_payld_fifo/gen_srls[223].srl_nx1/push                                                                         |                                                                                                                                                       |               19 |            144 |         7.58 |
|  SoC_i/zynq_ultra_ps_e_0/inst/pl_clk0 | SoC_i/VPU_Top_0/inst/u_my_ip/u_axi4_mapping/u_spu/u_spu_controller/u_rms_inv_engine/recip_rem_r[63]_i_1_n_0                                                                                            | SoC_i/rst_ps8_0_100M/U0/peripheral_aresetn_BUFG[0]                                                                                                    |               25 |            144 |         5.76 |
|  SoC_i/zynq_ultra_ps_e_0/inst/pl_clk0 | SoC_i/VPU_Top_0/inst/u_my_ip/u_axi4_mapping/u_gemv/p_1_in18_in_repN_5                                                                                                                                  | SoC_i/rst_ps8_0_100M/U0/peripheral_aresetn_BUFG[0]                                                                                                    |               50 |            144 |         2.88 |
|  SoC_i/zynq_ultra_ps_e_0/inst/pl_clk0 | SoC_i/axi_smc/inst/m00_exit_pipeline/m00_exit/inst/w_reg/m_vector_i                                                                                                                                    |                                                                                                                                                       |               25 |            145 |         5.80 |
|  SoC_i/zynq_ultra_ps_e_0/inst/pl_clk0 | SoC_i/axi_smc/inst/s01_entry_pipeline/s01_mmu/inst/w_sreg/m_vector_i                                                                                                                                   |                                                                                                                                                       |               22 |            145 |         6.59 |
|  SoC_i/zynq_ultra_ps_e_0/inst/pl_clk0 | SoC_i/axi_smc/inst/s01_entry_pipeline/s01_mmu/inst/w_sreg/skid_buffer[2064]_i_1_n_0                                                                                                                    |                                                                                                                                                       |               22 |            145 |         6.59 |
|  SoC_i/zynq_ultra_ps_e_0/inst/pl_clk0 | SoC_i/axi_smc/inst/s00_entry_pipeline/s00_mmu/inst/w_sreg/skid_buffer[2064]_i_1_n_0                                                                                                                    |                                                                                                                                                       |               24 |            145 |         6.04 |
|  SoC_i/zynq_ultra_ps_e_0/inst/pl_clk0 | SoC_i/axi_smc/inst/s00_entry_pipeline/s00_si_converter/inst/gen_normal.splitter_inst/gen_no_wsplitter.gen_endpoint_woffset.gen_wbypass_offset_fifo.wbypass_offset_fifo/E[0]                            |                                                                                                                                                       |               21 |            145 |         6.90 |
|  SoC_i/zynq_ultra_ps_e_0/inst/pl_clk0 | SoC_i/axi_smc/inst/s00_entry_pipeline/s00_mmu/inst/w_sreg/m_vector_i                                                                                                                                   |                                                                                                                                                       |               23 |            145 |         6.30 |
|  SoC_i/zynq_ultra_ps_e_0/inst/pl_clk0 | SoC_i/axi_smc/inst/m00_exit_pipeline/m00_exit/inst/w_reg/skid_buffer[2064]_i_1_n_0                                                                                                                     |                                                                                                                                                       |               25 |            145 |         5.80 |
|  SoC_i/zynq_ultra_ps_e_0/inst/pl_clk0 | SoC_i/axi_smc/inst/s01_entry_pipeline/s01_si_converter/inst/gen_normal.splitter_inst/gen_no_wsplitter.gen_endpoint_woffset.gen_wbypass_offset_fifo.wbypass_offset_fifo/gen_pipelined.state_reg[1]_0[0] |                                                                                                                                                       |               20 |            145 |         7.25 |
|  SoC_i/zynq_ultra_ps_e_0/inst/pl_clk0 | SoC_i/axi_smc/inst/s00_entry_pipeline/s00_mmu/inst/r_sreg/skid_buffer[1186]_i_1_n_0                                                                                                                    |                                                                                                                                                       |               70 |            147 |         2.10 |
|  SoC_i/zynq_ultra_ps_e_0/inst/pl_clk0 | SoC_i/VPU_Top_0/inst/u_my_ip/u_axi4_mapping/u_gemv/weight_leaf_stage_row_slot_r                                                                                                                        | SoC_i/rst_ps8_0_100M/U0/peripheral_aresetn_BUFG[0]                                                                                                    |               76 |            147 |         1.93 |
|  SoC_i/zynq_ultra_ps_e_0/inst/pl_clk0 | SoC_i/axi_smc/inst/s01_entry_pipeline/s01_mmu/inst/r_sreg/skid_buffer[1186]_i_1_n_0                                                                                                                    |                                                                                                                                                       |               75 |            147 |         1.96 |
|  SoC_i/zynq_ultra_ps_e_0/inst/pl_clk0 | SoC_i/axi_smc/inst/s01_entry_pipeline/s01_mmu/inst/r_sreg/m_vector_i                                                                                                                                   |                                                                                                                                                       |               75 |            147 |         1.96 |
|  SoC_i/zynq_ultra_ps_e_0/inst/pl_clk0 | SoC_i/axi_smc/inst/s00_entry_pipeline/s00_mmu/inst/r_sreg/m_vector_i                                                                                                                                   |                                                                                                                                                       |               69 |            147 |         2.13 |
|  SoC_i/zynq_ultra_ps_e_0/inst/pl_clk0 | SoC_i/axi_smc/inst/m00_nodes/m00_w_node/inst/inst_mi_handler/gen_normal_area.inst_fifo_node_payld/gen_xpm_memory_fifo.inst_fifo/gen_mem_rep[0].inst_rd_addrb/rd_addrb_incr                             | SoC_i/axi_smc/inst/m00_nodes/m00_w_node/inst/inst_mi_handler/m_sc_areset_r                                                                            |               14 |            151 |        10.79 |
|  SoC_i/zynq_ultra_ps_e_0/inst/pl_clk0 | SoC_i/axi_smc/inst/s01_nodes/s01_w_node/inst/inst_mi_handler/gen_normal_area.inst_fifo_node_payld/gen_xpm_memory_fifo.inst_fifo/gen_mem_rep[0].inst_rd_addrb/rd_addrb_incr                             | SoC_i/axi_smc/inst/s01_nodes/s01_w_node/inst/inst_mi_handler/m_sc_areset_r                                                                            |               15 |            154 |        10.27 |
|  SoC_i/zynq_ultra_ps_e_0/inst/pl_clk0 | SoC_i/axi_smc/inst/s00_nodes/s00_w_node/inst/inst_mi_handler/gen_normal_area.inst_fifo_node_payld/gen_xpm_memory_fifo.inst_fifo/gen_mem_rep[0].inst_rd_addrb/rd_addrb_incr                             | SoC_i/axi_smc/inst/s00_nodes/s00_w_node/inst/inst_mi_handler/m_sc_areset_r                                                                            |               14 |            154 |        11.00 |
|  SoC_i/zynq_ultra_ps_e_0/inst/pl_clk0 | SoC_i/VPU_Top_0/inst/u_my_ip/u_axi4_mapping/spu_wr_hit                                                                                                                                                 | SoC_i/rst_ps8_0_100M/U0/peripheral_aresetn_BUFG[0]                                                                                                    |               80 |            156 |         1.95 |
|  SoC_i/zynq_ultra_ps_e_0/inst/pl_clk0 | SoC_i/VPU_Top_0/inst/u_my_ip/u_axi4_mapping/core_wr_hit                                                                                                                                                | SoC_i/rst_ps8_0_100M/U0/peripheral_aresetn_BUFG[0]                                                                                                    |              100 |            159 |         1.59 |
|  SoC_i/zynq_ultra_ps_e_0/inst/pl_clk0 | SoC_i/axi_smc/inst/s01_nodes/s01_r_node/inst/inst_mi_handler/gen_normal_area.inst_fifo_node_payld/gen_xpm_memory_fifo.inst_fifo/wr_wea                                                                 |                                                                                                                                                       |               10 |            160 |        16.00 |
|  SoC_i/zynq_ultra_ps_e_0/inst/pl_clk0 | SoC_i/axi_smc/inst/s00_nodes/s00_r_node/inst/inst_mi_handler/gen_normal_area.inst_fifo_node_payld/gen_xpm_memory_fifo.inst_fifo/wr_wea                                                                 |                                                                                                                                                       |               10 |            160 |        16.00 |
|  SoC_i/zynq_ultra_ps_e_0/inst/pl_clk0 | SoC_i/VPU_Top_0/inst/u_my_ip/u_axi4_mapping/u_gemv/weight_map_base_valid_r                                                                                                                             | SoC_i/rst_ps8_0_100M/U0/peripheral_aresetn_BUFG[0]                                                                                                    |               63 |            160 |         2.54 |
|  SoC_i/zynq_ultra_ps_e_0/inst/pl_clk0 | SoC_i/VPU_Top_0/inst/u_my_ip/u_axi4_mapping/u_gemv/p_1_in18_in_repN_7                                                                                                                                  | SoC_i/rst_ps8_0_100M/U0/peripheral_aresetn_BUFG[0]                                                                                                    |               38 |            164 |         4.32 |
|  SoC_i/zynq_ultra_ps_e_0/inst/pl_clk0 | SoC_i/VPU_Top_0/inst/u_my_ip/u_axi4_mapping/u_spu/u_spu_controller/u_rms_inv_engine/sqrt_count_r[5]_i_1_n_0                                                                                            | SoC_i/rst_ps8_0_100M/U0/peripheral_aresetn_BUFG[0]                                                                                                    |               37 |            166 |         4.49 |
|  SoC_i/zynq_ultra_ps_e_0/inst/pl_clk0 | SoC_i/VPU_Top_0/inst/u_my_ip/u_axi4_mapping/u_gemv/weight_map_delta_valid_r                                                                                                                            | SoC_i/rst_ps8_0_100M/U0/peripheral_aresetn_BUFG[0]                                                                                                    |               64 |            168 |         2.62 |
|  SoC_i/zynq_ultra_ps_e_0/inst/pl_clk0 | SoC_i/VPU_Top_0/inst/u_my_ip/u_axi4_mapping/u_gemv/p_1_in18_in_repN_8                                                                                                                                  | SoC_i/rst_ps8_0_100M/U0/peripheral_aresetn_BUFG[0]                                                                                                    |               43 |            174 |         4.05 |
|  SoC_i/zynq_ultra_ps_e_0/inst/pl_clk0 | SoC_i/VPU_Top_0/inst/u_my_ip/map_wr_en_r                                                                                                                                                               | SoC_i/rst_ps8_0_100M/U0/peripheral_aresetn_BUFG[0]                                                                                                    |               91 |            176 |         1.93 |
|  SoC_i/zynq_ultra_ps_e_0/inst/pl_clk0 | SoC_i/axi_smc/inst/m00_nodes/m00_r_node/inst/inst_mi_handler/gen_normal_area.inst_fifo_node_payld/gen_xpm_memory_fifo.inst_fifo/wr_wea                                                                 |                                                                                                                                                       |               11 |            176 |        16.00 |
|  SoC_i/zynq_ultra_ps_e_0/inst/pl_clk0 | SoC_i/axi_smc/inst/m00_nodes/m00_w_node/inst/inst_mi_handler/gen_normal_area.inst_fifo_node_payld/gen_xpm_memory_fifo.inst_fifo/wr_wea                                                                 |                                                                                                                                                       |               11 |            176 |        16.00 |
|  SoC_i/zynq_ultra_ps_e_0/inst/pl_clk0 | SoC_i/VPU_Top_0/inst/u_my_ip/u_axi4_mapping/u_gemv/wr_pipe_en_r0                                                                                                                                       | SoC_i/rst_ps8_0_100M/U0/peripheral_aresetn_BUFG[0]                                                                                                    |              104 |            178 |         1.71 |
|  SoC_i/zynq_ultra_ps_e_0/inst/pl_clk0 | SoC_i/VPU_Top_0/inst/u_my_ip/u_axi4_mapping/u_gemv/weight_leaf_stage_data_r[1][127]_i_1_n_0                                                                                                            | SoC_i/rst_ps8_0_100M/U0/peripheral_aresetn_BUFG[0]                                                                                                    |              102 |            179 |         1.75 |
|  SoC_i/zynq_ultra_ps_e_0/inst/pl_clk0 | SoC_i/VPU_Top_0/inst/u_my_ip/u_axi4_mapping/u_gemv/weight_wr_en_leaf250_out                                                                                                                            | SoC_i/rst_ps8_0_100M/U0/peripheral_aresetn_BUFG[0]                                                                                                    |               54 |            180 |         3.33 |
|  SoC_i/zynq_ultra_ps_e_0/inst/pl_clk0 | SoC_i/VPU_Top_0/inst/u_my_ip/u_axi4_mapping/u_spu/u_vpu_stream8/GEN_ACCUM8[7].u_accum/product_scale_ll_r[16]_i_1__7_n_0                                                                                | SoC_i/rst_ps8_0_100M/U0/peripheral_aresetn_BUFG[0]                                                                                                    |               33 |            184 |         5.58 |
|  SoC_i/zynq_ultra_ps_e_0/inst/pl_clk0 | SoC_i/VPU_Top_0/inst/u_my_ip/u_axi4_mapping/u_spu/u_spu_controller/u_q8_scale_accum/product_scale_ll_r[16]_i_1__9_n_0                                                                                  | SoC_i/rst_ps8_0_100M/U0/peripheral_aresetn_BUFG[0]                                                                                                    |               39 |            184 |         4.72 |
|  SoC_i/zynq_ultra_ps_e_0/inst/pl_clk0 | SoC_i/VPU_Top_0/inst/u_my_ip/u_axi4_mapping/u_spu/u_vpu_stream8/GEN_ACCUM8[0].u_accum/product_scale_ll_r[16]_i_1__3_n_0                                                                                | SoC_i/rst_ps8_0_100M/U0/peripheral_aresetn_BUFG[0]                                                                                                    |               28 |            184 |         6.57 |
|  SoC_i/zynq_ultra_ps_e_0/inst/pl_clk0 | SoC_i/VPU_Top_0/inst/u_my_ip/u_axi4_mapping/u_spu/u_vpu_stream8/GEN_ACCUM8[1].u_accum/product_scale_ll_r[16]_i_1__8_n_0                                                                                | SoC_i/rst_ps8_0_100M/U0/peripheral_aresetn_BUFG[0]                                                                                                    |               31 |            184 |         5.94 |
|  SoC_i/zynq_ultra_ps_e_0/inst/pl_clk0 | SoC_i/VPU_Top_0/inst/u_my_ip/u_axi4_mapping/u_gemv/weight_div_valid_r__0[13]                                                                                                                           | SoC_i/rst_ps8_0_100M/U0/peripheral_aresetn_BUFG[0]                                                                                                    |               68 |            184 |         2.71 |
|  SoC_i/zynq_ultra_ps_e_0/inst/pl_clk0 | SoC_i/VPU_Top_0/inst/u_my_ip/u_axi4_mapping/u_spu/u_vpu_stream8/GEN_ACCUM8[5].u_accum/product_scale_ll_r[16]_i_1__5_n_0                                                                                | SoC_i/rst_ps8_0_100M/U0/peripheral_aresetn_BUFG[0]                                                                                                    |               39 |            184 |         4.72 |
|  SoC_i/zynq_ultra_ps_e_0/inst/pl_clk0 | SoC_i/axi_smc/inst/s00_nodes/s00_w_node/inst/inst_mi_handler/gen_normal_area.inst_fifo_node_payld/gen_xpm_memory_fifo.inst_fifo/wr_wea                                                                 |                                                                                                                                                       |               12 |            184 |        15.33 |
|  SoC_i/zynq_ultra_ps_e_0/inst/pl_clk0 | SoC_i/VPU_Top_0/inst/u_my_ip/u_axi4_mapping/u_spu/u_vpu_stream8/GEN_ACCUM8[6].u_accum/product_scale_ll_r[16]_i_1__6_n_0                                                                                | SoC_i/rst_ps8_0_100M/U0/peripheral_aresetn_BUFG[0]                                                                                                    |               42 |            184 |         4.38 |
|  SoC_i/zynq_ultra_ps_e_0/inst/pl_clk0 | SoC_i/VPU_Top_0/inst/u_my_ip/u_axi4_mapping/u_spu/u_vpu_stream8/GEN_ACCUM8[3].u_accum/product_scale_ll_r[16]_i_1_n_0                                                                                   | SoC_i/rst_ps8_0_100M/U0/peripheral_aresetn_BUFG[0]                                                                                                    |               33 |            184 |         5.58 |
|  SoC_i/zynq_ultra_ps_e_0/inst/pl_clk0 | SoC_i/VPU_Top_0/inst/u_my_ip/u_axi4_mapping/u_spu/u_vpu_stream8/GEN_ACCUM8[2].u_accum/product_scale_ll_r[16]_i_1__0_n_0                                                                                | SoC_i/rst_ps8_0_100M/U0/peripheral_aresetn_BUFG[0]                                                                                                    |               38 |            184 |         4.84 |
|  SoC_i/zynq_ultra_ps_e_0/inst/pl_clk0 | SoC_i/VPU_Top_0/inst/u_my_ip/u_axi4_mapping/u_spu/u_vpu_stream8/GEN_ACCUM8[4].u_accum/product_scale_ll_r[16]_i_1__4_n_0                                                                                | SoC_i/rst_ps8_0_100M/U0/peripheral_aresetn_BUFG[0]                                                                                                    |               37 |            184 |         4.97 |
|  SoC_i/zynq_ultra_ps_e_0/inst/pl_clk0 | SoC_i/axi_smc/inst/s01_nodes/s01_w_node/inst/inst_mi_handler/gen_normal_area.inst_fifo_node_payld/gen_xpm_memory_fifo.inst_fifo/wr_wea                                                                 |                                                                                                                                                       |               12 |            184 |        15.33 |
|  SoC_i/zynq_ultra_ps_e_0/inst/pl_clk0 | SoC_i/VPU_Top_0/inst/u_my_ip/w_fire                                                                                                                                                                    | SoC_i/rst_ps8_0_100M/U0/peripheral_aresetn_BUFG[0]                                                                                                    |               66 |            184 |         2.79 |
|  SoC_i/zynq_ultra_ps_e_0/inst/pl_clk0 | SoC_i/VPU_Top_0/inst/u_my_ip/u_axi4_mapping/u_spu/u_spu_controller/u_rms_inv_engine/div_count_r[6]_i_1_n_0                                                                                             | SoC_i/rst_ps8_0_100M/U0/peripheral_aresetn_BUFG[0]                                                                                                    |               43 |            199 |         4.63 |
|  SoC_i/zynq_ultra_ps_e_0/inst/pl_clk0 | SoC_i/VPU_Top_0/inst/u_my_ip/u_axi4_mapping/u_spu/u_spu_controller/u_softmax/op_r                                                                                                                      | SoC_i/rst_ps8_0_100M/U0/peripheral_aresetn_BUFG[0]                                                                                                    |               35 |            218 |         6.23 |
|  SoC_i/zynq_ultra_ps_e_0/inst/pl_clk0 | SoC_i/VPU_Top_0/inst/u_my_ip/u_axi4_mapping/u_gemv/u_pmau_quad5/result_i8_mode_r_reg_1[0]                                                                                                              | SoC_i/rst_ps8_0_100M/U0/peripheral_aresetn_BUFG[0]                                                                                                    |               44 |            224 |         5.09 |
|  SoC_i/zynq_ultra_ps_e_0/inst/pl_clk0 | SoC_i/VPU_Top_0/inst/u_my_ip/u_axi4_mapping/u_gemv/p_1_in18_in_repN_4                                                                                                                                  | SoC_i/rst_ps8_0_100M/U0/peripheral_aresetn_BUFG[0]                                                                                                    |               63 |            236 |         3.75 |
|  SoC_i/zynq_ultra_ps_e_0/inst/pl_clk0 | SoC_i/VPU_Top_0/inst/u_my_ip/u_axi4_mapping/u_gemv/u_pmau_quad6/mult_valid_pipe_reg[3]__0                                                                                                              | SoC_i/rst_ps8_0_100M/U0/peripheral_aresetn_BUFG[0]                                                                                                    |               50 |            256 |         5.12 |
|  SoC_i/zynq_ultra_ps_e_0/inst/pl_clk0 | SoC_i/VPU_Top_0/inst/u_my_ip/u_axi4_mapping/u_gemv/u_pmau_quad3/mult_valid_pipe_reg[3]__0                                                                                                              | SoC_i/rst_ps8_0_100M/U0/peripheral_aresetn_BUFG[0]                                                                                                    |               36 |            256 |         7.11 |
|  SoC_i/zynq_ultra_ps_e_0/inst/pl_clk0 | SoC_i/VPU_Top_0/inst/u_my_ip/u_axi4_mapping/u_gemv/u_pmau/mult_valid_pipe_reg[3]__0                                                                                                                    | SoC_i/rst_ps8_0_100M/U0/peripheral_aresetn_BUFG[0]                                                                                                    |               62 |            256 |         4.13 |
|  SoC_i/zynq_ultra_ps_e_0/inst/pl_clk0 | SoC_i/VPU_Top_0/inst/u_my_ip/u_axi4_mapping/u_gemv/u_pmau_pair/mult_valid_pipe_reg[3]__0                                                                                                               | SoC_i/rst_ps8_0_100M/U0/peripheral_aresetn_BUFG[0]                                                                                                    |               55 |            256 |         4.65 |
|  SoC_i/zynq_ultra_ps_e_0/inst/pl_clk0 | SoC_i/VPU_Top_0/inst/u_my_ip/u_axi4_mapping/u_gemv/u_pmau_quad2/mult_valid_pipe_reg[3]__0                                                                                                              | SoC_i/rst_ps8_0_100M/U0/peripheral_aresetn_BUFG[0]                                                                                                    |               41 |            256 |         6.24 |
|  SoC_i/zynq_ultra_ps_e_0/inst/pl_clk0 | SoC_i/VPU_Top_0/inst/u_my_ip/u_axi4_mapping/u_gemv/u_pmau_quad4/mult_valid_pipe_reg[3]__0                                                                                                              | SoC_i/rst_ps8_0_100M/U0/peripheral_aresetn_BUFG[0]                                                                                                    |               45 |            256 |         5.69 |
|  SoC_i/zynq_ultra_ps_e_0/inst/pl_clk0 | SoC_i/VPU_Top_0/inst/u_my_ip/u_axi4_mapping/u_gemv/raw_lane_result_index_r                                                                                                                             | SoC_i/rst_ps8_0_100M/U0/peripheral_aresetn_BUFG[0]                                                                                                    |               71 |            256 |         3.61 |
|  SoC_i/zynq_ultra_ps_e_0/inst/pl_clk0 | SoC_i/VPU_Top_0/inst/u_my_ip/u_axi4_mapping/u_gemv/u_pmau_quad5/mult_valid_pipe_reg[3]__0                                                                                                              | SoC_i/rst_ps8_0_100M/U0/peripheral_aresetn_BUFG[0]                                                                                                    |               49 |            256 |         5.22 |
|  SoC_i/zynq_ultra_ps_e_0/inst/pl_clk0 | SoC_i/VPU_Top_0/inst/u_my_ip/u_axi4_mapping/u_gemv/u_pmau_quad7/mult_valid_pipe_reg[3]__0                                                                                                              | SoC_i/rst_ps8_0_100M/U0/peripheral_aresetn_BUFG[0]                                                                                                    |               56 |            256 |         4.57 |
|  SoC_i/zynq_ultra_ps_e_0/inst/pl_clk0 | SoC_i/VPU_Top_0/inst/u_my_ip/u_axi4_mapping/u_spu/u_spu_controller/u_rmsnorm/input_word_r                                                                                                              | SoC_i/rst_ps8_0_100M/U0/peripheral_aresetn_BUFG[0]                                                                                                    |               35 |            264 |         7.54 |
|  SoC_i/zynq_ultra_ps_e_0/inst/pl_clk0 | SoC_i/VPU_Top_0/inst/u_my_ip/u_axi4_mapping/u_spu/u_spu_controller/u_silu_mul/gate_word_r                                                                                                              | SoC_i/rst_ps8_0_100M/U0/peripheral_aresetn_BUFG[0]                                                                                                    |               37 |            264 |         7.14 |
|  SoC_i/zynq_ultra_ps_e_0/inst/pl_clk0 | SoC_i/VPU_Top_0/inst/u_my_ip/u_axi4_mapping/u_spu/u_spu_controller/u_rope/input_word_r                                                                                                                 | SoC_i/rst_ps8_0_100M/U0/peripheral_aresetn_BUFG[0]                                                                                                    |               63 |            264 |         4.19 |
|  SoC_i/zynq_ultra_ps_e_0/inst/pl_clk0 | SoC_i/VPU_Top_0/inst/u_my_ip/u_axi4_mapping/u_spu/u_vpu_stream8/prefetch_rsp_mem0_data_r                                                                                                               | SoC_i/VPU_Top_0/inst/u_my_ip/u_axi4_mapping/u_spu/u_vpu_stream8/spu_soft_reset_r_reg                                                                  |               68 |            265 |         3.90 |
|  SoC_i/zynq_ultra_ps_e_0/inst/pl_clk0 |                                                                                                                                                                                                        | SoC_i/VPU_Top_0/inst/u_my_ip/u_axi4_mapping/u_spu/u_vpu_stream8/spu_soft_reset_r_reg                                                                  |              174 |            354 |         2.03 |
|  SoC_i/zynq_ultra_ps_e_0/inst/pl_clk0 | SoC_i/VPU_Top_0/inst/u_my_ip/u_axi4_mapping/u_spu/u_vpu_stream8/read_rsp_mem0_data_r                                                                                                                   | SoC_i/VPU_Top_0/inst/u_my_ip/u_axi4_mapping/u_spu/u_vpu_stream8/spu_soft_reset_r_reg                                                                  |              100 |            393 |         3.93 |
|  SoC_i/zynq_ultra_ps_e_0/inst/pl_clk0 | SoC_i/VPU_Top_0/inst/u_my_ip/u_axi4_mapping/u_spu/u_vpu_stream8/fifo_lane_valid[0][7]_i_1_n_0                                                                                                          | SoC_i/VPU_Top_0/inst/u_my_ip/u_axi4_mapping/u_spu/u_vpu_stream8/spu_soft_reset_r_reg                                                                  |               90 |            398 |         4.42 |
|  SoC_i/zynq_ultra_ps_e_0/inst/pl_clk0 | SoC_i/VPU_Top_0/inst/u_my_ip/u_axi4_mapping/u_spu/u_vpu_stream8/row_r                                                                                                                                  | SoC_i/VPU_Top_0/inst/u_my_ip/u_axi4_mapping/u_spu/u_vpu_stream8/spu_soft_reset_r_reg                                                                  |              140 |            511 |         3.65 |
|  SoC_i/zynq_ultra_ps_e_0/inst/pl_clk0 | SoC_i/VPU_Top_0/inst/u_my_ip/u_axi4_mapping/u_spu/u_spu_controller/u_quantize_q8_0/values_r                                                                                                            | SoC_i/rst_ps8_0_100M/U0/peripheral_aresetn_BUFG[0]                                                                                                    |               69 |            512 |         7.42 |
|  SoC_i/zynq_ultra_ps_e_0/inst/pl_clk0 | SoC_i/VPU_Top_0/inst/u_my_ip/u_axi4_mapping/u_spu/u_vpu_stream8/fifo_scale_word_index[3][239]_i_1_n_0                                                                                                  | SoC_i/VPU_Top_0/inst/u_my_ip/u_axi4_mapping/u_spu/u_vpu_stream8/spu_soft_reset_r_reg                                                                  |              121 |            526 |         4.35 |
|  SoC_i/zynq_ultra_ps_e_0/inst/pl_clk0 | SoC_i/VPU_Top_0/inst/u_my_ip/u_axi4_mapping/u_spu/u_vpu_stream8/fifo_scale_word_index[2][239]_i_1_n_0                                                                                                  | SoC_i/VPU_Top_0/inst/u_my_ip/u_axi4_mapping/u_spu/u_vpu_stream8/spu_soft_reset_r_reg                                                                  |              123 |            526 |         4.28 |
|  SoC_i/zynq_ultra_ps_e_0/inst/pl_clk0 | SoC_i/VPU_Top_0/inst/u_my_ip/u_axi4_mapping/u_spu/u_vpu_stream8/fifo_scale_word_index[1][239]_i_1_n_0                                                                                                  | SoC_i/VPU_Top_0/inst/u_my_ip/u_axi4_mapping/u_spu/u_vpu_stream8/spu_soft_reset_r_reg                                                                  |              113 |            526 |         4.65 |
|  SoC_i/zynq_ultra_ps_e_0/inst/pl_clk0 | SoC_i/VPU_Top_0/inst/u_my_ip/u_axi4_mapping/u_spu/u_vpu_stream8/fifo_prefetch_pop                                                                                                                      | SoC_i/VPU_Top_0/inst/u_my_ip/u_axi4_mapping/u_spu/u_vpu_stream8/spu_soft_reset_r_reg                                                                  |              131 |            533 |         4.07 |
|  SoC_i/zynq_ultra_ps_e_0/inst/pl_clk0 | SoC_i/VPU_Top_0/inst/u_my_ip/u_axi4_mapping/u_gemv/u_pmau_quad5/result_i8_mode_r_reg                                                                                                                   | SoC_i/rst_ps8_0_100M/U0/peripheral_aresetn_BUFG[0]                                                                                                    |              106 |            696 |         6.57 |
|  SoC_i/zynq_ultra_ps_e_0/inst/pl_clk0 | SoC_i/VPU_Top_0/inst/u_my_ip/u_axi4_mapping/u_gemv/u_pmau_quad7/read_valid_x_r_reg[0]                                                                                                                  | SoC_i/rst_ps8_0_100M/U0/peripheral_aresetn_BUFG[0]                                                                                                    |              661 |           1152 |         1.74 |
|  SoC_i/zynq_ultra_ps_e_0/inst/pl_clk0 |                                                                                                                                                                                                        |                                                                                                                                                       |              266 |           1342 |         5.05 |
|  SoC_i/zynq_ultra_ps_e_0/inst/pl_clk0 |                                                                                                                                                                                                        | SoC_i/rst_ps8_0_100M/U0/peripheral_aresetn_BUFG[0]                                                                                                    |             1326 |           6168 |         4.65 |
+---------------------------------------+--------------------------------------------------------------------------------------------------------------------------------------------------------------------------------------------------------+-------------------------------------------------------------------------------------------------------------------------------------------------------+------------------+----------------+--------------+


