Copyright 1986-2022 Xilinx, Inc. All Rights Reserved.
-----------------------------------------------------------------------------------------------------------------------------------------------------------------------------------------------------------------------------------
| Tool Version      : Vivado v.2022.2 (win64) Build 3671981 Fri Oct 14 05:00:03 MDT 2022
| Date              : Sun Aug 23 20:51:26 2026
| Host              : Cuong-Desktop running 64-bit major release  (build 9200)
| Command           : report_timing_summary -max_paths 10 -report_unconstrained -file SoC_wrapper_timing_summary_routed.rpt -pb SoC_wrapper_timing_summary_routed.pb -rpx SoC_wrapper_timing_summary_routed.rpx -warn_on_violation
| Design            : SoC_wrapper
| Device            : xczu7ev-ffvc1156
| Speed File        : -2  PRODUCTION 1.30 05-15-2022
| Temperature Grade : E
-----------------------------------------------------------------------------------------------------------------------------------------------------------------------------------------------------------------------------------

Timing Summary Report

------------------------------------------------------------------------------------------------
| Timer Settings
| --------------
------------------------------------------------------------------------------------------------

  Enable Multi Corner Analysis               :  Yes
  Enable Pessimism Removal                   :  Yes
  Pessimism Removal Resolution               :  Nearest Common Node
  Enable Input Delay Default Clock           :  No
  Enable Preset / Clear Arcs                 :  No
  Disable Flight Delays                      :  No
  Ignore I/O Paths                           :  No
  Timing Early Launch at Borrowing Latches   :  No
  Borrow Time for Max Delay Exceptions       :  Yes
  Merge Timing Exceptions                    :  Yes

  Corner  Analyze    Analyze    
  Name    Max Paths  Min Paths  
  ------  ---------  ---------  
  Slow    Yes        Yes        
  Fast    Yes        Yes        


------------------------------------------------------------------------------------------------
| Report Methodology
| ------------------
------------------------------------------------------------------------------------------------

No report available as report_methodology has not been run prior. Run report_methodology on the current design for the summary of methodology violations.



check_timing report

Table of Contents
-----------------
1. checking no_clock (0)
2. checking constant_clock (0)
3. checking pulse_width_clock (0)
4. checking unconstrained_internal_endpoints (0)
5. checking no_input_delay (0)
6. checking no_output_delay (0)
7. checking multiple_clock (0)
8. checking generated_clocks (0)
9. checking loops (0)
10. checking partial_input_delay (0)
11. checking partial_output_delay (0)
12. checking latch_loops (0)

1. checking no_clock (0)
------------------------
 There are 0 register/latch pins with no clock.


2. checking constant_clock (0)
------------------------------
 There are 0 register/latch pins with constant_clock.


3. checking pulse_width_clock (0)
---------------------------------
 There are 0 register/latch pins which need pulse_width check


4. checking unconstrained_internal_endpoints (0)
------------------------------------------------
 There are 0 pins that are not constrained for maximum delay.

 There are 0 pins that are not constrained for maximum delay due to constant clock.


5. checking no_input_delay (0)
------------------------------
 There are 0 input ports with no input delay specified.

 There are 0 input ports with no input delay but user has a false path constraint.


6. checking no_output_delay (0)
-------------------------------
 There are 0 ports with no output delay specified.

 There are 0 ports with no output delay but user has a false path constraint

 There are 0 ports with no output delay but with a timing clock defined on it or propagating through it


7. checking multiple_clock (0)
------------------------------
 There are 0 register/latch pins with multiple clocks.


8. checking generated_clocks (0)
--------------------------------
 There are 0 generated clocks that are not connected to a clock source.


9. checking loops (0)
---------------------
 There are 0 combinational loops in the design.


10. checking partial_input_delay (0)
------------------------------------
 There are 0 input ports with partial input delay specified.


11. checking partial_output_delay (0)
-------------------------------------
 There are 0 ports with partial output delay specified.


12. checking latch_loops (0)
----------------------------
 There are 0 combinational latch loops in the design through latch input



------------------------------------------------------------------------------------------------
| Design Timing Summary
| ---------------------
------------------------------------------------------------------------------------------------

    WNS(ns)      TNS(ns)  TNS Failing Endpoints  TNS Total Endpoints      WHS(ns)      THS(ns)  THS Failing Endpoints  THS Total Endpoints     WPWS(ns)     TPWS(ns)  TPWS Failing Endpoints  TPWS Total Endpoints  
    -------      -------  ---------------------  -------------------      -------      -------  ---------------------  -------------------     --------     --------  ----------------------  --------------------  
      0.061        0.000                      0               193812        0.009        0.000                      0               193812        0.500        0.000                       0                 51385  


All user specified timing constraints are met.


------------------------------------------------------------------------------------------------
| Clock Summary
| -------------
------------------------------------------------------------------------------------------------

Clock     Waveform(ns)         Period(ns)      Frequency(MHz)
-----     ------------         ----------      --------------
clk_pl_0  {0.000 2.000}        4.000           250.000         


------------------------------------------------------------------------------------------------
| Intra Clock Table
| -----------------
------------------------------------------------------------------------------------------------

Clock             WNS(ns)      TNS(ns)  TNS Failing Endpoints  TNS Total Endpoints      WHS(ns)      THS(ns)  THS Failing Endpoints  THS Total Endpoints     WPWS(ns)     TPWS(ns)  TPWS Failing Endpoints  TPWS Total Endpoints  
-----             -------      -------  ---------------------  -------------------      -------      -------  ---------------------  -------------------     --------     --------  ----------------------  --------------------  
clk_pl_0            0.061        0.000                      0               193812        0.009        0.000                      0               193812        0.500        0.000                       0                 51385  


------------------------------------------------------------------------------------------------
| Inter Clock Table
| -----------------
------------------------------------------------------------------------------------------------

From Clock    To Clock          WNS(ns)      TNS(ns)  TNS Failing Endpoints  TNS Total Endpoints      WHS(ns)      THS(ns)  THS Failing Endpoints  THS Total Endpoints  
----------    --------          -------      -------  ---------------------  -------------------      -------      -------  ---------------------  -------------------  


------------------------------------------------------------------------------------------------
| Other Path Groups Table
| -----------------------
------------------------------------------------------------------------------------------------

Path Group    From Clock    To Clock          WNS(ns)      TNS(ns)  TNS Failing Endpoints  TNS Total Endpoints      WHS(ns)      THS(ns)  THS Failing Endpoints  THS Total Endpoints  
----------    ----------    --------          -------      -------  ---------------------  -------------------      -------      -------  ---------------------  -------------------  


------------------------------------------------------------------------------------------------
| User Ignored Path Table
| -----------------------
------------------------------------------------------------------------------------------------

Path Group    From Clock    To Clock    
----------    ----------    --------    
(none)                      clk_pl_0      
(none)        clk_pl_0      clk_pl_0      


------------------------------------------------------------------------------------------------
| Unconstrained Path Table
| ------------------------
------------------------------------------------------------------------------------------------

Path Group    From Clock    To Clock    
----------    ----------    --------    
(none)                      clk_pl_0      


------------------------------------------------------------------------------------------------
| Timing Details
| --------------
------------------------------------------------------------------------------------------------


---------------------------------------------------------------------------------------------------
From Clock:  clk_pl_0
  To Clock:  clk_pl_0

Setup :            0  Failing Endpoints,  Worst Slack        0.061ns,  Total Violation        0.000ns
Hold  :            0  Failing Endpoints,  Worst Slack        0.009ns,  Total Violation        0.000ns
PW    :            0  Failing Endpoints,  Worst Slack        0.500ns,  Total Violation        0.000ns
---------------------------------------------------------------------------------------------------


Max Delay Paths
--------------------------------------------------------------------------------------
Slack (MET) :             0.061ns  (required time - arrival time)
  Source:                 SoC_i/VPU_Top_0/inst/u_my_ip/u_axi4_mapping/u_gemv/GEN_WEIGHT_TOP_BANK[1].GEN_WEIGHT_BANK[0].GEN_WEIGHT_ROW_SLOT[0].u_weight_bram_bank/GEN_ULTRA_RAM.u_xpm_ultra_ram/xpm_memory_base_inst/gen_wr_a.gen_word_narrow_wp.mem_reg_uram_0/CLK
                            (rising edge-triggered cell URAM288 clocked by clk_pl_0  {rise@0.000ns fall@2.000ns period=4.000ns})
  Destination:            SoC_i/VPU_Top_0/inst/u_my_ip/u_axi4_mapping/u_gemv/weight_quad7_pmau_data_reg[19]/D
                            (rising edge-triggered cell FDRE clocked by clk_pl_0  {rise@0.000ns fall@2.000ns period=4.000ns})
  Path Group:             clk_pl_0
  Path Type:              Setup (Max at Slow Process Corner)
  Requirement:            4.000ns  (clk_pl_0 rise@4.000ns - clk_pl_0 rise@0.000ns)
  Data Path Delay:        3.713ns  (logic 0.919ns (24.751%)  route 2.794ns (75.249%))
  Logic Levels:           3  (LUT6=1 MUXF7=1 MUXF8=1)
  Clock Path Skew:        -0.145ns (DCD - SCD + CPR)
    Destination Clock Delay (DCD):    1.501ns = ( 5.501 - 4.000 ) 
    Source Clock Delay      (SCD):    1.715ns
    Clock Pessimism Removal (CPR):    0.069ns
  Clock Uncertainty:      0.106ns  ((TSJ^2 + DJ^2)^1/2) / 2 + PE
    Total System Jitter     (TSJ):    0.071ns
    Discrete Jitter          (DJ):    0.201ns
    Phase Error              (PE):    0.000ns
  Clock Net Delay (Source):      1.507ns (routing 0.278ns, distribution 1.229ns)
  Clock Net Delay (Destination): 1.333ns (routing 0.249ns, distribution 1.084ns)

    Location             Delay type                Incr(ns)  Path(ns)    Netlist Resource(s)
  -------------------------------------------------------------------    -------------------
                         (clock clk_pl_0 rise edge)
                                                      0.000     0.000 r  
    PS8_X0Y0             PS8                          0.000     0.000 r  SoC_i/zynq_ultra_ps_e_0/inst/PS8_i/PLCLK[0]
                         net (fo=1, routed)           0.180     0.180    SoC_i/zynq_ultra_ps_e_0/inst/pl_clk_unbuffered[0]
    BUFG_PS_X0Y88        BUFG_PS (Prop_BUFG_PS_I_O)
                                                      0.028     0.208 r  SoC_i/zynq_ultra_ps_e_0/inst/buffer_pl_clk_0.PL_CLK_0_BUFG/O
    X1Y3 (CLOCK_ROOT)    net (fo=52634, routed)       1.507     1.715    SoC_i/VPU_Top_0/inst/u_my_ip/u_axi4_mapping/u_gemv/GEN_WEIGHT_TOP_BANK[1].GEN_WEIGHT_BANK[0].GEN_WEIGHT_ROW_SLOT[0].u_weight_bram_bank/GEN_ULTRA_RAM.u_xpm_ultra_ram/xpm_memory_base_inst/clka
    URAM288_X0Y54        URAM288                                      r  SoC_i/VPU_Top_0/inst/u_my_ip/u_axi4_mapping/u_gemv/GEN_WEIGHT_TOP_BANK[1].GEN_WEIGHT_BANK[0].GEN_WEIGHT_ROW_SLOT[0].u_weight_bram_bank/GEN_ULTRA_RAM.u_xpm_ultra_ram/xpm_memory_base_inst/gen_wr_a.gen_word_narrow_wp.mem_reg_uram_0/CLK
  -------------------------------------------------------------------    -------------------
    URAM288_X0Y54        URAM288 (Prop_URAM_288K_INST_URAM288_CLK_DOUT_A[19])
                                                      0.713     2.428 r  SoC_i/VPU_Top_0/inst/u_my_ip/u_axi4_mapping/u_gemv/GEN_WEIGHT_TOP_BANK[1].GEN_WEIGHT_BANK[0].GEN_WEIGHT_ROW_SLOT[0].u_weight_bram_bank/GEN_ULTRA_RAM.u_xpm_ultra_ram/xpm_memory_base_inst/gen_wr_a.gen_word_narrow_wp.mem_reg_uram_0/DOUT_A[19]
                         net (fo=5, routed)           2.751     5.179    SoC_i/VPU_Top_0/inst/u_my_ip/u_axi4_mapping/u_gemv/GEN_WEIGHT_TOP_BANK[1].GEN_WEIGHT_BANK[0].GEN_WEIGHT_ROW_SLOT[3].u_weight_bram_bank/weight_quad5_pmau_data_reg[31]_0[19]
    SLICE_X60Y286        LUT6 (Prop_B6LUT_SLICEL_I5_O)
                                                      0.124     5.303 r  SoC_i/VPU_Top_0/inst/u_my_ip/u_axi4_mapping/u_gemv/GEN_WEIGHT_TOP_BANK[1].GEN_WEIGHT_BANK[0].GEN_WEIGHT_ROW_SLOT[3].u_weight_bram_bank/weight_quad7_pmau_data[19]_i_6/O
                         net (fo=1, routed)           0.009     5.312    SoC_i/VPU_Top_0/inst/u_my_ip/u_axi4_mapping/u_gemv/GEN_WEIGHT_TOP_BANK[1].GEN_WEIGHT_BANK[0].GEN_WEIGHT_ROW_SLOT[3].u_weight_bram_bank/weight_quad7_pmau_data[19]_i_6_n_0
    SLICE_X60Y286        MUXF7 (Prop_F7MUX_AB_SLICEL_I0_O)
                                                      0.056     5.368 r  SoC_i/VPU_Top_0/inst/u_my_ip/u_axi4_mapping/u_gemv/GEN_WEIGHT_TOP_BANK[1].GEN_WEIGHT_BANK[0].GEN_WEIGHT_ROW_SLOT[3].u_weight_bram_bank/weight_quad7_pmau_data_reg[19]_i_3/O
                         net (fo=1, routed)           0.000     5.368    SoC_i/VPU_Top_0/inst/u_my_ip/u_axi4_mapping/u_gemv/GEN_WEIGHT_TOP_BANK[0].GEN_WEIGHT_BANK[0].GEN_WEIGHT_ROW_SLOT[3].u_weight_bram_bank/weight_quad7_pmau_data_reg[19]
    SLICE_X60Y286        MUXF8 (Prop_F8MUX_BOT_SLICEL_I1_O)
                                                      0.026     5.394 r  SoC_i/VPU_Top_0/inst/u_my_ip/u_axi4_mapping/u_gemv/GEN_WEIGHT_TOP_BANK[0].GEN_WEIGHT_BANK[0].GEN_WEIGHT_ROW_SLOT[3].u_weight_bram_bank/weight_quad7_pmau_data_reg[19]_i_1/O
                         net (fo=1, routed)           0.034     5.428    SoC_i/VPU_Top_0/inst/u_my_ip/u_axi4_mapping/u_gemv/weight_quad7_compute_data[19]
    SLICE_X60Y286        FDRE                                         r  SoC_i/VPU_Top_0/inst/u_my_ip/u_axi4_mapping/u_gemv/weight_quad7_pmau_data_reg[19]/D
  -------------------------------------------------------------------    -------------------

                         (clock clk_pl_0 rise edge)
                                                      4.000     4.000 r  
    PS8_X0Y0             PS8                          0.000     4.000 r  SoC_i/zynq_ultra_ps_e_0/inst/PS8_i/PLCLK[0]
                         net (fo=1, routed)           0.143     4.143    SoC_i/zynq_ultra_ps_e_0/inst/pl_clk_unbuffered[0]
    BUFG_PS_X0Y88        BUFG_PS (Prop_BUFG_PS_I_O)
                                                      0.025     4.168 r  SoC_i/zynq_ultra_ps_e_0/inst/buffer_pl_clk_0.PL_CLK_0_BUFG/O
    X1Y3 (CLOCK_ROOT)    net (fo=52634, routed)       1.333     5.501    SoC_i/VPU_Top_0/inst/u_my_ip/u_axi4_mapping/u_gemv/s00_axi_aclk
    SLICE_X60Y286        FDRE                                         r  SoC_i/VPU_Top_0/inst/u_my_ip/u_axi4_mapping/u_gemv/weight_quad7_pmau_data_reg[19]/C
                         clock pessimism              0.069     5.570    
                         clock uncertainty           -0.106     5.464    
    SLICE_X60Y286        FDRE (Setup_CFF_SLICEL_C_D)
                                                      0.025     5.489    SoC_i/VPU_Top_0/inst/u_my_ip/u_axi4_mapping/u_gemv/weight_quad7_pmau_data_reg[19]
  -------------------------------------------------------------------
                         required time                          5.489    
                         arrival time                          -5.428    
  -------------------------------------------------------------------
                         slack                                  0.061    

Slack (MET) :             0.083ns  (required time - arrival time)
  Source:                 SoC_i/VPU_Top_0/inst/u_my_ip/u_axi4_mapping/u_gemv/GEN_WEIGHT_TOP_BANK[1].GEN_WEIGHT_BANK[1].GEN_WEIGHT_ROW_SLOT[7].u_weight_bram_bank/GEN_ULTRA_RAM.u_xpm_ultra_ram/xpm_memory_base_inst/gen_wr_a.gen_word_narrow_wp.mem_reg_uram_0/CLK
                            (rising edge-triggered cell URAM288 clocked by clk_pl_0  {rise@0.000ns fall@2.000ns period=4.000ns})
  Destination:            SoC_i/VPU_Top_0/inst/u_my_ip/u_axi4_mapping/u_gemv/weight_quad6_pmau_data_reg[44]/D
                            (rising edge-triggered cell FDRE clocked by clk_pl_0  {rise@0.000ns fall@2.000ns period=4.000ns})
  Path Group:             clk_pl_0
  Path Type:              Setup (Max at Slow Process Corner)
  Requirement:            4.000ns  (clk_pl_0 rise@4.000ns - clk_pl_0 rise@0.000ns)
  Data Path Delay:        3.664ns  (logic 0.852ns (23.254%)  route 2.812ns (76.746%))
  Logic Levels:           3  (LUT6=1 MUXF7=1 MUXF8=1)
  Clock Path Skew:        -0.171ns (DCD - SCD + CPR)
    Destination Clock Delay (DCD):    1.520ns = ( 5.520 - 4.000 ) 
    Source Clock Delay      (SCD):    1.760ns
    Clock Pessimism Removal (CPR):    0.069ns
  Clock Uncertainty:      0.106ns  ((TSJ^2 + DJ^2)^1/2) / 2 + PE
    Total System Jitter     (TSJ):    0.071ns
    Discrete Jitter          (DJ):    0.201ns
    Phase Error              (PE):    0.000ns
  Clock Net Delay (Source):      1.552ns (routing 0.278ns, distribution 1.274ns)
  Clock Net Delay (Destination): 1.352ns (routing 0.249ns, distribution 1.103ns)

    Location             Delay type                Incr(ns)  Path(ns)    Netlist Resource(s)
  -------------------------------------------------------------------    -------------------
                         (clock clk_pl_0 rise edge)
                                                      0.000     0.000 r  
    PS8_X0Y0             PS8                          0.000     0.000 r  SoC_i/zynq_ultra_ps_e_0/inst/PS8_i/PLCLK[0]
                         net (fo=1, routed)           0.180     0.180    SoC_i/zynq_ultra_ps_e_0/inst/pl_clk_unbuffered[0]
    BUFG_PS_X0Y88        BUFG_PS (Prop_BUFG_PS_I_O)
                                                      0.028     0.208 r  SoC_i/zynq_ultra_ps_e_0/inst/buffer_pl_clk_0.PL_CLK_0_BUFG/O
    X1Y3 (CLOCK_ROOT)    net (fo=52634, routed)       1.552     1.760    SoC_i/VPU_Top_0/inst/u_my_ip/u_axi4_mapping/u_gemv/GEN_WEIGHT_TOP_BANK[1].GEN_WEIGHT_BANK[1].GEN_WEIGHT_ROW_SLOT[7].u_weight_bram_bank/GEN_ULTRA_RAM.u_xpm_ultra_ram/xpm_memory_base_inst/clka
    URAM288_X0Y35        URAM288                                      r  SoC_i/VPU_Top_0/inst/u_my_ip/u_axi4_mapping/u_gemv/GEN_WEIGHT_TOP_BANK[1].GEN_WEIGHT_BANK[1].GEN_WEIGHT_ROW_SLOT[7].u_weight_bram_bank/GEN_ULTRA_RAM.u_xpm_ultra_ram/xpm_memory_base_inst/gen_wr_a.gen_word_narrow_wp.mem_reg_uram_0/CLK
  -------------------------------------------------------------------    -------------------
    URAM288_X0Y35        URAM288 (Prop_URAM_288K_INST_URAM288_CLK_DOUT_A[12])
                                                      0.728     2.488 r  SoC_i/VPU_Top_0/inst/u_my_ip/u_axi4_mapping/u_gemv/GEN_WEIGHT_TOP_BANK[1].GEN_WEIGHT_BANK[1].GEN_WEIGHT_ROW_SLOT[7].u_weight_bram_bank/GEN_ULTRA_RAM.u_xpm_ultra_ram/xpm_memory_base_inst/gen_wr_a.gen_word_narrow_wp.mem_reg_uram_0/DOUT_A[12]
                         net (fo=8, routed)           2.762     5.250    SoC_i/VPU_Top_0/inst/u_my_ip/u_axi4_mapping/u_gemv/GEN_WEIGHT_TOP_BANK[1].GEN_WEIGHT_BANK[1].GEN_WEIGHT_ROW_SLOT[7].u_weight_bram_bank/GEN_ULTRA_RAM.u_xpm_ultra_ram_n_19
    SLICE_X54Y293        LUT6 (Prop_A6LUT_SLICEM_I0_O)
                                                      0.038     5.288 r  SoC_i/VPU_Top_0/inst/u_my_ip/u_axi4_mapping/u_gemv/GEN_WEIGHT_TOP_BANK[1].GEN_WEIGHT_BANK[1].GEN_WEIGHT_ROW_SLOT[7].u_weight_bram_bank/weight_quad6_pmau_data[44]_i_7/O
                         net (fo=1, routed)           0.011     5.299    SoC_i/VPU_Top_0/inst/u_my_ip/u_axi4_mapping/u_gemv/GEN_WEIGHT_TOP_BANK[1].GEN_WEIGHT_BANK[1].GEN_WEIGHT_ROW_SLOT[3].u_weight_bram_bank/weight_quad6_pmau_data_reg[44]
    SLICE_X54Y293        MUXF7 (Prop_F7MUX_AB_SLICEM_I1_O)
                                                      0.058     5.357 r  SoC_i/VPU_Top_0/inst/u_my_ip/u_axi4_mapping/u_gemv/GEN_WEIGHT_TOP_BANK[1].GEN_WEIGHT_BANK[1].GEN_WEIGHT_ROW_SLOT[3].u_weight_bram_bank/weight_quad6_pmau_data_reg[44]_i_3/O
                         net (fo=1, routed)           0.000     5.357    SoC_i/VPU_Top_0/inst/u_my_ip/u_axi4_mapping/u_gemv/GEN_WEIGHT_TOP_BANK[0].GEN_WEIGHT_BANK[1].GEN_WEIGHT_ROW_SLOT[3].u_weight_bram_bank/weight_quad6_pmau_data_reg[44]
    SLICE_X54Y293        MUXF8 (Prop_F8MUX_BOT_SLICEM_I1_O)
                                                      0.028     5.385 r  SoC_i/VPU_Top_0/inst/u_my_ip/u_axi4_mapping/u_gemv/GEN_WEIGHT_TOP_BANK[0].GEN_WEIGHT_BANK[1].GEN_WEIGHT_ROW_SLOT[3].u_weight_bram_bank/weight_quad6_pmau_data_reg[44]_i_1/O
                         net (fo=1, routed)           0.039     5.424    SoC_i/VPU_Top_0/inst/u_my_ip/u_axi4_mapping/u_gemv/weight_quad6_compute_data[44]
    SLICE_X54Y293        FDRE                                         r  SoC_i/VPU_Top_0/inst/u_my_ip/u_axi4_mapping/u_gemv/weight_quad6_pmau_data_reg[44]/D
  -------------------------------------------------------------------    -------------------

                         (clock clk_pl_0 rise edge)
                                                      4.000     4.000 r  
    PS8_X0Y0             PS8                          0.000     4.000 r  SoC_i/zynq_ultra_ps_e_0/inst/PS8_i/PLCLK[0]
                         net (fo=1, routed)           0.143     4.143    SoC_i/zynq_ultra_ps_e_0/inst/pl_clk_unbuffered[0]
    BUFG_PS_X0Y88        BUFG_PS (Prop_BUFG_PS_I_O)
                                                      0.025     4.168 r  SoC_i/zynq_ultra_ps_e_0/inst/buffer_pl_clk_0.PL_CLK_0_BUFG/O
    X1Y3 (CLOCK_ROOT)    net (fo=52634, routed)       1.352     5.520    SoC_i/VPU_Top_0/inst/u_my_ip/u_axi4_mapping/u_gemv/s00_axi_aclk
    SLICE_X54Y293        FDRE                                         r  SoC_i/VPU_Top_0/inst/u_my_ip/u_axi4_mapping/u_gemv/weight_quad6_pmau_data_reg[44]/C
                         clock pessimism              0.069     5.589    
                         clock uncertainty           -0.106     5.482    
    SLICE_X54Y293        FDRE (Setup_CFF_SLICEM_C_D)
                                                      0.025     5.507    SoC_i/VPU_Top_0/inst/u_my_ip/u_axi4_mapping/u_gemv/weight_quad6_pmau_data_reg[44]
  -------------------------------------------------------------------
                         required time                          5.507    
                         arrival time                          -5.424    
  -------------------------------------------------------------------
                         slack                                  0.083    

Slack (MET) :             0.084ns  (required time - arrival time)
  Source:                 SoC_i/VPU_Top_0/inst/u_my_ip/u_axi4_mapping/u_gemv/result_write_addr_bank_r_reg[0][11]/C
                            (rising edge-triggered cell FDRE clocked by clk_pl_0  {rise@0.000ns fall@2.000ns period=4.000ns})
  Destination:            SoC_i/VPU_Top_0/inst/u_my_ip/u_axi4_mapping/u_gemv/GEN_RESULT_BANK[0].u_result_bram/GEN_BLOCK_RAM.mem_reg_7/ADDRBWRADDR[14]
                            (rising edge-triggered cell RAMB36E2 clocked by clk_pl_0  {rise@0.000ns fall@2.000ns period=4.000ns})
  Path Group:             clk_pl_0
  Path Type:              Setup (Max at Slow Process Corner)
  Requirement:            4.000ns  (clk_pl_0 rise@4.000ns - clk_pl_0 rise@0.000ns)
  Data Path Delay:        3.258ns  (logic 0.079ns (2.425%)  route 3.179ns (97.575%))
  Logic Levels:           0  
  Clock Path Skew:        -0.222ns (DCD - SCD + CPR)
    Destination Clock Delay (DCD):    1.608ns = ( 5.608 - 4.000 ) 
    Source Clock Delay      (SCD):    1.899ns
    Clock Pessimism Removal (CPR):    0.069ns
  Clock Uncertainty:      0.106ns  ((TSJ^2 + DJ^2)^1/2) / 2 + PE
    Total System Jitter     (TSJ):    0.071ns
    Discrete Jitter          (DJ):    0.201ns
    Phase Error              (PE):    0.000ns
  Clock Net Delay (Source):      1.691ns (routing 0.278ns, distribution 1.413ns)
  Clock Net Delay (Destination): 1.440ns (routing 0.249ns, distribution 1.191ns)

    Location             Delay type                Incr(ns)  Path(ns)    Netlist Resource(s)
  -------------------------------------------------------------------    -------------------
                         (clock clk_pl_0 rise edge)
                                                      0.000     0.000 r  
    PS8_X0Y0             PS8                          0.000     0.000 r  SoC_i/zynq_ultra_ps_e_0/inst/PS8_i/PLCLK[0]
                         net (fo=1, routed)           0.180     0.180    SoC_i/zynq_ultra_ps_e_0/inst/pl_clk_unbuffered[0]
    BUFG_PS_X0Y88        BUFG_PS (Prop_BUFG_PS_I_O)
                                                      0.028     0.208 r  SoC_i/zynq_ultra_ps_e_0/inst/buffer_pl_clk_0.PL_CLK_0_BUFG/O
    X1Y3 (CLOCK_ROOT)    net (fo=52634, routed)       1.691     1.899    SoC_i/VPU_Top_0/inst/u_my_ip/u_axi4_mapping/u_gemv/s00_axi_aclk
    SLICE_X22Y307        FDRE                                         r  SoC_i/VPU_Top_0/inst/u_my_ip/u_axi4_mapping/u_gemv/result_write_addr_bank_r_reg[0][11]/C
  -------------------------------------------------------------------    -------------------
    SLICE_X22Y307        FDRE (Prop_DFF_SLICEL_C_Q)
                                                      0.079     1.978 r  SoC_i/VPU_Top_0/inst/u_my_ip/u_axi4_mapping/u_gemv/result_write_addr_bank_r_reg[0][11]/Q
                         net (fo=24, routed)          3.179     5.157    SoC_i/VPU_Top_0/inst/u_my_ip/u_axi4_mapping/u_gemv/GEN_RESULT_BANK[0].u_result_bram/out[11]
    RAMB36_X2Y37         RAMB36E2                                     r  SoC_i/VPU_Top_0/inst/u_my_ip/u_axi4_mapping/u_gemv/GEN_RESULT_BANK[0].u_result_bram/GEN_BLOCK_RAM.mem_reg_7/ADDRBWRADDR[14]
  -------------------------------------------------------------------    -------------------

                         (clock clk_pl_0 rise edge)
                                                      4.000     4.000 r  
    PS8_X0Y0             PS8                          0.000     4.000 r  SoC_i/zynq_ultra_ps_e_0/inst/PS8_i/PLCLK[0]
                         net (fo=1, routed)           0.143     4.143    SoC_i/zynq_ultra_ps_e_0/inst/pl_clk_unbuffered[0]
    BUFG_PS_X0Y88        BUFG_PS (Prop_BUFG_PS_I_O)
                                                      0.025     4.168 r  SoC_i/zynq_ultra_ps_e_0/inst/buffer_pl_clk_0.PL_CLK_0_BUFG/O
    X1Y3 (CLOCK_ROOT)    net (fo=52634, routed)       1.440     5.608    SoC_i/VPU_Top_0/inst/u_my_ip/u_axi4_mapping/u_gemv/GEN_RESULT_BANK[0].u_result_bram/s00_axi_aclk
    RAMB36_X2Y37         RAMB36E2                                     r  SoC_i/VPU_Top_0/inst/u_my_ip/u_axi4_mapping/u_gemv/GEN_RESULT_BANK[0].u_result_bram/GEN_BLOCK_RAM.mem_reg_7/CLKBWRCLK
                         clock pessimism              0.069     5.677    
                         clock uncertainty           -0.106     5.570    
    RAMB36_X2Y37         RAMB36E2 (Setup_RAMB36E2_RAMB36_CLKBWRCLK_ADDRBWRADDR[14])
                                                     -0.329     5.241    SoC_i/VPU_Top_0/inst/u_my_ip/u_axi4_mapping/u_gemv/GEN_RESULT_BANK[0].u_result_bram/GEN_BLOCK_RAM.mem_reg_7
  -------------------------------------------------------------------
                         required time                          5.241    
                         arrival time                          -5.157    
  -------------------------------------------------------------------
                         slack                                  0.084    

Slack (MET) :             0.092ns  (required time - arrival time)
  Source:                 SoC_i/VPU_Top_0/inst/u_my_ip/u_axi4_mapping/u_gemv/GEN_WEIGHT_TOP_BANK[1].GEN_WEIGHT_BANK[0].GEN_WEIGHT_ROW_SLOT[4].u_weight_bram_bank/GEN_ULTRA_RAM.u_xpm_ultra_ram/xpm_memory_base_inst/gen_wr_a.gen_word_narrow_wp.mem_reg_uram_0/CLK
                            (rising edge-triggered cell URAM288 clocked by clk_pl_0  {rise@0.000ns fall@2.000ns period=4.000ns})
  Destination:            SoC_i/VPU_Top_0/inst/u_my_ip/u_axi4_mapping/u_gemv/weight_pair_pmau_data_reg[31]/D
                            (rising edge-triggered cell FDRE clocked by clk_pl_0  {rise@0.000ns fall@2.000ns period=4.000ns})
  Path Group:             clk_pl_0
  Path Type:              Setup (Max at Slow Process Corner)
  Requirement:            4.000ns  (clk_pl_0 rise@4.000ns - clk_pl_0 rise@0.000ns)
  Data Path Delay:        3.677ns  (logic 0.926ns (25.183%)  route 2.751ns (74.817%))
  Logic Levels:           2  (LUT6=2)
  Clock Path Skew:        -0.149ns (DCD - SCD + CPR)
    Destination Clock Delay (DCD):    1.511ns = ( 5.511 - 4.000 ) 
    Source Clock Delay      (SCD):    1.729ns
    Clock Pessimism Removal (CPR):    0.069ns
  Clock Uncertainty:      0.106ns  ((TSJ^2 + DJ^2)^1/2) / 2 + PE
    Total System Jitter     (TSJ):    0.071ns
    Discrete Jitter          (DJ):    0.201ns
    Phase Error              (PE):    0.000ns
  Clock Net Delay (Source):      1.521ns (routing 0.278ns, distribution 1.243ns)
  Clock Net Delay (Destination): 1.343ns (routing 0.249ns, distribution 1.094ns)

    Location             Delay type                Incr(ns)  Path(ns)    Netlist Resource(s)
  -------------------------------------------------------------------    -------------------
                         (clock clk_pl_0 rise edge)
                                                      0.000     0.000 r  
    PS8_X0Y0             PS8                          0.000     0.000 r  SoC_i/zynq_ultra_ps_e_0/inst/PS8_i/PLCLK[0]
                         net (fo=1, routed)           0.180     0.180    SoC_i/zynq_ultra_ps_e_0/inst/pl_clk_unbuffered[0]
    BUFG_PS_X0Y88        BUFG_PS (Prop_BUFG_PS_I_O)
                                                      0.028     0.208 r  SoC_i/zynq_ultra_ps_e_0/inst/buffer_pl_clk_0.PL_CLK_0_BUFG/O
    X1Y3 (CLOCK_ROOT)    net (fo=52634, routed)       1.521     1.729    SoC_i/VPU_Top_0/inst/u_my_ip/u_axi4_mapping/u_gemv/GEN_WEIGHT_TOP_BANK[1].GEN_WEIGHT_BANK[0].GEN_WEIGHT_ROW_SLOT[4].u_weight_bram_bank/GEN_ULTRA_RAM.u_xpm_ultra_ram/xpm_memory_base_inst/clka
    URAM288_X0Y50        URAM288                                      r  SoC_i/VPU_Top_0/inst/u_my_ip/u_axi4_mapping/u_gemv/GEN_WEIGHT_TOP_BANK[1].GEN_WEIGHT_BANK[0].GEN_WEIGHT_ROW_SLOT[4].u_weight_bram_bank/GEN_ULTRA_RAM.u_xpm_ultra_ram/xpm_memory_base_inst/gen_wr_a.gen_word_narrow_wp.mem_reg_uram_0/CLK
  -------------------------------------------------------------------    -------------------
    URAM288_X0Y50        URAM288 (Prop_URAM_288K_INST_URAM288_CLK_DOUT_A[31])
                                                      0.674     2.403 r  SoC_i/VPU_Top_0/inst/u_my_ip/u_axi4_mapping/u_gemv/GEN_WEIGHT_TOP_BANK[1].GEN_WEIGHT_BANK[0].GEN_WEIGHT_ROW_SLOT[4].u_weight_bram_bank/GEN_ULTRA_RAM.u_xpm_ultra_ram/xpm_memory_base_inst/gen_wr_a.gen_word_narrow_wp.mem_reg_uram_0/DOUT_A[31]
                         net (fo=5, routed)           2.301     4.704    SoC_i/VPU_Top_0/inst/u_my_ip/u_axi4_mapping/u_gemv/GEN_WEIGHT_TOP_BANK[1].GEN_WEIGHT_BANK[0].GEN_WEIGHT_ROW_SLOT[7].u_weight_bram_bank/weight_pair_pmau_data_reg[31]_0[31]
    SLICE_X57Y288        LUT6 (Prop_G6LUT_SLICEM_I5_O)
                                                      0.100     4.804 r  SoC_i/VPU_Top_0/inst/u_my_ip/u_axi4_mapping/u_gemv/GEN_WEIGHT_TOP_BANK[1].GEN_WEIGHT_BANK[0].GEN_WEIGHT_ROW_SLOT[7].u_weight_bram_bank/weight_pair_pmau_data[31]_i_2/O
                         net (fo=2, routed)           0.392     5.196    SoC_i/VPU_Top_0/inst/u_my_ip/u_axi4_mapping/u_gemv/GEN_WEIGHT_TOP_BANK[1].GEN_WEIGHT_BANK[0].GEN_WEIGHT_ROW_SLOT[7].u_weight_bram_bank/weight_pair_pmau_data[31]_i_2_n_0
    SLICE_X53Y289        LUT6 (Prop_H6LUT_SLICEM_I0_O)
                                                      0.152     5.348 r  SoC_i/VPU_Top_0/inst/u_my_ip/u_axi4_mapping/u_gemv/GEN_WEIGHT_TOP_BANK[1].GEN_WEIGHT_BANK[0].GEN_WEIGHT_ROW_SLOT[7].u_weight_bram_bank/weight_pair_pmau_data[31]_i_1/O
                         net (fo=1, routed)           0.058     5.406    SoC_i/VPU_Top_0/inst/u_my_ip/u_axi4_mapping/u_gemv/weight_pair_compute_data[31]
    SLICE_X53Y289        FDRE                                         r  SoC_i/VPU_Top_0/inst/u_my_ip/u_axi4_mapping/u_gemv/weight_pair_pmau_data_reg[31]/D
  -------------------------------------------------------------------    -------------------

                         (clock clk_pl_0 rise edge)
                                                      4.000     4.000 r  
    PS8_X0Y0             PS8                          0.000     4.000 r  SoC_i/zynq_ultra_ps_e_0/inst/PS8_i/PLCLK[0]
                         net (fo=1, routed)           0.143     4.143    SoC_i/zynq_ultra_ps_e_0/inst/pl_clk_unbuffered[0]
    BUFG_PS_X0Y88        BUFG_PS (Prop_BUFG_PS_I_O)
                                                      0.025     4.168 r  SoC_i/zynq_ultra_ps_e_0/inst/buffer_pl_clk_0.PL_CLK_0_BUFG/O
    X1Y3 (CLOCK_ROOT)    net (fo=52634, routed)       1.343     5.511    SoC_i/VPU_Top_0/inst/u_my_ip/u_axi4_mapping/u_gemv/s00_axi_aclk
    SLICE_X53Y289        FDRE                                         r  SoC_i/VPU_Top_0/inst/u_my_ip/u_axi4_mapping/u_gemv/weight_pair_pmau_data_reg[31]/C
                         clock pessimism              0.069     5.580    
                         clock uncertainty           -0.106     5.473    
    SLICE_X53Y289        FDRE (Setup_HFF_SLICEM_C_D)
                                                      0.025     5.498    SoC_i/VPU_Top_0/inst/u_my_ip/u_axi4_mapping/u_gemv/weight_pair_pmau_data_reg[31]
  -------------------------------------------------------------------
                         required time                          5.498    
                         arrival time                          -5.406    
  -------------------------------------------------------------------
                         slack                                  0.092    

Slack (MET) :             0.093ns  (required time - arrival time)
  Source:                 SoC_i/VPU_Top_0/inst/u_my_ip/u_axi4_mapping/u_gemv/GEN_WEIGHT_TOP_BANK[0].GEN_WEIGHT_BANK[0].GEN_WEIGHT_ROW_SLOT[0].u_weight_bram_bank/GEN_ULTRA_RAM.u_xpm_ultra_ram/xpm_memory_base_inst/gen_wr_a.gen_word_narrow_wp.mem_reg_uram_0/CLK
                            (rising edge-triggered cell URAM288 clocked by clk_pl_0  {rise@0.000ns fall@2.000ns period=4.000ns})
  Destination:            SoC_i/VPU_Top_0/inst/u_my_ip/u_axi4_mapping/u_gemv/weight_quad6_pmau_data_reg[21]/D
                            (rising edge-triggered cell FDRE clocked by clk_pl_0  {rise@0.000ns fall@2.000ns period=4.000ns})
  Path Group:             clk_pl_0
  Path Type:              Setup (Max at Slow Process Corner)
  Requirement:            4.000ns  (clk_pl_0 rise@4.000ns - clk_pl_0 rise@0.000ns)
  Data Path Delay:        3.673ns  (logic 1.003ns (27.310%)  route 2.670ns (72.690%))
  Logic Levels:           2  (LUT6=2)
  Clock Path Skew:        -0.153ns (DCD - SCD + CPR)
    Destination Clock Delay (DCD):    1.528ns = ( 5.528 - 4.000 ) 
    Source Clock Delay      (SCD):    1.750ns
    Clock Pessimism Removal (CPR):    0.069ns
  Clock Uncertainty:      0.106ns  ((TSJ^2 + DJ^2)^1/2) / 2 + PE
    Total System Jitter     (TSJ):    0.071ns
    Discrete Jitter          (DJ):    0.201ns
    Phase Error              (PE):    0.000ns
  Clock Net Delay (Source):      1.542ns (routing 0.278ns, distribution 1.264ns)
  Clock Net Delay (Destination): 1.360ns (routing 0.249ns, distribution 1.111ns)

    Location             Delay type                Incr(ns)  Path(ns)    Netlist Resource(s)
  -------------------------------------------------------------------    -------------------
                         (clock clk_pl_0 rise edge)
                                                      0.000     0.000 r  
    PS8_X0Y0             PS8                          0.000     0.000 r  SoC_i/zynq_ultra_ps_e_0/inst/PS8_i/PLCLK[0]
                         net (fo=1, routed)           0.180     0.180    SoC_i/zynq_ultra_ps_e_0/inst/pl_clk_unbuffered[0]
    BUFG_PS_X0Y88        BUFG_PS (Prop_BUFG_PS_I_O)
                                                      0.028     0.208 r  SoC_i/zynq_ultra_ps_e_0/inst/buffer_pl_clk_0.PL_CLK_0_BUFG/O
    X1Y3 (CLOCK_ROOT)    net (fo=52634, routed)       1.542     1.750    SoC_i/VPU_Top_0/inst/u_my_ip/u_axi4_mapping/u_gemv/GEN_WEIGHT_TOP_BANK[0].GEN_WEIGHT_BANK[0].GEN_WEIGHT_ROW_SLOT[0].u_weight_bram_bank/GEN_ULTRA_RAM.u_xpm_ultra_ram/xpm_memory_base_inst/clka
    URAM288_X0Y40        URAM288                                      r  SoC_i/VPU_Top_0/inst/u_my_ip/u_axi4_mapping/u_gemv/GEN_WEIGHT_TOP_BANK[0].GEN_WEIGHT_BANK[0].GEN_WEIGHT_ROW_SLOT[0].u_weight_bram_bank/GEN_ULTRA_RAM.u_xpm_ultra_ram/xpm_memory_base_inst/gen_wr_a.gen_word_narrow_wp.mem_reg_uram_0/CLK
  -------------------------------------------------------------------    -------------------
    URAM288_X0Y40        URAM288 (Prop_URAM_288K_INST_URAM288_CLK_DOUT_A[21])
                                                      0.732     2.482 r  SoC_i/VPU_Top_0/inst/u_my_ip/u_axi4_mapping/u_gemv/GEN_WEIGHT_TOP_BANK[0].GEN_WEIGHT_BANK[0].GEN_WEIGHT_ROW_SLOT[0].u_weight_bram_bank/GEN_ULTRA_RAM.u_xpm_ultra_ram/xpm_memory_base_inst/gen_wr_a.gen_word_narrow_wp.mem_reg_uram_0/DOUT_A[21]
                         net (fo=5, routed)           1.925     4.407    SoC_i/VPU_Top_0/inst/u_my_ip/u_axi4_mapping/u_gemv/GEN_WEIGHT_TOP_BANK[0].GEN_WEIGHT_BANK[0].GEN_WEIGHT_ROW_SLOT[3].u_weight_bram_bank/weight_quad5_pmau_data_reg[31]_0[21]
    SLICE_X64Y280        LUT6 (Prop_F6LUT_SLICEM_I5_O)
                                                      0.123     4.530 r  SoC_i/VPU_Top_0/inst/u_my_ip/u_axi4_mapping/u_gemv/GEN_WEIGHT_TOP_BANK[0].GEN_WEIGHT_BANK[0].GEN_WEIGHT_ROW_SLOT[3].u_weight_bram_bank/weight_quad2_pmau_data[21]_i_5/O
                         net (fo=2, routed)           0.696     5.226    SoC_i/VPU_Top_0/inst/u_my_ip/u_axi4_mapping/u_gemv/GEN_WEIGHT_TOP_BANK[1].GEN_WEIGHT_BANK[0].GEN_WEIGHT_ROW_SLOT[7].u_weight_bram_bank/weight_quad6_pmau_data_reg[21]_1
    SLICE_X43Y292        LUT6 (Prop_B6LUT_SLICEL_I5_O)
                                                      0.148     5.374 r  SoC_i/VPU_Top_0/inst/u_my_ip/u_axi4_mapping/u_gemv/GEN_WEIGHT_TOP_BANK[1].GEN_WEIGHT_BANK[0].GEN_WEIGHT_ROW_SLOT[7].u_weight_bram_bank/weight_quad6_pmau_data[21]_i_1/O
                         net (fo=1, routed)           0.049     5.423    SoC_i/VPU_Top_0/inst/u_my_ip/u_axi4_mapping/u_gemv/weight_quad6_compute_data__0[21]
    SLICE_X43Y292        FDRE                                         r  SoC_i/VPU_Top_0/inst/u_my_ip/u_axi4_mapping/u_gemv/weight_quad6_pmau_data_reg[21]/D
  -------------------------------------------------------------------    -------------------

                         (clock clk_pl_0 rise edge)
                                                      4.000     4.000 r  
    PS8_X0Y0             PS8                          0.000     4.000 r  SoC_i/zynq_ultra_ps_e_0/inst/PS8_i/PLCLK[0]
                         net (fo=1, routed)           0.143     4.143    SoC_i/zynq_ultra_ps_e_0/inst/pl_clk_unbuffered[0]
    BUFG_PS_X0Y88        BUFG_PS (Prop_BUFG_PS_I_O)
                                                      0.025     4.168 r  SoC_i/zynq_ultra_ps_e_0/inst/buffer_pl_clk_0.PL_CLK_0_BUFG/O
    X1Y3 (CLOCK_ROOT)    net (fo=52634, routed)       1.360     5.528    SoC_i/VPU_Top_0/inst/u_my_ip/u_axi4_mapping/u_gemv/s00_axi_aclk
    SLICE_X43Y292        FDRE                                         r  SoC_i/VPU_Top_0/inst/u_my_ip/u_axi4_mapping/u_gemv/weight_quad6_pmau_data_reg[21]/C
                         clock pessimism              0.069     5.597    
                         clock uncertainty           -0.106     5.491    
    SLICE_X43Y292        FDRE (Setup_BFF_SLICEL_C_D)
                                                      0.025     5.516    SoC_i/VPU_Top_0/inst/u_my_ip/u_axi4_mapping/u_gemv/weight_quad6_pmau_data_reg[21]
  -------------------------------------------------------------------
                         required time                          5.516    
                         arrival time                          -5.423    
  -------------------------------------------------------------------
                         slack                                  0.093    

Slack (MET) :             0.095ns  (required time - arrival time)
  Source:                 SoC_i/VPU_Top_0/inst/u_my_ip/u_axi4_mapping/u_gemv/GEN_WEIGHT_TOP_BANK[1].GEN_WEIGHT_BANK[1].GEN_WEIGHT_ROW_SLOT[2].u_weight_bram_bank/GEN_ULTRA_RAM.u_xpm_ultra_ram/xpm_memory_base_inst/gen_wr_a.gen_word_narrow_wp.mem_reg_uram_0/CLK
                            (rising edge-triggered cell URAM288 clocked by clk_pl_0  {rise@0.000ns fall@2.000ns period=4.000ns})
  Destination:            SoC_i/VPU_Top_0/inst/u_my_ip/u_axi4_mapping/u_gemv/weight_pair_pmau_data_reg[32]/D
                            (rising edge-triggered cell FDRE clocked by clk_pl_0  {rise@0.000ns fall@2.000ns period=4.000ns})
  Path Group:             clk_pl_0
  Path Type:              Setup (Max at Slow Process Corner)
  Requirement:            4.000ns  (clk_pl_0 rise@4.000ns - clk_pl_0 rise@0.000ns)
  Data Path Delay:        3.671ns  (logic 0.973ns (26.502%)  route 2.698ns (73.498%))
  Logic Levels:           3  (LUT6=1 MUXF7=1 MUXF8=1)
  Clock Path Skew:        -0.152ns (DCD - SCD + CPR)
    Destination Clock Delay (DCD):    1.524ns = ( 5.524 - 4.000 ) 
    Source Clock Delay      (SCD):    1.745ns
    Clock Pessimism Removal (CPR):    0.069ns
  Clock Uncertainty:      0.106ns  ((TSJ^2 + DJ^2)^1/2) / 2 + PE
    Total System Jitter     (TSJ):    0.071ns
    Discrete Jitter          (DJ):    0.201ns
    Phase Error              (PE):    0.000ns
  Clock Net Delay (Source):      1.537ns (routing 0.278ns, distribution 1.259ns)
  Clock Net Delay (Destination): 1.356ns (routing 0.249ns, distribution 1.107ns)

    Location             Delay type                Incr(ns)  Path(ns)    Netlist Resource(s)
  -------------------------------------------------------------------    -------------------
                         (clock clk_pl_0 rise edge)
                                                      0.000     0.000 r  
    PS8_X0Y0             PS8                          0.000     0.000 r  SoC_i/zynq_ultra_ps_e_0/inst/PS8_i/PLCLK[0]
                         net (fo=1, routed)           0.180     0.180    SoC_i/zynq_ultra_ps_e_0/inst/pl_clk_unbuffered[0]
    BUFG_PS_X0Y88        BUFG_PS (Prop_BUFG_PS_I_O)
                                                      0.028     0.208 r  SoC_i/zynq_ultra_ps_e_0/inst/buffer_pl_clk_0.PL_CLK_0_BUFG/O
    X1Y3 (CLOCK_ROOT)    net (fo=52634, routed)       1.537     1.745    SoC_i/VPU_Top_0/inst/u_my_ip/u_axi4_mapping/u_gemv/GEN_WEIGHT_TOP_BANK[1].GEN_WEIGHT_BANK[1].GEN_WEIGHT_ROW_SLOT[2].u_weight_bram_bank/GEN_ULTRA_RAM.u_xpm_ultra_ram/xpm_memory_base_inst/clka
    URAM288_X0Y60        URAM288                                      r  SoC_i/VPU_Top_0/inst/u_my_ip/u_axi4_mapping/u_gemv/GEN_WEIGHT_TOP_BANK[1].GEN_WEIGHT_BANK[1].GEN_WEIGHT_ROW_SLOT[2].u_weight_bram_bank/GEN_ULTRA_RAM.u_xpm_ultra_ram/xpm_memory_base_inst/gen_wr_a.gen_word_narrow_wp.mem_reg_uram_0/CLK
  -------------------------------------------------------------------    -------------------
    URAM288_X0Y60        URAM288 (Prop_URAM_288K_INST_URAM288_CLK_DOUT_A[0])
                                                      0.767     2.512 r  SoC_i/VPU_Top_0/inst/u_my_ip/u_axi4_mapping/u_gemv/GEN_WEIGHT_TOP_BANK[1].GEN_WEIGHT_BANK[1].GEN_WEIGHT_ROW_SLOT[2].u_weight_bram_bank/GEN_ULTRA_RAM.u_xpm_ultra_ram/xpm_memory_base_inst/gen_wr_a.gen_word_narrow_wp.mem_reg_uram_0/DOUT_A[0]
                         net (fo=8, routed)           2.655     5.167    SoC_i/VPU_Top_0/inst/u_my_ip/u_axi4_mapping/u_gemv/GEN_WEIGHT_TOP_BANK[1].GEN_WEIGHT_BANK[1].GEN_WEIGHT_ROW_SLOT[3].u_weight_bram_bank/doutb[0]
    SLICE_X51Y294        LUT6 (Prop_B6LUT_SLICEL_I1_O)
                                                      0.124     5.291 r  SoC_i/VPU_Top_0/inst/u_my_ip/u_axi4_mapping/u_gemv/GEN_WEIGHT_TOP_BANK[1].GEN_WEIGHT_BANK[1].GEN_WEIGHT_ROW_SLOT[3].u_weight_bram_bank/weight_pair_pmau_data[32]_i_6/O
                         net (fo=1, routed)           0.009     5.300    SoC_i/VPU_Top_0/inst/u_my_ip/u_axi4_mapping/u_gemv/GEN_WEIGHT_TOP_BANK[1].GEN_WEIGHT_BANK[1].GEN_WEIGHT_ROW_SLOT[3].u_weight_bram_bank/weight_pair_pmau_data[32]_i_6_n_0
    SLICE_X51Y294        MUXF7 (Prop_F7MUX_AB_SLICEL_I0_O)
                                                      0.056     5.356 r  SoC_i/VPU_Top_0/inst/u_my_ip/u_axi4_mapping/u_gemv/GEN_WEIGHT_TOP_BANK[1].GEN_WEIGHT_BANK[1].GEN_WEIGHT_ROW_SLOT[3].u_weight_bram_bank/weight_pair_pmau_data_reg[32]_i_3/O
                         net (fo=1, routed)           0.000     5.356    SoC_i/VPU_Top_0/inst/u_my_ip/u_axi4_mapping/u_gemv/GEN_WEIGHT_TOP_BANK[0].GEN_WEIGHT_BANK[1].GEN_WEIGHT_ROW_SLOT[3].u_weight_bram_bank/weight_pair_pmau_data_reg[32]
    SLICE_X51Y294        MUXF8 (Prop_F8MUX_BOT_SLICEL_I1_O)
                                                      0.026     5.382 r  SoC_i/VPU_Top_0/inst/u_my_ip/u_axi4_mapping/u_gemv/GEN_WEIGHT_TOP_BANK[0].GEN_WEIGHT_BANK[1].GEN_WEIGHT_ROW_SLOT[3].u_weight_bram_bank/weight_pair_pmau_data_reg[32]_i_1/O
                         net (fo=1, routed)           0.034     5.416    SoC_i/VPU_Top_0/inst/u_my_ip/u_axi4_mapping/u_gemv/weight_pair_compute_data[32]
    SLICE_X51Y294        FDRE                                         r  SoC_i/VPU_Top_0/inst/u_my_ip/u_axi4_mapping/u_gemv/weight_pair_pmau_data_reg[32]/D
  -------------------------------------------------------------------    -------------------

                         (clock clk_pl_0 rise edge)
                                                      4.000     4.000 r  
    PS8_X0Y0             PS8                          0.000     4.000 r  SoC_i/zynq_ultra_ps_e_0/inst/PS8_i/PLCLK[0]
                         net (fo=1, routed)           0.143     4.143    SoC_i/zynq_ultra_ps_e_0/inst/pl_clk_unbuffered[0]
    BUFG_PS_X0Y88        BUFG_PS (Prop_BUFG_PS_I_O)
                                                      0.025     4.168 r  SoC_i/zynq_ultra_ps_e_0/inst/buffer_pl_clk_0.PL_CLK_0_BUFG/O
    X1Y3 (CLOCK_ROOT)    net (fo=52634, routed)       1.356     5.524    SoC_i/VPU_Top_0/inst/u_my_ip/u_axi4_mapping/u_gemv/s00_axi_aclk
    SLICE_X51Y294        FDRE                                         r  SoC_i/VPU_Top_0/inst/u_my_ip/u_axi4_mapping/u_gemv/weight_pair_pmau_data_reg[32]/C
                         clock pessimism              0.069     5.593    
                         clock uncertainty           -0.106     5.487    
    SLICE_X51Y294        FDRE (Setup_CFF_SLICEL_C_D)
                                                      0.025     5.512    SoC_i/VPU_Top_0/inst/u_my_ip/u_axi4_mapping/u_gemv/weight_pair_pmau_data_reg[32]
  -------------------------------------------------------------------
                         required time                          5.512    
                         arrival time                          -5.416    
  -------------------------------------------------------------------
                         slack                                  0.095    

Slack (MET) :             0.097ns  (required time - arrival time)
  Source:                 SoC_i/VPU_Top_0/inst/u_my_ip/u_axi4_mapping/u_gemv/GEN_WEIGHT_TOP_BANK[0].GEN_WEIGHT_BANK[1].GEN_WEIGHT_ROW_SLOT[4].u_weight_bram_bank/GEN_ULTRA_RAM.u_xpm_ultra_ram/xpm_memory_base_inst/gen_wr_a.gen_word_narrow_wp.mem_reg_uram_0/CLK
                            (rising edge-triggered cell URAM288 clocked by clk_pl_0  {rise@0.000ns fall@2.000ns period=4.000ns})
  Destination:            SoC_i/VPU_Top_0/inst/u_my_ip/u_axi4_mapping/u_gemv/weight_quad6_pmau_data_reg[45]/D
                            (rising edge-triggered cell FDRE clocked by clk_pl_0  {rise@0.000ns fall@2.000ns period=4.000ns})
  Path Group:             clk_pl_0
  Path Type:              Setup (Max at Slow Process Corner)
  Requirement:            4.000ns  (clk_pl_0 rise@4.000ns - clk_pl_0 rise@0.000ns)
  Data Path Delay:        3.609ns  (logic 0.939ns (26.017%)  route 2.670ns (73.983%))
  Logic Levels:           3  (LUT6=1 MUXF7=1 MUXF8=1)
  Clock Path Skew:        -0.212ns (DCD - SCD + CPR)
    Destination Clock Delay (DCD):    1.507ns = ( 5.507 - 4.000 ) 
    Source Clock Delay      (SCD):    1.788ns
    Clock Pessimism Removal (CPR):    0.069ns
  Clock Uncertainty:      0.106ns  ((TSJ^2 + DJ^2)^1/2) / 2 + PE
    Total System Jitter     (TSJ):    0.071ns
    Discrete Jitter          (DJ):    0.201ns
    Phase Error              (PE):    0.000ns
  Clock Net Delay (Source):      1.580ns (routing 0.278ns, distribution 1.302ns)
  Clock Net Delay (Destination): 1.339ns (routing 0.249ns, distribution 1.090ns)

    Location             Delay type                Incr(ns)  Path(ns)    Netlist Resource(s)
  -------------------------------------------------------------------    -------------------
                         (clock clk_pl_0 rise edge)
                                                      0.000     0.000 r  
    PS8_X0Y0             PS8                          0.000     0.000 r  SoC_i/zynq_ultra_ps_e_0/inst/PS8_i/PLCLK[0]
                         net (fo=1, routed)           0.180     0.180    SoC_i/zynq_ultra_ps_e_0/inst/pl_clk_unbuffered[0]
    BUFG_PS_X0Y88        BUFG_PS (Prop_BUFG_PS_I_O)
                                                      0.028     0.208 r  SoC_i/zynq_ultra_ps_e_0/inst/buffer_pl_clk_0.PL_CLK_0_BUFG/O
    X1Y3 (CLOCK_ROOT)    net (fo=52634, routed)       1.580     1.788    SoC_i/VPU_Top_0/inst/u_my_ip/u_axi4_mapping/u_gemv/GEN_WEIGHT_TOP_BANK[0].GEN_WEIGHT_BANK[1].GEN_WEIGHT_ROW_SLOT[4].u_weight_bram_bank/GEN_ULTRA_RAM.u_xpm_ultra_ram/xpm_memory_base_inst/clka
    URAM288_X0Y32        URAM288                                      r  SoC_i/VPU_Top_0/inst/u_my_ip/u_axi4_mapping/u_gemv/GEN_WEIGHT_TOP_BANK[0].GEN_WEIGHT_BANK[1].GEN_WEIGHT_ROW_SLOT[4].u_weight_bram_bank/GEN_ULTRA_RAM.u_xpm_ultra_ram/xpm_memory_base_inst/gen_wr_a.gen_word_narrow_wp.mem_reg_uram_0/CLK
  -------------------------------------------------------------------    -------------------
    URAM288_X0Y32        URAM288 (Prop_URAM_288K_INST_URAM288_CLK_DOUT_A[13])
                                                      0.725     2.513 r  SoC_i/VPU_Top_0/inst/u_my_ip/u_axi4_mapping/u_gemv/GEN_WEIGHT_TOP_BANK[0].GEN_WEIGHT_BANK[1].GEN_WEIGHT_ROW_SLOT[4].u_weight_bram_bank/GEN_ULTRA_RAM.u_xpm_ultra_ram/xpm_memory_base_inst/gen_wr_a.gen_word_narrow_wp.mem_reg_uram_0/DOUT_A[13]
                         net (fo=8, routed)           2.610     5.123    SoC_i/VPU_Top_0/inst/u_my_ip/u_axi4_mapping/u_gemv/GEN_WEIGHT_TOP_BANK[0].GEN_WEIGHT_BANK[1].GEN_WEIGHT_ROW_SLOT[7].u_weight_bram_bank/weight_quad5_pmau_data_reg[63]_0[13]
    SLICE_X61Y297        LUT6 (Prop_C6LUT_SLICEM_I5_O)
                                                      0.123     5.246 r  SoC_i/VPU_Top_0/inst/u_my_ip/u_axi4_mapping/u_gemv/GEN_WEIGHT_TOP_BANK[0].GEN_WEIGHT_BANK[1].GEN_WEIGHT_ROW_SLOT[7].u_weight_bram_bank/weight_quad6_pmau_data[45]_i_5/O
                         net (fo=1, routed)           0.021     5.267    SoC_i/VPU_Top_0/inst/u_my_ip/u_axi4_mapping/u_gemv/GEN_WEIGHT_TOP_BANK[0].GEN_WEIGHT_BANK[1].GEN_WEIGHT_ROW_SLOT[3].u_weight_bram_bank/weight_quad6_pmau_data_reg[45]_0
    SLICE_X61Y297        MUXF7 (Prop_F7MUX_CD_SLICEM_I1_O)
                                                      0.061     5.328 r  SoC_i/VPU_Top_0/inst/u_my_ip/u_axi4_mapping/u_gemv/GEN_WEIGHT_TOP_BANK[0].GEN_WEIGHT_BANK[1].GEN_WEIGHT_ROW_SLOT[3].u_weight_bram_bank/weight_quad6_pmau_data_reg[45]_i_2/O
                         net (fo=1, routed)           0.000     5.328    SoC_i/VPU_Top_0/inst/u_my_ip/u_axi4_mapping/u_gemv/GEN_WEIGHT_TOP_BANK[0].GEN_WEIGHT_BANK[1].GEN_WEIGHT_ROW_SLOT[3].u_weight_bram_bank/weight_quad6_pmau_data_reg[45]_i_2_n_0
    SLICE_X61Y297        MUXF8 (Prop_F8MUX_BOT_SLICEM_I0_O)
                                                      0.030     5.358 r  SoC_i/VPU_Top_0/inst/u_my_ip/u_axi4_mapping/u_gemv/GEN_WEIGHT_TOP_BANK[0].GEN_WEIGHT_BANK[1].GEN_WEIGHT_ROW_SLOT[3].u_weight_bram_bank/weight_quad6_pmau_data_reg[45]_i_1/O
                         net (fo=1, routed)           0.039     5.397    SoC_i/VPU_Top_0/inst/u_my_ip/u_axi4_mapping/u_gemv/weight_quad6_compute_data[45]
    SLICE_X61Y297        FDRE                                         r  SoC_i/VPU_Top_0/inst/u_my_ip/u_axi4_mapping/u_gemv/weight_quad6_pmau_data_reg[45]/D
  -------------------------------------------------------------------    -------------------

                         (clock clk_pl_0 rise edge)
                                                      4.000     4.000 r  
    PS8_X0Y0             PS8                          0.000     4.000 r  SoC_i/zynq_ultra_ps_e_0/inst/PS8_i/PLCLK[0]
                         net (fo=1, routed)           0.143     4.143    SoC_i/zynq_ultra_ps_e_0/inst/pl_clk_unbuffered[0]
    BUFG_PS_X0Y88        BUFG_PS (Prop_BUFG_PS_I_O)
                                                      0.025     4.168 r  SoC_i/zynq_ultra_ps_e_0/inst/buffer_pl_clk_0.PL_CLK_0_BUFG/O
    X1Y3 (CLOCK_ROOT)    net (fo=52634, routed)       1.339     5.507    SoC_i/VPU_Top_0/inst/u_my_ip/u_axi4_mapping/u_gemv/s00_axi_aclk
    SLICE_X61Y297        FDRE                                         r  SoC_i/VPU_Top_0/inst/u_my_ip/u_axi4_mapping/u_gemv/weight_quad6_pmau_data_reg[45]/C
                         clock pessimism              0.069     5.576    
                         clock uncertainty           -0.106     5.469    
    SLICE_X61Y297        FDRE (Setup_CFF_SLICEM_C_D)
                                                      0.025     5.494    SoC_i/VPU_Top_0/inst/u_my_ip/u_axi4_mapping/u_gemv/weight_quad6_pmau_data_reg[45]
  -------------------------------------------------------------------
                         required time                          5.494    
                         arrival time                          -5.397    
  -------------------------------------------------------------------
                         slack                                  0.097    

Slack (MET) :             0.099ns  (required time - arrival time)
  Source:                 SoC_i/VPU_Top_0/inst/u_my_ip/u_axi4_mapping/u_gemv/GEN_WEIGHT_TOP_BANK[1].GEN_WEIGHT_BANK[1].GEN_WEIGHT_ROW_SLOT[0].u_weight_bram_bank/GEN_ULTRA_RAM.u_xpm_ultra_ram/xpm_memory_base_inst/gen_wr_a.gen_word_narrow_wp.mem_reg_uram_0/CLK
                            (rising edge-triggered cell URAM288 clocked by clk_pl_0  {rise@0.000ns fall@2.000ns period=4.000ns})
  Destination:            SoC_i/VPU_Top_0/inst/u_my_ip/u_axi4_mapping/u_gemv/weight_quad5_pmau_data_reg[53]/D
                            (rising edge-triggered cell FDRE clocked by clk_pl_0  {rise@0.000ns fall@2.000ns period=4.000ns})
  Path Group:             clk_pl_0
  Path Type:              Setup (Max at Slow Process Corner)
  Requirement:            4.000ns  (clk_pl_0 rise@4.000ns - clk_pl_0 rise@0.000ns)
  Data Path Delay:        3.628ns  (logic 0.859ns (23.679%)  route 2.769ns (76.321%))
  Logic Levels:           2  (LUT6=2)
  Clock Path Skew:        -0.192ns (DCD - SCD + CPR)
    Destination Clock Delay (DCD):    1.526ns = ( 5.526 - 4.000 ) 
    Source Clock Delay      (SCD):    1.787ns
    Clock Pessimism Removal (CPR):    0.069ns
  Clock Uncertainty:      0.106ns  ((TSJ^2 + DJ^2)^1/2) / 2 + PE
    Total System Jitter     (TSJ):    0.071ns
    Discrete Jitter          (DJ):    0.201ns
    Phase Error              (PE):    0.000ns
  Clock Net Delay (Source):      1.579ns (routing 0.278ns, distribution 1.301ns)
  Clock Net Delay (Destination): 1.358ns (routing 0.249ns, distribution 1.109ns)

    Location             Delay type                Incr(ns)  Path(ns)    Netlist Resource(s)
  -------------------------------------------------------------------    -------------------
                         (clock clk_pl_0 rise edge)
                                                      0.000     0.000 r  
    PS8_X0Y0             PS8                          0.000     0.000 r  SoC_i/zynq_ultra_ps_e_0/inst/PS8_i/PLCLK[0]
                         net (fo=1, routed)           0.180     0.180    SoC_i/zynq_ultra_ps_e_0/inst/pl_clk_unbuffered[0]
    BUFG_PS_X0Y88        BUFG_PS (Prop_BUFG_PS_I_O)
                                                      0.028     0.208 r  SoC_i/zynq_ultra_ps_e_0/inst/buffer_pl_clk_0.PL_CLK_0_BUFG/O
    X1Y3 (CLOCK_ROOT)    net (fo=52634, routed)       1.579     1.787    SoC_i/VPU_Top_0/inst/u_my_ip/u_axi4_mapping/u_gemv/GEN_WEIGHT_TOP_BANK[1].GEN_WEIGHT_BANK[1].GEN_WEIGHT_ROW_SLOT[0].u_weight_bram_bank/GEN_ULTRA_RAM.u_xpm_ultra_ram/xpm_memory_base_inst/clka
    URAM288_X0Y33        URAM288                                      r  SoC_i/VPU_Top_0/inst/u_my_ip/u_axi4_mapping/u_gemv/GEN_WEIGHT_TOP_BANK[1].GEN_WEIGHT_BANK[1].GEN_WEIGHT_ROW_SLOT[0].u_weight_bram_bank/GEN_ULTRA_RAM.u_xpm_ultra_ram/xpm_memory_base_inst/gen_wr_a.gen_word_narrow_wp.mem_reg_uram_0/CLK
  -------------------------------------------------------------------    -------------------
    URAM288_X0Y33        URAM288 (Prop_URAM_288K_INST_URAM288_CLK_DOUT_A[21])
                                                      0.732     2.519 r  SoC_i/VPU_Top_0/inst/u_my_ip/u_axi4_mapping/u_gemv/GEN_WEIGHT_TOP_BANK[1].GEN_WEIGHT_BANK[1].GEN_WEIGHT_ROW_SLOT[0].u_weight_bram_bank/GEN_ULTRA_RAM.u_xpm_ultra_ram/xpm_memory_base_inst/gen_wr_a.gen_word_narrow_wp.mem_reg_uram_0/DOUT_A[21]
                         net (fo=8, routed)           1.894     4.413    SoC_i/VPU_Top_0/inst/u_my_ip/u_axi4_mapping/u_gemv/GEN_WEIGHT_TOP_BANK[1].GEN_WEIGHT_BANK[1].GEN_WEIGHT_ROW_SLOT[3].u_weight_bram_bank/weight_quad5_pmau_data_reg[63]_0[21]
    SLICE_X64Y281        LUT6 (Prop_F6LUT_SLICEM_I5_O)
                                                      0.037     4.450 f  SoC_i/VPU_Top_0/inst/u_my_ip/u_axi4_mapping/u_gemv/GEN_WEIGHT_TOP_BANK[1].GEN_WEIGHT_BANK[1].GEN_WEIGHT_ROW_SLOT[3].u_weight_bram_bank/weight_quad5_pmau_data[53]_i_2/O
                         net (fo=1, routed)           0.827     5.277    SoC_i/VPU_Top_0/inst/u_my_ip/u_axi4_mapping/u_gemv/GEN_WEIGHT_TOP_BANK[1].GEN_WEIGHT_BANK[1].GEN_WEIGHT_ROW_SLOT[3].u_weight_bram_bank/weight_quad5_pmau_data[53]_i_2_n_0
    SLICE_X44Y288        LUT6 (Prop_A6LUT_SLICEL_I0_O)
                                                      0.090     5.367 r  SoC_i/VPU_Top_0/inst/u_my_ip/u_axi4_mapping/u_gemv/GEN_WEIGHT_TOP_BANK[1].GEN_WEIGHT_BANK[1].GEN_WEIGHT_ROW_SLOT[3].u_weight_bram_bank/weight_quad5_pmau_data[53]_i_1/O
                         net (fo=1, routed)           0.048     5.415    SoC_i/VPU_Top_0/inst/u_my_ip/u_axi4_mapping/u_gemv/weight_quad5_compute_data[53]
    SLICE_X44Y288        FDRE                                         r  SoC_i/VPU_Top_0/inst/u_my_ip/u_axi4_mapping/u_gemv/weight_quad5_pmau_data_reg[53]/D
  -------------------------------------------------------------------    -------------------

                         (clock clk_pl_0 rise edge)
                                                      4.000     4.000 r  
    PS8_X0Y0             PS8                          0.000     4.000 r  SoC_i/zynq_ultra_ps_e_0/inst/PS8_i/PLCLK[0]
                         net (fo=1, routed)           0.143     4.143    SoC_i/zynq_ultra_ps_e_0/inst/pl_clk_unbuffered[0]
    BUFG_PS_X0Y88        BUFG_PS (Prop_BUFG_PS_I_O)
                                                      0.025     4.168 r  SoC_i/zynq_ultra_ps_e_0/inst/buffer_pl_clk_0.PL_CLK_0_BUFG/O
    X1Y3 (CLOCK_ROOT)    net (fo=52634, routed)       1.358     5.526    SoC_i/VPU_Top_0/inst/u_my_ip/u_axi4_mapping/u_gemv/s00_axi_aclk
    SLICE_X44Y288        FDRE                                         r  SoC_i/VPU_Top_0/inst/u_my_ip/u_axi4_mapping/u_gemv/weight_quad5_pmau_data_reg[53]/C
                         clock pessimism              0.069     5.595    
                         clock uncertainty           -0.106     5.489    
    SLICE_X44Y288        FDRE (Setup_AFF_SLICEL_C_D)
                                                      0.025     5.514    SoC_i/VPU_Top_0/inst/u_my_ip/u_axi4_mapping/u_gemv/weight_quad5_pmau_data_reg[53]
  -------------------------------------------------------------------
                         required time                          5.514    
                         arrival time                          -5.415    
  -------------------------------------------------------------------
                         slack                                  0.099    

Slack (MET) :             0.103ns  (required time - arrival time)
  Source:                 SoC_i/VPU_Top_0/inst/u_my_ip/u_axi4_mapping/u_gemv/result_write_is_i8_r_reg/C
                            (rising edge-triggered cell FDRE clocked by clk_pl_0  {rise@0.000ns fall@2.000ns period=4.000ns})
  Destination:            SoC_i/VPU_Top_0/inst/u_my_ip/u_axi4_mapping/u_gemv/GEN_RESULT_BANK[0].u_result_bram/GEN_BLOCK_RAM.mem_reg_4/ENBWREN
                            (rising edge-triggered cell RAMB36E2 clocked by clk_pl_0  {rise@0.000ns fall@2.000ns period=4.000ns})
  Path Group:             clk_pl_0
  Path Type:              Setup (Max at Slow Process Corner)
  Requirement:            4.000ns  (clk_pl_0 rise@4.000ns - clk_pl_0 rise@0.000ns)
  Data Path Delay:        3.375ns  (logic 0.258ns (7.645%)  route 3.117ns (92.355%))
  Logic Levels:           2  (LUT2=1 LUT6=1)
  Clock Path Skew:        -0.074ns (DCD - SCD + CPR)
    Destination Clock Delay (DCD):    1.692ns = ( 5.692 - 4.000 ) 
    Source Clock Delay      (SCD):    1.834ns
    Clock Pessimism Removal (CPR):    0.069ns
  Clock Uncertainty:      0.106ns  ((TSJ^2 + DJ^2)^1/2) / 2 + PE
    Total System Jitter     (TSJ):    0.071ns
    Discrete Jitter          (DJ):    0.201ns
    Phase Error              (PE):    0.000ns
  Clock Net Delay (Source):      1.626ns (routing 0.278ns, distribution 1.348ns)
  Clock Net Delay (Destination): 1.524ns (routing 0.249ns, distribution 1.275ns)

    Location             Delay type                Incr(ns)  Path(ns)    Netlist Resource(s)
  -------------------------------------------------------------------    -------------------
                         (clock clk_pl_0 rise edge)
                                                      0.000     0.000 r  
    PS8_X0Y0             PS8                          0.000     0.000 r  SoC_i/zynq_ultra_ps_e_0/inst/PS8_i/PLCLK[0]
                         net (fo=1, routed)           0.180     0.180    SoC_i/zynq_ultra_ps_e_0/inst/pl_clk_unbuffered[0]
    BUFG_PS_X0Y88        BUFG_PS (Prop_BUFG_PS_I_O)
                                                      0.028     0.208 r  SoC_i/zynq_ultra_ps_e_0/inst/buffer_pl_clk_0.PL_CLK_0_BUFG/O
    X1Y3 (CLOCK_ROOT)    net (fo=52634, routed)       1.626     1.834    SoC_i/VPU_Top_0/inst/u_my_ip/u_axi4_mapping/u_gemv/s00_axi_aclk
    SLICE_X35Y299        FDRE                                         r  SoC_i/VPU_Top_0/inst/u_my_ip/u_axi4_mapping/u_gemv/result_write_is_i8_r_reg/C
  -------------------------------------------------------------------    -------------------
    SLICE_X35Y299        FDRE (Prop_DFF2_SLICEM_C_Q)
                                                      0.080     1.914 r  SoC_i/VPU_Top_0/inst/u_my_ip/u_axi4_mapping/u_gemv/result_write_is_i8_r_reg/Q
                         net (fo=36, routed)          2.317     4.231    SoC_i/VPU_Top_0/inst/u_my_ip/u_axi4_mapping/u_gemv/GEN_RESULT_BANK[1].u_result_bram/GEN_BLOCK_RAM.mem_reg_15_1
    SLICE_X98Y233        LUT6 (Prop_G6LUT_SLICEL_I3_O)
                                                      0.089     4.320 r  SoC_i/VPU_Top_0/inst/u_my_ip/u_axi4_mapping/u_gemv/GEN_RESULT_BANK[1].u_result_bram/GEN_BLOCK_RAM.mem_reg_4_i_9/O
                         net (fo=4, routed)           0.350     4.671    SoC_i/VPU_Top_0/inst/u_my_ip/u_axi4_mapping/u_gemv/GEN_RESULT_BANK[0].u_result_bram/p_0_in[4]
    SLICE_X98Y215        LUT2 (Prop_D6LUT_SLICEL_I0_O)
                                                      0.089     4.760 r  SoC_i/VPU_Top_0/inst/u_my_ip/u_axi4_mapping/u_gemv/GEN_RESULT_BANK[0].u_result_bram/GEN_BLOCK_RAM.mem_reg_4_ENBWREN_cooolgate_en_gate_37/O
                         net (fo=1, routed)           0.449     5.209    SoC_i/VPU_Top_0/inst/u_my_ip/u_axi4_mapping/u_gemv/GEN_RESULT_BANK[0].u_result_bram/GEN_BLOCK_RAM.mem_reg_4_ENBWREN_cooolgate_en_sig_19
    RAMB36_X3Y41         RAMB36E2                                     r  SoC_i/VPU_Top_0/inst/u_my_ip/u_axi4_mapping/u_gemv/GEN_RESULT_BANK[0].u_result_bram/GEN_BLOCK_RAM.mem_reg_4/ENBWREN
  -------------------------------------------------------------------    -------------------

                         (clock clk_pl_0 rise edge)
                                                      4.000     4.000 r  
    PS8_X0Y0             PS8                          0.000     4.000 r  SoC_i/zynq_ultra_ps_e_0/inst/PS8_i/PLCLK[0]
                         net (fo=1, routed)           0.143     4.143    SoC_i/zynq_ultra_ps_e_0/inst/pl_clk_unbuffered[0]
    BUFG_PS_X0Y88        BUFG_PS (Prop_BUFG_PS_I_O)
                                                      0.025     4.168 r  SoC_i/zynq_ultra_ps_e_0/inst/buffer_pl_clk_0.PL_CLK_0_BUFG/O
    X1Y3 (CLOCK_ROOT)    net (fo=52634, routed)       1.524     5.692    SoC_i/VPU_Top_0/inst/u_my_ip/u_axi4_mapping/u_gemv/GEN_RESULT_BANK[0].u_result_bram/s00_axi_aclk
    RAMB36_X3Y41         RAMB36E2                                     r  SoC_i/VPU_Top_0/inst/u_my_ip/u_axi4_mapping/u_gemv/GEN_RESULT_BANK[0].u_result_bram/GEN_BLOCK_RAM.mem_reg_4/CLKBWRCLK
                         clock pessimism              0.069     5.761    
                         clock uncertainty           -0.106     5.654    
    RAMB36_X3Y41         RAMB36E2 (Setup_RAMB36E2_RAMB36_CLKBWRCLK_ENBWREN)
                                                     -0.342     5.312    SoC_i/VPU_Top_0/inst/u_my_ip/u_axi4_mapping/u_gemv/GEN_RESULT_BANK[0].u_result_bram/GEN_BLOCK_RAM.mem_reg_4
  -------------------------------------------------------------------
                         required time                          5.312    
                         arrival time                          -5.209    
  -------------------------------------------------------------------
                         slack                                  0.103    

Slack (MET) :             0.109ns  (required time - arrival time)
  Source:                 SoC_i/VPU_Top_0/inst/u_my_ip/u_axi4_mapping/u_gemv/GEN_WEIGHT_TOP_BANK[0].GEN_WEIGHT_BANK[2].GEN_WEIGHT_ROW_SLOT[5].u_weight_bram_bank/GEN_ULTRA_RAM.u_xpm_ultra_ram/xpm_memory_base_inst/gen_wr_a.gen_word_narrow_wp.mem_reg_uram_0/CLK
                            (rising edge-triggered cell URAM288 clocked by clk_pl_0  {rise@0.000ns fall@2.000ns period=4.000ns})
  Destination:            SoC_i/VPU_Top_0/inst/u_my_ip/u_axi4_mapping/u_gemv/weight_quad3_pmau_data_reg[64]/D
                            (rising edge-triggered cell FDRE clocked by clk_pl_0  {rise@0.000ns fall@2.000ns period=4.000ns})
  Path Group:             clk_pl_0
  Path Type:              Setup (Max at Slow Process Corner)
  Requirement:            4.000ns  (clk_pl_0 rise@4.000ns - clk_pl_0 rise@0.000ns)
  Data Path Delay:        3.596ns  (logic 1.005ns (27.950%)  route 2.591ns (72.050%))
  Logic Levels:           3  (LUT6=1 MUXF7=1 MUXF8=1)
  Clock Path Skew:        -0.213ns (DCD - SCD + CPR)
    Destination Clock Delay (DCD):    1.509ns = ( 5.509 - 4.000 ) 
    Source Clock Delay      (SCD):    1.799ns
    Clock Pessimism Removal (CPR):    0.077ns
  Clock Uncertainty:      0.106ns  ((TSJ^2 + DJ^2)^1/2) / 2 + PE
    Total System Jitter     (TSJ):    0.071ns
    Discrete Jitter          (DJ):    0.201ns
    Phase Error              (PE):    0.000ns
  Clock Net Delay (Source):      1.591ns (routing 0.278ns, distribution 1.313ns)
  Clock Net Delay (Destination): 1.341ns (routing 0.249ns, distribution 1.092ns)

    Location             Delay type                Incr(ns)  Path(ns)    Netlist Resource(s)
  -------------------------------------------------------------------    -------------------
                         (clock clk_pl_0 rise edge)
                                                      0.000     0.000 r  
    PS8_X0Y0             PS8                          0.000     0.000 r  SoC_i/zynq_ultra_ps_e_0/inst/PS8_i/PLCLK[0]
                         net (fo=1, routed)           0.180     0.180    SoC_i/zynq_ultra_ps_e_0/inst/pl_clk_unbuffered[0]
    BUFG_PS_X0Y88        BUFG_PS (Prop_BUFG_PS_I_O)
                                                      0.028     0.208 r  SoC_i/zynq_ultra_ps_e_0/inst/buffer_pl_clk_0.PL_CLK_0_BUFG/O
    X1Y3 (CLOCK_ROOT)    net (fo=52634, routed)       1.591     1.799    SoC_i/VPU_Top_0/inst/u_my_ip/u_axi4_mapping/u_gemv/GEN_WEIGHT_TOP_BANK[0].GEN_WEIGHT_BANK[2].GEN_WEIGHT_ROW_SLOT[5].u_weight_bram_bank/GEN_ULTRA_RAM.u_xpm_ultra_ram/xpm_memory_base_inst/clka
    URAM288_X0Y92        URAM288                                      r  SoC_i/VPU_Top_0/inst/u_my_ip/u_axi4_mapping/u_gemv/GEN_WEIGHT_TOP_BANK[0].GEN_WEIGHT_BANK[2].GEN_WEIGHT_ROW_SLOT[5].u_weight_bram_bank/GEN_ULTRA_RAM.u_xpm_ultra_ram/xpm_memory_base_inst/gen_wr_a.gen_word_narrow_wp.mem_reg_uram_0/CLK
  -------------------------------------------------------------------    -------------------
    URAM288_X0Y92        URAM288 (Prop_URAM_288K_INST_URAM288_CLK_DOUT_A[0])
                                                      0.767     2.566 r  SoC_i/VPU_Top_0/inst/u_my_ip/u_axi4_mapping/u_gemv/GEN_WEIGHT_TOP_BANK[0].GEN_WEIGHT_BANK[2].GEN_WEIGHT_ROW_SLOT[5].u_weight_bram_bank/GEN_ULTRA_RAM.u_xpm_ultra_ram/xpm_memory_base_inst/gen_wr_a.gen_word_narrow_wp.mem_reg_uram_0/DOUT_A[0]
                         net (fo=8, routed)           2.534     5.100    SoC_i/VPU_Top_0/inst/u_my_ip/u_axi4_mapping/u_gemv/GEN_WEIGHT_TOP_BANK[0].GEN_WEIGHT_BANK[2].GEN_WEIGHT_ROW_SLOT[7].u_weight_bram_bank/weight_quad5_pmau_data_reg[95][0]
    SLICE_X56Y296        LUT6 (Prop_G6LUT_SLICEM_I3_O)
                                                      0.150     5.250 r  SoC_i/VPU_Top_0/inst/u_my_ip/u_axi4_mapping/u_gemv/GEN_WEIGHT_TOP_BANK[0].GEN_WEIGHT_BANK[2].GEN_WEIGHT_ROW_SLOT[7].u_weight_bram_bank/weight_quad3_pmau_data[64]_i_5/O
                         net (fo=1, routed)           0.017     5.267    SoC_i/VPU_Top_0/inst/u_my_ip/u_axi4_mapping/u_gemv/GEN_WEIGHT_TOP_BANK[0].GEN_WEIGHT_BANK[2].GEN_WEIGHT_ROW_SLOT[3].u_weight_bram_bank/weight_quad3_pmau_data_reg[64]_0
    SLICE_X56Y296        MUXF7 (Prop_F7MUX_GH_SLICEM_I1_O)
                                                      0.060     5.327 r  SoC_i/VPU_Top_0/inst/u_my_ip/u_axi4_mapping/u_gemv/GEN_WEIGHT_TOP_BANK[0].GEN_WEIGHT_BANK[2].GEN_WEIGHT_ROW_SLOT[3].u_weight_bram_bank/weight_quad3_pmau_data_reg[64]_i_2/O
                         net (fo=1, routed)           0.000     5.327    SoC_i/VPU_Top_0/inst/u_my_ip/u_axi4_mapping/u_gemv/GEN_WEIGHT_TOP_BANK[0].GEN_WEIGHT_BANK[2].GEN_WEIGHT_ROW_SLOT[3].u_weight_bram_bank/weight_quad3_pmau_data_reg[64]_i_2_n_0
    SLICE_X56Y296        MUXF8 (Prop_F8MUX_TOP_SLICEM_I0_O)
                                                      0.028     5.355 r  SoC_i/VPU_Top_0/inst/u_my_ip/u_axi4_mapping/u_gemv/GEN_WEIGHT_TOP_BANK[0].GEN_WEIGHT_BANK[2].GEN_WEIGHT_ROW_SLOT[3].u_weight_bram_bank/weight_quad3_pmau_data_reg[64]_i_1/O
                         net (fo=1, routed)           0.040     5.395    SoC_i/VPU_Top_0/inst/u_my_ip/u_axi4_mapping/u_gemv/weight_quad3_compute_data[64]
    SLICE_X56Y296        FDRE                                         r  SoC_i/VPU_Top_0/inst/u_my_ip/u_axi4_mapping/u_gemv/weight_quad3_pmau_data_reg[64]/D
  -------------------------------------------------------------------    -------------------

                         (clock clk_pl_0 rise edge)
                                                      4.000     4.000 r  
    PS8_X0Y0             PS8                          0.000     4.000 r  SoC_i/zynq_ultra_ps_e_0/inst/PS8_i/PLCLK[0]
                         net (fo=1, routed)           0.143     4.143    SoC_i/zynq_ultra_ps_e_0/inst/pl_clk_unbuffered[0]
    BUFG_PS_X0Y88        BUFG_PS (Prop_BUFG_PS_I_O)
                                                      0.025     4.168 r  SoC_i/zynq_ultra_ps_e_0/inst/buffer_pl_clk_0.PL_CLK_0_BUFG/O
    X1Y3 (CLOCK_ROOT)    net (fo=52634, routed)       1.341     5.509    SoC_i/VPU_Top_0/inst/u_my_ip/u_axi4_mapping/u_gemv/s00_axi_aclk
    SLICE_X56Y296        FDRE                                         r  SoC_i/VPU_Top_0/inst/u_my_ip/u_axi4_mapping/u_gemv/weight_quad3_pmau_data_reg[64]/C
                         clock pessimism              0.077     5.586    
                         clock uncertainty           -0.106     5.479    
    SLICE_X56Y296        FDRE (Setup_GFF_SLICEM_C_D)
                                                      0.025     5.504    SoC_i/VPU_Top_0/inst/u_my_ip/u_axi4_mapping/u_gemv/weight_quad3_pmau_data_reg[64]
  -------------------------------------------------------------------
                         required time                          5.504    
                         arrival time                          -5.395    
  -------------------------------------------------------------------
                         slack                                  0.109    





Min Delay Paths
--------------------------------------------------------------------------------------
Slack (MET) :             0.009ns  (arrival time - required time)
  Source:                 SoC_i/VPU_Top_0/inst/u_my_ip/u_axi4_mapping/u_gemv/u_pmau/mult_pipe_reg[0][11]/C
                            (rising edge-triggered cell FDRE clocked by clk_pl_0  {rise@0.000ns fall@2.000ns period=4.000ns})
  Destination:            SoC_i/VPU_Top_0/inst/u_my_ip/u_axi4_mapping/u_gemv/u_pmau/sum_pipe_reg[0][0][11]/D
                            (rising edge-triggered cell FDRE clocked by clk_pl_0  {rise@0.000ns fall@2.000ns period=4.000ns})
  Path Group:             clk_pl_0
  Path Type:              Hold (Min at Slow Process Corner)
  Requirement:            0.000ns  (clk_pl_0 rise@0.000ns - clk_pl_0 rise@0.000ns)
  Data Path Delay:        0.223ns  (logic 0.111ns (49.856%)  route 0.112ns (50.144%))
  Logic Levels:           2  (CARRY8=1 LUT2=1)
  Clock Path Skew:        0.153ns (DCD - SCD - CPR)
    Destination Clock Delay (DCD):    1.851ns
    Source Clock Delay      (SCD):    1.555ns
    Clock Pessimism Removal (CPR):    0.143ns
  Clock Net Delay (Source):      1.387ns (routing 0.249ns, distribution 1.138ns)
  Clock Net Delay (Destination): 1.643ns (routing 0.278ns, distribution 1.365ns)

    Location             Delay type                Incr(ns)  Path(ns)    Netlist Resource(s)
  -------------------------------------------------------------------    -------------------
                         (clock clk_pl_0 rise edge)
                                                      0.000     0.000 r  
    PS8_X0Y0             PS8                          0.000     0.000 r  SoC_i/zynq_ultra_ps_e_0/inst/PS8_i/PLCLK[0]
                         net (fo=1, routed)           0.143     0.143    SoC_i/zynq_ultra_ps_e_0/inst/pl_clk_unbuffered[0]
    BUFG_PS_X0Y88        BUFG_PS (Prop_BUFG_PS_I_O)
                                                      0.025     0.168 r  SoC_i/zynq_ultra_ps_e_0/inst/buffer_pl_clk_0.PL_CLK_0_BUFG/O
    X1Y3 (CLOCK_ROOT)    net (fo=52634, routed)       1.387     1.555    SoC_i/VPU_Top_0/inst/u_my_ip/u_axi4_mapping/u_gemv/u_pmau/s00_axi_aclk
    SLICE_X42Y303        FDRE                                         r  SoC_i/VPU_Top_0/inst/u_my_ip/u_axi4_mapping/u_gemv/u_pmau/mult_pipe_reg[0][11]/C
  -------------------------------------------------------------------    -------------------
    SLICE_X42Y303        FDRE (Prop_EFF_SLICEM_C_Q)
                                                      0.058     1.613 r  SoC_i/VPU_Top_0/inst/u_my_ip/u_axi4_mapping/u_gemv/u_pmau/mult_pipe_reg[0][11]/Q
                         net (fo=2, routed)           0.082     1.695    SoC_i/VPU_Top_0/inst/u_my_ip/u_axi4_mapping/u_gemv/u_pmau/mult_pipe_reg[0]_820[11]
    SLICE_X41Y304        LUT2 (Prop_D6LUT_SLICEM_I0_O)
                                                      0.022     1.717 r  SoC_i/VPU_Top_0/inst/u_my_ip/u_axi4_mapping/u_gemv/u_pmau/sum_pipe[0][0][15]_i_7/O
                         net (fo=1, routed)           0.020     1.737    SoC_i/VPU_Top_0/inst/u_my_ip/u_axi4_mapping/u_gemv/u_pmau/sum_pipe[0][0][15]_i_7_n_0
    SLICE_X41Y304        CARRY8 (Prop_CARRY8_SLICEM_S[3]_O[3])
                                                      0.031     1.768 r  SoC_i/VPU_Top_0/inst/u_my_ip/u_axi4_mapping/u_gemv/u_pmau/sum_pipe_reg[0][0][15]_i_1/O[3]
                         net (fo=1, routed)           0.010     1.778    SoC_i/VPU_Top_0/inst/u_my_ip/u_axi4_mapping/u_gemv/u_pmau/sum_comb[0][0]_821[11]
    SLICE_X41Y304        FDRE                                         r  SoC_i/VPU_Top_0/inst/u_my_ip/u_axi4_mapping/u_gemv/u_pmau/sum_pipe_reg[0][0][11]/D
  -------------------------------------------------------------------    -------------------

                         (clock clk_pl_0 rise edge)
                                                      0.000     0.000 r  
    PS8_X0Y0             PS8                          0.000     0.000 r  SoC_i/zynq_ultra_ps_e_0/inst/PS8_i/PLCLK[0]
                         net (fo=1, routed)           0.180     0.180    SoC_i/zynq_ultra_ps_e_0/inst/pl_clk_unbuffered[0]
    BUFG_PS_X0Y88        BUFG_PS (Prop_BUFG_PS_I_O)
                                                      0.028     0.208 r  SoC_i/zynq_ultra_ps_e_0/inst/buffer_pl_clk_0.PL_CLK_0_BUFG/O
    X1Y3 (CLOCK_ROOT)    net (fo=52634, routed)       1.643     1.851    SoC_i/VPU_Top_0/inst/u_my_ip/u_axi4_mapping/u_gemv/u_pmau/s00_axi_aclk
    SLICE_X41Y304        FDRE                                         r  SoC_i/VPU_Top_0/inst/u_my_ip/u_axi4_mapping/u_gemv/u_pmau/sum_pipe_reg[0][0][11]/C
                         clock pessimism             -0.143     1.709    
    SLICE_X41Y304        FDRE (Hold_DFF_SLICEM_C_D)
                                                      0.060     1.769    SoC_i/VPU_Top_0/inst/u_my_ip/u_axi4_mapping/u_gemv/u_pmau/sum_pipe_reg[0][0][11]
  -------------------------------------------------------------------
                         required time                         -1.769    
                         arrival time                           1.778    
  -------------------------------------------------------------------
                         slack                                  0.009    

Slack (MET) :             0.010ns  (arrival time - required time)
  Source:                 SoC_i/axi_smc/inst/s01_entry_pipeline/s01_si_converter/inst/converter.wrap_narrow_inst/ar_reg_slice/m_vector_i_reg[201]/C
                            (rising edge-triggered cell FDRE clocked by clk_pl_0  {rise@0.000ns fall@2.000ns period=4.000ns})
  Destination:            SoC_i/axi_smc/inst/s01_nodes/s01_ar_node/inst/inst_mi_handler/gen_normal_area.inst_fifo_node_payld/gen_xpm_memory_fifo.inst_fifo/gen_mem_rep[0].inst_xpm_memory/xpm_memory_base_inst/gen_wr_a.gen_word_narrow.mem_reg_0_31_98_111/RAMF/I
                            (rising edge-triggered cell RAMD32 clocked by clk_pl_0  {rise@0.000ns fall@2.000ns period=4.000ns})
  Path Group:             clk_pl_0
  Path Type:              Hold (Min at Slow Process Corner)
  Requirement:            0.000ns  (clk_pl_0 rise@0.000ns - clk_pl_0 rise@0.000ns)
  Data Path Delay:        0.187ns  (logic 0.060ns (32.086%)  route 0.127ns (67.914%))
  Logic Levels:           0  
  Clock Path Skew:        0.099ns (DCD - SCD - CPR)
    Destination Clock Delay (DCD):    1.765ns
    Source Clock Delay      (SCD):    1.481ns
    Clock Pessimism Removal (CPR):    0.184ns
  Clock Net Delay (Source):      1.313ns (routing 0.249ns, distribution 1.064ns)
  Clock Net Delay (Destination): 1.557ns (routing 0.278ns, distribution 1.279ns)

    Location             Delay type                Incr(ns)  Path(ns)    Netlist Resource(s)
  -------------------------------------------------------------------    -------------------
                         (clock clk_pl_0 rise edge)
                                                      0.000     0.000 r  
    PS8_X0Y0             PS8                          0.000     0.000 r  SoC_i/zynq_ultra_ps_e_0/inst/PS8_i/PLCLK[0]
                         net (fo=1, routed)           0.143     0.143    SoC_i/zynq_ultra_ps_e_0/inst/pl_clk_unbuffered[0]
    BUFG_PS_X0Y88        BUFG_PS (Prop_BUFG_PS_I_O)
                                                      0.025     0.168 r  SoC_i/zynq_ultra_ps_e_0/inst/buffer_pl_clk_0.PL_CLK_0_BUFG/O
    X1Y3 (CLOCK_ROOT)    net (fo=52634, routed)       1.313     1.481    SoC_i/axi_smc/inst/s01_entry_pipeline/s01_si_converter/inst/converter.wrap_narrow_inst/ar_reg_slice/aclk
    SLICE_X58Y123        FDRE                                         r  SoC_i/axi_smc/inst/s01_entry_pipeline/s01_si_converter/inst/converter.wrap_narrow_inst/ar_reg_slice/m_vector_i_reg[201]/C
  -------------------------------------------------------------------    -------------------
    SLICE_X58Y123        FDRE (Prop_BFF2_SLICEL_C_Q)
                                                      0.060     1.541 r  SoC_i/axi_smc/inst/s01_entry_pipeline/s01_si_converter/inst/converter.wrap_narrow_inst/ar_reg_slice/m_vector_i_reg[201]/Q
                         net (fo=1, routed)           0.127     1.668    SoC_i/axi_smc/inst/s01_nodes/s01_ar_node/inst/inst_mi_handler/gen_normal_area.inst_fifo_node_payld/gen_xpm_memory_fifo.inst_fifo/gen_mem_rep[0].inst_xpm_memory/xpm_memory_base_inst/gen_wr_a.gen_word_narrow.mem_reg_0_31_98_111/DIF0
    SLICE_X57Y122        RAMD32                                       r  SoC_i/axi_smc/inst/s01_nodes/s01_ar_node/inst/inst_mi_handler/gen_normal_area.inst_fifo_node_payld/gen_xpm_memory_fifo.inst_fifo/gen_mem_rep[0].inst_xpm_memory/xpm_memory_base_inst/gen_wr_a.gen_word_narrow.mem_reg_0_31_98_111/RAMF/I
  -------------------------------------------------------------------    -------------------

                         (clock clk_pl_0 rise edge)
                                                      0.000     0.000 r  
    PS8_X0Y0             PS8                          0.000     0.000 r  SoC_i/zynq_ultra_ps_e_0/inst/PS8_i/PLCLK[0]
                         net (fo=1, routed)           0.180     0.180    SoC_i/zynq_ultra_ps_e_0/inst/pl_clk_unbuffered[0]
    BUFG_PS_X0Y88        BUFG_PS (Prop_BUFG_PS_I_O)
                                                      0.028     0.208 r  SoC_i/zynq_ultra_ps_e_0/inst/buffer_pl_clk_0.PL_CLK_0_BUFG/O
    X1Y3 (CLOCK_ROOT)    net (fo=52634, routed)       1.557     1.765    SoC_i/axi_smc/inst/s01_nodes/s01_ar_node/inst/inst_mi_handler/gen_normal_area.inst_fifo_node_payld/gen_xpm_memory_fifo.inst_fifo/gen_mem_rep[0].inst_xpm_memory/xpm_memory_base_inst/gen_wr_a.gen_word_narrow.mem_reg_0_31_98_111/WCLK
    SLICE_X57Y122        RAMD32                                       r  SoC_i/axi_smc/inst/s01_nodes/s01_ar_node/inst/inst_mi_handler/gen_normal_area.inst_fifo_node_payld/gen_xpm_memory_fifo.inst_fifo/gen_mem_rep[0].inst_xpm_memory/xpm_memory_base_inst/gen_wr_a.gen_word_narrow.mem_reg_0_31_98_111/RAMF/CLK
                         clock pessimism             -0.184     1.581    
    SLICE_X57Y122        RAMD32 (Hold_F5LUT_SLICEM_CLK_I)
                                                      0.078     1.659    SoC_i/axi_smc/inst/s01_nodes/s01_ar_node/inst/inst_mi_handler/gen_normal_area.inst_fifo_node_payld/gen_xpm_memory_fifo.inst_fifo/gen_mem_rep[0].inst_xpm_memory/xpm_memory_base_inst/gen_wr_a.gen_word_narrow.mem_reg_0_31_98_111/RAMF
  -------------------------------------------------------------------
                         required time                         -1.659    
                         arrival time                           1.668    
  -------------------------------------------------------------------
                         slack                                  0.010    

Slack (MET) :             0.010ns  (arrival time - required time)
  Source:                 SoC_i/VPU_Top_0/inst/u_my_ip/u_axi4_mapping/u_spu/u_vpu_stream8/GEN_ACCUM8[3].u_accum/out_accum_q16_reg[23]/C
                            (rising edge-triggered cell FDRE clocked by clk_pl_0  {rise@0.000ns fall@2.000ns period=4.000ns})
  Destination:            SoC_i/VPU_Top_0/inst/u_my_ip/u_axi4_mapping/u_spu/u_vpu_stream8/final_q16_r_reg[3][23]/D
                            (rising edge-triggered cell FDRE clocked by clk_pl_0  {rise@0.000ns fall@2.000ns period=4.000ns})
  Path Group:             clk_pl_0
  Path Type:              Hold (Min at Slow Process Corner)
  Requirement:            0.000ns  (clk_pl_0 rise@0.000ns - clk_pl_0 rise@0.000ns)
  Data Path Delay:        0.163ns  (logic 0.058ns (35.583%)  route 0.105ns (64.417%))
  Logic Levels:           0  
  Clock Path Skew:        0.091ns (DCD - SCD - CPR)
    Destination Clock Delay (DCD):    1.849ns
    Source Clock Delay      (SCD):    1.615ns
    Clock Pessimism Removal (CPR):    0.142ns
  Clock Net Delay (Source):      1.447ns (routing 0.249ns, distribution 1.198ns)
  Clock Net Delay (Destination): 1.641ns (routing 0.278ns, distribution 1.363ns)

    Location             Delay type                Incr(ns)  Path(ns)    Netlist Resource(s)
  -------------------------------------------------------------------    -------------------
                         (clock clk_pl_0 rise edge)
                                                      0.000     0.000 r  
    PS8_X0Y0             PS8                          0.000     0.000 r  SoC_i/zynq_ultra_ps_e_0/inst/PS8_i/PLCLK[0]
                         net (fo=1, routed)           0.143     0.143    SoC_i/zynq_ultra_ps_e_0/inst/pl_clk_unbuffered[0]
    BUFG_PS_X0Y88        BUFG_PS (Prop_BUFG_PS_I_O)
                                                      0.025     0.168 r  SoC_i/zynq_ultra_ps_e_0/inst/buffer_pl_clk_0.PL_CLK_0_BUFG/O
    X1Y3 (CLOCK_ROOT)    net (fo=52634, routed)       1.447     1.615    SoC_i/VPU_Top_0/inst/u_my_ip/u_axi4_mapping/u_spu/u_vpu_stream8/GEN_ACCUM8[3].u_accum/s00_axi_aclk
    SLICE_X33Y252        FDRE                                         r  SoC_i/VPU_Top_0/inst/u_my_ip/u_axi4_mapping/u_spu/u_vpu_stream8/GEN_ACCUM8[3].u_accum/out_accum_q16_reg[23]/C
  -------------------------------------------------------------------    -------------------
    SLICE_X33Y252        FDRE (Prop_HFF_SLICEL_C_Q)
                                                      0.058     1.673 r  SoC_i/VPU_Top_0/inst/u_my_ip/u_axi4_mapping/u_spu/u_vpu_stream8/GEN_ACCUM8[3].u_accum/out_accum_q16_reg[23]/Q
                         net (fo=1, routed)           0.105     1.778    SoC_i/VPU_Top_0/inst/u_my_ip/u_axi4_mapping/u_spu/u_vpu_stream8/p_1_in_2[23]
    SLICE_X32Y253        FDRE                                         r  SoC_i/VPU_Top_0/inst/u_my_ip/u_axi4_mapping/u_spu/u_vpu_stream8/final_q16_r_reg[3][23]/D
  -------------------------------------------------------------------    -------------------

                         (clock clk_pl_0 rise edge)
                                                      0.000     0.000 r  
    PS8_X0Y0             PS8                          0.000     0.000 r  SoC_i/zynq_ultra_ps_e_0/inst/PS8_i/PLCLK[0]
                         net (fo=1, routed)           0.180     0.180    SoC_i/zynq_ultra_ps_e_0/inst/pl_clk_unbuffered[0]
    BUFG_PS_X0Y88        BUFG_PS (Prop_BUFG_PS_I_O)
                                                      0.028     0.208 r  SoC_i/zynq_ultra_ps_e_0/inst/buffer_pl_clk_0.PL_CLK_0_BUFG/O
    X1Y3 (CLOCK_ROOT)    net (fo=52634, routed)       1.641     1.849    SoC_i/VPU_Top_0/inst/u_my_ip/u_axi4_mapping/u_spu/u_vpu_stream8/s00_axi_aclk
    SLICE_X32Y253        FDRE                                         r  SoC_i/VPU_Top_0/inst/u_my_ip/u_axi4_mapping/u_spu/u_vpu_stream8/final_q16_r_reg[3][23]/C
                         clock pessimism             -0.142     1.706    
    SLICE_X32Y253        FDRE (Hold_FFF2_SLICEL_C_D)
                                                      0.062     1.768    SoC_i/VPU_Top_0/inst/u_my_ip/u_axi4_mapping/u_spu/u_vpu_stream8/final_q16_r_reg[3][23]
  -------------------------------------------------------------------
                         required time                         -1.768    
                         arrival time                           1.778    
  -------------------------------------------------------------------
                         slack                                  0.010    

Slack (MET) :             0.010ns  (arrival time - required time)
  Source:                 SoC_i/VPU_Top_0/inst/u_my_ip/u_axi4_mapping/u_gemv/weight_wr_addr_leaf_reg[28][8]/C
                            (rising edge-triggered cell FDRE clocked by clk_pl_0  {rise@0.000ns fall@2.000ns period=4.000ns})
  Destination:            SoC_i/VPU_Top_0/inst/u_my_ip/u_axi4_mapping/u_gemv/GEN_WEIGHT_TOP_BANK[0].GEN_WEIGHT_BANK[3].GEN_WEIGHT_ROW_SLOT[4].u_weight_bram_bank/GEN_ULTRA_RAM.u_xpm_ultra_ram/xpm_memory_base_inst/gen_wr_a.gen_word_narrow_wp.mem_reg_uram_0/ADDR_B[8]
                            (rising edge-triggered cell URAM288 clocked by clk_pl_0  {rise@0.000ns fall@2.000ns period=4.000ns})
  Path Group:             clk_pl_0
  Path Type:              Hold (Min at Slow Process Corner)
  Requirement:            0.000ns  (clk_pl_0 rise@0.000ns - clk_pl_0 rise@0.000ns)
  Data Path Delay:        0.111ns  (logic 0.059ns (53.153%)  route 0.052ns (46.847%))
  Logic Levels:           0  
  Clock Path Skew:        0.131ns (DCD - SCD - CPR)
    Destination Clock Delay (DCD):    1.801ns
    Source Clock Delay      (SCD):    1.530ns
    Clock Pessimism Removal (CPR):    0.140ns
  Clock Net Delay (Source):      1.362ns (routing 0.249ns, distribution 1.113ns)
  Clock Net Delay (Destination): 1.593ns (routing 0.278ns, distribution 1.315ns)

    Location             Delay type                Incr(ns)  Path(ns)    Netlist Resource(s)
  -------------------------------------------------------------------    -------------------
                         (clock clk_pl_0 rise edge)
                                                      0.000     0.000 r  
    PS8_X0Y0             PS8                          0.000     0.000 r  SoC_i/zynq_ultra_ps_e_0/inst/PS8_i/PLCLK[0]
                         net (fo=1, routed)           0.143     0.143    SoC_i/zynq_ultra_ps_e_0/inst/pl_clk_unbuffered[0]
    BUFG_PS_X0Y88        BUFG_PS (Prop_BUFG_PS_I_O)
                                                      0.025     0.168 r  SoC_i/zynq_ultra_ps_e_0/inst/buffer_pl_clk_0.PL_CLK_0_BUFG/O
    X1Y3 (CLOCK_ROOT)    net (fo=52634, routed)       1.362     1.530    SoC_i/VPU_Top_0/inst/u_my_ip/u_axi4_mapping/u_gemv/s00_axi_aclk
    SLICE_X62Y349        FDRE                                         r  SoC_i/VPU_Top_0/inst/u_my_ip/u_axi4_mapping/u_gemv/weight_wr_addr_leaf_reg[28][8]/C
  -------------------------------------------------------------------    -------------------
    SLICE_X62Y349        FDRE (Prop_DFF_SLICEL_C_Q)
                                                      0.059     1.589 r  SoC_i/VPU_Top_0/inst/u_my_ip/u_axi4_mapping/u_gemv/weight_wr_addr_leaf_reg[28][8]/Q
                         net (fo=1, routed)           0.052     1.641    SoC_i/VPU_Top_0/inst/u_my_ip/u_axi4_mapping/u_gemv/GEN_WEIGHT_TOP_BANK[0].GEN_WEIGHT_BANK[3].GEN_WEIGHT_ROW_SLOT[4].u_weight_bram_bank/GEN_ULTRA_RAM.u_xpm_ultra_ram/xpm_memory_base_inst/addra[8]
    URAM288_X0Y93        URAM288                                      r  SoC_i/VPU_Top_0/inst/u_my_ip/u_axi4_mapping/u_gemv/GEN_WEIGHT_TOP_BANK[0].GEN_WEIGHT_BANK[3].GEN_WEIGHT_ROW_SLOT[4].u_weight_bram_bank/GEN_ULTRA_RAM.u_xpm_ultra_ram/xpm_memory_base_inst/gen_wr_a.gen_word_narrow_wp.mem_reg_uram_0/ADDR_B[8]
  -------------------------------------------------------------------    -------------------

                         (clock clk_pl_0 rise edge)
                                                      0.000     0.000 r  
    PS8_X0Y0             PS8                          0.000     0.000 r  SoC_i/zynq_ultra_ps_e_0/inst/PS8_i/PLCLK[0]
                         net (fo=1, routed)           0.180     0.180    SoC_i/zynq_ultra_ps_e_0/inst/pl_clk_unbuffered[0]
    BUFG_PS_X0Y88        BUFG_PS (Prop_BUFG_PS_I_O)
                                                      0.028     0.208 r  SoC_i/zynq_ultra_ps_e_0/inst/buffer_pl_clk_0.PL_CLK_0_BUFG/O
    X1Y3 (CLOCK_ROOT)    net (fo=52634, routed)       1.593     1.801    SoC_i/VPU_Top_0/inst/u_my_ip/u_axi4_mapping/u_gemv/GEN_WEIGHT_TOP_BANK[0].GEN_WEIGHT_BANK[3].GEN_WEIGHT_ROW_SLOT[4].u_weight_bram_bank/GEN_ULTRA_RAM.u_xpm_ultra_ram/xpm_memory_base_inst/clka
    URAM288_X0Y93        URAM288                                      r  SoC_i/VPU_Top_0/inst/u_my_ip/u_axi4_mapping/u_gemv/GEN_WEIGHT_TOP_BANK[0].GEN_WEIGHT_BANK[3].GEN_WEIGHT_ROW_SLOT[4].u_weight_bram_bank/GEN_ULTRA_RAM.u_xpm_ultra_ram/xpm_memory_base_inst/gen_wr_a.gen_word_narrow_wp.mem_reg_uram_0/CLK
                         clock pessimism             -0.140     1.661    
    URAM288_X0Y93        URAM288 (Hold_URAM_288K_INST_URAM288_CLK_ADDR_B[8])
                                                     -0.030     1.631    SoC_i/VPU_Top_0/inst/u_my_ip/u_axi4_mapping/u_gemv/GEN_WEIGHT_TOP_BANK[0].GEN_WEIGHT_BANK[3].GEN_WEIGHT_ROW_SLOT[4].u_weight_bram_bank/GEN_ULTRA_RAM.u_xpm_ultra_ram/xpm_memory_base_inst/gen_wr_a.gen_word_narrow_wp.mem_reg_uram_0
  -------------------------------------------------------------------
                         required time                         -1.631    
                         arrival time                           1.641    
  -------------------------------------------------------------------
                         slack                                  0.010    

Slack (MET) :             0.010ns  (arrival time - required time)
  Source:                 SoC_i/axi_smc/inst/m00_exit_pipeline/m00_exit/inst/r_reg/m_vector_i_reg[1168]/C
                            (rising edge-triggered cell FDRE clocked by clk_pl_0  {rise@0.000ns fall@2.000ns period=4.000ns})
  Destination:            SoC_i/axi_smc/inst/m00_nodes/m00_r_node/inst/inst_mi_handler/gen_normal_area.inst_fifo_node_payld/gen_xpm_memory_fifo.inst_fifo/gen_mem_rep[0].inst_xpm_memory/xpm_memory_base_inst/gen_wr_a.gen_word_narrow.mem_reg_0_31_126_139/RAMC/I
                            (rising edge-triggered cell RAMD32 clocked by clk_pl_0  {rise@0.000ns fall@2.000ns period=4.000ns})
  Path Group:             clk_pl_0
  Path Type:              Hold (Min at Slow Process Corner)
  Requirement:            0.000ns  (clk_pl_0 rise@0.000ns - clk_pl_0 rise@0.000ns)
  Data Path Delay:        0.208ns  (logic 0.060ns (28.846%)  route 0.148ns (71.154%))
  Logic Levels:           0  
  Clock Path Skew:        0.120ns (DCD - SCD - CPR)
    Destination Clock Delay (DCD):    1.719ns
    Source Clock Delay      (SCD):    1.468ns
    Clock Pessimism Removal (CPR):    0.130ns
  Clock Net Delay (Source):      1.300ns (routing 0.249ns, distribution 1.051ns)
  Clock Net Delay (Destination): 1.511ns (routing 0.278ns, distribution 1.233ns)

    Location             Delay type                Incr(ns)  Path(ns)    Netlist Resource(s)
  -------------------------------------------------------------------    -------------------
                         (clock clk_pl_0 rise edge)
                                                      0.000     0.000 r  
    PS8_X0Y0             PS8                          0.000     0.000 r  SoC_i/zynq_ultra_ps_e_0/inst/PS8_i/PLCLK[0]
                         net (fo=1, routed)           0.143     0.143    SoC_i/zynq_ultra_ps_e_0/inst/pl_clk_unbuffered[0]
    BUFG_PS_X0Y88        BUFG_PS (Prop_BUFG_PS_I_O)
                                                      0.025     0.168 r  SoC_i/zynq_ultra_ps_e_0/inst/buffer_pl_clk_0.PL_CLK_0_BUFG/O
    X1Y3 (CLOCK_ROOT)    net (fo=52634, routed)       1.300     1.468    SoC_i/axi_smc/inst/m00_exit_pipeline/m00_exit/inst/r_reg/aclk
    SLICE_X57Y193        FDRE                                         r  SoC_i/axi_smc/inst/m00_exit_pipeline/m00_exit/inst/r_reg/m_vector_i_reg[1168]/C
  -------------------------------------------------------------------    -------------------
    SLICE_X57Y193        FDRE (Prop_AFF2_SLICEM_C_Q)
                                                      0.060     1.528 r  SoC_i/axi_smc/inst/m00_exit_pipeline/m00_exit/inst/r_reg/m_vector_i_reg[1168]/Q
                         net (fo=1, routed)           0.148     1.676    SoC_i/axi_smc/inst/m00_nodes/m00_r_node/inst/inst_mi_handler/gen_normal_area.inst_fifo_node_payld/gen_xpm_memory_fifo.inst_fifo/gen_mem_rep[0].inst_xpm_memory/xpm_memory_base_inst/gen_wr_a.gen_word_narrow.mem_reg_0_31_126_139/DIC0
    SLICE_X56Y190        RAMD32                                       r  SoC_i/axi_smc/inst/m00_nodes/m00_r_node/inst/inst_mi_handler/gen_normal_area.inst_fifo_node_payld/gen_xpm_memory_fifo.inst_fifo/gen_mem_rep[0].inst_xpm_memory/xpm_memory_base_inst/gen_wr_a.gen_word_narrow.mem_reg_0_31_126_139/RAMC/I
  -------------------------------------------------------------------    -------------------

                         (clock clk_pl_0 rise edge)
                                                      0.000     0.000 r  
    PS8_X0Y0             PS8                          0.000     0.000 r  SoC_i/zynq_ultra_ps_e_0/inst/PS8_i/PLCLK[0]
                         net (fo=1, routed)           0.180     0.180    SoC_i/zynq_ultra_ps_e_0/inst/pl_clk_unbuffered[0]
    BUFG_PS_X0Y88        BUFG_PS (Prop_BUFG_PS_I_O)
                                                      0.028     0.208 r  SoC_i/zynq_ultra_ps_e_0/inst/buffer_pl_clk_0.PL_CLK_0_BUFG/O
    X1Y3 (CLOCK_ROOT)    net (fo=52634, routed)       1.511     1.719    SoC_i/axi_smc/inst/m00_nodes/m00_r_node/inst/inst_mi_handler/gen_normal_area.inst_fifo_node_payld/gen_xpm_memory_fifo.inst_fifo/gen_mem_rep[0].inst_xpm_memory/xpm_memory_base_inst/gen_wr_a.gen_word_narrow.mem_reg_0_31_126_139/WCLK
    SLICE_X56Y190        RAMD32                                       r  SoC_i/axi_smc/inst/m00_nodes/m00_r_node/inst/inst_mi_handler/gen_normal_area.inst_fifo_node_payld/gen_xpm_memory_fifo.inst_fifo/gen_mem_rep[0].inst_xpm_memory/xpm_memory_base_inst/gen_wr_a.gen_word_narrow.mem_reg_0_31_126_139/RAMC/CLK
                         clock pessimism             -0.130     1.588    
    SLICE_X56Y190        RAMD32 (Hold_C5LUT_SLICEM_CLK_I)
                                                      0.078     1.666    SoC_i/axi_smc/inst/m00_nodes/m00_r_node/inst/inst_mi_handler/gen_normal_area.inst_fifo_node_payld/gen_xpm_memory_fifo.inst_fifo/gen_mem_rep[0].inst_xpm_memory/xpm_memory_base_inst/gen_wr_a.gen_word_narrow.mem_reg_0_31_126_139/RAMC
  -------------------------------------------------------------------
                         required time                         -1.666    
                         arrival time                           1.676    
  -------------------------------------------------------------------
                         slack                                  0.010    

Slack (MET) :             0.010ns  (arrival time - required time)
  Source:                 SoC_i/axi_smc/inst/m00_exit_pipeline/m00_exit/inst/r_reg/m_vector_i_reg[1154]/C
                            (rising edge-triggered cell FDRE clocked by clk_pl_0  {rise@0.000ns fall@2.000ns period=4.000ns})
  Destination:            SoC_i/axi_smc/inst/m00_nodes/m00_r_node/inst/inst_mi_handler/gen_normal_area.inst_fifo_node_payld/gen_xpm_memory_fifo.inst_fifo/gen_mem_rep[0].inst_xpm_memory/xpm_memory_base_inst/gen_wr_a.gen_word_narrow.mem_reg_0_31_112_125/RAMC/I
                            (rising edge-triggered cell RAMD32 clocked by clk_pl_0  {rise@0.000ns fall@2.000ns period=4.000ns})
  Path Group:             clk_pl_0
  Path Type:              Hold (Min at Slow Process Corner)
  Requirement:            0.000ns  (clk_pl_0 rise@0.000ns - clk_pl_0 rise@0.000ns)
  Data Path Delay:        0.207ns  (logic 0.060ns (28.986%)  route 0.147ns (71.015%))
  Logic Levels:           0  
  Clock Path Skew:        0.119ns (DCD - SCD - CPR)
    Destination Clock Delay (DCD):    1.718ns
    Source Clock Delay      (SCD):    1.468ns
    Clock Pessimism Removal (CPR):    0.130ns
  Clock Net Delay (Source):      1.300ns (routing 0.249ns, distribution 1.051ns)
  Clock Net Delay (Destination): 1.510ns (routing 0.278ns, distribution 1.232ns)

    Location             Delay type                Incr(ns)  Path(ns)    Netlist Resource(s)
  -------------------------------------------------------------------    -------------------
                         (clock clk_pl_0 rise edge)
                                                      0.000     0.000 r  
    PS8_X0Y0             PS8                          0.000     0.000 r  SoC_i/zynq_ultra_ps_e_0/inst/PS8_i/PLCLK[0]
                         net (fo=1, routed)           0.143     0.143    SoC_i/zynq_ultra_ps_e_0/inst/pl_clk_unbuffered[0]
    BUFG_PS_X0Y88        BUFG_PS (Prop_BUFG_PS_I_O)
                                                      0.025     0.168 r  SoC_i/zynq_ultra_ps_e_0/inst/buffer_pl_clk_0.PL_CLK_0_BUFG/O
    X1Y3 (CLOCK_ROOT)    net (fo=52634, routed)       1.300     1.468    SoC_i/axi_smc/inst/m00_exit_pipeline/m00_exit/inst/r_reg/aclk
    SLICE_X57Y193        FDRE                                         r  SoC_i/axi_smc/inst/m00_exit_pipeline/m00_exit/inst/r_reg/m_vector_i_reg[1154]/C
  -------------------------------------------------------------------    -------------------
    SLICE_X57Y193        FDRE (Prop_BFF2_SLICEM_C_Q)
                                                      0.060     1.528 r  SoC_i/axi_smc/inst/m00_exit_pipeline/m00_exit/inst/r_reg/m_vector_i_reg[1154]/Q
                         net (fo=1, routed)           0.147     1.675    SoC_i/axi_smc/inst/m00_nodes/m00_r_node/inst/inst_mi_handler/gen_normal_area.inst_fifo_node_payld/gen_xpm_memory_fifo.inst_fifo/gen_mem_rep[0].inst_xpm_memory/xpm_memory_base_inst/gen_wr_a.gen_word_narrow.mem_reg_0_31_112_125/DIC0
    SLICE_X56Y192        RAMD32                                       r  SoC_i/axi_smc/inst/m00_nodes/m00_r_node/inst/inst_mi_handler/gen_normal_area.inst_fifo_node_payld/gen_xpm_memory_fifo.inst_fifo/gen_mem_rep[0].inst_xpm_memory/xpm_memory_base_inst/gen_wr_a.gen_word_narrow.mem_reg_0_31_112_125/RAMC/I
  -------------------------------------------------------------------    -------------------

                         (clock clk_pl_0 rise edge)
                                                      0.000     0.000 r  
    PS8_X0Y0             PS8                          0.000     0.000 r  SoC_i/zynq_ultra_ps_e_0/inst/PS8_i/PLCLK[0]
                         net (fo=1, routed)           0.180     0.180    SoC_i/zynq_ultra_ps_e_0/inst/pl_clk_unbuffered[0]
    BUFG_PS_X0Y88        BUFG_PS (Prop_BUFG_PS_I_O)
                                                      0.028     0.208 r  SoC_i/zynq_ultra_ps_e_0/inst/buffer_pl_clk_0.PL_CLK_0_BUFG/O
    X1Y3 (CLOCK_ROOT)    net (fo=52634, routed)       1.510     1.718    SoC_i/axi_smc/inst/m00_nodes/m00_r_node/inst/inst_mi_handler/gen_normal_area.inst_fifo_node_payld/gen_xpm_memory_fifo.inst_fifo/gen_mem_rep[0].inst_xpm_memory/xpm_memory_base_inst/gen_wr_a.gen_word_narrow.mem_reg_0_31_112_125/WCLK
    SLICE_X56Y192        RAMD32                                       r  SoC_i/axi_smc/inst/m00_nodes/m00_r_node/inst/inst_mi_handler/gen_normal_area.inst_fifo_node_payld/gen_xpm_memory_fifo.inst_fifo/gen_mem_rep[0].inst_xpm_memory/xpm_memory_base_inst/gen_wr_a.gen_word_narrow.mem_reg_0_31_112_125/RAMC/CLK
                         clock pessimism             -0.130     1.587    
    SLICE_X56Y192        RAMD32 (Hold_C5LUT_SLICEM_CLK_I)
                                                      0.078     1.665    SoC_i/axi_smc/inst/m00_nodes/m00_r_node/inst/inst_mi_handler/gen_normal_area.inst_fifo_node_payld/gen_xpm_memory_fifo.inst_fifo/gen_mem_rep[0].inst_xpm_memory/xpm_memory_base_inst/gen_wr_a.gen_word_narrow.mem_reg_0_31_112_125/RAMC
  -------------------------------------------------------------------
                         required time                         -1.665    
                         arrival time                           1.675    
  -------------------------------------------------------------------
                         slack                                  0.010    

Slack (MET) :             0.010ns  (arrival time - required time)
  Source:                 SoC_i/axi_smc/inst/m00_exit_pipeline/m00_exit/inst/r_reg/m_vector_i_reg[1151]/C
                            (rising edge-triggered cell FDRE clocked by clk_pl_0  {rise@0.000ns fall@2.000ns period=4.000ns})
  Destination:            SoC_i/axi_smc/inst/m00_nodes/m00_r_node/inst/inst_mi_handler/gen_normal_area.inst_fifo_node_payld/gen_xpm_memory_fifo.inst_fifo/gen_mem_rep[0].inst_xpm_memory/xpm_memory_base_inst/gen_wr_a.gen_word_narrow.mem_reg_0_31_112_125/RAMA_D1/I
                            (rising edge-triggered cell RAMD32 clocked by clk_pl_0  {rise@0.000ns fall@2.000ns period=4.000ns})
  Path Group:             clk_pl_0
  Path Type:              Hold (Min at Slow Process Corner)
  Requirement:            0.000ns  (clk_pl_0 rise@0.000ns - clk_pl_0 rise@0.000ns)
  Data Path Delay:        0.187ns  (logic 0.058ns (31.016%)  route 0.129ns (68.984%))
  Logic Levels:           0  
  Clock Path Skew:        0.119ns (DCD - SCD - CPR)
    Destination Clock Delay (DCD):    1.718ns
    Source Clock Delay      (SCD):    1.468ns
    Clock Pessimism Removal (CPR):    0.130ns
  Clock Net Delay (Source):      1.300ns (routing 0.249ns, distribution 1.051ns)
  Clock Net Delay (Destination): 1.510ns (routing 0.278ns, distribution 1.232ns)

    Location             Delay type                Incr(ns)  Path(ns)    Netlist Resource(s)
  -------------------------------------------------------------------    -------------------
                         (clock clk_pl_0 rise edge)
                                                      0.000     0.000 r  
    PS8_X0Y0             PS8                          0.000     0.000 r  SoC_i/zynq_ultra_ps_e_0/inst/PS8_i/PLCLK[0]
                         net (fo=1, routed)           0.143     0.143    SoC_i/zynq_ultra_ps_e_0/inst/pl_clk_unbuffered[0]
    BUFG_PS_X0Y88        BUFG_PS (Prop_BUFG_PS_I_O)
                                                      0.025     0.168 r  SoC_i/zynq_ultra_ps_e_0/inst/buffer_pl_clk_0.PL_CLK_0_BUFG/O
    X1Y3 (CLOCK_ROOT)    net (fo=52634, routed)       1.300     1.468    SoC_i/axi_smc/inst/m00_exit_pipeline/m00_exit/inst/r_reg/aclk
    SLICE_X57Y193        FDRE                                         r  SoC_i/axi_smc/inst/m00_exit_pipeline/m00_exit/inst/r_reg/m_vector_i_reg[1151]/C
  -------------------------------------------------------------------    -------------------
    SLICE_X57Y193        FDRE (Prop_CFF_SLICEM_C_Q)
                                                      0.058     1.526 r  SoC_i/axi_smc/inst/m00_exit_pipeline/m00_exit/inst/r_reg/m_vector_i_reg[1151]/Q
                         net (fo=1, routed)           0.129     1.655    SoC_i/axi_smc/inst/m00_nodes/m00_r_node/inst/inst_mi_handler/gen_normal_area.inst_fifo_node_payld/gen_xpm_memory_fifo.inst_fifo/gen_mem_rep[0].inst_xpm_memory/xpm_memory_base_inst/gen_wr_a.gen_word_narrow.mem_reg_0_31_112_125/DIA1
    SLICE_X56Y192        RAMD32                                       r  SoC_i/axi_smc/inst/m00_nodes/m00_r_node/inst/inst_mi_handler/gen_normal_area.inst_fifo_node_payld/gen_xpm_memory_fifo.inst_fifo/gen_mem_rep[0].inst_xpm_memory/xpm_memory_base_inst/gen_wr_a.gen_word_narrow.mem_reg_0_31_112_125/RAMA_D1/I
  -------------------------------------------------------------------    -------------------

                         (clock clk_pl_0 rise edge)
                                                      0.000     0.000 r  
    PS8_X0Y0             PS8                          0.000     0.000 r  SoC_i/zynq_ultra_ps_e_0/inst/PS8_i/PLCLK[0]
                         net (fo=1, routed)           0.180     0.180    SoC_i/zynq_ultra_ps_e_0/inst/pl_clk_unbuffered[0]
    BUFG_PS_X0Y88        BUFG_PS (Prop_BUFG_PS_I_O)
                                                      0.028     0.208 r  SoC_i/zynq_ultra_ps_e_0/inst/buffer_pl_clk_0.PL_CLK_0_BUFG/O
    X1Y3 (CLOCK_ROOT)    net (fo=52634, routed)       1.510     1.718    SoC_i/axi_smc/inst/m00_nodes/m00_r_node/inst/inst_mi_handler/gen_normal_area.inst_fifo_node_payld/gen_xpm_memory_fifo.inst_fifo/gen_mem_rep[0].inst_xpm_memory/xpm_memory_base_inst/gen_wr_a.gen_word_narrow.mem_reg_0_31_112_125/WCLK
    SLICE_X56Y192        RAMD32                                       r  SoC_i/axi_smc/inst/m00_nodes/m00_r_node/inst/inst_mi_handler/gen_normal_area.inst_fifo_node_payld/gen_xpm_memory_fifo.inst_fifo/gen_mem_rep[0].inst_xpm_memory/xpm_memory_base_inst/gen_wr_a.gen_word_narrow.mem_reg_0_31_112_125/RAMA_D1/CLK
                         clock pessimism             -0.130     1.587    
    SLICE_X56Y192        RAMD32 (Hold_A6LUT_SLICEM_CLK_I)
                                                      0.058     1.645    SoC_i/axi_smc/inst/m00_nodes/m00_r_node/inst/inst_mi_handler/gen_normal_area.inst_fifo_node_payld/gen_xpm_memory_fifo.inst_fifo/gen_mem_rep[0].inst_xpm_memory/xpm_memory_base_inst/gen_wr_a.gen_word_narrow.mem_reg_0_31_112_125/RAMA_D1
  -------------------------------------------------------------------
                         required time                         -1.645    
                         arrival time                           1.655    
  -------------------------------------------------------------------
                         slack                                  0.010    

Slack (MET) :             0.010ns  (arrival time - required time)
  Source:                 SoC_i/VPU_Top_0/inst/u_my_ip/u_axi4_mapping/cfg_job_id_reg_reg[17]/C
                            (rising edge-triggered cell FDRE clocked by clk_pl_0  {rise@0.000ns fall@2.000ns period=4.000ns})
  Destination:            SoC_i/VPU_Top_0/inst/u_my_ip/u_axi4_mapping/u_gemv/active_job_id_r_reg[17]/D
                            (rising edge-triggered cell FDRE clocked by clk_pl_0  {rise@0.000ns fall@2.000ns period=4.000ns})
  Path Group:             clk_pl_0
  Path Type:              Hold (Min at Slow Process Corner)
  Requirement:            0.000ns  (clk_pl_0 rise@0.000ns - clk_pl_0 rise@0.000ns)
  Data Path Delay:        0.161ns  (logic 0.058ns (35.992%)  route 0.103ns (64.008%))
  Logic Levels:           0  
  Clock Path Skew:        0.089ns (DCD - SCD - CPR)
    Destination Clock Delay (DCD):    1.748ns
    Source Clock Delay      (SCD):    1.524ns
    Clock Pessimism Removal (CPR):    0.134ns
  Clock Net Delay (Source):      1.356ns (routing 0.249ns, distribution 1.107ns)
  Clock Net Delay (Destination): 1.540ns (routing 0.278ns, distribution 1.262ns)

    Location             Delay type                Incr(ns)  Path(ns)    Netlist Resource(s)
  -------------------------------------------------------------------    -------------------
                         (clock clk_pl_0 rise edge)
                                                      0.000     0.000 r  
    PS8_X0Y0             PS8                          0.000     0.000 r  SoC_i/zynq_ultra_ps_e_0/inst/PS8_i/PLCLK[0]
                         net (fo=1, routed)           0.143     0.143    SoC_i/zynq_ultra_ps_e_0/inst/pl_clk_unbuffered[0]
    BUFG_PS_X0Y88        BUFG_PS (Prop_BUFG_PS_I_O)
                                                      0.025     0.168 r  SoC_i/zynq_ultra_ps_e_0/inst/buffer_pl_clk_0.PL_CLK_0_BUFG/O
    X1Y3 (CLOCK_ROOT)    net (fo=52634, routed)       1.356     1.524    SoC_i/VPU_Top_0/inst/u_my_ip/u_axi4_mapping/s00_axi_aclk
    SLICE_X43Y285        FDRE                                         r  SoC_i/VPU_Top_0/inst/u_my_ip/u_axi4_mapping/cfg_job_id_reg_reg[17]/C
  -------------------------------------------------------------------    -------------------
    SLICE_X43Y285        FDRE (Prop_AFF_SLICEL_C_Q)
                                                      0.058     1.582 r  SoC_i/VPU_Top_0/inst/u_my_ip/u_axi4_mapping/cfg_job_id_reg_reg[17]/Q
                         net (fo=2, routed)           0.103     1.685    SoC_i/VPU_Top_0/inst/u_my_ip/u_axi4_mapping/u_gemv/active_job_id_r_reg[31]_0[17]
    SLICE_X44Y285        FDRE                                         r  SoC_i/VPU_Top_0/inst/u_my_ip/u_axi4_mapping/u_gemv/active_job_id_r_reg[17]/D
  -------------------------------------------------------------------    -------------------

                         (clock clk_pl_0 rise edge)
                                                      0.000     0.000 r  
    PS8_X0Y0             PS8                          0.000     0.000 r  SoC_i/zynq_ultra_ps_e_0/inst/PS8_i/PLCLK[0]
                         net (fo=1, routed)           0.180     0.180    SoC_i/zynq_ultra_ps_e_0/inst/pl_clk_unbuffered[0]
    BUFG_PS_X0Y88        BUFG_PS (Prop_BUFG_PS_I_O)
                                                      0.028     0.208 r  SoC_i/zynq_ultra_ps_e_0/inst/buffer_pl_clk_0.PL_CLK_0_BUFG/O
    X1Y3 (CLOCK_ROOT)    net (fo=52634, routed)       1.540     1.748    SoC_i/VPU_Top_0/inst/u_my_ip/u_axi4_mapping/u_gemv/s00_axi_aclk
    SLICE_X44Y285        FDRE                                         r  SoC_i/VPU_Top_0/inst/u_my_ip/u_axi4_mapping/u_gemv/active_job_id_r_reg[17]/C
                         clock pessimism             -0.134     1.613    
    SLICE_X44Y285        FDRE (Hold_HFF2_SLICEL_C_D)
                                                      0.062     1.675    SoC_i/VPU_Top_0/inst/u_my_ip/u_axi4_mapping/u_gemv/active_job_id_r_reg[17]
  -------------------------------------------------------------------
                         required time                         -1.675    
                         arrival time                           1.685    
  -------------------------------------------------------------------
                         slack                                  0.010    

Slack (MET) :             0.010ns  (arrival time - required time)
  Source:                 SoC_i/VPU_Top_0/inst/u_my_ip/u_axi4_mapping/u_gemv/u_pmau_pair/deq_s1_raw_reg[31]/C
                            (rising edge-triggered cell FDRE clocked by clk_pl_0  {rise@0.000ns fall@2.000ns period=4.000ns})
  Destination:            SoC_i/VPU_Top_0/inst/u_my_ip/u_axi4_mapping/u_gemv/u_pmau_pair/deq_s2_raw_reg[31]/D
                            (rising edge-triggered cell FDRE clocked by clk_pl_0  {rise@0.000ns fall@2.000ns period=4.000ns})
  Path Group:             clk_pl_0
  Path Type:              Hold (Min at Slow Process Corner)
  Requirement:            0.000ns  (clk_pl_0 rise@0.000ns - clk_pl_0 rise@0.000ns)
  Data Path Delay:        0.182ns  (logic 0.058ns (31.868%)  route 0.124ns (68.132%))
  Logic Levels:           0  
  Clock Path Skew:        0.110ns (DCD - SCD - CPR)
    Destination Clock Delay (DCD):    1.967ns
    Source Clock Delay      (SCD):    1.710ns
    Clock Pessimism Removal (CPR):    0.147ns
  Clock Net Delay (Source):      1.542ns (routing 0.249ns, distribution 1.293ns)
  Clock Net Delay (Destination): 1.759ns (routing 0.278ns, distribution 1.481ns)

    Location             Delay type                Incr(ns)  Path(ns)    Netlist Resource(s)
  -------------------------------------------------------------------    -------------------
                         (clock clk_pl_0 rise edge)
                                                      0.000     0.000 r  
    PS8_X0Y0             PS8                          0.000     0.000 r  SoC_i/zynq_ultra_ps_e_0/inst/PS8_i/PLCLK[0]
                         net (fo=1, routed)           0.143     0.143    SoC_i/zynq_ultra_ps_e_0/inst/pl_clk_unbuffered[0]
    BUFG_PS_X0Y88        BUFG_PS (Prop_BUFG_PS_I_O)
                                                      0.025     0.168 r  SoC_i/zynq_ultra_ps_e_0/inst/buffer_pl_clk_0.PL_CLK_0_BUFG/O
    X1Y3 (CLOCK_ROOT)    net (fo=52634, routed)       1.542     1.710    SoC_i/VPU_Top_0/inst/u_my_ip/u_axi4_mapping/u_gemv/u_pmau_pair/s00_axi_aclk
    SLICE_X9Y341         FDRE                                         r  SoC_i/VPU_Top_0/inst/u_my_ip/u_axi4_mapping/u_gemv/u_pmau_pair/deq_s1_raw_reg[31]/C
  -------------------------------------------------------------------    -------------------
    SLICE_X9Y341         FDRE (Prop_HFF_SLICEM_C_Q)
                                                      0.058     1.768 r  SoC_i/VPU_Top_0/inst/u_my_ip/u_axi4_mapping/u_gemv/u_pmau_pair/deq_s1_raw_reg[31]/Q
                         net (fo=1, routed)           0.124     1.892    SoC_i/VPU_Top_0/inst/u_my_ip/u_axi4_mapping/u_gemv/u_pmau_pair/deq_s1_raw[31]
    SLICE_X7Y343         FDRE                                         r  SoC_i/VPU_Top_0/inst/u_my_ip/u_axi4_mapping/u_gemv/u_pmau_pair/deq_s2_raw_reg[31]/D
  -------------------------------------------------------------------    -------------------

                         (clock clk_pl_0 rise edge)
                                                      0.000     0.000 r  
    PS8_X0Y0             PS8                          0.000     0.000 r  SoC_i/zynq_ultra_ps_e_0/inst/PS8_i/PLCLK[0]
                         net (fo=1, routed)           0.180     0.180    SoC_i/zynq_ultra_ps_e_0/inst/pl_clk_unbuffered[0]
    BUFG_PS_X0Y88        BUFG_PS (Prop_BUFG_PS_I_O)
                                                      0.028     0.208 r  SoC_i/zynq_ultra_ps_e_0/inst/buffer_pl_clk_0.PL_CLK_0_BUFG/O
    X1Y3 (CLOCK_ROOT)    net (fo=52634, routed)       1.759     1.967    SoC_i/VPU_Top_0/inst/u_my_ip/u_axi4_mapping/u_gemv/u_pmau_pair/s00_axi_aclk
    SLICE_X7Y343         FDRE                                         r  SoC_i/VPU_Top_0/inst/u_my_ip/u_axi4_mapping/u_gemv/u_pmau_pair/deq_s2_raw_reg[31]/C
                         clock pessimism             -0.147     1.820    
    SLICE_X7Y343         FDRE (Hold_GFF2_SLICEM_C_D)
                                                      0.062     1.882    SoC_i/VPU_Top_0/inst/u_my_ip/u_axi4_mapping/u_gemv/u_pmau_pair/deq_s2_raw_reg[31]
  -------------------------------------------------------------------
                         required time                         -1.882    
                         arrival time                           1.892    
  -------------------------------------------------------------------
                         slack                                  0.010    

Slack (MET) :             0.010ns  (arrival time - required time)
  Source:                 SoC_i/axi_smc/inst/s01_entry_pipeline/s01_si_converter/inst/converter.wrap_narrow_inst/aw_reg_slice/m_vector_i_reg[196]/C
                            (rising edge-triggered cell FDRE clocked by clk_pl_0  {rise@0.000ns fall@2.000ns period=4.000ns})
  Destination:            SoC_i/axi_smc/inst/s01_nodes/s01_aw_node/inst/inst_mi_handler/gen_normal_area.inst_fifo_node_payld/gen_xpm_memory_fifo.inst_fifo/gen_mem_rep[0].inst_xpm_memory/xpm_memory_base_inst/gen_wr_a.gen_word_narrow.mem_reg_0_31_98_111/RAMC_D1/I
                            (rising edge-triggered cell RAMD32 clocked by clk_pl_0  {rise@0.000ns fall@2.000ns period=4.000ns})
  Path Group:             clk_pl_0
  Path Type:              Hold (Min at Slow Process Corner)
  Requirement:            0.000ns  (clk_pl_0 rise@0.000ns - clk_pl_0 rise@0.000ns)
  Data Path Delay:        0.166ns  (logic 0.060ns (36.145%)  route 0.106ns (63.855%))
  Logic Levels:           0  
  Clock Path Skew:        0.096ns (DCD - SCD - CPR)
    Destination Clock Delay (DCD):    1.745ns
    Source Clock Delay      (SCD):    1.464ns
    Clock Pessimism Removal (CPR):    0.185ns
  Clock Net Delay (Source):      1.296ns (routing 0.249ns, distribution 1.047ns)
  Clock Net Delay (Destination): 1.537ns (routing 0.278ns, distribution 1.259ns)

    Location             Delay type                Incr(ns)  Path(ns)    Netlist Resource(s)
  -------------------------------------------------------------------    -------------------
                         (clock clk_pl_0 rise edge)
                                                      0.000     0.000 r  
    PS8_X0Y0             PS8                          0.000     0.000 r  SoC_i/zynq_ultra_ps_e_0/inst/PS8_i/PLCLK[0]
                         net (fo=1, routed)           0.143     0.143    SoC_i/zynq_ultra_ps_e_0/inst/pl_clk_unbuffered[0]
    BUFG_PS_X0Y88        BUFG_PS (Prop_BUFG_PS_I_O)
                                                      0.025     0.168 r  SoC_i/zynq_ultra_ps_e_0/inst/buffer_pl_clk_0.PL_CLK_0_BUFG/O
    X1Y3 (CLOCK_ROOT)    net (fo=52634, routed)       1.296     1.464    SoC_i/axi_smc/inst/s01_entry_pipeline/s01_si_converter/inst/converter.wrap_narrow_inst/aw_reg_slice/aclk
    SLICE_X58Y146        FDRE                                         r  SoC_i/axi_smc/inst/s01_entry_pipeline/s01_si_converter/inst/converter.wrap_narrow_inst/aw_reg_slice/m_vector_i_reg[196]/C
  -------------------------------------------------------------------    -------------------
    SLICE_X58Y146        FDRE (Prop_AFF2_SLICEL_C_Q)
                                                      0.060     1.524 r  SoC_i/axi_smc/inst/s01_entry_pipeline/s01_si_converter/inst/converter.wrap_narrow_inst/aw_reg_slice/m_vector_i_reg[196]/Q
                         net (fo=1, routed)           0.106     1.630    SoC_i/axi_smc/inst/s01_nodes/s01_aw_node/inst/inst_mi_handler/gen_normal_area.inst_fifo_node_payld/gen_xpm_memory_fifo.inst_fifo/gen_mem_rep[0].inst_xpm_memory/xpm_memory_base_inst/gen_wr_a.gen_word_narrow.mem_reg_0_31_98_111/DIC1
    SLICE_X57Y147        RAMD32                                       r  SoC_i/axi_smc/inst/s01_nodes/s01_aw_node/inst/inst_mi_handler/gen_normal_area.inst_fifo_node_payld/gen_xpm_memory_fifo.inst_fifo/gen_mem_rep[0].inst_xpm_memory/xpm_memory_base_inst/gen_wr_a.gen_word_narrow.mem_reg_0_31_98_111/RAMC_D1/I
  -------------------------------------------------------------------    -------------------

                         (clock clk_pl_0 rise edge)
                                                      0.000     0.000 r  
    PS8_X0Y0             PS8                          0.000     0.000 r  SoC_i/zynq_ultra_ps_e_0/inst/PS8_i/PLCLK[0]
                         net (fo=1, routed)           0.180     0.180    SoC_i/zynq_ultra_ps_e_0/inst/pl_clk_unbuffered[0]
    BUFG_PS_X0Y88        BUFG_PS (Prop_BUFG_PS_I_O)
                                                      0.028     0.208 r  SoC_i/zynq_ultra_ps_e_0/inst/buffer_pl_clk_0.PL_CLK_0_BUFG/O
    X1Y3 (CLOCK_ROOT)    net (fo=52634, routed)       1.537     1.745    SoC_i/axi_smc/inst/s01_nodes/s01_aw_node/inst/inst_mi_handler/gen_normal_area.inst_fifo_node_payld/gen_xpm_memory_fifo.inst_fifo/gen_mem_rep[0].inst_xpm_memory/xpm_memory_base_inst/gen_wr_a.gen_word_narrow.mem_reg_0_31_98_111/WCLK
    SLICE_X57Y147        RAMD32                                       r  SoC_i/axi_smc/inst/s01_nodes/s01_aw_node/inst/inst_mi_handler/gen_normal_area.inst_fifo_node_payld/gen_xpm_memory_fifo.inst_fifo/gen_mem_rep[0].inst_xpm_memory/xpm_memory_base_inst/gen_wr_a.gen_word_narrow.mem_reg_0_31_98_111/RAMC_D1/CLK
                         clock pessimism             -0.185     1.560    
    SLICE_X57Y147        RAMD32 (Hold_C6LUT_SLICEM_CLK_I)
                                                      0.060     1.620    SoC_i/axi_smc/inst/s01_nodes/s01_aw_node/inst/inst_mi_handler/gen_normal_area.inst_fifo_node_payld/gen_xpm_memory_fifo.inst_fifo/gen_mem_rep[0].inst_xpm_memory/xpm_memory_base_inst/gen_wr_a.gen_word_narrow.mem_reg_0_31_98_111/RAMC_D1
  -------------------------------------------------------------------
                         required time                         -1.620    
                         arrival time                           1.630    
  -------------------------------------------------------------------
                         slack                                  0.010    





Pulse Width Checks
--------------------------------------------------------------------------------------
Clock Name:         clk_pl_0
Waveform(ns):       { 0.000 2.000 }
Period(ns):         4.000
Sources:            { SoC_i/zynq_ultra_ps_e_0/inst/PS8_i/PLCLK[0] }

Check Type        Corner  Lib Pin          Reference Pin  Required(ns)  Actual(ns)  Slack(ns)  Location       Pin
Min Period        n/a     PS8/MAXIGP0ACLK  n/a            3.000         4.000       1.000      PS8_X0Y0       SoC_i/zynq_ultra_ps_e_0/inst/PS8_i/MAXIGP0ACLK
Min Period        n/a     PS8/MAXIGP1ACLK  n/a            3.000         4.000       1.000      PS8_X0Y0       SoC_i/zynq_ultra_ps_e_0/inst/PS8_i/MAXIGP1ACLK
Min Period        n/a     URAM288/CLK      n/a            1.666         4.000       2.334      URAM288_X0Y40  SoC_i/VPU_Top_0/inst/u_my_ip/u_axi4_mapping/u_gemv/GEN_WEIGHT_TOP_BANK[0].GEN_WEIGHT_BANK[0].GEN_WEIGHT_ROW_SLOT[0].u_weight_bram_bank/GEN_ULTRA_RAM.u_xpm_ultra_ram/xpm_memory_base_inst/gen_wr_a.gen_word_narrow_wp.mem_reg_uram_0/CLK
Min Period        n/a     URAM288/CLK      n/a            1.666         4.000       2.334      URAM288_X0Y41  SoC_i/VPU_Top_0/inst/u_my_ip/u_axi4_mapping/u_gemv/GEN_WEIGHT_TOP_BANK[0].GEN_WEIGHT_BANK[0].GEN_WEIGHT_ROW_SLOT[1].u_weight_bram_bank/GEN_ULTRA_RAM.u_xpm_ultra_ram/xpm_memory_base_inst/gen_wr_a.gen_word_narrow_wp.mem_reg_uram_0/CLK
Min Period        n/a     URAM288/CLK      n/a            1.666         4.000       2.334      URAM288_X0Y44  SoC_i/VPU_Top_0/inst/u_my_ip/u_axi4_mapping/u_gemv/GEN_WEIGHT_TOP_BANK[0].GEN_WEIGHT_BANK[0].GEN_WEIGHT_ROW_SLOT[2].u_weight_bram_bank/GEN_ULTRA_RAM.u_xpm_ultra_ram/xpm_memory_base_inst/gen_wr_a.gen_word_narrow_wp.mem_reg_uram_0/CLK
Min Period        n/a     URAM288/CLK      n/a            1.666         4.000       2.334      URAM288_X0Y46  SoC_i/VPU_Top_0/inst/u_my_ip/u_axi4_mapping/u_gemv/GEN_WEIGHT_TOP_BANK[0].GEN_WEIGHT_BANK[0].GEN_WEIGHT_ROW_SLOT[3].u_weight_bram_bank/GEN_ULTRA_RAM.u_xpm_ultra_ram/xpm_memory_base_inst/gen_wr_a.gen_word_narrow_wp.mem_reg_uram_0/CLK
Min Period        n/a     URAM288/CLK      n/a            1.666         4.000       2.334      URAM288_X0Y59  SoC_i/VPU_Top_0/inst/u_my_ip/u_axi4_mapping/u_gemv/GEN_WEIGHT_TOP_BANK[0].GEN_WEIGHT_BANK[0].GEN_WEIGHT_ROW_SLOT[4].u_weight_bram_bank/GEN_ULTRA_RAM.u_xpm_ultra_ram/xpm_memory_base_inst/gen_wr_a.gen_word_narrow_wp.mem_reg_uram_0/CLK
Min Period        n/a     URAM288/CLK      n/a            1.666         4.000       2.334      URAM288_X0Y56  SoC_i/VPU_Top_0/inst/u_my_ip/u_axi4_mapping/u_gemv/GEN_WEIGHT_TOP_BANK[0].GEN_WEIGHT_BANK[0].GEN_WEIGHT_ROW_SLOT[5].u_weight_bram_bank/GEN_ULTRA_RAM.u_xpm_ultra_ram/xpm_memory_base_inst/gen_wr_a.gen_word_narrow_wp.mem_reg_uram_0/CLK
Min Period        n/a     URAM288/CLK      n/a            1.666         4.000       2.334      URAM288_X0Y57  SoC_i/VPU_Top_0/inst/u_my_ip/u_axi4_mapping/u_gemv/GEN_WEIGHT_TOP_BANK[0].GEN_WEIGHT_BANK[0].GEN_WEIGHT_ROW_SLOT[6].u_weight_bram_bank/GEN_ULTRA_RAM.u_xpm_ultra_ram/xpm_memory_base_inst/gen_wr_a.gen_word_narrow_wp.mem_reg_uram_0/CLK
Min Period        n/a     URAM288/CLK      n/a            1.666         4.000       2.334      URAM288_X0Y52  SoC_i/VPU_Top_0/inst/u_my_ip/u_axi4_mapping/u_gemv/GEN_WEIGHT_TOP_BANK[0].GEN_WEIGHT_BANK[0].GEN_WEIGHT_ROW_SLOT[7].u_weight_bram_bank/GEN_ULTRA_RAM.u_xpm_ultra_ram/xpm_memory_base_inst/gen_wr_a.gen_word_narrow_wp.mem_reg_uram_0/CLK
Low Pulse Width   Slow    PS8/MAXIGP0ACLK  n/a            1.500         2.000       0.500      PS8_X0Y0       SoC_i/zynq_ultra_ps_e_0/inst/PS8_i/MAXIGP0ACLK
Low Pulse Width   Fast    PS8/MAXIGP0ACLK  n/a            1.500         2.000       0.500      PS8_X0Y0       SoC_i/zynq_ultra_ps_e_0/inst/PS8_i/MAXIGP0ACLK
Low Pulse Width   Slow    PS8/MAXIGP1ACLK  n/a            1.500         2.000       0.500      PS8_X0Y0       SoC_i/zynq_ultra_ps_e_0/inst/PS8_i/MAXIGP1ACLK
Low Pulse Width   Fast    PS8/MAXIGP1ACLK  n/a            1.500         2.000       0.500      PS8_X0Y0       SoC_i/zynq_ultra_ps_e_0/inst/PS8_i/MAXIGP1ACLK
Low Pulse Width   Slow    URAM288/CLK      n/a            0.700         2.000       1.300      URAM288_X0Y40  SoC_i/VPU_Top_0/inst/u_my_ip/u_axi4_mapping/u_gemv/GEN_WEIGHT_TOP_BANK[0].GEN_WEIGHT_BANK[0].GEN_WEIGHT_ROW_SLOT[0].u_weight_bram_bank/GEN_ULTRA_RAM.u_xpm_ultra_ram/xpm_memory_base_inst/gen_wr_a.gen_word_narrow_wp.mem_reg_uram_0/CLK
Low Pulse Width   Fast    URAM288/CLK      n/a            0.700         2.000       1.300      URAM288_X0Y40  SoC_i/VPU_Top_0/inst/u_my_ip/u_axi4_mapping/u_gemv/GEN_WEIGHT_TOP_BANK[0].GEN_WEIGHT_BANK[0].GEN_WEIGHT_ROW_SLOT[0].u_weight_bram_bank/GEN_ULTRA_RAM.u_xpm_ultra_ram/xpm_memory_base_inst/gen_wr_a.gen_word_narrow_wp.mem_reg_uram_0/CLK
Low Pulse Width   Slow    URAM288/CLK      n/a            0.700         2.000       1.300      URAM288_X0Y41  SoC_i/VPU_Top_0/inst/u_my_ip/u_axi4_mapping/u_gemv/GEN_WEIGHT_TOP_BANK[0].GEN_WEIGHT_BANK[0].GEN_WEIGHT_ROW_SLOT[1].u_weight_bram_bank/GEN_ULTRA_RAM.u_xpm_ultra_ram/xpm_memory_base_inst/gen_wr_a.gen_word_narrow_wp.mem_reg_uram_0/CLK
Low Pulse Width   Fast    URAM288/CLK      n/a            0.700         2.000       1.300      URAM288_X0Y41  SoC_i/VPU_Top_0/inst/u_my_ip/u_axi4_mapping/u_gemv/GEN_WEIGHT_TOP_BANK[0].GEN_WEIGHT_BANK[0].GEN_WEIGHT_ROW_SLOT[1].u_weight_bram_bank/GEN_ULTRA_RAM.u_xpm_ultra_ram/xpm_memory_base_inst/gen_wr_a.gen_word_narrow_wp.mem_reg_uram_0/CLK
Low Pulse Width   Slow    URAM288/CLK      n/a            0.700         2.000       1.300      URAM288_X0Y44  SoC_i/VPU_Top_0/inst/u_my_ip/u_axi4_mapping/u_gemv/GEN_WEIGHT_TOP_BANK[0].GEN_WEIGHT_BANK[0].GEN_WEIGHT_ROW_SLOT[2].u_weight_bram_bank/GEN_ULTRA_RAM.u_xpm_ultra_ram/xpm_memory_base_inst/gen_wr_a.gen_word_narrow_wp.mem_reg_uram_0/CLK
Low Pulse Width   Fast    URAM288/CLK      n/a            0.700         2.000       1.300      URAM288_X0Y44  SoC_i/VPU_Top_0/inst/u_my_ip/u_axi4_mapping/u_gemv/GEN_WEIGHT_TOP_BANK[0].GEN_WEIGHT_BANK[0].GEN_WEIGHT_ROW_SLOT[2].u_weight_bram_bank/GEN_ULTRA_RAM.u_xpm_ultra_ram/xpm_memory_base_inst/gen_wr_a.gen_word_narrow_wp.mem_reg_uram_0/CLK
High Pulse Width  Slow    PS8/MAXIGP0ACLK  n/a            1.500         2.000       0.500      PS8_X0Y0       SoC_i/zynq_ultra_ps_e_0/inst/PS8_i/MAXIGP0ACLK
High Pulse Width  Fast    PS8/MAXIGP0ACLK  n/a            1.500         2.000       0.500      PS8_X0Y0       SoC_i/zynq_ultra_ps_e_0/inst/PS8_i/MAXIGP0ACLK
High Pulse Width  Slow    PS8/MAXIGP1ACLK  n/a            1.500         2.000       0.500      PS8_X0Y0       SoC_i/zynq_ultra_ps_e_0/inst/PS8_i/MAXIGP1ACLK
High Pulse Width  Fast    PS8/MAXIGP1ACLK  n/a            1.500         2.000       0.500      PS8_X0Y0       SoC_i/zynq_ultra_ps_e_0/inst/PS8_i/MAXIGP1ACLK
High Pulse Width  Slow    URAM288/CLK      n/a            0.700         2.000       1.300      URAM288_X0Y40  SoC_i/VPU_Top_0/inst/u_my_ip/u_axi4_mapping/u_gemv/GEN_WEIGHT_TOP_BANK[0].GEN_WEIGHT_BANK[0].GEN_WEIGHT_ROW_SLOT[0].u_weight_bram_bank/GEN_ULTRA_RAM.u_xpm_ultra_ram/xpm_memory_base_inst/gen_wr_a.gen_word_narrow_wp.mem_reg_uram_0/CLK
High Pulse Width  Fast    URAM288/CLK      n/a            0.700         2.000       1.300      URAM288_X0Y40  SoC_i/VPU_Top_0/inst/u_my_ip/u_axi4_mapping/u_gemv/GEN_WEIGHT_TOP_BANK[0].GEN_WEIGHT_BANK[0].GEN_WEIGHT_ROW_SLOT[0].u_weight_bram_bank/GEN_ULTRA_RAM.u_xpm_ultra_ram/xpm_memory_base_inst/gen_wr_a.gen_word_narrow_wp.mem_reg_uram_0/CLK
High Pulse Width  Slow    URAM288/CLK      n/a            0.700         2.000       1.300      URAM288_X0Y41  SoC_i/VPU_Top_0/inst/u_my_ip/u_axi4_mapping/u_gemv/GEN_WEIGHT_TOP_BANK[0].GEN_WEIGHT_BANK[0].GEN_WEIGHT_ROW_SLOT[1].u_weight_bram_bank/GEN_ULTRA_RAM.u_xpm_ultra_ram/xpm_memory_base_inst/gen_wr_a.gen_word_narrow_wp.mem_reg_uram_0/CLK
High Pulse Width  Fast    URAM288/CLK      n/a            0.700         2.000       1.300      URAM288_X0Y41  SoC_i/VPU_Top_0/inst/u_my_ip/u_axi4_mapping/u_gemv/GEN_WEIGHT_TOP_BANK[0].GEN_WEIGHT_BANK[0].GEN_WEIGHT_ROW_SLOT[1].u_weight_bram_bank/GEN_ULTRA_RAM.u_xpm_ultra_ram/xpm_memory_base_inst/gen_wr_a.gen_word_narrow_wp.mem_reg_uram_0/CLK
High Pulse Width  Slow    URAM288/CLK      n/a            0.700         2.000       1.300      URAM288_X0Y44  SoC_i/VPU_Top_0/inst/u_my_ip/u_axi4_mapping/u_gemv/GEN_WEIGHT_TOP_BANK[0].GEN_WEIGHT_BANK[0].GEN_WEIGHT_ROW_SLOT[2].u_weight_bram_bank/GEN_ULTRA_RAM.u_xpm_ultra_ram/xpm_memory_base_inst/gen_wr_a.gen_word_narrow_wp.mem_reg_uram_0/CLK
High Pulse Width  Fast    URAM288/CLK      n/a            0.700         2.000       1.300      URAM288_X0Y44  SoC_i/VPU_Top_0/inst/u_my_ip/u_axi4_mapping/u_gemv/GEN_WEIGHT_TOP_BANK[0].GEN_WEIGHT_BANK[0].GEN_WEIGHT_ROW_SLOT[2].u_weight_bram_bank/GEN_ULTRA_RAM.u_xpm_ultra_ram/xpm_memory_base_inst/gen_wr_a.gen_word_narrow_wp.mem_reg_uram_0/CLK



--------------------------------------------------------------------------------------
Path Group:  (none)
From Clock:  
  To Clock:  clk_pl_0

Max Delay             1 Endpoint
Min Delay             1 Endpoint
--------------------------------------------------------------------------------------


Max Delay Paths
--------------------------------------------------------------------------------------
Slack:                    inf
  Source:                 SoC_i/zynq_ultra_ps_e_0/inst/PS8_i/EMIOGPIOO[95]
                            (internal pin)
  Destination:            SoC_i/rst_ps8_0_100M/U0/EXT_LPF/ACTIVE_LOW_EXT.ACT_LO_EXT/GENERATE_LEVEL_P_S_CDC.SINGLE_BIT.CROSS_PLEVEL_IN2SCNDRY_IN_cdc_to/D
                            (rising edge-triggered cell FDRE clocked by clk_pl_0  {rise@0.000ns fall@2.000ns period=4.000ns})
  Path Group:             (none)
  Path Type:              Setup (Max at Slow Process Corner)
  Data Path Delay:        1.696ns  (logic 0.101ns (5.955%)  route 1.595ns (94.045%))
  Logic Levels:           1  (LUT1=1)
  Clock Uncertainty:      0.103ns  ((TSJ^2 + DJ^2)^1/2) / 2 + PE
    Total System Jitter     (TSJ):    0.050ns
    Discrete Jitter          (DJ):    0.201ns
    Phase Error              (PE):    0.000ns
  Clock Net Delay (Destination): 1.456ns (routing 0.249ns, distribution 1.207ns)
  Timing Exception:       False Path

    Location             Delay type                Incr(ns)  Path(ns)    Netlist Resource(s)
  -------------------------------------------------------------------    -------------------
    PS8_X0Y0             PS8                          0.000     0.000 f  SoC_i/zynq_ultra_ps_e_0/inst/PS8_i/EMIOGPIOO[95]
                         net (fo=1, routed)           1.311     1.311    SoC_i/rst_ps8_0_100M/U0/EXT_LPF/ACTIVE_LOW_EXT.ACT_LO_EXT/ext_reset_in
    SLICE_X70Y283        LUT1 (Prop_H6LUT_SLICEM_I0_O)
                                                      0.101     1.412 r  SoC_i/rst_ps8_0_100M/U0/EXT_LPF/ACTIVE_LOW_EXT.ACT_LO_EXT/GENERATE_LEVEL_P_S_CDC.SINGLE_BIT.CROSS_PLEVEL_IN2SCNDRY_IN_cdc_to_i_1/O
                         net (fo=1, routed)           0.284     1.696    SoC_i/rst_ps8_0_100M/U0/EXT_LPF/ACTIVE_LOW_EXT.ACT_LO_EXT/exr_d1
    SLICE_X70Y283        FDRE                                         r  SoC_i/rst_ps8_0_100M/U0/EXT_LPF/ACTIVE_LOW_EXT.ACT_LO_EXT/GENERATE_LEVEL_P_S_CDC.SINGLE_BIT.CROSS_PLEVEL_IN2SCNDRY_IN_cdc_to/D
  -------------------------------------------------------------------    -------------------

                         (clock clk_pl_0 rise edge)
                                                      0.000     0.000 r  
    PS8_X0Y0             PS8                          0.000     0.000 r  SoC_i/zynq_ultra_ps_e_0/inst/PS8_i/PLCLK[0]
                         net (fo=1, routed)           0.143     0.143    SoC_i/zynq_ultra_ps_e_0/inst/pl_clk_unbuffered[0]
    BUFG_PS_X0Y88        BUFG_PS (Prop_BUFG_PS_I_O)
                                                      0.025     0.168 r  SoC_i/zynq_ultra_ps_e_0/inst/buffer_pl_clk_0.PL_CLK_0_BUFG/O
    X1Y3 (CLOCK_ROOT)    net (fo=52634, routed)       1.456     1.624    SoC_i/rst_ps8_0_100M/U0/EXT_LPF/ACTIVE_LOW_EXT.ACT_LO_EXT/slowest_sync_clk
    SLICE_X70Y283        FDRE                                         r  SoC_i/rst_ps8_0_100M/U0/EXT_LPF/ACTIVE_LOW_EXT.ACT_LO_EXT/GENERATE_LEVEL_P_S_CDC.SINGLE_BIT.CROSS_PLEVEL_IN2SCNDRY_IN_cdc_to/C





Min Delay Paths
--------------------------------------------------------------------------------------
Slack:                    inf
  Source:                 SoC_i/zynq_ultra_ps_e_0/inst/PS8_i/EMIOGPIOO[95]
                            (internal pin)
  Destination:            SoC_i/rst_ps8_0_100M/U0/EXT_LPF/ACTIVE_LOW_EXT.ACT_LO_EXT/GENERATE_LEVEL_P_S_CDC.SINGLE_BIT.CROSS_PLEVEL_IN2SCNDRY_IN_cdc_to/D
                            (rising edge-triggered cell FDRE clocked by clk_pl_0  {rise@0.000ns fall@2.000ns period=4.000ns})
  Path Group:             (none)
  Path Type:              Hold (Min at Fast Process Corner)
  Data Path Delay:        0.828ns  (logic 0.041ns (4.952%)  route 0.787ns (95.048%))
  Logic Levels:           1  (LUT1=1)
  Clock Uncertainty:      0.103ns  ((TSJ^2 + DJ^2)^1/2) / 2 + PE
    Total System Jitter     (TSJ):    0.050ns
    Discrete Jitter          (DJ):    0.201ns
    Phase Error              (PE):    0.000ns
  Clock Net Delay (Destination): 1.019ns (routing 0.171ns, distribution 0.848ns)
  Timing Exception:       False Path

    Location             Delay type                Incr(ns)  Path(ns)    Netlist Resource(s)
  -------------------------------------------------------------------    -------------------
    PS8_X0Y0             PS8                          0.000     0.000 f  SoC_i/zynq_ultra_ps_e_0/inst/PS8_i/EMIOGPIOO[95]
                         net (fo=1, routed)           0.672     0.672    SoC_i/rst_ps8_0_100M/U0/EXT_LPF/ACTIVE_LOW_EXT.ACT_LO_EXT/ext_reset_in
    SLICE_X70Y283        LUT1 (Prop_H6LUT_SLICEM_I0_O)
                                                      0.041     0.713 r  SoC_i/rst_ps8_0_100M/U0/EXT_LPF/ACTIVE_LOW_EXT.ACT_LO_EXT/GENERATE_LEVEL_P_S_CDC.SINGLE_BIT.CROSS_PLEVEL_IN2SCNDRY_IN_cdc_to_i_1/O
                         net (fo=1, routed)           0.115     0.828    SoC_i/rst_ps8_0_100M/U0/EXT_LPF/ACTIVE_LOW_EXT.ACT_LO_EXT/exr_d1
    SLICE_X70Y283        FDRE                                         r  SoC_i/rst_ps8_0_100M/U0/EXT_LPF/ACTIVE_LOW_EXT.ACT_LO_EXT/GENERATE_LEVEL_P_S_CDC.SINGLE_BIT.CROSS_PLEVEL_IN2SCNDRY_IN_cdc_to/D
  -------------------------------------------------------------------    -------------------

                         (clock clk_pl_0 rise edge)
                                                      0.000     0.000 r  
    PS8_X0Y0             PS8                          0.000     0.000 r  SoC_i/zynq_ultra_ps_e_0/inst/PS8_i/PLCLK[0]
                         net (fo=1, routed)           0.154     0.154    SoC_i/zynq_ultra_ps_e_0/inst/pl_clk_unbuffered[0]
    BUFG_PS_X0Y88        BUFG_PS (Prop_BUFG_PS_I_O)
                                                      0.018     0.172 r  SoC_i/zynq_ultra_ps_e_0/inst/buffer_pl_clk_0.PL_CLK_0_BUFG/O
    X1Y3 (CLOCK_ROOT)    net (fo=52634, routed)       1.019     1.191    SoC_i/rst_ps8_0_100M/U0/EXT_LPF/ACTIVE_LOW_EXT.ACT_LO_EXT/slowest_sync_clk
    SLICE_X70Y283        FDRE                                         r  SoC_i/rst_ps8_0_100M/U0/EXT_LPF/ACTIVE_LOW_EXT.ACT_LO_EXT/GENERATE_LEVEL_P_S_CDC.SINGLE_BIT.CROSS_PLEVEL_IN2SCNDRY_IN_cdc_to/C





--------------------------------------------------------------------------------------
Path Group:  (none)
From Clock:  clk_pl_0
  To Clock:  clk_pl_0

Max Delay            67 Endpoints
Min Delay            67 Endpoints
--------------------------------------------------------------------------------------


Max Delay Paths
--------------------------------------------------------------------------------------
Slack:                    inf
  Source:                 SoC_i/axi_smc/inst/clk_map/psr_aclk/U0/ACTIVE_LOW_BSR_OUT_DFF[0].FDRE_BSR_N/C
                            (rising edge-triggered cell FDRE clocked by clk_pl_0  {rise@0.000ns fall@2.000ns period=4.000ns})
  Destination:            SoC_i/axi_smc/inst/s00_entry_pipeline/s00_transaction_regulator/inst/xpm_cdc_async_rst_inst/arststages_ff_reg[0]/CLR
                            (recovery check against rising-edge clock clk_pl_0  {rise@0.000ns fall@2.000ns period=4.000ns})
  Path Group:             (none)
  Path Type:              Recovery (Max at Slow Process Corner)
  Data Path Delay:        3.546ns  (logic 0.078ns (2.199%)  route 3.468ns (97.801%))
  Logic Levels:           0  
  Clock Path Skew:        -0.232ns (DCD - SCD + CPR)
    Destination Clock Delay (DCD):    1.472ns
    Source Clock Delay      (SCD):    1.704ns
    Clock Pessimism Removal (CPR):    0.000ns
  Clock Uncertainty:      0.106ns  ((TSJ^2 + DJ^2)^1/2) / 2 + PE
    Total System Jitter     (TSJ):    0.071ns
    Discrete Jitter          (DJ):    0.201ns
    Phase Error              (PE):    0.000ns
  Clock Net Delay (Source):      1.496ns (routing 0.278ns, distribution 1.218ns)
  Clock Net Delay (Destination): 1.304ns (routing 0.249ns, distribution 1.055ns)
  Timing Exception:       False Path

    Location             Delay type                Incr(ns)  Path(ns)    Netlist Resource(s)
  -------------------------------------------------------------------    -------------------
                         (clock clk_pl_0 rise edge)
                                                      0.000     0.000 r  
    PS8_X0Y0             PS8                          0.000     0.000 r  SoC_i/zynq_ultra_ps_e_0/inst/PS8_i/PLCLK[0]
                         net (fo=1, routed)           0.180     0.180    SoC_i/zynq_ultra_ps_e_0/inst/pl_clk_unbuffered[0]
    BUFG_PS_X0Y88        BUFG_PS (Prop_BUFG_PS_I_O)
                                                      0.028     0.208 r  SoC_i/zynq_ultra_ps_e_0/inst/buffer_pl_clk_0.PL_CLK_0_BUFG/O
    X1Y3 (CLOCK_ROOT)    net (fo=52634, routed)       1.496     1.704    SoC_i/axi_smc/inst/clk_map/psr_aclk/U0/aclk
    SLICE_X64Y160        FDRE                                         r  SoC_i/axi_smc/inst/clk_map/psr_aclk/U0/ACTIVE_LOW_BSR_OUT_DFF[0].FDRE_BSR_N/C
  -------------------------------------------------------------------    -------------------
    SLICE_X64Y160        FDRE (Prop_DFF_SLICEM_C_Q)
                                                      0.078     1.782 r  SoC_i/axi_smc/inst/clk_map/psr_aclk/U0/ACTIVE_LOW_BSR_OUT_DFF[0].FDRE_BSR_N/Q
                         net (fo=66, routed)          3.468     5.250    SoC_i/axi_smc/inst/s00_entry_pipeline/s00_transaction_regulator/inst/xpm_cdc_async_rst_inst/src_arst
    SLICE_X57Y93         FDCE                                         f  SoC_i/axi_smc/inst/s00_entry_pipeline/s00_transaction_regulator/inst/xpm_cdc_async_rst_inst/arststages_ff_reg[0]/CLR  (IS_INVERTED)
  -------------------------------------------------------------------    -------------------

                         (clock clk_pl_0 rise edge)
                                                      0.000     0.000 r  
    PS8_X0Y0             PS8                          0.000     0.000 r  SoC_i/zynq_ultra_ps_e_0/inst/PS8_i/PLCLK[0]
                         net (fo=1, routed)           0.143     0.143    SoC_i/zynq_ultra_ps_e_0/inst/pl_clk_unbuffered[0]
    BUFG_PS_X0Y88        BUFG_PS (Prop_BUFG_PS_I_O)
                                                      0.025     0.168 r  SoC_i/zynq_ultra_ps_e_0/inst/buffer_pl_clk_0.PL_CLK_0_BUFG/O
    X1Y3 (CLOCK_ROOT)    net (fo=52634, routed)       1.304     1.472    SoC_i/axi_smc/inst/s00_entry_pipeline/s00_transaction_regulator/inst/xpm_cdc_async_rst_inst/dest_clk
    SLICE_X57Y93         FDCE                                         r  SoC_i/axi_smc/inst/s00_entry_pipeline/s00_transaction_regulator/inst/xpm_cdc_async_rst_inst/arststages_ff_reg[0]/C

Slack:                    inf
  Source:                 SoC_i/axi_smc/inst/clk_map/psr_aclk/U0/ACTIVE_LOW_BSR_OUT_DFF[0].FDRE_BSR_N/C
                            (rising edge-triggered cell FDRE clocked by clk_pl_0  {rise@0.000ns fall@2.000ns period=4.000ns})
  Destination:            SoC_i/axi_smc/inst/s00_entry_pipeline/s00_transaction_regulator/inst/xpm_cdc_async_rst_inst/arststages_ff_reg[1]/CLR
                            (recovery check against rising-edge clock clk_pl_0  {rise@0.000ns fall@2.000ns period=4.000ns})
  Path Group:             (none)
  Path Type:              Recovery (Max at Slow Process Corner)
  Data Path Delay:        3.546ns  (logic 0.078ns (2.199%)  route 3.468ns (97.801%))
  Logic Levels:           0  
  Clock Path Skew:        -0.232ns (DCD - SCD + CPR)
    Destination Clock Delay (DCD):    1.472ns
    Source Clock Delay      (SCD):    1.704ns
    Clock Pessimism Removal (CPR):    0.000ns
  Clock Uncertainty:      0.106ns  ((TSJ^2 + DJ^2)^1/2) / 2 + PE
    Total System Jitter     (TSJ):    0.071ns
    Discrete Jitter          (DJ):    0.201ns
    Phase Error              (PE):    0.000ns
  Clock Net Delay (Source):      1.496ns (routing 0.278ns, distribution 1.218ns)
  Clock Net Delay (Destination): 1.304ns (routing 0.249ns, distribution 1.055ns)
  Timing Exception:       False Path

    Location             Delay type                Incr(ns)  Path(ns)    Netlist Resource(s)
  -------------------------------------------------------------------    -------------------
                         (clock clk_pl_0 rise edge)
                                                      0.000     0.000 r  
    PS8_X0Y0             PS8                          0.000     0.000 r  SoC_i/zynq_ultra_ps_e_0/inst/PS8_i/PLCLK[0]
                         net (fo=1, routed)           0.180     0.180    SoC_i/zynq_ultra_ps_e_0/inst/pl_clk_unbuffered[0]
    BUFG_PS_X0Y88        BUFG_PS (Prop_BUFG_PS_I_O)
                                                      0.028     0.208 r  SoC_i/zynq_ultra_ps_e_0/inst/buffer_pl_clk_0.PL_CLK_0_BUFG/O
    X1Y3 (CLOCK_ROOT)    net (fo=52634, routed)       1.496     1.704    SoC_i/axi_smc/inst/clk_map/psr_aclk/U0/aclk
    SLICE_X64Y160        FDRE                                         r  SoC_i/axi_smc/inst/clk_map/psr_aclk/U0/ACTIVE_LOW_BSR_OUT_DFF[0].FDRE_BSR_N/C
  -------------------------------------------------------------------    -------------------
    SLICE_X64Y160        FDRE (Prop_DFF_SLICEM_C_Q)
                                                      0.078     1.782 r  SoC_i/axi_smc/inst/clk_map/psr_aclk/U0/ACTIVE_LOW_BSR_OUT_DFF[0].FDRE_BSR_N/Q
                         net (fo=66, routed)          3.468     5.250    SoC_i/axi_smc/inst/s00_entry_pipeline/s00_transaction_regulator/inst/xpm_cdc_async_rst_inst/src_arst
    SLICE_X57Y93         FDCE                                         f  SoC_i/axi_smc/inst/s00_entry_pipeline/s00_transaction_regulator/inst/xpm_cdc_async_rst_inst/arststages_ff_reg[1]/CLR  (IS_INVERTED)
  -------------------------------------------------------------------    -------------------

                         (clock clk_pl_0 rise edge)
                                                      0.000     0.000 r  
    PS8_X0Y0             PS8                          0.000     0.000 r  SoC_i/zynq_ultra_ps_e_0/inst/PS8_i/PLCLK[0]
                         net (fo=1, routed)           0.143     0.143    SoC_i/zynq_ultra_ps_e_0/inst/pl_clk_unbuffered[0]
    BUFG_PS_X0Y88        BUFG_PS (Prop_BUFG_PS_I_O)
                                                      0.025     0.168 r  SoC_i/zynq_ultra_ps_e_0/inst/buffer_pl_clk_0.PL_CLK_0_BUFG/O
    X1Y3 (CLOCK_ROOT)    net (fo=52634, routed)       1.304     1.472    SoC_i/axi_smc/inst/s00_entry_pipeline/s00_transaction_regulator/inst/xpm_cdc_async_rst_inst/dest_clk
    SLICE_X57Y93         FDCE                                         r  SoC_i/axi_smc/inst/s00_entry_pipeline/s00_transaction_regulator/inst/xpm_cdc_async_rst_inst/arststages_ff_reg[1]/C

Slack:                    inf
  Source:                 SoC_i/axi_smc/inst/clk_map/psr_aclk/U0/ACTIVE_LOW_BSR_OUT_DFF[0].FDRE_BSR_N/C
                            (rising edge-triggered cell FDRE clocked by clk_pl_0  {rise@0.000ns fall@2.000ns period=4.000ns})
  Destination:            SoC_i/axi_smc/inst/s00_entry_pipeline/s00_transaction_regulator/inst/xpm_cdc_async_rst_inst/arststages_ff_reg[2]/CLR
                            (recovery check against rising-edge clock clk_pl_0  {rise@0.000ns fall@2.000ns period=4.000ns})
  Path Group:             (none)
  Path Type:              Recovery (Max at Slow Process Corner)
  Data Path Delay:        3.546ns  (logic 0.078ns (2.199%)  route 3.468ns (97.801%))
  Logic Levels:           0  
  Clock Path Skew:        -0.232ns (DCD - SCD + CPR)
    Destination Clock Delay (DCD):    1.472ns
    Source Clock Delay      (SCD):    1.704ns
    Clock Pessimism Removal (CPR):    0.000ns
  Clock Uncertainty:      0.106ns  ((TSJ^2 + DJ^2)^1/2) / 2 + PE
    Total System Jitter     (TSJ):    0.071ns
    Discrete Jitter          (DJ):    0.201ns
    Phase Error              (PE):    0.000ns
  Clock Net Delay (Source):      1.496ns (routing 0.278ns, distribution 1.218ns)
  Clock Net Delay (Destination): 1.304ns (routing 0.249ns, distribution 1.055ns)
  Timing Exception:       False Path

    Location             Delay type                Incr(ns)  Path(ns)    Netlist Resource(s)
  -------------------------------------------------------------------    -------------------
                         (clock clk_pl_0 rise edge)
                                                      0.000     0.000 r  
    PS8_X0Y0             PS8                          0.000     0.000 r  SoC_i/zynq_ultra_ps_e_0/inst/PS8_i/PLCLK[0]
                         net (fo=1, routed)           0.180     0.180    SoC_i/zynq_ultra_ps_e_0/inst/pl_clk_unbuffered[0]
    BUFG_PS_X0Y88        BUFG_PS (Prop_BUFG_PS_I_O)
                                                      0.028     0.208 r  SoC_i/zynq_ultra_ps_e_0/inst/buffer_pl_clk_0.PL_CLK_0_BUFG/O
    X1Y3 (CLOCK_ROOT)    net (fo=52634, routed)       1.496     1.704    SoC_i/axi_smc/inst/clk_map/psr_aclk/U0/aclk
    SLICE_X64Y160        FDRE                                         r  SoC_i/axi_smc/inst/clk_map/psr_aclk/U0/ACTIVE_LOW_BSR_OUT_DFF[0].FDRE_BSR_N/C
  -------------------------------------------------------------------    -------------------
    SLICE_X64Y160        FDRE (Prop_DFF_SLICEM_C_Q)
                                                      0.078     1.782 r  SoC_i/axi_smc/inst/clk_map/psr_aclk/U0/ACTIVE_LOW_BSR_OUT_DFF[0].FDRE_BSR_N/Q
                         net (fo=66, routed)          3.468     5.250    SoC_i/axi_smc/inst/s00_entry_pipeline/s00_transaction_regulator/inst/xpm_cdc_async_rst_inst/src_arst
    SLICE_X57Y93         FDCE                                         f  SoC_i/axi_smc/inst/s00_entry_pipeline/s00_transaction_regulator/inst/xpm_cdc_async_rst_inst/arststages_ff_reg[2]/CLR  (IS_INVERTED)
  -------------------------------------------------------------------    -------------------

                         (clock clk_pl_0 rise edge)
                                                      0.000     0.000 r  
    PS8_X0Y0             PS8                          0.000     0.000 r  SoC_i/zynq_ultra_ps_e_0/inst/PS8_i/PLCLK[0]
                         net (fo=1, routed)           0.143     0.143    SoC_i/zynq_ultra_ps_e_0/inst/pl_clk_unbuffered[0]
    BUFG_PS_X0Y88        BUFG_PS (Prop_BUFG_PS_I_O)
                                                      0.025     0.168 r  SoC_i/zynq_ultra_ps_e_0/inst/buffer_pl_clk_0.PL_CLK_0_BUFG/O
    X1Y3 (CLOCK_ROOT)    net (fo=52634, routed)       1.304     1.472    SoC_i/axi_smc/inst/s00_entry_pipeline/s00_transaction_regulator/inst/xpm_cdc_async_rst_inst/dest_clk
    SLICE_X57Y93         FDCE                                         r  SoC_i/axi_smc/inst/s00_entry_pipeline/s00_transaction_regulator/inst/xpm_cdc_async_rst_inst/arststages_ff_reg[2]/C

Slack:                    inf
  Source:                 SoC_i/axi_smc/inst/clk_map/psr_aclk/U0/ACTIVE_LOW_BSR_OUT_DFF[0].FDRE_BSR_N/C
                            (rising edge-triggered cell FDRE clocked by clk_pl_0  {rise@0.000ns fall@2.000ns period=4.000ns})
  Destination:            SoC_i/axi_smc/inst/s00_entry_pipeline/s00_mmu/inst/xpm_cdc_async_rst_inst/arststages_ff_reg[0]/CLR
                            (recovery check against rising-edge clock clk_pl_0  {rise@0.000ns fall@2.000ns period=4.000ns})
  Path Group:             (none)
  Path Type:              Recovery (Max at Slow Process Corner)
  Data Path Delay:        3.376ns  (logic 0.078ns (2.310%)  route 3.298ns (97.690%))
  Logic Levels:           0  
  Clock Path Skew:        -0.233ns (DCD - SCD + CPR)
    Destination Clock Delay (DCD):    1.471ns
    Source Clock Delay      (SCD):    1.704ns
    Clock Pessimism Removal (CPR):    0.000ns
  Clock Uncertainty:      0.106ns  ((TSJ^2 + DJ^2)^1/2) / 2 + PE
    Total System Jitter     (TSJ):    0.071ns
    Discrete Jitter          (DJ):    0.201ns
    Phase Error              (PE):    0.000ns
  Clock Net Delay (Source):      1.496ns (routing 0.278ns, distribution 1.218ns)
  Clock Net Delay (Destination): 1.303ns (routing 0.249ns, distribution 1.054ns)
  Timing Exception:       False Path

    Location             Delay type                Incr(ns)  Path(ns)    Netlist Resource(s)
  -------------------------------------------------------------------    -------------------
                         (clock clk_pl_0 rise edge)
                                                      0.000     0.000 r  
    PS8_X0Y0             PS8                          0.000     0.000 r  SoC_i/zynq_ultra_ps_e_0/inst/PS8_i/PLCLK[0]
                         net (fo=1, routed)           0.180     0.180    SoC_i/zynq_ultra_ps_e_0/inst/pl_clk_unbuffered[0]
    BUFG_PS_X0Y88        BUFG_PS (Prop_BUFG_PS_I_O)
                                                      0.028     0.208 r  SoC_i/zynq_ultra_ps_e_0/inst/buffer_pl_clk_0.PL_CLK_0_BUFG/O
    X1Y3 (CLOCK_ROOT)    net (fo=52634, routed)       1.496     1.704    SoC_i/axi_smc/inst/clk_map/psr_aclk/U0/aclk
    SLICE_X64Y160        FDRE                                         r  SoC_i/axi_smc/inst/clk_map/psr_aclk/U0/ACTIVE_LOW_BSR_OUT_DFF[0].FDRE_BSR_N/C
  -------------------------------------------------------------------    -------------------
    SLICE_X64Y160        FDRE (Prop_DFF_SLICEM_C_Q)
                                                      0.078     1.782 r  SoC_i/axi_smc/inst/clk_map/psr_aclk/U0/ACTIVE_LOW_BSR_OUT_DFF[0].FDRE_BSR_N/Q
                         net (fo=66, routed)          3.298     5.080    SoC_i/axi_smc/inst/s00_entry_pipeline/s00_mmu/inst/xpm_cdc_async_rst_inst/src_arst
    SLICE_X59Y94         FDCE                                         f  SoC_i/axi_smc/inst/s00_entry_pipeline/s00_mmu/inst/xpm_cdc_async_rst_inst/arststages_ff_reg[0]/CLR  (IS_INVERTED)
  -------------------------------------------------------------------    -------------------

                         (clock clk_pl_0 rise edge)
                                                      0.000     0.000 r  
    PS8_X0Y0             PS8                          0.000     0.000 r  SoC_i/zynq_ultra_ps_e_0/inst/PS8_i/PLCLK[0]
                         net (fo=1, routed)           0.143     0.143    SoC_i/zynq_ultra_ps_e_0/inst/pl_clk_unbuffered[0]
    BUFG_PS_X0Y88        BUFG_PS (Prop_BUFG_PS_I_O)
                                                      0.025     0.168 r  SoC_i/zynq_ultra_ps_e_0/inst/buffer_pl_clk_0.PL_CLK_0_BUFG/O
    X1Y3 (CLOCK_ROOT)    net (fo=52634, routed)       1.303     1.471    SoC_i/axi_smc/inst/s00_entry_pipeline/s00_mmu/inst/xpm_cdc_async_rst_inst/dest_clk
    SLICE_X59Y94         FDCE                                         r  SoC_i/axi_smc/inst/s00_entry_pipeline/s00_mmu/inst/xpm_cdc_async_rst_inst/arststages_ff_reg[0]/C

Slack:                    inf
  Source:                 SoC_i/axi_smc/inst/clk_map/psr_aclk/U0/ACTIVE_LOW_BSR_OUT_DFF[0].FDRE_BSR_N/C
                            (rising edge-triggered cell FDRE clocked by clk_pl_0  {rise@0.000ns fall@2.000ns period=4.000ns})
  Destination:            SoC_i/axi_smc/inst/s00_entry_pipeline/s00_mmu/inst/xpm_cdc_async_rst_inst/arststages_ff_reg[1]/CLR
                            (recovery check against rising-edge clock clk_pl_0  {rise@0.000ns fall@2.000ns period=4.000ns})
  Path Group:             (none)
  Path Type:              Recovery (Max at Slow Process Corner)
  Data Path Delay:        3.376ns  (logic 0.078ns (2.310%)  route 3.298ns (97.690%))
  Logic Levels:           0  
  Clock Path Skew:        -0.233ns (DCD - SCD + CPR)
    Destination Clock Delay (DCD):    1.471ns
    Source Clock Delay      (SCD):    1.704ns
    Clock Pessimism Removal (CPR):    0.000ns
  Clock Uncertainty:      0.106ns  ((TSJ^2 + DJ^2)^1/2) / 2 + PE
    Total System Jitter     (TSJ):    0.071ns
    Discrete Jitter          (DJ):    0.201ns
    Phase Error              (PE):    0.000ns
  Clock Net Delay (Source):      1.496ns (routing 0.278ns, distribution 1.218ns)
  Clock Net Delay (Destination): 1.303ns (routing 0.249ns, distribution 1.054ns)
  Timing Exception:       False Path

    Location             Delay type                Incr(ns)  Path(ns)    Netlist Resource(s)
  -------------------------------------------------------------------    -------------------
                         (clock clk_pl_0 rise edge)
                                                      0.000     0.000 r  
    PS8_X0Y0             PS8                          0.000     0.000 r  SoC_i/zynq_ultra_ps_e_0/inst/PS8_i/PLCLK[0]
                         net (fo=1, routed)           0.180     0.180    SoC_i/zynq_ultra_ps_e_0/inst/pl_clk_unbuffered[0]
    BUFG_PS_X0Y88        BUFG_PS (Prop_BUFG_PS_I_O)
                                                      0.028     0.208 r  SoC_i/zynq_ultra_ps_e_0/inst/buffer_pl_clk_0.PL_CLK_0_BUFG/O
    X1Y3 (CLOCK_ROOT)    net (fo=52634, routed)       1.496     1.704    SoC_i/axi_smc/inst/clk_map/psr_aclk/U0/aclk
    SLICE_X64Y160        FDRE                                         r  SoC_i/axi_smc/inst/clk_map/psr_aclk/U0/ACTIVE_LOW_BSR_OUT_DFF[0].FDRE_BSR_N/C
  -------------------------------------------------------------------    -------------------
    SLICE_X64Y160        FDRE (Prop_DFF_SLICEM_C_Q)
                                                      0.078     1.782 r  SoC_i/axi_smc/inst/clk_map/psr_aclk/U0/ACTIVE_LOW_BSR_OUT_DFF[0].FDRE_BSR_N/Q
                         net (fo=66, routed)          3.298     5.080    SoC_i/axi_smc/inst/s00_entry_pipeline/s00_mmu/inst/xpm_cdc_async_rst_inst/src_arst
    SLICE_X59Y94         FDCE                                         f  SoC_i/axi_smc/inst/s00_entry_pipeline/s00_mmu/inst/xpm_cdc_async_rst_inst/arststages_ff_reg[1]/CLR  (IS_INVERTED)
  -------------------------------------------------------------------    -------------------

                         (clock clk_pl_0 rise edge)
                                                      0.000     0.000 r  
    PS8_X0Y0             PS8                          0.000     0.000 r  SoC_i/zynq_ultra_ps_e_0/inst/PS8_i/PLCLK[0]
                         net (fo=1, routed)           0.143     0.143    SoC_i/zynq_ultra_ps_e_0/inst/pl_clk_unbuffered[0]
    BUFG_PS_X0Y88        BUFG_PS (Prop_BUFG_PS_I_O)
                                                      0.025     0.168 r  SoC_i/zynq_ultra_ps_e_0/inst/buffer_pl_clk_0.PL_CLK_0_BUFG/O
    X1Y3 (CLOCK_ROOT)    net (fo=52634, routed)       1.303     1.471    SoC_i/axi_smc/inst/s00_entry_pipeline/s00_mmu/inst/xpm_cdc_async_rst_inst/dest_clk
    SLICE_X59Y94         FDCE                                         r  SoC_i/axi_smc/inst/s00_entry_pipeline/s00_mmu/inst/xpm_cdc_async_rst_inst/arststages_ff_reg[1]/C

Slack:                    inf
  Source:                 SoC_i/axi_smc/inst/clk_map/psr_aclk/U0/ACTIVE_LOW_BSR_OUT_DFF[0].FDRE_BSR_N/C
                            (rising edge-triggered cell FDRE clocked by clk_pl_0  {rise@0.000ns fall@2.000ns period=4.000ns})
  Destination:            SoC_i/axi_smc/inst/s00_entry_pipeline/s00_mmu/inst/xpm_cdc_async_rst_inst/arststages_ff_reg[2]/CLR
                            (recovery check against rising-edge clock clk_pl_0  {rise@0.000ns fall@2.000ns period=4.000ns})
  Path Group:             (none)
  Path Type:              Recovery (Max at Slow Process Corner)
  Data Path Delay:        3.376ns  (logic 0.078ns (2.310%)  route 3.298ns (97.690%))
  Logic Levels:           0  
  Clock Path Skew:        -0.233ns (DCD - SCD + CPR)
    Destination Clock Delay (DCD):    1.471ns
    Source Clock Delay      (SCD):    1.704ns
    Clock Pessimism Removal (CPR):    0.000ns
  Clock Uncertainty:      0.106ns  ((TSJ^2 + DJ^2)^1/2) / 2 + PE
    Total System Jitter     (TSJ):    0.071ns
    Discrete Jitter          (DJ):    0.201ns
    Phase Error              (PE):    0.000ns
  Clock Net Delay (Source):      1.496ns (routing 0.278ns, distribution 1.218ns)
  Clock Net Delay (Destination): 1.303ns (routing 0.249ns, distribution 1.054ns)
  Timing Exception:       False Path

    Location             Delay type                Incr(ns)  Path(ns)    Netlist Resource(s)
  -------------------------------------------------------------------    -------------------
                         (clock clk_pl_0 rise edge)
                                                      0.000     0.000 r  
    PS8_X0Y0             PS8                          0.000     0.000 r  SoC_i/zynq_ultra_ps_e_0/inst/PS8_i/PLCLK[0]
                         net (fo=1, routed)           0.180     0.180    SoC_i/zynq_ultra_ps_e_0/inst/pl_clk_unbuffered[0]
    BUFG_PS_X0Y88        BUFG_PS (Prop_BUFG_PS_I_O)
                                                      0.028     0.208 r  SoC_i/zynq_ultra_ps_e_0/inst/buffer_pl_clk_0.PL_CLK_0_BUFG/O
    X1Y3 (CLOCK_ROOT)    net (fo=52634, routed)       1.496     1.704    SoC_i/axi_smc/inst/clk_map/psr_aclk/U0/aclk
    SLICE_X64Y160        FDRE                                         r  SoC_i/axi_smc/inst/clk_map/psr_aclk/U0/ACTIVE_LOW_BSR_OUT_DFF[0].FDRE_BSR_N/C
  -------------------------------------------------------------------    -------------------
    SLICE_X64Y160        FDRE (Prop_DFF_SLICEM_C_Q)
                                                      0.078     1.782 r  SoC_i/axi_smc/inst/clk_map/psr_aclk/U0/ACTIVE_LOW_BSR_OUT_DFF[0].FDRE_BSR_N/Q
                         net (fo=66, routed)          3.298     5.080    SoC_i/axi_smc/inst/s00_entry_pipeline/s00_mmu/inst/xpm_cdc_async_rst_inst/src_arst
    SLICE_X59Y94         FDCE                                         f  SoC_i/axi_smc/inst/s00_entry_pipeline/s00_mmu/inst/xpm_cdc_async_rst_inst/arststages_ff_reg[2]/CLR  (IS_INVERTED)
  -------------------------------------------------------------------    -------------------

                         (clock clk_pl_0 rise edge)
                                                      0.000     0.000 r  
    PS8_X0Y0             PS8                          0.000     0.000 r  SoC_i/zynq_ultra_ps_e_0/inst/PS8_i/PLCLK[0]
                         net (fo=1, routed)           0.143     0.143    SoC_i/zynq_ultra_ps_e_0/inst/pl_clk_unbuffered[0]
    BUFG_PS_X0Y88        BUFG_PS (Prop_BUFG_PS_I_O)
                                                      0.025     0.168 r  SoC_i/zynq_ultra_ps_e_0/inst/buffer_pl_clk_0.PL_CLK_0_BUFG/O
    X1Y3 (CLOCK_ROOT)    net (fo=52634, routed)       1.303     1.471    SoC_i/axi_smc/inst/s00_entry_pipeline/s00_mmu/inst/xpm_cdc_async_rst_inst/dest_clk
    SLICE_X59Y94         FDCE                                         r  SoC_i/axi_smc/inst/s00_entry_pipeline/s00_mmu/inst/xpm_cdc_async_rst_inst/arststages_ff_reg[2]/C

Slack:                    inf
  Source:                 SoC_i/axi_smc/inst/clk_map/psr_aclk/U0/ACTIVE_LOW_BSR_OUT_DFF[0].FDRE_BSR_N/C
                            (rising edge-triggered cell FDRE clocked by clk_pl_0  {rise@0.000ns fall@2.000ns period=4.000ns})
  Destination:            SoC_i/axi_smc/inst/s00_nodes/s00_ar_node/inst/s_sc_xpm_cdc_async_rst_inst/arststages_ff_reg[0]/CLR
                            (recovery check against rising-edge clock clk_pl_0  {rise@0.000ns fall@2.000ns period=4.000ns})
  Path Group:             (none)
  Path Type:              Recovery (Max at Slow Process Corner)
  Data Path Delay:        3.229ns  (logic 0.078ns (2.416%)  route 3.151ns (97.584%))
  Logic Levels:           0  
  Clock Path Skew:        -0.238ns (DCD - SCD + CPR)
    Destination Clock Delay (DCD):    1.466ns
    Source Clock Delay      (SCD):    1.704ns
    Clock Pessimism Removal (CPR):    0.000ns
  Clock Uncertainty:      0.106ns  ((TSJ^2 + DJ^2)^1/2) / 2 + PE
    Total System Jitter     (TSJ):    0.071ns
    Discrete Jitter          (DJ):    0.201ns
    Phase Error              (PE):    0.000ns
  Clock Net Delay (Source):      1.496ns (routing 0.278ns, distribution 1.218ns)
  Clock Net Delay (Destination): 1.298ns (routing 0.249ns, distribution 1.049ns)
  Timing Exception:       False Path

    Location             Delay type                Incr(ns)  Path(ns)    Netlist Resource(s)
  -------------------------------------------------------------------    -------------------
                         (clock clk_pl_0 rise edge)
                                                      0.000     0.000 r  
    PS8_X0Y0             PS8                          0.000     0.000 r  SoC_i/zynq_ultra_ps_e_0/inst/PS8_i/PLCLK[0]
                         net (fo=1, routed)           0.180     0.180    SoC_i/zynq_ultra_ps_e_0/inst/pl_clk_unbuffered[0]
    BUFG_PS_X0Y88        BUFG_PS (Prop_BUFG_PS_I_O)
                                                      0.028     0.208 r  SoC_i/zynq_ultra_ps_e_0/inst/buffer_pl_clk_0.PL_CLK_0_BUFG/O
    X1Y3 (CLOCK_ROOT)    net (fo=52634, routed)       1.496     1.704    SoC_i/axi_smc/inst/clk_map/psr_aclk/U0/aclk
    SLICE_X64Y160        FDRE                                         r  SoC_i/axi_smc/inst/clk_map/psr_aclk/U0/ACTIVE_LOW_BSR_OUT_DFF[0].FDRE_BSR_N/C
  -------------------------------------------------------------------    -------------------
    SLICE_X64Y160        FDRE (Prop_DFF_SLICEM_C_Q)
                                                      0.078     1.782 r  SoC_i/axi_smc/inst/clk_map/psr_aclk/U0/ACTIVE_LOW_BSR_OUT_DFF[0].FDRE_BSR_N/Q
                         net (fo=66, routed)          3.151     4.933    SoC_i/axi_smc/inst/s00_nodes/s00_ar_node/inst/s_sc_xpm_cdc_async_rst_inst/src_arst
    SLICE_X59Y120        FDCE                                         f  SoC_i/axi_smc/inst/s00_nodes/s00_ar_node/inst/s_sc_xpm_cdc_async_rst_inst/arststages_ff_reg[0]/CLR  (IS_INVERTED)
  -------------------------------------------------------------------    -------------------

                         (clock clk_pl_0 rise edge)
                                                      0.000     0.000 r  
    PS8_X0Y0             PS8                          0.000     0.000 r  SoC_i/zynq_ultra_ps_e_0/inst/PS8_i/PLCLK[0]
                         net (fo=1, routed)           0.143     0.143    SoC_i/zynq_ultra_ps_e_0/inst/pl_clk_unbuffered[0]
    BUFG_PS_X0Y88        BUFG_PS (Prop_BUFG_PS_I_O)
                                                      0.025     0.168 r  SoC_i/zynq_ultra_ps_e_0/inst/buffer_pl_clk_0.PL_CLK_0_BUFG/O
    X1Y3 (CLOCK_ROOT)    net (fo=52634, routed)       1.298     1.466    SoC_i/axi_smc/inst/s00_nodes/s00_ar_node/inst/s_sc_xpm_cdc_async_rst_inst/dest_clk
    SLICE_X59Y120        FDCE                                         r  SoC_i/axi_smc/inst/s00_nodes/s00_ar_node/inst/s_sc_xpm_cdc_async_rst_inst/arststages_ff_reg[0]/C

Slack:                    inf
  Source:                 SoC_i/axi_smc/inst/clk_map/psr_aclk/U0/ACTIVE_LOW_BSR_OUT_DFF[0].FDRE_BSR_N/C
                            (rising edge-triggered cell FDRE clocked by clk_pl_0  {rise@0.000ns fall@2.000ns period=4.000ns})
  Destination:            SoC_i/axi_smc/inst/s00_nodes/s00_ar_node/inst/s_sc_xpm_cdc_async_rst_inst/arststages_ff_reg[1]/CLR
                            (recovery check against rising-edge clock clk_pl_0  {rise@0.000ns fall@2.000ns period=4.000ns})
  Path Group:             (none)
  Path Type:              Recovery (Max at Slow Process Corner)
  Data Path Delay:        3.229ns  (logic 0.078ns (2.416%)  route 3.151ns (97.584%))
  Logic Levels:           0  
  Clock Path Skew:        -0.238ns (DCD - SCD + CPR)
    Destination Clock Delay (DCD):    1.466ns
    Source Clock Delay      (SCD):    1.704ns
    Clock Pessimism Removal (CPR):    0.000ns
  Clock Uncertainty:      0.106ns  ((TSJ^2 + DJ^2)^1/2) / 2 + PE
    Total System Jitter     (TSJ):    0.071ns
    Discrete Jitter          (DJ):    0.201ns
    Phase Error              (PE):    0.000ns
  Clock Net Delay (Source):      1.496ns (routing 0.278ns, distribution 1.218ns)
  Clock Net Delay (Destination): 1.298ns (routing 0.249ns, distribution 1.049ns)
  Timing Exception:       False Path

    Location             Delay type                Incr(ns)  Path(ns)    Netlist Resource(s)
  -------------------------------------------------------------------    -------------------
                         (clock clk_pl_0 rise edge)
                                                      0.000     0.000 r  
    PS8_X0Y0             PS8                          0.000     0.000 r  SoC_i/zynq_ultra_ps_e_0/inst/PS8_i/PLCLK[0]
                         net (fo=1, routed)           0.180     0.180    SoC_i/zynq_ultra_ps_e_0/inst/pl_clk_unbuffered[0]
    BUFG_PS_X0Y88        BUFG_PS (Prop_BUFG_PS_I_O)
                                                      0.028     0.208 r  SoC_i/zynq_ultra_ps_e_0/inst/buffer_pl_clk_0.PL_CLK_0_BUFG/O
    X1Y3 (CLOCK_ROOT)    net (fo=52634, routed)       1.496     1.704    SoC_i/axi_smc/inst/clk_map/psr_aclk/U0/aclk
    SLICE_X64Y160        FDRE                                         r  SoC_i/axi_smc/inst/clk_map/psr_aclk/U0/ACTIVE_LOW_BSR_OUT_DFF[0].FDRE_BSR_N/C
  -------------------------------------------------------------------    -------------------
    SLICE_X64Y160        FDRE (Prop_DFF_SLICEM_C_Q)
                                                      0.078     1.782 r  SoC_i/axi_smc/inst/clk_map/psr_aclk/U0/ACTIVE_LOW_BSR_OUT_DFF[0].FDRE_BSR_N/Q
                         net (fo=66, routed)          3.151     4.933    SoC_i/axi_smc/inst/s00_nodes/s00_ar_node/inst/s_sc_xpm_cdc_async_rst_inst/src_arst
    SLICE_X59Y120        FDCE                                         f  SoC_i/axi_smc/inst/s00_nodes/s00_ar_node/inst/s_sc_xpm_cdc_async_rst_inst/arststages_ff_reg[1]/CLR  (IS_INVERTED)
  -------------------------------------------------------------------    -------------------

                         (clock clk_pl_0 rise edge)
                                                      0.000     0.000 r  
    PS8_X0Y0             PS8                          0.000     0.000 r  SoC_i/zynq_ultra_ps_e_0/inst/PS8_i/PLCLK[0]
                         net (fo=1, routed)           0.143     0.143    SoC_i/zynq_ultra_ps_e_0/inst/pl_clk_unbuffered[0]
    BUFG_PS_X0Y88        BUFG_PS (Prop_BUFG_PS_I_O)
                                                      0.025     0.168 r  SoC_i/zynq_ultra_ps_e_0/inst/buffer_pl_clk_0.PL_CLK_0_BUFG/O
    X1Y3 (CLOCK_ROOT)    net (fo=52634, routed)       1.298     1.466    SoC_i/axi_smc/inst/s00_nodes/s00_ar_node/inst/s_sc_xpm_cdc_async_rst_inst/dest_clk
    SLICE_X59Y120        FDCE                                         r  SoC_i/axi_smc/inst/s00_nodes/s00_ar_node/inst/s_sc_xpm_cdc_async_rst_inst/arststages_ff_reg[1]/C

Slack:                    inf
  Source:                 SoC_i/axi_smc/inst/clk_map/psr_aclk/U0/ACTIVE_LOW_BSR_OUT_DFF[0].FDRE_BSR_N/C
                            (rising edge-triggered cell FDRE clocked by clk_pl_0  {rise@0.000ns fall@2.000ns period=4.000ns})
  Destination:            SoC_i/axi_smc/inst/s00_nodes/s00_ar_node/inst/s_sc_xpm_cdc_async_rst_inst/arststages_ff_reg[2]/CLR
                            (recovery check against rising-edge clock clk_pl_0  {rise@0.000ns fall@2.000ns period=4.000ns})
  Path Group:             (none)
  Path Type:              Recovery (Max at Slow Process Corner)
  Data Path Delay:        3.229ns  (logic 0.078ns (2.416%)  route 3.151ns (97.584%))
  Logic Levels:           0  
  Clock Path Skew:        -0.238ns (DCD - SCD + CPR)
    Destination Clock Delay (DCD):    1.466ns
    Source Clock Delay      (SCD):    1.704ns
    Clock Pessimism Removal (CPR):    0.000ns
  Clock Uncertainty:      0.106ns  ((TSJ^2 + DJ^2)^1/2) / 2 + PE
    Total System Jitter     (TSJ):    0.071ns
    Discrete Jitter          (DJ):    0.201ns
    Phase Error              (PE):    0.000ns
  Clock Net Delay (Source):      1.496ns (routing 0.278ns, distribution 1.218ns)
  Clock Net Delay (Destination): 1.298ns (routing 0.249ns, distribution 1.049ns)
  Timing Exception:       False Path

    Location             Delay type                Incr(ns)  Path(ns)    Netlist Resource(s)
  -------------------------------------------------------------------    -------------------
                         (clock clk_pl_0 rise edge)
                                                      0.000     0.000 r  
    PS8_X0Y0             PS8                          0.000     0.000 r  SoC_i/zynq_ultra_ps_e_0/inst/PS8_i/PLCLK[0]
                         net (fo=1, routed)           0.180     0.180    SoC_i/zynq_ultra_ps_e_0/inst/pl_clk_unbuffered[0]
    BUFG_PS_X0Y88        BUFG_PS (Prop_BUFG_PS_I_O)
                                                      0.028     0.208 r  SoC_i/zynq_ultra_ps_e_0/inst/buffer_pl_clk_0.PL_CLK_0_BUFG/O
    X1Y3 (CLOCK_ROOT)    net (fo=52634, routed)       1.496     1.704    SoC_i/axi_smc/inst/clk_map/psr_aclk/U0/aclk
    SLICE_X64Y160        FDRE                                         r  SoC_i/axi_smc/inst/clk_map/psr_aclk/U0/ACTIVE_LOW_BSR_OUT_DFF[0].FDRE_BSR_N/C
  -------------------------------------------------------------------    -------------------
    SLICE_X64Y160        FDRE (Prop_DFF_SLICEM_C_Q)
                                                      0.078     1.782 r  SoC_i/axi_smc/inst/clk_map/psr_aclk/U0/ACTIVE_LOW_BSR_OUT_DFF[0].FDRE_BSR_N/Q
                         net (fo=66, routed)          3.151     4.933    SoC_i/axi_smc/inst/s00_nodes/s00_ar_node/inst/s_sc_xpm_cdc_async_rst_inst/src_arst
    SLICE_X59Y120        FDCE                                         f  SoC_i/axi_smc/inst/s00_nodes/s00_ar_node/inst/s_sc_xpm_cdc_async_rst_inst/arststages_ff_reg[2]/CLR  (IS_INVERTED)
  -------------------------------------------------------------------    -------------------

                         (clock clk_pl_0 rise edge)
                                                      0.000     0.000 r  
    PS8_X0Y0             PS8                          0.000     0.000 r  SoC_i/zynq_ultra_ps_e_0/inst/PS8_i/PLCLK[0]
                         net (fo=1, routed)           0.143     0.143    SoC_i/zynq_ultra_ps_e_0/inst/pl_clk_unbuffered[0]
    BUFG_PS_X0Y88        BUFG_PS (Prop_BUFG_PS_I_O)
                                                      0.025     0.168 r  SoC_i/zynq_ultra_ps_e_0/inst/buffer_pl_clk_0.PL_CLK_0_BUFG/O
    X1Y3 (CLOCK_ROOT)    net (fo=52634, routed)       1.298     1.466    SoC_i/axi_smc/inst/s00_nodes/s00_ar_node/inst/s_sc_xpm_cdc_async_rst_inst/dest_clk
    SLICE_X59Y120        FDCE                                         r  SoC_i/axi_smc/inst/s00_nodes/s00_ar_node/inst/s_sc_xpm_cdc_async_rst_inst/arststages_ff_reg[2]/C

Slack:                    inf
  Source:                 SoC_i/axi_smc/inst/clk_map/psr_aclk/U0/ACTIVE_LOW_BSR_OUT_DFF[0].FDRE_BSR_N/C
                            (rising edge-triggered cell FDRE clocked by clk_pl_0  {rise@0.000ns fall@2.000ns period=4.000ns})
  Destination:            SoC_i/axi_smc/inst/s00_nodes/s00_b_node/inst/s_sc_xpm_cdc_async_rst_inst/arststages_ff_reg[0]/CLR
                            (recovery check against rising-edge clock clk_pl_0  {rise@0.000ns fall@2.000ns period=4.000ns})
  Path Group:             (none)
  Path Type:              Recovery (Max at Slow Process Corner)
  Data Path Delay:        3.144ns  (logic 0.078ns (2.481%)  route 3.066ns (97.519%))
  Logic Levels:           0  
  Clock Path Skew:        -0.216ns (DCD - SCD + CPR)
    Destination Clock Delay (DCD):    1.488ns
    Source Clock Delay      (SCD):    1.704ns
    Clock Pessimism Removal (CPR):    0.000ns
  Clock Uncertainty:      0.106ns  ((TSJ^2 + DJ^2)^1/2) / 2 + PE
    Total System Jitter     (TSJ):    0.071ns
    Discrete Jitter          (DJ):    0.201ns
    Phase Error              (PE):    0.000ns
  Clock Net Delay (Source):      1.496ns (routing 0.278ns, distribution 1.218ns)
  Clock Net Delay (Destination): 1.320ns (routing 0.249ns, distribution 1.071ns)
  Timing Exception:       False Path

    Location             Delay type                Incr(ns)  Path(ns)    Netlist Resource(s)
  -------------------------------------------------------------------    -------------------
                         (clock clk_pl_0 rise edge)
                                                      0.000     0.000 r  
    PS8_X0Y0             PS8                          0.000     0.000 r  SoC_i/zynq_ultra_ps_e_0/inst/PS8_i/PLCLK[0]
                         net (fo=1, routed)           0.180     0.180    SoC_i/zynq_ultra_ps_e_0/inst/pl_clk_unbuffered[0]
    BUFG_PS_X0Y88        BUFG_PS (Prop_BUFG_PS_I_O)
                                                      0.028     0.208 r  SoC_i/zynq_ultra_ps_e_0/inst/buffer_pl_clk_0.PL_CLK_0_BUFG/O
    X1Y3 (CLOCK_ROOT)    net (fo=52634, routed)       1.496     1.704    SoC_i/axi_smc/inst/clk_map/psr_aclk/U0/aclk
    SLICE_X64Y160        FDRE                                         r  SoC_i/axi_smc/inst/clk_map/psr_aclk/U0/ACTIVE_LOW_BSR_OUT_DFF[0].FDRE_BSR_N/C
  -------------------------------------------------------------------    -------------------
    SLICE_X64Y160        FDRE (Prop_DFF_SLICEM_C_Q)
                                                      0.078     1.782 r  SoC_i/axi_smc/inst/clk_map/psr_aclk/U0/ACTIVE_LOW_BSR_OUT_DFF[0].FDRE_BSR_N/Q
                         net (fo=66, routed)          3.066     4.848    SoC_i/axi_smc/inst/s00_nodes/s00_b_node/inst/s_sc_xpm_cdc_async_rst_inst/src_arst
    SLICE_X64Y94         FDCE                                         f  SoC_i/axi_smc/inst/s00_nodes/s00_b_node/inst/s_sc_xpm_cdc_async_rst_inst/arststages_ff_reg[0]/CLR  (IS_INVERTED)
  -------------------------------------------------------------------    -------------------

                         (clock clk_pl_0 rise edge)
                                                      0.000     0.000 r  
    PS8_X0Y0             PS8                          0.000     0.000 r  SoC_i/zynq_ultra_ps_e_0/inst/PS8_i/PLCLK[0]
                         net (fo=1, routed)           0.143     0.143    SoC_i/zynq_ultra_ps_e_0/inst/pl_clk_unbuffered[0]
    BUFG_PS_X0Y88        BUFG_PS (Prop_BUFG_PS_I_O)
                                                      0.025     0.168 r  SoC_i/zynq_ultra_ps_e_0/inst/buffer_pl_clk_0.PL_CLK_0_BUFG/O
    X1Y3 (CLOCK_ROOT)    net (fo=52634, routed)       1.320     1.488    SoC_i/axi_smc/inst/s00_nodes/s00_b_node/inst/s_sc_xpm_cdc_async_rst_inst/dest_clk
    SLICE_X64Y94         FDCE                                         r  SoC_i/axi_smc/inst/s00_nodes/s00_b_node/inst/s_sc_xpm_cdc_async_rst_inst/arststages_ff_reg[0]/C





Min Delay Paths
--------------------------------------------------------------------------------------
Slack:                    inf
  Source:                 SoC_i/axi_smc/inst/clk_map/psr_aclk/U0/ACTIVE_LOW_BSR_OUT_DFF[0].FDRE_BSR_N/C
                            (rising edge-triggered cell FDRE clocked by clk_pl_0  {rise@0.000ns fall@2.000ns period=4.000ns})
  Destination:            SoC_i/axi_smc/inst/s01_nodes/s01_w_node/inst/s_sc_xpm_cdc_async_rst_inst/arststages_ff_reg[0]/CLR
                            (removal check against rising-edge clock clk_pl_0  {rise@0.000ns fall@2.000ns period=4.000ns})
  Path Group:             (none)
  Path Type:              Removal (Min at Fast Process Corner)
  Data Path Delay:        0.201ns  (logic 0.039ns (19.387%)  route 0.162ns (80.613%))
  Logic Levels:           0  
  Clock Path Skew:        0.148ns (DCD - SCD - CPR)
    Destination Clock Delay (DCD):    1.108ns
    Source Clock Delay      (SCD):    0.961ns
    Clock Pessimism Removal (CPR):    -0.000ns
  Clock Uncertainty:      0.106ns  ((TSJ^2 + DJ^2)^1/2) / 2 + PE
    Total System Jitter     (TSJ):    0.071ns
    Discrete Jitter          (DJ):    0.201ns
    Phase Error              (PE):    0.000ns
  Clock Net Delay (Source):      0.822ns (routing 0.151ns, distribution 0.671ns)
  Clock Net Delay (Destination): 0.936ns (routing 0.171ns, distribution 0.765ns)
  Timing Exception:       False Path

    Location             Delay type                Incr(ns)  Path(ns)    Netlist Resource(s)
  -------------------------------------------------------------------    -------------------
                         (clock clk_pl_0 rise edge)
                                                      0.000     0.000 r  
    PS8_X0Y0             PS8                          0.000     0.000 r  SoC_i/zynq_ultra_ps_e_0/inst/PS8_i/PLCLK[0]
                         net (fo=1, routed)           0.122     0.122    SoC_i/zynq_ultra_ps_e_0/inst/pl_clk_unbuffered[0]
    BUFG_PS_X0Y88        BUFG_PS (Prop_BUFG_PS_I_O)
                                                      0.017     0.139 r  SoC_i/zynq_ultra_ps_e_0/inst/buffer_pl_clk_0.PL_CLK_0_BUFG/O
    X1Y3 (CLOCK_ROOT)    net (fo=52634, routed)       0.822     0.961    SoC_i/axi_smc/inst/clk_map/psr_aclk/U0/aclk
    SLICE_X64Y160        FDRE                                         r  SoC_i/axi_smc/inst/clk_map/psr_aclk/U0/ACTIVE_LOW_BSR_OUT_DFF[0].FDRE_BSR_N/C
  -------------------------------------------------------------------    -------------------
    SLICE_X64Y160        FDRE (Prop_DFF_SLICEM_C_Q)
                                                      0.039     1.000 r  SoC_i/axi_smc/inst/clk_map/psr_aclk/U0/ACTIVE_LOW_BSR_OUT_DFF[0].FDRE_BSR_N/Q
                         net (fo=66, routed)          0.162     1.162    SoC_i/axi_smc/inst/s01_nodes/s01_w_node/inst/s_sc_xpm_cdc_async_rst_inst/src_arst
    SLICE_X64Y166        FDCE                                         f  SoC_i/axi_smc/inst/s01_nodes/s01_w_node/inst/s_sc_xpm_cdc_async_rst_inst/arststages_ff_reg[0]/CLR  (IS_INVERTED)
  -------------------------------------------------------------------    -------------------

                         (clock clk_pl_0 rise edge)
                                                      0.000     0.000 r  
    PS8_X0Y0             PS8                          0.000     0.000 r  SoC_i/zynq_ultra_ps_e_0/inst/PS8_i/PLCLK[0]
                         net (fo=1, routed)           0.154     0.154    SoC_i/zynq_ultra_ps_e_0/inst/pl_clk_unbuffered[0]
    BUFG_PS_X0Y88        BUFG_PS (Prop_BUFG_PS_I_O)
                                                      0.018     0.172 r  SoC_i/zynq_ultra_ps_e_0/inst/buffer_pl_clk_0.PL_CLK_0_BUFG/O
    X1Y3 (CLOCK_ROOT)    net (fo=52634, routed)       0.936     1.108    SoC_i/axi_smc/inst/s01_nodes/s01_w_node/inst/s_sc_xpm_cdc_async_rst_inst/dest_clk
    SLICE_X64Y166        FDCE                                         r  SoC_i/axi_smc/inst/s01_nodes/s01_w_node/inst/s_sc_xpm_cdc_async_rst_inst/arststages_ff_reg[0]/C

Slack:                    inf
  Source:                 SoC_i/axi_smc/inst/clk_map/psr_aclk/U0/ACTIVE_LOW_BSR_OUT_DFF[0].FDRE_BSR_N/C
                            (rising edge-triggered cell FDRE clocked by clk_pl_0  {rise@0.000ns fall@2.000ns period=4.000ns})
  Destination:            SoC_i/axi_smc/inst/s01_nodes/s01_w_node/inst/s_sc_xpm_cdc_async_rst_inst/arststages_ff_reg[1]/CLR
                            (removal check against rising-edge clock clk_pl_0  {rise@0.000ns fall@2.000ns period=4.000ns})
  Path Group:             (none)
  Path Type:              Removal (Min at Fast Process Corner)
  Data Path Delay:        0.201ns  (logic 0.039ns (19.387%)  route 0.162ns (80.613%))
  Logic Levels:           0  
  Clock Path Skew:        0.148ns (DCD - SCD - CPR)
    Destination Clock Delay (DCD):    1.108ns
    Source Clock Delay      (SCD):    0.961ns
    Clock Pessimism Removal (CPR):    -0.000ns
  Clock Uncertainty:      0.106ns  ((TSJ^2 + DJ^2)^1/2) / 2 + PE
    Total System Jitter     (TSJ):    0.071ns
    Discrete Jitter          (DJ):    0.201ns
    Phase Error              (PE):    0.000ns
  Clock Net Delay (Source):      0.822ns (routing 0.151ns, distribution 0.671ns)
  Clock Net Delay (Destination): 0.936ns (routing 0.171ns, distribution 0.765ns)
  Timing Exception:       False Path

    Location             Delay type                Incr(ns)  Path(ns)    Netlist Resource(s)
  -------------------------------------------------------------------    -------------------
                         (clock clk_pl_0 rise edge)
                                                      0.000     0.000 r  
    PS8_X0Y0             PS8                          0.000     0.000 r  SoC_i/zynq_ultra_ps_e_0/inst/PS8_i/PLCLK[0]
                         net (fo=1, routed)           0.122     0.122    SoC_i/zynq_ultra_ps_e_0/inst/pl_clk_unbuffered[0]
    BUFG_PS_X0Y88        BUFG_PS (Prop_BUFG_PS_I_O)
                                                      0.017     0.139 r  SoC_i/zynq_ultra_ps_e_0/inst/buffer_pl_clk_0.PL_CLK_0_BUFG/O
    X1Y3 (CLOCK_ROOT)    net (fo=52634, routed)       0.822     0.961    SoC_i/axi_smc/inst/clk_map/psr_aclk/U0/aclk
    SLICE_X64Y160        FDRE                                         r  SoC_i/axi_smc/inst/clk_map/psr_aclk/U0/ACTIVE_LOW_BSR_OUT_DFF[0].FDRE_BSR_N/C
  -------------------------------------------------------------------    -------------------
    SLICE_X64Y160        FDRE (Prop_DFF_SLICEM_C_Q)
                                                      0.039     1.000 r  SoC_i/axi_smc/inst/clk_map/psr_aclk/U0/ACTIVE_LOW_BSR_OUT_DFF[0].FDRE_BSR_N/Q
                         net (fo=66, routed)          0.162     1.162    SoC_i/axi_smc/inst/s01_nodes/s01_w_node/inst/s_sc_xpm_cdc_async_rst_inst/src_arst
    SLICE_X64Y166        FDCE                                         f  SoC_i/axi_smc/inst/s01_nodes/s01_w_node/inst/s_sc_xpm_cdc_async_rst_inst/arststages_ff_reg[1]/CLR  (IS_INVERTED)
  -------------------------------------------------------------------    -------------------

                         (clock clk_pl_0 rise edge)
                                                      0.000     0.000 r  
    PS8_X0Y0             PS8                          0.000     0.000 r  SoC_i/zynq_ultra_ps_e_0/inst/PS8_i/PLCLK[0]
                         net (fo=1, routed)           0.154     0.154    SoC_i/zynq_ultra_ps_e_0/inst/pl_clk_unbuffered[0]
    BUFG_PS_X0Y88        BUFG_PS (Prop_BUFG_PS_I_O)
                                                      0.018     0.172 r  SoC_i/zynq_ultra_ps_e_0/inst/buffer_pl_clk_0.PL_CLK_0_BUFG/O
    X1Y3 (CLOCK_ROOT)    net (fo=52634, routed)       0.936     1.108    SoC_i/axi_smc/inst/s01_nodes/s01_w_node/inst/s_sc_xpm_cdc_async_rst_inst/dest_clk
    SLICE_X64Y166        FDCE                                         r  SoC_i/axi_smc/inst/s01_nodes/s01_w_node/inst/s_sc_xpm_cdc_async_rst_inst/arststages_ff_reg[1]/C

Slack:                    inf
  Source:                 SoC_i/axi_smc/inst/clk_map/psr_aclk/U0/ACTIVE_LOW_BSR_OUT_DFF[0].FDRE_BSR_N/C
                            (rising edge-triggered cell FDRE clocked by clk_pl_0  {rise@0.000ns fall@2.000ns period=4.000ns})
  Destination:            SoC_i/axi_smc/inst/s01_nodes/s01_w_node/inst/s_sc_xpm_cdc_async_rst_inst/arststages_ff_reg[2]/CLR
                            (removal check against rising-edge clock clk_pl_0  {rise@0.000ns fall@2.000ns period=4.000ns})
  Path Group:             (none)
  Path Type:              Removal (Min at Fast Process Corner)
  Data Path Delay:        0.201ns  (logic 0.039ns (19.387%)  route 0.162ns (80.613%))
  Logic Levels:           0  
  Clock Path Skew:        0.148ns (DCD - SCD - CPR)
    Destination Clock Delay (DCD):    1.108ns
    Source Clock Delay      (SCD):    0.961ns
    Clock Pessimism Removal (CPR):    -0.000ns
  Clock Uncertainty:      0.106ns  ((TSJ^2 + DJ^2)^1/2) / 2 + PE
    Total System Jitter     (TSJ):    0.071ns
    Discrete Jitter          (DJ):    0.201ns
    Phase Error              (PE):    0.000ns
  Clock Net Delay (Source):      0.822ns (routing 0.151ns, distribution 0.671ns)
  Clock Net Delay (Destination): 0.936ns (routing 0.171ns, distribution 0.765ns)
  Timing Exception:       False Path

    Location             Delay type                Incr(ns)  Path(ns)    Netlist Resource(s)
  -------------------------------------------------------------------    -------------------
                         (clock clk_pl_0 rise edge)
                                                      0.000     0.000 r  
    PS8_X0Y0             PS8                          0.000     0.000 r  SoC_i/zynq_ultra_ps_e_0/inst/PS8_i/PLCLK[0]
                         net (fo=1, routed)           0.122     0.122    SoC_i/zynq_ultra_ps_e_0/inst/pl_clk_unbuffered[0]
    BUFG_PS_X0Y88        BUFG_PS (Prop_BUFG_PS_I_O)
                                                      0.017     0.139 r  SoC_i/zynq_ultra_ps_e_0/inst/buffer_pl_clk_0.PL_CLK_0_BUFG/O
    X1Y3 (CLOCK_ROOT)    net (fo=52634, routed)       0.822     0.961    SoC_i/axi_smc/inst/clk_map/psr_aclk/U0/aclk
    SLICE_X64Y160        FDRE                                         r  SoC_i/axi_smc/inst/clk_map/psr_aclk/U0/ACTIVE_LOW_BSR_OUT_DFF[0].FDRE_BSR_N/C
  -------------------------------------------------------------------    -------------------
    SLICE_X64Y160        FDRE (Prop_DFF_SLICEM_C_Q)
                                                      0.039     1.000 r  SoC_i/axi_smc/inst/clk_map/psr_aclk/U0/ACTIVE_LOW_BSR_OUT_DFF[0].FDRE_BSR_N/Q
                         net (fo=66, routed)          0.162     1.162    SoC_i/axi_smc/inst/s01_nodes/s01_w_node/inst/s_sc_xpm_cdc_async_rst_inst/src_arst
    SLICE_X64Y166        FDCE                                         f  SoC_i/axi_smc/inst/s01_nodes/s01_w_node/inst/s_sc_xpm_cdc_async_rst_inst/arststages_ff_reg[2]/CLR  (IS_INVERTED)
  -------------------------------------------------------------------    -------------------

                         (clock clk_pl_0 rise edge)
                                                      0.000     0.000 r  
    PS8_X0Y0             PS8                          0.000     0.000 r  SoC_i/zynq_ultra_ps_e_0/inst/PS8_i/PLCLK[0]
                         net (fo=1, routed)           0.154     0.154    SoC_i/zynq_ultra_ps_e_0/inst/pl_clk_unbuffered[0]
    BUFG_PS_X0Y88        BUFG_PS (Prop_BUFG_PS_I_O)
                                                      0.018     0.172 r  SoC_i/zynq_ultra_ps_e_0/inst/buffer_pl_clk_0.PL_CLK_0_BUFG/O
    X1Y3 (CLOCK_ROOT)    net (fo=52634, routed)       0.936     1.108    SoC_i/axi_smc/inst/s01_nodes/s01_w_node/inst/s_sc_xpm_cdc_async_rst_inst/dest_clk
    SLICE_X64Y166        FDCE                                         r  SoC_i/axi_smc/inst/s01_nodes/s01_w_node/inst/s_sc_xpm_cdc_async_rst_inst/arststages_ff_reg[2]/C

Slack:                    inf
  Source:                 SoC_i/axi_smc/inst/clk_map/psr_aclk/U0/ACTIVE_LOW_BSR_OUT_DFF[0].FDRE_BSR_N/C
                            (rising edge-triggered cell FDRE clocked by clk_pl_0  {rise@0.000ns fall@2.000ns period=4.000ns})
  Destination:            SoC_i/axi_smc/inst/m00_nodes/m00_w_node/inst/s_sc_xpm_cdc_async_rst_inst/arststages_ff_reg[0]/CLR
                            (removal check against rising-edge clock clk_pl_0  {rise@0.000ns fall@2.000ns period=4.000ns})
  Path Group:             (none)
  Path Type:              Removal (Min at Fast Process Corner)
  Data Path Delay:        0.227ns  (logic 0.039ns (17.152%)  route 0.188ns (82.848%))
  Logic Levels:           0  
  Clock Path Skew:        0.148ns (DCD - SCD - CPR)
    Destination Clock Delay (DCD):    1.108ns
    Source Clock Delay      (SCD):    0.961ns
    Clock Pessimism Removal (CPR):    -0.000ns
  Clock Uncertainty:      0.106ns  ((TSJ^2 + DJ^2)^1/2) / 2 + PE
    Total System Jitter     (TSJ):    0.071ns
    Discrete Jitter          (DJ):    0.201ns
    Phase Error              (PE):    0.000ns
  Clock Net Delay (Source):      0.822ns (routing 0.151ns, distribution 0.671ns)
  Clock Net Delay (Destination): 0.936ns (routing 0.171ns, distribution 0.765ns)
  Timing Exception:       False Path

    Location             Delay type                Incr(ns)  Path(ns)    Netlist Resource(s)
  -------------------------------------------------------------------    -------------------
                         (clock clk_pl_0 rise edge)
                                                      0.000     0.000 r  
    PS8_X0Y0             PS8                          0.000     0.000 r  SoC_i/zynq_ultra_ps_e_0/inst/PS8_i/PLCLK[0]
                         net (fo=1, routed)           0.122     0.122    SoC_i/zynq_ultra_ps_e_0/inst/pl_clk_unbuffered[0]
    BUFG_PS_X0Y88        BUFG_PS (Prop_BUFG_PS_I_O)
                                                      0.017     0.139 r  SoC_i/zynq_ultra_ps_e_0/inst/buffer_pl_clk_0.PL_CLK_0_BUFG/O
    X1Y3 (CLOCK_ROOT)    net (fo=52634, routed)       0.822     0.961    SoC_i/axi_smc/inst/clk_map/psr_aclk/U0/aclk
    SLICE_X64Y160        FDRE                                         r  SoC_i/axi_smc/inst/clk_map/psr_aclk/U0/ACTIVE_LOW_BSR_OUT_DFF[0].FDRE_BSR_N/C
  -------------------------------------------------------------------    -------------------
    SLICE_X64Y160        FDRE (Prop_DFF_SLICEM_C_Q)
                                                      0.039     1.000 r  SoC_i/axi_smc/inst/clk_map/psr_aclk/U0/ACTIVE_LOW_BSR_OUT_DFF[0].FDRE_BSR_N/Q
                         net (fo=66, routed)          0.188     1.188    SoC_i/axi_smc/inst/m00_nodes/m00_w_node/inst/s_sc_xpm_cdc_async_rst_inst/src_arst
    SLICE_X64Y167        FDCE                                         f  SoC_i/axi_smc/inst/m00_nodes/m00_w_node/inst/s_sc_xpm_cdc_async_rst_inst/arststages_ff_reg[0]/CLR  (IS_INVERTED)
  -------------------------------------------------------------------    -------------------

                         (clock clk_pl_0 rise edge)
                                                      0.000     0.000 r  
    PS8_X0Y0             PS8                          0.000     0.000 r  SoC_i/zynq_ultra_ps_e_0/inst/PS8_i/PLCLK[0]
                         net (fo=1, routed)           0.154     0.154    SoC_i/zynq_ultra_ps_e_0/inst/pl_clk_unbuffered[0]
    BUFG_PS_X0Y88        BUFG_PS (Prop_BUFG_PS_I_O)
                                                      0.018     0.172 r  SoC_i/zynq_ultra_ps_e_0/inst/buffer_pl_clk_0.PL_CLK_0_BUFG/O
    X1Y3 (CLOCK_ROOT)    net (fo=52634, routed)       0.936     1.108    SoC_i/axi_smc/inst/m00_nodes/m00_w_node/inst/s_sc_xpm_cdc_async_rst_inst/dest_clk
    SLICE_X64Y167        FDCE                                         r  SoC_i/axi_smc/inst/m00_nodes/m00_w_node/inst/s_sc_xpm_cdc_async_rst_inst/arststages_ff_reg[0]/C

Slack:                    inf
  Source:                 SoC_i/axi_smc/inst/clk_map/psr_aclk/U0/ACTIVE_LOW_BSR_OUT_DFF[0].FDRE_BSR_N/C
                            (rising edge-triggered cell FDRE clocked by clk_pl_0  {rise@0.000ns fall@2.000ns period=4.000ns})
  Destination:            SoC_i/axi_smc/inst/m00_nodes/m00_w_node/inst/s_sc_xpm_cdc_async_rst_inst/arststages_ff_reg[1]/CLR
                            (removal check against rising-edge clock clk_pl_0  {rise@0.000ns fall@2.000ns period=4.000ns})
  Path Group:             (none)
  Path Type:              Removal (Min at Fast Process Corner)
  Data Path Delay:        0.227ns  (logic 0.039ns (17.152%)  route 0.188ns (82.848%))
  Logic Levels:           0  
  Clock Path Skew:        0.148ns (DCD - SCD - CPR)
    Destination Clock Delay (DCD):    1.108ns
    Source Clock Delay      (SCD):    0.961ns
    Clock Pessimism Removal (CPR):    -0.000ns
  Clock Uncertainty:      0.106ns  ((TSJ^2 + DJ^2)^1/2) / 2 + PE
    Total System Jitter     (TSJ):    0.071ns
    Discrete Jitter          (DJ):    0.201ns
    Phase Error              (PE):    0.000ns
  Clock Net Delay (Source):      0.822ns (routing 0.151ns, distribution 0.671ns)
  Clock Net Delay (Destination): 0.936ns (routing 0.171ns, distribution 0.765ns)
  Timing Exception:       False Path

    Location             Delay type                Incr(ns)  Path(ns)    Netlist Resource(s)
  -------------------------------------------------------------------    -------------------
                         (clock clk_pl_0 rise edge)
                                                      0.000     0.000 r  
    PS8_X0Y0             PS8                          0.000     0.000 r  SoC_i/zynq_ultra_ps_e_0/inst/PS8_i/PLCLK[0]
                         net (fo=1, routed)           0.122     0.122    SoC_i/zynq_ultra_ps_e_0/inst/pl_clk_unbuffered[0]
    BUFG_PS_X0Y88        BUFG_PS (Prop_BUFG_PS_I_O)
                                                      0.017     0.139 r  SoC_i/zynq_ultra_ps_e_0/inst/buffer_pl_clk_0.PL_CLK_0_BUFG/O
    X1Y3 (CLOCK_ROOT)    net (fo=52634, routed)       0.822     0.961    SoC_i/axi_smc/inst/clk_map/psr_aclk/U0/aclk
    SLICE_X64Y160        FDRE                                         r  SoC_i/axi_smc/inst/clk_map/psr_aclk/U0/ACTIVE_LOW_BSR_OUT_DFF[0].FDRE_BSR_N/C
  -------------------------------------------------------------------    -------------------
    SLICE_X64Y160        FDRE (Prop_DFF_SLICEM_C_Q)
                                                      0.039     1.000 r  SoC_i/axi_smc/inst/clk_map/psr_aclk/U0/ACTIVE_LOW_BSR_OUT_DFF[0].FDRE_BSR_N/Q
                         net (fo=66, routed)          0.188     1.188    SoC_i/axi_smc/inst/m00_nodes/m00_w_node/inst/s_sc_xpm_cdc_async_rst_inst/src_arst
    SLICE_X64Y167        FDCE                                         f  SoC_i/axi_smc/inst/m00_nodes/m00_w_node/inst/s_sc_xpm_cdc_async_rst_inst/arststages_ff_reg[1]/CLR  (IS_INVERTED)
  -------------------------------------------------------------------    -------------------

                         (clock clk_pl_0 rise edge)
                                                      0.000     0.000 r  
    PS8_X0Y0             PS8                          0.000     0.000 r  SoC_i/zynq_ultra_ps_e_0/inst/PS8_i/PLCLK[0]
                         net (fo=1, routed)           0.154     0.154    SoC_i/zynq_ultra_ps_e_0/inst/pl_clk_unbuffered[0]
    BUFG_PS_X0Y88        BUFG_PS (Prop_BUFG_PS_I_O)
                                                      0.018     0.172 r  SoC_i/zynq_ultra_ps_e_0/inst/buffer_pl_clk_0.PL_CLK_0_BUFG/O
    X1Y3 (CLOCK_ROOT)    net (fo=52634, routed)       0.936     1.108    SoC_i/axi_smc/inst/m00_nodes/m00_w_node/inst/s_sc_xpm_cdc_async_rst_inst/dest_clk
    SLICE_X64Y167        FDCE                                         r  SoC_i/axi_smc/inst/m00_nodes/m00_w_node/inst/s_sc_xpm_cdc_async_rst_inst/arststages_ff_reg[1]/C

Slack:                    inf
  Source:                 SoC_i/axi_smc/inst/clk_map/psr_aclk/U0/ACTIVE_LOW_BSR_OUT_DFF[0].FDRE_BSR_N/C
                            (rising edge-triggered cell FDRE clocked by clk_pl_0  {rise@0.000ns fall@2.000ns period=4.000ns})
  Destination:            SoC_i/axi_smc/inst/m00_nodes/m00_w_node/inst/s_sc_xpm_cdc_async_rst_inst/arststages_ff_reg[2]/CLR
                            (removal check against rising-edge clock clk_pl_0  {rise@0.000ns fall@2.000ns period=4.000ns})
  Path Group:             (none)
  Path Type:              Removal (Min at Fast Process Corner)
  Data Path Delay:        0.227ns  (logic 0.039ns (17.152%)  route 0.188ns (82.848%))
  Logic Levels:           0  
  Clock Path Skew:        0.148ns (DCD - SCD - CPR)
    Destination Clock Delay (DCD):    1.108ns
    Source Clock Delay      (SCD):    0.961ns
    Clock Pessimism Removal (CPR):    -0.000ns
  Clock Uncertainty:      0.106ns  ((TSJ^2 + DJ^2)^1/2) / 2 + PE
    Total System Jitter     (TSJ):    0.071ns
    Discrete Jitter          (DJ):    0.201ns
    Phase Error              (PE):    0.000ns
  Clock Net Delay (Source):      0.822ns (routing 0.151ns, distribution 0.671ns)
  Clock Net Delay (Destination): 0.936ns (routing 0.171ns, distribution 0.765ns)
  Timing Exception:       False Path

    Location             Delay type                Incr(ns)  Path(ns)    Netlist Resource(s)
  -------------------------------------------------------------------    -------------------
                         (clock clk_pl_0 rise edge)
                                                      0.000     0.000 r  
    PS8_X0Y0             PS8                          0.000     0.000 r  SoC_i/zynq_ultra_ps_e_0/inst/PS8_i/PLCLK[0]
                         net (fo=1, routed)           0.122     0.122    SoC_i/zynq_ultra_ps_e_0/inst/pl_clk_unbuffered[0]
    BUFG_PS_X0Y88        BUFG_PS (Prop_BUFG_PS_I_O)
                                                      0.017     0.139 r  SoC_i/zynq_ultra_ps_e_0/inst/buffer_pl_clk_0.PL_CLK_0_BUFG/O
    X1Y3 (CLOCK_ROOT)    net (fo=52634, routed)       0.822     0.961    SoC_i/axi_smc/inst/clk_map/psr_aclk/U0/aclk
    SLICE_X64Y160        FDRE                                         r  SoC_i/axi_smc/inst/clk_map/psr_aclk/U0/ACTIVE_LOW_BSR_OUT_DFF[0].FDRE_BSR_N/C
  -------------------------------------------------------------------    -------------------
    SLICE_X64Y160        FDRE (Prop_DFF_SLICEM_C_Q)
                                                      0.039     1.000 r  SoC_i/axi_smc/inst/clk_map/psr_aclk/U0/ACTIVE_LOW_BSR_OUT_DFF[0].FDRE_BSR_N/Q
                         net (fo=66, routed)          0.188     1.188    SoC_i/axi_smc/inst/m00_nodes/m00_w_node/inst/s_sc_xpm_cdc_async_rst_inst/src_arst
    SLICE_X64Y167        FDCE                                         f  SoC_i/axi_smc/inst/m00_nodes/m00_w_node/inst/s_sc_xpm_cdc_async_rst_inst/arststages_ff_reg[2]/CLR  (IS_INVERTED)
  -------------------------------------------------------------------    -------------------

                         (clock clk_pl_0 rise edge)
                                                      0.000     0.000 r  
    PS8_X0Y0             PS8                          0.000     0.000 r  SoC_i/zynq_ultra_ps_e_0/inst/PS8_i/PLCLK[0]
                         net (fo=1, routed)           0.154     0.154    SoC_i/zynq_ultra_ps_e_0/inst/pl_clk_unbuffered[0]
    BUFG_PS_X0Y88        BUFG_PS (Prop_BUFG_PS_I_O)
                                                      0.018     0.172 r  SoC_i/zynq_ultra_ps_e_0/inst/buffer_pl_clk_0.PL_CLK_0_BUFG/O
    X1Y3 (CLOCK_ROOT)    net (fo=52634, routed)       0.936     1.108    SoC_i/axi_smc/inst/m00_nodes/m00_w_node/inst/s_sc_xpm_cdc_async_rst_inst/dest_clk
    SLICE_X64Y167        FDCE                                         r  SoC_i/axi_smc/inst/m00_nodes/m00_w_node/inst/s_sc_xpm_cdc_async_rst_inst/arststages_ff_reg[2]/C

Slack:                    inf
  Source:                 SoC_i/axi_smc/inst/clk_map/psr_aclk/U0/ACTIVE_LOW_BSR_OUT_DFF[0].FDRE_BSR_N/C
                            (rising edge-triggered cell FDRE clocked by clk_pl_0  {rise@0.000ns fall@2.000ns period=4.000ns})
  Destination:            SoC_i/axi_smc/inst/m00_exit_pipeline/m00_exit/inst/xpm_cdc_async_rst_inst/arststages_ff_reg[0]/CLR
                            (removal check against rising-edge clock clk_pl_0  {rise@0.000ns fall@2.000ns period=4.000ns})
  Path Group:             (none)
  Path Type:              Removal (Min at Fast Process Corner)
  Data Path Delay:        0.315ns  (logic 0.039ns (12.384%)  route 0.276ns (87.616%))
  Logic Levels:           0  
  Clock Path Skew:        0.148ns (DCD - SCD - CPR)
    Destination Clock Delay (DCD):    1.108ns
    Source Clock Delay      (SCD):    0.961ns
    Clock Pessimism Removal (CPR):    -0.000ns
  Clock Uncertainty:      0.106ns  ((TSJ^2 + DJ^2)^1/2) / 2 + PE
    Total System Jitter     (TSJ):    0.071ns
    Discrete Jitter          (DJ):    0.201ns
    Phase Error              (PE):    0.000ns
  Clock Net Delay (Source):      0.822ns (routing 0.151ns, distribution 0.671ns)
  Clock Net Delay (Destination): 0.936ns (routing 0.171ns, distribution 0.765ns)
  Timing Exception:       False Path

    Location             Delay type                Incr(ns)  Path(ns)    Netlist Resource(s)
  -------------------------------------------------------------------    -------------------
                         (clock clk_pl_0 rise edge)
                                                      0.000     0.000 r  
    PS8_X0Y0             PS8                          0.000     0.000 r  SoC_i/zynq_ultra_ps_e_0/inst/PS8_i/PLCLK[0]
                         net (fo=1, routed)           0.122     0.122    SoC_i/zynq_ultra_ps_e_0/inst/pl_clk_unbuffered[0]
    BUFG_PS_X0Y88        BUFG_PS (Prop_BUFG_PS_I_O)
                                                      0.017     0.139 r  SoC_i/zynq_ultra_ps_e_0/inst/buffer_pl_clk_0.PL_CLK_0_BUFG/O
    X1Y3 (CLOCK_ROOT)    net (fo=52634, routed)       0.822     0.961    SoC_i/axi_smc/inst/clk_map/psr_aclk/U0/aclk
    SLICE_X64Y160        FDRE                                         r  SoC_i/axi_smc/inst/clk_map/psr_aclk/U0/ACTIVE_LOW_BSR_OUT_DFF[0].FDRE_BSR_N/C
  -------------------------------------------------------------------    -------------------
    SLICE_X64Y160        FDRE (Prop_DFF_SLICEM_C_Q)
                                                      0.039     1.000 r  SoC_i/axi_smc/inst/clk_map/psr_aclk/U0/ACTIVE_LOW_BSR_OUT_DFF[0].FDRE_BSR_N/Q
                         net (fo=66, routed)          0.276     1.275    SoC_i/axi_smc/inst/m00_exit_pipeline/m00_exit/inst/xpm_cdc_async_rst_inst/src_arst
    SLICE_X63Y171        FDCE                                         f  SoC_i/axi_smc/inst/m00_exit_pipeline/m00_exit/inst/xpm_cdc_async_rst_inst/arststages_ff_reg[0]/CLR  (IS_INVERTED)
  -------------------------------------------------------------------    -------------------

                         (clock clk_pl_0 rise edge)
                                                      0.000     0.000 r  
    PS8_X0Y0             PS8                          0.000     0.000 r  SoC_i/zynq_ultra_ps_e_0/inst/PS8_i/PLCLK[0]
                         net (fo=1, routed)           0.154     0.154    SoC_i/zynq_ultra_ps_e_0/inst/pl_clk_unbuffered[0]
    BUFG_PS_X0Y88        BUFG_PS (Prop_BUFG_PS_I_O)
                                                      0.018     0.172 r  SoC_i/zynq_ultra_ps_e_0/inst/buffer_pl_clk_0.PL_CLK_0_BUFG/O
    X1Y3 (CLOCK_ROOT)    net (fo=52634, routed)       0.936     1.108    SoC_i/axi_smc/inst/m00_exit_pipeline/m00_exit/inst/xpm_cdc_async_rst_inst/dest_clk
    SLICE_X63Y171        FDCE                                         r  SoC_i/axi_smc/inst/m00_exit_pipeline/m00_exit/inst/xpm_cdc_async_rst_inst/arststages_ff_reg[0]/C

Slack:                    inf
  Source:                 SoC_i/axi_smc/inst/clk_map/psr_aclk/U0/ACTIVE_LOW_BSR_OUT_DFF[0].FDRE_BSR_N/C
                            (rising edge-triggered cell FDRE clocked by clk_pl_0  {rise@0.000ns fall@2.000ns period=4.000ns})
  Destination:            SoC_i/axi_smc/inst/m00_exit_pipeline/m00_exit/inst/xpm_cdc_async_rst_inst/arststages_ff_reg[1]/CLR
                            (removal check against rising-edge clock clk_pl_0  {rise@0.000ns fall@2.000ns period=4.000ns})
  Path Group:             (none)
  Path Type:              Removal (Min at Fast Process Corner)
  Data Path Delay:        0.315ns  (logic 0.039ns (12.384%)  route 0.276ns (87.616%))
  Logic Levels:           0  
  Clock Path Skew:        0.148ns (DCD - SCD - CPR)
    Destination Clock Delay (DCD):    1.108ns
    Source Clock Delay      (SCD):    0.961ns
    Clock Pessimism Removal (CPR):    -0.000ns
  Clock Uncertainty:      0.106ns  ((TSJ^2 + DJ^2)^1/2) / 2 + PE
    Total System Jitter     (TSJ):    0.071ns
    Discrete Jitter          (DJ):    0.201ns
    Phase Error              (PE):    0.000ns
  Clock Net Delay (Source):      0.822ns (routing 0.151ns, distribution 0.671ns)
  Clock Net Delay (Destination): 0.936ns (routing 0.171ns, distribution 0.765ns)
  Timing Exception:       False Path

    Location             Delay type                Incr(ns)  Path(ns)    Netlist Resource(s)
  -------------------------------------------------------------------    -------------------
                         (clock clk_pl_0 rise edge)
                                                      0.000     0.000 r  
    PS8_X0Y0             PS8                          0.000     0.000 r  SoC_i/zynq_ultra_ps_e_0/inst/PS8_i/PLCLK[0]
                         net (fo=1, routed)           0.122     0.122    SoC_i/zynq_ultra_ps_e_0/inst/pl_clk_unbuffered[0]
    BUFG_PS_X0Y88        BUFG_PS (Prop_BUFG_PS_I_O)
                                                      0.017     0.139 r  SoC_i/zynq_ultra_ps_e_0/inst/buffer_pl_clk_0.PL_CLK_0_BUFG/O
    X1Y3 (CLOCK_ROOT)    net (fo=52634, routed)       0.822     0.961    SoC_i/axi_smc/inst/clk_map/psr_aclk/U0/aclk
    SLICE_X64Y160        FDRE                                         r  SoC_i/axi_smc/inst/clk_map/psr_aclk/U0/ACTIVE_LOW_BSR_OUT_DFF[0].FDRE_BSR_N/C
  -------------------------------------------------------------------    -------------------
    SLICE_X64Y160        FDRE (Prop_DFF_SLICEM_C_Q)
                                                      0.039     1.000 r  SoC_i/axi_smc/inst/clk_map/psr_aclk/U0/ACTIVE_LOW_BSR_OUT_DFF[0].FDRE_BSR_N/Q
                         net (fo=66, routed)          0.276     1.275    SoC_i/axi_smc/inst/m00_exit_pipeline/m00_exit/inst/xpm_cdc_async_rst_inst/src_arst
    SLICE_X63Y171        FDCE                                         f  SoC_i/axi_smc/inst/m00_exit_pipeline/m00_exit/inst/xpm_cdc_async_rst_inst/arststages_ff_reg[1]/CLR  (IS_INVERTED)
  -------------------------------------------------------------------    -------------------

                         (clock clk_pl_0 rise edge)
                                                      0.000     0.000 r  
    PS8_X0Y0             PS8                          0.000     0.000 r  SoC_i/zynq_ultra_ps_e_0/inst/PS8_i/PLCLK[0]
                         net (fo=1, routed)           0.154     0.154    SoC_i/zynq_ultra_ps_e_0/inst/pl_clk_unbuffered[0]
    BUFG_PS_X0Y88        BUFG_PS (Prop_BUFG_PS_I_O)
                                                      0.018     0.172 r  SoC_i/zynq_ultra_ps_e_0/inst/buffer_pl_clk_0.PL_CLK_0_BUFG/O
    X1Y3 (CLOCK_ROOT)    net (fo=52634, routed)       0.936     1.108    SoC_i/axi_smc/inst/m00_exit_pipeline/m00_exit/inst/xpm_cdc_async_rst_inst/dest_clk
    SLICE_X63Y171        FDCE                                         r  SoC_i/axi_smc/inst/m00_exit_pipeline/m00_exit/inst/xpm_cdc_async_rst_inst/arststages_ff_reg[1]/C

Slack:                    inf
  Source:                 SoC_i/axi_smc/inst/clk_map/psr_aclk/U0/ACTIVE_LOW_BSR_OUT_DFF[0].FDRE_BSR_N/C
                            (rising edge-triggered cell FDRE clocked by clk_pl_0  {rise@0.000ns fall@2.000ns period=4.000ns})
  Destination:            SoC_i/axi_smc/inst/m00_exit_pipeline/m00_exit/inst/xpm_cdc_async_rst_inst/arststages_ff_reg[2]/CLR
                            (removal check against rising-edge clock clk_pl_0  {rise@0.000ns fall@2.000ns period=4.000ns})
  Path Group:             (none)
  Path Type:              Removal (Min at Fast Process Corner)
  Data Path Delay:        0.315ns  (logic 0.039ns (12.384%)  route 0.276ns (87.616%))
  Logic Levels:           0  
  Clock Path Skew:        0.148ns (DCD - SCD - CPR)
    Destination Clock Delay (DCD):    1.108ns
    Source Clock Delay      (SCD):    0.961ns
    Clock Pessimism Removal (CPR):    -0.000ns
  Clock Uncertainty:      0.106ns  ((TSJ^2 + DJ^2)^1/2) / 2 + PE
    Total System Jitter     (TSJ):    0.071ns
    Discrete Jitter          (DJ):    0.201ns
    Phase Error              (PE):    0.000ns
  Clock Net Delay (Source):      0.822ns (routing 0.151ns, distribution 0.671ns)
  Clock Net Delay (Destination): 0.936ns (routing 0.171ns, distribution 0.765ns)
  Timing Exception:       False Path

    Location             Delay type                Incr(ns)  Path(ns)    Netlist Resource(s)
  -------------------------------------------------------------------    -------------------
                         (clock clk_pl_0 rise edge)
                                                      0.000     0.000 r  
    PS8_X0Y0             PS8                          0.000     0.000 r  SoC_i/zynq_ultra_ps_e_0/inst/PS8_i/PLCLK[0]
                         net (fo=1, routed)           0.122     0.122    SoC_i/zynq_ultra_ps_e_0/inst/pl_clk_unbuffered[0]
    BUFG_PS_X0Y88        BUFG_PS (Prop_BUFG_PS_I_O)
                                                      0.017     0.139 r  SoC_i/zynq_ultra_ps_e_0/inst/buffer_pl_clk_0.PL_CLK_0_BUFG/O
    X1Y3 (CLOCK_ROOT)    net (fo=52634, routed)       0.822     0.961    SoC_i/axi_smc/inst/clk_map/psr_aclk/U0/aclk
    SLICE_X64Y160        FDRE                                         r  SoC_i/axi_smc/inst/clk_map/psr_aclk/U0/ACTIVE_LOW_BSR_OUT_DFF[0].FDRE_BSR_N/C
  -------------------------------------------------------------------    -------------------
    SLICE_X64Y160        FDRE (Prop_DFF_SLICEM_C_Q)
                                                      0.039     1.000 r  SoC_i/axi_smc/inst/clk_map/psr_aclk/U0/ACTIVE_LOW_BSR_OUT_DFF[0].FDRE_BSR_N/Q
                         net (fo=66, routed)          0.276     1.275    SoC_i/axi_smc/inst/m00_exit_pipeline/m00_exit/inst/xpm_cdc_async_rst_inst/src_arst
    SLICE_X63Y171        FDCE                                         f  SoC_i/axi_smc/inst/m00_exit_pipeline/m00_exit/inst/xpm_cdc_async_rst_inst/arststages_ff_reg[2]/CLR  (IS_INVERTED)
  -------------------------------------------------------------------    -------------------

                         (clock clk_pl_0 rise edge)
                                                      0.000     0.000 r  
    PS8_X0Y0             PS8                          0.000     0.000 r  SoC_i/zynq_ultra_ps_e_0/inst/PS8_i/PLCLK[0]
                         net (fo=1, routed)           0.154     0.154    SoC_i/zynq_ultra_ps_e_0/inst/pl_clk_unbuffered[0]
    BUFG_PS_X0Y88        BUFG_PS (Prop_BUFG_PS_I_O)
                                                      0.018     0.172 r  SoC_i/zynq_ultra_ps_e_0/inst/buffer_pl_clk_0.PL_CLK_0_BUFG/O
    X1Y3 (CLOCK_ROOT)    net (fo=52634, routed)       0.936     1.108    SoC_i/axi_smc/inst/m00_exit_pipeline/m00_exit/inst/xpm_cdc_async_rst_inst/dest_clk
    SLICE_X63Y171        FDCE                                         r  SoC_i/axi_smc/inst/m00_exit_pipeline/m00_exit/inst/xpm_cdc_async_rst_inst/arststages_ff_reg[2]/C

Slack:                    inf
  Source:                 SoC_i/axi_smc/inst/clk_map/psr_aclk/U0/ACTIVE_LOW_BSR_OUT_DFF[0].FDRE_BSR_N/C
                            (rising edge-triggered cell FDRE clocked by clk_pl_0  {rise@0.000ns fall@2.000ns period=4.000ns})
  Destination:            SoC_i/axi_smc/inst/m00_nodes/m00_r_node/inst/s_sc_xpm_cdc_async_rst_inst/arststages_ff_reg[0]/CLR
                            (removal check against rising-edge clock clk_pl_0  {rise@0.000ns fall@2.000ns period=4.000ns})
  Path Group:             (none)
  Path Type:              Removal (Min at Fast Process Corner)
  Data Path Delay:        0.446ns  (logic 0.039ns (8.746%)  route 0.407ns (91.254%))
  Logic Levels:           0  
  Clock Path Skew:        0.136ns (DCD - SCD - CPR)
    Destination Clock Delay (DCD):    1.096ns
    Source Clock Delay      (SCD):    0.961ns
    Clock Pessimism Removal (CPR):    -0.000ns
  Clock Uncertainty:      0.106ns  ((TSJ^2 + DJ^2)^1/2) / 2 + PE
    Total System Jitter     (TSJ):    0.071ns
    Discrete Jitter          (DJ):    0.201ns
    Phase Error              (PE):    0.000ns
  Clock Net Delay (Source):      0.822ns (routing 0.151ns, distribution 0.671ns)
  Clock Net Delay (Destination): 0.924ns (routing 0.171ns, distribution 0.753ns)
  Timing Exception:       False Path

    Location             Delay type                Incr(ns)  Path(ns)    Netlist Resource(s)
  -------------------------------------------------------------------    -------------------
                         (clock clk_pl_0 rise edge)
                                                      0.000     0.000 r  
    PS8_X0Y0             PS8                          0.000     0.000 r  SoC_i/zynq_ultra_ps_e_0/inst/PS8_i/PLCLK[0]
                         net (fo=1, routed)           0.122     0.122    SoC_i/zynq_ultra_ps_e_0/inst/pl_clk_unbuffered[0]
    BUFG_PS_X0Y88        BUFG_PS (Prop_BUFG_PS_I_O)
                                                      0.017     0.139 r  SoC_i/zynq_ultra_ps_e_0/inst/buffer_pl_clk_0.PL_CLK_0_BUFG/O
    X1Y3 (CLOCK_ROOT)    net (fo=52634, routed)       0.822     0.961    SoC_i/axi_smc/inst/clk_map/psr_aclk/U0/aclk
    SLICE_X64Y160        FDRE                                         r  SoC_i/axi_smc/inst/clk_map/psr_aclk/U0/ACTIVE_LOW_BSR_OUT_DFF[0].FDRE_BSR_N/C
  -------------------------------------------------------------------    -------------------
    SLICE_X64Y160        FDRE (Prop_DFF_SLICEM_C_Q)
                                                      0.039     1.000 r  SoC_i/axi_smc/inst/clk_map/psr_aclk/U0/ACTIVE_LOW_BSR_OUT_DFF[0].FDRE_BSR_N/Q
                         net (fo=66, routed)          0.407     1.406    SoC_i/axi_smc/inst/m00_nodes/m00_r_node/inst/s_sc_xpm_cdc_async_rst_inst/src_arst
    SLICE_X60Y172        FDCE                                         f  SoC_i/axi_smc/inst/m00_nodes/m00_r_node/inst/s_sc_xpm_cdc_async_rst_inst/arststages_ff_reg[0]/CLR  (IS_INVERTED)
  -------------------------------------------------------------------    -------------------

                         (clock clk_pl_0 rise edge)
                                                      0.000     0.000 r  
    PS8_X0Y0             PS8                          0.000     0.000 r  SoC_i/zynq_ultra_ps_e_0/inst/PS8_i/PLCLK[0]
                         net (fo=1, routed)           0.154     0.154    SoC_i/zynq_ultra_ps_e_0/inst/pl_clk_unbuffered[0]
    BUFG_PS_X0Y88        BUFG_PS (Prop_BUFG_PS_I_O)
                                                      0.018     0.172 r  SoC_i/zynq_ultra_ps_e_0/inst/buffer_pl_clk_0.PL_CLK_0_BUFG/O
    X1Y3 (CLOCK_ROOT)    net (fo=52634, routed)       0.924     1.096    SoC_i/axi_smc/inst/m00_nodes/m00_r_node/inst/s_sc_xpm_cdc_async_rst_inst/dest_clk
    SLICE_X60Y172        FDCE                                         r  SoC_i/axi_smc/inst/m00_nodes/m00_r_node/inst/s_sc_xpm_cdc_async_rst_inst/arststages_ff_reg[0]/C





--------------------------------------------------------------------------------------
Path Group:  (none)
From Clock:  
  To Clock:  clk_pl_0

Max Delay           162 Endpoints
Min Delay           162 Endpoints
--------------------------------------------------------------------------------------


Max Delay Paths
--------------------------------------------------------------------------------------
Slack:                    inf
  Source:                 SoC_i/VPU_Top_0/inst/u_my_ip/u_axi4_mapping/u_spu/u_vpu_stream8/GEN_ACCUM8[1].u_accum/contribution_mul_w__0/DSP_A_B_DATA_INST/B2_DATA[17]
                            (internal pin)
  Destination:            SoC_i/VPU_Top_0/inst/u_my_ip/u_axi4_mapping/u_spu/u_vpu_stream8/GEN_ACCUM8[1].u_accum/contribution_full_r_reg[8]__0/D
                            (rising edge-triggered cell FDRE clocked by clk_pl_0  {rise@0.000ns fall@2.000ns period=4.000ns})
  Path Group:             (none)
  Path Type:              Setup (Max at Slow Process Corner)
  Data Path Delay:        2.694ns  (logic 2.076ns (77.060%)  route 0.618ns (22.940%))
  Logic Levels:           7  (DSP_ALU=2 DSP_M_DATA=1 DSP_MULTIPLIER=1 DSP_OUTPUT=2 DSP_PREADD_DATA=1)
  Clock Uncertainty:      0.103ns  ((TSJ^2 + DJ^2)^1/2) / 2 + PE
    Total System Jitter     (TSJ):    0.050ns
    Discrete Jitter          (DJ):    0.201ns
    Phase Error              (PE):    0.000ns
  Clock Net Delay (Destination): 1.532ns (routing 0.249ns, distribution 1.283ns)

    Location             Delay type                Incr(ns)  Path(ns)    Netlist Resource(s)
  -------------------------------------------------------------------    -------------------
    DSP48E2_X0Y101       DSP_A_B_DATA                 0.000     0.000 r  SoC_i/VPU_Top_0/inst/u_my_ip/u_axi4_mapping/u_spu/u_vpu_stream8/GEN_ACCUM8[1].u_accum/contribution_mul_w__0/DSP_A_B_DATA_INST/B2_DATA[17]
                         net (fo=1, routed)           0.000     0.000    SoC_i/VPU_Top_0/inst/u_my_ip/u_axi4_mapping/u_spu/u_vpu_stream8/GEN_ACCUM8[1].u_accum/contribution_mul_w__0/DSP_A_B_DATA.B2_DATA<17>
    DSP48E2_X0Y101       DSP_PREADD_DATA (Prop_DSP_PREADD_DATA_DSP48E2_B2_DATA[17]_B2B1[17])
                                                      0.073     0.073 r  SoC_i/VPU_Top_0/inst/u_my_ip/u_axi4_mapping/u_spu/u_vpu_stream8/GEN_ACCUM8[1].u_accum/contribution_mul_w__0/DSP_PREADD_DATA_INST/B2B1[17]
                         net (fo=1, routed)           0.000     0.073    SoC_i/VPU_Top_0/inst/u_my_ip/u_axi4_mapping/u_spu/u_vpu_stream8/GEN_ACCUM8[1].u_accum/contribution_mul_w__0/DSP_PREADD_DATA.B2B1<17>
    DSP48E2_X0Y101       DSP_MULTIPLIER (Prop_DSP_MULTIPLIER_DSP48E2_B2B1[17]_V[43])
                                                      0.609     0.682 f  SoC_i/VPU_Top_0/inst/u_my_ip/u_axi4_mapping/u_spu/u_vpu_stream8/GEN_ACCUM8[1].u_accum/contribution_mul_w__0/DSP_MULTIPLIER_INST/V[43]
                         net (fo=1, routed)           0.000     0.682    SoC_i/VPU_Top_0/inst/u_my_ip/u_axi4_mapping/u_spu/u_vpu_stream8/GEN_ACCUM8[1].u_accum/contribution_mul_w__0/DSP_MULTIPLIER.V<43>
    DSP48E2_X0Y101       DSP_M_DATA (Prop_DSP_M_DATA_DSP48E2_V[43]_V_DATA[43])
                                                      0.046     0.728 r  SoC_i/VPU_Top_0/inst/u_my_ip/u_axi4_mapping/u_spu/u_vpu_stream8/GEN_ACCUM8[1].u_accum/contribution_mul_w__0/DSP_M_DATA_INST/V_DATA[43]
                         net (fo=1, routed)           0.000     0.728    SoC_i/VPU_Top_0/inst/u_my_ip/u_axi4_mapping/u_spu/u_vpu_stream8/GEN_ACCUM8[1].u_accum/contribution_mul_w__0/DSP_M_DATA.V_DATA<43>
    DSP48E2_X0Y101       DSP_ALU (Prop_DSP_ALU_DSP48E2_V_DATA[43]_ALU_OUT[47])
                                                      0.571     1.299 f  SoC_i/VPU_Top_0/inst/u_my_ip/u_axi4_mapping/u_spu/u_vpu_stream8/GEN_ACCUM8[1].u_accum/contribution_mul_w__0/DSP_ALU_INST/ALU_OUT[47]
                         net (fo=1, routed)           0.000     1.299    SoC_i/VPU_Top_0/inst/u_my_ip/u_axi4_mapping/u_spu/u_vpu_stream8/GEN_ACCUM8[1].u_accum/contribution_mul_w__0/DSP_ALU.ALU_OUT<47>
    DSP48E2_X0Y101       DSP_OUTPUT (Prop_DSP_OUTPUT_DSP48E2_ALU_OUT[47]_PCOUT[47])
                                                      0.122     1.421 r  SoC_i/VPU_Top_0/inst/u_my_ip/u_axi4_mapping/u_spu/u_vpu_stream8/GEN_ACCUM8[1].u_accum/contribution_mul_w__0/DSP_OUTPUT_INST/PCOUT[47]
                         net (fo=1, routed)           0.038     1.459    SoC_i/VPU_Top_0/inst/u_my_ip/u_axi4_mapping/u_spu/u_vpu_stream8/GEN_ACCUM8[1].u_accum/contribution_mul_w__1/PCIN[47]
    DSP48E2_X0Y102       DSP_ALU (Prop_DSP_ALU_DSP48E2_PCIN[47]_ALU_OUT[8])
                                                      0.546     2.005 f  SoC_i/VPU_Top_0/inst/u_my_ip/u_axi4_mapping/u_spu/u_vpu_stream8/GEN_ACCUM8[1].u_accum/contribution_mul_w__1/DSP_ALU_INST/ALU_OUT[8]
                         net (fo=1, routed)           0.000     2.005    SoC_i/VPU_Top_0/inst/u_my_ip/u_axi4_mapping/u_spu/u_vpu_stream8/GEN_ACCUM8[1].u_accum/contribution_mul_w__1/DSP_ALU.ALU_OUT<8>
    DSP48E2_X0Y102       DSP_OUTPUT (Prop_DSP_OUTPUT_DSP48E2_ALU_OUT[8]_P[8])
                                                      0.109     2.114 r  SoC_i/VPU_Top_0/inst/u_my_ip/u_axi4_mapping/u_spu/u_vpu_stream8/GEN_ACCUM8[1].u_accum/contribution_mul_w__1/DSP_OUTPUT_INST/P[8]
                         net (fo=1, routed)           0.580     2.694    SoC_i/VPU_Top_0/inst/u_my_ip/u_axi4_mapping/u_spu/u_vpu_stream8/GEN_ACCUM8[1].u_accum/contribution_mul_w__1_n_97
    SLICE_X6Y257         FDRE                                         r  SoC_i/VPU_Top_0/inst/u_my_ip/u_axi4_mapping/u_spu/u_vpu_stream8/GEN_ACCUM8[1].u_accum/contribution_full_r_reg[8]__0/D
  -------------------------------------------------------------------    -------------------

                         (clock clk_pl_0 rise edge)
                                                      0.000     0.000 r  
    PS8_X0Y0             PS8                          0.000     0.000 r  SoC_i/zynq_ultra_ps_e_0/inst/PS8_i/PLCLK[0]
                         net (fo=1, routed)           0.143     0.143    SoC_i/zynq_ultra_ps_e_0/inst/pl_clk_unbuffered[0]
    BUFG_PS_X0Y88        BUFG_PS (Prop_BUFG_PS_I_O)
                                                      0.025     0.168 r  SoC_i/zynq_ultra_ps_e_0/inst/buffer_pl_clk_0.PL_CLK_0_BUFG/O
    X1Y3 (CLOCK_ROOT)    net (fo=52634, routed)       1.532     1.700    SoC_i/VPU_Top_0/inst/u_my_ip/u_axi4_mapping/u_spu/u_vpu_stream8/GEN_ACCUM8[1].u_accum/s00_axi_aclk
    SLICE_X6Y257         FDRE                                         r  SoC_i/VPU_Top_0/inst/u_my_ip/u_axi4_mapping/u_spu/u_vpu_stream8/GEN_ACCUM8[1].u_accum/contribution_full_r_reg[8]__0/C

Slack:                    inf
  Source:                 SoC_i/VPU_Top_0/inst/u_my_ip/u_axi4_mapping/u_spu/u_vpu_stream8/GEN_ACCUM8[4].u_accum/contribution_mul_w__0/DSP_A_B_DATA_INST/B2_DATA[17]
                            (internal pin)
  Destination:            SoC_i/VPU_Top_0/inst/u_my_ip/u_axi4_mapping/u_spu/u_vpu_stream8/GEN_ACCUM8[4].u_accum/contribution_full_r_reg[12]__0/D
                            (rising edge-triggered cell FDRE clocked by clk_pl_0  {rise@0.000ns fall@2.000ns period=4.000ns})
  Path Group:             (none)
  Path Type:              Setup (Max at Slow Process Corner)
  Data Path Delay:        2.647ns  (logic 2.076ns (78.428%)  route 0.571ns (21.572%))
  Logic Levels:           7  (DSP_ALU=2 DSP_M_DATA=1 DSP_MULTIPLIER=1 DSP_OUTPUT=2 DSP_PREADD_DATA=1)
  Clock Uncertainty:      0.103ns  ((TSJ^2 + DJ^2)^1/2) / 2 + PE
    Total System Jitter     (TSJ):    0.050ns
    Discrete Jitter          (DJ):    0.201ns
    Phase Error              (PE):    0.000ns
  Clock Net Delay (Destination): 1.410ns (routing 0.249ns, distribution 1.161ns)

    Location             Delay type                Incr(ns)  Path(ns)    Netlist Resource(s)
  -------------------------------------------------------------------    -------------------
    DSP48E2_X1Y109       DSP_A_B_DATA                 0.000     0.000 r  SoC_i/VPU_Top_0/inst/u_my_ip/u_axi4_mapping/u_spu/u_vpu_stream8/GEN_ACCUM8[4].u_accum/contribution_mul_w__0/DSP_A_B_DATA_INST/B2_DATA[17]
                         net (fo=1, routed)           0.000     0.000    SoC_i/VPU_Top_0/inst/u_my_ip/u_axi4_mapping/u_spu/u_vpu_stream8/GEN_ACCUM8[4].u_accum/contribution_mul_w__0/DSP_A_B_DATA.B2_DATA<17>
    DSP48E2_X1Y109       DSP_PREADD_DATA (Prop_DSP_PREADD_DATA_DSP48E2_B2_DATA[17]_B2B1[17])
                                                      0.073     0.073 r  SoC_i/VPU_Top_0/inst/u_my_ip/u_axi4_mapping/u_spu/u_vpu_stream8/GEN_ACCUM8[4].u_accum/contribution_mul_w__0/DSP_PREADD_DATA_INST/B2B1[17]
                         net (fo=1, routed)           0.000     0.073    SoC_i/VPU_Top_0/inst/u_my_ip/u_axi4_mapping/u_spu/u_vpu_stream8/GEN_ACCUM8[4].u_accum/contribution_mul_w__0/DSP_PREADD_DATA.B2B1<17>
    DSP48E2_X1Y109       DSP_MULTIPLIER (Prop_DSP_MULTIPLIER_DSP48E2_B2B1[17]_V[43])
                                                      0.609     0.682 f  SoC_i/VPU_Top_0/inst/u_my_ip/u_axi4_mapping/u_spu/u_vpu_stream8/GEN_ACCUM8[4].u_accum/contribution_mul_w__0/DSP_MULTIPLIER_INST/V[43]
                         net (fo=1, routed)           0.000     0.682    SoC_i/VPU_Top_0/inst/u_my_ip/u_axi4_mapping/u_spu/u_vpu_stream8/GEN_ACCUM8[4].u_accum/contribution_mul_w__0/DSP_MULTIPLIER.V<43>
    DSP48E2_X1Y109       DSP_M_DATA (Prop_DSP_M_DATA_DSP48E2_V[43]_V_DATA[43])
                                                      0.046     0.728 r  SoC_i/VPU_Top_0/inst/u_my_ip/u_axi4_mapping/u_spu/u_vpu_stream8/GEN_ACCUM8[4].u_accum/contribution_mul_w__0/DSP_M_DATA_INST/V_DATA[43]
                         net (fo=1, routed)           0.000     0.728    SoC_i/VPU_Top_0/inst/u_my_ip/u_axi4_mapping/u_spu/u_vpu_stream8/GEN_ACCUM8[4].u_accum/contribution_mul_w__0/DSP_M_DATA.V_DATA<43>
    DSP48E2_X1Y109       DSP_ALU (Prop_DSP_ALU_DSP48E2_V_DATA[43]_ALU_OUT[47])
                                                      0.571     1.299 f  SoC_i/VPU_Top_0/inst/u_my_ip/u_axi4_mapping/u_spu/u_vpu_stream8/GEN_ACCUM8[4].u_accum/contribution_mul_w__0/DSP_ALU_INST/ALU_OUT[47]
                         net (fo=1, routed)           0.000     1.299    SoC_i/VPU_Top_0/inst/u_my_ip/u_axi4_mapping/u_spu/u_vpu_stream8/GEN_ACCUM8[4].u_accum/contribution_mul_w__0/DSP_ALU.ALU_OUT<47>
    DSP48E2_X1Y109       DSP_OUTPUT (Prop_DSP_OUTPUT_DSP48E2_ALU_OUT[47]_PCOUT[47])
                                                      0.122     1.421 r  SoC_i/VPU_Top_0/inst/u_my_ip/u_axi4_mapping/u_spu/u_vpu_stream8/GEN_ACCUM8[4].u_accum/contribution_mul_w__0/DSP_OUTPUT_INST/PCOUT[47]
                         net (fo=1, routed)           0.038     1.459    SoC_i/VPU_Top_0/inst/u_my_ip/u_axi4_mapping/u_spu/u_vpu_stream8/GEN_ACCUM8[4].u_accum/contribution_mul_w__1/PCIN[47]
    DSP48E2_X1Y110       DSP_ALU (Prop_DSP_ALU_DSP48E2_PCIN[47]_ALU_OUT[12])
                                                      0.546     2.005 f  SoC_i/VPU_Top_0/inst/u_my_ip/u_axi4_mapping/u_spu/u_vpu_stream8/GEN_ACCUM8[4].u_accum/contribution_mul_w__1/DSP_ALU_INST/ALU_OUT[12]
                         net (fo=1, routed)           0.000     2.005    SoC_i/VPU_Top_0/inst/u_my_ip/u_axi4_mapping/u_spu/u_vpu_stream8/GEN_ACCUM8[4].u_accum/contribution_mul_w__1/DSP_ALU.ALU_OUT<12>
    DSP48E2_X1Y110       DSP_OUTPUT (Prop_DSP_OUTPUT_DSP48E2_ALU_OUT[12]_P[12])
                                                      0.109     2.114 r  SoC_i/VPU_Top_0/inst/u_my_ip/u_axi4_mapping/u_spu/u_vpu_stream8/GEN_ACCUM8[4].u_accum/contribution_mul_w__1/DSP_OUTPUT_INST/P[12]
                         net (fo=1, routed)           0.533     2.647    SoC_i/VPU_Top_0/inst/u_my_ip/u_axi4_mapping/u_spu/u_vpu_stream8/GEN_ACCUM8[4].u_accum/contribution_mul_w__1_n_93
    SLICE_X41Y272        FDRE                                         r  SoC_i/VPU_Top_0/inst/u_my_ip/u_axi4_mapping/u_spu/u_vpu_stream8/GEN_ACCUM8[4].u_accum/contribution_full_r_reg[12]__0/D
  -------------------------------------------------------------------    -------------------

                         (clock clk_pl_0 rise edge)
                                                      0.000     0.000 r  
    PS8_X0Y0             PS8                          0.000     0.000 r  SoC_i/zynq_ultra_ps_e_0/inst/PS8_i/PLCLK[0]
                         net (fo=1, routed)           0.143     0.143    SoC_i/zynq_ultra_ps_e_0/inst/pl_clk_unbuffered[0]
    BUFG_PS_X0Y88        BUFG_PS (Prop_BUFG_PS_I_O)
                                                      0.025     0.168 r  SoC_i/zynq_ultra_ps_e_0/inst/buffer_pl_clk_0.PL_CLK_0_BUFG/O
    X1Y3 (CLOCK_ROOT)    net (fo=52634, routed)       1.410     1.578    SoC_i/VPU_Top_0/inst/u_my_ip/u_axi4_mapping/u_spu/u_vpu_stream8/GEN_ACCUM8[4].u_accum/s00_axi_aclk
    SLICE_X41Y272        FDRE                                         r  SoC_i/VPU_Top_0/inst/u_my_ip/u_axi4_mapping/u_spu/u_vpu_stream8/GEN_ACCUM8[4].u_accum/contribution_full_r_reg[12]__0/C

Slack:                    inf
  Source:                 SoC_i/VPU_Top_0/inst/u_my_ip/u_axi4_mapping/u_spu/u_vpu_stream8/GEN_ACCUM8[4].u_accum/contribution_mul_w__0/DSP_A_B_DATA_INST/B2_DATA[17]
                            (internal pin)
  Destination:            SoC_i/VPU_Top_0/inst/u_my_ip/u_axi4_mapping/u_spu/u_vpu_stream8/GEN_ACCUM8[4].u_accum/contribution_full_r_reg[5]__0/D
                            (rising edge-triggered cell FDRE clocked by clk_pl_0  {rise@0.000ns fall@2.000ns period=4.000ns})
  Path Group:             (none)
  Path Type:              Setup (Max at Slow Process Corner)
  Data Path Delay:        2.644ns  (logic 2.076ns (78.517%)  route 0.568ns (21.483%))
  Logic Levels:           7  (DSP_ALU=2 DSP_M_DATA=1 DSP_MULTIPLIER=1 DSP_OUTPUT=2 DSP_PREADD_DATA=1)
  Clock Uncertainty:      0.103ns  ((TSJ^2 + DJ^2)^1/2) / 2 + PE
    Total System Jitter     (TSJ):    0.050ns
    Discrete Jitter          (DJ):    0.201ns
    Phase Error              (PE):    0.000ns
  Clock Net Delay (Destination): 1.414ns (routing 0.249ns, distribution 1.165ns)

    Location             Delay type                Incr(ns)  Path(ns)    Netlist Resource(s)
  -------------------------------------------------------------------    -------------------
    DSP48E2_X1Y109       DSP_A_B_DATA                 0.000     0.000 r  SoC_i/VPU_Top_0/inst/u_my_ip/u_axi4_mapping/u_spu/u_vpu_stream8/GEN_ACCUM8[4].u_accum/contribution_mul_w__0/DSP_A_B_DATA_INST/B2_DATA[17]
                         net (fo=1, routed)           0.000     0.000    SoC_i/VPU_Top_0/inst/u_my_ip/u_axi4_mapping/u_spu/u_vpu_stream8/GEN_ACCUM8[4].u_accum/contribution_mul_w__0/DSP_A_B_DATA.B2_DATA<17>
    DSP48E2_X1Y109       DSP_PREADD_DATA (Prop_DSP_PREADD_DATA_DSP48E2_B2_DATA[17]_B2B1[17])
                                                      0.073     0.073 r  SoC_i/VPU_Top_0/inst/u_my_ip/u_axi4_mapping/u_spu/u_vpu_stream8/GEN_ACCUM8[4].u_accum/contribution_mul_w__0/DSP_PREADD_DATA_INST/B2B1[17]
                         net (fo=1, routed)           0.000     0.073    SoC_i/VPU_Top_0/inst/u_my_ip/u_axi4_mapping/u_spu/u_vpu_stream8/GEN_ACCUM8[4].u_accum/contribution_mul_w__0/DSP_PREADD_DATA.B2B1<17>
    DSP48E2_X1Y109       DSP_MULTIPLIER (Prop_DSP_MULTIPLIER_DSP48E2_B2B1[17]_V[43])
                                                      0.609     0.682 f  SoC_i/VPU_Top_0/inst/u_my_ip/u_axi4_mapping/u_spu/u_vpu_stream8/GEN_ACCUM8[4].u_accum/contribution_mul_w__0/DSP_MULTIPLIER_INST/V[43]
                         net (fo=1, routed)           0.000     0.682    SoC_i/VPU_Top_0/inst/u_my_ip/u_axi4_mapping/u_spu/u_vpu_stream8/GEN_ACCUM8[4].u_accum/contribution_mul_w__0/DSP_MULTIPLIER.V<43>
    DSP48E2_X1Y109       DSP_M_DATA (Prop_DSP_M_DATA_DSP48E2_V[43]_V_DATA[43])
                                                      0.046     0.728 r  SoC_i/VPU_Top_0/inst/u_my_ip/u_axi4_mapping/u_spu/u_vpu_stream8/GEN_ACCUM8[4].u_accum/contribution_mul_w__0/DSP_M_DATA_INST/V_DATA[43]
                         net (fo=1, routed)           0.000     0.728    SoC_i/VPU_Top_0/inst/u_my_ip/u_axi4_mapping/u_spu/u_vpu_stream8/GEN_ACCUM8[4].u_accum/contribution_mul_w__0/DSP_M_DATA.V_DATA<43>
    DSP48E2_X1Y109       DSP_ALU (Prop_DSP_ALU_DSP48E2_V_DATA[43]_ALU_OUT[47])
                                                      0.571     1.299 f  SoC_i/VPU_Top_0/inst/u_my_ip/u_axi4_mapping/u_spu/u_vpu_stream8/GEN_ACCUM8[4].u_accum/contribution_mul_w__0/DSP_ALU_INST/ALU_OUT[47]
                         net (fo=1, routed)           0.000     1.299    SoC_i/VPU_Top_0/inst/u_my_ip/u_axi4_mapping/u_spu/u_vpu_stream8/GEN_ACCUM8[4].u_accum/contribution_mul_w__0/DSP_ALU.ALU_OUT<47>
    DSP48E2_X1Y109       DSP_OUTPUT (Prop_DSP_OUTPUT_DSP48E2_ALU_OUT[47]_PCOUT[47])
                                                      0.122     1.421 r  SoC_i/VPU_Top_0/inst/u_my_ip/u_axi4_mapping/u_spu/u_vpu_stream8/GEN_ACCUM8[4].u_accum/contribution_mul_w__0/DSP_OUTPUT_INST/PCOUT[47]
                         net (fo=1, routed)           0.038     1.459    SoC_i/VPU_Top_0/inst/u_my_ip/u_axi4_mapping/u_spu/u_vpu_stream8/GEN_ACCUM8[4].u_accum/contribution_mul_w__1/PCIN[47]
    DSP48E2_X1Y110       DSP_ALU (Prop_DSP_ALU_DSP48E2_PCIN[47]_ALU_OUT[5])
                                                      0.546     2.005 f  SoC_i/VPU_Top_0/inst/u_my_ip/u_axi4_mapping/u_spu/u_vpu_stream8/GEN_ACCUM8[4].u_accum/contribution_mul_w__1/DSP_ALU_INST/ALU_OUT[5]
                         net (fo=1, routed)           0.000     2.005    SoC_i/VPU_Top_0/inst/u_my_ip/u_axi4_mapping/u_spu/u_vpu_stream8/GEN_ACCUM8[4].u_accum/contribution_mul_w__1/DSP_ALU.ALU_OUT<5>
    DSP48E2_X1Y110       DSP_OUTPUT (Prop_DSP_OUTPUT_DSP48E2_ALU_OUT[5]_P[5])
                                                      0.109     2.114 r  SoC_i/VPU_Top_0/inst/u_my_ip/u_axi4_mapping/u_spu/u_vpu_stream8/GEN_ACCUM8[4].u_accum/contribution_mul_w__1/DSP_OUTPUT_INST/P[5]
                         net (fo=1, routed)           0.530     2.644    SoC_i/VPU_Top_0/inst/u_my_ip/u_axi4_mapping/u_spu/u_vpu_stream8/GEN_ACCUM8[4].u_accum/contribution_mul_w__1_n_100
    SLICE_X41Y271        FDRE                                         r  SoC_i/VPU_Top_0/inst/u_my_ip/u_axi4_mapping/u_spu/u_vpu_stream8/GEN_ACCUM8[4].u_accum/contribution_full_r_reg[5]__0/D
  -------------------------------------------------------------------    -------------------

                         (clock clk_pl_0 rise edge)
                                                      0.000     0.000 r  
    PS8_X0Y0             PS8                          0.000     0.000 r  SoC_i/zynq_ultra_ps_e_0/inst/PS8_i/PLCLK[0]
                         net (fo=1, routed)           0.143     0.143    SoC_i/zynq_ultra_ps_e_0/inst/pl_clk_unbuffered[0]
    BUFG_PS_X0Y88        BUFG_PS (Prop_BUFG_PS_I_O)
                                                      0.025     0.168 r  SoC_i/zynq_ultra_ps_e_0/inst/buffer_pl_clk_0.PL_CLK_0_BUFG/O
    X1Y3 (CLOCK_ROOT)    net (fo=52634, routed)       1.414     1.582    SoC_i/VPU_Top_0/inst/u_my_ip/u_axi4_mapping/u_spu/u_vpu_stream8/GEN_ACCUM8[4].u_accum/s00_axi_aclk
    SLICE_X41Y271        FDRE                                         r  SoC_i/VPU_Top_0/inst/u_my_ip/u_axi4_mapping/u_spu/u_vpu_stream8/GEN_ACCUM8[4].u_accum/contribution_full_r_reg[5]__0/C

Slack:                    inf
  Source:                 SoC_i/VPU_Top_0/inst/u_my_ip/u_axi4_mapping/u_spu/u_vpu_stream8/GEN_ACCUM8[0].u_accum/contribution_mul_w__0/DSP_A_B_DATA_INST/B2_DATA[17]
                            (internal pin)
  Destination:            SoC_i/VPU_Top_0/inst/u_my_ip/u_axi4_mapping/u_spu/u_vpu_stream8/GEN_ACCUM8[0].u_accum/contribution_full_r_reg[0]__0/D
                            (rising edge-triggered cell FDRE clocked by clk_pl_0  {rise@0.000ns fall@2.000ns period=4.000ns})
  Path Group:             (none)
  Path Type:              Setup (Max at Slow Process Corner)
  Data Path Delay:        2.633ns  (logic 2.076ns (78.845%)  route 0.557ns (21.155%))
  Logic Levels:           7  (DSP_ALU=2 DSP_M_DATA=1 DSP_MULTIPLIER=1 DSP_OUTPUT=2 DSP_PREADD_DATA=1)
  Clock Uncertainty:      0.103ns  ((TSJ^2 + DJ^2)^1/2) / 2 + PE
    Total System Jitter     (TSJ):    0.050ns
    Discrete Jitter          (DJ):    0.201ns
    Phase Error              (PE):    0.000ns
  Clock Net Delay (Destination): 1.352ns (routing 0.249ns, distribution 1.103ns)

    Location             Delay type                Incr(ns)  Path(ns)    Netlist Resource(s)
  -------------------------------------------------------------------    -------------------
    DSP48E2_X3Y111       DSP_A_B_DATA                 0.000     0.000 r  SoC_i/VPU_Top_0/inst/u_my_ip/u_axi4_mapping/u_spu/u_vpu_stream8/GEN_ACCUM8[0].u_accum/contribution_mul_w__0/DSP_A_B_DATA_INST/B2_DATA[17]
                         net (fo=1, routed)           0.000     0.000    SoC_i/VPU_Top_0/inst/u_my_ip/u_axi4_mapping/u_spu/u_vpu_stream8/GEN_ACCUM8[0].u_accum/contribution_mul_w__0/DSP_A_B_DATA.B2_DATA<17>
    DSP48E2_X3Y111       DSP_PREADD_DATA (Prop_DSP_PREADD_DATA_DSP48E2_B2_DATA[17]_B2B1[17])
                                                      0.073     0.073 r  SoC_i/VPU_Top_0/inst/u_my_ip/u_axi4_mapping/u_spu/u_vpu_stream8/GEN_ACCUM8[0].u_accum/contribution_mul_w__0/DSP_PREADD_DATA_INST/B2B1[17]
                         net (fo=1, routed)           0.000     0.073    SoC_i/VPU_Top_0/inst/u_my_ip/u_axi4_mapping/u_spu/u_vpu_stream8/GEN_ACCUM8[0].u_accum/contribution_mul_w__0/DSP_PREADD_DATA.B2B1<17>
    DSP48E2_X3Y111       DSP_MULTIPLIER (Prop_DSP_MULTIPLIER_DSP48E2_B2B1[17]_V[43])
                                                      0.609     0.682 f  SoC_i/VPU_Top_0/inst/u_my_ip/u_axi4_mapping/u_spu/u_vpu_stream8/GEN_ACCUM8[0].u_accum/contribution_mul_w__0/DSP_MULTIPLIER_INST/V[43]
                         net (fo=1, routed)           0.000     0.682    SoC_i/VPU_Top_0/inst/u_my_ip/u_axi4_mapping/u_spu/u_vpu_stream8/GEN_ACCUM8[0].u_accum/contribution_mul_w__0/DSP_MULTIPLIER.V<43>
    DSP48E2_X3Y111       DSP_M_DATA (Prop_DSP_M_DATA_DSP48E2_V[43]_V_DATA[43])
                                                      0.046     0.728 r  SoC_i/VPU_Top_0/inst/u_my_ip/u_axi4_mapping/u_spu/u_vpu_stream8/GEN_ACCUM8[0].u_accum/contribution_mul_w__0/DSP_M_DATA_INST/V_DATA[43]
                         net (fo=1, routed)           0.000     0.728    SoC_i/VPU_Top_0/inst/u_my_ip/u_axi4_mapping/u_spu/u_vpu_stream8/GEN_ACCUM8[0].u_accum/contribution_mul_w__0/DSP_M_DATA.V_DATA<43>
    DSP48E2_X3Y111       DSP_ALU (Prop_DSP_ALU_DSP48E2_V_DATA[43]_ALU_OUT[47])
                                                      0.571     1.299 f  SoC_i/VPU_Top_0/inst/u_my_ip/u_axi4_mapping/u_spu/u_vpu_stream8/GEN_ACCUM8[0].u_accum/contribution_mul_w__0/DSP_ALU_INST/ALU_OUT[47]
                         net (fo=1, routed)           0.000     1.299    SoC_i/VPU_Top_0/inst/u_my_ip/u_axi4_mapping/u_spu/u_vpu_stream8/GEN_ACCUM8[0].u_accum/contribution_mul_w__0/DSP_ALU.ALU_OUT<47>
    DSP48E2_X3Y111       DSP_OUTPUT (Prop_DSP_OUTPUT_DSP48E2_ALU_OUT[47]_PCOUT[47])
                                                      0.122     1.421 r  SoC_i/VPU_Top_0/inst/u_my_ip/u_axi4_mapping/u_spu/u_vpu_stream8/GEN_ACCUM8[0].u_accum/contribution_mul_w__0/DSP_OUTPUT_INST/PCOUT[47]
                         net (fo=1, routed)           0.038     1.459    SoC_i/VPU_Top_0/inst/u_my_ip/u_axi4_mapping/u_spu/u_vpu_stream8/GEN_ACCUM8[0].u_accum/contribution_mul_w__1/PCIN[47]
    DSP48E2_X3Y112       DSP_ALU (Prop_DSP_ALU_DSP48E2_PCIN[47]_ALU_OUT[0])
                                                      0.546     2.005 f  SoC_i/VPU_Top_0/inst/u_my_ip/u_axi4_mapping/u_spu/u_vpu_stream8/GEN_ACCUM8[0].u_accum/contribution_mul_w__1/DSP_ALU_INST/ALU_OUT[0]
                         net (fo=1, routed)           0.000     2.005    SoC_i/VPU_Top_0/inst/u_my_ip/u_axi4_mapping/u_spu/u_vpu_stream8/GEN_ACCUM8[0].u_accum/contribution_mul_w__1/DSP_ALU.ALU_OUT<0>
    DSP48E2_X3Y112       DSP_OUTPUT (Prop_DSP_OUTPUT_DSP48E2_ALU_OUT[0]_P[0])
                                                      0.109     2.114 r  SoC_i/VPU_Top_0/inst/u_my_ip/u_axi4_mapping/u_spu/u_vpu_stream8/GEN_ACCUM8[0].u_accum/contribution_mul_w__1/DSP_OUTPUT_INST/P[0]
                         net (fo=1, routed)           0.519     2.633    SoC_i/VPU_Top_0/inst/u_my_ip/u_axi4_mapping/u_spu/u_vpu_stream8/GEN_ACCUM8[0].u_accum/contribution_mul_w__1_n_105
    SLICE_X49Y281        FDRE                                         r  SoC_i/VPU_Top_0/inst/u_my_ip/u_axi4_mapping/u_spu/u_vpu_stream8/GEN_ACCUM8[0].u_accum/contribution_full_r_reg[0]__0/D
  -------------------------------------------------------------------    -------------------

                         (clock clk_pl_0 rise edge)
                                                      0.000     0.000 r  
    PS8_X0Y0             PS8                          0.000     0.000 r  SoC_i/zynq_ultra_ps_e_0/inst/PS8_i/PLCLK[0]
                         net (fo=1, routed)           0.143     0.143    SoC_i/zynq_ultra_ps_e_0/inst/pl_clk_unbuffered[0]
    BUFG_PS_X0Y88        BUFG_PS (Prop_BUFG_PS_I_O)
                                                      0.025     0.168 r  SoC_i/zynq_ultra_ps_e_0/inst/buffer_pl_clk_0.PL_CLK_0_BUFG/O
    X1Y3 (CLOCK_ROOT)    net (fo=52634, routed)       1.352     1.520    SoC_i/VPU_Top_0/inst/u_my_ip/u_axi4_mapping/u_spu/u_vpu_stream8/GEN_ACCUM8[0].u_accum/s00_axi_aclk
    SLICE_X49Y281        FDRE                                         r  SoC_i/VPU_Top_0/inst/u_my_ip/u_axi4_mapping/u_spu/u_vpu_stream8/GEN_ACCUM8[0].u_accum/contribution_full_r_reg[0]__0/C

Slack:                    inf
  Source:                 SoC_i/VPU_Top_0/inst/u_my_ip/u_axi4_mapping/u_spu/u_vpu_stream8/GEN_ACCUM8[4].u_accum/contribution_mul_w__0/DSP_A_B_DATA_INST/B2_DATA[17]
                            (internal pin)
  Destination:            SoC_i/VPU_Top_0/inst/u_my_ip/u_axi4_mapping/u_spu/u_vpu_stream8/GEN_ACCUM8[4].u_accum/contribution_full_r_reg[1]__0/D
                            (rising edge-triggered cell FDRE clocked by clk_pl_0  {rise@0.000ns fall@2.000ns period=4.000ns})
  Path Group:             (none)
  Path Type:              Setup (Max at Slow Process Corner)
  Data Path Delay:        2.631ns  (logic 2.076ns (78.905%)  route 0.555ns (21.095%))
  Logic Levels:           7  (DSP_ALU=2 DSP_M_DATA=1 DSP_MULTIPLIER=1 DSP_OUTPUT=2 DSP_PREADD_DATA=1)
  Clock Uncertainty:      0.103ns  ((TSJ^2 + DJ^2)^1/2) / 2 + PE
    Total System Jitter     (TSJ):    0.050ns
    Discrete Jitter          (DJ):    0.201ns
    Phase Error              (PE):    0.000ns
  Clock Net Delay (Destination): 1.414ns (routing 0.249ns, distribution 1.165ns)

    Location             Delay type                Incr(ns)  Path(ns)    Netlist Resource(s)
  -------------------------------------------------------------------    -------------------
    DSP48E2_X1Y109       DSP_A_B_DATA                 0.000     0.000 r  SoC_i/VPU_Top_0/inst/u_my_ip/u_axi4_mapping/u_spu/u_vpu_stream8/GEN_ACCUM8[4].u_accum/contribution_mul_w__0/DSP_A_B_DATA_INST/B2_DATA[17]
                         net (fo=1, routed)           0.000     0.000    SoC_i/VPU_Top_0/inst/u_my_ip/u_axi4_mapping/u_spu/u_vpu_stream8/GEN_ACCUM8[4].u_accum/contribution_mul_w__0/DSP_A_B_DATA.B2_DATA<17>
    DSP48E2_X1Y109       DSP_PREADD_DATA (Prop_DSP_PREADD_DATA_DSP48E2_B2_DATA[17]_B2B1[17])
                                                      0.073     0.073 r  SoC_i/VPU_Top_0/inst/u_my_ip/u_axi4_mapping/u_spu/u_vpu_stream8/GEN_ACCUM8[4].u_accum/contribution_mul_w__0/DSP_PREADD_DATA_INST/B2B1[17]
                         net (fo=1, routed)           0.000     0.073    SoC_i/VPU_Top_0/inst/u_my_ip/u_axi4_mapping/u_spu/u_vpu_stream8/GEN_ACCUM8[4].u_accum/contribution_mul_w__0/DSP_PREADD_DATA.B2B1<17>
    DSP48E2_X1Y109       DSP_MULTIPLIER (Prop_DSP_MULTIPLIER_DSP48E2_B2B1[17]_V[43])
                                                      0.609     0.682 f  SoC_i/VPU_Top_0/inst/u_my_ip/u_axi4_mapping/u_spu/u_vpu_stream8/GEN_ACCUM8[4].u_accum/contribution_mul_w__0/DSP_MULTIPLIER_INST/V[43]
                         net (fo=1, routed)           0.000     0.682    SoC_i/VPU_Top_0/inst/u_my_ip/u_axi4_mapping/u_spu/u_vpu_stream8/GEN_ACCUM8[4].u_accum/contribution_mul_w__0/DSP_MULTIPLIER.V<43>
    DSP48E2_X1Y109       DSP_M_DATA (Prop_DSP_M_DATA_DSP48E2_V[43]_V_DATA[43])
                                                      0.046     0.728 r  SoC_i/VPU_Top_0/inst/u_my_ip/u_axi4_mapping/u_spu/u_vpu_stream8/GEN_ACCUM8[4].u_accum/contribution_mul_w__0/DSP_M_DATA_INST/V_DATA[43]
                         net (fo=1, routed)           0.000     0.728    SoC_i/VPU_Top_0/inst/u_my_ip/u_axi4_mapping/u_spu/u_vpu_stream8/GEN_ACCUM8[4].u_accum/contribution_mul_w__0/DSP_M_DATA.V_DATA<43>
    DSP48E2_X1Y109       DSP_ALU (Prop_DSP_ALU_DSP48E2_V_DATA[43]_ALU_OUT[47])
                                                      0.571     1.299 f  SoC_i/VPU_Top_0/inst/u_my_ip/u_axi4_mapping/u_spu/u_vpu_stream8/GEN_ACCUM8[4].u_accum/contribution_mul_w__0/DSP_ALU_INST/ALU_OUT[47]
                         net (fo=1, routed)           0.000     1.299    SoC_i/VPU_Top_0/inst/u_my_ip/u_axi4_mapping/u_spu/u_vpu_stream8/GEN_ACCUM8[4].u_accum/contribution_mul_w__0/DSP_ALU.ALU_OUT<47>
    DSP48E2_X1Y109       DSP_OUTPUT (Prop_DSP_OUTPUT_DSP48E2_ALU_OUT[47]_PCOUT[47])
                                                      0.122     1.421 r  SoC_i/VPU_Top_0/inst/u_my_ip/u_axi4_mapping/u_spu/u_vpu_stream8/GEN_ACCUM8[4].u_accum/contribution_mul_w__0/DSP_OUTPUT_INST/PCOUT[47]
                         net (fo=1, routed)           0.038     1.459    SoC_i/VPU_Top_0/inst/u_my_ip/u_axi4_mapping/u_spu/u_vpu_stream8/GEN_ACCUM8[4].u_accum/contribution_mul_w__1/PCIN[47]
    DSP48E2_X1Y110       DSP_ALU (Prop_DSP_ALU_DSP48E2_PCIN[47]_ALU_OUT[1])
                                                      0.546     2.005 f  SoC_i/VPU_Top_0/inst/u_my_ip/u_axi4_mapping/u_spu/u_vpu_stream8/GEN_ACCUM8[4].u_accum/contribution_mul_w__1/DSP_ALU_INST/ALU_OUT[1]
                         net (fo=1, routed)           0.000     2.005    SoC_i/VPU_Top_0/inst/u_my_ip/u_axi4_mapping/u_spu/u_vpu_stream8/GEN_ACCUM8[4].u_accum/contribution_mul_w__1/DSP_ALU.ALU_OUT<1>
    DSP48E2_X1Y110       DSP_OUTPUT (Prop_DSP_OUTPUT_DSP48E2_ALU_OUT[1]_P[1])
                                                      0.109     2.114 r  SoC_i/VPU_Top_0/inst/u_my_ip/u_axi4_mapping/u_spu/u_vpu_stream8/GEN_ACCUM8[4].u_accum/contribution_mul_w__1/DSP_OUTPUT_INST/P[1]
                         net (fo=1, routed)           0.517     2.631    SoC_i/VPU_Top_0/inst/u_my_ip/u_axi4_mapping/u_spu/u_vpu_stream8/GEN_ACCUM8[4].u_accum/contribution_mul_w__1_n_104
    SLICE_X41Y271        FDRE                                         r  SoC_i/VPU_Top_0/inst/u_my_ip/u_axi4_mapping/u_spu/u_vpu_stream8/GEN_ACCUM8[4].u_accum/contribution_full_r_reg[1]__0/D
  -------------------------------------------------------------------    -------------------

                         (clock clk_pl_0 rise edge)
                                                      0.000     0.000 r  
    PS8_X0Y0             PS8                          0.000     0.000 r  SoC_i/zynq_ultra_ps_e_0/inst/PS8_i/PLCLK[0]
                         net (fo=1, routed)           0.143     0.143    SoC_i/zynq_ultra_ps_e_0/inst/pl_clk_unbuffered[0]
    BUFG_PS_X0Y88        BUFG_PS (Prop_BUFG_PS_I_O)
                                                      0.025     0.168 r  SoC_i/zynq_ultra_ps_e_0/inst/buffer_pl_clk_0.PL_CLK_0_BUFG/O
    X1Y3 (CLOCK_ROOT)    net (fo=52634, routed)       1.414     1.582    SoC_i/VPU_Top_0/inst/u_my_ip/u_axi4_mapping/u_spu/u_vpu_stream8/GEN_ACCUM8[4].u_accum/s00_axi_aclk
    SLICE_X41Y271        FDRE                                         r  SoC_i/VPU_Top_0/inst/u_my_ip/u_axi4_mapping/u_spu/u_vpu_stream8/GEN_ACCUM8[4].u_accum/contribution_full_r_reg[1]__0/C

Slack:                    inf
  Source:                 SoC_i/VPU_Top_0/inst/u_my_ip/u_axi4_mapping/u_spu/u_vpu_stream8/GEN_ACCUM8[4].u_accum/contribution_mul_w__0/DSP_A_B_DATA_INST/B2_DATA[17]
                            (internal pin)
  Destination:            SoC_i/VPU_Top_0/inst/u_my_ip/u_axi4_mapping/u_spu/u_vpu_stream8/GEN_ACCUM8[4].u_accum/contribution_full_r_reg[3]__0/D
                            (rising edge-triggered cell FDRE clocked by clk_pl_0  {rise@0.000ns fall@2.000ns period=4.000ns})
  Path Group:             (none)
  Path Type:              Setup (Max at Slow Process Corner)
  Data Path Delay:        2.583ns  (logic 2.076ns (80.372%)  route 0.507ns (19.628%))
  Logic Levels:           7  (DSP_ALU=2 DSP_M_DATA=1 DSP_MULTIPLIER=1 DSP_OUTPUT=2 DSP_PREADD_DATA=1)
  Clock Uncertainty:      0.103ns  ((TSJ^2 + DJ^2)^1/2) / 2 + PE
    Total System Jitter     (TSJ):    0.050ns
    Discrete Jitter          (DJ):    0.201ns
    Phase Error              (PE):    0.000ns
  Clock Net Delay (Destination): 1.414ns (routing 0.249ns, distribution 1.165ns)

    Location             Delay type                Incr(ns)  Path(ns)    Netlist Resource(s)
  -------------------------------------------------------------------    -------------------
    DSP48E2_X1Y109       DSP_A_B_DATA                 0.000     0.000 r  SoC_i/VPU_Top_0/inst/u_my_ip/u_axi4_mapping/u_spu/u_vpu_stream8/GEN_ACCUM8[4].u_accum/contribution_mul_w__0/DSP_A_B_DATA_INST/B2_DATA[17]
                         net (fo=1, routed)           0.000     0.000    SoC_i/VPU_Top_0/inst/u_my_ip/u_axi4_mapping/u_spu/u_vpu_stream8/GEN_ACCUM8[4].u_accum/contribution_mul_w__0/DSP_A_B_DATA.B2_DATA<17>
    DSP48E2_X1Y109       DSP_PREADD_DATA (Prop_DSP_PREADD_DATA_DSP48E2_B2_DATA[17]_B2B1[17])
                                                      0.073     0.073 r  SoC_i/VPU_Top_0/inst/u_my_ip/u_axi4_mapping/u_spu/u_vpu_stream8/GEN_ACCUM8[4].u_accum/contribution_mul_w__0/DSP_PREADD_DATA_INST/B2B1[17]
                         net (fo=1, routed)           0.000     0.073    SoC_i/VPU_Top_0/inst/u_my_ip/u_axi4_mapping/u_spu/u_vpu_stream8/GEN_ACCUM8[4].u_accum/contribution_mul_w__0/DSP_PREADD_DATA.B2B1<17>
    DSP48E2_X1Y109       DSP_MULTIPLIER (Prop_DSP_MULTIPLIER_DSP48E2_B2B1[17]_V[43])
                                                      0.609     0.682 f  SoC_i/VPU_Top_0/inst/u_my_ip/u_axi4_mapping/u_spu/u_vpu_stream8/GEN_ACCUM8[4].u_accum/contribution_mul_w__0/DSP_MULTIPLIER_INST/V[43]
                         net (fo=1, routed)           0.000     0.682    SoC_i/VPU_Top_0/inst/u_my_ip/u_axi4_mapping/u_spu/u_vpu_stream8/GEN_ACCUM8[4].u_accum/contribution_mul_w__0/DSP_MULTIPLIER.V<43>
    DSP48E2_X1Y109       DSP_M_DATA (Prop_DSP_M_DATA_DSP48E2_V[43]_V_DATA[43])
                                                      0.046     0.728 r  SoC_i/VPU_Top_0/inst/u_my_ip/u_axi4_mapping/u_spu/u_vpu_stream8/GEN_ACCUM8[4].u_accum/contribution_mul_w__0/DSP_M_DATA_INST/V_DATA[43]
                         net (fo=1, routed)           0.000     0.728    SoC_i/VPU_Top_0/inst/u_my_ip/u_axi4_mapping/u_spu/u_vpu_stream8/GEN_ACCUM8[4].u_accum/contribution_mul_w__0/DSP_M_DATA.V_DATA<43>
    DSP48E2_X1Y109       DSP_ALU (Prop_DSP_ALU_DSP48E2_V_DATA[43]_ALU_OUT[47])
                                                      0.571     1.299 f  SoC_i/VPU_Top_0/inst/u_my_ip/u_axi4_mapping/u_spu/u_vpu_stream8/GEN_ACCUM8[4].u_accum/contribution_mul_w__0/DSP_ALU_INST/ALU_OUT[47]
                         net (fo=1, routed)           0.000     1.299    SoC_i/VPU_Top_0/inst/u_my_ip/u_axi4_mapping/u_spu/u_vpu_stream8/GEN_ACCUM8[4].u_accum/contribution_mul_w__0/DSP_ALU.ALU_OUT<47>
    DSP48E2_X1Y109       DSP_OUTPUT (Prop_DSP_OUTPUT_DSP48E2_ALU_OUT[47]_PCOUT[47])
                                                      0.122     1.421 r  SoC_i/VPU_Top_0/inst/u_my_ip/u_axi4_mapping/u_spu/u_vpu_stream8/GEN_ACCUM8[4].u_accum/contribution_mul_w__0/DSP_OUTPUT_INST/PCOUT[47]
                         net (fo=1, routed)           0.038     1.459    SoC_i/VPU_Top_0/inst/u_my_ip/u_axi4_mapping/u_spu/u_vpu_stream8/GEN_ACCUM8[4].u_accum/contribution_mul_w__1/PCIN[47]
    DSP48E2_X1Y110       DSP_ALU (Prop_DSP_ALU_DSP48E2_PCIN[47]_ALU_OUT[3])
                                                      0.546     2.005 f  SoC_i/VPU_Top_0/inst/u_my_ip/u_axi4_mapping/u_spu/u_vpu_stream8/GEN_ACCUM8[4].u_accum/contribution_mul_w__1/DSP_ALU_INST/ALU_OUT[3]
                         net (fo=1, routed)           0.000     2.005    SoC_i/VPU_Top_0/inst/u_my_ip/u_axi4_mapping/u_spu/u_vpu_stream8/GEN_ACCUM8[4].u_accum/contribution_mul_w__1/DSP_ALU.ALU_OUT<3>
    DSP48E2_X1Y110       DSP_OUTPUT (Prop_DSP_OUTPUT_DSP48E2_ALU_OUT[3]_P[3])
                                                      0.109     2.114 r  SoC_i/VPU_Top_0/inst/u_my_ip/u_axi4_mapping/u_spu/u_vpu_stream8/GEN_ACCUM8[4].u_accum/contribution_mul_w__1/DSP_OUTPUT_INST/P[3]
                         net (fo=1, routed)           0.469     2.583    SoC_i/VPU_Top_0/inst/u_my_ip/u_axi4_mapping/u_spu/u_vpu_stream8/GEN_ACCUM8[4].u_accum/contribution_mul_w__1_n_102
    SLICE_X41Y271        FDRE                                         r  SoC_i/VPU_Top_0/inst/u_my_ip/u_axi4_mapping/u_spu/u_vpu_stream8/GEN_ACCUM8[4].u_accum/contribution_full_r_reg[3]__0/D
  -------------------------------------------------------------------    -------------------

                         (clock clk_pl_0 rise edge)
                                                      0.000     0.000 r  
    PS8_X0Y0             PS8                          0.000     0.000 r  SoC_i/zynq_ultra_ps_e_0/inst/PS8_i/PLCLK[0]
                         net (fo=1, routed)           0.143     0.143    SoC_i/zynq_ultra_ps_e_0/inst/pl_clk_unbuffered[0]
    BUFG_PS_X0Y88        BUFG_PS (Prop_BUFG_PS_I_O)
                                                      0.025     0.168 r  SoC_i/zynq_ultra_ps_e_0/inst/buffer_pl_clk_0.PL_CLK_0_BUFG/O
    X1Y3 (CLOCK_ROOT)    net (fo=52634, routed)       1.414     1.582    SoC_i/VPU_Top_0/inst/u_my_ip/u_axi4_mapping/u_spu/u_vpu_stream8/GEN_ACCUM8[4].u_accum/s00_axi_aclk
    SLICE_X41Y271        FDRE                                         r  SoC_i/VPU_Top_0/inst/u_my_ip/u_axi4_mapping/u_spu/u_vpu_stream8/GEN_ACCUM8[4].u_accum/contribution_full_r_reg[3]__0/C

Slack:                    inf
  Source:                 SoC_i/VPU_Top_0/inst/u_my_ip/u_axi4_mapping/u_spu/u_vpu_stream8/GEN_ACCUM8[2].u_accum/contribution_mul_w__0/DSP_A_B_DATA_INST/B2_DATA[17]
                            (internal pin)
  Destination:            SoC_i/VPU_Top_0/inst/u_my_ip/u_axi4_mapping/u_spu/u_vpu_stream8/GEN_ACCUM8[2].u_accum/contribution_full_r_reg[0]__0/D
                            (rising edge-triggered cell FDRE clocked by clk_pl_0  {rise@0.000ns fall@2.000ns period=4.000ns})
  Path Group:             (none)
  Path Type:              Setup (Max at Slow Process Corner)
  Data Path Delay:        2.570ns  (logic 2.076ns (80.778%)  route 0.494ns (19.222%))
  Logic Levels:           7  (DSP_ALU=2 DSP_M_DATA=1 DSP_MULTIPLIER=1 DSP_OUTPUT=2 DSP_PREADD_DATA=1)
  Clock Uncertainty:      0.103ns  ((TSJ^2 + DJ^2)^1/2) / 2 + PE
    Total System Jitter     (TSJ):    0.050ns
    Discrete Jitter          (DJ):    0.201ns
    Phase Error              (PE):    0.000ns
  Clock Net Delay (Destination): 1.345ns (routing 0.249ns, distribution 1.096ns)

    Location             Delay type                Incr(ns)  Path(ns)    Netlist Resource(s)
  -------------------------------------------------------------------    -------------------
    DSP48E2_X2Y105       DSP_A_B_DATA                 0.000     0.000 r  SoC_i/VPU_Top_0/inst/u_my_ip/u_axi4_mapping/u_spu/u_vpu_stream8/GEN_ACCUM8[2].u_accum/contribution_mul_w__0/DSP_A_B_DATA_INST/B2_DATA[17]
                         net (fo=1, routed)           0.000     0.000    SoC_i/VPU_Top_0/inst/u_my_ip/u_axi4_mapping/u_spu/u_vpu_stream8/GEN_ACCUM8[2].u_accum/contribution_mul_w__0/DSP_A_B_DATA.B2_DATA<17>
    DSP48E2_X2Y105       DSP_PREADD_DATA (Prop_DSP_PREADD_DATA_DSP48E2_B2_DATA[17]_B2B1[17])
                                                      0.073     0.073 r  SoC_i/VPU_Top_0/inst/u_my_ip/u_axi4_mapping/u_spu/u_vpu_stream8/GEN_ACCUM8[2].u_accum/contribution_mul_w__0/DSP_PREADD_DATA_INST/B2B1[17]
                         net (fo=1, routed)           0.000     0.073    SoC_i/VPU_Top_0/inst/u_my_ip/u_axi4_mapping/u_spu/u_vpu_stream8/GEN_ACCUM8[2].u_accum/contribution_mul_w__0/DSP_PREADD_DATA.B2B1<17>
    DSP48E2_X2Y105       DSP_MULTIPLIER (Prop_DSP_MULTIPLIER_DSP48E2_B2B1[17]_V[43])
                                                      0.609     0.682 f  SoC_i/VPU_Top_0/inst/u_my_ip/u_axi4_mapping/u_spu/u_vpu_stream8/GEN_ACCUM8[2].u_accum/contribution_mul_w__0/DSP_MULTIPLIER_INST/V[43]
                         net (fo=1, routed)           0.000     0.682    SoC_i/VPU_Top_0/inst/u_my_ip/u_axi4_mapping/u_spu/u_vpu_stream8/GEN_ACCUM8[2].u_accum/contribution_mul_w__0/DSP_MULTIPLIER.V<43>
    DSP48E2_X2Y105       DSP_M_DATA (Prop_DSP_M_DATA_DSP48E2_V[43]_V_DATA[43])
                                                      0.046     0.728 r  SoC_i/VPU_Top_0/inst/u_my_ip/u_axi4_mapping/u_spu/u_vpu_stream8/GEN_ACCUM8[2].u_accum/contribution_mul_w__0/DSP_M_DATA_INST/V_DATA[43]
                         net (fo=1, routed)           0.000     0.728    SoC_i/VPU_Top_0/inst/u_my_ip/u_axi4_mapping/u_spu/u_vpu_stream8/GEN_ACCUM8[2].u_accum/contribution_mul_w__0/DSP_M_DATA.V_DATA<43>
    DSP48E2_X2Y105       DSP_ALU (Prop_DSP_ALU_DSP48E2_V_DATA[43]_ALU_OUT[47])
                                                      0.571     1.299 f  SoC_i/VPU_Top_0/inst/u_my_ip/u_axi4_mapping/u_spu/u_vpu_stream8/GEN_ACCUM8[2].u_accum/contribution_mul_w__0/DSP_ALU_INST/ALU_OUT[47]
                         net (fo=1, routed)           0.000     1.299    SoC_i/VPU_Top_0/inst/u_my_ip/u_axi4_mapping/u_spu/u_vpu_stream8/GEN_ACCUM8[2].u_accum/contribution_mul_w__0/DSP_ALU.ALU_OUT<47>
    DSP48E2_X2Y105       DSP_OUTPUT (Prop_DSP_OUTPUT_DSP48E2_ALU_OUT[47]_PCOUT[47])
                                                      0.122     1.421 r  SoC_i/VPU_Top_0/inst/u_my_ip/u_axi4_mapping/u_spu/u_vpu_stream8/GEN_ACCUM8[2].u_accum/contribution_mul_w__0/DSP_OUTPUT_INST/PCOUT[47]
                         net (fo=1, routed)           0.038     1.459    SoC_i/VPU_Top_0/inst/u_my_ip/u_axi4_mapping/u_spu/u_vpu_stream8/GEN_ACCUM8[2].u_accum/contribution_mul_w__1/PCIN[47]
    DSP48E2_X2Y106       DSP_ALU (Prop_DSP_ALU_DSP48E2_PCIN[47]_ALU_OUT[0])
                                                      0.546     2.005 f  SoC_i/VPU_Top_0/inst/u_my_ip/u_axi4_mapping/u_spu/u_vpu_stream8/GEN_ACCUM8[2].u_accum/contribution_mul_w__1/DSP_ALU_INST/ALU_OUT[0]
                         net (fo=1, routed)           0.000     2.005    SoC_i/VPU_Top_0/inst/u_my_ip/u_axi4_mapping/u_spu/u_vpu_stream8/GEN_ACCUM8[2].u_accum/contribution_mul_w__1/DSP_ALU.ALU_OUT<0>
    DSP48E2_X2Y106       DSP_OUTPUT (Prop_DSP_OUTPUT_DSP48E2_ALU_OUT[0]_P[0])
                                                      0.109     2.114 r  SoC_i/VPU_Top_0/inst/u_my_ip/u_axi4_mapping/u_spu/u_vpu_stream8/GEN_ACCUM8[2].u_accum/contribution_mul_w__1/DSP_OUTPUT_INST/P[0]
                         net (fo=1, routed)           0.456     2.570    SoC_i/VPU_Top_0/inst/u_my_ip/u_axi4_mapping/u_spu/u_vpu_stream8/GEN_ACCUM8[2].u_accum/contribution_mul_w__1_n_105
    SLICE_X46Y265        FDRE                                         r  SoC_i/VPU_Top_0/inst/u_my_ip/u_axi4_mapping/u_spu/u_vpu_stream8/GEN_ACCUM8[2].u_accum/contribution_full_r_reg[0]__0/D
  -------------------------------------------------------------------    -------------------

                         (clock clk_pl_0 rise edge)
                                                      0.000     0.000 r  
    PS8_X0Y0             PS8                          0.000     0.000 r  SoC_i/zynq_ultra_ps_e_0/inst/PS8_i/PLCLK[0]
                         net (fo=1, routed)           0.143     0.143    SoC_i/zynq_ultra_ps_e_0/inst/pl_clk_unbuffered[0]
    BUFG_PS_X0Y88        BUFG_PS (Prop_BUFG_PS_I_O)
                                                      0.025     0.168 r  SoC_i/zynq_ultra_ps_e_0/inst/buffer_pl_clk_0.PL_CLK_0_BUFG/O
    X1Y3 (CLOCK_ROOT)    net (fo=52634, routed)       1.345     1.513    SoC_i/VPU_Top_0/inst/u_my_ip/u_axi4_mapping/u_spu/u_vpu_stream8/GEN_ACCUM8[2].u_accum/s00_axi_aclk
    SLICE_X46Y265        FDRE                                         r  SoC_i/VPU_Top_0/inst/u_my_ip/u_axi4_mapping/u_spu/u_vpu_stream8/GEN_ACCUM8[2].u_accum/contribution_full_r_reg[0]__0/C

Slack:                    inf
  Source:                 SoC_i/VPU_Top_0/inst/u_my_ip/u_axi4_mapping/u_spu/u_vpu_stream8/GEN_ACCUM8[2].u_accum/contribution_mul_w__0/DSP_A_B_DATA_INST/B2_DATA[17]
                            (internal pin)
  Destination:            SoC_i/VPU_Top_0/inst/u_my_ip/u_axi4_mapping/u_spu/u_vpu_stream8/GEN_ACCUM8[2].u_accum/contribution_full_r_reg[13]__0/D
                            (rising edge-triggered cell FDRE clocked by clk_pl_0  {rise@0.000ns fall@2.000ns period=4.000ns})
  Path Group:             (none)
  Path Type:              Setup (Max at Slow Process Corner)
  Data Path Delay:        2.561ns  (logic 2.076ns (81.062%)  route 0.485ns (18.938%))
  Logic Levels:           7  (DSP_ALU=2 DSP_M_DATA=1 DSP_MULTIPLIER=1 DSP_OUTPUT=2 DSP_PREADD_DATA=1)
  Clock Uncertainty:      0.103ns  ((TSJ^2 + DJ^2)^1/2) / 2 + PE
    Total System Jitter     (TSJ):    0.050ns
    Discrete Jitter          (DJ):    0.201ns
    Phase Error              (PE):    0.000ns
  Clock Net Delay (Destination): 1.346ns (routing 0.249ns, distribution 1.097ns)

    Location             Delay type                Incr(ns)  Path(ns)    Netlist Resource(s)
  -------------------------------------------------------------------    -------------------
    DSP48E2_X2Y105       DSP_A_B_DATA                 0.000     0.000 r  SoC_i/VPU_Top_0/inst/u_my_ip/u_axi4_mapping/u_spu/u_vpu_stream8/GEN_ACCUM8[2].u_accum/contribution_mul_w__0/DSP_A_B_DATA_INST/B2_DATA[17]
                         net (fo=1, routed)           0.000     0.000    SoC_i/VPU_Top_0/inst/u_my_ip/u_axi4_mapping/u_spu/u_vpu_stream8/GEN_ACCUM8[2].u_accum/contribution_mul_w__0/DSP_A_B_DATA.B2_DATA<17>
    DSP48E2_X2Y105       DSP_PREADD_DATA (Prop_DSP_PREADD_DATA_DSP48E2_B2_DATA[17]_B2B1[17])
                                                      0.073     0.073 r  SoC_i/VPU_Top_0/inst/u_my_ip/u_axi4_mapping/u_spu/u_vpu_stream8/GEN_ACCUM8[2].u_accum/contribution_mul_w__0/DSP_PREADD_DATA_INST/B2B1[17]
                         net (fo=1, routed)           0.000     0.073    SoC_i/VPU_Top_0/inst/u_my_ip/u_axi4_mapping/u_spu/u_vpu_stream8/GEN_ACCUM8[2].u_accum/contribution_mul_w__0/DSP_PREADD_DATA.B2B1<17>
    DSP48E2_X2Y105       DSP_MULTIPLIER (Prop_DSP_MULTIPLIER_DSP48E2_B2B1[17]_V[43])
                                                      0.609     0.682 f  SoC_i/VPU_Top_0/inst/u_my_ip/u_axi4_mapping/u_spu/u_vpu_stream8/GEN_ACCUM8[2].u_accum/contribution_mul_w__0/DSP_MULTIPLIER_INST/V[43]
                         net (fo=1, routed)           0.000     0.682    SoC_i/VPU_Top_0/inst/u_my_ip/u_axi4_mapping/u_spu/u_vpu_stream8/GEN_ACCUM8[2].u_accum/contribution_mul_w__0/DSP_MULTIPLIER.V<43>
    DSP48E2_X2Y105       DSP_M_DATA (Prop_DSP_M_DATA_DSP48E2_V[43]_V_DATA[43])
                                                      0.046     0.728 r  SoC_i/VPU_Top_0/inst/u_my_ip/u_axi4_mapping/u_spu/u_vpu_stream8/GEN_ACCUM8[2].u_accum/contribution_mul_w__0/DSP_M_DATA_INST/V_DATA[43]
                         net (fo=1, routed)           0.000     0.728    SoC_i/VPU_Top_0/inst/u_my_ip/u_axi4_mapping/u_spu/u_vpu_stream8/GEN_ACCUM8[2].u_accum/contribution_mul_w__0/DSP_M_DATA.V_DATA<43>
    DSP48E2_X2Y105       DSP_ALU (Prop_DSP_ALU_DSP48E2_V_DATA[43]_ALU_OUT[47])
                                                      0.571     1.299 f  SoC_i/VPU_Top_0/inst/u_my_ip/u_axi4_mapping/u_spu/u_vpu_stream8/GEN_ACCUM8[2].u_accum/contribution_mul_w__0/DSP_ALU_INST/ALU_OUT[47]
                         net (fo=1, routed)           0.000     1.299    SoC_i/VPU_Top_0/inst/u_my_ip/u_axi4_mapping/u_spu/u_vpu_stream8/GEN_ACCUM8[2].u_accum/contribution_mul_w__0/DSP_ALU.ALU_OUT<47>
    DSP48E2_X2Y105       DSP_OUTPUT (Prop_DSP_OUTPUT_DSP48E2_ALU_OUT[47]_PCOUT[47])
                                                      0.122     1.421 r  SoC_i/VPU_Top_0/inst/u_my_ip/u_axi4_mapping/u_spu/u_vpu_stream8/GEN_ACCUM8[2].u_accum/contribution_mul_w__0/DSP_OUTPUT_INST/PCOUT[47]
                         net (fo=1, routed)           0.038     1.459    SoC_i/VPU_Top_0/inst/u_my_ip/u_axi4_mapping/u_spu/u_vpu_stream8/GEN_ACCUM8[2].u_accum/contribution_mul_w__1/PCIN[47]
    DSP48E2_X2Y106       DSP_ALU (Prop_DSP_ALU_DSP48E2_PCIN[47]_ALU_OUT[13])
                                                      0.546     2.005 f  SoC_i/VPU_Top_0/inst/u_my_ip/u_axi4_mapping/u_spu/u_vpu_stream8/GEN_ACCUM8[2].u_accum/contribution_mul_w__1/DSP_ALU_INST/ALU_OUT[13]
                         net (fo=1, routed)           0.000     2.005    SoC_i/VPU_Top_0/inst/u_my_ip/u_axi4_mapping/u_spu/u_vpu_stream8/GEN_ACCUM8[2].u_accum/contribution_mul_w__1/DSP_ALU.ALU_OUT<13>
    DSP48E2_X2Y106       DSP_OUTPUT (Prop_DSP_OUTPUT_DSP48E2_ALU_OUT[13]_P[13])
                                                      0.109     2.114 r  SoC_i/VPU_Top_0/inst/u_my_ip/u_axi4_mapping/u_spu/u_vpu_stream8/GEN_ACCUM8[2].u_accum/contribution_mul_w__1/DSP_OUTPUT_INST/P[13]
                         net (fo=1, routed)           0.447     2.561    SoC_i/VPU_Top_0/inst/u_my_ip/u_axi4_mapping/u_spu/u_vpu_stream8/GEN_ACCUM8[2].u_accum/contribution_mul_w__1_n_92
    SLICE_X46Y265        FDRE                                         r  SoC_i/VPU_Top_0/inst/u_my_ip/u_axi4_mapping/u_spu/u_vpu_stream8/GEN_ACCUM8[2].u_accum/contribution_full_r_reg[13]__0/D
  -------------------------------------------------------------------    -------------------

                         (clock clk_pl_0 rise edge)
                                                      0.000     0.000 r  
    PS8_X0Y0             PS8                          0.000     0.000 r  SoC_i/zynq_ultra_ps_e_0/inst/PS8_i/PLCLK[0]
                         net (fo=1, routed)           0.143     0.143    SoC_i/zynq_ultra_ps_e_0/inst/pl_clk_unbuffered[0]
    BUFG_PS_X0Y88        BUFG_PS (Prop_BUFG_PS_I_O)
                                                      0.025     0.168 r  SoC_i/zynq_ultra_ps_e_0/inst/buffer_pl_clk_0.PL_CLK_0_BUFG/O
    X1Y3 (CLOCK_ROOT)    net (fo=52634, routed)       1.346     1.514    SoC_i/VPU_Top_0/inst/u_my_ip/u_axi4_mapping/u_spu/u_vpu_stream8/GEN_ACCUM8[2].u_accum/s00_axi_aclk
    SLICE_X46Y265        FDRE                                         r  SoC_i/VPU_Top_0/inst/u_my_ip/u_axi4_mapping/u_spu/u_vpu_stream8/GEN_ACCUM8[2].u_accum/contribution_full_r_reg[13]__0/C

Slack:                    inf
  Source:                 SoC_i/VPU_Top_0/inst/u_my_ip/u_axi4_mapping/u_spu/u_vpu_stream8/GEN_ACCUM8[6].u_accum/contribution_mul_w__0/DSP_A_B_DATA_INST/B2_DATA[17]
                            (internal pin)
  Destination:            SoC_i/VPU_Top_0/inst/u_my_ip/u_axi4_mapping/u_spu/u_vpu_stream8/GEN_ACCUM8[6].u_accum/contribution_full_r_reg[2]__0/D
                            (rising edge-triggered cell FDRE clocked by clk_pl_0  {rise@0.000ns fall@2.000ns period=4.000ns})
  Path Group:             (none)
  Path Type:              Setup (Max at Slow Process Corner)
  Data Path Delay:        2.559ns  (logic 2.076ns (81.125%)  route 0.483ns (18.875%))
  Logic Levels:           7  (DSP_ALU=2 DSP_M_DATA=1 DSP_MULTIPLIER=1 DSP_OUTPUT=2 DSP_PREADD_DATA=1)
  Clock Uncertainty:      0.103ns  ((TSJ^2 + DJ^2)^1/2) / 2 + PE
    Total System Jitter     (TSJ):    0.050ns
    Discrete Jitter          (DJ):    0.201ns
    Phase Error              (PE):    0.000ns
  Clock Net Delay (Destination): 1.352ns (routing 0.249ns, distribution 1.103ns)

    Location             Delay type                Incr(ns)  Path(ns)    Netlist Resource(s)
  -------------------------------------------------------------------    -------------------
    DSP48E2_X2Y113       DSP_A_B_DATA                 0.000     0.000 r  SoC_i/VPU_Top_0/inst/u_my_ip/u_axi4_mapping/u_spu/u_vpu_stream8/GEN_ACCUM8[6].u_accum/contribution_mul_w__0/DSP_A_B_DATA_INST/B2_DATA[17]
                         net (fo=1, routed)           0.000     0.000    SoC_i/VPU_Top_0/inst/u_my_ip/u_axi4_mapping/u_spu/u_vpu_stream8/GEN_ACCUM8[6].u_accum/contribution_mul_w__0/DSP_A_B_DATA.B2_DATA<17>
    DSP48E2_X2Y113       DSP_PREADD_DATA (Prop_DSP_PREADD_DATA_DSP48E2_B2_DATA[17]_B2B1[17])
                                                      0.073     0.073 r  SoC_i/VPU_Top_0/inst/u_my_ip/u_axi4_mapping/u_spu/u_vpu_stream8/GEN_ACCUM8[6].u_accum/contribution_mul_w__0/DSP_PREADD_DATA_INST/B2B1[17]
                         net (fo=1, routed)           0.000     0.073    SoC_i/VPU_Top_0/inst/u_my_ip/u_axi4_mapping/u_spu/u_vpu_stream8/GEN_ACCUM8[6].u_accum/contribution_mul_w__0/DSP_PREADD_DATA.B2B1<17>
    DSP48E2_X2Y113       DSP_MULTIPLIER (Prop_DSP_MULTIPLIER_DSP48E2_B2B1[17]_V[43])
                                                      0.609     0.682 f  SoC_i/VPU_Top_0/inst/u_my_ip/u_axi4_mapping/u_spu/u_vpu_stream8/GEN_ACCUM8[6].u_accum/contribution_mul_w__0/DSP_MULTIPLIER_INST/V[43]
                         net (fo=1, routed)           0.000     0.682    SoC_i/VPU_Top_0/inst/u_my_ip/u_axi4_mapping/u_spu/u_vpu_stream8/GEN_ACCUM8[6].u_accum/contribution_mul_w__0/DSP_MULTIPLIER.V<43>
    DSP48E2_X2Y113       DSP_M_DATA (Prop_DSP_M_DATA_DSP48E2_V[43]_V_DATA[43])
                                                      0.046     0.728 r  SoC_i/VPU_Top_0/inst/u_my_ip/u_axi4_mapping/u_spu/u_vpu_stream8/GEN_ACCUM8[6].u_accum/contribution_mul_w__0/DSP_M_DATA_INST/V_DATA[43]
                         net (fo=1, routed)           0.000     0.728    SoC_i/VPU_Top_0/inst/u_my_ip/u_axi4_mapping/u_spu/u_vpu_stream8/GEN_ACCUM8[6].u_accum/contribution_mul_w__0/DSP_M_DATA.V_DATA<43>
    DSP48E2_X2Y113       DSP_ALU (Prop_DSP_ALU_DSP48E2_V_DATA[43]_ALU_OUT[47])
                                                      0.571     1.299 f  SoC_i/VPU_Top_0/inst/u_my_ip/u_axi4_mapping/u_spu/u_vpu_stream8/GEN_ACCUM8[6].u_accum/contribution_mul_w__0/DSP_ALU_INST/ALU_OUT[47]
                         net (fo=1, routed)           0.000     1.299    SoC_i/VPU_Top_0/inst/u_my_ip/u_axi4_mapping/u_spu/u_vpu_stream8/GEN_ACCUM8[6].u_accum/contribution_mul_w__0/DSP_ALU.ALU_OUT<47>
    DSP48E2_X2Y113       DSP_OUTPUT (Prop_DSP_OUTPUT_DSP48E2_ALU_OUT[47]_PCOUT[47])
                                                      0.122     1.421 r  SoC_i/VPU_Top_0/inst/u_my_ip/u_axi4_mapping/u_spu/u_vpu_stream8/GEN_ACCUM8[6].u_accum/contribution_mul_w__0/DSP_OUTPUT_INST/PCOUT[47]
                         net (fo=1, routed)           0.038     1.459    SoC_i/VPU_Top_0/inst/u_my_ip/u_axi4_mapping/u_spu/u_vpu_stream8/GEN_ACCUM8[6].u_accum/contribution_mul_w__1/PCIN[47]
    DSP48E2_X2Y114       DSP_ALU (Prop_DSP_ALU_DSP48E2_PCIN[47]_ALU_OUT[2])
                                                      0.546     2.005 f  SoC_i/VPU_Top_0/inst/u_my_ip/u_axi4_mapping/u_spu/u_vpu_stream8/GEN_ACCUM8[6].u_accum/contribution_mul_w__1/DSP_ALU_INST/ALU_OUT[2]
                         net (fo=1, routed)           0.000     2.005    SoC_i/VPU_Top_0/inst/u_my_ip/u_axi4_mapping/u_spu/u_vpu_stream8/GEN_ACCUM8[6].u_accum/contribution_mul_w__1/DSP_ALU.ALU_OUT<2>
    DSP48E2_X2Y114       DSP_OUTPUT (Prop_DSP_OUTPUT_DSP48E2_ALU_OUT[2]_P[2])
                                                      0.109     2.114 r  SoC_i/VPU_Top_0/inst/u_my_ip/u_axi4_mapping/u_spu/u_vpu_stream8/GEN_ACCUM8[6].u_accum/contribution_mul_w__1/DSP_OUTPUT_INST/P[2]
                         net (fo=1, routed)           0.445     2.559    SoC_i/VPU_Top_0/inst/u_my_ip/u_axi4_mapping/u_spu/u_vpu_stream8/GEN_ACCUM8[6].u_accum/contribution_mul_w__1_n_103
    SLICE_X46Y285        FDRE                                         r  SoC_i/VPU_Top_0/inst/u_my_ip/u_axi4_mapping/u_spu/u_vpu_stream8/GEN_ACCUM8[6].u_accum/contribution_full_r_reg[2]__0/D
  -------------------------------------------------------------------    -------------------

                         (clock clk_pl_0 rise edge)
                                                      0.000     0.000 r  
    PS8_X0Y0             PS8                          0.000     0.000 r  SoC_i/zynq_ultra_ps_e_0/inst/PS8_i/PLCLK[0]
                         net (fo=1, routed)           0.143     0.143    SoC_i/zynq_ultra_ps_e_0/inst/pl_clk_unbuffered[0]
    BUFG_PS_X0Y88        BUFG_PS (Prop_BUFG_PS_I_O)
                                                      0.025     0.168 r  SoC_i/zynq_ultra_ps_e_0/inst/buffer_pl_clk_0.PL_CLK_0_BUFG/O
    X1Y3 (CLOCK_ROOT)    net (fo=52634, routed)       1.352     1.520    SoC_i/VPU_Top_0/inst/u_my_ip/u_axi4_mapping/u_spu/u_vpu_stream8/GEN_ACCUM8[6].u_accum/s00_axi_aclk
    SLICE_X46Y285        FDRE                                         r  SoC_i/VPU_Top_0/inst/u_my_ip/u_axi4_mapping/u_spu/u_vpu_stream8/GEN_ACCUM8[6].u_accum/contribution_full_r_reg[2]__0/C

Slack:                    inf
  Source:                 SoC_i/VPU_Top_0/inst/u_my_ip/u_axi4_mapping/u_spu/u_vpu_stream8/GEN_ACCUM8[2].u_accum/contribution_mul_w__0/DSP_A_B_DATA_INST/B2_DATA[17]
                            (internal pin)
  Destination:            SoC_i/VPU_Top_0/inst/u_my_ip/u_axi4_mapping/u_spu/u_vpu_stream8/GEN_ACCUM8[2].u_accum/contribution_full_r_reg[8]__0/D
                            (rising edge-triggered cell FDRE clocked by clk_pl_0  {rise@0.000ns fall@2.000ns period=4.000ns})
  Path Group:             (none)
  Path Type:              Setup (Max at Slow Process Corner)
  Data Path Delay:        2.544ns  (logic 2.076ns (81.604%)  route 0.468ns (18.396%))
  Logic Levels:           7  (DSP_ALU=2 DSP_M_DATA=1 DSP_MULTIPLIER=1 DSP_OUTPUT=2 DSP_PREADD_DATA=1)
  Clock Uncertainty:      0.103ns  ((TSJ^2 + DJ^2)^1/2) / 2 + PE
    Total System Jitter     (TSJ):    0.050ns
    Discrete Jitter          (DJ):    0.201ns
    Phase Error              (PE):    0.000ns
  Clock Net Delay (Destination): 1.346ns (routing 0.249ns, distribution 1.097ns)

    Location             Delay type                Incr(ns)  Path(ns)    Netlist Resource(s)
  -------------------------------------------------------------------    -------------------
    DSP48E2_X2Y105       DSP_A_B_DATA                 0.000     0.000 r  SoC_i/VPU_Top_0/inst/u_my_ip/u_axi4_mapping/u_spu/u_vpu_stream8/GEN_ACCUM8[2].u_accum/contribution_mul_w__0/DSP_A_B_DATA_INST/B2_DATA[17]
                         net (fo=1, routed)           0.000     0.000    SoC_i/VPU_Top_0/inst/u_my_ip/u_axi4_mapping/u_spu/u_vpu_stream8/GEN_ACCUM8[2].u_accum/contribution_mul_w__0/DSP_A_B_DATA.B2_DATA<17>
    DSP48E2_X2Y105       DSP_PREADD_DATA (Prop_DSP_PREADD_DATA_DSP48E2_B2_DATA[17]_B2B1[17])
                                                      0.073     0.073 r  SoC_i/VPU_Top_0/inst/u_my_ip/u_axi4_mapping/u_spu/u_vpu_stream8/GEN_ACCUM8[2].u_accum/contribution_mul_w__0/DSP_PREADD_DATA_INST/B2B1[17]
                         net (fo=1, routed)           0.000     0.073    SoC_i/VPU_Top_0/inst/u_my_ip/u_axi4_mapping/u_spu/u_vpu_stream8/GEN_ACCUM8[2].u_accum/contribution_mul_w__0/DSP_PREADD_DATA.B2B1<17>
    DSP48E2_X2Y105       DSP_MULTIPLIER (Prop_DSP_MULTIPLIER_DSP48E2_B2B1[17]_V[43])
                                                      0.609     0.682 f  SoC_i/VPU_Top_0/inst/u_my_ip/u_axi4_mapping/u_spu/u_vpu_stream8/GEN_ACCUM8[2].u_accum/contribution_mul_w__0/DSP_MULTIPLIER_INST/V[43]
                         net (fo=1, routed)           0.000     0.682    SoC_i/VPU_Top_0/inst/u_my_ip/u_axi4_mapping/u_spu/u_vpu_stream8/GEN_ACCUM8[2].u_accum/contribution_mul_w__0/DSP_MULTIPLIER.V<43>
    DSP48E2_X2Y105       DSP_M_DATA (Prop_DSP_M_DATA_DSP48E2_V[43]_V_DATA[43])
                                                      0.046     0.728 r  SoC_i/VPU_Top_0/inst/u_my_ip/u_axi4_mapping/u_spu/u_vpu_stream8/GEN_ACCUM8[2].u_accum/contribution_mul_w__0/DSP_M_DATA_INST/V_DATA[43]
                         net (fo=1, routed)           0.000     0.728    SoC_i/VPU_Top_0/inst/u_my_ip/u_axi4_mapping/u_spu/u_vpu_stream8/GEN_ACCUM8[2].u_accum/contribution_mul_w__0/DSP_M_DATA.V_DATA<43>
    DSP48E2_X2Y105       DSP_ALU (Prop_DSP_ALU_DSP48E2_V_DATA[43]_ALU_OUT[47])
                                                      0.571     1.299 f  SoC_i/VPU_Top_0/inst/u_my_ip/u_axi4_mapping/u_spu/u_vpu_stream8/GEN_ACCUM8[2].u_accum/contribution_mul_w__0/DSP_ALU_INST/ALU_OUT[47]
                         net (fo=1, routed)           0.000     1.299    SoC_i/VPU_Top_0/inst/u_my_ip/u_axi4_mapping/u_spu/u_vpu_stream8/GEN_ACCUM8[2].u_accum/contribution_mul_w__0/DSP_ALU.ALU_OUT<47>
    DSP48E2_X2Y105       DSP_OUTPUT (Prop_DSP_OUTPUT_DSP48E2_ALU_OUT[47]_PCOUT[47])
                                                      0.122     1.421 r  SoC_i/VPU_Top_0/inst/u_my_ip/u_axi4_mapping/u_spu/u_vpu_stream8/GEN_ACCUM8[2].u_accum/contribution_mul_w__0/DSP_OUTPUT_INST/PCOUT[47]
                         net (fo=1, routed)           0.038     1.459    SoC_i/VPU_Top_0/inst/u_my_ip/u_axi4_mapping/u_spu/u_vpu_stream8/GEN_ACCUM8[2].u_accum/contribution_mul_w__1/PCIN[47]
    DSP48E2_X2Y106       DSP_ALU (Prop_DSP_ALU_DSP48E2_PCIN[47]_ALU_OUT[8])
                                                      0.546     2.005 f  SoC_i/VPU_Top_0/inst/u_my_ip/u_axi4_mapping/u_spu/u_vpu_stream8/GEN_ACCUM8[2].u_accum/contribution_mul_w__1/DSP_ALU_INST/ALU_OUT[8]
                         net (fo=1, routed)           0.000     2.005    SoC_i/VPU_Top_0/inst/u_my_ip/u_axi4_mapping/u_spu/u_vpu_stream8/GEN_ACCUM8[2].u_accum/contribution_mul_w__1/DSP_ALU.ALU_OUT<8>
    DSP48E2_X2Y106       DSP_OUTPUT (Prop_DSP_OUTPUT_DSP48E2_ALU_OUT[8]_P[8])
                                                      0.109     2.114 r  SoC_i/VPU_Top_0/inst/u_my_ip/u_axi4_mapping/u_spu/u_vpu_stream8/GEN_ACCUM8[2].u_accum/contribution_mul_w__1/DSP_OUTPUT_INST/P[8]
                         net (fo=1, routed)           0.430     2.544    SoC_i/VPU_Top_0/inst/u_my_ip/u_axi4_mapping/u_spu/u_vpu_stream8/GEN_ACCUM8[2].u_accum/contribution_mul_w__1_n_97
    SLICE_X46Y265        FDRE                                         r  SoC_i/VPU_Top_0/inst/u_my_ip/u_axi4_mapping/u_spu/u_vpu_stream8/GEN_ACCUM8[2].u_accum/contribution_full_r_reg[8]__0/D
  -------------------------------------------------------------------    -------------------

                         (clock clk_pl_0 rise edge)
                                                      0.000     0.000 r  
    PS8_X0Y0             PS8                          0.000     0.000 r  SoC_i/zynq_ultra_ps_e_0/inst/PS8_i/PLCLK[0]
                         net (fo=1, routed)           0.143     0.143    SoC_i/zynq_ultra_ps_e_0/inst/pl_clk_unbuffered[0]
    BUFG_PS_X0Y88        BUFG_PS (Prop_BUFG_PS_I_O)
                                                      0.025     0.168 r  SoC_i/zynq_ultra_ps_e_0/inst/buffer_pl_clk_0.PL_CLK_0_BUFG/O
    X1Y3 (CLOCK_ROOT)    net (fo=52634, routed)       1.346     1.514    SoC_i/VPU_Top_0/inst/u_my_ip/u_axi4_mapping/u_spu/u_vpu_stream8/GEN_ACCUM8[2].u_accum/s00_axi_aclk
    SLICE_X46Y265        FDRE                                         r  SoC_i/VPU_Top_0/inst/u_my_ip/u_axi4_mapping/u_spu/u_vpu_stream8/GEN_ACCUM8[2].u_accum/contribution_full_r_reg[8]__0/C





Min Delay Paths
--------------------------------------------------------------------------------------
Slack:                    inf
  Source:                 SoC_i/VPU_Top_0/inst/u_my_ip/u_axi4_mapping/u_spu/u_vpu_stream8/GEN_ACCUM8[0].u_accum/contribution_mul_w__2/DSP_A_B_DATA_INST/B2_DATA[17]
                            (internal pin)
  Destination:            SoC_i/VPU_Top_0/inst/u_my_ip/u_axi4_mapping/u_spu/u_vpu_stream8/GEN_ACCUM8[0].u_accum/contribution_full_r_reg[16]__1/D
                            (rising edge-triggered cell FDRE clocked by clk_pl_0  {rise@0.000ns fall@2.000ns period=4.000ns})
  Path Group:             (none)
  Path Type:              Hold (Min at Fast Process Corner)
  Data Path Delay:        0.382ns  (logic 0.252ns (65.969%)  route 0.130ns (34.031%))
  Logic Levels:           5  (DSP_ALU=1 DSP_M_DATA=1 DSP_MULTIPLIER=1 DSP_OUTPUT=1 DSP_PREADD_DATA=1)
  Clock Uncertainty:      0.103ns  ((TSJ^2 + DJ^2)^1/2) / 2 + PE
    Total System Jitter     (TSJ):    0.050ns
    Discrete Jitter          (DJ):    0.201ns
    Phase Error              (PE):    0.000ns
  Clock Net Delay (Destination): 1.061ns (routing 0.171ns, distribution 0.890ns)

    Location             Delay type                Incr(ns)  Path(ns)    Netlist Resource(s)
  -------------------------------------------------------------------    -------------------
    DSP48E2_X0Y112       DSP_A_B_DATA                 0.000     0.000 r  SoC_i/VPU_Top_0/inst/u_my_ip/u_axi4_mapping/u_spu/u_vpu_stream8/GEN_ACCUM8[0].u_accum/contribution_mul_w__2/DSP_A_B_DATA_INST/B2_DATA[17]
                         net (fo=1, routed)           0.000     0.000    SoC_i/VPU_Top_0/inst/u_my_ip/u_axi4_mapping/u_spu/u_vpu_stream8/GEN_ACCUM8[0].u_accum/contribution_mul_w__2/DSP_A_B_DATA.B2_DATA<17>
    DSP48E2_X0Y112       DSP_PREADD_DATA (Prop_DSP_PREADD_DATA_DSP48E2_B2_DATA[17]_B2B1[17])
                                                      0.020     0.020 r  SoC_i/VPU_Top_0/inst/u_my_ip/u_axi4_mapping/u_spu/u_vpu_stream8/GEN_ACCUM8[0].u_accum/contribution_mul_w__2/DSP_PREADD_DATA_INST/B2B1[17]
                         net (fo=1, routed)           0.000     0.020    SoC_i/VPU_Top_0/inst/u_my_ip/u_axi4_mapping/u_spu/u_vpu_stream8/GEN_ACCUM8[0].u_accum/contribution_mul_w__2/DSP_PREADD_DATA.B2B1<17>
    DSP48E2_X0Y112       DSP_MULTIPLIER (Prop_DSP_MULTIPLIER_DSP48E2_B2B1[17]_V[16])
                                                      0.079     0.099 f  SoC_i/VPU_Top_0/inst/u_my_ip/u_axi4_mapping/u_spu/u_vpu_stream8/GEN_ACCUM8[0].u_accum/contribution_mul_w__2/DSP_MULTIPLIER_INST/V[16]
                         net (fo=1, routed)           0.000     0.099    SoC_i/VPU_Top_0/inst/u_my_ip/u_axi4_mapping/u_spu/u_vpu_stream8/GEN_ACCUM8[0].u_accum/contribution_mul_w__2/DSP_MULTIPLIER.V<16>
    DSP48E2_X0Y112       DSP_M_DATA (Prop_DSP_M_DATA_DSP48E2_V[16]_V_DATA[16])
                                                      0.012     0.111 r  SoC_i/VPU_Top_0/inst/u_my_ip/u_axi4_mapping/u_spu/u_vpu_stream8/GEN_ACCUM8[0].u_accum/contribution_mul_w__2/DSP_M_DATA_INST/V_DATA[16]
                         net (fo=1, routed)           0.000     0.111    SoC_i/VPU_Top_0/inst/u_my_ip/u_axi4_mapping/u_spu/u_vpu_stream8/GEN_ACCUM8[0].u_accum/contribution_mul_w__2/DSP_M_DATA.V_DATA<16>
    DSP48E2_X0Y112       DSP_ALU (Prop_DSP_ALU_DSP48E2_V_DATA[16]_ALU_OUT[16])
                                                      0.111     0.222 f  SoC_i/VPU_Top_0/inst/u_my_ip/u_axi4_mapping/u_spu/u_vpu_stream8/GEN_ACCUM8[0].u_accum/contribution_mul_w__2/DSP_ALU_INST/ALU_OUT[16]
                         net (fo=1, routed)           0.000     0.222    SoC_i/VPU_Top_0/inst/u_my_ip/u_axi4_mapping/u_spu/u_vpu_stream8/GEN_ACCUM8[0].u_accum/contribution_mul_w__2/DSP_ALU.ALU_OUT<16>
    DSP48E2_X0Y112       DSP_OUTPUT (Prop_DSP_OUTPUT_DSP48E2_ALU_OUT[16]_P[16])
                                                      0.030     0.252 r  SoC_i/VPU_Top_0/inst/u_my_ip/u_axi4_mapping/u_spu/u_vpu_stream8/GEN_ACCUM8[0].u_accum/contribution_mul_w__2/DSP_OUTPUT_INST/P[16]
                         net (fo=1, routed)           0.130     0.382    SoC_i/VPU_Top_0/inst/u_my_ip/u_axi4_mapping/u_spu/u_vpu_stream8/GEN_ACCUM8[0].u_accum/contribution_mul_w__2_n_89
    SLICE_X8Y280         FDRE                                         r  SoC_i/VPU_Top_0/inst/u_my_ip/u_axi4_mapping/u_spu/u_vpu_stream8/GEN_ACCUM8[0].u_accum/contribution_full_r_reg[16]__1/D
  -------------------------------------------------------------------    -------------------

                         (clock clk_pl_0 rise edge)
                                                      0.000     0.000 r  
    PS8_X0Y0             PS8                          0.000     0.000 r  SoC_i/zynq_ultra_ps_e_0/inst/PS8_i/PLCLK[0]
                         net (fo=1, routed)           0.154     0.154    SoC_i/zynq_ultra_ps_e_0/inst/pl_clk_unbuffered[0]
    BUFG_PS_X0Y88        BUFG_PS (Prop_BUFG_PS_I_O)
                                                      0.018     0.172 r  SoC_i/zynq_ultra_ps_e_0/inst/buffer_pl_clk_0.PL_CLK_0_BUFG/O
    X1Y3 (CLOCK_ROOT)    net (fo=52634, routed)       1.061     1.233    SoC_i/VPU_Top_0/inst/u_my_ip/u_axi4_mapping/u_spu/u_vpu_stream8/GEN_ACCUM8[0].u_accum/s00_axi_aclk
    SLICE_X8Y280         FDRE                                         r  SoC_i/VPU_Top_0/inst/u_my_ip/u_axi4_mapping/u_spu/u_vpu_stream8/GEN_ACCUM8[0].u_accum/contribution_full_r_reg[16]__1/C

Slack:                    inf
  Source:                 SoC_i/VPU_Top_0/inst/u_my_ip/u_axi4_mapping/u_spu/u_vpu_stream8/GEN_ACCUM8[5].u_accum/contribution_mul_w__2/DSP_A_B_DATA_INST/B2_DATA[17]
                            (internal pin)
  Destination:            SoC_i/VPU_Top_0/inst/u_my_ip/u_axi4_mapping/u_spu/u_vpu_stream8/GEN_ACCUM8[5].u_accum/contribution_full_r_reg[16]__1/D
                            (rising edge-triggered cell FDRE clocked by clk_pl_0  {rise@0.000ns fall@2.000ns period=4.000ns})
  Path Group:             (none)
  Path Type:              Hold (Min at Fast Process Corner)
  Data Path Delay:        0.387ns  (logic 0.252ns (65.116%)  route 0.135ns (34.884%))
  Logic Levels:           5  (DSP_ALU=1 DSP_M_DATA=1 DSP_MULTIPLIER=1 DSP_OUTPUT=1 DSP_PREADD_DATA=1)
  Clock Uncertainty:      0.103ns  ((TSJ^2 + DJ^2)^1/2) / 2 + PE
    Total System Jitter     (TSJ):    0.050ns
    Discrete Jitter          (DJ):    0.201ns
    Phase Error              (PE):    0.000ns
  Clock Net Delay (Destination): 1.069ns (routing 0.171ns, distribution 0.898ns)

    Location             Delay type                Incr(ns)  Path(ns)    Netlist Resource(s)
  -------------------------------------------------------------------    -------------------
    DSP48E2_X0Y104       DSP_A_B_DATA                 0.000     0.000 r  SoC_i/VPU_Top_0/inst/u_my_ip/u_axi4_mapping/u_spu/u_vpu_stream8/GEN_ACCUM8[5].u_accum/contribution_mul_w__2/DSP_A_B_DATA_INST/B2_DATA[17]
                         net (fo=1, routed)           0.000     0.000    SoC_i/VPU_Top_0/inst/u_my_ip/u_axi4_mapping/u_spu/u_vpu_stream8/GEN_ACCUM8[5].u_accum/contribution_mul_w__2/DSP_A_B_DATA.B2_DATA<17>
    DSP48E2_X0Y104       DSP_PREADD_DATA (Prop_DSP_PREADD_DATA_DSP48E2_B2_DATA[17]_B2B1[17])
                                                      0.020     0.020 r  SoC_i/VPU_Top_0/inst/u_my_ip/u_axi4_mapping/u_spu/u_vpu_stream8/GEN_ACCUM8[5].u_accum/contribution_mul_w__2/DSP_PREADD_DATA_INST/B2B1[17]
                         net (fo=1, routed)           0.000     0.020    SoC_i/VPU_Top_0/inst/u_my_ip/u_axi4_mapping/u_spu/u_vpu_stream8/GEN_ACCUM8[5].u_accum/contribution_mul_w__2/DSP_PREADD_DATA.B2B1<17>
    DSP48E2_X0Y104       DSP_MULTIPLIER (Prop_DSP_MULTIPLIER_DSP48E2_B2B1[17]_V[16])
                                                      0.079     0.099 f  SoC_i/VPU_Top_0/inst/u_my_ip/u_axi4_mapping/u_spu/u_vpu_stream8/GEN_ACCUM8[5].u_accum/contribution_mul_w__2/DSP_MULTIPLIER_INST/V[16]
                         net (fo=1, routed)           0.000     0.099    SoC_i/VPU_Top_0/inst/u_my_ip/u_axi4_mapping/u_spu/u_vpu_stream8/GEN_ACCUM8[5].u_accum/contribution_mul_w__2/DSP_MULTIPLIER.V<16>
    DSP48E2_X0Y104       DSP_M_DATA (Prop_DSP_M_DATA_DSP48E2_V[16]_V_DATA[16])
                                                      0.012     0.111 r  SoC_i/VPU_Top_0/inst/u_my_ip/u_axi4_mapping/u_spu/u_vpu_stream8/GEN_ACCUM8[5].u_accum/contribution_mul_w__2/DSP_M_DATA_INST/V_DATA[16]
                         net (fo=1, routed)           0.000     0.111    SoC_i/VPU_Top_0/inst/u_my_ip/u_axi4_mapping/u_spu/u_vpu_stream8/GEN_ACCUM8[5].u_accum/contribution_mul_w__2/DSP_M_DATA.V_DATA<16>
    DSP48E2_X0Y104       DSP_ALU (Prop_DSP_ALU_DSP48E2_V_DATA[16]_ALU_OUT[16])
                                                      0.111     0.222 f  SoC_i/VPU_Top_0/inst/u_my_ip/u_axi4_mapping/u_spu/u_vpu_stream8/GEN_ACCUM8[5].u_accum/contribution_mul_w__2/DSP_ALU_INST/ALU_OUT[16]
                         net (fo=1, routed)           0.000     0.222    SoC_i/VPU_Top_0/inst/u_my_ip/u_axi4_mapping/u_spu/u_vpu_stream8/GEN_ACCUM8[5].u_accum/contribution_mul_w__2/DSP_ALU.ALU_OUT<16>
    DSP48E2_X0Y104       DSP_OUTPUT (Prop_DSP_OUTPUT_DSP48E2_ALU_OUT[16]_P[16])
                                                      0.030     0.252 r  SoC_i/VPU_Top_0/inst/u_my_ip/u_axi4_mapping/u_spu/u_vpu_stream8/GEN_ACCUM8[5].u_accum/contribution_mul_w__2/DSP_OUTPUT_INST/P[16]
                         net (fo=1, routed)           0.135     0.387    SoC_i/VPU_Top_0/inst/u_my_ip/u_axi4_mapping/u_spu/u_vpu_stream8/GEN_ACCUM8[5].u_accum/contribution_mul_w__2_n_89
    SLICE_X7Y262         FDRE                                         r  SoC_i/VPU_Top_0/inst/u_my_ip/u_axi4_mapping/u_spu/u_vpu_stream8/GEN_ACCUM8[5].u_accum/contribution_full_r_reg[16]__1/D
  -------------------------------------------------------------------    -------------------

                         (clock clk_pl_0 rise edge)
                                                      0.000     0.000 r  
    PS8_X0Y0             PS8                          0.000     0.000 r  SoC_i/zynq_ultra_ps_e_0/inst/PS8_i/PLCLK[0]
                         net (fo=1, routed)           0.154     0.154    SoC_i/zynq_ultra_ps_e_0/inst/pl_clk_unbuffered[0]
    BUFG_PS_X0Y88        BUFG_PS (Prop_BUFG_PS_I_O)
                                                      0.018     0.172 r  SoC_i/zynq_ultra_ps_e_0/inst/buffer_pl_clk_0.PL_CLK_0_BUFG/O
    X1Y3 (CLOCK_ROOT)    net (fo=52634, routed)       1.069     1.241    SoC_i/VPU_Top_0/inst/u_my_ip/u_axi4_mapping/u_spu/u_vpu_stream8/GEN_ACCUM8[5].u_accum/s00_axi_aclk
    SLICE_X7Y262         FDRE                                         r  SoC_i/VPU_Top_0/inst/u_my_ip/u_axi4_mapping/u_spu/u_vpu_stream8/GEN_ACCUM8[5].u_accum/contribution_full_r_reg[16]__1/C

Slack:                    inf
  Source:                 SoC_i/VPU_Top_0/inst/u_my_ip/u_axi4_mapping/u_spu/u_vpu_stream8/GEN_ACCUM8[2].u_accum/contribution_mul_w__2/DSP_A_B_DATA_INST/B2_DATA[17]
                            (internal pin)
  Destination:            SoC_i/VPU_Top_0/inst/u_my_ip/u_axi4_mapping/u_spu/u_vpu_stream8/GEN_ACCUM8[2].u_accum/contribution_full_r_reg[16]__1/D
                            (rising edge-triggered cell FDRE clocked by clk_pl_0  {rise@0.000ns fall@2.000ns period=4.000ns})
  Path Group:             (none)
  Path Type:              Hold (Min at Fast Process Corner)
  Data Path Delay:        0.391ns  (logic 0.252ns (64.450%)  route 0.139ns (35.550%))
  Logic Levels:           5  (DSP_ALU=1 DSP_M_DATA=1 DSP_MULTIPLIER=1 DSP_OUTPUT=1 DSP_PREADD_DATA=1)
  Clock Uncertainty:      0.103ns  ((TSJ^2 + DJ^2)^1/2) / 2 + PE
    Total System Jitter     (TSJ):    0.050ns
    Discrete Jitter          (DJ):    0.201ns
    Phase Error              (PE):    0.000ns
  Clock Net Delay (Destination): 1.005ns (routing 0.171ns, distribution 0.834ns)

    Location             Delay type                Incr(ns)  Path(ns)    Netlist Resource(s)
  -------------------------------------------------------------------    -------------------
    DSP48E2_X1Y105       DSP_A_B_DATA                 0.000     0.000 r  SoC_i/VPU_Top_0/inst/u_my_ip/u_axi4_mapping/u_spu/u_vpu_stream8/GEN_ACCUM8[2].u_accum/contribution_mul_w__2/DSP_A_B_DATA_INST/B2_DATA[17]
                         net (fo=1, routed)           0.000     0.000    SoC_i/VPU_Top_0/inst/u_my_ip/u_axi4_mapping/u_spu/u_vpu_stream8/GEN_ACCUM8[2].u_accum/contribution_mul_w__2/DSP_A_B_DATA.B2_DATA<17>
    DSP48E2_X1Y105       DSP_PREADD_DATA (Prop_DSP_PREADD_DATA_DSP48E2_B2_DATA[17]_B2B1[17])
                                                      0.020     0.020 r  SoC_i/VPU_Top_0/inst/u_my_ip/u_axi4_mapping/u_spu/u_vpu_stream8/GEN_ACCUM8[2].u_accum/contribution_mul_w__2/DSP_PREADD_DATA_INST/B2B1[17]
                         net (fo=1, routed)           0.000     0.020    SoC_i/VPU_Top_0/inst/u_my_ip/u_axi4_mapping/u_spu/u_vpu_stream8/GEN_ACCUM8[2].u_accum/contribution_mul_w__2/DSP_PREADD_DATA.B2B1<17>
    DSP48E2_X1Y105       DSP_MULTIPLIER (Prop_DSP_MULTIPLIER_DSP48E2_B2B1[17]_V[16])
                                                      0.079     0.099 f  SoC_i/VPU_Top_0/inst/u_my_ip/u_axi4_mapping/u_spu/u_vpu_stream8/GEN_ACCUM8[2].u_accum/contribution_mul_w__2/DSP_MULTIPLIER_INST/V[16]
                         net (fo=1, routed)           0.000     0.099    SoC_i/VPU_Top_0/inst/u_my_ip/u_axi4_mapping/u_spu/u_vpu_stream8/GEN_ACCUM8[2].u_accum/contribution_mul_w__2/DSP_MULTIPLIER.V<16>
    DSP48E2_X1Y105       DSP_M_DATA (Prop_DSP_M_DATA_DSP48E2_V[16]_V_DATA[16])
                                                      0.012     0.111 r  SoC_i/VPU_Top_0/inst/u_my_ip/u_axi4_mapping/u_spu/u_vpu_stream8/GEN_ACCUM8[2].u_accum/contribution_mul_w__2/DSP_M_DATA_INST/V_DATA[16]
                         net (fo=1, routed)           0.000     0.111    SoC_i/VPU_Top_0/inst/u_my_ip/u_axi4_mapping/u_spu/u_vpu_stream8/GEN_ACCUM8[2].u_accum/contribution_mul_w__2/DSP_M_DATA.V_DATA<16>
    DSP48E2_X1Y105       DSP_ALU (Prop_DSP_ALU_DSP48E2_V_DATA[16]_ALU_OUT[16])
                                                      0.111     0.222 f  SoC_i/VPU_Top_0/inst/u_my_ip/u_axi4_mapping/u_spu/u_vpu_stream8/GEN_ACCUM8[2].u_accum/contribution_mul_w__2/DSP_ALU_INST/ALU_OUT[16]
                         net (fo=1, routed)           0.000     0.222    SoC_i/VPU_Top_0/inst/u_my_ip/u_axi4_mapping/u_spu/u_vpu_stream8/GEN_ACCUM8[2].u_accum/contribution_mul_w__2/DSP_ALU.ALU_OUT<16>
    DSP48E2_X1Y105       DSP_OUTPUT (Prop_DSP_OUTPUT_DSP48E2_ALU_OUT[16]_P[16])
                                                      0.030     0.252 r  SoC_i/VPU_Top_0/inst/u_my_ip/u_axi4_mapping/u_spu/u_vpu_stream8/GEN_ACCUM8[2].u_accum/contribution_mul_w__2/DSP_OUTPUT_INST/P[16]
                         net (fo=1, routed)           0.139     0.391    SoC_i/VPU_Top_0/inst/u_my_ip/u_axi4_mapping/u_spu/u_vpu_stream8/GEN_ACCUM8[2].u_accum/contribution_mul_w__2_n_89
    SLICE_X38Y260        FDRE                                         r  SoC_i/VPU_Top_0/inst/u_my_ip/u_axi4_mapping/u_spu/u_vpu_stream8/GEN_ACCUM8[2].u_accum/contribution_full_r_reg[16]__1/D
  -------------------------------------------------------------------    -------------------

                         (clock clk_pl_0 rise edge)
                                                      0.000     0.000 r  
    PS8_X0Y0             PS8                          0.000     0.000 r  SoC_i/zynq_ultra_ps_e_0/inst/PS8_i/PLCLK[0]
                         net (fo=1, routed)           0.154     0.154    SoC_i/zynq_ultra_ps_e_0/inst/pl_clk_unbuffered[0]
    BUFG_PS_X0Y88        BUFG_PS (Prop_BUFG_PS_I_O)
                                                      0.018     0.172 r  SoC_i/zynq_ultra_ps_e_0/inst/buffer_pl_clk_0.PL_CLK_0_BUFG/O
    X1Y3 (CLOCK_ROOT)    net (fo=52634, routed)       1.005     1.177    SoC_i/VPU_Top_0/inst/u_my_ip/u_axi4_mapping/u_spu/u_vpu_stream8/GEN_ACCUM8[2].u_accum/s00_axi_aclk
    SLICE_X38Y260        FDRE                                         r  SoC_i/VPU_Top_0/inst/u_my_ip/u_axi4_mapping/u_spu/u_vpu_stream8/GEN_ACCUM8[2].u_accum/contribution_full_r_reg[16]__1/C

Slack:                    inf
  Source:                 SoC_i/VPU_Top_0/inst/u_my_ip/u_axi4_mapping/u_spu/u_vpu_stream8/GEN_ACCUM8[6].u_accum/contribution_mul_w__2/DSP_A_B_DATA_INST/B2_DATA[17]
                            (internal pin)
  Destination:            SoC_i/VPU_Top_0/inst/u_my_ip/u_axi4_mapping/u_spu/u_vpu_stream8/GEN_ACCUM8[6].u_accum/contribution_full_r_reg[16]__1/D
                            (rising edge-triggered cell FDRE clocked by clk_pl_0  {rise@0.000ns fall@2.000ns period=4.000ns})
  Path Group:             (none)
  Path Type:              Hold (Min at Fast Process Corner)
  Data Path Delay:        0.401ns  (logic 0.252ns (62.843%)  route 0.149ns (37.157%))
  Logic Levels:           5  (DSP_ALU=1 DSP_M_DATA=1 DSP_MULTIPLIER=1 DSP_OUTPUT=1 DSP_PREADD_DATA=1)
  Clock Uncertainty:      0.103ns  ((TSJ^2 + DJ^2)^1/2) / 2 + PE
    Total System Jitter     (TSJ):    0.050ns
    Discrete Jitter          (DJ):    0.201ns
    Phase Error              (PE):    0.000ns
  Clock Net Delay (Destination): 1.009ns (routing 0.171ns, distribution 0.838ns)

    Location             Delay type                Incr(ns)  Path(ns)    Netlist Resource(s)
  -------------------------------------------------------------------    -------------------
    DSP48E2_X1Y114       DSP_A_B_DATA                 0.000     0.000 r  SoC_i/VPU_Top_0/inst/u_my_ip/u_axi4_mapping/u_spu/u_vpu_stream8/GEN_ACCUM8[6].u_accum/contribution_mul_w__2/DSP_A_B_DATA_INST/B2_DATA[17]
                         net (fo=1, routed)           0.000     0.000    SoC_i/VPU_Top_0/inst/u_my_ip/u_axi4_mapping/u_spu/u_vpu_stream8/GEN_ACCUM8[6].u_accum/contribution_mul_w__2/DSP_A_B_DATA.B2_DATA<17>
    DSP48E2_X1Y114       DSP_PREADD_DATA (Prop_DSP_PREADD_DATA_DSP48E2_B2_DATA[17]_B2B1[17])
                                                      0.020     0.020 r  SoC_i/VPU_Top_0/inst/u_my_ip/u_axi4_mapping/u_spu/u_vpu_stream8/GEN_ACCUM8[6].u_accum/contribution_mul_w__2/DSP_PREADD_DATA_INST/B2B1[17]
                         net (fo=1, routed)           0.000     0.020    SoC_i/VPU_Top_0/inst/u_my_ip/u_axi4_mapping/u_spu/u_vpu_stream8/GEN_ACCUM8[6].u_accum/contribution_mul_w__2/DSP_PREADD_DATA.B2B1<17>
    DSP48E2_X1Y114       DSP_MULTIPLIER (Prop_DSP_MULTIPLIER_DSP48E2_B2B1[17]_V[16])
                                                      0.079     0.099 f  SoC_i/VPU_Top_0/inst/u_my_ip/u_axi4_mapping/u_spu/u_vpu_stream8/GEN_ACCUM8[6].u_accum/contribution_mul_w__2/DSP_MULTIPLIER_INST/V[16]
                         net (fo=1, routed)           0.000     0.099    SoC_i/VPU_Top_0/inst/u_my_ip/u_axi4_mapping/u_spu/u_vpu_stream8/GEN_ACCUM8[6].u_accum/contribution_mul_w__2/DSP_MULTIPLIER.V<16>
    DSP48E2_X1Y114       DSP_M_DATA (Prop_DSP_M_DATA_DSP48E2_V[16]_V_DATA[16])
                                                      0.012     0.111 r  SoC_i/VPU_Top_0/inst/u_my_ip/u_axi4_mapping/u_spu/u_vpu_stream8/GEN_ACCUM8[6].u_accum/contribution_mul_w__2/DSP_M_DATA_INST/V_DATA[16]
                         net (fo=1, routed)           0.000     0.111    SoC_i/VPU_Top_0/inst/u_my_ip/u_axi4_mapping/u_spu/u_vpu_stream8/GEN_ACCUM8[6].u_accum/contribution_mul_w__2/DSP_M_DATA.V_DATA<16>
    DSP48E2_X1Y114       DSP_ALU (Prop_DSP_ALU_DSP48E2_V_DATA[16]_ALU_OUT[16])
                                                      0.111     0.222 f  SoC_i/VPU_Top_0/inst/u_my_ip/u_axi4_mapping/u_spu/u_vpu_stream8/GEN_ACCUM8[6].u_accum/contribution_mul_w__2/DSP_ALU_INST/ALU_OUT[16]
                         net (fo=1, routed)           0.000     0.222    SoC_i/VPU_Top_0/inst/u_my_ip/u_axi4_mapping/u_spu/u_vpu_stream8/GEN_ACCUM8[6].u_accum/contribution_mul_w__2/DSP_ALU.ALU_OUT<16>
    DSP48E2_X1Y114       DSP_OUTPUT (Prop_DSP_OUTPUT_DSP48E2_ALU_OUT[16]_P[16])
                                                      0.030     0.252 r  SoC_i/VPU_Top_0/inst/u_my_ip/u_axi4_mapping/u_spu/u_vpu_stream8/GEN_ACCUM8[6].u_accum/contribution_mul_w__2/DSP_OUTPUT_INST/P[16]
                         net (fo=1, routed)           0.149     0.401    SoC_i/VPU_Top_0/inst/u_my_ip/u_axi4_mapping/u_spu/u_vpu_stream8/GEN_ACCUM8[6].u_accum/contribution_mul_w__2_n_89
    SLICE_X40Y286        FDRE                                         r  SoC_i/VPU_Top_0/inst/u_my_ip/u_axi4_mapping/u_spu/u_vpu_stream8/GEN_ACCUM8[6].u_accum/contribution_full_r_reg[16]__1/D
  -------------------------------------------------------------------    -------------------

                         (clock clk_pl_0 rise edge)
                                                      0.000     0.000 r  
    PS8_X0Y0             PS8                          0.000     0.000 r  SoC_i/zynq_ultra_ps_e_0/inst/PS8_i/PLCLK[0]
                         net (fo=1, routed)           0.154     0.154    SoC_i/zynq_ultra_ps_e_0/inst/pl_clk_unbuffered[0]
    BUFG_PS_X0Y88        BUFG_PS (Prop_BUFG_PS_I_O)
                                                      0.018     0.172 r  SoC_i/zynq_ultra_ps_e_0/inst/buffer_pl_clk_0.PL_CLK_0_BUFG/O
    X1Y3 (CLOCK_ROOT)    net (fo=52634, routed)       1.009     1.181    SoC_i/VPU_Top_0/inst/u_my_ip/u_axi4_mapping/u_spu/u_vpu_stream8/GEN_ACCUM8[6].u_accum/s00_axi_aclk
    SLICE_X40Y286        FDRE                                         r  SoC_i/VPU_Top_0/inst/u_my_ip/u_axi4_mapping/u_spu/u_vpu_stream8/GEN_ACCUM8[6].u_accum/contribution_full_r_reg[16]__1/C

Slack:                    inf
  Source:                 SoC_i/VPU_Top_0/inst/u_my_ip/u_axi4_mapping/u_spu/u_vpu_stream8/GEN_ACCUM8[1].u_accum/contribution_mul_w__2/DSP_A_B_DATA_INST/B2_DATA[17]
                            (internal pin)
  Destination:            SoC_i/VPU_Top_0/inst/u_my_ip/u_axi4_mapping/u_spu/u_vpu_stream8/GEN_ACCUM8[1].u_accum/contribution_full_r_reg[16]__1/D
                            (rising edge-triggered cell FDRE clocked by clk_pl_0  {rise@0.000ns fall@2.000ns period=4.000ns})
  Path Group:             (none)
  Path Type:              Hold (Min at Fast Process Corner)
  Data Path Delay:        0.410ns  (logic 0.252ns (61.463%)  route 0.158ns (38.537%))
  Logic Levels:           5  (DSP_ALU=1 DSP_M_DATA=1 DSP_MULTIPLIER=1 DSP_OUTPUT=1 DSP_PREADD_DATA=1)
  Clock Uncertainty:      0.103ns  ((TSJ^2 + DJ^2)^1/2) / 2 + PE
    Total System Jitter     (TSJ):    0.050ns
    Discrete Jitter          (DJ):    0.201ns
    Phase Error              (PE):    0.000ns
  Clock Net Delay (Destination): 1.069ns (routing 0.171ns, distribution 0.898ns)

    Location             Delay type                Incr(ns)  Path(ns)    Netlist Resource(s)
  -------------------------------------------------------------------    -------------------
    DSP48E2_X0Y97        DSP_A_B_DATA                 0.000     0.000 r  SoC_i/VPU_Top_0/inst/u_my_ip/u_axi4_mapping/u_spu/u_vpu_stream8/GEN_ACCUM8[1].u_accum/contribution_mul_w__2/DSP_A_B_DATA_INST/B2_DATA[17]
                         net (fo=1, routed)           0.000     0.000    SoC_i/VPU_Top_0/inst/u_my_ip/u_axi4_mapping/u_spu/u_vpu_stream8/GEN_ACCUM8[1].u_accum/contribution_mul_w__2/DSP_A_B_DATA.B2_DATA<17>
    DSP48E2_X0Y97        DSP_PREADD_DATA (Prop_DSP_PREADD_DATA_DSP48E2_B2_DATA[17]_B2B1[17])
                                                      0.020     0.020 r  SoC_i/VPU_Top_0/inst/u_my_ip/u_axi4_mapping/u_spu/u_vpu_stream8/GEN_ACCUM8[1].u_accum/contribution_mul_w__2/DSP_PREADD_DATA_INST/B2B1[17]
                         net (fo=1, routed)           0.000     0.020    SoC_i/VPU_Top_0/inst/u_my_ip/u_axi4_mapping/u_spu/u_vpu_stream8/GEN_ACCUM8[1].u_accum/contribution_mul_w__2/DSP_PREADD_DATA.B2B1<17>
    DSP48E2_X0Y97        DSP_MULTIPLIER (Prop_DSP_MULTIPLIER_DSP48E2_B2B1[17]_V[16])
                                                      0.079     0.099 f  SoC_i/VPU_Top_0/inst/u_my_ip/u_axi4_mapping/u_spu/u_vpu_stream8/GEN_ACCUM8[1].u_accum/contribution_mul_w__2/DSP_MULTIPLIER_INST/V[16]
                         net (fo=1, routed)           0.000     0.099    SoC_i/VPU_Top_0/inst/u_my_ip/u_axi4_mapping/u_spu/u_vpu_stream8/GEN_ACCUM8[1].u_accum/contribution_mul_w__2/DSP_MULTIPLIER.V<16>
    DSP48E2_X0Y97        DSP_M_DATA (Prop_DSP_M_DATA_DSP48E2_V[16]_V_DATA[16])
                                                      0.012     0.111 r  SoC_i/VPU_Top_0/inst/u_my_ip/u_axi4_mapping/u_spu/u_vpu_stream8/GEN_ACCUM8[1].u_accum/contribution_mul_w__2/DSP_M_DATA_INST/V_DATA[16]
                         net (fo=1, routed)           0.000     0.111    SoC_i/VPU_Top_0/inst/u_my_ip/u_axi4_mapping/u_spu/u_vpu_stream8/GEN_ACCUM8[1].u_accum/contribution_mul_w__2/DSP_M_DATA.V_DATA<16>
    DSP48E2_X0Y97        DSP_ALU (Prop_DSP_ALU_DSP48E2_V_DATA[16]_ALU_OUT[16])
                                                      0.111     0.222 f  SoC_i/VPU_Top_0/inst/u_my_ip/u_axi4_mapping/u_spu/u_vpu_stream8/GEN_ACCUM8[1].u_accum/contribution_mul_w__2/DSP_ALU_INST/ALU_OUT[16]
                         net (fo=1, routed)           0.000     0.222    SoC_i/VPU_Top_0/inst/u_my_ip/u_axi4_mapping/u_spu/u_vpu_stream8/GEN_ACCUM8[1].u_accum/contribution_mul_w__2/DSP_ALU.ALU_OUT<16>
    DSP48E2_X0Y97        DSP_OUTPUT (Prop_DSP_OUTPUT_DSP48E2_ALU_OUT[16]_P[16])
                                                      0.030     0.252 r  SoC_i/VPU_Top_0/inst/u_my_ip/u_axi4_mapping/u_spu/u_vpu_stream8/GEN_ACCUM8[1].u_accum/contribution_mul_w__2/DSP_OUTPUT_INST/P[16]
                         net (fo=1, routed)           0.158     0.410    SoC_i/VPU_Top_0/inst/u_my_ip/u_axi4_mapping/u_spu/u_vpu_stream8/GEN_ACCUM8[1].u_accum/contribution_mul_w__2_n_89
    SLICE_X8Y257         FDRE                                         r  SoC_i/VPU_Top_0/inst/u_my_ip/u_axi4_mapping/u_spu/u_vpu_stream8/GEN_ACCUM8[1].u_accum/contribution_full_r_reg[16]__1/D
  -------------------------------------------------------------------    -------------------

                         (clock clk_pl_0 rise edge)
                                                      0.000     0.000 r  
    PS8_X0Y0             PS8                          0.000     0.000 r  SoC_i/zynq_ultra_ps_e_0/inst/PS8_i/PLCLK[0]
                         net (fo=1, routed)           0.154     0.154    SoC_i/zynq_ultra_ps_e_0/inst/pl_clk_unbuffered[0]
    BUFG_PS_X0Y88        BUFG_PS (Prop_BUFG_PS_I_O)
                                                      0.018     0.172 r  SoC_i/zynq_ultra_ps_e_0/inst/buffer_pl_clk_0.PL_CLK_0_BUFG/O
    X1Y3 (CLOCK_ROOT)    net (fo=52634, routed)       1.069     1.241    SoC_i/VPU_Top_0/inst/u_my_ip/u_axi4_mapping/u_spu/u_vpu_stream8/GEN_ACCUM8[1].u_accum/s00_axi_aclk
    SLICE_X8Y257         FDRE                                         r  SoC_i/VPU_Top_0/inst/u_my_ip/u_axi4_mapping/u_spu/u_vpu_stream8/GEN_ACCUM8[1].u_accum/contribution_full_r_reg[16]__1/C

Slack:                    inf
  Source:                 SoC_i/VPU_Top_0/inst/u_my_ip/u_axi4_mapping/u_spu/u_vpu_stream8/GEN_ACCUM8[3].u_accum/contribution_mul_w__2/DSP_A_B_DATA_INST/B2_DATA[17]
                            (internal pin)
  Destination:            SoC_i/VPU_Top_0/inst/u_my_ip/u_axi4_mapping/u_spu/u_vpu_stream8/GEN_ACCUM8[3].u_accum/contribution_full_r_reg[16]__1/D
                            (rising edge-triggered cell FDRE clocked by clk_pl_0  {rise@0.000ns fall@2.000ns period=4.000ns})
  Path Group:             (none)
  Path Type:              Hold (Min at Fast Process Corner)
  Data Path Delay:        0.430ns  (logic 0.252ns (58.605%)  route 0.178ns (41.395%))
  Logic Levels:           5  (DSP_ALU=1 DSP_M_DATA=1 DSP_MULTIPLIER=1 DSP_OUTPUT=1 DSP_PREADD_DATA=1)
  Clock Uncertainty:      0.103ns  ((TSJ^2 + DJ^2)^1/2) / 2 + PE
    Total System Jitter     (TSJ):    0.050ns
    Discrete Jitter          (DJ):    0.201ns
    Phase Error              (PE):    0.000ns
  Clock Net Delay (Destination): 1.008ns (routing 0.171ns, distribution 0.837ns)

    Location             Delay type                Incr(ns)  Path(ns)    Netlist Resource(s)
  -------------------------------------------------------------------    -------------------
    DSP48E2_X1Y98        DSP_A_B_DATA                 0.000     0.000 r  SoC_i/VPU_Top_0/inst/u_my_ip/u_axi4_mapping/u_spu/u_vpu_stream8/GEN_ACCUM8[3].u_accum/contribution_mul_w__2/DSP_A_B_DATA_INST/B2_DATA[17]
                         net (fo=1, routed)           0.000     0.000    SoC_i/VPU_Top_0/inst/u_my_ip/u_axi4_mapping/u_spu/u_vpu_stream8/GEN_ACCUM8[3].u_accum/contribution_mul_w__2/DSP_A_B_DATA.B2_DATA<17>
    DSP48E2_X1Y98        DSP_PREADD_DATA (Prop_DSP_PREADD_DATA_DSP48E2_B2_DATA[17]_B2B1[17])
                                                      0.020     0.020 r  SoC_i/VPU_Top_0/inst/u_my_ip/u_axi4_mapping/u_spu/u_vpu_stream8/GEN_ACCUM8[3].u_accum/contribution_mul_w__2/DSP_PREADD_DATA_INST/B2B1[17]
                         net (fo=1, routed)           0.000     0.020    SoC_i/VPU_Top_0/inst/u_my_ip/u_axi4_mapping/u_spu/u_vpu_stream8/GEN_ACCUM8[3].u_accum/contribution_mul_w__2/DSP_PREADD_DATA.B2B1<17>
    DSP48E2_X1Y98        DSP_MULTIPLIER (Prop_DSP_MULTIPLIER_DSP48E2_B2B1[17]_V[16])
                                                      0.079     0.099 f  SoC_i/VPU_Top_0/inst/u_my_ip/u_axi4_mapping/u_spu/u_vpu_stream8/GEN_ACCUM8[3].u_accum/contribution_mul_w__2/DSP_MULTIPLIER_INST/V[16]
                         net (fo=1, routed)           0.000     0.099    SoC_i/VPU_Top_0/inst/u_my_ip/u_axi4_mapping/u_spu/u_vpu_stream8/GEN_ACCUM8[3].u_accum/contribution_mul_w__2/DSP_MULTIPLIER.V<16>
    DSP48E2_X1Y98        DSP_M_DATA (Prop_DSP_M_DATA_DSP48E2_V[16]_V_DATA[16])
                                                      0.012     0.111 r  SoC_i/VPU_Top_0/inst/u_my_ip/u_axi4_mapping/u_spu/u_vpu_stream8/GEN_ACCUM8[3].u_accum/contribution_mul_w__2/DSP_M_DATA_INST/V_DATA[16]
                         net (fo=1, routed)           0.000     0.111    SoC_i/VPU_Top_0/inst/u_my_ip/u_axi4_mapping/u_spu/u_vpu_stream8/GEN_ACCUM8[3].u_accum/contribution_mul_w__2/DSP_M_DATA.V_DATA<16>
    DSP48E2_X1Y98        DSP_ALU (Prop_DSP_ALU_DSP48E2_V_DATA[16]_ALU_OUT[16])
                                                      0.111     0.222 f  SoC_i/VPU_Top_0/inst/u_my_ip/u_axi4_mapping/u_spu/u_vpu_stream8/GEN_ACCUM8[3].u_accum/contribution_mul_w__2/DSP_ALU_INST/ALU_OUT[16]
                         net (fo=1, routed)           0.000     0.222    SoC_i/VPU_Top_0/inst/u_my_ip/u_axi4_mapping/u_spu/u_vpu_stream8/GEN_ACCUM8[3].u_accum/contribution_mul_w__2/DSP_ALU.ALU_OUT<16>
    DSP48E2_X1Y98        DSP_OUTPUT (Prop_DSP_OUTPUT_DSP48E2_ALU_OUT[16]_P[16])
                                                      0.030     0.252 r  SoC_i/VPU_Top_0/inst/u_my_ip/u_axi4_mapping/u_spu/u_vpu_stream8/GEN_ACCUM8[3].u_accum/contribution_mul_w__2/DSP_OUTPUT_INST/P[16]
                         net (fo=1, routed)           0.178     0.430    SoC_i/VPU_Top_0/inst/u_my_ip/u_axi4_mapping/u_spu/u_vpu_stream8/GEN_ACCUM8[3].u_accum/contribution_mul_w__2_n_89
    SLICE_X33Y247        FDRE                                         r  SoC_i/VPU_Top_0/inst/u_my_ip/u_axi4_mapping/u_spu/u_vpu_stream8/GEN_ACCUM8[3].u_accum/contribution_full_r_reg[16]__1/D
  -------------------------------------------------------------------    -------------------

                         (clock clk_pl_0 rise edge)
                                                      0.000     0.000 r  
    PS8_X0Y0             PS8                          0.000     0.000 r  SoC_i/zynq_ultra_ps_e_0/inst/PS8_i/PLCLK[0]
                         net (fo=1, routed)           0.154     0.154    SoC_i/zynq_ultra_ps_e_0/inst/pl_clk_unbuffered[0]
    BUFG_PS_X0Y88        BUFG_PS (Prop_BUFG_PS_I_O)
                                                      0.018     0.172 r  SoC_i/zynq_ultra_ps_e_0/inst/buffer_pl_clk_0.PL_CLK_0_BUFG/O
    X1Y3 (CLOCK_ROOT)    net (fo=52634, routed)       1.008     1.180    SoC_i/VPU_Top_0/inst/u_my_ip/u_axi4_mapping/u_spu/u_vpu_stream8/GEN_ACCUM8[3].u_accum/s00_axi_aclk
    SLICE_X33Y247        FDRE                                         r  SoC_i/VPU_Top_0/inst/u_my_ip/u_axi4_mapping/u_spu/u_vpu_stream8/GEN_ACCUM8[3].u_accum/contribution_full_r_reg[16]__1/C

Slack:                    inf
  Source:                 SoC_i/VPU_Top_0/inst/u_my_ip/u_axi4_mapping/u_spu/u_vpu_stream8/GEN_ACCUM8[4].u_accum/contribution_mul_w__2/DSP_A_B_DATA_INST/B2_DATA[17]
                            (internal pin)
  Destination:            SoC_i/VPU_Top_0/inst/u_my_ip/u_axi4_mapping/u_spu/u_vpu_stream8/GEN_ACCUM8[4].u_accum/contribution_full_r_reg[16]__1/D
                            (rising edge-triggered cell FDRE clocked by clk_pl_0  {rise@0.000ns fall@2.000ns period=4.000ns})
  Path Group:             (none)
  Path Type:              Hold (Min at Fast Process Corner)
  Data Path Delay:        0.433ns  (logic 0.252ns (58.199%)  route 0.181ns (41.801%))
  Logic Levels:           5  (DSP_ALU=1 DSP_M_DATA=1 DSP_MULTIPLIER=1 DSP_OUTPUT=1 DSP_PREADD_DATA=1)
  Clock Uncertainty:      0.103ns  ((TSJ^2 + DJ^2)^1/2) / 2 + PE
    Total System Jitter     (TSJ):    0.050ns
    Discrete Jitter          (DJ):    0.201ns
    Phase Error              (PE):    0.000ns
  Clock Net Delay (Destination): 0.940ns (routing 0.171ns, distribution 0.769ns)

    Location             Delay type                Incr(ns)  Path(ns)    Netlist Resource(s)
  -------------------------------------------------------------------    -------------------
    DSP48E2_X2Y109       DSP_A_B_DATA                 0.000     0.000 r  SoC_i/VPU_Top_0/inst/u_my_ip/u_axi4_mapping/u_spu/u_vpu_stream8/GEN_ACCUM8[4].u_accum/contribution_mul_w__2/DSP_A_B_DATA_INST/B2_DATA[17]
                         net (fo=1, routed)           0.000     0.000    SoC_i/VPU_Top_0/inst/u_my_ip/u_axi4_mapping/u_spu/u_vpu_stream8/GEN_ACCUM8[4].u_accum/contribution_mul_w__2/DSP_A_B_DATA.B2_DATA<17>
    DSP48E2_X2Y109       DSP_PREADD_DATA (Prop_DSP_PREADD_DATA_DSP48E2_B2_DATA[17]_B2B1[17])
                                                      0.020     0.020 r  SoC_i/VPU_Top_0/inst/u_my_ip/u_axi4_mapping/u_spu/u_vpu_stream8/GEN_ACCUM8[4].u_accum/contribution_mul_w__2/DSP_PREADD_DATA_INST/B2B1[17]
                         net (fo=1, routed)           0.000     0.020    SoC_i/VPU_Top_0/inst/u_my_ip/u_axi4_mapping/u_spu/u_vpu_stream8/GEN_ACCUM8[4].u_accum/contribution_mul_w__2/DSP_PREADD_DATA.B2B1<17>
    DSP48E2_X2Y109       DSP_MULTIPLIER (Prop_DSP_MULTIPLIER_DSP48E2_B2B1[17]_V[16])
                                                      0.079     0.099 f  SoC_i/VPU_Top_0/inst/u_my_ip/u_axi4_mapping/u_spu/u_vpu_stream8/GEN_ACCUM8[4].u_accum/contribution_mul_w__2/DSP_MULTIPLIER_INST/V[16]
                         net (fo=1, routed)           0.000     0.099    SoC_i/VPU_Top_0/inst/u_my_ip/u_axi4_mapping/u_spu/u_vpu_stream8/GEN_ACCUM8[4].u_accum/contribution_mul_w__2/DSP_MULTIPLIER.V<16>
    DSP48E2_X2Y109       DSP_M_DATA (Prop_DSP_M_DATA_DSP48E2_V[16]_V_DATA[16])
                                                      0.012     0.111 r  SoC_i/VPU_Top_0/inst/u_my_ip/u_axi4_mapping/u_spu/u_vpu_stream8/GEN_ACCUM8[4].u_accum/contribution_mul_w__2/DSP_M_DATA_INST/V_DATA[16]
                         net (fo=1, routed)           0.000     0.111    SoC_i/VPU_Top_0/inst/u_my_ip/u_axi4_mapping/u_spu/u_vpu_stream8/GEN_ACCUM8[4].u_accum/contribution_mul_w__2/DSP_M_DATA.V_DATA<16>
    DSP48E2_X2Y109       DSP_ALU (Prop_DSP_ALU_DSP48E2_V_DATA[16]_ALU_OUT[16])
                                                      0.111     0.222 f  SoC_i/VPU_Top_0/inst/u_my_ip/u_axi4_mapping/u_spu/u_vpu_stream8/GEN_ACCUM8[4].u_accum/contribution_mul_w__2/DSP_ALU_INST/ALU_OUT[16]
                         net (fo=1, routed)           0.000     0.222    SoC_i/VPU_Top_0/inst/u_my_ip/u_axi4_mapping/u_spu/u_vpu_stream8/GEN_ACCUM8[4].u_accum/contribution_mul_w__2/DSP_ALU.ALU_OUT<16>
    DSP48E2_X2Y109       DSP_OUTPUT (Prop_DSP_OUTPUT_DSP48E2_ALU_OUT[16]_P[16])
                                                      0.030     0.252 r  SoC_i/VPU_Top_0/inst/u_my_ip/u_axi4_mapping/u_spu/u_vpu_stream8/GEN_ACCUM8[4].u_accum/contribution_mul_w__2/DSP_OUTPUT_INST/P[16]
                         net (fo=1, routed)           0.181     0.433    SoC_i/VPU_Top_0/inst/u_my_ip/u_axi4_mapping/u_spu/u_vpu_stream8/GEN_ACCUM8[4].u_accum/contribution_mul_w__2_n_89
    SLICE_X45Y271        FDRE                                         r  SoC_i/VPU_Top_0/inst/u_my_ip/u_axi4_mapping/u_spu/u_vpu_stream8/GEN_ACCUM8[4].u_accum/contribution_full_r_reg[16]__1/D
  -------------------------------------------------------------------    -------------------

                         (clock clk_pl_0 rise edge)
                                                      0.000     0.000 r  
    PS8_X0Y0             PS8                          0.000     0.000 r  SoC_i/zynq_ultra_ps_e_0/inst/PS8_i/PLCLK[0]
                         net (fo=1, routed)           0.154     0.154    SoC_i/zynq_ultra_ps_e_0/inst/pl_clk_unbuffered[0]
    BUFG_PS_X0Y88        BUFG_PS (Prop_BUFG_PS_I_O)
                                                      0.018     0.172 r  SoC_i/zynq_ultra_ps_e_0/inst/buffer_pl_clk_0.PL_CLK_0_BUFG/O
    X1Y3 (CLOCK_ROOT)    net (fo=52634, routed)       0.940     1.112    SoC_i/VPU_Top_0/inst/u_my_ip/u_axi4_mapping/u_spu/u_vpu_stream8/GEN_ACCUM8[4].u_accum/s00_axi_aclk
    SLICE_X45Y271        FDRE                                         r  SoC_i/VPU_Top_0/inst/u_my_ip/u_axi4_mapping/u_spu/u_vpu_stream8/GEN_ACCUM8[4].u_accum/contribution_full_r_reg[16]__1/C

Slack:                    inf
  Source:                 SoC_i/VPU_Top_0/inst/u_my_ip/u_axi4_mapping/u_spu/u_spu_controller/u_q8_scale_accum/contribution_mul_w__2/DSP_A_B_DATA_INST/B2_DATA[17]
                            (internal pin)
  Destination:            SoC_i/VPU_Top_0/inst/u_my_ip/u_axi4_mapping/u_spu/u_spu_controller/u_q8_scale_accum/contribution_full_r_reg[16]__1/D
                            (rising edge-triggered cell FDRE clocked by clk_pl_0  {rise@0.000ns fall@2.000ns period=4.000ns})
  Path Group:             (none)
  Path Type:              Hold (Min at Fast Process Corner)
  Data Path Delay:        0.488ns  (logic 0.252ns (51.639%)  route 0.236ns (48.361%))
  Logic Levels:           5  (DSP_ALU=1 DSP_M_DATA=1 DSP_MULTIPLIER=1 DSP_OUTPUT=1 DSP_PREADD_DATA=1)
  Clock Uncertainty:      0.103ns  ((TSJ^2 + DJ^2)^1/2) / 2 + PE
    Total System Jitter     (TSJ):    0.050ns
    Discrete Jitter          (DJ):    0.201ns
    Phase Error              (PE):    0.000ns
  Clock Net Delay (Destination): 0.908ns (routing 0.171ns, distribution 0.737ns)

    Location             Delay type                Incr(ns)  Path(ns)    Netlist Resource(s)
  -------------------------------------------------------------------    -------------------
    DSP48E2_X3Y91        DSP_A_B_DATA                 0.000     0.000 r  SoC_i/VPU_Top_0/inst/u_my_ip/u_axi4_mapping/u_spu/u_spu_controller/u_q8_scale_accum/contribution_mul_w__2/DSP_A_B_DATA_INST/B2_DATA[17]
                         net (fo=1, routed)           0.000     0.000    SoC_i/VPU_Top_0/inst/u_my_ip/u_axi4_mapping/u_spu/u_spu_controller/u_q8_scale_accum/contribution_mul_w__2/DSP_A_B_DATA.B2_DATA<17>
    DSP48E2_X3Y91        DSP_PREADD_DATA (Prop_DSP_PREADD_DATA_DSP48E2_B2_DATA[17]_B2B1[17])
                                                      0.020     0.020 r  SoC_i/VPU_Top_0/inst/u_my_ip/u_axi4_mapping/u_spu/u_spu_controller/u_q8_scale_accum/contribution_mul_w__2/DSP_PREADD_DATA_INST/B2B1[17]
                         net (fo=1, routed)           0.000     0.020    SoC_i/VPU_Top_0/inst/u_my_ip/u_axi4_mapping/u_spu/u_spu_controller/u_q8_scale_accum/contribution_mul_w__2/DSP_PREADD_DATA.B2B1<17>
    DSP48E2_X3Y91        DSP_MULTIPLIER (Prop_DSP_MULTIPLIER_DSP48E2_B2B1[17]_V[16])
                                                      0.079     0.099 f  SoC_i/VPU_Top_0/inst/u_my_ip/u_axi4_mapping/u_spu/u_spu_controller/u_q8_scale_accum/contribution_mul_w__2/DSP_MULTIPLIER_INST/V[16]
                         net (fo=1, routed)           0.000     0.099    SoC_i/VPU_Top_0/inst/u_my_ip/u_axi4_mapping/u_spu/u_spu_controller/u_q8_scale_accum/contribution_mul_w__2/DSP_MULTIPLIER.V<16>
    DSP48E2_X3Y91        DSP_M_DATA (Prop_DSP_M_DATA_DSP48E2_V[16]_V_DATA[16])
                                                      0.012     0.111 r  SoC_i/VPU_Top_0/inst/u_my_ip/u_axi4_mapping/u_spu/u_spu_controller/u_q8_scale_accum/contribution_mul_w__2/DSP_M_DATA_INST/V_DATA[16]
                         net (fo=1, routed)           0.000     0.111    SoC_i/VPU_Top_0/inst/u_my_ip/u_axi4_mapping/u_spu/u_spu_controller/u_q8_scale_accum/contribution_mul_w__2/DSP_M_DATA.V_DATA<16>
    DSP48E2_X3Y91        DSP_ALU (Prop_DSP_ALU_DSP48E2_V_DATA[16]_ALU_OUT[16])
                                                      0.111     0.222 f  SoC_i/VPU_Top_0/inst/u_my_ip/u_axi4_mapping/u_spu/u_spu_controller/u_q8_scale_accum/contribution_mul_w__2/DSP_ALU_INST/ALU_OUT[16]
                         net (fo=1, routed)           0.000     0.222    SoC_i/VPU_Top_0/inst/u_my_ip/u_axi4_mapping/u_spu/u_spu_controller/u_q8_scale_accum/contribution_mul_w__2/DSP_ALU.ALU_OUT<16>
    DSP48E2_X3Y91        DSP_OUTPUT (Prop_DSP_OUTPUT_DSP48E2_ALU_OUT[16]_P[16])
                                                      0.030     0.252 r  SoC_i/VPU_Top_0/inst/u_my_ip/u_axi4_mapping/u_spu/u_spu_controller/u_q8_scale_accum/contribution_mul_w__2/DSP_OUTPUT_INST/P[16]
                         net (fo=1, routed)           0.236     0.488    SoC_i/VPU_Top_0/inst/u_my_ip/u_axi4_mapping/u_spu/u_spu_controller/u_q8_scale_accum/contribution_mul_w__2_n_89
    SLICE_X49Y235        FDRE                                         r  SoC_i/VPU_Top_0/inst/u_my_ip/u_axi4_mapping/u_spu/u_spu_controller/u_q8_scale_accum/contribution_full_r_reg[16]__1/D
  -------------------------------------------------------------------    -------------------

                         (clock clk_pl_0 rise edge)
                                                      0.000     0.000 r  
    PS8_X0Y0             PS8                          0.000     0.000 r  SoC_i/zynq_ultra_ps_e_0/inst/PS8_i/PLCLK[0]
                         net (fo=1, routed)           0.154     0.154    SoC_i/zynq_ultra_ps_e_0/inst/pl_clk_unbuffered[0]
    BUFG_PS_X0Y88        BUFG_PS (Prop_BUFG_PS_I_O)
                                                      0.018     0.172 r  SoC_i/zynq_ultra_ps_e_0/inst/buffer_pl_clk_0.PL_CLK_0_BUFG/O
    X1Y3 (CLOCK_ROOT)    net (fo=52634, routed)       0.908     1.080    SoC_i/VPU_Top_0/inst/u_my_ip/u_axi4_mapping/u_spu/u_spu_controller/u_q8_scale_accum/s00_axi_aclk
    SLICE_X49Y235        FDRE                                         r  SoC_i/VPU_Top_0/inst/u_my_ip/u_axi4_mapping/u_spu/u_spu_controller/u_q8_scale_accum/contribution_full_r_reg[16]__1/C

Slack:                    inf
  Source:                 SoC_i/VPU_Top_0/inst/u_my_ip/u_axi4_mapping/u_spu/u_vpu_stream8/GEN_ACCUM8[7].u_accum/contribution_mul_w__2/DSP_A_B_DATA_INST/B2_DATA[17]
                            (internal pin)
  Destination:            SoC_i/VPU_Top_0/inst/u_my_ip/u_axi4_mapping/u_spu/u_vpu_stream8/GEN_ACCUM8[7].u_accum/contribution_full_r_reg[16]__1/D
                            (rising edge-triggered cell FDRE clocked by clk_pl_0  {rise@0.000ns fall@2.000ns period=4.000ns})
  Path Group:             (none)
  Path Type:              Hold (Min at Fast Process Corner)
  Data Path Delay:        0.549ns  (logic 0.252ns (45.902%)  route 0.297ns (54.098%))
  Logic Levels:           5  (DSP_ALU=1 DSP_M_DATA=1 DSP_MULTIPLIER=1 DSP_OUTPUT=1 DSP_PREADD_DATA=1)
  Clock Uncertainty:      0.103ns  ((TSJ^2 + DJ^2)^1/2) / 2 + PE
    Total System Jitter     (TSJ):    0.050ns
    Discrete Jitter          (DJ):    0.201ns
    Phase Error              (PE):    0.000ns
  Clock Net Delay (Destination): 1.062ns (routing 0.171ns, distribution 0.891ns)

    Location             Delay type                Incr(ns)  Path(ns)    Netlist Resource(s)
  -------------------------------------------------------------------    -------------------
    DSP48E2_X0Y117       DSP_A_B_DATA                 0.000     0.000 r  SoC_i/VPU_Top_0/inst/u_my_ip/u_axi4_mapping/u_spu/u_vpu_stream8/GEN_ACCUM8[7].u_accum/contribution_mul_w__2/DSP_A_B_DATA_INST/B2_DATA[17]
                         net (fo=1, routed)           0.000     0.000    SoC_i/VPU_Top_0/inst/u_my_ip/u_axi4_mapping/u_spu/u_vpu_stream8/GEN_ACCUM8[7].u_accum/contribution_mul_w__2/DSP_A_B_DATA.B2_DATA<17>
    DSP48E2_X0Y117       DSP_PREADD_DATA (Prop_DSP_PREADD_DATA_DSP48E2_B2_DATA[17]_B2B1[17])
                                                      0.020     0.020 r  SoC_i/VPU_Top_0/inst/u_my_ip/u_axi4_mapping/u_spu/u_vpu_stream8/GEN_ACCUM8[7].u_accum/contribution_mul_w__2/DSP_PREADD_DATA_INST/B2B1[17]
                         net (fo=1, routed)           0.000     0.020    SoC_i/VPU_Top_0/inst/u_my_ip/u_axi4_mapping/u_spu/u_vpu_stream8/GEN_ACCUM8[7].u_accum/contribution_mul_w__2/DSP_PREADD_DATA.B2B1<17>
    DSP48E2_X0Y117       DSP_MULTIPLIER (Prop_DSP_MULTIPLIER_DSP48E2_B2B1[17]_V[16])
                                                      0.079     0.099 f  SoC_i/VPU_Top_0/inst/u_my_ip/u_axi4_mapping/u_spu/u_vpu_stream8/GEN_ACCUM8[7].u_accum/contribution_mul_w__2/DSP_MULTIPLIER_INST/V[16]
                         net (fo=1, routed)           0.000     0.099    SoC_i/VPU_Top_0/inst/u_my_ip/u_axi4_mapping/u_spu/u_vpu_stream8/GEN_ACCUM8[7].u_accum/contribution_mul_w__2/DSP_MULTIPLIER.V<16>
    DSP48E2_X0Y117       DSP_M_DATA (Prop_DSP_M_DATA_DSP48E2_V[16]_V_DATA[16])
                                                      0.012     0.111 r  SoC_i/VPU_Top_0/inst/u_my_ip/u_axi4_mapping/u_spu/u_vpu_stream8/GEN_ACCUM8[7].u_accum/contribution_mul_w__2/DSP_M_DATA_INST/V_DATA[16]
                         net (fo=1, routed)           0.000     0.111    SoC_i/VPU_Top_0/inst/u_my_ip/u_axi4_mapping/u_spu/u_vpu_stream8/GEN_ACCUM8[7].u_accum/contribution_mul_w__2/DSP_M_DATA.V_DATA<16>
    DSP48E2_X0Y117       DSP_ALU (Prop_DSP_ALU_DSP48E2_V_DATA[16]_ALU_OUT[16])
                                                      0.111     0.222 f  SoC_i/VPU_Top_0/inst/u_my_ip/u_axi4_mapping/u_spu/u_vpu_stream8/GEN_ACCUM8[7].u_accum/contribution_mul_w__2/DSP_ALU_INST/ALU_OUT[16]
                         net (fo=1, routed)           0.000     0.222    SoC_i/VPU_Top_0/inst/u_my_ip/u_axi4_mapping/u_spu/u_vpu_stream8/GEN_ACCUM8[7].u_accum/contribution_mul_w__2/DSP_ALU.ALU_OUT<16>
    DSP48E2_X0Y117       DSP_OUTPUT (Prop_DSP_OUTPUT_DSP48E2_ALU_OUT[16]_P[16])
                                                      0.030     0.252 r  SoC_i/VPU_Top_0/inst/u_my_ip/u_axi4_mapping/u_spu/u_vpu_stream8/GEN_ACCUM8[7].u_accum/contribution_mul_w__2/DSP_OUTPUT_INST/P[16]
                         net (fo=1, routed)           0.297     0.549    SoC_i/VPU_Top_0/inst/u_my_ip/u_axi4_mapping/u_spu/u_vpu_stream8/GEN_ACCUM8[7].u_accum/contribution_mul_w__2_n_89
    SLICE_X5Y283         FDRE                                         r  SoC_i/VPU_Top_0/inst/u_my_ip/u_axi4_mapping/u_spu/u_vpu_stream8/GEN_ACCUM8[7].u_accum/contribution_full_r_reg[16]__1/D
  -------------------------------------------------------------------    -------------------

                         (clock clk_pl_0 rise edge)
                                                      0.000     0.000 r  
    PS8_X0Y0             PS8                          0.000     0.000 r  SoC_i/zynq_ultra_ps_e_0/inst/PS8_i/PLCLK[0]
                         net (fo=1, routed)           0.154     0.154    SoC_i/zynq_ultra_ps_e_0/inst/pl_clk_unbuffered[0]
    BUFG_PS_X0Y88        BUFG_PS (Prop_BUFG_PS_I_O)
                                                      0.018     0.172 r  SoC_i/zynq_ultra_ps_e_0/inst/buffer_pl_clk_0.PL_CLK_0_BUFG/O
    X1Y3 (CLOCK_ROOT)    net (fo=52634, routed)       1.062     1.234    SoC_i/VPU_Top_0/inst/u_my_ip/u_axi4_mapping/u_spu/u_vpu_stream8/GEN_ACCUM8[7].u_accum/s00_axi_aclk
    SLICE_X5Y283         FDRE                                         r  SoC_i/VPU_Top_0/inst/u_my_ip/u_axi4_mapping/u_spu/u_vpu_stream8/GEN_ACCUM8[7].u_accum/contribution_full_r_reg[16]__1/C

Slack:                    inf
  Source:                 SoC_i/VPU_Top_0/inst/u_my_ip/u_axi4_mapping/u_spu/u_vpu_stream8/GEN_ACCUM8[0].u_accum/contribution_mul_w__0/DSP_A_B_DATA_INST/B2_DATA[17]
                            (internal pin)
  Destination:            SoC_i/VPU_Top_0/inst/u_my_ip/u_axi4_mapping/u_spu/u_vpu_stream8/GEN_ACCUM8[0].u_accum/contribution_full_r_reg[14]__0/D
                            (rising edge-triggered cell FDRE clocked by clk_pl_0  {rise@0.000ns fall@2.000ns period=4.000ns})
  Path Group:             (none)
  Path Type:              Hold (Min at Fast Process Corner)
  Data Path Delay:        0.552ns  (logic 0.477ns (86.413%)  route 0.075ns (13.587%))
  Logic Levels:           7  (DSP_ALU=2 DSP_M_DATA=1 DSP_MULTIPLIER=1 DSP_OUTPUT=2 DSP_PREADD_DATA=1)
  Clock Uncertainty:      0.103ns  ((TSJ^2 + DJ^2)^1/2) / 2 + PE
    Total System Jitter     (TSJ):    0.050ns
    Discrete Jitter          (DJ):    0.201ns
    Phase Error              (PE):    0.000ns
  Clock Net Delay (Destination): 0.952ns (routing 0.171ns, distribution 0.781ns)

    Location             Delay type                Incr(ns)  Path(ns)    Netlist Resource(s)
  -------------------------------------------------------------------    -------------------
    DSP48E2_X3Y111       DSP_A_B_DATA                 0.000     0.000 r  SoC_i/VPU_Top_0/inst/u_my_ip/u_axi4_mapping/u_spu/u_vpu_stream8/GEN_ACCUM8[0].u_accum/contribution_mul_w__0/DSP_A_B_DATA_INST/B2_DATA[17]
                         net (fo=1, routed)           0.000     0.000    SoC_i/VPU_Top_0/inst/u_my_ip/u_axi4_mapping/u_spu/u_vpu_stream8/GEN_ACCUM8[0].u_accum/contribution_mul_w__0/DSP_A_B_DATA.B2_DATA<17>
    DSP48E2_X3Y111       DSP_PREADD_DATA (Prop_DSP_PREADD_DATA_DSP48E2_B2_DATA[17]_B2B1[17])
                                                      0.020     0.020 r  SoC_i/VPU_Top_0/inst/u_my_ip/u_axi4_mapping/u_spu/u_vpu_stream8/GEN_ACCUM8[0].u_accum/contribution_mul_w__0/DSP_PREADD_DATA_INST/B2B1[17]
                         net (fo=1, routed)           0.000     0.020    SoC_i/VPU_Top_0/inst/u_my_ip/u_axi4_mapping/u_spu/u_vpu_stream8/GEN_ACCUM8[0].u_accum/contribution_mul_w__0/DSP_PREADD_DATA.B2B1<17>
    DSP48E2_X3Y111       DSP_MULTIPLIER (Prop_DSP_MULTIPLIER_DSP48E2_B2B1[17]_U[29])
                                                      0.075     0.095 f  SoC_i/VPU_Top_0/inst/u_my_ip/u_axi4_mapping/u_spu/u_vpu_stream8/GEN_ACCUM8[0].u_accum/contribution_mul_w__0/DSP_MULTIPLIER_INST/U[29]
                         net (fo=1, routed)           0.000     0.095    SoC_i/VPU_Top_0/inst/u_my_ip/u_axi4_mapping/u_spu/u_vpu_stream8/GEN_ACCUM8[0].u_accum/contribution_mul_w__0/DSP_MULTIPLIER.U<29>
    DSP48E2_X3Y111       DSP_M_DATA (Prop_DSP_M_DATA_DSP48E2_U[29]_U_DATA[29])
                                                      0.012     0.107 r  SoC_i/VPU_Top_0/inst/u_my_ip/u_axi4_mapping/u_spu/u_vpu_stream8/GEN_ACCUM8[0].u_accum/contribution_mul_w__0/DSP_M_DATA_INST/U_DATA[29]
                         net (fo=1, routed)           0.000     0.107    SoC_i/VPU_Top_0/inst/u_my_ip/u_axi4_mapping/u_spu/u_vpu_stream8/GEN_ACCUM8[0].u_accum/contribution_mul_w__0/DSP_M_DATA.U_DATA<29>
    DSP48E2_X3Y111       DSP_ALU (Prop_DSP_ALU_DSP48E2_U_DATA[29]_ALU_OUT[29])
                                                      0.113     0.220 f  SoC_i/VPU_Top_0/inst/u_my_ip/u_axi4_mapping/u_spu/u_vpu_stream8/GEN_ACCUM8[0].u_accum/contribution_mul_w__0/DSP_ALU_INST/ALU_OUT[29]
                         net (fo=1, routed)           0.000     0.220    SoC_i/VPU_Top_0/inst/u_my_ip/u_axi4_mapping/u_spu/u_vpu_stream8/GEN_ACCUM8[0].u_accum/contribution_mul_w__0/DSP_ALU.ALU_OUT<29>
    DSP48E2_X3Y111       DSP_OUTPUT (Prop_DSP_OUTPUT_DSP48E2_ALU_OUT[29]_PCOUT[29])
                                                      0.035     0.255 r  SoC_i/VPU_Top_0/inst/u_my_ip/u_axi4_mapping/u_spu/u_vpu_stream8/GEN_ACCUM8[0].u_accum/contribution_mul_w__0/DSP_OUTPUT_INST/PCOUT[29]
                         net (fo=1, routed)           0.004     0.259    SoC_i/VPU_Top_0/inst/u_my_ip/u_axi4_mapping/u_spu/u_vpu_stream8/GEN_ACCUM8[0].u_accum/contribution_mul_w__1/PCIN[29]
    DSP48E2_X3Y112       DSP_ALU (Prop_DSP_ALU_DSP48E2_PCIN[29]_ALU_OUT[14])
                                                      0.192     0.451 f  SoC_i/VPU_Top_0/inst/u_my_ip/u_axi4_mapping/u_spu/u_vpu_stream8/GEN_ACCUM8[0].u_accum/contribution_mul_w__1/DSP_ALU_INST/ALU_OUT[14]
                         net (fo=1, routed)           0.000     0.451    SoC_i/VPU_Top_0/inst/u_my_ip/u_axi4_mapping/u_spu/u_vpu_stream8/GEN_ACCUM8[0].u_accum/contribution_mul_w__1/DSP_ALU.ALU_OUT<14>
    DSP48E2_X3Y112       DSP_OUTPUT (Prop_DSP_OUTPUT_DSP48E2_ALU_OUT[14]_P[14])
                                                      0.030     0.481 r  SoC_i/VPU_Top_0/inst/u_my_ip/u_axi4_mapping/u_spu/u_vpu_stream8/GEN_ACCUM8[0].u_accum/contribution_mul_w__1/DSP_OUTPUT_INST/P[14]
                         net (fo=1, routed)           0.071     0.552    SoC_i/VPU_Top_0/inst/u_my_ip/u_axi4_mapping/u_spu/u_vpu_stream8/GEN_ACCUM8[0].u_accum/contribution_mul_w__1_n_91
    SLICE_X49Y281        FDRE                                         r  SoC_i/VPU_Top_0/inst/u_my_ip/u_axi4_mapping/u_spu/u_vpu_stream8/GEN_ACCUM8[0].u_accum/contribution_full_r_reg[14]__0/D
  -------------------------------------------------------------------    -------------------

                         (clock clk_pl_0 rise edge)
                                                      0.000     0.000 r  
    PS8_X0Y0             PS8                          0.000     0.000 r  SoC_i/zynq_ultra_ps_e_0/inst/PS8_i/PLCLK[0]
                         net (fo=1, routed)           0.154     0.154    SoC_i/zynq_ultra_ps_e_0/inst/pl_clk_unbuffered[0]
    BUFG_PS_X0Y88        BUFG_PS (Prop_BUFG_PS_I_O)
                                                      0.018     0.172 r  SoC_i/zynq_ultra_ps_e_0/inst/buffer_pl_clk_0.PL_CLK_0_BUFG/O
    X1Y3 (CLOCK_ROOT)    net (fo=52634, routed)       0.952     1.124    SoC_i/VPU_Top_0/inst/u_my_ip/u_axi4_mapping/u_spu/u_vpu_stream8/GEN_ACCUM8[0].u_accum/s00_axi_aclk
    SLICE_X49Y281        FDRE                                         r  SoC_i/VPU_Top_0/inst/u_my_ip/u_axi4_mapping/u_spu/u_vpu_stream8/GEN_ACCUM8[0].u_accum/contribution_full_r_reg[14]__0/C





