Copyright 1986-2022 Xilinx, Inc. All Rights Reserved.
------------------------------------------------------------------------------------------------------------------------
| Tool Version : Vivado v.2022.2 (win64) Build 3671981 Fri Oct 14 05:00:03 MDT 2022
| Date         : Sat Aug 22 14:36:14 2026
| Host         : Cuong-Desktop running 64-bit major release  (build 9200)
| Command      : report_drc -file SoC_wrapper_drc_opted.rpt -pb SoC_wrapper_drc_opted.pb -rpx SoC_wrapper_drc_opted.rpx
| Design       : SoC_wrapper
| Device       : xczu7ev-ffvc1156-2-e
| Speed File   : -2
| Design State : Synthesized
------------------------------------------------------------------------------------------------------------------------

Report DRC

Table of Contents
-----------------
1. REPORT SUMMARY
2. REPORT DETAILS

1. REPORT SUMMARY
-----------------
            Netlist: netlist
          Floorplan: design_1
      Design limits: <entire design considered>
           Ruledeck: default
             Max violations: <unlimited>
             Violations found: 453
+--------+----------+------------------------+------------+
| Rule   | Severity | Description            | Violations |
+--------+----------+------------------------+------------+
| DPIP-2 | Warning  | Input pipelining       | 83         |
| DPOP-3 | Warning  | PREG Output pipelining | 123        |
| DPOP-4 | Warning  | MREG Output pipelining | 247        |
+--------+----------+------------------------+------------+

2. REPORT DETAILS
-----------------
DPIP-2#1 Warning
Input pipelining  
DSP SoC_i/VPU_Top_0/inst/u_my_ip/u_axi4_mapping/u_spu/u_spu_controller/u_q8_scale_accum/contribution_full_r_reg input SoC_i/VPU_Top_0/inst/u_my_ip/u_axi4_mapping/u_spu/u_spu_controller/u_q8_scale_accum/contribution_full_r_reg/B[17:0] is not pipelined. Pipelining DSP48 input will improve performance.
Related violations: <none>

DPIP-2#2 Warning
Input pipelining  
DSP SoC_i/VPU_Top_0/inst/u_my_ip/u_axi4_mapping/u_spu/u_spu_controller/u_q8_scale_accum/contribution_full_r_reg__0 input SoC_i/VPU_Top_0/inst/u_my_ip/u_axi4_mapping/u_spu/u_spu_controller/u_q8_scale_accum/contribution_full_r_reg__0/B[17:0] is not pipelined. Pipelining DSP48 input will improve performance.
Related violations: <none>

DPIP-2#3 Warning
Input pipelining  
DSP SoC_i/VPU_Top_0/inst/u_my_ip/u_axi4_mapping/u_spu/u_spu_controller/u_q8_scale_accum/contribution_full_r_reg__1 input SoC_i/VPU_Top_0/inst/u_my_ip/u_axi4_mapping/u_spu/u_spu_controller/u_q8_scale_accum/contribution_full_r_reg__1/A[29:0] is not pipelined. Pipelining DSP48 input will improve performance.
Related violations: <none>

DPIP-2#4 Warning
Input pipelining  
DSP SoC_i/VPU_Top_0/inst/u_my_ip/u_axi4_mapping/u_spu/u_spu_controller/u_q8_scale_accum/contribution_mul_w input SoC_i/VPU_Top_0/inst/u_my_ip/u_axi4_mapping/u_spu/u_spu_controller/u_q8_scale_accum/contribution_mul_w/A[29:0] is not pipelined. Pipelining DSP48 input will improve performance.
Related violations: <none>

DPIP-2#5 Warning
Input pipelining  
DSP SoC_i/VPU_Top_0/inst/u_my_ip/u_axi4_mapping/u_spu/u_spu_controller/u_q8_scale_accum/contribution_mul_w__0 input SoC_i/VPU_Top_0/inst/u_my_ip/u_axi4_mapping/u_spu/u_spu_controller/u_q8_scale_accum/contribution_mul_w__0/B[17:0] is not pipelined. Pipelining DSP48 input will improve performance.
Related violations: <none>

DPIP-2#6 Warning
Input pipelining  
DSP SoC_i/VPU_Top_0/inst/u_my_ip/u_axi4_mapping/u_spu/u_spu_controller/u_q8_scale_accum/contribution_mul_w__1 input SoC_i/VPU_Top_0/inst/u_my_ip/u_axi4_mapping/u_spu/u_spu_controller/u_q8_scale_accum/contribution_mul_w__1/A[29:0] is not pipelined. Pipelining DSP48 input will improve performance.
Related violations: <none>

DPIP-2#7 Warning
Input pipelining  
DSP SoC_i/VPU_Top_0/inst/u_my_ip/u_axi4_mapping/u_spu/u_spu_controller/u_q8_scale_accum/contribution_mul_w__2 input SoC_i/VPU_Top_0/inst/u_my_ip/u_axi4_mapping/u_spu/u_spu_controller/u_q8_scale_accum/contribution_mul_w__2/B[17:0] is not pipelined. Pipelining DSP48 input will improve performance.
Related violations: <none>

DPIP-2#8 Warning
Input pipelining  
DSP SoC_i/VPU_Top_0/inst/u_my_ip/u_axi4_mapping/u_spu/u_spu_controller/u_q8_scale_accum/contribution_mul_w__3 input SoC_i/VPU_Top_0/inst/u_my_ip/u_axi4_mapping/u_spu/u_spu_controller/u_q8_scale_accum/contribution_mul_w__3/B[17:0] is not pipelined. Pipelining DSP48 input will improve performance.
Related violations: <none>

DPIP-2#9 Warning
Input pipelining  
DSP SoC_i/VPU_Top_0/inst/u_my_ip/u_axi4_mapping/u_spu/u_spu_controller/u_rmsnorm/norm_product_r_reg input SoC_i/VPU_Top_0/inst/u_my_ip/u_axi4_mapping/u_spu/u_spu_controller/u_rmsnorm/norm_product_r_reg/A[29:0] is not pipelined. Pipelining DSP48 input will improve performance.
Related violations: <none>

DPIP-2#10 Warning
Input pipelining  
DSP SoC_i/VPU_Top_0/inst/u_my_ip/u_axi4_mapping/u_spu/u_spu_controller/u_rmsnorm/norm_product_w input SoC_i/VPU_Top_0/inst/u_my_ip/u_axi4_mapping/u_spu/u_spu_controller/u_rmsnorm/norm_product_w/B[17:0] is not pipelined. Pipelining DSP48 input will improve performance.
Related violations: <none>

DPIP-2#11 Warning
Input pipelining  
DSP SoC_i/VPU_Top_0/inst/u_my_ip/u_axi4_mapping/u_spu/u_spu_controller/u_rmsnorm/norm_product_w__0 input SoC_i/VPU_Top_0/inst/u_my_ip/u_axi4_mapping/u_spu/u_spu_controller/u_rmsnorm/norm_product_w__0/A[29:0] is not pipelined. Pipelining DSP48 input will improve performance.
Related violations: <none>

DPIP-2#12 Warning
Input pipelining  
DSP SoC_i/VPU_Top_0/inst/u_my_ip/u_axi4_mapping/u_spu/u_spu_controller/u_rmsnorm/sumsq_product_r_reg input SoC_i/VPU_Top_0/inst/u_my_ip/u_axi4_mapping/u_spu/u_spu_controller/u_rmsnorm/sumsq_product_r_reg/A[29:0] is not pipelined. Pipelining DSP48 input will improve performance.
Related violations: <none>

DPIP-2#13 Warning
Input pipelining  
DSP SoC_i/VPU_Top_0/inst/u_my_ip/u_axi4_mapping/u_spu/u_spu_controller/u_rmsnorm/sumsq_product_r_reg input SoC_i/VPU_Top_0/inst/u_my_ip/u_axi4_mapping/u_spu/u_spu_controller/u_rmsnorm/sumsq_product_r_reg/B[17:0] is not pipelined. Pipelining DSP48 input will improve performance.
Related violations: <none>

DPIP-2#14 Warning
Input pipelining  
DSP SoC_i/VPU_Top_0/inst/u_my_ip/u_axi4_mapping/u_spu/u_spu_controller/u_rmsnorm/value_weight_r_reg input SoC_i/VPU_Top_0/inst/u_my_ip/u_axi4_mapping/u_spu/u_spu_controller/u_rmsnorm/value_weight_r_reg/A[29:0] is not pipelined. Pipelining DSP48 input will improve performance.
Related violations: <none>

DPIP-2#15 Warning
Input pipelining  
DSP SoC_i/VPU_Top_0/inst/u_my_ip/u_axi4_mapping/u_spu/u_spu_controller/u_rmsnorm/value_weight_r_reg input SoC_i/VPU_Top_0/inst/u_my_ip/u_axi4_mapping/u_spu/u_spu_controller/u_rmsnorm/value_weight_r_reg/B[17:0] is not pipelined. Pipelining DSP48 input will improve performance.
Related violations: <none>

DPIP-2#16 Warning
Input pipelining  
DSP SoC_i/VPU_Top_0/inst/u_my_ip/u_axi4_mapping/u_spu/u_spu_controller/u_rope/value0 input SoC_i/VPU_Top_0/inst/u_my_ip/u_axi4_mapping/u_spu/u_spu_controller/u_rope/value0/A[29:0] is not pipelined. Pipelining DSP48 input will improve performance.
Related violations: <none>

DPIP-2#17 Warning
Input pipelining  
DSP SoC_i/VPU_Top_0/inst/u_my_ip/u_axi4_mapping/u_spu/u_spu_controller/u_rope/value0 input SoC_i/VPU_Top_0/inst/u_my_ip/u_axi4_mapping/u_spu/u_spu_controller/u_rope/value0/B[17:0] is not pipelined. Pipelining DSP48 input will improve performance.
Related violations: <none>

DPIP-2#18 Warning
Input pipelining  
DSP SoC_i/VPU_Top_0/inst/u_my_ip/u_axi4_mapping/u_spu/u_spu_controller/u_rope/x0_cos_r_reg input SoC_i/VPU_Top_0/inst/u_my_ip/u_axi4_mapping/u_spu/u_spu_controller/u_rope/x0_cos_r_reg/A[29:0] is not pipelined. Pipelining DSP48 input will improve performance.
Related violations: <none>

DPIP-2#19 Warning
Input pipelining  
DSP SoC_i/VPU_Top_0/inst/u_my_ip/u_axi4_mapping/u_spu/u_spu_controller/u_rope/x0_cos_r_reg input SoC_i/VPU_Top_0/inst/u_my_ip/u_axi4_mapping/u_spu/u_spu_controller/u_rope/x0_cos_r_reg/B[17:0] is not pipelined. Pipelining DSP48 input will improve performance.
Related violations: <none>

DPIP-2#20 Warning
Input pipelining  
DSP SoC_i/VPU_Top_0/inst/u_my_ip/u_axi4_mapping/u_spu/u_vpu_stream8/GEN_ACCUM8[0].u_accum/contribution_full_r_reg input SoC_i/VPU_Top_0/inst/u_my_ip/u_axi4_mapping/u_spu/u_vpu_stream8/GEN_ACCUM8[0].u_accum/contribution_full_r_reg/B[17:0] is not pipelined. Pipelining DSP48 input will improve performance.
Related violations: <none>

DPIP-2#21 Warning
Input pipelining  
DSP SoC_i/VPU_Top_0/inst/u_my_ip/u_axi4_mapping/u_spu/u_vpu_stream8/GEN_ACCUM8[0].u_accum/contribution_full_r_reg__0 input SoC_i/VPU_Top_0/inst/u_my_ip/u_axi4_mapping/u_spu/u_vpu_stream8/GEN_ACCUM8[0].u_accum/contribution_full_r_reg__0/B[17:0] is not pipelined. Pipelining DSP48 input will improve performance.
Related violations: <none>

DPIP-2#22 Warning
Input pipelining  
DSP SoC_i/VPU_Top_0/inst/u_my_ip/u_axi4_mapping/u_spu/u_vpu_stream8/GEN_ACCUM8[0].u_accum/contribution_full_r_reg__1 input SoC_i/VPU_Top_0/inst/u_my_ip/u_axi4_mapping/u_spu/u_vpu_stream8/GEN_ACCUM8[0].u_accum/contribution_full_r_reg__1/A[29:0] is not pipelined. Pipelining DSP48 input will improve performance.
Related violations: <none>

DPIP-2#23 Warning
Input pipelining  
DSP SoC_i/VPU_Top_0/inst/u_my_ip/u_axi4_mapping/u_spu/u_vpu_stream8/GEN_ACCUM8[0].u_accum/contribution_mul_w input SoC_i/VPU_Top_0/inst/u_my_ip/u_axi4_mapping/u_spu/u_vpu_stream8/GEN_ACCUM8[0].u_accum/contribution_mul_w/A[29:0] is not pipelined. Pipelining DSP48 input will improve performance.
Related violations: <none>

DPIP-2#24 Warning
Input pipelining  
DSP SoC_i/VPU_Top_0/inst/u_my_ip/u_axi4_mapping/u_spu/u_vpu_stream8/GEN_ACCUM8[0].u_accum/contribution_mul_w__0 input SoC_i/VPU_Top_0/inst/u_my_ip/u_axi4_mapping/u_spu/u_vpu_stream8/GEN_ACCUM8[0].u_accum/contribution_mul_w__0/B[17:0] is not pipelined. Pipelining DSP48 input will improve performance.
Related violations: <none>

DPIP-2#25 Warning
Input pipelining  
DSP SoC_i/VPU_Top_0/inst/u_my_ip/u_axi4_mapping/u_spu/u_vpu_stream8/GEN_ACCUM8[0].u_accum/contribution_mul_w__1 input SoC_i/VPU_Top_0/inst/u_my_ip/u_axi4_mapping/u_spu/u_vpu_stream8/GEN_ACCUM8[0].u_accum/contribution_mul_w__1/A[29:0] is not pipelined. Pipelining DSP48 input will improve performance.
Related violations: <none>

DPIP-2#26 Warning
Input pipelining  
DSP SoC_i/VPU_Top_0/inst/u_my_ip/u_axi4_mapping/u_spu/u_vpu_stream8/GEN_ACCUM8[0].u_accum/contribution_mul_w__2 input SoC_i/VPU_Top_0/inst/u_my_ip/u_axi4_mapping/u_spu/u_vpu_stream8/GEN_ACCUM8[0].u_accum/contribution_mul_w__2/B[17:0] is not pipelined. Pipelining DSP48 input will improve performance.
Related violations: <none>

DPIP-2#27 Warning
Input pipelining  
DSP SoC_i/VPU_Top_0/inst/u_my_ip/u_axi4_mapping/u_spu/u_vpu_stream8/GEN_ACCUM8[0].u_accum/contribution_mul_w__3 input SoC_i/VPU_Top_0/inst/u_my_ip/u_axi4_mapping/u_spu/u_vpu_stream8/GEN_ACCUM8[0].u_accum/contribution_mul_w__3/B[17:0] is not pipelined. Pipelining DSP48 input will improve performance.
Related violations: <none>

DPIP-2#28 Warning
Input pipelining  
DSP SoC_i/VPU_Top_0/inst/u_my_ip/u_axi4_mapping/u_spu/u_vpu_stream8/GEN_ACCUM8[1].u_accum/contribution_full_r_reg input SoC_i/VPU_Top_0/inst/u_my_ip/u_axi4_mapping/u_spu/u_vpu_stream8/GEN_ACCUM8[1].u_accum/contribution_full_r_reg/B[17:0] is not pipelined. Pipelining DSP48 input will improve performance.
Related violations: <none>

DPIP-2#29 Warning
Input pipelining  
DSP SoC_i/VPU_Top_0/inst/u_my_ip/u_axi4_mapping/u_spu/u_vpu_stream8/GEN_ACCUM8[1].u_accum/contribution_full_r_reg__0 input SoC_i/VPU_Top_0/inst/u_my_ip/u_axi4_mapping/u_spu/u_vpu_stream8/GEN_ACCUM8[1].u_accum/contribution_full_r_reg__0/B[17:0] is not pipelined. Pipelining DSP48 input will improve performance.
Related violations: <none>

DPIP-2#30 Warning
Input pipelining  
DSP SoC_i/VPU_Top_0/inst/u_my_ip/u_axi4_mapping/u_spu/u_vpu_stream8/GEN_ACCUM8[1].u_accum/contribution_full_r_reg__1 input SoC_i/VPU_Top_0/inst/u_my_ip/u_axi4_mapping/u_spu/u_vpu_stream8/GEN_ACCUM8[1].u_accum/contribution_full_r_reg__1/A[29:0] is not pipelined. Pipelining DSP48 input will improve performance.
Related violations: <none>

DPIP-2#31 Warning
Input pipelining  
DSP SoC_i/VPU_Top_0/inst/u_my_ip/u_axi4_mapping/u_spu/u_vpu_stream8/GEN_ACCUM8[1].u_accum/contribution_mul_w input SoC_i/VPU_Top_0/inst/u_my_ip/u_axi4_mapping/u_spu/u_vpu_stream8/GEN_ACCUM8[1].u_accum/contribution_mul_w/A[29:0] is not pipelined. Pipelining DSP48 input will improve performance.
Related violations: <none>

DPIP-2#32 Warning
Input pipelining  
DSP SoC_i/VPU_Top_0/inst/u_my_ip/u_axi4_mapping/u_spu/u_vpu_stream8/GEN_ACCUM8[1].u_accum/contribution_mul_w__0 input SoC_i/VPU_Top_0/inst/u_my_ip/u_axi4_mapping/u_spu/u_vpu_stream8/GEN_ACCUM8[1].u_accum/contribution_mul_w__0/B[17:0] is not pipelined. Pipelining DSP48 input will improve performance.
Related violations: <none>

DPIP-2#33 Warning
Input pipelining  
DSP SoC_i/VPU_Top_0/inst/u_my_ip/u_axi4_mapping/u_spu/u_vpu_stream8/GEN_ACCUM8[1].u_accum/contribution_mul_w__1 input SoC_i/VPU_Top_0/inst/u_my_ip/u_axi4_mapping/u_spu/u_vpu_stream8/GEN_ACCUM8[1].u_accum/contribution_mul_w__1/A[29:0] is not pipelined. Pipelining DSP48 input will improve performance.
Related violations: <none>

DPIP-2#34 Warning
Input pipelining  
DSP SoC_i/VPU_Top_0/inst/u_my_ip/u_axi4_mapping/u_spu/u_vpu_stream8/GEN_ACCUM8[1].u_accum/contribution_mul_w__2 input SoC_i/VPU_Top_0/inst/u_my_ip/u_axi4_mapping/u_spu/u_vpu_stream8/GEN_ACCUM8[1].u_accum/contribution_mul_w__2/B[17:0] is not pipelined. Pipelining DSP48 input will improve performance.
Related violations: <none>

DPIP-2#35 Warning
Input pipelining  
DSP SoC_i/VPU_Top_0/inst/u_my_ip/u_axi4_mapping/u_spu/u_vpu_stream8/GEN_ACCUM8[1].u_accum/contribution_mul_w__3 input SoC_i/VPU_Top_0/inst/u_my_ip/u_axi4_mapping/u_spu/u_vpu_stream8/GEN_ACCUM8[1].u_accum/contribution_mul_w__3/B[17:0] is not pipelined. Pipelining DSP48 input will improve performance.
Related violations: <none>

DPIP-2#36 Warning
Input pipelining  
DSP SoC_i/VPU_Top_0/inst/u_my_ip/u_axi4_mapping/u_spu/u_vpu_stream8/GEN_ACCUM8[2].u_accum/contribution_full_r_reg input SoC_i/VPU_Top_0/inst/u_my_ip/u_axi4_mapping/u_spu/u_vpu_stream8/GEN_ACCUM8[2].u_accum/contribution_full_r_reg/B[17:0] is not pipelined. Pipelining DSP48 input will improve performance.
Related violations: <none>

DPIP-2#37 Warning
Input pipelining  
DSP SoC_i/VPU_Top_0/inst/u_my_ip/u_axi4_mapping/u_spu/u_vpu_stream8/GEN_ACCUM8[2].u_accum/contribution_full_r_reg__0 input SoC_i/VPU_Top_0/inst/u_my_ip/u_axi4_mapping/u_spu/u_vpu_stream8/GEN_ACCUM8[2].u_accum/contribution_full_r_reg__0/B[17:0] is not pipelined. Pipelining DSP48 input will improve performance.
Related violations: <none>

DPIP-2#38 Warning
Input pipelining  
DSP SoC_i/VPU_Top_0/inst/u_my_ip/u_axi4_mapping/u_spu/u_vpu_stream8/GEN_ACCUM8[2].u_accum/contribution_full_r_reg__1 input SoC_i/VPU_Top_0/inst/u_my_ip/u_axi4_mapping/u_spu/u_vpu_stream8/GEN_ACCUM8[2].u_accum/contribution_full_r_reg__1/A[29:0] is not pipelined. Pipelining DSP48 input will improve performance.
Related violations: <none>

DPIP-2#39 Warning
Input pipelining  
DSP SoC_i/VPU_Top_0/inst/u_my_ip/u_axi4_mapping/u_spu/u_vpu_stream8/GEN_ACCUM8[2].u_accum/contribution_mul_w input SoC_i/VPU_Top_0/inst/u_my_ip/u_axi4_mapping/u_spu/u_vpu_stream8/GEN_ACCUM8[2].u_accum/contribution_mul_w/A[29:0] is not pipelined. Pipelining DSP48 input will improve performance.
Related violations: <none>

DPIP-2#40 Warning
Input pipelining  
DSP SoC_i/VPU_Top_0/inst/u_my_ip/u_axi4_mapping/u_spu/u_vpu_stream8/GEN_ACCUM8[2].u_accum/contribution_mul_w__0 input SoC_i/VPU_Top_0/inst/u_my_ip/u_axi4_mapping/u_spu/u_vpu_stream8/GEN_ACCUM8[2].u_accum/contribution_mul_w__0/B[17:0] is not pipelined. Pipelining DSP48 input will improve performance.
Related violations: <none>

DPIP-2#41 Warning
Input pipelining  
DSP SoC_i/VPU_Top_0/inst/u_my_ip/u_axi4_mapping/u_spu/u_vpu_stream8/GEN_ACCUM8[2].u_accum/contribution_mul_w__1 input SoC_i/VPU_Top_0/inst/u_my_ip/u_axi4_mapping/u_spu/u_vpu_stream8/GEN_ACCUM8[2].u_accum/contribution_mul_w__1/A[29:0] is not pipelined. Pipelining DSP48 input will improve performance.
Related violations: <none>

DPIP-2#42 Warning
Input pipelining  
DSP SoC_i/VPU_Top_0/inst/u_my_ip/u_axi4_mapping/u_spu/u_vpu_stream8/GEN_ACCUM8[2].u_accum/contribution_mul_w__2 input SoC_i/VPU_Top_0/inst/u_my_ip/u_axi4_mapping/u_spu/u_vpu_stream8/GEN_ACCUM8[2].u_accum/contribution_mul_w__2/B[17:0] is not pipelined. Pipelining DSP48 input will improve performance.
Related violations: <none>

DPIP-2#43 Warning
Input pipelining  
DSP SoC_i/VPU_Top_0/inst/u_my_ip/u_axi4_mapping/u_spu/u_vpu_stream8/GEN_ACCUM8[2].u_accum/contribution_mul_w__3 input SoC_i/VPU_Top_0/inst/u_my_ip/u_axi4_mapping/u_spu/u_vpu_stream8/GEN_ACCUM8[2].u_accum/contribution_mul_w__3/B[17:0] is not pipelined. Pipelining DSP48 input will improve performance.
Related violations: <none>

DPIP-2#44 Warning
Input pipelining  
DSP SoC_i/VPU_Top_0/inst/u_my_ip/u_axi4_mapping/u_spu/u_vpu_stream8/GEN_ACCUM8[3].u_accum/contribution_full_r_reg input SoC_i/VPU_Top_0/inst/u_my_ip/u_axi4_mapping/u_spu/u_vpu_stream8/GEN_ACCUM8[3].u_accum/contribution_full_r_reg/B[17:0] is not pipelined. Pipelining DSP48 input will improve performance.
Related violations: <none>

DPIP-2#45 Warning
Input pipelining  
DSP SoC_i/VPU_Top_0/inst/u_my_ip/u_axi4_mapping/u_spu/u_vpu_stream8/GEN_ACCUM8[3].u_accum/contribution_full_r_reg__0 input SoC_i/VPU_Top_0/inst/u_my_ip/u_axi4_mapping/u_spu/u_vpu_stream8/GEN_ACCUM8[3].u_accum/contribution_full_r_reg__0/B[17:0] is not pipelined. Pipelining DSP48 input will improve performance.
Related violations: <none>

DPIP-2#46 Warning
Input pipelining  
DSP SoC_i/VPU_Top_0/inst/u_my_ip/u_axi4_mapping/u_spu/u_vpu_stream8/GEN_ACCUM8[3].u_accum/contribution_full_r_reg__1 input SoC_i/VPU_Top_0/inst/u_my_ip/u_axi4_mapping/u_spu/u_vpu_stream8/GEN_ACCUM8[3].u_accum/contribution_full_r_reg__1/A[29:0] is not pipelined. Pipelining DSP48 input will improve performance.
Related violations: <none>

DPIP-2#47 Warning
Input pipelining  
DSP SoC_i/VPU_Top_0/inst/u_my_ip/u_axi4_mapping/u_spu/u_vpu_stream8/GEN_ACCUM8[3].u_accum/contribution_mul_w input SoC_i/VPU_Top_0/inst/u_my_ip/u_axi4_mapping/u_spu/u_vpu_stream8/GEN_ACCUM8[3].u_accum/contribution_mul_w/A[29:0] is not pipelined. Pipelining DSP48 input will improve performance.
Related violations: <none>

DPIP-2#48 Warning
Input pipelining  
DSP SoC_i/VPU_Top_0/inst/u_my_ip/u_axi4_mapping/u_spu/u_vpu_stream8/GEN_ACCUM8[3].u_accum/contribution_mul_w__0 input SoC_i/VPU_Top_0/inst/u_my_ip/u_axi4_mapping/u_spu/u_vpu_stream8/GEN_ACCUM8[3].u_accum/contribution_mul_w__0/B[17:0] is not pipelined. Pipelining DSP48 input will improve performance.
Related violations: <none>

DPIP-2#49 Warning
Input pipelining  
DSP SoC_i/VPU_Top_0/inst/u_my_ip/u_axi4_mapping/u_spu/u_vpu_stream8/GEN_ACCUM8[3].u_accum/contribution_mul_w__1 input SoC_i/VPU_Top_0/inst/u_my_ip/u_axi4_mapping/u_spu/u_vpu_stream8/GEN_ACCUM8[3].u_accum/contribution_mul_w__1/A[29:0] is not pipelined. Pipelining DSP48 input will improve performance.
Related violations: <none>

DPIP-2#50 Warning
Input pipelining  
DSP SoC_i/VPU_Top_0/inst/u_my_ip/u_axi4_mapping/u_spu/u_vpu_stream8/GEN_ACCUM8[3].u_accum/contribution_mul_w__2 input SoC_i/VPU_Top_0/inst/u_my_ip/u_axi4_mapping/u_spu/u_vpu_stream8/GEN_ACCUM8[3].u_accum/contribution_mul_w__2/B[17:0] is not pipelined. Pipelining DSP48 input will improve performance.
Related violations: <none>

DPIP-2#51 Warning
Input pipelining  
DSP SoC_i/VPU_Top_0/inst/u_my_ip/u_axi4_mapping/u_spu/u_vpu_stream8/GEN_ACCUM8[3].u_accum/contribution_mul_w__3 input SoC_i/VPU_Top_0/inst/u_my_ip/u_axi4_mapping/u_spu/u_vpu_stream8/GEN_ACCUM8[3].u_accum/contribution_mul_w__3/B[17:0] is not pipelined. Pipelining DSP48 input will improve performance.
Related violations: <none>

DPIP-2#52 Warning
Input pipelining  
DSP SoC_i/VPU_Top_0/inst/u_my_ip/u_axi4_mapping/u_spu/u_vpu_stream8/GEN_ACCUM8[4].u_accum/contribution_full_r_reg input SoC_i/VPU_Top_0/inst/u_my_ip/u_axi4_mapping/u_spu/u_vpu_stream8/GEN_ACCUM8[4].u_accum/contribution_full_r_reg/B[17:0] is not pipelined. Pipelining DSP48 input will improve performance.
Related violations: <none>

DPIP-2#53 Warning
Input pipelining  
DSP SoC_i/VPU_Top_0/inst/u_my_ip/u_axi4_mapping/u_spu/u_vpu_stream8/GEN_ACCUM8[4].u_accum/contribution_full_r_reg__0 input SoC_i/VPU_Top_0/inst/u_my_ip/u_axi4_mapping/u_spu/u_vpu_stream8/GEN_ACCUM8[4].u_accum/contribution_full_r_reg__0/B[17:0] is not pipelined. Pipelining DSP48 input will improve performance.
Related violations: <none>

DPIP-2#54 Warning
Input pipelining  
DSP SoC_i/VPU_Top_0/inst/u_my_ip/u_axi4_mapping/u_spu/u_vpu_stream8/GEN_ACCUM8[4].u_accum/contribution_full_r_reg__1 input SoC_i/VPU_Top_0/inst/u_my_ip/u_axi4_mapping/u_spu/u_vpu_stream8/GEN_ACCUM8[4].u_accum/contribution_full_r_reg__1/A[29:0] is not pipelined. Pipelining DSP48 input will improve performance.
Related violations: <none>

DPIP-2#55 Warning
Input pipelining  
DSP SoC_i/VPU_Top_0/inst/u_my_ip/u_axi4_mapping/u_spu/u_vpu_stream8/GEN_ACCUM8[4].u_accum/contribution_mul_w input SoC_i/VPU_Top_0/inst/u_my_ip/u_axi4_mapping/u_spu/u_vpu_stream8/GEN_ACCUM8[4].u_accum/contribution_mul_w/A[29:0] is not pipelined. Pipelining DSP48 input will improve performance.
Related violations: <none>

DPIP-2#56 Warning
Input pipelining  
DSP SoC_i/VPU_Top_0/inst/u_my_ip/u_axi4_mapping/u_spu/u_vpu_stream8/GEN_ACCUM8[4].u_accum/contribution_mul_w__0 input SoC_i/VPU_Top_0/inst/u_my_ip/u_axi4_mapping/u_spu/u_vpu_stream8/GEN_ACCUM8[4].u_accum/contribution_mul_w__0/B[17:0] is not pipelined. Pipelining DSP48 input will improve performance.
Related violations: <none>

DPIP-2#57 Warning
Input pipelining  
DSP SoC_i/VPU_Top_0/inst/u_my_ip/u_axi4_mapping/u_spu/u_vpu_stream8/GEN_ACCUM8[4].u_accum/contribution_mul_w__1 input SoC_i/VPU_Top_0/inst/u_my_ip/u_axi4_mapping/u_spu/u_vpu_stream8/GEN_ACCUM8[4].u_accum/contribution_mul_w__1/A[29:0] is not pipelined. Pipelining DSP48 input will improve performance.
Related violations: <none>

DPIP-2#58 Warning
Input pipelining  
DSP SoC_i/VPU_Top_0/inst/u_my_ip/u_axi4_mapping/u_spu/u_vpu_stream8/GEN_ACCUM8[4].u_accum/contribution_mul_w__2 input SoC_i/VPU_Top_0/inst/u_my_ip/u_axi4_mapping/u_spu/u_vpu_stream8/GEN_ACCUM8[4].u_accum/contribution_mul_w__2/B[17:0] is not pipelined. Pipelining DSP48 input will improve performance.
Related violations: <none>

DPIP-2#59 Warning
Input pipelining  
DSP SoC_i/VPU_Top_0/inst/u_my_ip/u_axi4_mapping/u_spu/u_vpu_stream8/GEN_ACCUM8[4].u_accum/contribution_mul_w__3 input SoC_i/VPU_Top_0/inst/u_my_ip/u_axi4_mapping/u_spu/u_vpu_stream8/GEN_ACCUM8[4].u_accum/contribution_mul_w__3/B[17:0] is not pipelined. Pipelining DSP48 input will improve performance.
Related violations: <none>

DPIP-2#60 Warning
Input pipelining  
DSP SoC_i/VPU_Top_0/inst/u_my_ip/u_axi4_mapping/u_spu/u_vpu_stream8/GEN_ACCUM8[5].u_accum/contribution_full_r_reg input SoC_i/VPU_Top_0/inst/u_my_ip/u_axi4_mapping/u_spu/u_vpu_stream8/GEN_ACCUM8[5].u_accum/contribution_full_r_reg/B[17:0] is not pipelined. Pipelining DSP48 input will improve performance.
Related violations: <none>

DPIP-2#61 Warning
Input pipelining  
DSP SoC_i/VPU_Top_0/inst/u_my_ip/u_axi4_mapping/u_spu/u_vpu_stream8/GEN_ACCUM8[5].u_accum/contribution_full_r_reg__0 input SoC_i/VPU_Top_0/inst/u_my_ip/u_axi4_mapping/u_spu/u_vpu_stream8/GEN_ACCUM8[5].u_accum/contribution_full_r_reg__0/B[17:0] is not pipelined. Pipelining DSP48 input will improve performance.
Related violations: <none>

DPIP-2#62 Warning
Input pipelining  
DSP SoC_i/VPU_Top_0/inst/u_my_ip/u_axi4_mapping/u_spu/u_vpu_stream8/GEN_ACCUM8[5].u_accum/contribution_full_r_reg__1 input SoC_i/VPU_Top_0/inst/u_my_ip/u_axi4_mapping/u_spu/u_vpu_stream8/GEN_ACCUM8[5].u_accum/contribution_full_r_reg__1/A[29:0] is not pipelined. Pipelining DSP48 input will improve performance.
Related violations: <none>

DPIP-2#63 Warning
Input pipelining  
DSP SoC_i/VPU_Top_0/inst/u_my_ip/u_axi4_mapping/u_spu/u_vpu_stream8/GEN_ACCUM8[5].u_accum/contribution_mul_w input SoC_i/VPU_Top_0/inst/u_my_ip/u_axi4_mapping/u_spu/u_vpu_stream8/GEN_ACCUM8[5].u_accum/contribution_mul_w/A[29:0] is not pipelined. Pipelining DSP48 input will improve performance.
Related violations: <none>

DPIP-2#64 Warning
Input pipelining  
DSP SoC_i/VPU_Top_0/inst/u_my_ip/u_axi4_mapping/u_spu/u_vpu_stream8/GEN_ACCUM8[5].u_accum/contribution_mul_w__0 input SoC_i/VPU_Top_0/inst/u_my_ip/u_axi4_mapping/u_spu/u_vpu_stream8/GEN_ACCUM8[5].u_accum/contribution_mul_w__0/B[17:0] is not pipelined. Pipelining DSP48 input will improve performance.
Related violations: <none>

DPIP-2#65 Warning
Input pipelining  
DSP SoC_i/VPU_Top_0/inst/u_my_ip/u_axi4_mapping/u_spu/u_vpu_stream8/GEN_ACCUM8[5].u_accum/contribution_mul_w__1 input SoC_i/VPU_Top_0/inst/u_my_ip/u_axi4_mapping/u_spu/u_vpu_stream8/GEN_ACCUM8[5].u_accum/contribution_mul_w__1/A[29:0] is not pipelined. Pipelining DSP48 input will improve performance.
Related violations: <none>

DPIP-2#66 Warning
Input pipelining  
DSP SoC_i/VPU_Top_0/inst/u_my_ip/u_axi4_mapping/u_spu/u_vpu_stream8/GEN_ACCUM8[5].u_accum/contribution_mul_w__2 input SoC_i/VPU_Top_0/inst/u_my_ip/u_axi4_mapping/u_spu/u_vpu_stream8/GEN_ACCUM8[5].u_accum/contribution_mul_w__2/B[17:0] is not pipelined. Pipelining DSP48 input will improve performance.
Related violations: <none>

DPIP-2#67 Warning
Input pipelining  
DSP SoC_i/VPU_Top_0/inst/u_my_ip/u_axi4_mapping/u_spu/u_vpu_stream8/GEN_ACCUM8[5].u_accum/contribution_mul_w__3 input SoC_i/VPU_Top_0/inst/u_my_ip/u_axi4_mapping/u_spu/u_vpu_stream8/GEN_ACCUM8[5].u_accum/contribution_mul_w__3/B[17:0] is not pipelined. Pipelining DSP48 input will improve performance.
Related violations: <none>

DPIP-2#68 Warning
Input pipelining  
DSP SoC_i/VPU_Top_0/inst/u_my_ip/u_axi4_mapping/u_spu/u_vpu_stream8/GEN_ACCUM8[6].u_accum/contribution_full_r_reg input SoC_i/VPU_Top_0/inst/u_my_ip/u_axi4_mapping/u_spu/u_vpu_stream8/GEN_ACCUM8[6].u_accum/contribution_full_r_reg/B[17:0] is not pipelined. Pipelining DSP48 input will improve performance.
Related violations: <none>

DPIP-2#69 Warning
Input pipelining  
DSP SoC_i/VPU_Top_0/inst/u_my_ip/u_axi4_mapping/u_spu/u_vpu_stream8/GEN_ACCUM8[6].u_accum/contribution_full_r_reg__0 input SoC_i/VPU_Top_0/inst/u_my_ip/u_axi4_mapping/u_spu/u_vpu_stream8/GEN_ACCUM8[6].u_accum/contribution_full_r_reg__0/B[17:0] is not pipelined. Pipelining DSP48 input will improve performance.
Related violations: <none>

DPIP-2#70 Warning
Input pipelining  
DSP SoC_i/VPU_Top_0/inst/u_my_ip/u_axi4_mapping/u_spu/u_vpu_stream8/GEN_ACCUM8[6].u_accum/contribution_full_r_reg__1 input SoC_i/VPU_Top_0/inst/u_my_ip/u_axi4_mapping/u_spu/u_vpu_stream8/GEN_ACCUM8[6].u_accum/contribution_full_r_reg__1/A[29:0] is not pipelined. Pipelining DSP48 input will improve performance.
Related violations: <none>

DPIP-2#71 Warning
Input pipelining  
DSP SoC_i/VPU_Top_0/inst/u_my_ip/u_axi4_mapping/u_spu/u_vpu_stream8/GEN_ACCUM8[6].u_accum/contribution_mul_w input SoC_i/VPU_Top_0/inst/u_my_ip/u_axi4_mapping/u_spu/u_vpu_stream8/GEN_ACCUM8[6].u_accum/contribution_mul_w/A[29:0] is not pipelined. Pipelining DSP48 input will improve performance.
Related violations: <none>

DPIP-2#72 Warning
Input pipelining  
DSP SoC_i/VPU_Top_0/inst/u_my_ip/u_axi4_mapping/u_spu/u_vpu_stream8/GEN_ACCUM8[6].u_accum/contribution_mul_w__0 input SoC_i/VPU_Top_0/inst/u_my_ip/u_axi4_mapping/u_spu/u_vpu_stream8/GEN_ACCUM8[6].u_accum/contribution_mul_w__0/B[17:0] is not pipelined. Pipelining DSP48 input will improve performance.
Related violations: <none>

DPIP-2#73 Warning
Input pipelining  
DSP SoC_i/VPU_Top_0/inst/u_my_ip/u_axi4_mapping/u_spu/u_vpu_stream8/GEN_ACCUM8[6].u_accum/contribution_mul_w__1 input SoC_i/VPU_Top_0/inst/u_my_ip/u_axi4_mapping/u_spu/u_vpu_stream8/GEN_ACCUM8[6].u_accum/contribution_mul_w__1/A[29:0] is not pipelined. Pipelining DSP48 input will improve performance.
Related violations: <none>

DPIP-2#74 Warning
Input pipelining  
DSP SoC_i/VPU_Top_0/inst/u_my_ip/u_axi4_mapping/u_spu/u_vpu_stream8/GEN_ACCUM8[6].u_accum/contribution_mul_w__2 input SoC_i/VPU_Top_0/inst/u_my_ip/u_axi4_mapping/u_spu/u_vpu_stream8/GEN_ACCUM8[6].u_accum/contribution_mul_w__2/B[17:0] is not pipelined. Pipelining DSP48 input will improve performance.
Related violations: <none>

DPIP-2#75 Warning
Input pipelining  
DSP SoC_i/VPU_Top_0/inst/u_my_ip/u_axi4_mapping/u_spu/u_vpu_stream8/GEN_ACCUM8[6].u_accum/contribution_mul_w__3 input SoC_i/VPU_Top_0/inst/u_my_ip/u_axi4_mapping/u_spu/u_vpu_stream8/GEN_ACCUM8[6].u_accum/contribution_mul_w__3/B[17:0] is not pipelined. Pipelining DSP48 input will improve performance.
Related violations: <none>

DPIP-2#76 Warning
Input pipelining  
DSP SoC_i/VPU_Top_0/inst/u_my_ip/u_axi4_mapping/u_spu/u_vpu_stream8/GEN_ACCUM8[7].u_accum/contribution_full_r_reg input SoC_i/VPU_Top_0/inst/u_my_ip/u_axi4_mapping/u_spu/u_vpu_stream8/GEN_ACCUM8[7].u_accum/contribution_full_r_reg/B[17:0] is not pipelined. Pipelining DSP48 input will improve performance.
Related violations: <none>

DPIP-2#77 Warning
Input pipelining  
DSP SoC_i/VPU_Top_0/inst/u_my_ip/u_axi4_mapping/u_spu/u_vpu_stream8/GEN_ACCUM8[7].u_accum/contribution_full_r_reg__0 input SoC_i/VPU_Top_0/inst/u_my_ip/u_axi4_mapping/u_spu/u_vpu_stream8/GEN_ACCUM8[7].u_accum/contribution_full_r_reg__0/B[17:0] is not pipelined. Pipelining DSP48 input will improve performance.
Related violations: <none>

DPIP-2#78 Warning
Input pipelining  
DSP SoC_i/VPU_Top_0/inst/u_my_ip/u_axi4_mapping/u_spu/u_vpu_stream8/GEN_ACCUM8[7].u_accum/contribution_full_r_reg__1 input SoC_i/VPU_Top_0/inst/u_my_ip/u_axi4_mapping/u_spu/u_vpu_stream8/GEN_ACCUM8[7].u_accum/contribution_full_r_reg__1/A[29:0] is not pipelined. Pipelining DSP48 input will improve performance.
Related violations: <none>

DPIP-2#79 Warning
Input pipelining  
DSP SoC_i/VPU_Top_0/inst/u_my_ip/u_axi4_mapping/u_spu/u_vpu_stream8/GEN_ACCUM8[7].u_accum/contribution_mul_w input SoC_i/VPU_Top_0/inst/u_my_ip/u_axi4_mapping/u_spu/u_vpu_stream8/GEN_ACCUM8[7].u_accum/contribution_mul_w/A[29:0] is not pipelined. Pipelining DSP48 input will improve performance.
Related violations: <none>

DPIP-2#80 Warning
Input pipelining  
DSP SoC_i/VPU_Top_0/inst/u_my_ip/u_axi4_mapping/u_spu/u_vpu_stream8/GEN_ACCUM8[7].u_accum/contribution_mul_w__0 input SoC_i/VPU_Top_0/inst/u_my_ip/u_axi4_mapping/u_spu/u_vpu_stream8/GEN_ACCUM8[7].u_accum/contribution_mul_w__0/B[17:0] is not pipelined. Pipelining DSP48 input will improve performance.
Related violations: <none>

DPIP-2#81 Warning
Input pipelining  
DSP SoC_i/VPU_Top_0/inst/u_my_ip/u_axi4_mapping/u_spu/u_vpu_stream8/GEN_ACCUM8[7].u_accum/contribution_mul_w__1 input SoC_i/VPU_Top_0/inst/u_my_ip/u_axi4_mapping/u_spu/u_vpu_stream8/GEN_ACCUM8[7].u_accum/contribution_mul_w__1/A[29:0] is not pipelined. Pipelining DSP48 input will improve performance.
Related violations: <none>

DPIP-2#82 Warning
Input pipelining  
DSP SoC_i/VPU_Top_0/inst/u_my_ip/u_axi4_mapping/u_spu/u_vpu_stream8/GEN_ACCUM8[7].u_accum/contribution_mul_w__2 input SoC_i/VPU_Top_0/inst/u_my_ip/u_axi4_mapping/u_spu/u_vpu_stream8/GEN_ACCUM8[7].u_accum/contribution_mul_w__2/B[17:0] is not pipelined. Pipelining DSP48 input will improve performance.
Related violations: <none>

DPIP-2#83 Warning
Input pipelining  
DSP SoC_i/VPU_Top_0/inst/u_my_ip/u_axi4_mapping/u_spu/u_vpu_stream8/GEN_ACCUM8[7].u_accum/contribution_mul_w__3 input SoC_i/VPU_Top_0/inst/u_my_ip/u_axi4_mapping/u_spu/u_vpu_stream8/GEN_ACCUM8[7].u_accum/contribution_mul_w__3/B[17:0] is not pipelined. Pipelining DSP48 input will improve performance.
Related violations: <none>

DPOP-3#1 Warning
PREG Output pipelining  
DSP SoC_i/VPU_Top_0/inst/u_my_ip/u_axi4_mapping/u_gemv/u_pmau/deq_s2_mul0 output SoC_i/VPU_Top_0/inst/u_my_ip/u_axi4_mapping/u_gemv/u_pmau/deq_s2_mul0/P[47:0] is not pipelined (PREG=0). Pipelining the DSP48 output will improve performance and often saves power so it is suggested whenever possible to fully pipeline this function.  If this DSP48 function was inferred, it is suggested to describe an additional register stage after this function.  If the DSP48 was instantiated in the design, it is suggested to set the PREG attribute to 1.
Related violations: <none>

DPOP-3#2 Warning
PREG Output pipelining  
DSP SoC_i/VPU_Top_0/inst/u_my_ip/u_axi4_mapping/u_gemv/u_pmau_pair/deq_s2_mul0 output SoC_i/VPU_Top_0/inst/u_my_ip/u_axi4_mapping/u_gemv/u_pmau_pair/deq_s2_mul0/P[47:0] is not pipelined (PREG=0). Pipelining the DSP48 output will improve performance and often saves power so it is suggested whenever possible to fully pipeline this function.  If this DSP48 function was inferred, it is suggested to describe an additional register stage after this function.  If the DSP48 was instantiated in the design, it is suggested to set the PREG attribute to 1.
Related violations: <none>

DPOP-3#3 Warning
PREG Output pipelining  
DSP SoC_i/VPU_Top_0/inst/u_my_ip/u_axi4_mapping/u_gemv/u_pmau_quad2/deq_s2_mul0 output SoC_i/VPU_Top_0/inst/u_my_ip/u_axi4_mapping/u_gemv/u_pmau_quad2/deq_s2_mul0/P[47:0] is not pipelined (PREG=0). Pipelining the DSP48 output will improve performance and often saves power so it is suggested whenever possible to fully pipeline this function.  If this DSP48 function was inferred, it is suggested to describe an additional register stage after this function.  If the DSP48 was instantiated in the design, it is suggested to set the PREG attribute to 1.
Related violations: <none>

DPOP-3#4 Warning
PREG Output pipelining  
DSP SoC_i/VPU_Top_0/inst/u_my_ip/u_axi4_mapping/u_gemv/u_pmau_quad3/deq_s2_mul0 output SoC_i/VPU_Top_0/inst/u_my_ip/u_axi4_mapping/u_gemv/u_pmau_quad3/deq_s2_mul0/P[47:0] is not pipelined (PREG=0). Pipelining the DSP48 output will improve performance and often saves power so it is suggested whenever possible to fully pipeline this function.  If this DSP48 function was inferred, it is suggested to describe an additional register stage after this function.  If the DSP48 was instantiated in the design, it is suggested to set the PREG attribute to 1.
Related violations: <none>

DPOP-3#5 Warning
PREG Output pipelining  
DSP SoC_i/VPU_Top_0/inst/u_my_ip/u_axi4_mapping/u_gemv/u_pmau_quad4/deq_s2_mul0 output SoC_i/VPU_Top_0/inst/u_my_ip/u_axi4_mapping/u_gemv/u_pmau_quad4/deq_s2_mul0/P[47:0] is not pipelined (PREG=0). Pipelining the DSP48 output will improve performance and often saves power so it is suggested whenever possible to fully pipeline this function.  If this DSP48 function was inferred, it is suggested to describe an additional register stage after this function.  If the DSP48 was instantiated in the design, it is suggested to set the PREG attribute to 1.
Related violations: <none>

DPOP-3#6 Warning
PREG Output pipelining  
DSP SoC_i/VPU_Top_0/inst/u_my_ip/u_axi4_mapping/u_gemv/u_pmau_quad5/deq_s2_mul0 output SoC_i/VPU_Top_0/inst/u_my_ip/u_axi4_mapping/u_gemv/u_pmau_quad5/deq_s2_mul0/P[47:0] is not pipelined (PREG=0). Pipelining the DSP48 output will improve performance and often saves power so it is suggested whenever possible to fully pipeline this function.  If this DSP48 function was inferred, it is suggested to describe an additional register stage after this function.  If the DSP48 was instantiated in the design, it is suggested to set the PREG attribute to 1.
Related violations: <none>

DPOP-3#7 Warning
PREG Output pipelining  
DSP SoC_i/VPU_Top_0/inst/u_my_ip/u_axi4_mapping/u_gemv/u_pmau_quad6/deq_s2_mul0 output SoC_i/VPU_Top_0/inst/u_my_ip/u_axi4_mapping/u_gemv/u_pmau_quad6/deq_s2_mul0/P[47:0] is not pipelined (PREG=0). Pipelining the DSP48 output will improve performance and often saves power so it is suggested whenever possible to fully pipeline this function.  If this DSP48 function was inferred, it is suggested to describe an additional register stage after this function.  If the DSP48 was instantiated in the design, it is suggested to set the PREG attribute to 1.
Related violations: <none>

DPOP-3#8 Warning
PREG Output pipelining  
DSP SoC_i/VPU_Top_0/inst/u_my_ip/u_axi4_mapping/u_gemv/u_pmau_quad7/deq_s2_mul0 output SoC_i/VPU_Top_0/inst/u_my_ip/u_axi4_mapping/u_gemv/u_pmau_quad7/deq_s2_mul0/P[47:0] is not pipelined (PREG=0). Pipelining the DSP48 output will improve performance and often saves power so it is suggested whenever possible to fully pipeline this function.  If this DSP48 function was inferred, it is suggested to describe an additional register stage after this function.  If the DSP48 was instantiated in the design, it is suggested to set the PREG attribute to 1.
Related violations: <none>

DPOP-3#9 Warning
PREG Output pipelining  
DSP SoC_i/VPU_Top_0/inst/u_my_ip/u_axi4_mapping/u_spu/u_spu_controller/u_q8_scale_accum/contribution_mul_w output SoC_i/VPU_Top_0/inst/u_my_ip/u_axi4_mapping/u_spu/u_spu_controller/u_q8_scale_accum/contribution_mul_w/P[47:0] is not pipelined (PREG=0). Pipelining the DSP48 output will improve performance and often saves power so it is suggested whenever possible to fully pipeline this function.  If this DSP48 function was inferred, it is suggested to describe an additional register stage after this function.  If the DSP48 was instantiated in the design, it is suggested to set the PREG attribute to 1.
Related violations: <none>

DPOP-3#10 Warning
PREG Output pipelining  
DSP SoC_i/VPU_Top_0/inst/u_my_ip/u_axi4_mapping/u_spu/u_spu_controller/u_q8_scale_accum/contribution_mul_w__1 output SoC_i/VPU_Top_0/inst/u_my_ip/u_axi4_mapping/u_spu/u_spu_controller/u_q8_scale_accum/contribution_mul_w__1/P[47:0] is not pipelined (PREG=0). Pipelining the DSP48 output will improve performance and often saves power so it is suggested whenever possible to fully pipeline this function.  If this DSP48 function was inferred, it is suggested to describe an additional register stage after this function.  If the DSP48 was instantiated in the design, it is suggested to set the PREG attribute to 1.
Related violations: <none>

DPOP-3#11 Warning
PREG Output pipelining  
DSP SoC_i/VPU_Top_0/inst/u_my_ip/u_axi4_mapping/u_spu/u_spu_controller/u_q8_scale_accum/contribution_mul_w__2 output SoC_i/VPU_Top_0/inst/u_my_ip/u_axi4_mapping/u_spu/u_spu_controller/u_q8_scale_accum/contribution_mul_w__2/P[47:0] is not pipelined (PREG=0). Pipelining the DSP48 output will improve performance and often saves power so it is suggested whenever possible to fully pipeline this function.  If this DSP48 function was inferred, it is suggested to describe an additional register stage after this function.  If the DSP48 was instantiated in the design, it is suggested to set the PREG attribute to 1.
Related violations: <none>

DPOP-3#12 Warning
PREG Output pipelining  
DSP SoC_i/VPU_Top_0/inst/u_my_ip/u_axi4_mapping/u_spu/u_spu_controller/u_q8_scale_accum/product_scale_hh_w output SoC_i/VPU_Top_0/inst/u_my_ip/u_axi4_mapping/u_spu/u_spu_controller/u_q8_scale_accum/product_scale_hh_w/P[47:0] is not pipelined (PREG=0). Pipelining the DSP48 output will improve performance and often saves power so it is suggested whenever possible to fully pipeline this function.  If this DSP48 function was inferred, it is suggested to describe an additional register stage after this function.  If the DSP48 was instantiated in the design, it is suggested to set the PREG attribute to 1.
Related violations: <none>

DPOP-3#13 Warning
PREG Output pipelining  
DSP SoC_i/VPU_Top_0/inst/u_my_ip/u_axi4_mapping/u_spu/u_spu_controller/u_q8_scale_accum/product_scale_hh_w__0 output SoC_i/VPU_Top_0/inst/u_my_ip/u_axi4_mapping/u_spu/u_spu_controller/u_q8_scale_accum/product_scale_hh_w__0/P[47:0] is not pipelined (PREG=0). Pipelining the DSP48 output will improve performance and often saves power so it is suggested whenever possible to fully pipeline this function.  If this DSP48 function was inferred, it is suggested to describe an additional register stage after this function.  If the DSP48 was instantiated in the design, it is suggested to set the PREG attribute to 1.
Related violations: <none>

DPOP-3#14 Warning
PREG Output pipelining  
DSP SoC_i/VPU_Top_0/inst/u_my_ip/u_axi4_mapping/u_spu/u_spu_controller/u_q8_scale_accum/product_scale_hl_w output SoC_i/VPU_Top_0/inst/u_my_ip/u_axi4_mapping/u_spu/u_spu_controller/u_q8_scale_accum/product_scale_hl_w/P[47:0] is not pipelined (PREG=0). Pipelining the DSP48 output will improve performance and often saves power so it is suggested whenever possible to fully pipeline this function.  If this DSP48 function was inferred, it is suggested to describe an additional register stage after this function.  If the DSP48 was instantiated in the design, it is suggested to set the PREG attribute to 1.
Related violations: <none>

DPOP-3#15 Warning
PREG Output pipelining  
DSP SoC_i/VPU_Top_0/inst/u_my_ip/u_axi4_mapping/u_spu/u_spu_controller/u_q8_scale_accum/product_scale_hl_w__0 output SoC_i/VPU_Top_0/inst/u_my_ip/u_axi4_mapping/u_spu/u_spu_controller/u_q8_scale_accum/product_scale_hl_w__0/P[47:0] is not pipelined (PREG=0). Pipelining the DSP48 output will improve performance and often saves power so it is suggested whenever possible to fully pipeline this function.  If this DSP48 function was inferred, it is suggested to describe an additional register stage after this function.  If the DSP48 was instantiated in the design, it is suggested to set the PREG attribute to 1.
Related violations: <none>

DPOP-3#16 Warning
PREG Output pipelining  
DSP SoC_i/VPU_Top_0/inst/u_my_ip/u_axi4_mapping/u_spu/u_spu_controller/u_q8_scale_accum/product_scale_lh_w output SoC_i/VPU_Top_0/inst/u_my_ip/u_axi4_mapping/u_spu/u_spu_controller/u_q8_scale_accum/product_scale_lh_w/P[47:0] is not pipelined (PREG=0). Pipelining the DSP48 output will improve performance and often saves power so it is suggested whenever possible to fully pipeline this function.  If this DSP48 function was inferred, it is suggested to describe an additional register stage after this function.  If the DSP48 was instantiated in the design, it is suggested to set the PREG attribute to 1.
Related violations: <none>

DPOP-3#17 Warning
PREG Output pipelining  
DSP SoC_i/VPU_Top_0/inst/u_my_ip/u_axi4_mapping/u_spu/u_spu_controller/u_q8_scale_accum/product_scale_lh_w__0 output SoC_i/VPU_Top_0/inst/u_my_ip/u_axi4_mapping/u_spu/u_spu_controller/u_q8_scale_accum/product_scale_lh_w__0/P[47:0] is not pipelined (PREG=0). Pipelining the DSP48 output will improve performance and often saves power so it is suggested whenever possible to fully pipeline this function.  If this DSP48 function was inferred, it is suggested to describe an additional register stage after this function.  If the DSP48 was instantiated in the design, it is suggested to set the PREG attribute to 1.
Related violations: <none>

DPOP-3#18 Warning
PREG Output pipelining  
DSP SoC_i/VPU_Top_0/inst/u_my_ip/u_axi4_mapping/u_spu/u_spu_controller/u_q8_scale_accum/product_scale_ll_w output SoC_i/VPU_Top_0/inst/u_my_ip/u_axi4_mapping/u_spu/u_spu_controller/u_q8_scale_accum/product_scale_ll_w/P[47:0] is not pipelined (PREG=0). Pipelining the DSP48 output will improve performance and often saves power so it is suggested whenever possible to fully pipeline this function.  If this DSP48 function was inferred, it is suggested to describe an additional register stage after this function.  If the DSP48 was instantiated in the design, it is suggested to set the PREG attribute to 1.
Related violations: <none>

DPOP-3#19 Warning
PREG Output pipelining  
DSP SoC_i/VPU_Top_0/inst/u_my_ip/u_axi4_mapping/u_spu/u_spu_controller/u_q8_scale_accum/product_scale_ll_w__0 output SoC_i/VPU_Top_0/inst/u_my_ip/u_axi4_mapping/u_spu/u_spu_controller/u_q8_scale_accum/product_scale_ll_w__0/P[47:0] is not pipelined (PREG=0). Pipelining the DSP48 output will improve performance and often saves power so it is suggested whenever possible to fully pipeline this function.  If this DSP48 function was inferred, it is suggested to describe an additional register stage after this function.  If the DSP48 was instantiated in the design, it is suggested to set the PREG attribute to 1.
Related violations: <none>

DPOP-3#20 Warning
PREG Output pipelining  
DSP SoC_i/VPU_Top_0/inst/u_my_ip/u_axi4_mapping/u_spu/u_spu_controller/u_rmsnorm/norm_product_w output SoC_i/VPU_Top_0/inst/u_my_ip/u_axi4_mapping/u_spu/u_spu_controller/u_rmsnorm/norm_product_w/P[47:0] is not pipelined (PREG=0). Pipelining the DSP48 output will improve performance and often saves power so it is suggested whenever possible to fully pipeline this function.  If this DSP48 function was inferred, it is suggested to describe an additional register stage after this function.  If the DSP48 was instantiated in the design, it is suggested to set the PREG attribute to 1.
Related violations: <none>

DPOP-3#21 Warning
PREG Output pipelining  
DSP SoC_i/VPU_Top_0/inst/u_my_ip/u_axi4_mapping/u_spu/u_spu_controller/u_rmsnorm/norm_product_w__0 output SoC_i/VPU_Top_0/inst/u_my_ip/u_axi4_mapping/u_spu/u_spu_controller/u_rmsnorm/norm_product_w__0/P[47:0] is not pipelined (PREG=0). Pipelining the DSP48 output will improve performance and often saves power so it is suggested whenever possible to fully pipeline this function.  If this DSP48 function was inferred, it is suggested to describe an additional register stage after this function.  If the DSP48 was instantiated in the design, it is suggested to set the PREG attribute to 1.
Related violations: <none>

DPOP-3#22 Warning
PREG Output pipelining  
DSP SoC_i/VPU_Top_0/inst/u_my_ip/u_axi4_mapping/u_spu/u_spu_controller/u_rope/value0 output SoC_i/VPU_Top_0/inst/u_my_ip/u_axi4_mapping/u_spu/u_spu_controller/u_rope/value0/P[47:0] is not pipelined (PREG=0). Pipelining the DSP48 output will improve performance and often saves power so it is suggested whenever possible to fully pipeline this function.  If this DSP48 function was inferred, it is suggested to describe an additional register stage after this function.  If the DSP48 was instantiated in the design, it is suggested to set the PREG attribute to 1.
Related violations: <none>

DPOP-3#23 Warning
PREG Output pipelining  
DSP SoC_i/VPU_Top_0/inst/u_my_ip/u_axi4_mapping/u_spu/u_spu_controller/u_rope/value0__0 output SoC_i/VPU_Top_0/inst/u_my_ip/u_axi4_mapping/u_spu/u_spu_controller/u_rope/value0__0/P[47:0] is not pipelined (PREG=0). Pipelining the DSP48 output will improve performance and often saves power so it is suggested whenever possible to fully pipeline this function.  If this DSP48 function was inferred, it is suggested to describe an additional register stage after this function.  If the DSP48 was instantiated in the design, it is suggested to set the PREG attribute to 1.
Related violations: <none>

DPOP-3#24 Warning
PREG Output pipelining  
DSP SoC_i/VPU_Top_0/inst/u_my_ip/u_axi4_mapping/u_spu/u_spu_controller/u_silu_mul/result_q8_r1 output SoC_i/VPU_Top_0/inst/u_my_ip/u_axi4_mapping/u_spu/u_spu_controller/u_silu_mul/result_q8_r1/P[47:0] is not pipelined (PREG=0). Pipelining the DSP48 output will improve performance and often saves power so it is suggested whenever possible to fully pipeline this function.  If this DSP48 function was inferred, it is suggested to describe an additional register stage after this function.  If the DSP48 was instantiated in the design, it is suggested to set the PREG attribute to 1.
Related violations: <none>

DPOP-3#25 Warning
PREG Output pipelining  
DSP SoC_i/VPU_Top_0/inst/u_my_ip/u_axi4_mapping/u_spu/u_spu_controller/u_silu_mul/result_q8_r1__0 output SoC_i/VPU_Top_0/inst/u_my_ip/u_axi4_mapping/u_spu/u_spu_controller/u_silu_mul/result_q8_r1__0/P[47:0] is not pipelined (PREG=0). Pipelining the DSP48 output will improve performance and often saves power so it is suggested whenever possible to fully pipeline this function.  If this DSP48 function was inferred, it is suggested to describe an additional register stage after this function.  If the DSP48 was instantiated in the design, it is suggested to set the PREG attribute to 1.
Related violations: <none>

DPOP-3#26 Warning
PREG Output pipelining  
DSP SoC_i/VPU_Top_0/inst/u_my_ip/u_axi4_mapping/u_spu/u_spu_controller/u_silu_mul/result_q8_r1__1 output SoC_i/VPU_Top_0/inst/u_my_ip/u_axi4_mapping/u_spu/u_spu_controller/u_silu_mul/result_q8_r1__1/P[47:0] is not pipelined (PREG=0). Pipelining the DSP48 output will improve performance and often saves power so it is suggested whenever possible to fully pipeline this function.  If this DSP48 function was inferred, it is suggested to describe an additional register stage after this function.  If the DSP48 was instantiated in the design, it is suggested to set the PREG attribute to 1.
Related violations: <none>

DPOP-3#27 Warning
PREG Output pipelining  
DSP SoC_i/VPU_Top_0/inst/u_my_ip/u_axi4_mapping/u_spu/u_spu_controller/u_silu_mul/silu_q8_r1 output SoC_i/VPU_Top_0/inst/u_my_ip/u_axi4_mapping/u_spu/u_spu_controller/u_silu_mul/silu_q8_r1/P[47:0] is not pipelined (PREG=0). Pipelining the DSP48 output will improve performance and often saves power so it is suggested whenever possible to fully pipeline this function.  If this DSP48 function was inferred, it is suggested to describe an additional register stage after this function.  If the DSP48 was instantiated in the design, it is suggested to set the PREG attribute to 1.
Related violations: <none>

DPOP-3#28 Warning
PREG Output pipelining  
DSP SoC_i/VPU_Top_0/inst/u_my_ip/u_axi4_mapping/u_spu/u_vpu_stream8/GEN_ACCUM8[0].u_accum/contribution_mul_w output SoC_i/VPU_Top_0/inst/u_my_ip/u_axi4_mapping/u_spu/u_vpu_stream8/GEN_ACCUM8[0].u_accum/contribution_mul_w/P[47:0] is not pipelined (PREG=0). Pipelining the DSP48 output will improve performance and often saves power so it is suggested whenever possible to fully pipeline this function.  If this DSP48 function was inferred, it is suggested to describe an additional register stage after this function.  If the DSP48 was instantiated in the design, it is suggested to set the PREG attribute to 1.
Related violations: <none>

DPOP-3#29 Warning
PREG Output pipelining  
DSP SoC_i/VPU_Top_0/inst/u_my_ip/u_axi4_mapping/u_spu/u_vpu_stream8/GEN_ACCUM8[0].u_accum/contribution_mul_w__1 output SoC_i/VPU_Top_0/inst/u_my_ip/u_axi4_mapping/u_spu/u_vpu_stream8/GEN_ACCUM8[0].u_accum/contribution_mul_w__1/P[47:0] is not pipelined (PREG=0). Pipelining the DSP48 output will improve performance and often saves power so it is suggested whenever possible to fully pipeline this function.  If this DSP48 function was inferred, it is suggested to describe an additional register stage after this function.  If the DSP48 was instantiated in the design, it is suggested to set the PREG attribute to 1.
Related violations: <none>

DPOP-3#30 Warning
PREG Output pipelining  
DSP SoC_i/VPU_Top_0/inst/u_my_ip/u_axi4_mapping/u_spu/u_vpu_stream8/GEN_ACCUM8[0].u_accum/contribution_mul_w__2 output SoC_i/VPU_Top_0/inst/u_my_ip/u_axi4_mapping/u_spu/u_vpu_stream8/GEN_ACCUM8[0].u_accum/contribution_mul_w__2/P[47:0] is not pipelined (PREG=0). Pipelining the DSP48 output will improve performance and often saves power so it is suggested whenever possible to fully pipeline this function.  If this DSP48 function was inferred, it is suggested to describe an additional register stage after this function.  If the DSP48 was instantiated in the design, it is suggested to set the PREG attribute to 1.
Related violations: <none>

DPOP-3#31 Warning
PREG Output pipelining  
DSP SoC_i/VPU_Top_0/inst/u_my_ip/u_axi4_mapping/u_spu/u_vpu_stream8/GEN_ACCUM8[0].u_accum/product_scale_hh_w output SoC_i/VPU_Top_0/inst/u_my_ip/u_axi4_mapping/u_spu/u_vpu_stream8/GEN_ACCUM8[0].u_accum/product_scale_hh_w/P[47:0] is not pipelined (PREG=0). Pipelining the DSP48 output will improve performance and often saves power so it is suggested whenever possible to fully pipeline this function.  If this DSP48 function was inferred, it is suggested to describe an additional register stage after this function.  If the DSP48 was instantiated in the design, it is suggested to set the PREG attribute to 1.
Related violations: <none>

DPOP-3#32 Warning
PREG Output pipelining  
DSP SoC_i/VPU_Top_0/inst/u_my_ip/u_axi4_mapping/u_spu/u_vpu_stream8/GEN_ACCUM8[0].u_accum/product_scale_hh_w__0 output SoC_i/VPU_Top_0/inst/u_my_ip/u_axi4_mapping/u_spu/u_vpu_stream8/GEN_ACCUM8[0].u_accum/product_scale_hh_w__0/P[47:0] is not pipelined (PREG=0). Pipelining the DSP48 output will improve performance and often saves power so it is suggested whenever possible to fully pipeline this function.  If this DSP48 function was inferred, it is suggested to describe an additional register stage after this function.  If the DSP48 was instantiated in the design, it is suggested to set the PREG attribute to 1.
Related violations: <none>

DPOP-3#33 Warning
PREG Output pipelining  
DSP SoC_i/VPU_Top_0/inst/u_my_ip/u_axi4_mapping/u_spu/u_vpu_stream8/GEN_ACCUM8[0].u_accum/product_scale_hl_w output SoC_i/VPU_Top_0/inst/u_my_ip/u_axi4_mapping/u_spu/u_vpu_stream8/GEN_ACCUM8[0].u_accum/product_scale_hl_w/P[47:0] is not pipelined (PREG=0). Pipelining the DSP48 output will improve performance and often saves power so it is suggested whenever possible to fully pipeline this function.  If this DSP48 function was inferred, it is suggested to describe an additional register stage after this function.  If the DSP48 was instantiated in the design, it is suggested to set the PREG attribute to 1.
Related violations: <none>

DPOP-3#34 Warning
PREG Output pipelining  
DSP SoC_i/VPU_Top_0/inst/u_my_ip/u_axi4_mapping/u_spu/u_vpu_stream8/GEN_ACCUM8[0].u_accum/product_scale_hl_w__0 output SoC_i/VPU_Top_0/inst/u_my_ip/u_axi4_mapping/u_spu/u_vpu_stream8/GEN_ACCUM8[0].u_accum/product_scale_hl_w__0/P[47:0] is not pipelined (PREG=0). Pipelining the DSP48 output will improve performance and often saves power so it is suggested whenever possible to fully pipeline this function.  If this DSP48 function was inferred, it is suggested to describe an additional register stage after this function.  If the DSP48 was instantiated in the design, it is suggested to set the PREG attribute to 1.
Related violations: <none>

DPOP-3#35 Warning
PREG Output pipelining  
DSP SoC_i/VPU_Top_0/inst/u_my_ip/u_axi4_mapping/u_spu/u_vpu_stream8/GEN_ACCUM8[0].u_accum/product_scale_lh_w output SoC_i/VPU_Top_0/inst/u_my_ip/u_axi4_mapping/u_spu/u_vpu_stream8/GEN_ACCUM8[0].u_accum/product_scale_lh_w/P[47:0] is not pipelined (PREG=0). Pipelining the DSP48 output will improve performance and often saves power so it is suggested whenever possible to fully pipeline this function.  If this DSP48 function was inferred, it is suggested to describe an additional register stage after this function.  If the DSP48 was instantiated in the design, it is suggested to set the PREG attribute to 1.
Related violations: <none>

DPOP-3#36 Warning
PREG Output pipelining  
DSP SoC_i/VPU_Top_0/inst/u_my_ip/u_axi4_mapping/u_spu/u_vpu_stream8/GEN_ACCUM8[0].u_accum/product_scale_lh_w__0 output SoC_i/VPU_Top_0/inst/u_my_ip/u_axi4_mapping/u_spu/u_vpu_stream8/GEN_ACCUM8[0].u_accum/product_scale_lh_w__0/P[47:0] is not pipelined (PREG=0). Pipelining the DSP48 output will improve performance and often saves power so it is suggested whenever possible to fully pipeline this function.  If this DSP48 function was inferred, it is suggested to describe an additional register stage after this function.  If the DSP48 was instantiated in the design, it is suggested to set the PREG attribute to 1.
Related violations: <none>

DPOP-3#37 Warning
PREG Output pipelining  
DSP SoC_i/VPU_Top_0/inst/u_my_ip/u_axi4_mapping/u_spu/u_vpu_stream8/GEN_ACCUM8[0].u_accum/product_scale_ll_w output SoC_i/VPU_Top_0/inst/u_my_ip/u_axi4_mapping/u_spu/u_vpu_stream8/GEN_ACCUM8[0].u_accum/product_scale_ll_w/P[47:0] is not pipelined (PREG=0). Pipelining the DSP48 output will improve performance and often saves power so it is suggested whenever possible to fully pipeline this function.  If this DSP48 function was inferred, it is suggested to describe an additional register stage after this function.  If the DSP48 was instantiated in the design, it is suggested to set the PREG attribute to 1.
Related violations: <none>

DPOP-3#38 Warning
PREG Output pipelining  
DSP SoC_i/VPU_Top_0/inst/u_my_ip/u_axi4_mapping/u_spu/u_vpu_stream8/GEN_ACCUM8[0].u_accum/product_scale_ll_w__0 output SoC_i/VPU_Top_0/inst/u_my_ip/u_axi4_mapping/u_spu/u_vpu_stream8/GEN_ACCUM8[0].u_accum/product_scale_ll_w__0/P[47:0] is not pipelined (PREG=0). Pipelining the DSP48 output will improve performance and often saves power so it is suggested whenever possible to fully pipeline this function.  If this DSP48 function was inferred, it is suggested to describe an additional register stage after this function.  If the DSP48 was instantiated in the design, it is suggested to set the PREG attribute to 1.
Related violations: <none>

DPOP-3#39 Warning
PREG Output pipelining  
DSP SoC_i/VPU_Top_0/inst/u_my_ip/u_axi4_mapping/u_spu/u_vpu_stream8/GEN_ACCUM8[1].u_accum/contribution_mul_w output SoC_i/VPU_Top_0/inst/u_my_ip/u_axi4_mapping/u_spu/u_vpu_stream8/GEN_ACCUM8[1].u_accum/contribution_mul_w/P[47:0] is not pipelined (PREG=0). Pipelining the DSP48 output will improve performance and often saves power so it is suggested whenever possible to fully pipeline this function.  If this DSP48 function was inferred, it is suggested to describe an additional register stage after this function.  If the DSP48 was instantiated in the design, it is suggested to set the PREG attribute to 1.
Related violations: <none>

DPOP-3#40 Warning
PREG Output pipelining  
DSP SoC_i/VPU_Top_0/inst/u_my_ip/u_axi4_mapping/u_spu/u_vpu_stream8/GEN_ACCUM8[1].u_accum/contribution_mul_w__1 output SoC_i/VPU_Top_0/inst/u_my_ip/u_axi4_mapping/u_spu/u_vpu_stream8/GEN_ACCUM8[1].u_accum/contribution_mul_w__1/P[47:0] is not pipelined (PREG=0). Pipelining the DSP48 output will improve performance and often saves power so it is suggested whenever possible to fully pipeline this function.  If this DSP48 function was inferred, it is suggested to describe an additional register stage after this function.  If the DSP48 was instantiated in the design, it is suggested to set the PREG attribute to 1.
Related violations: <none>

DPOP-3#41 Warning
PREG Output pipelining  
DSP SoC_i/VPU_Top_0/inst/u_my_ip/u_axi4_mapping/u_spu/u_vpu_stream8/GEN_ACCUM8[1].u_accum/contribution_mul_w__2 output SoC_i/VPU_Top_0/inst/u_my_ip/u_axi4_mapping/u_spu/u_vpu_stream8/GEN_ACCUM8[1].u_accum/contribution_mul_w__2/P[47:0] is not pipelined (PREG=0). Pipelining the DSP48 output will improve performance and often saves power so it is suggested whenever possible to fully pipeline this function.  If this DSP48 function was inferred, it is suggested to describe an additional register stage after this function.  If the DSP48 was instantiated in the design, it is suggested to set the PREG attribute to 1.
Related violations: <none>

DPOP-3#42 Warning
PREG Output pipelining  
DSP SoC_i/VPU_Top_0/inst/u_my_ip/u_axi4_mapping/u_spu/u_vpu_stream8/GEN_ACCUM8[1].u_accum/product_scale_hh_w output SoC_i/VPU_Top_0/inst/u_my_ip/u_axi4_mapping/u_spu/u_vpu_stream8/GEN_ACCUM8[1].u_accum/product_scale_hh_w/P[47:0] is not pipelined (PREG=0). Pipelining the DSP48 output will improve performance and often saves power so it is suggested whenever possible to fully pipeline this function.  If this DSP48 function was inferred, it is suggested to describe an additional register stage after this function.  If the DSP48 was instantiated in the design, it is suggested to set the PREG attribute to 1.
Related violations: <none>

DPOP-3#43 Warning
PREG Output pipelining  
DSP SoC_i/VPU_Top_0/inst/u_my_ip/u_axi4_mapping/u_spu/u_vpu_stream8/GEN_ACCUM8[1].u_accum/product_scale_hh_w__0 output SoC_i/VPU_Top_0/inst/u_my_ip/u_axi4_mapping/u_spu/u_vpu_stream8/GEN_ACCUM8[1].u_accum/product_scale_hh_w__0/P[47:0] is not pipelined (PREG=0). Pipelining the DSP48 output will improve performance and often saves power so it is suggested whenever possible to fully pipeline this function.  If this DSP48 function was inferred, it is suggested to describe an additional register stage after this function.  If the DSP48 was instantiated in the design, it is suggested to set the PREG attribute to 1.
Related violations: <none>

DPOP-3#44 Warning
PREG Output pipelining  
DSP SoC_i/VPU_Top_0/inst/u_my_ip/u_axi4_mapping/u_spu/u_vpu_stream8/GEN_ACCUM8[1].u_accum/product_scale_hl_w output SoC_i/VPU_Top_0/inst/u_my_ip/u_axi4_mapping/u_spu/u_vpu_stream8/GEN_ACCUM8[1].u_accum/product_scale_hl_w/P[47:0] is not pipelined (PREG=0). Pipelining the DSP48 output will improve performance and often saves power so it is suggested whenever possible to fully pipeline this function.  If this DSP48 function was inferred, it is suggested to describe an additional register stage after this function.  If the DSP48 was instantiated in the design, it is suggested to set the PREG attribute to 1.
Related violations: <none>

DPOP-3#45 Warning
PREG Output pipelining  
DSP SoC_i/VPU_Top_0/inst/u_my_ip/u_axi4_mapping/u_spu/u_vpu_stream8/GEN_ACCUM8[1].u_accum/product_scale_hl_w__0 output SoC_i/VPU_Top_0/inst/u_my_ip/u_axi4_mapping/u_spu/u_vpu_stream8/GEN_ACCUM8[1].u_accum/product_scale_hl_w__0/P[47:0] is not pipelined (PREG=0). Pipelining the DSP48 output will improve performance and often saves power so it is suggested whenever possible to fully pipeline this function.  If this DSP48 function was inferred, it is suggested to describe an additional register stage after this function.  If the DSP48 was instantiated in the design, it is suggested to set the PREG attribute to 1.
Related violations: <none>

DPOP-3#46 Warning
PREG Output pipelining  
DSP SoC_i/VPU_Top_0/inst/u_my_ip/u_axi4_mapping/u_spu/u_vpu_stream8/GEN_ACCUM8[1].u_accum/product_scale_lh_w output SoC_i/VPU_Top_0/inst/u_my_ip/u_axi4_mapping/u_spu/u_vpu_stream8/GEN_ACCUM8[1].u_accum/product_scale_lh_w/P[47:0] is not pipelined (PREG=0). Pipelining the DSP48 output will improve performance and often saves power so it is suggested whenever possible to fully pipeline this function.  If this DSP48 function was inferred, it is suggested to describe an additional register stage after this function.  If the DSP48 was instantiated in the design, it is suggested to set the PREG attribute to 1.
Related violations: <none>

DPOP-3#47 Warning
PREG Output pipelining  
DSP SoC_i/VPU_Top_0/inst/u_my_ip/u_axi4_mapping/u_spu/u_vpu_stream8/GEN_ACCUM8[1].u_accum/product_scale_lh_w__0 output SoC_i/VPU_Top_0/inst/u_my_ip/u_axi4_mapping/u_spu/u_vpu_stream8/GEN_ACCUM8[1].u_accum/product_scale_lh_w__0/P[47:0] is not pipelined (PREG=0). Pipelining the DSP48 output will improve performance and often saves power so it is suggested whenever possible to fully pipeline this function.  If this DSP48 function was inferred, it is suggested to describe an additional register stage after this function.  If the DSP48 was instantiated in the design, it is suggested to set the PREG attribute to 1.
Related violations: <none>

DPOP-3#48 Warning
PREG Output pipelining  
DSP SoC_i/VPU_Top_0/inst/u_my_ip/u_axi4_mapping/u_spu/u_vpu_stream8/GEN_ACCUM8[1].u_accum/product_scale_ll_w output SoC_i/VPU_Top_0/inst/u_my_ip/u_axi4_mapping/u_spu/u_vpu_stream8/GEN_ACCUM8[1].u_accum/product_scale_ll_w/P[47:0] is not pipelined (PREG=0). Pipelining the DSP48 output will improve performance and often saves power so it is suggested whenever possible to fully pipeline this function.  If this DSP48 function was inferred, it is suggested to describe an additional register stage after this function.  If the DSP48 was instantiated in the design, it is suggested to set the PREG attribute to 1.
Related violations: <none>

DPOP-3#49 Warning
PREG Output pipelining  
DSP SoC_i/VPU_Top_0/inst/u_my_ip/u_axi4_mapping/u_spu/u_vpu_stream8/GEN_ACCUM8[1].u_accum/product_scale_ll_w__0 output SoC_i/VPU_Top_0/inst/u_my_ip/u_axi4_mapping/u_spu/u_vpu_stream8/GEN_ACCUM8[1].u_accum/product_scale_ll_w__0/P[47:0] is not pipelined (PREG=0). Pipelining the DSP48 output will improve performance and often saves power so it is suggested whenever possible to fully pipeline this function.  If this DSP48 function was inferred, it is suggested to describe an additional register stage after this function.  If the DSP48 was instantiated in the design, it is suggested to set the PREG attribute to 1.
Related violations: <none>

DPOP-3#50 Warning
PREG Output pipelining  
DSP SoC_i/VPU_Top_0/inst/u_my_ip/u_axi4_mapping/u_spu/u_vpu_stream8/GEN_ACCUM8[2].u_accum/contribution_mul_w output SoC_i/VPU_Top_0/inst/u_my_ip/u_axi4_mapping/u_spu/u_vpu_stream8/GEN_ACCUM8[2].u_accum/contribution_mul_w/P[47:0] is not pipelined (PREG=0). Pipelining the DSP48 output will improve performance and often saves power so it is suggested whenever possible to fully pipeline this function.  If this DSP48 function was inferred, it is suggested to describe an additional register stage after this function.  If the DSP48 was instantiated in the design, it is suggested to set the PREG attribute to 1.
Related violations: <none>

DPOP-3#51 Warning
PREG Output pipelining  
DSP SoC_i/VPU_Top_0/inst/u_my_ip/u_axi4_mapping/u_spu/u_vpu_stream8/GEN_ACCUM8[2].u_accum/contribution_mul_w__1 output SoC_i/VPU_Top_0/inst/u_my_ip/u_axi4_mapping/u_spu/u_vpu_stream8/GEN_ACCUM8[2].u_accum/contribution_mul_w__1/P[47:0] is not pipelined (PREG=0). Pipelining the DSP48 output will improve performance and often saves power so it is suggested whenever possible to fully pipeline this function.  If this DSP48 function was inferred, it is suggested to describe an additional register stage after this function.  If the DSP48 was instantiated in the design, it is suggested to set the PREG attribute to 1.
Related violations: <none>

DPOP-3#52 Warning
PREG Output pipelining  
DSP SoC_i/VPU_Top_0/inst/u_my_ip/u_axi4_mapping/u_spu/u_vpu_stream8/GEN_ACCUM8[2].u_accum/contribution_mul_w__2 output SoC_i/VPU_Top_0/inst/u_my_ip/u_axi4_mapping/u_spu/u_vpu_stream8/GEN_ACCUM8[2].u_accum/contribution_mul_w__2/P[47:0] is not pipelined (PREG=0). Pipelining the DSP48 output will improve performance and often saves power so it is suggested whenever possible to fully pipeline this function.  If this DSP48 function was inferred, it is suggested to describe an additional register stage after this function.  If the DSP48 was instantiated in the design, it is suggested to set the PREG attribute to 1.
Related violations: <none>

DPOP-3#53 Warning
PREG Output pipelining  
DSP SoC_i/VPU_Top_0/inst/u_my_ip/u_axi4_mapping/u_spu/u_vpu_stream8/GEN_ACCUM8[2].u_accum/product_scale_hh_w output SoC_i/VPU_Top_0/inst/u_my_ip/u_axi4_mapping/u_spu/u_vpu_stream8/GEN_ACCUM8[2].u_accum/product_scale_hh_w/P[47:0] is not pipelined (PREG=0). Pipelining the DSP48 output will improve performance and often saves power so it is suggested whenever possible to fully pipeline this function.  If this DSP48 function was inferred, it is suggested to describe an additional register stage after this function.  If the DSP48 was instantiated in the design, it is suggested to set the PREG attribute to 1.
Related violations: <none>

DPOP-3#54 Warning
PREG Output pipelining  
DSP SoC_i/VPU_Top_0/inst/u_my_ip/u_axi4_mapping/u_spu/u_vpu_stream8/GEN_ACCUM8[2].u_accum/product_scale_hh_w__0 output SoC_i/VPU_Top_0/inst/u_my_ip/u_axi4_mapping/u_spu/u_vpu_stream8/GEN_ACCUM8[2].u_accum/product_scale_hh_w__0/P[47:0] is not pipelined (PREG=0). Pipelining the DSP48 output will improve performance and often saves power so it is suggested whenever possible to fully pipeline this function.  If this DSP48 function was inferred, it is suggested to describe an additional register stage after this function.  If the DSP48 was instantiated in the design, it is suggested to set the PREG attribute to 1.
Related violations: <none>

DPOP-3#55 Warning
PREG Output pipelining  
DSP SoC_i/VPU_Top_0/inst/u_my_ip/u_axi4_mapping/u_spu/u_vpu_stream8/GEN_ACCUM8[2].u_accum/product_scale_hl_w output SoC_i/VPU_Top_0/inst/u_my_ip/u_axi4_mapping/u_spu/u_vpu_stream8/GEN_ACCUM8[2].u_accum/product_scale_hl_w/P[47:0] is not pipelined (PREG=0). Pipelining the DSP48 output will improve performance and often saves power so it is suggested whenever possible to fully pipeline this function.  If this DSP48 function was inferred, it is suggested to describe an additional register stage after this function.  If the DSP48 was instantiated in the design, it is suggested to set the PREG attribute to 1.
Related violations: <none>

DPOP-3#56 Warning
PREG Output pipelining  
DSP SoC_i/VPU_Top_0/inst/u_my_ip/u_axi4_mapping/u_spu/u_vpu_stream8/GEN_ACCUM8[2].u_accum/product_scale_hl_w__0 output SoC_i/VPU_Top_0/inst/u_my_ip/u_axi4_mapping/u_spu/u_vpu_stream8/GEN_ACCUM8[2].u_accum/product_scale_hl_w__0/P[47:0] is not pipelined (PREG=0). Pipelining the DSP48 output will improve performance and often saves power so it is suggested whenever possible to fully pipeline this function.  If this DSP48 function was inferred, it is suggested to describe an additional register stage after this function.  If the DSP48 was instantiated in the design, it is suggested to set the PREG attribute to 1.
Related violations: <none>

DPOP-3#57 Warning
PREG Output pipelining  
DSP SoC_i/VPU_Top_0/inst/u_my_ip/u_axi4_mapping/u_spu/u_vpu_stream8/GEN_ACCUM8[2].u_accum/product_scale_lh_w output SoC_i/VPU_Top_0/inst/u_my_ip/u_axi4_mapping/u_spu/u_vpu_stream8/GEN_ACCUM8[2].u_accum/product_scale_lh_w/P[47:0] is not pipelined (PREG=0). Pipelining the DSP48 output will improve performance and often saves power so it is suggested whenever possible to fully pipeline this function.  If this DSP48 function was inferred, it is suggested to describe an additional register stage after this function.  If the DSP48 was instantiated in the design, it is suggested to set the PREG attribute to 1.
Related violations: <none>

DPOP-3#58 Warning
PREG Output pipelining  
DSP SoC_i/VPU_Top_0/inst/u_my_ip/u_axi4_mapping/u_spu/u_vpu_stream8/GEN_ACCUM8[2].u_accum/product_scale_lh_w__0 output SoC_i/VPU_Top_0/inst/u_my_ip/u_axi4_mapping/u_spu/u_vpu_stream8/GEN_ACCUM8[2].u_accum/product_scale_lh_w__0/P[47:0] is not pipelined (PREG=0). Pipelining the DSP48 output will improve performance and often saves power so it is suggested whenever possible to fully pipeline this function.  If this DSP48 function was inferred, it is suggested to describe an additional register stage after this function.  If the DSP48 was instantiated in the design, it is suggested to set the PREG attribute to 1.
Related violations: <none>

DPOP-3#59 Warning
PREG Output pipelining  
DSP SoC_i/VPU_Top_0/inst/u_my_ip/u_axi4_mapping/u_spu/u_vpu_stream8/GEN_ACCUM8[2].u_accum/product_scale_ll_w output SoC_i/VPU_Top_0/inst/u_my_ip/u_axi4_mapping/u_spu/u_vpu_stream8/GEN_ACCUM8[2].u_accum/product_scale_ll_w/P[47:0] is not pipelined (PREG=0). Pipelining the DSP48 output will improve performance and often saves power so it is suggested whenever possible to fully pipeline this function.  If this DSP48 function was inferred, it is suggested to describe an additional register stage after this function.  If the DSP48 was instantiated in the design, it is suggested to set the PREG attribute to 1.
Related violations: <none>

DPOP-3#60 Warning
PREG Output pipelining  
DSP SoC_i/VPU_Top_0/inst/u_my_ip/u_axi4_mapping/u_spu/u_vpu_stream8/GEN_ACCUM8[2].u_accum/product_scale_ll_w__0 output SoC_i/VPU_Top_0/inst/u_my_ip/u_axi4_mapping/u_spu/u_vpu_stream8/GEN_ACCUM8[2].u_accum/product_scale_ll_w__0/P[47:0] is not pipelined (PREG=0). Pipelining the DSP48 output will improve performance and often saves power so it is suggested whenever possible to fully pipeline this function.  If this DSP48 function was inferred, it is suggested to describe an additional register stage after this function.  If the DSP48 was instantiated in the design, it is suggested to set the PREG attribute to 1.
Related violations: <none>

DPOP-3#61 Warning
PREG Output pipelining  
DSP SoC_i/VPU_Top_0/inst/u_my_ip/u_axi4_mapping/u_spu/u_vpu_stream8/GEN_ACCUM8[3].u_accum/contribution_mul_w output SoC_i/VPU_Top_0/inst/u_my_ip/u_axi4_mapping/u_spu/u_vpu_stream8/GEN_ACCUM8[3].u_accum/contribution_mul_w/P[47:0] is not pipelined (PREG=0). Pipelining the DSP48 output will improve performance and often saves power so it is suggested whenever possible to fully pipeline this function.  If this DSP48 function was inferred, it is suggested to describe an additional register stage after this function.  If the DSP48 was instantiated in the design, it is suggested to set the PREG attribute to 1.
Related violations: <none>

DPOP-3#62 Warning
PREG Output pipelining  
DSP SoC_i/VPU_Top_0/inst/u_my_ip/u_axi4_mapping/u_spu/u_vpu_stream8/GEN_ACCUM8[3].u_accum/contribution_mul_w__1 output SoC_i/VPU_Top_0/inst/u_my_ip/u_axi4_mapping/u_spu/u_vpu_stream8/GEN_ACCUM8[3].u_accum/contribution_mul_w__1/P[47:0] is not pipelined (PREG=0). Pipelining the DSP48 output will improve performance and often saves power so it is suggested whenever possible to fully pipeline this function.  If this DSP48 function was inferred, it is suggested to describe an additional register stage after this function.  If the DSP48 was instantiated in the design, it is suggested to set the PREG attribute to 1.
Related violations: <none>

DPOP-3#63 Warning
PREG Output pipelining  
DSP SoC_i/VPU_Top_0/inst/u_my_ip/u_axi4_mapping/u_spu/u_vpu_stream8/GEN_ACCUM8[3].u_accum/contribution_mul_w__2 output SoC_i/VPU_Top_0/inst/u_my_ip/u_axi4_mapping/u_spu/u_vpu_stream8/GEN_ACCUM8[3].u_accum/contribution_mul_w__2/P[47:0] is not pipelined (PREG=0). Pipelining the DSP48 output will improve performance and often saves power so it is suggested whenever possible to fully pipeline this function.  If this DSP48 function was inferred, it is suggested to describe an additional register stage after this function.  If the DSP48 was instantiated in the design, it is suggested to set the PREG attribute to 1.
Related violations: <none>

DPOP-3#64 Warning
PREG Output pipelining  
DSP SoC_i/VPU_Top_0/inst/u_my_ip/u_axi4_mapping/u_spu/u_vpu_stream8/GEN_ACCUM8[3].u_accum/product_scale_hh_w output SoC_i/VPU_Top_0/inst/u_my_ip/u_axi4_mapping/u_spu/u_vpu_stream8/GEN_ACCUM8[3].u_accum/product_scale_hh_w/P[47:0] is not pipelined (PREG=0). Pipelining the DSP48 output will improve performance and often saves power so it is suggested whenever possible to fully pipeline this function.  If this DSP48 function was inferred, it is suggested to describe an additional register stage after this function.  If the DSP48 was instantiated in the design, it is suggested to set the PREG attribute to 1.
Related violations: <none>

DPOP-3#65 Warning
PREG Output pipelining  
DSP SoC_i/VPU_Top_0/inst/u_my_ip/u_axi4_mapping/u_spu/u_vpu_stream8/GEN_ACCUM8[3].u_accum/product_scale_hh_w__0 output SoC_i/VPU_Top_0/inst/u_my_ip/u_axi4_mapping/u_spu/u_vpu_stream8/GEN_ACCUM8[3].u_accum/product_scale_hh_w__0/P[47:0] is not pipelined (PREG=0). Pipelining the DSP48 output will improve performance and often saves power so it is suggested whenever possible to fully pipeline this function.  If this DSP48 function was inferred, it is suggested to describe an additional register stage after this function.  If the DSP48 was instantiated in the design, it is suggested to set the PREG attribute to 1.
Related violations: <none>

DPOP-3#66 Warning
PREG Output pipelining  
DSP SoC_i/VPU_Top_0/inst/u_my_ip/u_axi4_mapping/u_spu/u_vpu_stream8/GEN_ACCUM8[3].u_accum/product_scale_hl_w output SoC_i/VPU_Top_0/inst/u_my_ip/u_axi4_mapping/u_spu/u_vpu_stream8/GEN_ACCUM8[3].u_accum/product_scale_hl_w/P[47:0] is not pipelined (PREG=0). Pipelining the DSP48 output will improve performance and often saves power so it is suggested whenever possible to fully pipeline this function.  If this DSP48 function was inferred, it is suggested to describe an additional register stage after this function.  If the DSP48 was instantiated in the design, it is suggested to set the PREG attribute to 1.
Related violations: <none>

DPOP-3#67 Warning
PREG Output pipelining  
DSP SoC_i/VPU_Top_0/inst/u_my_ip/u_axi4_mapping/u_spu/u_vpu_stream8/GEN_ACCUM8[3].u_accum/product_scale_hl_w__0 output SoC_i/VPU_Top_0/inst/u_my_ip/u_axi4_mapping/u_spu/u_vpu_stream8/GEN_ACCUM8[3].u_accum/product_scale_hl_w__0/P[47:0] is not pipelined (PREG=0). Pipelining the DSP48 output will improve performance and often saves power so it is suggested whenever possible to fully pipeline this function.  If this DSP48 function was inferred, it is suggested to describe an additional register stage after this function.  If the DSP48 was instantiated in the design, it is suggested to set the PREG attribute to 1.
Related violations: <none>

DPOP-3#68 Warning
PREG Output pipelining  
DSP SoC_i/VPU_Top_0/inst/u_my_ip/u_axi4_mapping/u_spu/u_vpu_stream8/GEN_ACCUM8[3].u_accum/product_scale_lh_w output SoC_i/VPU_Top_0/inst/u_my_ip/u_axi4_mapping/u_spu/u_vpu_stream8/GEN_ACCUM8[3].u_accum/product_scale_lh_w/P[47:0] is not pipelined (PREG=0). Pipelining the DSP48 output will improve performance and often saves power so it is suggested whenever possible to fully pipeline this function.  If this DSP48 function was inferred, it is suggested to describe an additional register stage after this function.  If the DSP48 was instantiated in the design, it is suggested to set the PREG attribute to 1.
Related violations: <none>

DPOP-3#69 Warning
PREG Output pipelining  
DSP SoC_i/VPU_Top_0/inst/u_my_ip/u_axi4_mapping/u_spu/u_vpu_stream8/GEN_ACCUM8[3].u_accum/product_scale_lh_w__0 output SoC_i/VPU_Top_0/inst/u_my_ip/u_axi4_mapping/u_spu/u_vpu_stream8/GEN_ACCUM8[3].u_accum/product_scale_lh_w__0/P[47:0] is not pipelined (PREG=0). Pipelining the DSP48 output will improve performance and often saves power so it is suggested whenever possible to fully pipeline this function.  If this DSP48 function was inferred, it is suggested to describe an additional register stage after this function.  If the DSP48 was instantiated in the design, it is suggested to set the PREG attribute to 1.
Related violations: <none>

DPOP-3#70 Warning
PREG Output pipelining  
DSP SoC_i/VPU_Top_0/inst/u_my_ip/u_axi4_mapping/u_spu/u_vpu_stream8/GEN_ACCUM8[3].u_accum/product_scale_ll_w output SoC_i/VPU_Top_0/inst/u_my_ip/u_axi4_mapping/u_spu/u_vpu_stream8/GEN_ACCUM8[3].u_accum/product_scale_ll_w/P[47:0] is not pipelined (PREG=0). Pipelining the DSP48 output will improve performance and often saves power so it is suggested whenever possible to fully pipeline this function.  If this DSP48 function was inferred, it is suggested to describe an additional register stage after this function.  If the DSP48 was instantiated in the design, it is suggested to set the PREG attribute to 1.
Related violations: <none>

DPOP-3#71 Warning
PREG Output pipelining  
DSP SoC_i/VPU_Top_0/inst/u_my_ip/u_axi4_mapping/u_spu/u_vpu_stream8/GEN_ACCUM8[3].u_accum/product_scale_ll_w__0 output SoC_i/VPU_Top_0/inst/u_my_ip/u_axi4_mapping/u_spu/u_vpu_stream8/GEN_ACCUM8[3].u_accum/product_scale_ll_w__0/P[47:0] is not pipelined (PREG=0). Pipelining the DSP48 output will improve performance and often saves power so it is suggested whenever possible to fully pipeline this function.  If this DSP48 function was inferred, it is suggested to describe an additional register stage after this function.  If the DSP48 was instantiated in the design, it is suggested to set the PREG attribute to 1.
Related violations: <none>

DPOP-3#72 Warning
PREG Output pipelining  
DSP SoC_i/VPU_Top_0/inst/u_my_ip/u_axi4_mapping/u_spu/u_vpu_stream8/GEN_ACCUM8[4].u_accum/contribution_mul_w output SoC_i/VPU_Top_0/inst/u_my_ip/u_axi4_mapping/u_spu/u_vpu_stream8/GEN_ACCUM8[4].u_accum/contribution_mul_w/P[47:0] is not pipelined (PREG=0). Pipelining the DSP48 output will improve performance and often saves power so it is suggested whenever possible to fully pipeline this function.  If this DSP48 function was inferred, it is suggested to describe an additional register stage after this function.  If the DSP48 was instantiated in the design, it is suggested to set the PREG attribute to 1.
Related violations: <none>

DPOP-3#73 Warning
PREG Output pipelining  
DSP SoC_i/VPU_Top_0/inst/u_my_ip/u_axi4_mapping/u_spu/u_vpu_stream8/GEN_ACCUM8[4].u_accum/contribution_mul_w__1 output SoC_i/VPU_Top_0/inst/u_my_ip/u_axi4_mapping/u_spu/u_vpu_stream8/GEN_ACCUM8[4].u_accum/contribution_mul_w__1/P[47:0] is not pipelined (PREG=0). Pipelining the DSP48 output will improve performance and often saves power so it is suggested whenever possible to fully pipeline this function.  If this DSP48 function was inferred, it is suggested to describe an additional register stage after this function.  If the DSP48 was instantiated in the design, it is suggested to set the PREG attribute to 1.
Related violations: <none>

DPOP-3#74 Warning
PREG Output pipelining  
DSP SoC_i/VPU_Top_0/inst/u_my_ip/u_axi4_mapping/u_spu/u_vpu_stream8/GEN_ACCUM8[4].u_accum/contribution_mul_w__2 output SoC_i/VPU_Top_0/inst/u_my_ip/u_axi4_mapping/u_spu/u_vpu_stream8/GEN_ACCUM8[4].u_accum/contribution_mul_w__2/P[47:0] is not pipelined (PREG=0). Pipelining the DSP48 output will improve performance and often saves power so it is suggested whenever possible to fully pipeline this function.  If this DSP48 function was inferred, it is suggested to describe an additional register stage after this function.  If the DSP48 was instantiated in the design, it is suggested to set the PREG attribute to 1.
Related violations: <none>

DPOP-3#75 Warning
PREG Output pipelining  
DSP SoC_i/VPU_Top_0/inst/u_my_ip/u_axi4_mapping/u_spu/u_vpu_stream8/GEN_ACCUM8[4].u_accum/product_scale_hh_w output SoC_i/VPU_Top_0/inst/u_my_ip/u_axi4_mapping/u_spu/u_vpu_stream8/GEN_ACCUM8[4].u_accum/product_scale_hh_w/P[47:0] is not pipelined (PREG=0). Pipelining the DSP48 output will improve performance and often saves power so it is suggested whenever possible to fully pipeline this function.  If this DSP48 function was inferred, it is suggested to describe an additional register stage after this function.  If the DSP48 was instantiated in the design, it is suggested to set the PREG attribute to 1.
Related violations: <none>

DPOP-3#76 Warning
PREG Output pipelining  
DSP SoC_i/VPU_Top_0/inst/u_my_ip/u_axi4_mapping/u_spu/u_vpu_stream8/GEN_ACCUM8[4].u_accum/product_scale_hh_w__0 output SoC_i/VPU_Top_0/inst/u_my_ip/u_axi4_mapping/u_spu/u_vpu_stream8/GEN_ACCUM8[4].u_accum/product_scale_hh_w__0/P[47:0] is not pipelined (PREG=0). Pipelining the DSP48 output will improve performance and often saves power so it is suggested whenever possible to fully pipeline this function.  If this DSP48 function was inferred, it is suggested to describe an additional register stage after this function.  If the DSP48 was instantiated in the design, it is suggested to set the PREG attribute to 1.
Related violations: <none>

DPOP-3#77 Warning
PREG Output pipelining  
DSP SoC_i/VPU_Top_0/inst/u_my_ip/u_axi4_mapping/u_spu/u_vpu_stream8/GEN_ACCUM8[4].u_accum/product_scale_hl_w output SoC_i/VPU_Top_0/inst/u_my_ip/u_axi4_mapping/u_spu/u_vpu_stream8/GEN_ACCUM8[4].u_accum/product_scale_hl_w/P[47:0] is not pipelined (PREG=0). Pipelining the DSP48 output will improve performance and often saves power so it is suggested whenever possible to fully pipeline this function.  If this DSP48 function was inferred, it is suggested to describe an additional register stage after this function.  If the DSP48 was instantiated in the design, it is suggested to set the PREG attribute to 1.
Related violations: <none>

DPOP-3#78 Warning
PREG Output pipelining  
DSP SoC_i/VPU_Top_0/inst/u_my_ip/u_axi4_mapping/u_spu/u_vpu_stream8/GEN_ACCUM8[4].u_accum/product_scale_hl_w__0 output SoC_i/VPU_Top_0/inst/u_my_ip/u_axi4_mapping/u_spu/u_vpu_stream8/GEN_ACCUM8[4].u_accum/product_scale_hl_w__0/P[47:0] is not pipelined (PREG=0). Pipelining the DSP48 output will improve performance and often saves power so it is suggested whenever possible to fully pipeline this function.  If this DSP48 function was inferred, it is suggested to describe an additional register stage after this function.  If the DSP48 was instantiated in the design, it is suggested to set the PREG attribute to 1.
Related violations: <none>

DPOP-3#79 Warning
PREG Output pipelining  
DSP SoC_i/VPU_Top_0/inst/u_my_ip/u_axi4_mapping/u_spu/u_vpu_stream8/GEN_ACCUM8[4].u_accum/product_scale_lh_w output SoC_i/VPU_Top_0/inst/u_my_ip/u_axi4_mapping/u_spu/u_vpu_stream8/GEN_ACCUM8[4].u_accum/product_scale_lh_w/P[47:0] is not pipelined (PREG=0). Pipelining the DSP48 output will improve performance and often saves power so it is suggested whenever possible to fully pipeline this function.  If this DSP48 function was inferred, it is suggested to describe an additional register stage after this function.  If the DSP48 was instantiated in the design, it is suggested to set the PREG attribute to 1.
Related violations: <none>

DPOP-3#80 Warning
PREG Output pipelining  
DSP SoC_i/VPU_Top_0/inst/u_my_ip/u_axi4_mapping/u_spu/u_vpu_stream8/GEN_ACCUM8[4].u_accum/product_scale_lh_w__0 output SoC_i/VPU_Top_0/inst/u_my_ip/u_axi4_mapping/u_spu/u_vpu_stream8/GEN_ACCUM8[4].u_accum/product_scale_lh_w__0/P[47:0] is not pipelined (PREG=0). Pipelining the DSP48 output will improve performance and often saves power so it is suggested whenever possible to fully pipeline this function.  If this DSP48 function was inferred, it is suggested to describe an additional register stage after this function.  If the DSP48 was instantiated in the design, it is suggested to set the PREG attribute to 1.
Related violations: <none>

DPOP-3#81 Warning
PREG Output pipelining  
DSP SoC_i/VPU_Top_0/inst/u_my_ip/u_axi4_mapping/u_spu/u_vpu_stream8/GEN_ACCUM8[4].u_accum/product_scale_ll_w output SoC_i/VPU_Top_0/inst/u_my_ip/u_axi4_mapping/u_spu/u_vpu_stream8/GEN_ACCUM8[4].u_accum/product_scale_ll_w/P[47:0] is not pipelined (PREG=0). Pipelining the DSP48 output will improve performance and often saves power so it is suggested whenever possible to fully pipeline this function.  If this DSP48 function was inferred, it is suggested to describe an additional register stage after this function.  If the DSP48 was instantiated in the design, it is suggested to set the PREG attribute to 1.
Related violations: <none>

DPOP-3#82 Warning
PREG Output pipelining  
DSP SoC_i/VPU_Top_0/inst/u_my_ip/u_axi4_mapping/u_spu/u_vpu_stream8/GEN_ACCUM8[4].u_accum/product_scale_ll_w__0 output SoC_i/VPU_Top_0/inst/u_my_ip/u_axi4_mapping/u_spu/u_vpu_stream8/GEN_ACCUM8[4].u_accum/product_scale_ll_w__0/P[47:0] is not pipelined (PREG=0). Pipelining the DSP48 output will improve performance and often saves power so it is suggested whenever possible to fully pipeline this function.  If this DSP48 function was inferred, it is suggested to describe an additional register stage after this function.  If the DSP48 was instantiated in the design, it is suggested to set the PREG attribute to 1.
Related violations: <none>

DPOP-3#83 Warning
PREG Output pipelining  
DSP SoC_i/VPU_Top_0/inst/u_my_ip/u_axi4_mapping/u_spu/u_vpu_stream8/GEN_ACCUM8[5].u_accum/contribution_mul_w output SoC_i/VPU_Top_0/inst/u_my_ip/u_axi4_mapping/u_spu/u_vpu_stream8/GEN_ACCUM8[5].u_accum/contribution_mul_w/P[47:0] is not pipelined (PREG=0). Pipelining the DSP48 output will improve performance and often saves power so it is suggested whenever possible to fully pipeline this function.  If this DSP48 function was inferred, it is suggested to describe an additional register stage after this function.  If the DSP48 was instantiated in the design, it is suggested to set the PREG attribute to 1.
Related violations: <none>

DPOP-3#84 Warning
PREG Output pipelining  
DSP SoC_i/VPU_Top_0/inst/u_my_ip/u_axi4_mapping/u_spu/u_vpu_stream8/GEN_ACCUM8[5].u_accum/contribution_mul_w__1 output SoC_i/VPU_Top_0/inst/u_my_ip/u_axi4_mapping/u_spu/u_vpu_stream8/GEN_ACCUM8[5].u_accum/contribution_mul_w__1/P[47:0] is not pipelined (PREG=0). Pipelining the DSP48 output will improve performance and often saves power so it is suggested whenever possible to fully pipeline this function.  If this DSP48 function was inferred, it is suggested to describe an additional register stage after this function.  If the DSP48 was instantiated in the design, it is suggested to set the PREG attribute to 1.
Related violations: <none>

DPOP-3#85 Warning
PREG Output pipelining  
DSP SoC_i/VPU_Top_0/inst/u_my_ip/u_axi4_mapping/u_spu/u_vpu_stream8/GEN_ACCUM8[5].u_accum/contribution_mul_w__2 output SoC_i/VPU_Top_0/inst/u_my_ip/u_axi4_mapping/u_spu/u_vpu_stream8/GEN_ACCUM8[5].u_accum/contribution_mul_w__2/P[47:0] is not pipelined (PREG=0). Pipelining the DSP48 output will improve performance and often saves power so it is suggested whenever possible to fully pipeline this function.  If this DSP48 function was inferred, it is suggested to describe an additional register stage after this function.  If the DSP48 was instantiated in the design, it is suggested to set the PREG attribute to 1.
Related violations: <none>

DPOP-3#86 Warning
PREG Output pipelining  
DSP SoC_i/VPU_Top_0/inst/u_my_ip/u_axi4_mapping/u_spu/u_vpu_stream8/GEN_ACCUM8[5].u_accum/product_scale_hh_w output SoC_i/VPU_Top_0/inst/u_my_ip/u_axi4_mapping/u_spu/u_vpu_stream8/GEN_ACCUM8[5].u_accum/product_scale_hh_w/P[47:0] is not pipelined (PREG=0). Pipelining the DSP48 output will improve performance and often saves power so it is suggested whenever possible to fully pipeline this function.  If this DSP48 function was inferred, it is suggested to describe an additional register stage after this function.  If the DSP48 was instantiated in the design, it is suggested to set the PREG attribute to 1.
Related violations: <none>

DPOP-3#87 Warning
PREG Output pipelining  
DSP SoC_i/VPU_Top_0/inst/u_my_ip/u_axi4_mapping/u_spu/u_vpu_stream8/GEN_ACCUM8[5].u_accum/product_scale_hh_w__0 output SoC_i/VPU_Top_0/inst/u_my_ip/u_axi4_mapping/u_spu/u_vpu_stream8/GEN_ACCUM8[5].u_accum/product_scale_hh_w__0/P[47:0] is not pipelined (PREG=0). Pipelining the DSP48 output will improve performance and often saves power so it is suggested whenever possible to fully pipeline this function.  If this DSP48 function was inferred, it is suggested to describe an additional register stage after this function.  If the DSP48 was instantiated in the design, it is suggested to set the PREG attribute to 1.
Related violations: <none>

DPOP-3#88 Warning
PREG Output pipelining  
DSP SoC_i/VPU_Top_0/inst/u_my_ip/u_axi4_mapping/u_spu/u_vpu_stream8/GEN_ACCUM8[5].u_accum/product_scale_hl_w output SoC_i/VPU_Top_0/inst/u_my_ip/u_axi4_mapping/u_spu/u_vpu_stream8/GEN_ACCUM8[5].u_accum/product_scale_hl_w/P[47:0] is not pipelined (PREG=0). Pipelining the DSP48 output will improve performance and often saves power so it is suggested whenever possible to fully pipeline this function.  If this DSP48 function was inferred, it is suggested to describe an additional register stage after this function.  If the DSP48 was instantiated in the design, it is suggested to set the PREG attribute to 1.
Related violations: <none>

DPOP-3#89 Warning
PREG Output pipelining  
DSP SoC_i/VPU_Top_0/inst/u_my_ip/u_axi4_mapping/u_spu/u_vpu_stream8/GEN_ACCUM8[5].u_accum/product_scale_hl_w__0 output SoC_i/VPU_Top_0/inst/u_my_ip/u_axi4_mapping/u_spu/u_vpu_stream8/GEN_ACCUM8[5].u_accum/product_scale_hl_w__0/P[47:0] is not pipelined (PREG=0). Pipelining the DSP48 output will improve performance and often saves power so it is suggested whenever possible to fully pipeline this function.  If this DSP48 function was inferred, it is suggested to describe an additional register stage after this function.  If the DSP48 was instantiated in the design, it is suggested to set the PREG attribute to 1.
Related violations: <none>

DPOP-3#90 Warning
PREG Output pipelining  
DSP SoC_i/VPU_Top_0/inst/u_my_ip/u_axi4_mapping/u_spu/u_vpu_stream8/GEN_ACCUM8[5].u_accum/product_scale_lh_w output SoC_i/VPU_Top_0/inst/u_my_ip/u_axi4_mapping/u_spu/u_vpu_stream8/GEN_ACCUM8[5].u_accum/product_scale_lh_w/P[47:0] is not pipelined (PREG=0). Pipelining the DSP48 output will improve performance and often saves power so it is suggested whenever possible to fully pipeline this function.  If this DSP48 function was inferred, it is suggested to describe an additional register stage after this function.  If the DSP48 was instantiated in the design, it is suggested to set the PREG attribute to 1.
Related violations: <none>

DPOP-3#91 Warning
PREG Output pipelining  
DSP SoC_i/VPU_Top_0/inst/u_my_ip/u_axi4_mapping/u_spu/u_vpu_stream8/GEN_ACCUM8[5].u_accum/product_scale_lh_w__0 output SoC_i/VPU_Top_0/inst/u_my_ip/u_axi4_mapping/u_spu/u_vpu_stream8/GEN_ACCUM8[5].u_accum/product_scale_lh_w__0/P[47:0] is not pipelined (PREG=0). Pipelining the DSP48 output will improve performance and often saves power so it is suggested whenever possible to fully pipeline this function.  If this DSP48 function was inferred, it is suggested to describe an additional register stage after this function.  If the DSP48 was instantiated in the design, it is suggested to set the PREG attribute to 1.
Related violations: <none>

DPOP-3#92 Warning
PREG Output pipelining  
DSP SoC_i/VPU_Top_0/inst/u_my_ip/u_axi4_mapping/u_spu/u_vpu_stream8/GEN_ACCUM8[5].u_accum/product_scale_ll_w output SoC_i/VPU_Top_0/inst/u_my_ip/u_axi4_mapping/u_spu/u_vpu_stream8/GEN_ACCUM8[5].u_accum/product_scale_ll_w/P[47:0] is not pipelined (PREG=0). Pipelining the DSP48 output will improve performance and often saves power so it is suggested whenever possible to fully pipeline this function.  If this DSP48 function was inferred, it is suggested to describe an additional register stage after this function.  If the DSP48 was instantiated in the design, it is suggested to set the PREG attribute to 1.
Related violations: <none>

DPOP-3#93 Warning
PREG Output pipelining  
DSP SoC_i/VPU_Top_0/inst/u_my_ip/u_axi4_mapping/u_spu/u_vpu_stream8/GEN_ACCUM8[5].u_accum/product_scale_ll_w__0 output SoC_i/VPU_Top_0/inst/u_my_ip/u_axi4_mapping/u_spu/u_vpu_stream8/GEN_ACCUM8[5].u_accum/product_scale_ll_w__0/P[47:0] is not pipelined (PREG=0). Pipelining the DSP48 output will improve performance and often saves power so it is suggested whenever possible to fully pipeline this function.  If this DSP48 function was inferred, it is suggested to describe an additional register stage after this function.  If the DSP48 was instantiated in the design, it is suggested to set the PREG attribute to 1.
Related violations: <none>

DPOP-3#94 Warning
PREG Output pipelining  
DSP SoC_i/VPU_Top_0/inst/u_my_ip/u_axi4_mapping/u_spu/u_vpu_stream8/GEN_ACCUM8[6].u_accum/contribution_mul_w output SoC_i/VPU_Top_0/inst/u_my_ip/u_axi4_mapping/u_spu/u_vpu_stream8/GEN_ACCUM8[6].u_accum/contribution_mul_w/P[47:0] is not pipelined (PREG=0). Pipelining the DSP48 output will improve performance and often saves power so it is suggested whenever possible to fully pipeline this function.  If this DSP48 function was inferred, it is suggested to describe an additional register stage after this function.  If the DSP48 was instantiated in the design, it is suggested to set the PREG attribute to 1.
Related violations: <none>

DPOP-3#95 Warning
PREG Output pipelining  
DSP SoC_i/VPU_Top_0/inst/u_my_ip/u_axi4_mapping/u_spu/u_vpu_stream8/GEN_ACCUM8[6].u_accum/contribution_mul_w__1 output SoC_i/VPU_Top_0/inst/u_my_ip/u_axi4_mapping/u_spu/u_vpu_stream8/GEN_ACCUM8[6].u_accum/contribution_mul_w__1/P[47:0] is not pipelined (PREG=0). Pipelining the DSP48 output will improve performance and often saves power so it is suggested whenever possible to fully pipeline this function.  If this DSP48 function was inferred, it is suggested to describe an additional register stage after this function.  If the DSP48 was instantiated in the design, it is suggested to set the PREG attribute to 1.
Related violations: <none>

DPOP-3#96 Warning
PREG Output pipelining  
DSP SoC_i/VPU_Top_0/inst/u_my_ip/u_axi4_mapping/u_spu/u_vpu_stream8/GEN_ACCUM8[6].u_accum/contribution_mul_w__2 output SoC_i/VPU_Top_0/inst/u_my_ip/u_axi4_mapping/u_spu/u_vpu_stream8/GEN_ACCUM8[6].u_accum/contribution_mul_w__2/P[47:0] is not pipelined (PREG=0). Pipelining the DSP48 output will improve performance and often saves power so it is suggested whenever possible to fully pipeline this function.  If this DSP48 function was inferred, it is suggested to describe an additional register stage after this function.  If the DSP48 was instantiated in the design, it is suggested to set the PREG attribute to 1.
Related violations: <none>

DPOP-3#97 Warning
PREG Output pipelining  
DSP SoC_i/VPU_Top_0/inst/u_my_ip/u_axi4_mapping/u_spu/u_vpu_stream8/GEN_ACCUM8[6].u_accum/product_scale_hh_w output SoC_i/VPU_Top_0/inst/u_my_ip/u_axi4_mapping/u_spu/u_vpu_stream8/GEN_ACCUM8[6].u_accum/product_scale_hh_w/P[47:0] is not pipelined (PREG=0). Pipelining the DSP48 output will improve performance and often saves power so it is suggested whenever possible to fully pipeline this function.  If this DSP48 function was inferred, it is suggested to describe an additional register stage after this function.  If the DSP48 was instantiated in the design, it is suggested to set the PREG attribute to 1.
Related violations: <none>

DPOP-3#98 Warning
PREG Output pipelining  
DSP SoC_i/VPU_Top_0/inst/u_my_ip/u_axi4_mapping/u_spu/u_vpu_stream8/GEN_ACCUM8[6].u_accum/product_scale_hh_w__0 output SoC_i/VPU_Top_0/inst/u_my_ip/u_axi4_mapping/u_spu/u_vpu_stream8/GEN_ACCUM8[6].u_accum/product_scale_hh_w__0/P[47:0] is not pipelined (PREG=0). Pipelining the DSP48 output will improve performance and often saves power so it is suggested whenever possible to fully pipeline this function.  If this DSP48 function was inferred, it is suggested to describe an additional register stage after this function.  If the DSP48 was instantiated in the design, it is suggested to set the PREG attribute to 1.
Related violations: <none>

DPOP-3#99 Warning
PREG Output pipelining  
DSP SoC_i/VPU_Top_0/inst/u_my_ip/u_axi4_mapping/u_spu/u_vpu_stream8/GEN_ACCUM8[6].u_accum/product_scale_hl_w output SoC_i/VPU_Top_0/inst/u_my_ip/u_axi4_mapping/u_spu/u_vpu_stream8/GEN_ACCUM8[6].u_accum/product_scale_hl_w/P[47:0] is not pipelined (PREG=0). Pipelining the DSP48 output will improve performance and often saves power so it is suggested whenever possible to fully pipeline this function.  If this DSP48 function was inferred, it is suggested to describe an additional register stage after this function.  If the DSP48 was instantiated in the design, it is suggested to set the PREG attribute to 1.
Related violations: <none>

DPOP-3#100 Warning
PREG Output pipelining  
DSP SoC_i/VPU_Top_0/inst/u_my_ip/u_axi4_mapping/u_spu/u_vpu_stream8/GEN_ACCUM8[6].u_accum/product_scale_hl_w__0 output SoC_i/VPU_Top_0/inst/u_my_ip/u_axi4_mapping/u_spu/u_vpu_stream8/GEN_ACCUM8[6].u_accum/product_scale_hl_w__0/P[47:0] is not pipelined (PREG=0). Pipelining the DSP48 output will improve performance and often saves power so it is suggested whenever possible to fully pipeline this function.  If this DSP48 function was inferred, it is suggested to describe an additional register stage after this function.  If the DSP48 was instantiated in the design, it is suggested to set the PREG attribute to 1.
Related violations: <none>

DPOP-3#101 Warning
PREG Output pipelining  
DSP SoC_i/VPU_Top_0/inst/u_my_ip/u_axi4_mapping/u_spu/u_vpu_stream8/GEN_ACCUM8[6].u_accum/product_scale_lh_w output SoC_i/VPU_Top_0/inst/u_my_ip/u_axi4_mapping/u_spu/u_vpu_stream8/GEN_ACCUM8[6].u_accum/product_scale_lh_w/P[47:0] is not pipelined (PREG=0). Pipelining the DSP48 output will improve performance and often saves power so it is suggested whenever possible to fully pipeline this function.  If this DSP48 function was inferred, it is suggested to describe an additional register stage after this function.  If the DSP48 was instantiated in the design, it is suggested to set the PREG attribute to 1.
Related violations: <none>

DPOP-3#102 Warning
PREG Output pipelining  
DSP SoC_i/VPU_Top_0/inst/u_my_ip/u_axi4_mapping/u_spu/u_vpu_stream8/GEN_ACCUM8[6].u_accum/product_scale_lh_w__0 output SoC_i/VPU_Top_0/inst/u_my_ip/u_axi4_mapping/u_spu/u_vpu_stream8/GEN_ACCUM8[6].u_accum/product_scale_lh_w__0/P[47:0] is not pipelined (PREG=0). Pipelining the DSP48 output will improve performance and often saves power so it is suggested whenever possible to fully pipeline this function.  If this DSP48 function was inferred, it is suggested to describe an additional register stage after this function.  If the DSP48 was instantiated in the design, it is suggested to set the PREG attribute to 1.
Related violations: <none>

DPOP-3#103 Warning
PREG Output pipelining  
DSP SoC_i/VPU_Top_0/inst/u_my_ip/u_axi4_mapping/u_spu/u_vpu_stream8/GEN_ACCUM8[6].u_accum/product_scale_ll_w output SoC_i/VPU_Top_0/inst/u_my_ip/u_axi4_mapping/u_spu/u_vpu_stream8/GEN_ACCUM8[6].u_accum/product_scale_ll_w/P[47:0] is not pipelined (PREG=0). Pipelining the DSP48 output will improve performance and often saves power so it is suggested whenever possible to fully pipeline this function.  If this DSP48 function was inferred, it is suggested to describe an additional register stage after this function.  If the DSP48 was instantiated in the design, it is suggested to set the PREG attribute to 1.
Related violations: <none>

DPOP-3#104 Warning
PREG Output pipelining  
DSP SoC_i/VPU_Top_0/inst/u_my_ip/u_axi4_mapping/u_spu/u_vpu_stream8/GEN_ACCUM8[6].u_accum/product_scale_ll_w__0 output SoC_i/VPU_Top_0/inst/u_my_ip/u_axi4_mapping/u_spu/u_vpu_stream8/GEN_ACCUM8[6].u_accum/product_scale_ll_w__0/P[47:0] is not pipelined (PREG=0). Pipelining the DSP48 output will improve performance and often saves power so it is suggested whenever possible to fully pipeline this function.  If this DSP48 function was inferred, it is suggested to describe an additional register stage after this function.  If the DSP48 was instantiated in the design, it is suggested to set the PREG attribute to 1.
Related violations: <none>

DPOP-3#105 Warning
PREG Output pipelining  
DSP SoC_i/VPU_Top_0/inst/u_my_ip/u_axi4_mapping/u_spu/u_vpu_stream8/GEN_ACCUM8[7].u_accum/contribution_mul_w output SoC_i/VPU_Top_0/inst/u_my_ip/u_axi4_mapping/u_spu/u_vpu_stream8/GEN_ACCUM8[7].u_accum/contribution_mul_w/P[47:0] is not pipelined (PREG=0). Pipelining the DSP48 output will improve performance and often saves power so it is suggested whenever possible to fully pipeline this function.  If this DSP48 function was inferred, it is suggested to describe an additional register stage after this function.  If the DSP48 was instantiated in the design, it is suggested to set the PREG attribute to 1.
Related violations: <none>

DPOP-3#106 Warning
PREG Output pipelining  
DSP SoC_i/VPU_Top_0/inst/u_my_ip/u_axi4_mapping/u_spu/u_vpu_stream8/GEN_ACCUM8[7].u_accum/contribution_mul_w__1 output SoC_i/VPU_Top_0/inst/u_my_ip/u_axi4_mapping/u_spu/u_vpu_stream8/GEN_ACCUM8[7].u_accum/contribution_mul_w__1/P[47:0] is not pipelined (PREG=0). Pipelining the DSP48 output will improve performance and often saves power so it is suggested whenever possible to fully pipeline this function.  If this DSP48 function was inferred, it is suggested to describe an additional register stage after this function.  If the DSP48 was instantiated in the design, it is suggested to set the PREG attribute to 1.
Related violations: <none>

DPOP-3#107 Warning
PREG Output pipelining  
DSP SoC_i/VPU_Top_0/inst/u_my_ip/u_axi4_mapping/u_spu/u_vpu_stream8/GEN_ACCUM8[7].u_accum/contribution_mul_w__2 output SoC_i/VPU_Top_0/inst/u_my_ip/u_axi4_mapping/u_spu/u_vpu_stream8/GEN_ACCUM8[7].u_accum/contribution_mul_w__2/P[47:0] is not pipelined (PREG=0). Pipelining the DSP48 output will improve performance and often saves power so it is suggested whenever possible to fully pipeline this function.  If this DSP48 function was inferred, it is suggested to describe an additional register stage after this function.  If the DSP48 was instantiated in the design, it is suggested to set the PREG attribute to 1.
Related violations: <none>

DPOP-3#108 Warning
PREG Output pipelining  
DSP SoC_i/VPU_Top_0/inst/u_my_ip/u_axi4_mapping/u_spu/u_vpu_stream8/GEN_ACCUM8[7].u_accum/product_scale_hh_w output SoC_i/VPU_Top_0/inst/u_my_ip/u_axi4_mapping/u_spu/u_vpu_stream8/GEN_ACCUM8[7].u_accum/product_scale_hh_w/P[47:0] is not pipelined (PREG=0). Pipelining the DSP48 output will improve performance and often saves power so it is suggested whenever possible to fully pipeline this function.  If this DSP48 function was inferred, it is suggested to describe an additional register stage after this function.  If the DSP48 was instantiated in the design, it is suggested to set the PREG attribute to 1.
Related violations: <none>

DPOP-3#109 Warning
PREG Output pipelining  
DSP SoC_i/VPU_Top_0/inst/u_my_ip/u_axi4_mapping/u_spu/u_vpu_stream8/GEN_ACCUM8[7].u_accum/product_scale_hh_w__0 output SoC_i/VPU_Top_0/inst/u_my_ip/u_axi4_mapping/u_spu/u_vpu_stream8/GEN_ACCUM8[7].u_accum/product_scale_hh_w__0/P[47:0] is not pipelined (PREG=0). Pipelining the DSP48 output will improve performance and often saves power so it is suggested whenever possible to fully pipeline this function.  If this DSP48 function was inferred, it is suggested to describe an additional register stage after this function.  If the DSP48 was instantiated in the design, it is suggested to set the PREG attribute to 1.
Related violations: <none>

DPOP-3#110 Warning
PREG Output pipelining  
DSP SoC_i/VPU_Top_0/inst/u_my_ip/u_axi4_mapping/u_spu/u_vpu_stream8/GEN_ACCUM8[7].u_accum/product_scale_hl_w output SoC_i/VPU_Top_0/inst/u_my_ip/u_axi4_mapping/u_spu/u_vpu_stream8/GEN_ACCUM8[7].u_accum/product_scale_hl_w/P[47:0] is not pipelined (PREG=0). Pipelining the DSP48 output will improve performance and often saves power so it is suggested whenever possible to fully pipeline this function.  If this DSP48 function was inferred, it is suggested to describe an additional register stage after this function.  If the DSP48 was instantiated in the design, it is suggested to set the PREG attribute to 1.
Related violations: <none>

DPOP-3#111 Warning
PREG Output pipelining  
DSP SoC_i/VPU_Top_0/inst/u_my_ip/u_axi4_mapping/u_spu/u_vpu_stream8/GEN_ACCUM8[7].u_accum/product_scale_hl_w__0 output SoC_i/VPU_Top_0/inst/u_my_ip/u_axi4_mapping/u_spu/u_vpu_stream8/GEN_ACCUM8[7].u_accum/product_scale_hl_w__0/P[47:0] is not pipelined (PREG=0). Pipelining the DSP48 output will improve performance and often saves power so it is suggested whenever possible to fully pipeline this function.  If this DSP48 function was inferred, it is suggested to describe an additional register stage after this function.  If the DSP48 was instantiated in the design, it is suggested to set the PREG attribute to 1.
Related violations: <none>

DPOP-3#112 Warning
PREG Output pipelining  
DSP SoC_i/VPU_Top_0/inst/u_my_ip/u_axi4_mapping/u_spu/u_vpu_stream8/GEN_ACCUM8[7].u_accum/product_scale_lh_w output SoC_i/VPU_Top_0/inst/u_my_ip/u_axi4_mapping/u_spu/u_vpu_stream8/GEN_ACCUM8[7].u_accum/product_scale_lh_w/P[47:0] is not pipelined (PREG=0). Pipelining the DSP48 output will improve performance and often saves power so it is suggested whenever possible to fully pipeline this function.  If this DSP48 function was inferred, it is suggested to describe an additional register stage after this function.  If the DSP48 was instantiated in the design, it is suggested to set the PREG attribute to 1.
Related violations: <none>

DPOP-3#113 Warning
PREG Output pipelining  
DSP SoC_i/VPU_Top_0/inst/u_my_ip/u_axi4_mapping/u_spu/u_vpu_stream8/GEN_ACCUM8[7].u_accum/product_scale_lh_w__0 output SoC_i/VPU_Top_0/inst/u_my_ip/u_axi4_mapping/u_spu/u_vpu_stream8/GEN_ACCUM8[7].u_accum/product_scale_lh_w__0/P[47:0] is not pipelined (PREG=0). Pipelining the DSP48 output will improve performance and often saves power so it is suggested whenever possible to fully pipeline this function.  If this DSP48 function was inferred, it is suggested to describe an additional register stage after this function.  If the DSP48 was instantiated in the design, it is suggested to set the PREG attribute to 1.
Related violations: <none>

DPOP-3#114 Warning
PREG Output pipelining  
DSP SoC_i/VPU_Top_0/inst/u_my_ip/u_axi4_mapping/u_spu/u_vpu_stream8/GEN_ACCUM8[7].u_accum/product_scale_ll_w output SoC_i/VPU_Top_0/inst/u_my_ip/u_axi4_mapping/u_spu/u_vpu_stream8/GEN_ACCUM8[7].u_accum/product_scale_ll_w/P[47:0] is not pipelined (PREG=0). Pipelining the DSP48 output will improve performance and often saves power so it is suggested whenever possible to fully pipeline this function.  If this DSP48 function was inferred, it is suggested to describe an additional register stage after this function.  If the DSP48 was instantiated in the design, it is suggested to set the PREG attribute to 1.
Related violations: <none>

DPOP-3#115 Warning
PREG Output pipelining  
DSP SoC_i/VPU_Top_0/inst/u_my_ip/u_axi4_mapping/u_spu/u_vpu_stream8/GEN_ACCUM8[7].u_accum/product_scale_ll_w__0 output SoC_i/VPU_Top_0/inst/u_my_ip/u_axi4_mapping/u_spu/u_vpu_stream8/GEN_ACCUM8[7].u_accum/product_scale_ll_w__0/P[47:0] is not pipelined (PREG=0). Pipelining the DSP48 output will improve performance and often saves power so it is suggested whenever possible to fully pipeline this function.  If this DSP48 function was inferred, it is suggested to describe an additional register stage after this function.  If the DSP48 was instantiated in the design, it is suggested to set the PREG attribute to 1.
Related violations: <none>

DPOP-3#116 Warning
PREG Output pipelining  
DSP SoC_i/VPU_Top_0/inst/u_my_ip/u_axi4_mapping/u_spu/u_vpu_stream_scale_accum/product_scale_hh_w output SoC_i/VPU_Top_0/inst/u_my_ip/u_axi4_mapping/u_spu/u_vpu_stream_scale_accum/product_scale_hh_w/P[47:0] is not pipelined (PREG=0). Pipelining the DSP48 output will improve performance and often saves power so it is suggested whenever possible to fully pipeline this function.  If this DSP48 function was inferred, it is suggested to describe an additional register stage after this function.  If the DSP48 was instantiated in the design, it is suggested to set the PREG attribute to 1.
Related violations: <none>

DPOP-3#117 Warning
PREG Output pipelining  
DSP SoC_i/VPU_Top_0/inst/u_my_ip/u_axi4_mapping/u_spu/u_vpu_stream_scale_accum/product_scale_hh_w__0 output SoC_i/VPU_Top_0/inst/u_my_ip/u_axi4_mapping/u_spu/u_vpu_stream_scale_accum/product_scale_hh_w__0/P[47:0] is not pipelined (PREG=0). Pipelining the DSP48 output will improve performance and often saves power so it is suggested whenever possible to fully pipeline this function.  If this DSP48 function was inferred, it is suggested to describe an additional register stage after this function.  If the DSP48 was instantiated in the design, it is suggested to set the PREG attribute to 1.
Related violations: <none>

DPOP-3#118 Warning
PREG Output pipelining  
DSP SoC_i/VPU_Top_0/inst/u_my_ip/u_axi4_mapping/u_spu/u_vpu_stream_scale_accum/product_scale_hl_w output SoC_i/VPU_Top_0/inst/u_my_ip/u_axi4_mapping/u_spu/u_vpu_stream_scale_accum/product_scale_hl_w/P[47:0] is not pipelined (PREG=0). Pipelining the DSP48 output will improve performance and often saves power so it is suggested whenever possible to fully pipeline this function.  If this DSP48 function was inferred, it is suggested to describe an additional register stage after this function.  If the DSP48 was instantiated in the design, it is suggested to set the PREG attribute to 1.
Related violations: <none>

DPOP-3#119 Warning
PREG Output pipelining  
DSP SoC_i/VPU_Top_0/inst/u_my_ip/u_axi4_mapping/u_spu/u_vpu_stream_scale_accum/product_scale_hl_w__0 output SoC_i/VPU_Top_0/inst/u_my_ip/u_axi4_mapping/u_spu/u_vpu_stream_scale_accum/product_scale_hl_w__0/P[47:0] is not pipelined (PREG=0). Pipelining the DSP48 output will improve performance and often saves power so it is suggested whenever possible to fully pipeline this function.  If this DSP48 function was inferred, it is suggested to describe an additional register stage after this function.  If the DSP48 was instantiated in the design, it is suggested to set the PREG attribute to 1.
Related violations: <none>

DPOP-3#120 Warning
PREG Output pipelining  
DSP SoC_i/VPU_Top_0/inst/u_my_ip/u_axi4_mapping/u_spu/u_vpu_stream_scale_accum/product_scale_lh_w output SoC_i/VPU_Top_0/inst/u_my_ip/u_axi4_mapping/u_spu/u_vpu_stream_scale_accum/product_scale_lh_w/P[47:0] is not pipelined (PREG=0). Pipelining the DSP48 output will improve performance and often saves power so it is suggested whenever possible to fully pipeline this function.  If this DSP48 function was inferred, it is suggested to describe an additional register stage after this function.  If the DSP48 was instantiated in the design, it is suggested to set the PREG attribute to 1.
Related violations: <none>

DPOP-3#121 Warning
PREG Output pipelining  
DSP SoC_i/VPU_Top_0/inst/u_my_ip/u_axi4_mapping/u_spu/u_vpu_stream_scale_accum/product_scale_lh_w__0 output SoC_i/VPU_Top_0/inst/u_my_ip/u_axi4_mapping/u_spu/u_vpu_stream_scale_accum/product_scale_lh_w__0/P[47:0] is not pipelined (PREG=0). Pipelining the DSP48 output will improve performance and often saves power so it is suggested whenever possible to fully pipeline this function.  If this DSP48 function was inferred, it is suggested to describe an additional register stage after this function.  If the DSP48 was instantiated in the design, it is suggested to set the PREG attribute to 1.
Related violations: <none>

DPOP-3#122 Warning
PREG Output pipelining  
DSP SoC_i/VPU_Top_0/inst/u_my_ip/u_axi4_mapping/u_spu/u_vpu_stream_scale_accum/product_scale_ll_w output SoC_i/VPU_Top_0/inst/u_my_ip/u_axi4_mapping/u_spu/u_vpu_stream_scale_accum/product_scale_ll_w/P[47:0] is not pipelined (PREG=0). Pipelining the DSP48 output will improve performance and often saves power so it is suggested whenever possible to fully pipeline this function.  If this DSP48 function was inferred, it is suggested to describe an additional register stage after this function.  If the DSP48 was instantiated in the design, it is suggested to set the PREG attribute to 1.
Related violations: <none>

DPOP-3#123 Warning
PREG Output pipelining  
DSP SoC_i/VPU_Top_0/inst/u_my_ip/u_axi4_mapping/u_spu/u_vpu_stream_scale_accum/product_scale_ll_w__0 output SoC_i/VPU_Top_0/inst/u_my_ip/u_axi4_mapping/u_spu/u_vpu_stream_scale_accum/product_scale_ll_w__0/P[47:0] is not pipelined (PREG=0). Pipelining the DSP48 output will improve performance and often saves power so it is suggested whenever possible to fully pipeline this function.  If this DSP48 function was inferred, it is suggested to describe an additional register stage after this function.  If the DSP48 was instantiated in the design, it is suggested to set the PREG attribute to 1.
Related violations: <none>

DPOP-4#1 Warning
MREG Output pipelining  
DSP SoC_i/VPU_Top_0/inst/u_my_ip/u_axi4_mapping/u_gemv/u_pmau/deq_s2_mul0 multiplier stage SoC_i/VPU_Top_0/inst/u_my_ip/u_axi4_mapping/u_gemv/u_pmau/deq_s2_mul0/P[47:0] is not pipelined (MREG=0). Pipelining the multiplier function will improve performance and will save significant power so it is suggested whenever possible to fully pipeline this function.  If this multiplier was inferred, it is suggested to describe an additional register stage after this function.  If there is no registered adder/accumulator following the multiply function, two pipeline stages are suggested to allow both the MREG and PREG registers to be used.  If the DSP48 was instantiated in the design, it is suggested to set both the MREG and PREG attributes to 1 when performing multiply functions.
Related violations: <none>

DPOP-4#2 Warning
MREG Output pipelining  
DSP SoC_i/VPU_Top_0/inst/u_my_ip/u_axi4_mapping/u_gemv/u_pmau/deq_s2_mul_reg multiplier stage SoC_i/VPU_Top_0/inst/u_my_ip/u_axi4_mapping/u_gemv/u_pmau/deq_s2_mul_reg/P[47:0] is not pipelined (MREG=0). Pipelining the multiplier function will improve performance and will save significant power so it is suggested whenever possible to fully pipeline this function.  If this multiplier was inferred, it is suggested to describe an additional register stage after this function.  If there is no registered adder/accumulator following the multiply function, two pipeline stages are suggested to allow both the MREG and PREG registers to be used.  If the DSP48 was instantiated in the design, it is suggested to set both the MREG and PREG attributes to 1 when performing multiply functions.
Related violations: <none>

DPOP-4#3 Warning
MREG Output pipelining  
DSP SoC_i/VPU_Top_0/inst/u_my_ip/u_axi4_mapping/u_gemv/u_pmau_pair/deq_s2_mul0 multiplier stage SoC_i/VPU_Top_0/inst/u_my_ip/u_axi4_mapping/u_gemv/u_pmau_pair/deq_s2_mul0/P[47:0] is not pipelined (MREG=0). Pipelining the multiplier function will improve performance and will save significant power so it is suggested whenever possible to fully pipeline this function.  If this multiplier was inferred, it is suggested to describe an additional register stage after this function.  If there is no registered adder/accumulator following the multiply function, two pipeline stages are suggested to allow both the MREG and PREG registers to be used.  If the DSP48 was instantiated in the design, it is suggested to set both the MREG and PREG attributes to 1 when performing multiply functions.
Related violations: <none>

DPOP-4#4 Warning
MREG Output pipelining  
DSP SoC_i/VPU_Top_0/inst/u_my_ip/u_axi4_mapping/u_gemv/u_pmau_pair/deq_s2_mul_reg multiplier stage SoC_i/VPU_Top_0/inst/u_my_ip/u_axi4_mapping/u_gemv/u_pmau_pair/deq_s2_mul_reg/P[47:0] is not pipelined (MREG=0). Pipelining the multiplier function will improve performance and will save significant power so it is suggested whenever possible to fully pipeline this function.  If this multiplier was inferred, it is suggested to describe an additional register stage after this function.  If there is no registered adder/accumulator following the multiply function, two pipeline stages are suggested to allow both the MREG and PREG registers to be used.  If the DSP48 was instantiated in the design, it is suggested to set both the MREG and PREG attributes to 1 when performing multiply functions.
Related violations: <none>

DPOP-4#5 Warning
MREG Output pipelining  
DSP SoC_i/VPU_Top_0/inst/u_my_ip/u_axi4_mapping/u_gemv/u_pmau_quad2/deq_s2_mul0 multiplier stage SoC_i/VPU_Top_0/inst/u_my_ip/u_axi4_mapping/u_gemv/u_pmau_quad2/deq_s2_mul0/P[47:0] is not pipelined (MREG=0). Pipelining the multiplier function will improve performance and will save significant power so it is suggested whenever possible to fully pipeline this function.  If this multiplier was inferred, it is suggested to describe an additional register stage after this function.  If there is no registered adder/accumulator following the multiply function, two pipeline stages are suggested to allow both the MREG and PREG registers to be used.  If the DSP48 was instantiated in the design, it is suggested to set both the MREG and PREG attributes to 1 when performing multiply functions.
Related violations: <none>

DPOP-4#6 Warning
MREG Output pipelining  
DSP SoC_i/VPU_Top_0/inst/u_my_ip/u_axi4_mapping/u_gemv/u_pmau_quad2/deq_s2_mul_reg multiplier stage SoC_i/VPU_Top_0/inst/u_my_ip/u_axi4_mapping/u_gemv/u_pmau_quad2/deq_s2_mul_reg/P[47:0] is not pipelined (MREG=0). Pipelining the multiplier function will improve performance and will save significant power so it is suggested whenever possible to fully pipeline this function.  If this multiplier was inferred, it is suggested to describe an additional register stage after this function.  If there is no registered adder/accumulator following the multiply function, two pipeline stages are suggested to allow both the MREG and PREG registers to be used.  If the DSP48 was instantiated in the design, it is suggested to set both the MREG and PREG attributes to 1 when performing multiply functions.
Related violations: <none>

DPOP-4#7 Warning
MREG Output pipelining  
DSP SoC_i/VPU_Top_0/inst/u_my_ip/u_axi4_mapping/u_gemv/u_pmau_quad3/deq_s2_mul0 multiplier stage SoC_i/VPU_Top_0/inst/u_my_ip/u_axi4_mapping/u_gemv/u_pmau_quad3/deq_s2_mul0/P[47:0] is not pipelined (MREG=0). Pipelining the multiplier function will improve performance and will save significant power so it is suggested whenever possible to fully pipeline this function.  If this multiplier was inferred, it is suggested to describe an additional register stage after this function.  If there is no registered adder/accumulator following the multiply function, two pipeline stages are suggested to allow both the MREG and PREG registers to be used.  If the DSP48 was instantiated in the design, it is suggested to set both the MREG and PREG attributes to 1 when performing multiply functions.
Related violations: <none>

DPOP-4#8 Warning
MREG Output pipelining  
DSP SoC_i/VPU_Top_0/inst/u_my_ip/u_axi4_mapping/u_gemv/u_pmau_quad3/deq_s2_mul_reg multiplier stage SoC_i/VPU_Top_0/inst/u_my_ip/u_axi4_mapping/u_gemv/u_pmau_quad3/deq_s2_mul_reg/P[47:0] is not pipelined (MREG=0). Pipelining the multiplier function will improve performance and will save significant power so it is suggested whenever possible to fully pipeline this function.  If this multiplier was inferred, it is suggested to describe an additional register stage after this function.  If there is no registered adder/accumulator following the multiply function, two pipeline stages are suggested to allow both the MREG and PREG registers to be used.  If the DSP48 was instantiated in the design, it is suggested to set both the MREG and PREG attributes to 1 when performing multiply functions.
Related violations: <none>

DPOP-4#9 Warning
MREG Output pipelining  
DSP SoC_i/VPU_Top_0/inst/u_my_ip/u_axi4_mapping/u_gemv/u_pmau_quad4/deq_s2_mul0 multiplier stage SoC_i/VPU_Top_0/inst/u_my_ip/u_axi4_mapping/u_gemv/u_pmau_quad4/deq_s2_mul0/P[47:0] is not pipelined (MREG=0). Pipelining the multiplier function will improve performance and will save significant power so it is suggested whenever possible to fully pipeline this function.  If this multiplier was inferred, it is suggested to describe an additional register stage after this function.  If there is no registered adder/accumulator following the multiply function, two pipeline stages are suggested to allow both the MREG and PREG registers to be used.  If the DSP48 was instantiated in the design, it is suggested to set both the MREG and PREG attributes to 1 when performing multiply functions.
Related violations: <none>

DPOP-4#10 Warning
MREG Output pipelining  
DSP SoC_i/VPU_Top_0/inst/u_my_ip/u_axi4_mapping/u_gemv/u_pmau_quad4/deq_s2_mul_reg multiplier stage SoC_i/VPU_Top_0/inst/u_my_ip/u_axi4_mapping/u_gemv/u_pmau_quad4/deq_s2_mul_reg/P[47:0] is not pipelined (MREG=0). Pipelining the multiplier function will improve performance and will save significant power so it is suggested whenever possible to fully pipeline this function.  If this multiplier was inferred, it is suggested to describe an additional register stage after this function.  If there is no registered adder/accumulator following the multiply function, two pipeline stages are suggested to allow both the MREG and PREG registers to be used.  If the DSP48 was instantiated in the design, it is suggested to set both the MREG and PREG attributes to 1 when performing multiply functions.
Related violations: <none>

DPOP-4#11 Warning
MREG Output pipelining  
DSP SoC_i/VPU_Top_0/inst/u_my_ip/u_axi4_mapping/u_gemv/u_pmau_quad5/deq_s2_mul0 multiplier stage SoC_i/VPU_Top_0/inst/u_my_ip/u_axi4_mapping/u_gemv/u_pmau_quad5/deq_s2_mul0/P[47:0] is not pipelined (MREG=0). Pipelining the multiplier function will improve performance and will save significant power so it is suggested whenever possible to fully pipeline this function.  If this multiplier was inferred, it is suggested to describe an additional register stage after this function.  If there is no registered adder/accumulator following the multiply function, two pipeline stages are suggested to allow both the MREG and PREG registers to be used.  If the DSP48 was instantiated in the design, it is suggested to set both the MREG and PREG attributes to 1 when performing multiply functions.
Related violations: <none>

DPOP-4#12 Warning
MREG Output pipelining  
DSP SoC_i/VPU_Top_0/inst/u_my_ip/u_axi4_mapping/u_gemv/u_pmau_quad5/deq_s2_mul_reg multiplier stage SoC_i/VPU_Top_0/inst/u_my_ip/u_axi4_mapping/u_gemv/u_pmau_quad5/deq_s2_mul_reg/P[47:0] is not pipelined (MREG=0). Pipelining the multiplier function will improve performance and will save significant power so it is suggested whenever possible to fully pipeline this function.  If this multiplier was inferred, it is suggested to describe an additional register stage after this function.  If there is no registered adder/accumulator following the multiply function, two pipeline stages are suggested to allow both the MREG and PREG registers to be used.  If the DSP48 was instantiated in the design, it is suggested to set both the MREG and PREG attributes to 1 when performing multiply functions.
Related violations: <none>

DPOP-4#13 Warning
MREG Output pipelining  
DSP SoC_i/VPU_Top_0/inst/u_my_ip/u_axi4_mapping/u_gemv/u_pmau_quad6/deq_s2_mul0 multiplier stage SoC_i/VPU_Top_0/inst/u_my_ip/u_axi4_mapping/u_gemv/u_pmau_quad6/deq_s2_mul0/P[47:0] is not pipelined (MREG=0). Pipelining the multiplier function will improve performance and will save significant power so it is suggested whenever possible to fully pipeline this function.  If this multiplier was inferred, it is suggested to describe an additional register stage after this function.  If there is no registered adder/accumulator following the multiply function, two pipeline stages are suggested to allow both the MREG and PREG registers to be used.  If the DSP48 was instantiated in the design, it is suggested to set both the MREG and PREG attributes to 1 when performing multiply functions.
Related violations: <none>

DPOP-4#14 Warning
MREG Output pipelining  
DSP SoC_i/VPU_Top_0/inst/u_my_ip/u_axi4_mapping/u_gemv/u_pmau_quad6/deq_s2_mul_reg multiplier stage SoC_i/VPU_Top_0/inst/u_my_ip/u_axi4_mapping/u_gemv/u_pmau_quad6/deq_s2_mul_reg/P[47:0] is not pipelined (MREG=0). Pipelining the multiplier function will improve performance and will save significant power so it is suggested whenever possible to fully pipeline this function.  If this multiplier was inferred, it is suggested to describe an additional register stage after this function.  If there is no registered adder/accumulator following the multiply function, two pipeline stages are suggested to allow both the MREG and PREG registers to be used.  If the DSP48 was instantiated in the design, it is suggested to set both the MREG and PREG attributes to 1 when performing multiply functions.
Related violations: <none>

DPOP-4#15 Warning
MREG Output pipelining  
DSP SoC_i/VPU_Top_0/inst/u_my_ip/u_axi4_mapping/u_gemv/u_pmau_quad7/deq_s2_mul0 multiplier stage SoC_i/VPU_Top_0/inst/u_my_ip/u_axi4_mapping/u_gemv/u_pmau_quad7/deq_s2_mul0/P[47:0] is not pipelined (MREG=0). Pipelining the multiplier function will improve performance and will save significant power so it is suggested whenever possible to fully pipeline this function.  If this multiplier was inferred, it is suggested to describe an additional register stage after this function.  If there is no registered adder/accumulator following the multiply function, two pipeline stages are suggested to allow both the MREG and PREG registers to be used.  If the DSP48 was instantiated in the design, it is suggested to set both the MREG and PREG attributes to 1 when performing multiply functions.
Related violations: <none>

DPOP-4#16 Warning
MREG Output pipelining  
DSP SoC_i/VPU_Top_0/inst/u_my_ip/u_axi4_mapping/u_gemv/u_pmau_quad7/deq_s2_mul_reg multiplier stage SoC_i/VPU_Top_0/inst/u_my_ip/u_axi4_mapping/u_gemv/u_pmau_quad7/deq_s2_mul_reg/P[47:0] is not pipelined (MREG=0). Pipelining the multiplier function will improve performance and will save significant power so it is suggested whenever possible to fully pipeline this function.  If this multiplier was inferred, it is suggested to describe an additional register stage after this function.  If there is no registered adder/accumulator following the multiply function, two pipeline stages are suggested to allow both the MREG and PREG registers to be used.  If the DSP48 was instantiated in the design, it is suggested to set both the MREG and PREG attributes to 1 when performing multiply functions.
Related violations: <none>

DPOP-4#17 Warning
MREG Output pipelining  
DSP SoC_i/VPU_Top_0/inst/u_my_ip/u_axi4_mapping/u_spu/u_spu_controller/u_q8_scale_accum/contribution_full_r_reg multiplier stage SoC_i/VPU_Top_0/inst/u_my_ip/u_axi4_mapping/u_spu/u_spu_controller/u_q8_scale_accum/contribution_full_r_reg/P[47:0] is not pipelined (MREG=0). Pipelining the multiplier function will improve performance and will save significant power so it is suggested whenever possible to fully pipeline this function.  If this multiplier was inferred, it is suggested to describe an additional register stage after this function.  If there is no registered adder/accumulator following the multiply function, two pipeline stages are suggested to allow both the MREG and PREG registers to be used.  If the DSP48 was instantiated in the design, it is suggested to set both the MREG and PREG attributes to 1 when performing multiply functions.
Related violations: <none>

DPOP-4#18 Warning
MREG Output pipelining  
DSP SoC_i/VPU_Top_0/inst/u_my_ip/u_axi4_mapping/u_spu/u_spu_controller/u_q8_scale_accum/contribution_full_r_reg__0 multiplier stage SoC_i/VPU_Top_0/inst/u_my_ip/u_axi4_mapping/u_spu/u_spu_controller/u_q8_scale_accum/contribution_full_r_reg__0/P[47:0] is not pipelined (MREG=0). Pipelining the multiplier function will improve performance and will save significant power so it is suggested whenever possible to fully pipeline this function.  If this multiplier was inferred, it is suggested to describe an additional register stage after this function.  If there is no registered adder/accumulator following the multiply function, two pipeline stages are suggested to allow both the MREG and PREG registers to be used.  If the DSP48 was instantiated in the design, it is suggested to set both the MREG and PREG attributes to 1 when performing multiply functions.
Related violations: <none>

DPOP-4#19 Warning
MREG Output pipelining  
DSP SoC_i/VPU_Top_0/inst/u_my_ip/u_axi4_mapping/u_spu/u_spu_controller/u_q8_scale_accum/contribution_full_r_reg__1 multiplier stage SoC_i/VPU_Top_0/inst/u_my_ip/u_axi4_mapping/u_spu/u_spu_controller/u_q8_scale_accum/contribution_full_r_reg__1/P[47:0] is not pipelined (MREG=0). Pipelining the multiplier function will improve performance and will save significant power so it is suggested whenever possible to fully pipeline this function.  If this multiplier was inferred, it is suggested to describe an additional register stage after this function.  If there is no registered adder/accumulator following the multiply function, two pipeline stages are suggested to allow both the MREG and PREG registers to be used.  If the DSP48 was instantiated in the design, it is suggested to set both the MREG and PREG attributes to 1 when performing multiply functions.
Related violations: <none>

DPOP-4#20 Warning
MREG Output pipelining  
DSP SoC_i/VPU_Top_0/inst/u_my_ip/u_axi4_mapping/u_spu/u_spu_controller/u_q8_scale_accum/contribution_mul_w multiplier stage SoC_i/VPU_Top_0/inst/u_my_ip/u_axi4_mapping/u_spu/u_spu_controller/u_q8_scale_accum/contribution_mul_w/P[47:0] is not pipelined (MREG=0). Pipelining the multiplier function will improve performance and will save significant power so it is suggested whenever possible to fully pipeline this function.  If this multiplier was inferred, it is suggested to describe an additional register stage after this function.  If there is no registered adder/accumulator following the multiply function, two pipeline stages are suggested to allow both the MREG and PREG registers to be used.  If the DSP48 was instantiated in the design, it is suggested to set both the MREG and PREG attributes to 1 when performing multiply functions.
Related violations: <none>

DPOP-4#21 Warning
MREG Output pipelining  
DSP SoC_i/VPU_Top_0/inst/u_my_ip/u_axi4_mapping/u_spu/u_spu_controller/u_q8_scale_accum/contribution_mul_w__1 multiplier stage SoC_i/VPU_Top_0/inst/u_my_ip/u_axi4_mapping/u_spu/u_spu_controller/u_q8_scale_accum/contribution_mul_w__1/P[47:0] is not pipelined (MREG=0). Pipelining the multiplier function will improve performance and will save significant power so it is suggested whenever possible to fully pipeline this function.  If this multiplier was inferred, it is suggested to describe an additional register stage after this function.  If there is no registered adder/accumulator following the multiply function, two pipeline stages are suggested to allow both the MREG and PREG registers to be used.  If the DSP48 was instantiated in the design, it is suggested to set both the MREG and PREG attributes to 1 when performing multiply functions.
Related violations: <none>

DPOP-4#22 Warning
MREG Output pipelining  
DSP SoC_i/VPU_Top_0/inst/u_my_ip/u_axi4_mapping/u_spu/u_spu_controller/u_q8_scale_accum/contribution_mul_w__2 multiplier stage SoC_i/VPU_Top_0/inst/u_my_ip/u_axi4_mapping/u_spu/u_spu_controller/u_q8_scale_accum/contribution_mul_w__2/P[47:0] is not pipelined (MREG=0). Pipelining the multiplier function will improve performance and will save significant power so it is suggested whenever possible to fully pipeline this function.  If this multiplier was inferred, it is suggested to describe an additional register stage after this function.  If there is no registered adder/accumulator following the multiply function, two pipeline stages are suggested to allow both the MREG and PREG registers to be used.  If the DSP48 was instantiated in the design, it is suggested to set both the MREG and PREG attributes to 1 when performing multiply functions.
Related violations: <none>

DPOP-4#23 Warning
MREG Output pipelining  
DSP SoC_i/VPU_Top_0/inst/u_my_ip/u_axi4_mapping/u_spu/u_spu_controller/u_q8_scale_accum/product_scale_hh_r_reg multiplier stage SoC_i/VPU_Top_0/inst/u_my_ip/u_axi4_mapping/u_spu/u_spu_controller/u_q8_scale_accum/product_scale_hh_r_reg/P[47:0] is not pipelined (MREG=0). Pipelining the multiplier function will improve performance and will save significant power so it is suggested whenever possible to fully pipeline this function.  If this multiplier was inferred, it is suggested to describe an additional register stage after this function.  If there is no registered adder/accumulator following the multiply function, two pipeline stages are suggested to allow both the MREG and PREG registers to be used.  If the DSP48 was instantiated in the design, it is suggested to set both the MREG and PREG attributes to 1 when performing multiply functions.
Related violations: <none>

DPOP-4#24 Warning
MREG Output pipelining  
DSP SoC_i/VPU_Top_0/inst/u_my_ip/u_axi4_mapping/u_spu/u_spu_controller/u_q8_scale_accum/product_scale_hh_r_reg__0 multiplier stage SoC_i/VPU_Top_0/inst/u_my_ip/u_axi4_mapping/u_spu/u_spu_controller/u_q8_scale_accum/product_scale_hh_r_reg__0/P[47:0] is not pipelined (MREG=0). Pipelining the multiplier function will improve performance and will save significant power so it is suggested whenever possible to fully pipeline this function.  If this multiplier was inferred, it is suggested to describe an additional register stage after this function.  If there is no registered adder/accumulator following the multiply function, two pipeline stages are suggested to allow both the MREG and PREG registers to be used.  If the DSP48 was instantiated in the design, it is suggested to set both the MREG and PREG attributes to 1 when performing multiply functions.
Related violations: <none>

DPOP-4#25 Warning
MREG Output pipelining  
DSP SoC_i/VPU_Top_0/inst/u_my_ip/u_axi4_mapping/u_spu/u_spu_controller/u_q8_scale_accum/product_scale_hh_w multiplier stage SoC_i/VPU_Top_0/inst/u_my_ip/u_axi4_mapping/u_spu/u_spu_controller/u_q8_scale_accum/product_scale_hh_w/P[47:0] is not pipelined (MREG=0). Pipelining the multiplier function will improve performance and will save significant power so it is suggested whenever possible to fully pipeline this function.  If this multiplier was inferred, it is suggested to describe an additional register stage after this function.  If there is no registered adder/accumulator following the multiply function, two pipeline stages are suggested to allow both the MREG and PREG registers to be used.  If the DSP48 was instantiated in the design, it is suggested to set both the MREG and PREG attributes to 1 when performing multiply functions.
Related violations: <none>

DPOP-4#26 Warning
MREG Output pipelining  
DSP SoC_i/VPU_Top_0/inst/u_my_ip/u_axi4_mapping/u_spu/u_spu_controller/u_q8_scale_accum/product_scale_hh_w__0 multiplier stage SoC_i/VPU_Top_0/inst/u_my_ip/u_axi4_mapping/u_spu/u_spu_controller/u_q8_scale_accum/product_scale_hh_w__0/P[47:0] is not pipelined (MREG=0). Pipelining the multiplier function will improve performance and will save significant power so it is suggested whenever possible to fully pipeline this function.  If this multiplier was inferred, it is suggested to describe an additional register stage after this function.  If there is no registered adder/accumulator following the multiply function, two pipeline stages are suggested to allow both the MREG and PREG registers to be used.  If the DSP48 was instantiated in the design, it is suggested to set both the MREG and PREG attributes to 1 when performing multiply functions.
Related violations: <none>

DPOP-4#27 Warning
MREG Output pipelining  
DSP SoC_i/VPU_Top_0/inst/u_my_ip/u_axi4_mapping/u_spu/u_spu_controller/u_q8_scale_accum/product_scale_hl_r_reg multiplier stage SoC_i/VPU_Top_0/inst/u_my_ip/u_axi4_mapping/u_spu/u_spu_controller/u_q8_scale_accum/product_scale_hl_r_reg/P[47:0] is not pipelined (MREG=0). Pipelining the multiplier function will improve performance and will save significant power so it is suggested whenever possible to fully pipeline this function.  If this multiplier was inferred, it is suggested to describe an additional register stage after this function.  If there is no registered adder/accumulator following the multiply function, two pipeline stages are suggested to allow both the MREG and PREG registers to be used.  If the DSP48 was instantiated in the design, it is suggested to set both the MREG and PREG attributes to 1 when performing multiply functions.
Related violations: <none>

DPOP-4#28 Warning
MREG Output pipelining  
DSP SoC_i/VPU_Top_0/inst/u_my_ip/u_axi4_mapping/u_spu/u_spu_controller/u_q8_scale_accum/product_scale_hl_r_reg__0 multiplier stage SoC_i/VPU_Top_0/inst/u_my_ip/u_axi4_mapping/u_spu/u_spu_controller/u_q8_scale_accum/product_scale_hl_r_reg__0/P[47:0] is not pipelined (MREG=0). Pipelining the multiplier function will improve performance and will save significant power so it is suggested whenever possible to fully pipeline this function.  If this multiplier was inferred, it is suggested to describe an additional register stage after this function.  If there is no registered adder/accumulator following the multiply function, two pipeline stages are suggested to allow both the MREG and PREG registers to be used.  If the DSP48 was instantiated in the design, it is suggested to set both the MREG and PREG attributes to 1 when performing multiply functions.
Related violations: <none>

DPOP-4#29 Warning
MREG Output pipelining  
DSP SoC_i/VPU_Top_0/inst/u_my_ip/u_axi4_mapping/u_spu/u_spu_controller/u_q8_scale_accum/product_scale_hl_w multiplier stage SoC_i/VPU_Top_0/inst/u_my_ip/u_axi4_mapping/u_spu/u_spu_controller/u_q8_scale_accum/product_scale_hl_w/P[47:0] is not pipelined (MREG=0). Pipelining the multiplier function will improve performance and will save significant power so it is suggested whenever possible to fully pipeline this function.  If this multiplier was inferred, it is suggested to describe an additional register stage after this function.  If there is no registered adder/accumulator following the multiply function, two pipeline stages are suggested to allow both the MREG and PREG registers to be used.  If the DSP48 was instantiated in the design, it is suggested to set both the MREG and PREG attributes to 1 when performing multiply functions.
Related violations: <none>

DPOP-4#30 Warning
MREG Output pipelining  
DSP SoC_i/VPU_Top_0/inst/u_my_ip/u_axi4_mapping/u_spu/u_spu_controller/u_q8_scale_accum/product_scale_hl_w__0 multiplier stage SoC_i/VPU_Top_0/inst/u_my_ip/u_axi4_mapping/u_spu/u_spu_controller/u_q8_scale_accum/product_scale_hl_w__0/P[47:0] is not pipelined (MREG=0). Pipelining the multiplier function will improve performance and will save significant power so it is suggested whenever possible to fully pipeline this function.  If this multiplier was inferred, it is suggested to describe an additional register stage after this function.  If there is no registered adder/accumulator following the multiply function, two pipeline stages are suggested to allow both the MREG and PREG registers to be used.  If the DSP48 was instantiated in the design, it is suggested to set both the MREG and PREG attributes to 1 when performing multiply functions.
Related violations: <none>

DPOP-4#31 Warning
MREG Output pipelining  
DSP SoC_i/VPU_Top_0/inst/u_my_ip/u_axi4_mapping/u_spu/u_spu_controller/u_q8_scale_accum/product_scale_lh_r_reg multiplier stage SoC_i/VPU_Top_0/inst/u_my_ip/u_axi4_mapping/u_spu/u_spu_controller/u_q8_scale_accum/product_scale_lh_r_reg/P[47:0] is not pipelined (MREG=0). Pipelining the multiplier function will improve performance and will save significant power so it is suggested whenever possible to fully pipeline this function.  If this multiplier was inferred, it is suggested to describe an additional register stage after this function.  If there is no registered adder/accumulator following the multiply function, two pipeline stages are suggested to allow both the MREG and PREG registers to be used.  If the DSP48 was instantiated in the design, it is suggested to set both the MREG and PREG attributes to 1 when performing multiply functions.
Related violations: <none>

DPOP-4#32 Warning
MREG Output pipelining  
DSP SoC_i/VPU_Top_0/inst/u_my_ip/u_axi4_mapping/u_spu/u_spu_controller/u_q8_scale_accum/product_scale_lh_r_reg__0 multiplier stage SoC_i/VPU_Top_0/inst/u_my_ip/u_axi4_mapping/u_spu/u_spu_controller/u_q8_scale_accum/product_scale_lh_r_reg__0/P[47:0] is not pipelined (MREG=0). Pipelining the multiplier function will improve performance and will save significant power so it is suggested whenever possible to fully pipeline this function.  If this multiplier was inferred, it is suggested to describe an additional register stage after this function.  If there is no registered adder/accumulator following the multiply function, two pipeline stages are suggested to allow both the MREG and PREG registers to be used.  If the DSP48 was instantiated in the design, it is suggested to set both the MREG and PREG attributes to 1 when performing multiply functions.
Related violations: <none>

DPOP-4#33 Warning
MREG Output pipelining  
DSP SoC_i/VPU_Top_0/inst/u_my_ip/u_axi4_mapping/u_spu/u_spu_controller/u_q8_scale_accum/product_scale_lh_w multiplier stage SoC_i/VPU_Top_0/inst/u_my_ip/u_axi4_mapping/u_spu/u_spu_controller/u_q8_scale_accum/product_scale_lh_w/P[47:0] is not pipelined (MREG=0). Pipelining the multiplier function will improve performance and will save significant power so it is suggested whenever possible to fully pipeline this function.  If this multiplier was inferred, it is suggested to describe an additional register stage after this function.  If there is no registered adder/accumulator following the multiply function, two pipeline stages are suggested to allow both the MREG and PREG registers to be used.  If the DSP48 was instantiated in the design, it is suggested to set both the MREG and PREG attributes to 1 when performing multiply functions.
Related violations: <none>

DPOP-4#34 Warning
MREG Output pipelining  
DSP SoC_i/VPU_Top_0/inst/u_my_ip/u_axi4_mapping/u_spu/u_spu_controller/u_q8_scale_accum/product_scale_lh_w__0 multiplier stage SoC_i/VPU_Top_0/inst/u_my_ip/u_axi4_mapping/u_spu/u_spu_controller/u_q8_scale_accum/product_scale_lh_w__0/P[47:0] is not pipelined (MREG=0). Pipelining the multiplier function will improve performance and will save significant power so it is suggested whenever possible to fully pipeline this function.  If this multiplier was inferred, it is suggested to describe an additional register stage after this function.  If there is no registered adder/accumulator following the multiply function, two pipeline stages are suggested to allow both the MREG and PREG registers to be used.  If the DSP48 was instantiated in the design, it is suggested to set both the MREG and PREG attributes to 1 when performing multiply functions.
Related violations: <none>

DPOP-4#35 Warning
MREG Output pipelining  
DSP SoC_i/VPU_Top_0/inst/u_my_ip/u_axi4_mapping/u_spu/u_spu_controller/u_q8_scale_accum/product_scale_ll_r_reg multiplier stage SoC_i/VPU_Top_0/inst/u_my_ip/u_axi4_mapping/u_spu/u_spu_controller/u_q8_scale_accum/product_scale_ll_r_reg/P[47:0] is not pipelined (MREG=0). Pipelining the multiplier function will improve performance and will save significant power so it is suggested whenever possible to fully pipeline this function.  If this multiplier was inferred, it is suggested to describe an additional register stage after this function.  If there is no registered adder/accumulator following the multiply function, two pipeline stages are suggested to allow both the MREG and PREG registers to be used.  If the DSP48 was instantiated in the design, it is suggested to set both the MREG and PREG attributes to 1 when performing multiply functions.
Related violations: <none>

DPOP-4#36 Warning
MREG Output pipelining  
DSP SoC_i/VPU_Top_0/inst/u_my_ip/u_axi4_mapping/u_spu/u_spu_controller/u_q8_scale_accum/product_scale_ll_r_reg__0 multiplier stage SoC_i/VPU_Top_0/inst/u_my_ip/u_axi4_mapping/u_spu/u_spu_controller/u_q8_scale_accum/product_scale_ll_r_reg__0/P[47:0] is not pipelined (MREG=0). Pipelining the multiplier function will improve performance and will save significant power so it is suggested whenever possible to fully pipeline this function.  If this multiplier was inferred, it is suggested to describe an additional register stage after this function.  If there is no registered adder/accumulator following the multiply function, two pipeline stages are suggested to allow both the MREG and PREG registers to be used.  If the DSP48 was instantiated in the design, it is suggested to set both the MREG and PREG attributes to 1 when performing multiply functions.
Related violations: <none>

DPOP-4#37 Warning
MREG Output pipelining  
DSP SoC_i/VPU_Top_0/inst/u_my_ip/u_axi4_mapping/u_spu/u_spu_controller/u_q8_scale_accum/product_scale_ll_w multiplier stage SoC_i/VPU_Top_0/inst/u_my_ip/u_axi4_mapping/u_spu/u_spu_controller/u_q8_scale_accum/product_scale_ll_w/P[47:0] is not pipelined (MREG=0). Pipelining the multiplier function will improve performance and will save significant power so it is suggested whenever possible to fully pipeline this function.  If this multiplier was inferred, it is suggested to describe an additional register stage after this function.  If there is no registered adder/accumulator following the multiply function, two pipeline stages are suggested to allow both the MREG and PREG registers to be used.  If the DSP48 was instantiated in the design, it is suggested to set both the MREG and PREG attributes to 1 when performing multiply functions.
Related violations: <none>

DPOP-4#38 Warning
MREG Output pipelining  
DSP SoC_i/VPU_Top_0/inst/u_my_ip/u_axi4_mapping/u_spu/u_spu_controller/u_q8_scale_accum/product_scale_ll_w__0 multiplier stage SoC_i/VPU_Top_0/inst/u_my_ip/u_axi4_mapping/u_spu/u_spu_controller/u_q8_scale_accum/product_scale_ll_w__0/P[47:0] is not pipelined (MREG=0). Pipelining the multiplier function will improve performance and will save significant power so it is suggested whenever possible to fully pipeline this function.  If this multiplier was inferred, it is suggested to describe an additional register stage after this function.  If there is no registered adder/accumulator following the multiply function, two pipeline stages are suggested to allow both the MREG and PREG registers to be used.  If the DSP48 was instantiated in the design, it is suggested to set both the MREG and PREG attributes to 1 when performing multiply functions.
Related violations: <none>

DPOP-4#39 Warning
MREG Output pipelining  
DSP SoC_i/VPU_Top_0/inst/u_my_ip/u_axi4_mapping/u_spu/u_spu_controller/u_rmsnorm/norm_product_r_reg multiplier stage SoC_i/VPU_Top_0/inst/u_my_ip/u_axi4_mapping/u_spu/u_spu_controller/u_rmsnorm/norm_product_r_reg/P[47:0] is not pipelined (MREG=0). Pipelining the multiplier function will improve performance and will save significant power so it is suggested whenever possible to fully pipeline this function.  If this multiplier was inferred, it is suggested to describe an additional register stage after this function.  If there is no registered adder/accumulator following the multiply function, two pipeline stages are suggested to allow both the MREG and PREG registers to be used.  If the DSP48 was instantiated in the design, it is suggested to set both the MREG and PREG attributes to 1 when performing multiply functions.
Related violations: <none>

DPOP-4#40 Warning
MREG Output pipelining  
DSP SoC_i/VPU_Top_0/inst/u_my_ip/u_axi4_mapping/u_spu/u_spu_controller/u_rmsnorm/norm_product_r_reg__0 multiplier stage SoC_i/VPU_Top_0/inst/u_my_ip/u_axi4_mapping/u_spu/u_spu_controller/u_rmsnorm/norm_product_r_reg__0/P[47:0] is not pipelined (MREG=0). Pipelining the multiplier function will improve performance and will save significant power so it is suggested whenever possible to fully pipeline this function.  If this multiplier was inferred, it is suggested to describe an additional register stage after this function.  If there is no registered adder/accumulator following the multiply function, two pipeline stages are suggested to allow both the MREG and PREG registers to be used.  If the DSP48 was instantiated in the design, it is suggested to set both the MREG and PREG attributes to 1 when performing multiply functions.
Related violations: <none>

DPOP-4#41 Warning
MREG Output pipelining  
DSP SoC_i/VPU_Top_0/inst/u_my_ip/u_axi4_mapping/u_spu/u_spu_controller/u_rmsnorm/norm_product_w multiplier stage SoC_i/VPU_Top_0/inst/u_my_ip/u_axi4_mapping/u_spu/u_spu_controller/u_rmsnorm/norm_product_w/P[47:0] is not pipelined (MREG=0). Pipelining the multiplier function will improve performance and will save significant power so it is suggested whenever possible to fully pipeline this function.  If this multiplier was inferred, it is suggested to describe an additional register stage after this function.  If there is no registered adder/accumulator following the multiply function, two pipeline stages are suggested to allow both the MREG and PREG registers to be used.  If the DSP48 was instantiated in the design, it is suggested to set both the MREG and PREG attributes to 1 when performing multiply functions.
Related violations: <none>

DPOP-4#42 Warning
MREG Output pipelining  
DSP SoC_i/VPU_Top_0/inst/u_my_ip/u_axi4_mapping/u_spu/u_spu_controller/u_rmsnorm/norm_product_w__0 multiplier stage SoC_i/VPU_Top_0/inst/u_my_ip/u_axi4_mapping/u_spu/u_spu_controller/u_rmsnorm/norm_product_w__0/P[47:0] is not pipelined (MREG=0). Pipelining the multiplier function will improve performance and will save significant power so it is suggested whenever possible to fully pipeline this function.  If this multiplier was inferred, it is suggested to describe an additional register stage after this function.  If there is no registered adder/accumulator following the multiply function, two pipeline stages are suggested to allow both the MREG and PREG registers to be used.  If the DSP48 was instantiated in the design, it is suggested to set both the MREG and PREG attributes to 1 when performing multiply functions.
Related violations: <none>

DPOP-4#43 Warning
MREG Output pipelining  
DSP SoC_i/VPU_Top_0/inst/u_my_ip/u_axi4_mapping/u_spu/u_spu_controller/u_rmsnorm/sumsq_product_r_reg multiplier stage SoC_i/VPU_Top_0/inst/u_my_ip/u_axi4_mapping/u_spu/u_spu_controller/u_rmsnorm/sumsq_product_r_reg/P[47:0] is not pipelined (MREG=0). Pipelining the multiplier function will improve performance and will save significant power so it is suggested whenever possible to fully pipeline this function.  If this multiplier was inferred, it is suggested to describe an additional register stage after this function.  If there is no registered adder/accumulator following the multiply function, two pipeline stages are suggested to allow both the MREG and PREG registers to be used.  If the DSP48 was instantiated in the design, it is suggested to set both the MREG and PREG attributes to 1 when performing multiply functions.
Related violations: <none>

DPOP-4#44 Warning
MREG Output pipelining  
DSP SoC_i/VPU_Top_0/inst/u_my_ip/u_axi4_mapping/u_spu/u_spu_controller/u_rmsnorm/value_weight_r_reg multiplier stage SoC_i/VPU_Top_0/inst/u_my_ip/u_axi4_mapping/u_spu/u_spu_controller/u_rmsnorm/value_weight_r_reg/P[47:0] is not pipelined (MREG=0). Pipelining the multiplier function will improve performance and will save significant power so it is suggested whenever possible to fully pipeline this function.  If this multiplier was inferred, it is suggested to describe an additional register stage after this function.  If there is no registered adder/accumulator following the multiply function, two pipeline stages are suggested to allow both the MREG and PREG registers to be used.  If the DSP48 was instantiated in the design, it is suggested to set both the MREG and PREG attributes to 1 when performing multiply functions.
Related violations: <none>

DPOP-4#45 Warning
MREG Output pipelining  
DSP SoC_i/VPU_Top_0/inst/u_my_ip/u_axi4_mapping/u_spu/u_spu_controller/u_silu_mul/result_q8_r1 multiplier stage SoC_i/VPU_Top_0/inst/u_my_ip/u_axi4_mapping/u_spu/u_spu_controller/u_silu_mul/result_q8_r1/P[47:0] is not pipelined (MREG=0). Pipelining the multiplier function will improve performance and will save significant power so it is suggested whenever possible to fully pipeline this function.  If this multiplier was inferred, it is suggested to describe an additional register stage after this function.  If there is no registered adder/accumulator following the multiply function, two pipeline stages are suggested to allow both the MREG and PREG registers to be used.  If the DSP48 was instantiated in the design, it is suggested to set both the MREG and PREG attributes to 1 when performing multiply functions.
Related violations: <none>

DPOP-4#46 Warning
MREG Output pipelining  
DSP SoC_i/VPU_Top_0/inst/u_my_ip/u_axi4_mapping/u_spu/u_spu_controller/u_silu_mul/result_q8_r1__0 multiplier stage SoC_i/VPU_Top_0/inst/u_my_ip/u_axi4_mapping/u_spu/u_spu_controller/u_silu_mul/result_q8_r1__0/P[47:0] is not pipelined (MREG=0). Pipelining the multiplier function will improve performance and will save significant power so it is suggested whenever possible to fully pipeline this function.  If this multiplier was inferred, it is suggested to describe an additional register stage after this function.  If there is no registered adder/accumulator following the multiply function, two pipeline stages are suggested to allow both the MREG and PREG registers to be used.  If the DSP48 was instantiated in the design, it is suggested to set both the MREG and PREG attributes to 1 when performing multiply functions.
Related violations: <none>

DPOP-4#47 Warning
MREG Output pipelining  
DSP SoC_i/VPU_Top_0/inst/u_my_ip/u_axi4_mapping/u_spu/u_spu_controller/u_silu_mul/result_q8_r1__1 multiplier stage SoC_i/VPU_Top_0/inst/u_my_ip/u_axi4_mapping/u_spu/u_spu_controller/u_silu_mul/result_q8_r1__1/P[47:0] is not pipelined (MREG=0). Pipelining the multiplier function will improve performance and will save significant power so it is suggested whenever possible to fully pipeline this function.  If this multiplier was inferred, it is suggested to describe an additional register stage after this function.  If there is no registered adder/accumulator following the multiply function, two pipeline stages are suggested to allow both the MREG and PREG registers to be used.  If the DSP48 was instantiated in the design, it is suggested to set both the MREG and PREG attributes to 1 when performing multiply functions.
Related violations: <none>

DPOP-4#48 Warning
MREG Output pipelining  
DSP SoC_i/VPU_Top_0/inst/u_my_ip/u_axi4_mapping/u_spu/u_spu_controller/u_silu_mul/silu_q8_r1 multiplier stage SoC_i/VPU_Top_0/inst/u_my_ip/u_axi4_mapping/u_spu/u_spu_controller/u_silu_mul/silu_q8_r1/P[47:0] is not pipelined (MREG=0). Pipelining the multiplier function will improve performance and will save significant power so it is suggested whenever possible to fully pipeline this function.  If this multiplier was inferred, it is suggested to describe an additional register stage after this function.  If there is no registered adder/accumulator following the multiply function, two pipeline stages are suggested to allow both the MREG and PREG registers to be used.  If the DSP48 was instantiated in the design, it is suggested to set both the MREG and PREG attributes to 1 when performing multiply functions.
Related violations: <none>

DPOP-4#49 Warning
MREG Output pipelining  
DSP SoC_i/VPU_Top_0/inst/u_my_ip/u_axi4_mapping/u_spu/u_vpu_stream8/GEN_ACCUM8[0].u_accum/contribution_full_r_reg multiplier stage SoC_i/VPU_Top_0/inst/u_my_ip/u_axi4_mapping/u_spu/u_vpu_stream8/GEN_ACCUM8[0].u_accum/contribution_full_r_reg/P[47:0] is not pipelined (MREG=0). Pipelining the multiplier function will improve performance and will save significant power so it is suggested whenever possible to fully pipeline this function.  If this multiplier was inferred, it is suggested to describe an additional register stage after this function.  If there is no registered adder/accumulator following the multiply function, two pipeline stages are suggested to allow both the MREG and PREG registers to be used.  If the DSP48 was instantiated in the design, it is suggested to set both the MREG and PREG attributes to 1 when performing multiply functions.
Related violations: <none>

DPOP-4#50 Warning
MREG Output pipelining  
DSP SoC_i/VPU_Top_0/inst/u_my_ip/u_axi4_mapping/u_spu/u_vpu_stream8/GEN_ACCUM8[0].u_accum/contribution_full_r_reg__0 multiplier stage SoC_i/VPU_Top_0/inst/u_my_ip/u_axi4_mapping/u_spu/u_vpu_stream8/GEN_ACCUM8[0].u_accum/contribution_full_r_reg__0/P[47:0] is not pipelined (MREG=0). Pipelining the multiplier function will improve performance and will save significant power so it is suggested whenever possible to fully pipeline this function.  If this multiplier was inferred, it is suggested to describe an additional register stage after this function.  If there is no registered adder/accumulator following the multiply function, two pipeline stages are suggested to allow both the MREG and PREG registers to be used.  If the DSP48 was instantiated in the design, it is suggested to set both the MREG and PREG attributes to 1 when performing multiply functions.
Related violations: <none>

DPOP-4#51 Warning
MREG Output pipelining  
DSP SoC_i/VPU_Top_0/inst/u_my_ip/u_axi4_mapping/u_spu/u_vpu_stream8/GEN_ACCUM8[0].u_accum/contribution_full_r_reg__1 multiplier stage SoC_i/VPU_Top_0/inst/u_my_ip/u_axi4_mapping/u_spu/u_vpu_stream8/GEN_ACCUM8[0].u_accum/contribution_full_r_reg__1/P[47:0] is not pipelined (MREG=0). Pipelining the multiplier function will improve performance and will save significant power so it is suggested whenever possible to fully pipeline this function.  If this multiplier was inferred, it is suggested to describe an additional register stage after this function.  If there is no registered adder/accumulator following the multiply function, two pipeline stages are suggested to allow both the MREG and PREG registers to be used.  If the DSP48 was instantiated in the design, it is suggested to set both the MREG and PREG attributes to 1 when performing multiply functions.
Related violations: <none>

DPOP-4#52 Warning
MREG Output pipelining  
DSP SoC_i/VPU_Top_0/inst/u_my_ip/u_axi4_mapping/u_spu/u_vpu_stream8/GEN_ACCUM8[0].u_accum/contribution_mul_w multiplier stage SoC_i/VPU_Top_0/inst/u_my_ip/u_axi4_mapping/u_spu/u_vpu_stream8/GEN_ACCUM8[0].u_accum/contribution_mul_w/P[47:0] is not pipelined (MREG=0). Pipelining the multiplier function will improve performance and will save significant power so it is suggested whenever possible to fully pipeline this function.  If this multiplier was inferred, it is suggested to describe an additional register stage after this function.  If there is no registered adder/accumulator following the multiply function, two pipeline stages are suggested to allow both the MREG and PREG registers to be used.  If the DSP48 was instantiated in the design, it is suggested to set both the MREG and PREG attributes to 1 when performing multiply functions.
Related violations: <none>

DPOP-4#53 Warning
MREG Output pipelining  
DSP SoC_i/VPU_Top_0/inst/u_my_ip/u_axi4_mapping/u_spu/u_vpu_stream8/GEN_ACCUM8[0].u_accum/contribution_mul_w__1 multiplier stage SoC_i/VPU_Top_0/inst/u_my_ip/u_axi4_mapping/u_spu/u_vpu_stream8/GEN_ACCUM8[0].u_accum/contribution_mul_w__1/P[47:0] is not pipelined (MREG=0). Pipelining the multiplier function will improve performance and will save significant power so it is suggested whenever possible to fully pipeline this function.  If this multiplier was inferred, it is suggested to describe an additional register stage after this function.  If there is no registered adder/accumulator following the multiply function, two pipeline stages are suggested to allow both the MREG and PREG registers to be used.  If the DSP48 was instantiated in the design, it is suggested to set both the MREG and PREG attributes to 1 when performing multiply functions.
Related violations: <none>

DPOP-4#54 Warning
MREG Output pipelining  
DSP SoC_i/VPU_Top_0/inst/u_my_ip/u_axi4_mapping/u_spu/u_vpu_stream8/GEN_ACCUM8[0].u_accum/contribution_mul_w__2 multiplier stage SoC_i/VPU_Top_0/inst/u_my_ip/u_axi4_mapping/u_spu/u_vpu_stream8/GEN_ACCUM8[0].u_accum/contribution_mul_w__2/P[47:0] is not pipelined (MREG=0). Pipelining the multiplier function will improve performance and will save significant power so it is suggested whenever possible to fully pipeline this function.  If this multiplier was inferred, it is suggested to describe an additional register stage after this function.  If there is no registered adder/accumulator following the multiply function, two pipeline stages are suggested to allow both the MREG and PREG registers to be used.  If the DSP48 was instantiated in the design, it is suggested to set both the MREG and PREG attributes to 1 when performing multiply functions.
Related violations: <none>

DPOP-4#55 Warning
MREG Output pipelining  
DSP SoC_i/VPU_Top_0/inst/u_my_ip/u_axi4_mapping/u_spu/u_vpu_stream8/GEN_ACCUM8[0].u_accum/product_scale_hh_r_reg multiplier stage SoC_i/VPU_Top_0/inst/u_my_ip/u_axi4_mapping/u_spu/u_vpu_stream8/GEN_ACCUM8[0].u_accum/product_scale_hh_r_reg/P[47:0] is not pipelined (MREG=0). Pipelining the multiplier function will improve performance and will save significant power so it is suggested whenever possible to fully pipeline this function.  If this multiplier was inferred, it is suggested to describe an additional register stage after this function.  If there is no registered adder/accumulator following the multiply function, two pipeline stages are suggested to allow both the MREG and PREG registers to be used.  If the DSP48 was instantiated in the design, it is suggested to set both the MREG and PREG attributes to 1 when performing multiply functions.
Related violations: <none>

DPOP-4#56 Warning
MREG Output pipelining  
DSP SoC_i/VPU_Top_0/inst/u_my_ip/u_axi4_mapping/u_spu/u_vpu_stream8/GEN_ACCUM8[0].u_accum/product_scale_hh_r_reg__0 multiplier stage SoC_i/VPU_Top_0/inst/u_my_ip/u_axi4_mapping/u_spu/u_vpu_stream8/GEN_ACCUM8[0].u_accum/product_scale_hh_r_reg__0/P[47:0] is not pipelined (MREG=0). Pipelining the multiplier function will improve performance and will save significant power so it is suggested whenever possible to fully pipeline this function.  If this multiplier was inferred, it is suggested to describe an additional register stage after this function.  If there is no registered adder/accumulator following the multiply function, two pipeline stages are suggested to allow both the MREG and PREG registers to be used.  If the DSP48 was instantiated in the design, it is suggested to set both the MREG and PREG attributes to 1 when performing multiply functions.
Related violations: <none>

DPOP-4#57 Warning
MREG Output pipelining  
DSP SoC_i/VPU_Top_0/inst/u_my_ip/u_axi4_mapping/u_spu/u_vpu_stream8/GEN_ACCUM8[0].u_accum/product_scale_hh_w multiplier stage SoC_i/VPU_Top_0/inst/u_my_ip/u_axi4_mapping/u_spu/u_vpu_stream8/GEN_ACCUM8[0].u_accum/product_scale_hh_w/P[47:0] is not pipelined (MREG=0). Pipelining the multiplier function will improve performance and will save significant power so it is suggested whenever possible to fully pipeline this function.  If this multiplier was inferred, it is suggested to describe an additional register stage after this function.  If there is no registered adder/accumulator following the multiply function, two pipeline stages are suggested to allow both the MREG and PREG registers to be used.  If the DSP48 was instantiated in the design, it is suggested to set both the MREG and PREG attributes to 1 when performing multiply functions.
Related violations: <none>

DPOP-4#58 Warning
MREG Output pipelining  
DSP SoC_i/VPU_Top_0/inst/u_my_ip/u_axi4_mapping/u_spu/u_vpu_stream8/GEN_ACCUM8[0].u_accum/product_scale_hh_w__0 multiplier stage SoC_i/VPU_Top_0/inst/u_my_ip/u_axi4_mapping/u_spu/u_vpu_stream8/GEN_ACCUM8[0].u_accum/product_scale_hh_w__0/P[47:0] is not pipelined (MREG=0). Pipelining the multiplier function will improve performance and will save significant power so it is suggested whenever possible to fully pipeline this function.  If this multiplier was inferred, it is suggested to describe an additional register stage after this function.  If there is no registered adder/accumulator following the multiply function, two pipeline stages are suggested to allow both the MREG and PREG registers to be used.  If the DSP48 was instantiated in the design, it is suggested to set both the MREG and PREG attributes to 1 when performing multiply functions.
Related violations: <none>

DPOP-4#59 Warning
MREG Output pipelining  
DSP SoC_i/VPU_Top_0/inst/u_my_ip/u_axi4_mapping/u_spu/u_vpu_stream8/GEN_ACCUM8[0].u_accum/product_scale_hl_r_reg multiplier stage SoC_i/VPU_Top_0/inst/u_my_ip/u_axi4_mapping/u_spu/u_vpu_stream8/GEN_ACCUM8[0].u_accum/product_scale_hl_r_reg/P[47:0] is not pipelined (MREG=0). Pipelining the multiplier function will improve performance and will save significant power so it is suggested whenever possible to fully pipeline this function.  If this multiplier was inferred, it is suggested to describe an additional register stage after this function.  If there is no registered adder/accumulator following the multiply function, two pipeline stages are suggested to allow both the MREG and PREG registers to be used.  If the DSP48 was instantiated in the design, it is suggested to set both the MREG and PREG attributes to 1 when performing multiply functions.
Related violations: <none>

DPOP-4#60 Warning
MREG Output pipelining  
DSP SoC_i/VPU_Top_0/inst/u_my_ip/u_axi4_mapping/u_spu/u_vpu_stream8/GEN_ACCUM8[0].u_accum/product_scale_hl_r_reg__0 multiplier stage SoC_i/VPU_Top_0/inst/u_my_ip/u_axi4_mapping/u_spu/u_vpu_stream8/GEN_ACCUM8[0].u_accum/product_scale_hl_r_reg__0/P[47:0] is not pipelined (MREG=0). Pipelining the multiplier function will improve performance and will save significant power so it is suggested whenever possible to fully pipeline this function.  If this multiplier was inferred, it is suggested to describe an additional register stage after this function.  If there is no registered adder/accumulator following the multiply function, two pipeline stages are suggested to allow both the MREG and PREG registers to be used.  If the DSP48 was instantiated in the design, it is suggested to set both the MREG and PREG attributes to 1 when performing multiply functions.
Related violations: <none>

DPOP-4#61 Warning
MREG Output pipelining  
DSP SoC_i/VPU_Top_0/inst/u_my_ip/u_axi4_mapping/u_spu/u_vpu_stream8/GEN_ACCUM8[0].u_accum/product_scale_hl_w multiplier stage SoC_i/VPU_Top_0/inst/u_my_ip/u_axi4_mapping/u_spu/u_vpu_stream8/GEN_ACCUM8[0].u_accum/product_scale_hl_w/P[47:0] is not pipelined (MREG=0). Pipelining the multiplier function will improve performance and will save significant power so it is suggested whenever possible to fully pipeline this function.  If this multiplier was inferred, it is suggested to describe an additional register stage after this function.  If there is no registered adder/accumulator following the multiply function, two pipeline stages are suggested to allow both the MREG and PREG registers to be used.  If the DSP48 was instantiated in the design, it is suggested to set both the MREG and PREG attributes to 1 when performing multiply functions.
Related violations: <none>

DPOP-4#62 Warning
MREG Output pipelining  
DSP SoC_i/VPU_Top_0/inst/u_my_ip/u_axi4_mapping/u_spu/u_vpu_stream8/GEN_ACCUM8[0].u_accum/product_scale_hl_w__0 multiplier stage SoC_i/VPU_Top_0/inst/u_my_ip/u_axi4_mapping/u_spu/u_vpu_stream8/GEN_ACCUM8[0].u_accum/product_scale_hl_w__0/P[47:0] is not pipelined (MREG=0). Pipelining the multiplier function will improve performance and will save significant power so it is suggested whenever possible to fully pipeline this function.  If this multiplier was inferred, it is suggested to describe an additional register stage after this function.  If there is no registered adder/accumulator following the multiply function, two pipeline stages are suggested to allow both the MREG and PREG registers to be used.  If the DSP48 was instantiated in the design, it is suggested to set both the MREG and PREG attributes to 1 when performing multiply functions.
Related violations: <none>

DPOP-4#63 Warning
MREG Output pipelining  
DSP SoC_i/VPU_Top_0/inst/u_my_ip/u_axi4_mapping/u_spu/u_vpu_stream8/GEN_ACCUM8[0].u_accum/product_scale_lh_r_reg multiplier stage SoC_i/VPU_Top_0/inst/u_my_ip/u_axi4_mapping/u_spu/u_vpu_stream8/GEN_ACCUM8[0].u_accum/product_scale_lh_r_reg/P[47:0] is not pipelined (MREG=0). Pipelining the multiplier function will improve performance and will save significant power so it is suggested whenever possible to fully pipeline this function.  If this multiplier was inferred, it is suggested to describe an additional register stage after this function.  If there is no registered adder/accumulator following the multiply function, two pipeline stages are suggested to allow both the MREG and PREG registers to be used.  If the DSP48 was instantiated in the design, it is suggested to set both the MREG and PREG attributes to 1 when performing multiply functions.
Related violations: <none>

DPOP-4#64 Warning
MREG Output pipelining  
DSP SoC_i/VPU_Top_0/inst/u_my_ip/u_axi4_mapping/u_spu/u_vpu_stream8/GEN_ACCUM8[0].u_accum/product_scale_lh_r_reg__0 multiplier stage SoC_i/VPU_Top_0/inst/u_my_ip/u_axi4_mapping/u_spu/u_vpu_stream8/GEN_ACCUM8[0].u_accum/product_scale_lh_r_reg__0/P[47:0] is not pipelined (MREG=0). Pipelining the multiplier function will improve performance and will save significant power so it is suggested whenever possible to fully pipeline this function.  If this multiplier was inferred, it is suggested to describe an additional register stage after this function.  If there is no registered adder/accumulator following the multiply function, two pipeline stages are suggested to allow both the MREG and PREG registers to be used.  If the DSP48 was instantiated in the design, it is suggested to set both the MREG and PREG attributes to 1 when performing multiply functions.
Related violations: <none>

DPOP-4#65 Warning
MREG Output pipelining  
DSP SoC_i/VPU_Top_0/inst/u_my_ip/u_axi4_mapping/u_spu/u_vpu_stream8/GEN_ACCUM8[0].u_accum/product_scale_lh_w multiplier stage SoC_i/VPU_Top_0/inst/u_my_ip/u_axi4_mapping/u_spu/u_vpu_stream8/GEN_ACCUM8[0].u_accum/product_scale_lh_w/P[47:0] is not pipelined (MREG=0). Pipelining the multiplier function will improve performance and will save significant power so it is suggested whenever possible to fully pipeline this function.  If this multiplier was inferred, it is suggested to describe an additional register stage after this function.  If there is no registered adder/accumulator following the multiply function, two pipeline stages are suggested to allow both the MREG and PREG registers to be used.  If the DSP48 was instantiated in the design, it is suggested to set both the MREG and PREG attributes to 1 when performing multiply functions.
Related violations: <none>

DPOP-4#66 Warning
MREG Output pipelining  
DSP SoC_i/VPU_Top_0/inst/u_my_ip/u_axi4_mapping/u_spu/u_vpu_stream8/GEN_ACCUM8[0].u_accum/product_scale_lh_w__0 multiplier stage SoC_i/VPU_Top_0/inst/u_my_ip/u_axi4_mapping/u_spu/u_vpu_stream8/GEN_ACCUM8[0].u_accum/product_scale_lh_w__0/P[47:0] is not pipelined (MREG=0). Pipelining the multiplier function will improve performance and will save significant power so it is suggested whenever possible to fully pipeline this function.  If this multiplier was inferred, it is suggested to describe an additional register stage after this function.  If there is no registered adder/accumulator following the multiply function, two pipeline stages are suggested to allow both the MREG and PREG registers to be used.  If the DSP48 was instantiated in the design, it is suggested to set both the MREG and PREG attributes to 1 when performing multiply functions.
Related violations: <none>

DPOP-4#67 Warning
MREG Output pipelining  
DSP SoC_i/VPU_Top_0/inst/u_my_ip/u_axi4_mapping/u_spu/u_vpu_stream8/GEN_ACCUM8[0].u_accum/product_scale_ll_r_reg multiplier stage SoC_i/VPU_Top_0/inst/u_my_ip/u_axi4_mapping/u_spu/u_vpu_stream8/GEN_ACCUM8[0].u_accum/product_scale_ll_r_reg/P[47:0] is not pipelined (MREG=0). Pipelining the multiplier function will improve performance and will save significant power so it is suggested whenever possible to fully pipeline this function.  If this multiplier was inferred, it is suggested to describe an additional register stage after this function.  If there is no registered adder/accumulator following the multiply function, two pipeline stages are suggested to allow both the MREG and PREG registers to be used.  If the DSP48 was instantiated in the design, it is suggested to set both the MREG and PREG attributes to 1 when performing multiply functions.
Related violations: <none>

DPOP-4#68 Warning
MREG Output pipelining  
DSP SoC_i/VPU_Top_0/inst/u_my_ip/u_axi4_mapping/u_spu/u_vpu_stream8/GEN_ACCUM8[0].u_accum/product_scale_ll_r_reg__0 multiplier stage SoC_i/VPU_Top_0/inst/u_my_ip/u_axi4_mapping/u_spu/u_vpu_stream8/GEN_ACCUM8[0].u_accum/product_scale_ll_r_reg__0/P[47:0] is not pipelined (MREG=0). Pipelining the multiplier function will improve performance and will save significant power so it is suggested whenever possible to fully pipeline this function.  If this multiplier was inferred, it is suggested to describe an additional register stage after this function.  If there is no registered adder/accumulator following the multiply function, two pipeline stages are suggested to allow both the MREG and PREG registers to be used.  If the DSP48 was instantiated in the design, it is suggested to set both the MREG and PREG attributes to 1 when performing multiply functions.
Related violations: <none>

DPOP-4#69 Warning
MREG Output pipelining  
DSP SoC_i/VPU_Top_0/inst/u_my_ip/u_axi4_mapping/u_spu/u_vpu_stream8/GEN_ACCUM8[0].u_accum/product_scale_ll_w multiplier stage SoC_i/VPU_Top_0/inst/u_my_ip/u_axi4_mapping/u_spu/u_vpu_stream8/GEN_ACCUM8[0].u_accum/product_scale_ll_w/P[47:0] is not pipelined (MREG=0). Pipelining the multiplier function will improve performance and will save significant power so it is suggested whenever possible to fully pipeline this function.  If this multiplier was inferred, it is suggested to describe an additional register stage after this function.  If there is no registered adder/accumulator following the multiply function, two pipeline stages are suggested to allow both the MREG and PREG registers to be used.  If the DSP48 was instantiated in the design, it is suggested to set both the MREG and PREG attributes to 1 when performing multiply functions.
Related violations: <none>

DPOP-4#70 Warning
MREG Output pipelining  
DSP SoC_i/VPU_Top_0/inst/u_my_ip/u_axi4_mapping/u_spu/u_vpu_stream8/GEN_ACCUM8[0].u_accum/product_scale_ll_w__0 multiplier stage SoC_i/VPU_Top_0/inst/u_my_ip/u_axi4_mapping/u_spu/u_vpu_stream8/GEN_ACCUM8[0].u_accum/product_scale_ll_w__0/P[47:0] is not pipelined (MREG=0). Pipelining the multiplier function will improve performance and will save significant power so it is suggested whenever possible to fully pipeline this function.  If this multiplier was inferred, it is suggested to describe an additional register stage after this function.  If there is no registered adder/accumulator following the multiply function, two pipeline stages are suggested to allow both the MREG and PREG registers to be used.  If the DSP48 was instantiated in the design, it is suggested to set both the MREG and PREG attributes to 1 when performing multiply functions.
Related violations: <none>

DPOP-4#71 Warning
MREG Output pipelining  
DSP SoC_i/VPU_Top_0/inst/u_my_ip/u_axi4_mapping/u_spu/u_vpu_stream8/GEN_ACCUM8[1].u_accum/contribution_full_r_reg multiplier stage SoC_i/VPU_Top_0/inst/u_my_ip/u_axi4_mapping/u_spu/u_vpu_stream8/GEN_ACCUM8[1].u_accum/contribution_full_r_reg/P[47:0] is not pipelined (MREG=0). Pipelining the multiplier function will improve performance and will save significant power so it is suggested whenever possible to fully pipeline this function.  If this multiplier was inferred, it is suggested to describe an additional register stage after this function.  If there is no registered adder/accumulator following the multiply function, two pipeline stages are suggested to allow both the MREG and PREG registers to be used.  If the DSP48 was instantiated in the design, it is suggested to set both the MREG and PREG attributes to 1 when performing multiply functions.
Related violations: <none>

DPOP-4#72 Warning
MREG Output pipelining  
DSP SoC_i/VPU_Top_0/inst/u_my_ip/u_axi4_mapping/u_spu/u_vpu_stream8/GEN_ACCUM8[1].u_accum/contribution_full_r_reg__0 multiplier stage SoC_i/VPU_Top_0/inst/u_my_ip/u_axi4_mapping/u_spu/u_vpu_stream8/GEN_ACCUM8[1].u_accum/contribution_full_r_reg__0/P[47:0] is not pipelined (MREG=0). Pipelining the multiplier function will improve performance and will save significant power so it is suggested whenever possible to fully pipeline this function.  If this multiplier was inferred, it is suggested to describe an additional register stage after this function.  If there is no registered adder/accumulator following the multiply function, two pipeline stages are suggested to allow both the MREG and PREG registers to be used.  If the DSP48 was instantiated in the design, it is suggested to set both the MREG and PREG attributes to 1 when performing multiply functions.
Related violations: <none>

DPOP-4#73 Warning
MREG Output pipelining  
DSP SoC_i/VPU_Top_0/inst/u_my_ip/u_axi4_mapping/u_spu/u_vpu_stream8/GEN_ACCUM8[1].u_accum/contribution_full_r_reg__1 multiplier stage SoC_i/VPU_Top_0/inst/u_my_ip/u_axi4_mapping/u_spu/u_vpu_stream8/GEN_ACCUM8[1].u_accum/contribution_full_r_reg__1/P[47:0] is not pipelined (MREG=0). Pipelining the multiplier function will improve performance and will save significant power so it is suggested whenever possible to fully pipeline this function.  If this multiplier was inferred, it is suggested to describe an additional register stage after this function.  If there is no registered adder/accumulator following the multiply function, two pipeline stages are suggested to allow both the MREG and PREG registers to be used.  If the DSP48 was instantiated in the design, it is suggested to set both the MREG and PREG attributes to 1 when performing multiply functions.
Related violations: <none>

DPOP-4#74 Warning
MREG Output pipelining  
DSP SoC_i/VPU_Top_0/inst/u_my_ip/u_axi4_mapping/u_spu/u_vpu_stream8/GEN_ACCUM8[1].u_accum/contribution_mul_w multiplier stage SoC_i/VPU_Top_0/inst/u_my_ip/u_axi4_mapping/u_spu/u_vpu_stream8/GEN_ACCUM8[1].u_accum/contribution_mul_w/P[47:0] is not pipelined (MREG=0). Pipelining the multiplier function will improve performance and will save significant power so it is suggested whenever possible to fully pipeline this function.  If this multiplier was inferred, it is suggested to describe an additional register stage after this function.  If there is no registered adder/accumulator following the multiply function, two pipeline stages are suggested to allow both the MREG and PREG registers to be used.  If the DSP48 was instantiated in the design, it is suggested to set both the MREG and PREG attributes to 1 when performing multiply functions.
Related violations: <none>

DPOP-4#75 Warning
MREG Output pipelining  
DSP SoC_i/VPU_Top_0/inst/u_my_ip/u_axi4_mapping/u_spu/u_vpu_stream8/GEN_ACCUM8[1].u_accum/contribution_mul_w__1 multiplier stage SoC_i/VPU_Top_0/inst/u_my_ip/u_axi4_mapping/u_spu/u_vpu_stream8/GEN_ACCUM8[1].u_accum/contribution_mul_w__1/P[47:0] is not pipelined (MREG=0). Pipelining the multiplier function will improve performance and will save significant power so it is suggested whenever possible to fully pipeline this function.  If this multiplier was inferred, it is suggested to describe an additional register stage after this function.  If there is no registered adder/accumulator following the multiply function, two pipeline stages are suggested to allow both the MREG and PREG registers to be used.  If the DSP48 was instantiated in the design, it is suggested to set both the MREG and PREG attributes to 1 when performing multiply functions.
Related violations: <none>

DPOP-4#76 Warning
MREG Output pipelining  
DSP SoC_i/VPU_Top_0/inst/u_my_ip/u_axi4_mapping/u_spu/u_vpu_stream8/GEN_ACCUM8[1].u_accum/contribution_mul_w__2 multiplier stage SoC_i/VPU_Top_0/inst/u_my_ip/u_axi4_mapping/u_spu/u_vpu_stream8/GEN_ACCUM8[1].u_accum/contribution_mul_w__2/P[47:0] is not pipelined (MREG=0). Pipelining the multiplier function will improve performance and will save significant power so it is suggested whenever possible to fully pipeline this function.  If this multiplier was inferred, it is suggested to describe an additional register stage after this function.  If there is no registered adder/accumulator following the multiply function, two pipeline stages are suggested to allow both the MREG and PREG registers to be used.  If the DSP48 was instantiated in the design, it is suggested to set both the MREG and PREG attributes to 1 when performing multiply functions.
Related violations: <none>

DPOP-4#77 Warning
MREG Output pipelining  
DSP SoC_i/VPU_Top_0/inst/u_my_ip/u_axi4_mapping/u_spu/u_vpu_stream8/GEN_ACCUM8[1].u_accum/product_scale_hh_r_reg multiplier stage SoC_i/VPU_Top_0/inst/u_my_ip/u_axi4_mapping/u_spu/u_vpu_stream8/GEN_ACCUM8[1].u_accum/product_scale_hh_r_reg/P[47:0] is not pipelined (MREG=0). Pipelining the multiplier function will improve performance and will save significant power so it is suggested whenever possible to fully pipeline this function.  If this multiplier was inferred, it is suggested to describe an additional register stage after this function.  If there is no registered adder/accumulator following the multiply function, two pipeline stages are suggested to allow both the MREG and PREG registers to be used.  If the DSP48 was instantiated in the design, it is suggested to set both the MREG and PREG attributes to 1 when performing multiply functions.
Related violations: <none>

DPOP-4#78 Warning
MREG Output pipelining  
DSP SoC_i/VPU_Top_0/inst/u_my_ip/u_axi4_mapping/u_spu/u_vpu_stream8/GEN_ACCUM8[1].u_accum/product_scale_hh_r_reg__0 multiplier stage SoC_i/VPU_Top_0/inst/u_my_ip/u_axi4_mapping/u_spu/u_vpu_stream8/GEN_ACCUM8[1].u_accum/product_scale_hh_r_reg__0/P[47:0] is not pipelined (MREG=0). Pipelining the multiplier function will improve performance and will save significant power so it is suggested whenever possible to fully pipeline this function.  If this multiplier was inferred, it is suggested to describe an additional register stage after this function.  If there is no registered adder/accumulator following the multiply function, two pipeline stages are suggested to allow both the MREG and PREG registers to be used.  If the DSP48 was instantiated in the design, it is suggested to set both the MREG and PREG attributes to 1 when performing multiply functions.
Related violations: <none>

DPOP-4#79 Warning
MREG Output pipelining  
DSP SoC_i/VPU_Top_0/inst/u_my_ip/u_axi4_mapping/u_spu/u_vpu_stream8/GEN_ACCUM8[1].u_accum/product_scale_hh_w multiplier stage SoC_i/VPU_Top_0/inst/u_my_ip/u_axi4_mapping/u_spu/u_vpu_stream8/GEN_ACCUM8[1].u_accum/product_scale_hh_w/P[47:0] is not pipelined (MREG=0). Pipelining the multiplier function will improve performance and will save significant power so it is suggested whenever possible to fully pipeline this function.  If this multiplier was inferred, it is suggested to describe an additional register stage after this function.  If there is no registered adder/accumulator following the multiply function, two pipeline stages are suggested to allow both the MREG and PREG registers to be used.  If the DSP48 was instantiated in the design, it is suggested to set both the MREG and PREG attributes to 1 when performing multiply functions.
Related violations: <none>

DPOP-4#80 Warning
MREG Output pipelining  
DSP SoC_i/VPU_Top_0/inst/u_my_ip/u_axi4_mapping/u_spu/u_vpu_stream8/GEN_ACCUM8[1].u_accum/product_scale_hh_w__0 multiplier stage SoC_i/VPU_Top_0/inst/u_my_ip/u_axi4_mapping/u_spu/u_vpu_stream8/GEN_ACCUM8[1].u_accum/product_scale_hh_w__0/P[47:0] is not pipelined (MREG=0). Pipelining the multiplier function will improve performance and will save significant power so it is suggested whenever possible to fully pipeline this function.  If this multiplier was inferred, it is suggested to describe an additional register stage after this function.  If there is no registered adder/accumulator following the multiply function, two pipeline stages are suggested to allow both the MREG and PREG registers to be used.  If the DSP48 was instantiated in the design, it is suggested to set both the MREG and PREG attributes to 1 when performing multiply functions.
Related violations: <none>

DPOP-4#81 Warning
MREG Output pipelining  
DSP SoC_i/VPU_Top_0/inst/u_my_ip/u_axi4_mapping/u_spu/u_vpu_stream8/GEN_ACCUM8[1].u_accum/product_scale_hl_r_reg multiplier stage SoC_i/VPU_Top_0/inst/u_my_ip/u_axi4_mapping/u_spu/u_vpu_stream8/GEN_ACCUM8[1].u_accum/product_scale_hl_r_reg/P[47:0] is not pipelined (MREG=0). Pipelining the multiplier function will improve performance and will save significant power so it is suggested whenever possible to fully pipeline this function.  If this multiplier was inferred, it is suggested to describe an additional register stage after this function.  If there is no registered adder/accumulator following the multiply function, two pipeline stages are suggested to allow both the MREG and PREG registers to be used.  If the DSP48 was instantiated in the design, it is suggested to set both the MREG and PREG attributes to 1 when performing multiply functions.
Related violations: <none>

DPOP-4#82 Warning
MREG Output pipelining  
DSP SoC_i/VPU_Top_0/inst/u_my_ip/u_axi4_mapping/u_spu/u_vpu_stream8/GEN_ACCUM8[1].u_accum/product_scale_hl_r_reg__0 multiplier stage SoC_i/VPU_Top_0/inst/u_my_ip/u_axi4_mapping/u_spu/u_vpu_stream8/GEN_ACCUM8[1].u_accum/product_scale_hl_r_reg__0/P[47:0] is not pipelined (MREG=0). Pipelining the multiplier function will improve performance and will save significant power so it is suggested whenever possible to fully pipeline this function.  If this multiplier was inferred, it is suggested to describe an additional register stage after this function.  If there is no registered adder/accumulator following the multiply function, two pipeline stages are suggested to allow both the MREG and PREG registers to be used.  If the DSP48 was instantiated in the design, it is suggested to set both the MREG and PREG attributes to 1 when performing multiply functions.
Related violations: <none>

DPOP-4#83 Warning
MREG Output pipelining  
DSP SoC_i/VPU_Top_0/inst/u_my_ip/u_axi4_mapping/u_spu/u_vpu_stream8/GEN_ACCUM8[1].u_accum/product_scale_hl_w multiplier stage SoC_i/VPU_Top_0/inst/u_my_ip/u_axi4_mapping/u_spu/u_vpu_stream8/GEN_ACCUM8[1].u_accum/product_scale_hl_w/P[47:0] is not pipelined (MREG=0). Pipelining the multiplier function will improve performance and will save significant power so it is suggested whenever possible to fully pipeline this function.  If this multiplier was inferred, it is suggested to describe an additional register stage after this function.  If there is no registered adder/accumulator following the multiply function, two pipeline stages are suggested to allow both the MREG and PREG registers to be used.  If the DSP48 was instantiated in the design, it is suggested to set both the MREG and PREG attributes to 1 when performing multiply functions.
Related violations: <none>

DPOP-4#84 Warning
MREG Output pipelining  
DSP SoC_i/VPU_Top_0/inst/u_my_ip/u_axi4_mapping/u_spu/u_vpu_stream8/GEN_ACCUM8[1].u_accum/product_scale_hl_w__0 multiplier stage SoC_i/VPU_Top_0/inst/u_my_ip/u_axi4_mapping/u_spu/u_vpu_stream8/GEN_ACCUM8[1].u_accum/product_scale_hl_w__0/P[47:0] is not pipelined (MREG=0). Pipelining the multiplier function will improve performance and will save significant power so it is suggested whenever possible to fully pipeline this function.  If this multiplier was inferred, it is suggested to describe an additional register stage after this function.  If there is no registered adder/accumulator following the multiply function, two pipeline stages are suggested to allow both the MREG and PREG registers to be used.  If the DSP48 was instantiated in the design, it is suggested to set both the MREG and PREG attributes to 1 when performing multiply functions.
Related violations: <none>

DPOP-4#85 Warning
MREG Output pipelining  
DSP SoC_i/VPU_Top_0/inst/u_my_ip/u_axi4_mapping/u_spu/u_vpu_stream8/GEN_ACCUM8[1].u_accum/product_scale_lh_r_reg multiplier stage SoC_i/VPU_Top_0/inst/u_my_ip/u_axi4_mapping/u_spu/u_vpu_stream8/GEN_ACCUM8[1].u_accum/product_scale_lh_r_reg/P[47:0] is not pipelined (MREG=0). Pipelining the multiplier function will improve performance and will save significant power so it is suggested whenever possible to fully pipeline this function.  If this multiplier was inferred, it is suggested to describe an additional register stage after this function.  If there is no registered adder/accumulator following the multiply function, two pipeline stages are suggested to allow both the MREG and PREG registers to be used.  If the DSP48 was instantiated in the design, it is suggested to set both the MREG and PREG attributes to 1 when performing multiply functions.
Related violations: <none>

DPOP-4#86 Warning
MREG Output pipelining  
DSP SoC_i/VPU_Top_0/inst/u_my_ip/u_axi4_mapping/u_spu/u_vpu_stream8/GEN_ACCUM8[1].u_accum/product_scale_lh_r_reg__0 multiplier stage SoC_i/VPU_Top_0/inst/u_my_ip/u_axi4_mapping/u_spu/u_vpu_stream8/GEN_ACCUM8[1].u_accum/product_scale_lh_r_reg__0/P[47:0] is not pipelined (MREG=0). Pipelining the multiplier function will improve performance and will save significant power so it is suggested whenever possible to fully pipeline this function.  If this multiplier was inferred, it is suggested to describe an additional register stage after this function.  If there is no registered adder/accumulator following the multiply function, two pipeline stages are suggested to allow both the MREG and PREG registers to be used.  If the DSP48 was instantiated in the design, it is suggested to set both the MREG and PREG attributes to 1 when performing multiply functions.
Related violations: <none>

DPOP-4#87 Warning
MREG Output pipelining  
DSP SoC_i/VPU_Top_0/inst/u_my_ip/u_axi4_mapping/u_spu/u_vpu_stream8/GEN_ACCUM8[1].u_accum/product_scale_lh_w multiplier stage SoC_i/VPU_Top_0/inst/u_my_ip/u_axi4_mapping/u_spu/u_vpu_stream8/GEN_ACCUM8[1].u_accum/product_scale_lh_w/P[47:0] is not pipelined (MREG=0). Pipelining the multiplier function will improve performance and will save significant power so it is suggested whenever possible to fully pipeline this function.  If this multiplier was inferred, it is suggested to describe an additional register stage after this function.  If there is no registered adder/accumulator following the multiply function, two pipeline stages are suggested to allow both the MREG and PREG registers to be used.  If the DSP48 was instantiated in the design, it is suggested to set both the MREG and PREG attributes to 1 when performing multiply functions.
Related violations: <none>

DPOP-4#88 Warning
MREG Output pipelining  
DSP SoC_i/VPU_Top_0/inst/u_my_ip/u_axi4_mapping/u_spu/u_vpu_stream8/GEN_ACCUM8[1].u_accum/product_scale_lh_w__0 multiplier stage SoC_i/VPU_Top_0/inst/u_my_ip/u_axi4_mapping/u_spu/u_vpu_stream8/GEN_ACCUM8[1].u_accum/product_scale_lh_w__0/P[47:0] is not pipelined (MREG=0). Pipelining the multiplier function will improve performance and will save significant power so it is suggested whenever possible to fully pipeline this function.  If this multiplier was inferred, it is suggested to describe an additional register stage after this function.  If there is no registered adder/accumulator following the multiply function, two pipeline stages are suggested to allow both the MREG and PREG registers to be used.  If the DSP48 was instantiated in the design, it is suggested to set both the MREG and PREG attributes to 1 when performing multiply functions.
Related violations: <none>

DPOP-4#89 Warning
MREG Output pipelining  
DSP SoC_i/VPU_Top_0/inst/u_my_ip/u_axi4_mapping/u_spu/u_vpu_stream8/GEN_ACCUM8[1].u_accum/product_scale_ll_r_reg multiplier stage SoC_i/VPU_Top_0/inst/u_my_ip/u_axi4_mapping/u_spu/u_vpu_stream8/GEN_ACCUM8[1].u_accum/product_scale_ll_r_reg/P[47:0] is not pipelined (MREG=0). Pipelining the multiplier function will improve performance and will save significant power so it is suggested whenever possible to fully pipeline this function.  If this multiplier was inferred, it is suggested to describe an additional register stage after this function.  If there is no registered adder/accumulator following the multiply function, two pipeline stages are suggested to allow both the MREG and PREG registers to be used.  If the DSP48 was instantiated in the design, it is suggested to set both the MREG and PREG attributes to 1 when performing multiply functions.
Related violations: <none>

DPOP-4#90 Warning
MREG Output pipelining  
DSP SoC_i/VPU_Top_0/inst/u_my_ip/u_axi4_mapping/u_spu/u_vpu_stream8/GEN_ACCUM8[1].u_accum/product_scale_ll_r_reg__0 multiplier stage SoC_i/VPU_Top_0/inst/u_my_ip/u_axi4_mapping/u_spu/u_vpu_stream8/GEN_ACCUM8[1].u_accum/product_scale_ll_r_reg__0/P[47:0] is not pipelined (MREG=0). Pipelining the multiplier function will improve performance and will save significant power so it is suggested whenever possible to fully pipeline this function.  If this multiplier was inferred, it is suggested to describe an additional register stage after this function.  If there is no registered adder/accumulator following the multiply function, two pipeline stages are suggested to allow both the MREG and PREG registers to be used.  If the DSP48 was instantiated in the design, it is suggested to set both the MREG and PREG attributes to 1 when performing multiply functions.
Related violations: <none>

DPOP-4#91 Warning
MREG Output pipelining  
DSP SoC_i/VPU_Top_0/inst/u_my_ip/u_axi4_mapping/u_spu/u_vpu_stream8/GEN_ACCUM8[1].u_accum/product_scale_ll_w multiplier stage SoC_i/VPU_Top_0/inst/u_my_ip/u_axi4_mapping/u_spu/u_vpu_stream8/GEN_ACCUM8[1].u_accum/product_scale_ll_w/P[47:0] is not pipelined (MREG=0). Pipelining the multiplier function will improve performance and will save significant power so it is suggested whenever possible to fully pipeline this function.  If this multiplier was inferred, it is suggested to describe an additional register stage after this function.  If there is no registered adder/accumulator following the multiply function, two pipeline stages are suggested to allow both the MREG and PREG registers to be used.  If the DSP48 was instantiated in the design, it is suggested to set both the MREG and PREG attributes to 1 when performing multiply functions.
Related violations: <none>

DPOP-4#92 Warning
MREG Output pipelining  
DSP SoC_i/VPU_Top_0/inst/u_my_ip/u_axi4_mapping/u_spu/u_vpu_stream8/GEN_ACCUM8[1].u_accum/product_scale_ll_w__0 multiplier stage SoC_i/VPU_Top_0/inst/u_my_ip/u_axi4_mapping/u_spu/u_vpu_stream8/GEN_ACCUM8[1].u_accum/product_scale_ll_w__0/P[47:0] is not pipelined (MREG=0). Pipelining the multiplier function will improve performance and will save significant power so it is suggested whenever possible to fully pipeline this function.  If this multiplier was inferred, it is suggested to describe an additional register stage after this function.  If there is no registered adder/accumulator following the multiply function, two pipeline stages are suggested to allow both the MREG and PREG registers to be used.  If the DSP48 was instantiated in the design, it is suggested to set both the MREG and PREG attributes to 1 when performing multiply functions.
Related violations: <none>

DPOP-4#93 Warning
MREG Output pipelining  
DSP SoC_i/VPU_Top_0/inst/u_my_ip/u_axi4_mapping/u_spu/u_vpu_stream8/GEN_ACCUM8[2].u_accum/contribution_full_r_reg multiplier stage SoC_i/VPU_Top_0/inst/u_my_ip/u_axi4_mapping/u_spu/u_vpu_stream8/GEN_ACCUM8[2].u_accum/contribution_full_r_reg/P[47:0] is not pipelined (MREG=0). Pipelining the multiplier function will improve performance and will save significant power so it is suggested whenever possible to fully pipeline this function.  If this multiplier was inferred, it is suggested to describe an additional register stage after this function.  If there is no registered adder/accumulator following the multiply function, two pipeline stages are suggested to allow both the MREG and PREG registers to be used.  If the DSP48 was instantiated in the design, it is suggested to set both the MREG and PREG attributes to 1 when performing multiply functions.
Related violations: <none>

DPOP-4#94 Warning
MREG Output pipelining  
DSP SoC_i/VPU_Top_0/inst/u_my_ip/u_axi4_mapping/u_spu/u_vpu_stream8/GEN_ACCUM8[2].u_accum/contribution_full_r_reg__0 multiplier stage SoC_i/VPU_Top_0/inst/u_my_ip/u_axi4_mapping/u_spu/u_vpu_stream8/GEN_ACCUM8[2].u_accum/contribution_full_r_reg__0/P[47:0] is not pipelined (MREG=0). Pipelining the multiplier function will improve performance and will save significant power so it is suggested whenever possible to fully pipeline this function.  If this multiplier was inferred, it is suggested to describe an additional register stage after this function.  If there is no registered adder/accumulator following the multiply function, two pipeline stages are suggested to allow both the MREG and PREG registers to be used.  If the DSP48 was instantiated in the design, it is suggested to set both the MREG and PREG attributes to 1 when performing multiply functions.
Related violations: <none>

DPOP-4#95 Warning
MREG Output pipelining  
DSP SoC_i/VPU_Top_0/inst/u_my_ip/u_axi4_mapping/u_spu/u_vpu_stream8/GEN_ACCUM8[2].u_accum/contribution_full_r_reg__1 multiplier stage SoC_i/VPU_Top_0/inst/u_my_ip/u_axi4_mapping/u_spu/u_vpu_stream8/GEN_ACCUM8[2].u_accum/contribution_full_r_reg__1/P[47:0] is not pipelined (MREG=0). Pipelining the multiplier function will improve performance and will save significant power so it is suggested whenever possible to fully pipeline this function.  If this multiplier was inferred, it is suggested to describe an additional register stage after this function.  If there is no registered adder/accumulator following the multiply function, two pipeline stages are suggested to allow both the MREG and PREG registers to be used.  If the DSP48 was instantiated in the design, it is suggested to set both the MREG and PREG attributes to 1 when performing multiply functions.
Related violations: <none>

DPOP-4#96 Warning
MREG Output pipelining  
DSP SoC_i/VPU_Top_0/inst/u_my_ip/u_axi4_mapping/u_spu/u_vpu_stream8/GEN_ACCUM8[2].u_accum/contribution_mul_w multiplier stage SoC_i/VPU_Top_0/inst/u_my_ip/u_axi4_mapping/u_spu/u_vpu_stream8/GEN_ACCUM8[2].u_accum/contribution_mul_w/P[47:0] is not pipelined (MREG=0). Pipelining the multiplier function will improve performance and will save significant power so it is suggested whenever possible to fully pipeline this function.  If this multiplier was inferred, it is suggested to describe an additional register stage after this function.  If there is no registered adder/accumulator following the multiply function, two pipeline stages are suggested to allow both the MREG and PREG registers to be used.  If the DSP48 was instantiated in the design, it is suggested to set both the MREG and PREG attributes to 1 when performing multiply functions.
Related violations: <none>

DPOP-4#97 Warning
MREG Output pipelining  
DSP SoC_i/VPU_Top_0/inst/u_my_ip/u_axi4_mapping/u_spu/u_vpu_stream8/GEN_ACCUM8[2].u_accum/contribution_mul_w__1 multiplier stage SoC_i/VPU_Top_0/inst/u_my_ip/u_axi4_mapping/u_spu/u_vpu_stream8/GEN_ACCUM8[2].u_accum/contribution_mul_w__1/P[47:0] is not pipelined (MREG=0). Pipelining the multiplier function will improve performance and will save significant power so it is suggested whenever possible to fully pipeline this function.  If this multiplier was inferred, it is suggested to describe an additional register stage after this function.  If there is no registered adder/accumulator following the multiply function, two pipeline stages are suggested to allow both the MREG and PREG registers to be used.  If the DSP48 was instantiated in the design, it is suggested to set both the MREG and PREG attributes to 1 when performing multiply functions.
Related violations: <none>

DPOP-4#98 Warning
MREG Output pipelining  
DSP SoC_i/VPU_Top_0/inst/u_my_ip/u_axi4_mapping/u_spu/u_vpu_stream8/GEN_ACCUM8[2].u_accum/contribution_mul_w__2 multiplier stage SoC_i/VPU_Top_0/inst/u_my_ip/u_axi4_mapping/u_spu/u_vpu_stream8/GEN_ACCUM8[2].u_accum/contribution_mul_w__2/P[47:0] is not pipelined (MREG=0). Pipelining the multiplier function will improve performance and will save significant power so it is suggested whenever possible to fully pipeline this function.  If this multiplier was inferred, it is suggested to describe an additional register stage after this function.  If there is no registered adder/accumulator following the multiply function, two pipeline stages are suggested to allow both the MREG and PREG registers to be used.  If the DSP48 was instantiated in the design, it is suggested to set both the MREG and PREG attributes to 1 when performing multiply functions.
Related violations: <none>

DPOP-4#99 Warning
MREG Output pipelining  
DSP SoC_i/VPU_Top_0/inst/u_my_ip/u_axi4_mapping/u_spu/u_vpu_stream8/GEN_ACCUM8[2].u_accum/product_scale_hh_r_reg multiplier stage SoC_i/VPU_Top_0/inst/u_my_ip/u_axi4_mapping/u_spu/u_vpu_stream8/GEN_ACCUM8[2].u_accum/product_scale_hh_r_reg/P[47:0] is not pipelined (MREG=0). Pipelining the multiplier function will improve performance and will save significant power so it is suggested whenever possible to fully pipeline this function.  If this multiplier was inferred, it is suggested to describe an additional register stage after this function.  If there is no registered adder/accumulator following the multiply function, two pipeline stages are suggested to allow both the MREG and PREG registers to be used.  If the DSP48 was instantiated in the design, it is suggested to set both the MREG and PREG attributes to 1 when performing multiply functions.
Related violations: <none>

DPOP-4#100 Warning
MREG Output pipelining  
DSP SoC_i/VPU_Top_0/inst/u_my_ip/u_axi4_mapping/u_spu/u_vpu_stream8/GEN_ACCUM8[2].u_accum/product_scale_hh_r_reg__0 multiplier stage SoC_i/VPU_Top_0/inst/u_my_ip/u_axi4_mapping/u_spu/u_vpu_stream8/GEN_ACCUM8[2].u_accum/product_scale_hh_r_reg__0/P[47:0] is not pipelined (MREG=0). Pipelining the multiplier function will improve performance and will save significant power so it is suggested whenever possible to fully pipeline this function.  If this multiplier was inferred, it is suggested to describe an additional register stage after this function.  If there is no registered adder/accumulator following the multiply function, two pipeline stages are suggested to allow both the MREG and PREG registers to be used.  If the DSP48 was instantiated in the design, it is suggested to set both the MREG and PREG attributes to 1 when performing multiply functions.
Related violations: <none>

DPOP-4#101 Warning
MREG Output pipelining  
DSP SoC_i/VPU_Top_0/inst/u_my_ip/u_axi4_mapping/u_spu/u_vpu_stream8/GEN_ACCUM8[2].u_accum/product_scale_hh_w multiplier stage SoC_i/VPU_Top_0/inst/u_my_ip/u_axi4_mapping/u_spu/u_vpu_stream8/GEN_ACCUM8[2].u_accum/product_scale_hh_w/P[47:0] is not pipelined (MREG=0). Pipelining the multiplier function will improve performance and will save significant power so it is suggested whenever possible to fully pipeline this function.  If this multiplier was inferred, it is suggested to describe an additional register stage after this function.  If there is no registered adder/accumulator following the multiply function, two pipeline stages are suggested to allow both the MREG and PREG registers to be used.  If the DSP48 was instantiated in the design, it is suggested to set both the MREG and PREG attributes to 1 when performing multiply functions.
Related violations: <none>

DPOP-4#102 Warning
MREG Output pipelining  
DSP SoC_i/VPU_Top_0/inst/u_my_ip/u_axi4_mapping/u_spu/u_vpu_stream8/GEN_ACCUM8[2].u_accum/product_scale_hh_w__0 multiplier stage SoC_i/VPU_Top_0/inst/u_my_ip/u_axi4_mapping/u_spu/u_vpu_stream8/GEN_ACCUM8[2].u_accum/product_scale_hh_w__0/P[47:0] is not pipelined (MREG=0). Pipelining the multiplier function will improve performance and will save significant power so it is suggested whenever possible to fully pipeline this function.  If this multiplier was inferred, it is suggested to describe an additional register stage after this function.  If there is no registered adder/accumulator following the multiply function, two pipeline stages are suggested to allow both the MREG and PREG registers to be used.  If the DSP48 was instantiated in the design, it is suggested to set both the MREG and PREG attributes to 1 when performing multiply functions.
Related violations: <none>

DPOP-4#103 Warning
MREG Output pipelining  
DSP SoC_i/VPU_Top_0/inst/u_my_ip/u_axi4_mapping/u_spu/u_vpu_stream8/GEN_ACCUM8[2].u_accum/product_scale_hl_r_reg multiplier stage SoC_i/VPU_Top_0/inst/u_my_ip/u_axi4_mapping/u_spu/u_vpu_stream8/GEN_ACCUM8[2].u_accum/product_scale_hl_r_reg/P[47:0] is not pipelined (MREG=0). Pipelining the multiplier function will improve performance and will save significant power so it is suggested whenever possible to fully pipeline this function.  If this multiplier was inferred, it is suggested to describe an additional register stage after this function.  If there is no registered adder/accumulator following the multiply function, two pipeline stages are suggested to allow both the MREG and PREG registers to be used.  If the DSP48 was instantiated in the design, it is suggested to set both the MREG and PREG attributes to 1 when performing multiply functions.
Related violations: <none>

DPOP-4#104 Warning
MREG Output pipelining  
DSP SoC_i/VPU_Top_0/inst/u_my_ip/u_axi4_mapping/u_spu/u_vpu_stream8/GEN_ACCUM8[2].u_accum/product_scale_hl_r_reg__0 multiplier stage SoC_i/VPU_Top_0/inst/u_my_ip/u_axi4_mapping/u_spu/u_vpu_stream8/GEN_ACCUM8[2].u_accum/product_scale_hl_r_reg__0/P[47:0] is not pipelined (MREG=0). Pipelining the multiplier function will improve performance and will save significant power so it is suggested whenever possible to fully pipeline this function.  If this multiplier was inferred, it is suggested to describe an additional register stage after this function.  If there is no registered adder/accumulator following the multiply function, two pipeline stages are suggested to allow both the MREG and PREG registers to be used.  If the DSP48 was instantiated in the design, it is suggested to set both the MREG and PREG attributes to 1 when performing multiply functions.
Related violations: <none>

DPOP-4#105 Warning
MREG Output pipelining  
DSP SoC_i/VPU_Top_0/inst/u_my_ip/u_axi4_mapping/u_spu/u_vpu_stream8/GEN_ACCUM8[2].u_accum/product_scale_hl_w multiplier stage SoC_i/VPU_Top_0/inst/u_my_ip/u_axi4_mapping/u_spu/u_vpu_stream8/GEN_ACCUM8[2].u_accum/product_scale_hl_w/P[47:0] is not pipelined (MREG=0). Pipelining the multiplier function will improve performance and will save significant power so it is suggested whenever possible to fully pipeline this function.  If this multiplier was inferred, it is suggested to describe an additional register stage after this function.  If there is no registered adder/accumulator following the multiply function, two pipeline stages are suggested to allow both the MREG and PREG registers to be used.  If the DSP48 was instantiated in the design, it is suggested to set both the MREG and PREG attributes to 1 when performing multiply functions.
Related violations: <none>

DPOP-4#106 Warning
MREG Output pipelining  
DSP SoC_i/VPU_Top_0/inst/u_my_ip/u_axi4_mapping/u_spu/u_vpu_stream8/GEN_ACCUM8[2].u_accum/product_scale_hl_w__0 multiplier stage SoC_i/VPU_Top_0/inst/u_my_ip/u_axi4_mapping/u_spu/u_vpu_stream8/GEN_ACCUM8[2].u_accum/product_scale_hl_w__0/P[47:0] is not pipelined (MREG=0). Pipelining the multiplier function will improve performance and will save significant power so it is suggested whenever possible to fully pipeline this function.  If this multiplier was inferred, it is suggested to describe an additional register stage after this function.  If there is no registered adder/accumulator following the multiply function, two pipeline stages are suggested to allow both the MREG and PREG registers to be used.  If the DSP48 was instantiated in the design, it is suggested to set both the MREG and PREG attributes to 1 when performing multiply functions.
Related violations: <none>

DPOP-4#107 Warning
MREG Output pipelining  
DSP SoC_i/VPU_Top_0/inst/u_my_ip/u_axi4_mapping/u_spu/u_vpu_stream8/GEN_ACCUM8[2].u_accum/product_scale_lh_r_reg multiplier stage SoC_i/VPU_Top_0/inst/u_my_ip/u_axi4_mapping/u_spu/u_vpu_stream8/GEN_ACCUM8[2].u_accum/product_scale_lh_r_reg/P[47:0] is not pipelined (MREG=0). Pipelining the multiplier function will improve performance and will save significant power so it is suggested whenever possible to fully pipeline this function.  If this multiplier was inferred, it is suggested to describe an additional register stage after this function.  If there is no registered adder/accumulator following the multiply function, two pipeline stages are suggested to allow both the MREG and PREG registers to be used.  If the DSP48 was instantiated in the design, it is suggested to set both the MREG and PREG attributes to 1 when performing multiply functions.
Related violations: <none>

DPOP-4#108 Warning
MREG Output pipelining  
DSP SoC_i/VPU_Top_0/inst/u_my_ip/u_axi4_mapping/u_spu/u_vpu_stream8/GEN_ACCUM8[2].u_accum/product_scale_lh_r_reg__0 multiplier stage SoC_i/VPU_Top_0/inst/u_my_ip/u_axi4_mapping/u_spu/u_vpu_stream8/GEN_ACCUM8[2].u_accum/product_scale_lh_r_reg__0/P[47:0] is not pipelined (MREG=0). Pipelining the multiplier function will improve performance and will save significant power so it is suggested whenever possible to fully pipeline this function.  If this multiplier was inferred, it is suggested to describe an additional register stage after this function.  If there is no registered adder/accumulator following the multiply function, two pipeline stages are suggested to allow both the MREG and PREG registers to be used.  If the DSP48 was instantiated in the design, it is suggested to set both the MREG and PREG attributes to 1 when performing multiply functions.
Related violations: <none>

DPOP-4#109 Warning
MREG Output pipelining  
DSP SoC_i/VPU_Top_0/inst/u_my_ip/u_axi4_mapping/u_spu/u_vpu_stream8/GEN_ACCUM8[2].u_accum/product_scale_lh_w multiplier stage SoC_i/VPU_Top_0/inst/u_my_ip/u_axi4_mapping/u_spu/u_vpu_stream8/GEN_ACCUM8[2].u_accum/product_scale_lh_w/P[47:0] is not pipelined (MREG=0). Pipelining the multiplier function will improve performance and will save significant power so it is suggested whenever possible to fully pipeline this function.  If this multiplier was inferred, it is suggested to describe an additional register stage after this function.  If there is no registered adder/accumulator following the multiply function, two pipeline stages are suggested to allow both the MREG and PREG registers to be used.  If the DSP48 was instantiated in the design, it is suggested to set both the MREG and PREG attributes to 1 when performing multiply functions.
Related violations: <none>

DPOP-4#110 Warning
MREG Output pipelining  
DSP SoC_i/VPU_Top_0/inst/u_my_ip/u_axi4_mapping/u_spu/u_vpu_stream8/GEN_ACCUM8[2].u_accum/product_scale_lh_w__0 multiplier stage SoC_i/VPU_Top_0/inst/u_my_ip/u_axi4_mapping/u_spu/u_vpu_stream8/GEN_ACCUM8[2].u_accum/product_scale_lh_w__0/P[47:0] is not pipelined (MREG=0). Pipelining the multiplier function will improve performance and will save significant power so it is suggested whenever possible to fully pipeline this function.  If this multiplier was inferred, it is suggested to describe an additional register stage after this function.  If there is no registered adder/accumulator following the multiply function, two pipeline stages are suggested to allow both the MREG and PREG registers to be used.  If the DSP48 was instantiated in the design, it is suggested to set both the MREG and PREG attributes to 1 when performing multiply functions.
Related violations: <none>

DPOP-4#111 Warning
MREG Output pipelining  
DSP SoC_i/VPU_Top_0/inst/u_my_ip/u_axi4_mapping/u_spu/u_vpu_stream8/GEN_ACCUM8[2].u_accum/product_scale_ll_r_reg multiplier stage SoC_i/VPU_Top_0/inst/u_my_ip/u_axi4_mapping/u_spu/u_vpu_stream8/GEN_ACCUM8[2].u_accum/product_scale_ll_r_reg/P[47:0] is not pipelined (MREG=0). Pipelining the multiplier function will improve performance and will save significant power so it is suggested whenever possible to fully pipeline this function.  If this multiplier was inferred, it is suggested to describe an additional register stage after this function.  If there is no registered adder/accumulator following the multiply function, two pipeline stages are suggested to allow both the MREG and PREG registers to be used.  If the DSP48 was instantiated in the design, it is suggested to set both the MREG and PREG attributes to 1 when performing multiply functions.
Related violations: <none>

DPOP-4#112 Warning
MREG Output pipelining  
DSP SoC_i/VPU_Top_0/inst/u_my_ip/u_axi4_mapping/u_spu/u_vpu_stream8/GEN_ACCUM8[2].u_accum/product_scale_ll_r_reg__0 multiplier stage SoC_i/VPU_Top_0/inst/u_my_ip/u_axi4_mapping/u_spu/u_vpu_stream8/GEN_ACCUM8[2].u_accum/product_scale_ll_r_reg__0/P[47:0] is not pipelined (MREG=0). Pipelining the multiplier function will improve performance and will save significant power so it is suggested whenever possible to fully pipeline this function.  If this multiplier was inferred, it is suggested to describe an additional register stage after this function.  If there is no registered adder/accumulator following the multiply function, two pipeline stages are suggested to allow both the MREG and PREG registers to be used.  If the DSP48 was instantiated in the design, it is suggested to set both the MREG and PREG attributes to 1 when performing multiply functions.
Related violations: <none>

DPOP-4#113 Warning
MREG Output pipelining  
DSP SoC_i/VPU_Top_0/inst/u_my_ip/u_axi4_mapping/u_spu/u_vpu_stream8/GEN_ACCUM8[2].u_accum/product_scale_ll_w multiplier stage SoC_i/VPU_Top_0/inst/u_my_ip/u_axi4_mapping/u_spu/u_vpu_stream8/GEN_ACCUM8[2].u_accum/product_scale_ll_w/P[47:0] is not pipelined (MREG=0). Pipelining the multiplier function will improve performance and will save significant power so it is suggested whenever possible to fully pipeline this function.  If this multiplier was inferred, it is suggested to describe an additional register stage after this function.  If there is no registered adder/accumulator following the multiply function, two pipeline stages are suggested to allow both the MREG and PREG registers to be used.  If the DSP48 was instantiated in the design, it is suggested to set both the MREG and PREG attributes to 1 when performing multiply functions.
Related violations: <none>

DPOP-4#114 Warning
MREG Output pipelining  
DSP SoC_i/VPU_Top_0/inst/u_my_ip/u_axi4_mapping/u_spu/u_vpu_stream8/GEN_ACCUM8[2].u_accum/product_scale_ll_w__0 multiplier stage SoC_i/VPU_Top_0/inst/u_my_ip/u_axi4_mapping/u_spu/u_vpu_stream8/GEN_ACCUM8[2].u_accum/product_scale_ll_w__0/P[47:0] is not pipelined (MREG=0). Pipelining the multiplier function will improve performance and will save significant power so it is suggested whenever possible to fully pipeline this function.  If this multiplier was inferred, it is suggested to describe an additional register stage after this function.  If there is no registered adder/accumulator following the multiply function, two pipeline stages are suggested to allow both the MREG and PREG registers to be used.  If the DSP48 was instantiated in the design, it is suggested to set both the MREG and PREG attributes to 1 when performing multiply functions.
Related violations: <none>

DPOP-4#115 Warning
MREG Output pipelining  
DSP SoC_i/VPU_Top_0/inst/u_my_ip/u_axi4_mapping/u_spu/u_vpu_stream8/GEN_ACCUM8[3].u_accum/contribution_full_r_reg multiplier stage SoC_i/VPU_Top_0/inst/u_my_ip/u_axi4_mapping/u_spu/u_vpu_stream8/GEN_ACCUM8[3].u_accum/contribution_full_r_reg/P[47:0] is not pipelined (MREG=0). Pipelining the multiplier function will improve performance and will save significant power so it is suggested whenever possible to fully pipeline this function.  If this multiplier was inferred, it is suggested to describe an additional register stage after this function.  If there is no registered adder/accumulator following the multiply function, two pipeline stages are suggested to allow both the MREG and PREG registers to be used.  If the DSP48 was instantiated in the design, it is suggested to set both the MREG and PREG attributes to 1 when performing multiply functions.
Related violations: <none>

DPOP-4#116 Warning
MREG Output pipelining  
DSP SoC_i/VPU_Top_0/inst/u_my_ip/u_axi4_mapping/u_spu/u_vpu_stream8/GEN_ACCUM8[3].u_accum/contribution_full_r_reg__0 multiplier stage SoC_i/VPU_Top_0/inst/u_my_ip/u_axi4_mapping/u_spu/u_vpu_stream8/GEN_ACCUM8[3].u_accum/contribution_full_r_reg__0/P[47:0] is not pipelined (MREG=0). Pipelining the multiplier function will improve performance and will save significant power so it is suggested whenever possible to fully pipeline this function.  If this multiplier was inferred, it is suggested to describe an additional register stage after this function.  If there is no registered adder/accumulator following the multiply function, two pipeline stages are suggested to allow both the MREG and PREG registers to be used.  If the DSP48 was instantiated in the design, it is suggested to set both the MREG and PREG attributes to 1 when performing multiply functions.
Related violations: <none>

DPOP-4#117 Warning
MREG Output pipelining  
DSP SoC_i/VPU_Top_0/inst/u_my_ip/u_axi4_mapping/u_spu/u_vpu_stream8/GEN_ACCUM8[3].u_accum/contribution_full_r_reg__1 multiplier stage SoC_i/VPU_Top_0/inst/u_my_ip/u_axi4_mapping/u_spu/u_vpu_stream8/GEN_ACCUM8[3].u_accum/contribution_full_r_reg__1/P[47:0] is not pipelined (MREG=0). Pipelining the multiplier function will improve performance and will save significant power so it is suggested whenever possible to fully pipeline this function.  If this multiplier was inferred, it is suggested to describe an additional register stage after this function.  If there is no registered adder/accumulator following the multiply function, two pipeline stages are suggested to allow both the MREG and PREG registers to be used.  If the DSP48 was instantiated in the design, it is suggested to set both the MREG and PREG attributes to 1 when performing multiply functions.
Related violations: <none>

DPOP-4#118 Warning
MREG Output pipelining  
DSP SoC_i/VPU_Top_0/inst/u_my_ip/u_axi4_mapping/u_spu/u_vpu_stream8/GEN_ACCUM8[3].u_accum/contribution_mul_w multiplier stage SoC_i/VPU_Top_0/inst/u_my_ip/u_axi4_mapping/u_spu/u_vpu_stream8/GEN_ACCUM8[3].u_accum/contribution_mul_w/P[47:0] is not pipelined (MREG=0). Pipelining the multiplier function will improve performance and will save significant power so it is suggested whenever possible to fully pipeline this function.  If this multiplier was inferred, it is suggested to describe an additional register stage after this function.  If there is no registered adder/accumulator following the multiply function, two pipeline stages are suggested to allow both the MREG and PREG registers to be used.  If the DSP48 was instantiated in the design, it is suggested to set both the MREG and PREG attributes to 1 when performing multiply functions.
Related violations: <none>

DPOP-4#119 Warning
MREG Output pipelining  
DSP SoC_i/VPU_Top_0/inst/u_my_ip/u_axi4_mapping/u_spu/u_vpu_stream8/GEN_ACCUM8[3].u_accum/contribution_mul_w__1 multiplier stage SoC_i/VPU_Top_0/inst/u_my_ip/u_axi4_mapping/u_spu/u_vpu_stream8/GEN_ACCUM8[3].u_accum/contribution_mul_w__1/P[47:0] is not pipelined (MREG=0). Pipelining the multiplier function will improve performance and will save significant power so it is suggested whenever possible to fully pipeline this function.  If this multiplier was inferred, it is suggested to describe an additional register stage after this function.  If there is no registered adder/accumulator following the multiply function, two pipeline stages are suggested to allow both the MREG and PREG registers to be used.  If the DSP48 was instantiated in the design, it is suggested to set both the MREG and PREG attributes to 1 when performing multiply functions.
Related violations: <none>

DPOP-4#120 Warning
MREG Output pipelining  
DSP SoC_i/VPU_Top_0/inst/u_my_ip/u_axi4_mapping/u_spu/u_vpu_stream8/GEN_ACCUM8[3].u_accum/contribution_mul_w__2 multiplier stage SoC_i/VPU_Top_0/inst/u_my_ip/u_axi4_mapping/u_spu/u_vpu_stream8/GEN_ACCUM8[3].u_accum/contribution_mul_w__2/P[47:0] is not pipelined (MREG=0). Pipelining the multiplier function will improve performance and will save significant power so it is suggested whenever possible to fully pipeline this function.  If this multiplier was inferred, it is suggested to describe an additional register stage after this function.  If there is no registered adder/accumulator following the multiply function, two pipeline stages are suggested to allow both the MREG and PREG registers to be used.  If the DSP48 was instantiated in the design, it is suggested to set both the MREG and PREG attributes to 1 when performing multiply functions.
Related violations: <none>

DPOP-4#121 Warning
MREG Output pipelining  
DSP SoC_i/VPU_Top_0/inst/u_my_ip/u_axi4_mapping/u_spu/u_vpu_stream8/GEN_ACCUM8[3].u_accum/product_scale_hh_r_reg multiplier stage SoC_i/VPU_Top_0/inst/u_my_ip/u_axi4_mapping/u_spu/u_vpu_stream8/GEN_ACCUM8[3].u_accum/product_scale_hh_r_reg/P[47:0] is not pipelined (MREG=0). Pipelining the multiplier function will improve performance and will save significant power so it is suggested whenever possible to fully pipeline this function.  If this multiplier was inferred, it is suggested to describe an additional register stage after this function.  If there is no registered adder/accumulator following the multiply function, two pipeline stages are suggested to allow both the MREG and PREG registers to be used.  If the DSP48 was instantiated in the design, it is suggested to set both the MREG and PREG attributes to 1 when performing multiply functions.
Related violations: <none>

DPOP-4#122 Warning
MREG Output pipelining  
DSP SoC_i/VPU_Top_0/inst/u_my_ip/u_axi4_mapping/u_spu/u_vpu_stream8/GEN_ACCUM8[3].u_accum/product_scale_hh_r_reg__0 multiplier stage SoC_i/VPU_Top_0/inst/u_my_ip/u_axi4_mapping/u_spu/u_vpu_stream8/GEN_ACCUM8[3].u_accum/product_scale_hh_r_reg__0/P[47:0] is not pipelined (MREG=0). Pipelining the multiplier function will improve performance and will save significant power so it is suggested whenever possible to fully pipeline this function.  If this multiplier was inferred, it is suggested to describe an additional register stage after this function.  If there is no registered adder/accumulator following the multiply function, two pipeline stages are suggested to allow both the MREG and PREG registers to be used.  If the DSP48 was instantiated in the design, it is suggested to set both the MREG and PREG attributes to 1 when performing multiply functions.
Related violations: <none>

DPOP-4#123 Warning
MREG Output pipelining  
DSP SoC_i/VPU_Top_0/inst/u_my_ip/u_axi4_mapping/u_spu/u_vpu_stream8/GEN_ACCUM8[3].u_accum/product_scale_hh_w multiplier stage SoC_i/VPU_Top_0/inst/u_my_ip/u_axi4_mapping/u_spu/u_vpu_stream8/GEN_ACCUM8[3].u_accum/product_scale_hh_w/P[47:0] is not pipelined (MREG=0). Pipelining the multiplier function will improve performance and will save significant power so it is suggested whenever possible to fully pipeline this function.  If this multiplier was inferred, it is suggested to describe an additional register stage after this function.  If there is no registered adder/accumulator following the multiply function, two pipeline stages are suggested to allow both the MREG and PREG registers to be used.  If the DSP48 was instantiated in the design, it is suggested to set both the MREG and PREG attributes to 1 when performing multiply functions.
Related violations: <none>

DPOP-4#124 Warning
MREG Output pipelining  
DSP SoC_i/VPU_Top_0/inst/u_my_ip/u_axi4_mapping/u_spu/u_vpu_stream8/GEN_ACCUM8[3].u_accum/product_scale_hh_w__0 multiplier stage SoC_i/VPU_Top_0/inst/u_my_ip/u_axi4_mapping/u_spu/u_vpu_stream8/GEN_ACCUM8[3].u_accum/product_scale_hh_w__0/P[47:0] is not pipelined (MREG=0). Pipelining the multiplier function will improve performance and will save significant power so it is suggested whenever possible to fully pipeline this function.  If this multiplier was inferred, it is suggested to describe an additional register stage after this function.  If there is no registered adder/accumulator following the multiply function, two pipeline stages are suggested to allow both the MREG and PREG registers to be used.  If the DSP48 was instantiated in the design, it is suggested to set both the MREG and PREG attributes to 1 when performing multiply functions.
Related violations: <none>

DPOP-4#125 Warning
MREG Output pipelining  
DSP SoC_i/VPU_Top_0/inst/u_my_ip/u_axi4_mapping/u_spu/u_vpu_stream8/GEN_ACCUM8[3].u_accum/product_scale_hl_r_reg multiplier stage SoC_i/VPU_Top_0/inst/u_my_ip/u_axi4_mapping/u_spu/u_vpu_stream8/GEN_ACCUM8[3].u_accum/product_scale_hl_r_reg/P[47:0] is not pipelined (MREG=0). Pipelining the multiplier function will improve performance and will save significant power so it is suggested whenever possible to fully pipeline this function.  If this multiplier was inferred, it is suggested to describe an additional register stage after this function.  If there is no registered adder/accumulator following the multiply function, two pipeline stages are suggested to allow both the MREG and PREG registers to be used.  If the DSP48 was instantiated in the design, it is suggested to set both the MREG and PREG attributes to 1 when performing multiply functions.
Related violations: <none>

DPOP-4#126 Warning
MREG Output pipelining  
DSP SoC_i/VPU_Top_0/inst/u_my_ip/u_axi4_mapping/u_spu/u_vpu_stream8/GEN_ACCUM8[3].u_accum/product_scale_hl_r_reg__0 multiplier stage SoC_i/VPU_Top_0/inst/u_my_ip/u_axi4_mapping/u_spu/u_vpu_stream8/GEN_ACCUM8[3].u_accum/product_scale_hl_r_reg__0/P[47:0] is not pipelined (MREG=0). Pipelining the multiplier function will improve performance and will save significant power so it is suggested whenever possible to fully pipeline this function.  If this multiplier was inferred, it is suggested to describe an additional register stage after this function.  If there is no registered adder/accumulator following the multiply function, two pipeline stages are suggested to allow both the MREG and PREG registers to be used.  If the DSP48 was instantiated in the design, it is suggested to set both the MREG and PREG attributes to 1 when performing multiply functions.
Related violations: <none>

DPOP-4#127 Warning
MREG Output pipelining  
DSP SoC_i/VPU_Top_0/inst/u_my_ip/u_axi4_mapping/u_spu/u_vpu_stream8/GEN_ACCUM8[3].u_accum/product_scale_hl_w multiplier stage SoC_i/VPU_Top_0/inst/u_my_ip/u_axi4_mapping/u_spu/u_vpu_stream8/GEN_ACCUM8[3].u_accum/product_scale_hl_w/P[47:0] is not pipelined (MREG=0). Pipelining the multiplier function will improve performance and will save significant power so it is suggested whenever possible to fully pipeline this function.  If this multiplier was inferred, it is suggested to describe an additional register stage after this function.  If there is no registered adder/accumulator following the multiply function, two pipeline stages are suggested to allow both the MREG and PREG registers to be used.  If the DSP48 was instantiated in the design, it is suggested to set both the MREG and PREG attributes to 1 when performing multiply functions.
Related violations: <none>

DPOP-4#128 Warning
MREG Output pipelining  
DSP SoC_i/VPU_Top_0/inst/u_my_ip/u_axi4_mapping/u_spu/u_vpu_stream8/GEN_ACCUM8[3].u_accum/product_scale_hl_w__0 multiplier stage SoC_i/VPU_Top_0/inst/u_my_ip/u_axi4_mapping/u_spu/u_vpu_stream8/GEN_ACCUM8[3].u_accum/product_scale_hl_w__0/P[47:0] is not pipelined (MREG=0). Pipelining the multiplier function will improve performance and will save significant power so it is suggested whenever possible to fully pipeline this function.  If this multiplier was inferred, it is suggested to describe an additional register stage after this function.  If there is no registered adder/accumulator following the multiply function, two pipeline stages are suggested to allow both the MREG and PREG registers to be used.  If the DSP48 was instantiated in the design, it is suggested to set both the MREG and PREG attributes to 1 when performing multiply functions.
Related violations: <none>

DPOP-4#129 Warning
MREG Output pipelining  
DSP SoC_i/VPU_Top_0/inst/u_my_ip/u_axi4_mapping/u_spu/u_vpu_stream8/GEN_ACCUM8[3].u_accum/product_scale_lh_r_reg multiplier stage SoC_i/VPU_Top_0/inst/u_my_ip/u_axi4_mapping/u_spu/u_vpu_stream8/GEN_ACCUM8[3].u_accum/product_scale_lh_r_reg/P[47:0] is not pipelined (MREG=0). Pipelining the multiplier function will improve performance and will save significant power so it is suggested whenever possible to fully pipeline this function.  If this multiplier was inferred, it is suggested to describe an additional register stage after this function.  If there is no registered adder/accumulator following the multiply function, two pipeline stages are suggested to allow both the MREG and PREG registers to be used.  If the DSP48 was instantiated in the design, it is suggested to set both the MREG and PREG attributes to 1 when performing multiply functions.
Related violations: <none>

DPOP-4#130 Warning
MREG Output pipelining  
DSP SoC_i/VPU_Top_0/inst/u_my_ip/u_axi4_mapping/u_spu/u_vpu_stream8/GEN_ACCUM8[3].u_accum/product_scale_lh_r_reg__0 multiplier stage SoC_i/VPU_Top_0/inst/u_my_ip/u_axi4_mapping/u_spu/u_vpu_stream8/GEN_ACCUM8[3].u_accum/product_scale_lh_r_reg__0/P[47:0] is not pipelined (MREG=0). Pipelining the multiplier function will improve performance and will save significant power so it is suggested whenever possible to fully pipeline this function.  If this multiplier was inferred, it is suggested to describe an additional register stage after this function.  If there is no registered adder/accumulator following the multiply function, two pipeline stages are suggested to allow both the MREG and PREG registers to be used.  If the DSP48 was instantiated in the design, it is suggested to set both the MREG and PREG attributes to 1 when performing multiply functions.
Related violations: <none>

DPOP-4#131 Warning
MREG Output pipelining  
DSP SoC_i/VPU_Top_0/inst/u_my_ip/u_axi4_mapping/u_spu/u_vpu_stream8/GEN_ACCUM8[3].u_accum/product_scale_lh_w multiplier stage SoC_i/VPU_Top_0/inst/u_my_ip/u_axi4_mapping/u_spu/u_vpu_stream8/GEN_ACCUM8[3].u_accum/product_scale_lh_w/P[47:0] is not pipelined (MREG=0). Pipelining the multiplier function will improve performance and will save significant power so it is suggested whenever possible to fully pipeline this function.  If this multiplier was inferred, it is suggested to describe an additional register stage after this function.  If there is no registered adder/accumulator following the multiply function, two pipeline stages are suggested to allow both the MREG and PREG registers to be used.  If the DSP48 was instantiated in the design, it is suggested to set both the MREG and PREG attributes to 1 when performing multiply functions.
Related violations: <none>

DPOP-4#132 Warning
MREG Output pipelining  
DSP SoC_i/VPU_Top_0/inst/u_my_ip/u_axi4_mapping/u_spu/u_vpu_stream8/GEN_ACCUM8[3].u_accum/product_scale_lh_w__0 multiplier stage SoC_i/VPU_Top_0/inst/u_my_ip/u_axi4_mapping/u_spu/u_vpu_stream8/GEN_ACCUM8[3].u_accum/product_scale_lh_w__0/P[47:0] is not pipelined (MREG=0). Pipelining the multiplier function will improve performance and will save significant power so it is suggested whenever possible to fully pipeline this function.  If this multiplier was inferred, it is suggested to describe an additional register stage after this function.  If there is no registered adder/accumulator following the multiply function, two pipeline stages are suggested to allow both the MREG and PREG registers to be used.  If the DSP48 was instantiated in the design, it is suggested to set both the MREG and PREG attributes to 1 when performing multiply functions.
Related violations: <none>

DPOP-4#133 Warning
MREG Output pipelining  
DSP SoC_i/VPU_Top_0/inst/u_my_ip/u_axi4_mapping/u_spu/u_vpu_stream8/GEN_ACCUM8[3].u_accum/product_scale_ll_r_reg multiplier stage SoC_i/VPU_Top_0/inst/u_my_ip/u_axi4_mapping/u_spu/u_vpu_stream8/GEN_ACCUM8[3].u_accum/product_scale_ll_r_reg/P[47:0] is not pipelined (MREG=0). Pipelining the multiplier function will improve performance and will save significant power so it is suggested whenever possible to fully pipeline this function.  If this multiplier was inferred, it is suggested to describe an additional register stage after this function.  If there is no registered adder/accumulator following the multiply function, two pipeline stages are suggested to allow both the MREG and PREG registers to be used.  If the DSP48 was instantiated in the design, it is suggested to set both the MREG and PREG attributes to 1 when performing multiply functions.
Related violations: <none>

DPOP-4#134 Warning
MREG Output pipelining  
DSP SoC_i/VPU_Top_0/inst/u_my_ip/u_axi4_mapping/u_spu/u_vpu_stream8/GEN_ACCUM8[3].u_accum/product_scale_ll_r_reg__0 multiplier stage SoC_i/VPU_Top_0/inst/u_my_ip/u_axi4_mapping/u_spu/u_vpu_stream8/GEN_ACCUM8[3].u_accum/product_scale_ll_r_reg__0/P[47:0] is not pipelined (MREG=0). Pipelining the multiplier function will improve performance and will save significant power so it is suggested whenever possible to fully pipeline this function.  If this multiplier was inferred, it is suggested to describe an additional register stage after this function.  If there is no registered adder/accumulator following the multiply function, two pipeline stages are suggested to allow both the MREG and PREG registers to be used.  If the DSP48 was instantiated in the design, it is suggested to set both the MREG and PREG attributes to 1 when performing multiply functions.
Related violations: <none>

DPOP-4#135 Warning
MREG Output pipelining  
DSP SoC_i/VPU_Top_0/inst/u_my_ip/u_axi4_mapping/u_spu/u_vpu_stream8/GEN_ACCUM8[3].u_accum/product_scale_ll_w multiplier stage SoC_i/VPU_Top_0/inst/u_my_ip/u_axi4_mapping/u_spu/u_vpu_stream8/GEN_ACCUM8[3].u_accum/product_scale_ll_w/P[47:0] is not pipelined (MREG=0). Pipelining the multiplier function will improve performance and will save significant power so it is suggested whenever possible to fully pipeline this function.  If this multiplier was inferred, it is suggested to describe an additional register stage after this function.  If there is no registered adder/accumulator following the multiply function, two pipeline stages are suggested to allow both the MREG and PREG registers to be used.  If the DSP48 was instantiated in the design, it is suggested to set both the MREG and PREG attributes to 1 when performing multiply functions.
Related violations: <none>

DPOP-4#136 Warning
MREG Output pipelining  
DSP SoC_i/VPU_Top_0/inst/u_my_ip/u_axi4_mapping/u_spu/u_vpu_stream8/GEN_ACCUM8[3].u_accum/product_scale_ll_w__0 multiplier stage SoC_i/VPU_Top_0/inst/u_my_ip/u_axi4_mapping/u_spu/u_vpu_stream8/GEN_ACCUM8[3].u_accum/product_scale_ll_w__0/P[47:0] is not pipelined (MREG=0). Pipelining the multiplier function will improve performance and will save significant power so it is suggested whenever possible to fully pipeline this function.  If this multiplier was inferred, it is suggested to describe an additional register stage after this function.  If there is no registered adder/accumulator following the multiply function, two pipeline stages are suggested to allow both the MREG and PREG registers to be used.  If the DSP48 was instantiated in the design, it is suggested to set both the MREG and PREG attributes to 1 when performing multiply functions.
Related violations: <none>

DPOP-4#137 Warning
MREG Output pipelining  
DSP SoC_i/VPU_Top_0/inst/u_my_ip/u_axi4_mapping/u_spu/u_vpu_stream8/GEN_ACCUM8[4].u_accum/contribution_full_r_reg multiplier stage SoC_i/VPU_Top_0/inst/u_my_ip/u_axi4_mapping/u_spu/u_vpu_stream8/GEN_ACCUM8[4].u_accum/contribution_full_r_reg/P[47:0] is not pipelined (MREG=0). Pipelining the multiplier function will improve performance and will save significant power so it is suggested whenever possible to fully pipeline this function.  If this multiplier was inferred, it is suggested to describe an additional register stage after this function.  If there is no registered adder/accumulator following the multiply function, two pipeline stages are suggested to allow both the MREG and PREG registers to be used.  If the DSP48 was instantiated in the design, it is suggested to set both the MREG and PREG attributes to 1 when performing multiply functions.
Related violations: <none>

DPOP-4#138 Warning
MREG Output pipelining  
DSP SoC_i/VPU_Top_0/inst/u_my_ip/u_axi4_mapping/u_spu/u_vpu_stream8/GEN_ACCUM8[4].u_accum/contribution_full_r_reg__0 multiplier stage SoC_i/VPU_Top_0/inst/u_my_ip/u_axi4_mapping/u_spu/u_vpu_stream8/GEN_ACCUM8[4].u_accum/contribution_full_r_reg__0/P[47:0] is not pipelined (MREG=0). Pipelining the multiplier function will improve performance and will save significant power so it is suggested whenever possible to fully pipeline this function.  If this multiplier was inferred, it is suggested to describe an additional register stage after this function.  If there is no registered adder/accumulator following the multiply function, two pipeline stages are suggested to allow both the MREG and PREG registers to be used.  If the DSP48 was instantiated in the design, it is suggested to set both the MREG and PREG attributes to 1 when performing multiply functions.
Related violations: <none>

DPOP-4#139 Warning
MREG Output pipelining  
DSP SoC_i/VPU_Top_0/inst/u_my_ip/u_axi4_mapping/u_spu/u_vpu_stream8/GEN_ACCUM8[4].u_accum/contribution_full_r_reg__1 multiplier stage SoC_i/VPU_Top_0/inst/u_my_ip/u_axi4_mapping/u_spu/u_vpu_stream8/GEN_ACCUM8[4].u_accum/contribution_full_r_reg__1/P[47:0] is not pipelined (MREG=0). Pipelining the multiplier function will improve performance and will save significant power so it is suggested whenever possible to fully pipeline this function.  If this multiplier was inferred, it is suggested to describe an additional register stage after this function.  If there is no registered adder/accumulator following the multiply function, two pipeline stages are suggested to allow both the MREG and PREG registers to be used.  If the DSP48 was instantiated in the design, it is suggested to set both the MREG and PREG attributes to 1 when performing multiply functions.
Related violations: <none>

DPOP-4#140 Warning
MREG Output pipelining  
DSP SoC_i/VPU_Top_0/inst/u_my_ip/u_axi4_mapping/u_spu/u_vpu_stream8/GEN_ACCUM8[4].u_accum/contribution_mul_w multiplier stage SoC_i/VPU_Top_0/inst/u_my_ip/u_axi4_mapping/u_spu/u_vpu_stream8/GEN_ACCUM8[4].u_accum/contribution_mul_w/P[47:0] is not pipelined (MREG=0). Pipelining the multiplier function will improve performance and will save significant power so it is suggested whenever possible to fully pipeline this function.  If this multiplier was inferred, it is suggested to describe an additional register stage after this function.  If there is no registered adder/accumulator following the multiply function, two pipeline stages are suggested to allow both the MREG and PREG registers to be used.  If the DSP48 was instantiated in the design, it is suggested to set both the MREG and PREG attributes to 1 when performing multiply functions.
Related violations: <none>

DPOP-4#141 Warning
MREG Output pipelining  
DSP SoC_i/VPU_Top_0/inst/u_my_ip/u_axi4_mapping/u_spu/u_vpu_stream8/GEN_ACCUM8[4].u_accum/contribution_mul_w__1 multiplier stage SoC_i/VPU_Top_0/inst/u_my_ip/u_axi4_mapping/u_spu/u_vpu_stream8/GEN_ACCUM8[4].u_accum/contribution_mul_w__1/P[47:0] is not pipelined (MREG=0). Pipelining the multiplier function will improve performance and will save significant power so it is suggested whenever possible to fully pipeline this function.  If this multiplier was inferred, it is suggested to describe an additional register stage after this function.  If there is no registered adder/accumulator following the multiply function, two pipeline stages are suggested to allow both the MREG and PREG registers to be used.  If the DSP48 was instantiated in the design, it is suggested to set both the MREG and PREG attributes to 1 when performing multiply functions.
Related violations: <none>

DPOP-4#142 Warning
MREG Output pipelining  
DSP SoC_i/VPU_Top_0/inst/u_my_ip/u_axi4_mapping/u_spu/u_vpu_stream8/GEN_ACCUM8[4].u_accum/contribution_mul_w__2 multiplier stage SoC_i/VPU_Top_0/inst/u_my_ip/u_axi4_mapping/u_spu/u_vpu_stream8/GEN_ACCUM8[4].u_accum/contribution_mul_w__2/P[47:0] is not pipelined (MREG=0). Pipelining the multiplier function will improve performance and will save significant power so it is suggested whenever possible to fully pipeline this function.  If this multiplier was inferred, it is suggested to describe an additional register stage after this function.  If there is no registered adder/accumulator following the multiply function, two pipeline stages are suggested to allow both the MREG and PREG registers to be used.  If the DSP48 was instantiated in the design, it is suggested to set both the MREG and PREG attributes to 1 when performing multiply functions.
Related violations: <none>

DPOP-4#143 Warning
MREG Output pipelining  
DSP SoC_i/VPU_Top_0/inst/u_my_ip/u_axi4_mapping/u_spu/u_vpu_stream8/GEN_ACCUM8[4].u_accum/product_scale_hh_r_reg multiplier stage SoC_i/VPU_Top_0/inst/u_my_ip/u_axi4_mapping/u_spu/u_vpu_stream8/GEN_ACCUM8[4].u_accum/product_scale_hh_r_reg/P[47:0] is not pipelined (MREG=0). Pipelining the multiplier function will improve performance and will save significant power so it is suggested whenever possible to fully pipeline this function.  If this multiplier was inferred, it is suggested to describe an additional register stage after this function.  If there is no registered adder/accumulator following the multiply function, two pipeline stages are suggested to allow both the MREG and PREG registers to be used.  If the DSP48 was instantiated in the design, it is suggested to set both the MREG and PREG attributes to 1 when performing multiply functions.
Related violations: <none>

DPOP-4#144 Warning
MREG Output pipelining  
DSP SoC_i/VPU_Top_0/inst/u_my_ip/u_axi4_mapping/u_spu/u_vpu_stream8/GEN_ACCUM8[4].u_accum/product_scale_hh_r_reg__0 multiplier stage SoC_i/VPU_Top_0/inst/u_my_ip/u_axi4_mapping/u_spu/u_vpu_stream8/GEN_ACCUM8[4].u_accum/product_scale_hh_r_reg__0/P[47:0] is not pipelined (MREG=0). Pipelining the multiplier function will improve performance and will save significant power so it is suggested whenever possible to fully pipeline this function.  If this multiplier was inferred, it is suggested to describe an additional register stage after this function.  If there is no registered adder/accumulator following the multiply function, two pipeline stages are suggested to allow both the MREG and PREG registers to be used.  If the DSP48 was instantiated in the design, it is suggested to set both the MREG and PREG attributes to 1 when performing multiply functions.
Related violations: <none>

DPOP-4#145 Warning
MREG Output pipelining  
DSP SoC_i/VPU_Top_0/inst/u_my_ip/u_axi4_mapping/u_spu/u_vpu_stream8/GEN_ACCUM8[4].u_accum/product_scale_hh_w multiplier stage SoC_i/VPU_Top_0/inst/u_my_ip/u_axi4_mapping/u_spu/u_vpu_stream8/GEN_ACCUM8[4].u_accum/product_scale_hh_w/P[47:0] is not pipelined (MREG=0). Pipelining the multiplier function will improve performance and will save significant power so it is suggested whenever possible to fully pipeline this function.  If this multiplier was inferred, it is suggested to describe an additional register stage after this function.  If there is no registered adder/accumulator following the multiply function, two pipeline stages are suggested to allow both the MREG and PREG registers to be used.  If the DSP48 was instantiated in the design, it is suggested to set both the MREG and PREG attributes to 1 when performing multiply functions.
Related violations: <none>

DPOP-4#146 Warning
MREG Output pipelining  
DSP SoC_i/VPU_Top_0/inst/u_my_ip/u_axi4_mapping/u_spu/u_vpu_stream8/GEN_ACCUM8[4].u_accum/product_scale_hh_w__0 multiplier stage SoC_i/VPU_Top_0/inst/u_my_ip/u_axi4_mapping/u_spu/u_vpu_stream8/GEN_ACCUM8[4].u_accum/product_scale_hh_w__0/P[47:0] is not pipelined (MREG=0). Pipelining the multiplier function will improve performance and will save significant power so it is suggested whenever possible to fully pipeline this function.  If this multiplier was inferred, it is suggested to describe an additional register stage after this function.  If there is no registered adder/accumulator following the multiply function, two pipeline stages are suggested to allow both the MREG and PREG registers to be used.  If the DSP48 was instantiated in the design, it is suggested to set both the MREG and PREG attributes to 1 when performing multiply functions.
Related violations: <none>

DPOP-4#147 Warning
MREG Output pipelining  
DSP SoC_i/VPU_Top_0/inst/u_my_ip/u_axi4_mapping/u_spu/u_vpu_stream8/GEN_ACCUM8[4].u_accum/product_scale_hl_r_reg multiplier stage SoC_i/VPU_Top_0/inst/u_my_ip/u_axi4_mapping/u_spu/u_vpu_stream8/GEN_ACCUM8[4].u_accum/product_scale_hl_r_reg/P[47:0] is not pipelined (MREG=0). Pipelining the multiplier function will improve performance and will save significant power so it is suggested whenever possible to fully pipeline this function.  If this multiplier was inferred, it is suggested to describe an additional register stage after this function.  If there is no registered adder/accumulator following the multiply function, two pipeline stages are suggested to allow both the MREG and PREG registers to be used.  If the DSP48 was instantiated in the design, it is suggested to set both the MREG and PREG attributes to 1 when performing multiply functions.
Related violations: <none>

DPOP-4#148 Warning
MREG Output pipelining  
DSP SoC_i/VPU_Top_0/inst/u_my_ip/u_axi4_mapping/u_spu/u_vpu_stream8/GEN_ACCUM8[4].u_accum/product_scale_hl_r_reg__0 multiplier stage SoC_i/VPU_Top_0/inst/u_my_ip/u_axi4_mapping/u_spu/u_vpu_stream8/GEN_ACCUM8[4].u_accum/product_scale_hl_r_reg__0/P[47:0] is not pipelined (MREG=0). Pipelining the multiplier function will improve performance and will save significant power so it is suggested whenever possible to fully pipeline this function.  If this multiplier was inferred, it is suggested to describe an additional register stage after this function.  If there is no registered adder/accumulator following the multiply function, two pipeline stages are suggested to allow both the MREG and PREG registers to be used.  If the DSP48 was instantiated in the design, it is suggested to set both the MREG and PREG attributes to 1 when performing multiply functions.
Related violations: <none>

DPOP-4#149 Warning
MREG Output pipelining  
DSP SoC_i/VPU_Top_0/inst/u_my_ip/u_axi4_mapping/u_spu/u_vpu_stream8/GEN_ACCUM8[4].u_accum/product_scale_hl_w multiplier stage SoC_i/VPU_Top_0/inst/u_my_ip/u_axi4_mapping/u_spu/u_vpu_stream8/GEN_ACCUM8[4].u_accum/product_scale_hl_w/P[47:0] is not pipelined (MREG=0). Pipelining the multiplier function will improve performance and will save significant power so it is suggested whenever possible to fully pipeline this function.  If this multiplier was inferred, it is suggested to describe an additional register stage after this function.  If there is no registered adder/accumulator following the multiply function, two pipeline stages are suggested to allow both the MREG and PREG registers to be used.  If the DSP48 was instantiated in the design, it is suggested to set both the MREG and PREG attributes to 1 when performing multiply functions.
Related violations: <none>

DPOP-4#150 Warning
MREG Output pipelining  
DSP SoC_i/VPU_Top_0/inst/u_my_ip/u_axi4_mapping/u_spu/u_vpu_stream8/GEN_ACCUM8[4].u_accum/product_scale_hl_w__0 multiplier stage SoC_i/VPU_Top_0/inst/u_my_ip/u_axi4_mapping/u_spu/u_vpu_stream8/GEN_ACCUM8[4].u_accum/product_scale_hl_w__0/P[47:0] is not pipelined (MREG=0). Pipelining the multiplier function will improve performance and will save significant power so it is suggested whenever possible to fully pipeline this function.  If this multiplier was inferred, it is suggested to describe an additional register stage after this function.  If there is no registered adder/accumulator following the multiply function, two pipeline stages are suggested to allow both the MREG and PREG registers to be used.  If the DSP48 was instantiated in the design, it is suggested to set both the MREG and PREG attributes to 1 when performing multiply functions.
Related violations: <none>

DPOP-4#151 Warning
MREG Output pipelining  
DSP SoC_i/VPU_Top_0/inst/u_my_ip/u_axi4_mapping/u_spu/u_vpu_stream8/GEN_ACCUM8[4].u_accum/product_scale_lh_r_reg multiplier stage SoC_i/VPU_Top_0/inst/u_my_ip/u_axi4_mapping/u_spu/u_vpu_stream8/GEN_ACCUM8[4].u_accum/product_scale_lh_r_reg/P[47:0] is not pipelined (MREG=0). Pipelining the multiplier function will improve performance and will save significant power so it is suggested whenever possible to fully pipeline this function.  If this multiplier was inferred, it is suggested to describe an additional register stage after this function.  If there is no registered adder/accumulator following the multiply function, two pipeline stages are suggested to allow both the MREG and PREG registers to be used.  If the DSP48 was instantiated in the design, it is suggested to set both the MREG and PREG attributes to 1 when performing multiply functions.
Related violations: <none>

DPOP-4#152 Warning
MREG Output pipelining  
DSP SoC_i/VPU_Top_0/inst/u_my_ip/u_axi4_mapping/u_spu/u_vpu_stream8/GEN_ACCUM8[4].u_accum/product_scale_lh_r_reg__0 multiplier stage SoC_i/VPU_Top_0/inst/u_my_ip/u_axi4_mapping/u_spu/u_vpu_stream8/GEN_ACCUM8[4].u_accum/product_scale_lh_r_reg__0/P[47:0] is not pipelined (MREG=0). Pipelining the multiplier function will improve performance and will save significant power so it is suggested whenever possible to fully pipeline this function.  If this multiplier was inferred, it is suggested to describe an additional register stage after this function.  If there is no registered adder/accumulator following the multiply function, two pipeline stages are suggested to allow both the MREG and PREG registers to be used.  If the DSP48 was instantiated in the design, it is suggested to set both the MREG and PREG attributes to 1 when performing multiply functions.
Related violations: <none>

DPOP-4#153 Warning
MREG Output pipelining  
DSP SoC_i/VPU_Top_0/inst/u_my_ip/u_axi4_mapping/u_spu/u_vpu_stream8/GEN_ACCUM8[4].u_accum/product_scale_lh_w multiplier stage SoC_i/VPU_Top_0/inst/u_my_ip/u_axi4_mapping/u_spu/u_vpu_stream8/GEN_ACCUM8[4].u_accum/product_scale_lh_w/P[47:0] is not pipelined (MREG=0). Pipelining the multiplier function will improve performance and will save significant power so it is suggested whenever possible to fully pipeline this function.  If this multiplier was inferred, it is suggested to describe an additional register stage after this function.  If there is no registered adder/accumulator following the multiply function, two pipeline stages are suggested to allow both the MREG and PREG registers to be used.  If the DSP48 was instantiated in the design, it is suggested to set both the MREG and PREG attributes to 1 when performing multiply functions.
Related violations: <none>

DPOP-4#154 Warning
MREG Output pipelining  
DSP SoC_i/VPU_Top_0/inst/u_my_ip/u_axi4_mapping/u_spu/u_vpu_stream8/GEN_ACCUM8[4].u_accum/product_scale_lh_w__0 multiplier stage SoC_i/VPU_Top_0/inst/u_my_ip/u_axi4_mapping/u_spu/u_vpu_stream8/GEN_ACCUM8[4].u_accum/product_scale_lh_w__0/P[47:0] is not pipelined (MREG=0). Pipelining the multiplier function will improve performance and will save significant power so it is suggested whenever possible to fully pipeline this function.  If this multiplier was inferred, it is suggested to describe an additional register stage after this function.  If there is no registered adder/accumulator following the multiply function, two pipeline stages are suggested to allow both the MREG and PREG registers to be used.  If the DSP48 was instantiated in the design, it is suggested to set both the MREG and PREG attributes to 1 when performing multiply functions.
Related violations: <none>

DPOP-4#155 Warning
MREG Output pipelining  
DSP SoC_i/VPU_Top_0/inst/u_my_ip/u_axi4_mapping/u_spu/u_vpu_stream8/GEN_ACCUM8[4].u_accum/product_scale_ll_r_reg multiplier stage SoC_i/VPU_Top_0/inst/u_my_ip/u_axi4_mapping/u_spu/u_vpu_stream8/GEN_ACCUM8[4].u_accum/product_scale_ll_r_reg/P[47:0] is not pipelined (MREG=0). Pipelining the multiplier function will improve performance and will save significant power so it is suggested whenever possible to fully pipeline this function.  If this multiplier was inferred, it is suggested to describe an additional register stage after this function.  If there is no registered adder/accumulator following the multiply function, two pipeline stages are suggested to allow both the MREG and PREG registers to be used.  If the DSP48 was instantiated in the design, it is suggested to set both the MREG and PREG attributes to 1 when performing multiply functions.
Related violations: <none>

DPOP-4#156 Warning
MREG Output pipelining  
DSP SoC_i/VPU_Top_0/inst/u_my_ip/u_axi4_mapping/u_spu/u_vpu_stream8/GEN_ACCUM8[4].u_accum/product_scale_ll_r_reg__0 multiplier stage SoC_i/VPU_Top_0/inst/u_my_ip/u_axi4_mapping/u_spu/u_vpu_stream8/GEN_ACCUM8[4].u_accum/product_scale_ll_r_reg__0/P[47:0] is not pipelined (MREG=0). Pipelining the multiplier function will improve performance and will save significant power so it is suggested whenever possible to fully pipeline this function.  If this multiplier was inferred, it is suggested to describe an additional register stage after this function.  If there is no registered adder/accumulator following the multiply function, two pipeline stages are suggested to allow both the MREG and PREG registers to be used.  If the DSP48 was instantiated in the design, it is suggested to set both the MREG and PREG attributes to 1 when performing multiply functions.
Related violations: <none>

DPOP-4#157 Warning
MREG Output pipelining  
DSP SoC_i/VPU_Top_0/inst/u_my_ip/u_axi4_mapping/u_spu/u_vpu_stream8/GEN_ACCUM8[4].u_accum/product_scale_ll_w multiplier stage SoC_i/VPU_Top_0/inst/u_my_ip/u_axi4_mapping/u_spu/u_vpu_stream8/GEN_ACCUM8[4].u_accum/product_scale_ll_w/P[47:0] is not pipelined (MREG=0). Pipelining the multiplier function will improve performance and will save significant power so it is suggested whenever possible to fully pipeline this function.  If this multiplier was inferred, it is suggested to describe an additional register stage after this function.  If there is no registered adder/accumulator following the multiply function, two pipeline stages are suggested to allow both the MREG and PREG registers to be used.  If the DSP48 was instantiated in the design, it is suggested to set both the MREG and PREG attributes to 1 when performing multiply functions.
Related violations: <none>

DPOP-4#158 Warning
MREG Output pipelining  
DSP SoC_i/VPU_Top_0/inst/u_my_ip/u_axi4_mapping/u_spu/u_vpu_stream8/GEN_ACCUM8[4].u_accum/product_scale_ll_w__0 multiplier stage SoC_i/VPU_Top_0/inst/u_my_ip/u_axi4_mapping/u_spu/u_vpu_stream8/GEN_ACCUM8[4].u_accum/product_scale_ll_w__0/P[47:0] is not pipelined (MREG=0). Pipelining the multiplier function will improve performance and will save significant power so it is suggested whenever possible to fully pipeline this function.  If this multiplier was inferred, it is suggested to describe an additional register stage after this function.  If there is no registered adder/accumulator following the multiply function, two pipeline stages are suggested to allow both the MREG and PREG registers to be used.  If the DSP48 was instantiated in the design, it is suggested to set both the MREG and PREG attributes to 1 when performing multiply functions.
Related violations: <none>

DPOP-4#159 Warning
MREG Output pipelining  
DSP SoC_i/VPU_Top_0/inst/u_my_ip/u_axi4_mapping/u_spu/u_vpu_stream8/GEN_ACCUM8[5].u_accum/contribution_full_r_reg multiplier stage SoC_i/VPU_Top_0/inst/u_my_ip/u_axi4_mapping/u_spu/u_vpu_stream8/GEN_ACCUM8[5].u_accum/contribution_full_r_reg/P[47:0] is not pipelined (MREG=0). Pipelining the multiplier function will improve performance and will save significant power so it is suggested whenever possible to fully pipeline this function.  If this multiplier was inferred, it is suggested to describe an additional register stage after this function.  If there is no registered adder/accumulator following the multiply function, two pipeline stages are suggested to allow both the MREG and PREG registers to be used.  If the DSP48 was instantiated in the design, it is suggested to set both the MREG and PREG attributes to 1 when performing multiply functions.
Related violations: <none>

DPOP-4#160 Warning
MREG Output pipelining  
DSP SoC_i/VPU_Top_0/inst/u_my_ip/u_axi4_mapping/u_spu/u_vpu_stream8/GEN_ACCUM8[5].u_accum/contribution_full_r_reg__0 multiplier stage SoC_i/VPU_Top_0/inst/u_my_ip/u_axi4_mapping/u_spu/u_vpu_stream8/GEN_ACCUM8[5].u_accum/contribution_full_r_reg__0/P[47:0] is not pipelined (MREG=0). Pipelining the multiplier function will improve performance and will save significant power so it is suggested whenever possible to fully pipeline this function.  If this multiplier was inferred, it is suggested to describe an additional register stage after this function.  If there is no registered adder/accumulator following the multiply function, two pipeline stages are suggested to allow both the MREG and PREG registers to be used.  If the DSP48 was instantiated in the design, it is suggested to set both the MREG and PREG attributes to 1 when performing multiply functions.
Related violations: <none>

DPOP-4#161 Warning
MREG Output pipelining  
DSP SoC_i/VPU_Top_0/inst/u_my_ip/u_axi4_mapping/u_spu/u_vpu_stream8/GEN_ACCUM8[5].u_accum/contribution_full_r_reg__1 multiplier stage SoC_i/VPU_Top_0/inst/u_my_ip/u_axi4_mapping/u_spu/u_vpu_stream8/GEN_ACCUM8[5].u_accum/contribution_full_r_reg__1/P[47:0] is not pipelined (MREG=0). Pipelining the multiplier function will improve performance and will save significant power so it is suggested whenever possible to fully pipeline this function.  If this multiplier was inferred, it is suggested to describe an additional register stage after this function.  If there is no registered adder/accumulator following the multiply function, two pipeline stages are suggested to allow both the MREG and PREG registers to be used.  If the DSP48 was instantiated in the design, it is suggested to set both the MREG and PREG attributes to 1 when performing multiply functions.
Related violations: <none>

DPOP-4#162 Warning
MREG Output pipelining  
DSP SoC_i/VPU_Top_0/inst/u_my_ip/u_axi4_mapping/u_spu/u_vpu_stream8/GEN_ACCUM8[5].u_accum/contribution_mul_w multiplier stage SoC_i/VPU_Top_0/inst/u_my_ip/u_axi4_mapping/u_spu/u_vpu_stream8/GEN_ACCUM8[5].u_accum/contribution_mul_w/P[47:0] is not pipelined (MREG=0). Pipelining the multiplier function will improve performance and will save significant power so it is suggested whenever possible to fully pipeline this function.  If this multiplier was inferred, it is suggested to describe an additional register stage after this function.  If there is no registered adder/accumulator following the multiply function, two pipeline stages are suggested to allow both the MREG and PREG registers to be used.  If the DSP48 was instantiated in the design, it is suggested to set both the MREG and PREG attributes to 1 when performing multiply functions.
Related violations: <none>

DPOP-4#163 Warning
MREG Output pipelining  
DSP SoC_i/VPU_Top_0/inst/u_my_ip/u_axi4_mapping/u_spu/u_vpu_stream8/GEN_ACCUM8[5].u_accum/contribution_mul_w__1 multiplier stage SoC_i/VPU_Top_0/inst/u_my_ip/u_axi4_mapping/u_spu/u_vpu_stream8/GEN_ACCUM8[5].u_accum/contribution_mul_w__1/P[47:0] is not pipelined (MREG=0). Pipelining the multiplier function will improve performance and will save significant power so it is suggested whenever possible to fully pipeline this function.  If this multiplier was inferred, it is suggested to describe an additional register stage after this function.  If there is no registered adder/accumulator following the multiply function, two pipeline stages are suggested to allow both the MREG and PREG registers to be used.  If the DSP48 was instantiated in the design, it is suggested to set both the MREG and PREG attributes to 1 when performing multiply functions.
Related violations: <none>

DPOP-4#164 Warning
MREG Output pipelining  
DSP SoC_i/VPU_Top_0/inst/u_my_ip/u_axi4_mapping/u_spu/u_vpu_stream8/GEN_ACCUM8[5].u_accum/contribution_mul_w__2 multiplier stage SoC_i/VPU_Top_0/inst/u_my_ip/u_axi4_mapping/u_spu/u_vpu_stream8/GEN_ACCUM8[5].u_accum/contribution_mul_w__2/P[47:0] is not pipelined (MREG=0). Pipelining the multiplier function will improve performance and will save significant power so it is suggested whenever possible to fully pipeline this function.  If this multiplier was inferred, it is suggested to describe an additional register stage after this function.  If there is no registered adder/accumulator following the multiply function, two pipeline stages are suggested to allow both the MREG and PREG registers to be used.  If the DSP48 was instantiated in the design, it is suggested to set both the MREG and PREG attributes to 1 when performing multiply functions.
Related violations: <none>

DPOP-4#165 Warning
MREG Output pipelining  
DSP SoC_i/VPU_Top_0/inst/u_my_ip/u_axi4_mapping/u_spu/u_vpu_stream8/GEN_ACCUM8[5].u_accum/product_scale_hh_r_reg multiplier stage SoC_i/VPU_Top_0/inst/u_my_ip/u_axi4_mapping/u_spu/u_vpu_stream8/GEN_ACCUM8[5].u_accum/product_scale_hh_r_reg/P[47:0] is not pipelined (MREG=0). Pipelining the multiplier function will improve performance and will save significant power so it is suggested whenever possible to fully pipeline this function.  If this multiplier was inferred, it is suggested to describe an additional register stage after this function.  If there is no registered adder/accumulator following the multiply function, two pipeline stages are suggested to allow both the MREG and PREG registers to be used.  If the DSP48 was instantiated in the design, it is suggested to set both the MREG and PREG attributes to 1 when performing multiply functions.
Related violations: <none>

DPOP-4#166 Warning
MREG Output pipelining  
DSP SoC_i/VPU_Top_0/inst/u_my_ip/u_axi4_mapping/u_spu/u_vpu_stream8/GEN_ACCUM8[5].u_accum/product_scale_hh_r_reg__0 multiplier stage SoC_i/VPU_Top_0/inst/u_my_ip/u_axi4_mapping/u_spu/u_vpu_stream8/GEN_ACCUM8[5].u_accum/product_scale_hh_r_reg__0/P[47:0] is not pipelined (MREG=0). Pipelining the multiplier function will improve performance and will save significant power so it is suggested whenever possible to fully pipeline this function.  If this multiplier was inferred, it is suggested to describe an additional register stage after this function.  If there is no registered adder/accumulator following the multiply function, two pipeline stages are suggested to allow both the MREG and PREG registers to be used.  If the DSP48 was instantiated in the design, it is suggested to set both the MREG and PREG attributes to 1 when performing multiply functions.
Related violations: <none>

DPOP-4#167 Warning
MREG Output pipelining  
DSP SoC_i/VPU_Top_0/inst/u_my_ip/u_axi4_mapping/u_spu/u_vpu_stream8/GEN_ACCUM8[5].u_accum/product_scale_hh_w multiplier stage SoC_i/VPU_Top_0/inst/u_my_ip/u_axi4_mapping/u_spu/u_vpu_stream8/GEN_ACCUM8[5].u_accum/product_scale_hh_w/P[47:0] is not pipelined (MREG=0). Pipelining the multiplier function will improve performance and will save significant power so it is suggested whenever possible to fully pipeline this function.  If this multiplier was inferred, it is suggested to describe an additional register stage after this function.  If there is no registered adder/accumulator following the multiply function, two pipeline stages are suggested to allow both the MREG and PREG registers to be used.  If the DSP48 was instantiated in the design, it is suggested to set both the MREG and PREG attributes to 1 when performing multiply functions.
Related violations: <none>

DPOP-4#168 Warning
MREG Output pipelining  
DSP SoC_i/VPU_Top_0/inst/u_my_ip/u_axi4_mapping/u_spu/u_vpu_stream8/GEN_ACCUM8[5].u_accum/product_scale_hh_w__0 multiplier stage SoC_i/VPU_Top_0/inst/u_my_ip/u_axi4_mapping/u_spu/u_vpu_stream8/GEN_ACCUM8[5].u_accum/product_scale_hh_w__0/P[47:0] is not pipelined (MREG=0). Pipelining the multiplier function will improve performance and will save significant power so it is suggested whenever possible to fully pipeline this function.  If this multiplier was inferred, it is suggested to describe an additional register stage after this function.  If there is no registered adder/accumulator following the multiply function, two pipeline stages are suggested to allow both the MREG and PREG registers to be used.  If the DSP48 was instantiated in the design, it is suggested to set both the MREG and PREG attributes to 1 when performing multiply functions.
Related violations: <none>

DPOP-4#169 Warning
MREG Output pipelining  
DSP SoC_i/VPU_Top_0/inst/u_my_ip/u_axi4_mapping/u_spu/u_vpu_stream8/GEN_ACCUM8[5].u_accum/product_scale_hl_r_reg multiplier stage SoC_i/VPU_Top_0/inst/u_my_ip/u_axi4_mapping/u_spu/u_vpu_stream8/GEN_ACCUM8[5].u_accum/product_scale_hl_r_reg/P[47:0] is not pipelined (MREG=0). Pipelining the multiplier function will improve performance and will save significant power so it is suggested whenever possible to fully pipeline this function.  If this multiplier was inferred, it is suggested to describe an additional register stage after this function.  If there is no registered adder/accumulator following the multiply function, two pipeline stages are suggested to allow both the MREG and PREG registers to be used.  If the DSP48 was instantiated in the design, it is suggested to set both the MREG and PREG attributes to 1 when performing multiply functions.
Related violations: <none>

DPOP-4#170 Warning
MREG Output pipelining  
DSP SoC_i/VPU_Top_0/inst/u_my_ip/u_axi4_mapping/u_spu/u_vpu_stream8/GEN_ACCUM8[5].u_accum/product_scale_hl_r_reg__0 multiplier stage SoC_i/VPU_Top_0/inst/u_my_ip/u_axi4_mapping/u_spu/u_vpu_stream8/GEN_ACCUM8[5].u_accum/product_scale_hl_r_reg__0/P[47:0] is not pipelined (MREG=0). Pipelining the multiplier function will improve performance and will save significant power so it is suggested whenever possible to fully pipeline this function.  If this multiplier was inferred, it is suggested to describe an additional register stage after this function.  If there is no registered adder/accumulator following the multiply function, two pipeline stages are suggested to allow both the MREG and PREG registers to be used.  If the DSP48 was instantiated in the design, it is suggested to set both the MREG and PREG attributes to 1 when performing multiply functions.
Related violations: <none>

DPOP-4#171 Warning
MREG Output pipelining  
DSP SoC_i/VPU_Top_0/inst/u_my_ip/u_axi4_mapping/u_spu/u_vpu_stream8/GEN_ACCUM8[5].u_accum/product_scale_hl_w multiplier stage SoC_i/VPU_Top_0/inst/u_my_ip/u_axi4_mapping/u_spu/u_vpu_stream8/GEN_ACCUM8[5].u_accum/product_scale_hl_w/P[47:0] is not pipelined (MREG=0). Pipelining the multiplier function will improve performance and will save significant power so it is suggested whenever possible to fully pipeline this function.  If this multiplier was inferred, it is suggested to describe an additional register stage after this function.  If there is no registered adder/accumulator following the multiply function, two pipeline stages are suggested to allow both the MREG and PREG registers to be used.  If the DSP48 was instantiated in the design, it is suggested to set both the MREG and PREG attributes to 1 when performing multiply functions.
Related violations: <none>

DPOP-4#172 Warning
MREG Output pipelining  
DSP SoC_i/VPU_Top_0/inst/u_my_ip/u_axi4_mapping/u_spu/u_vpu_stream8/GEN_ACCUM8[5].u_accum/product_scale_hl_w__0 multiplier stage SoC_i/VPU_Top_0/inst/u_my_ip/u_axi4_mapping/u_spu/u_vpu_stream8/GEN_ACCUM8[5].u_accum/product_scale_hl_w__0/P[47:0] is not pipelined (MREG=0). Pipelining the multiplier function will improve performance and will save significant power so it is suggested whenever possible to fully pipeline this function.  If this multiplier was inferred, it is suggested to describe an additional register stage after this function.  If there is no registered adder/accumulator following the multiply function, two pipeline stages are suggested to allow both the MREG and PREG registers to be used.  If the DSP48 was instantiated in the design, it is suggested to set both the MREG and PREG attributes to 1 when performing multiply functions.
Related violations: <none>

DPOP-4#173 Warning
MREG Output pipelining  
DSP SoC_i/VPU_Top_0/inst/u_my_ip/u_axi4_mapping/u_spu/u_vpu_stream8/GEN_ACCUM8[5].u_accum/product_scale_lh_r_reg multiplier stage SoC_i/VPU_Top_0/inst/u_my_ip/u_axi4_mapping/u_spu/u_vpu_stream8/GEN_ACCUM8[5].u_accum/product_scale_lh_r_reg/P[47:0] is not pipelined (MREG=0). Pipelining the multiplier function will improve performance and will save significant power so it is suggested whenever possible to fully pipeline this function.  If this multiplier was inferred, it is suggested to describe an additional register stage after this function.  If there is no registered adder/accumulator following the multiply function, two pipeline stages are suggested to allow both the MREG and PREG registers to be used.  If the DSP48 was instantiated in the design, it is suggested to set both the MREG and PREG attributes to 1 when performing multiply functions.
Related violations: <none>

DPOP-4#174 Warning
MREG Output pipelining  
DSP SoC_i/VPU_Top_0/inst/u_my_ip/u_axi4_mapping/u_spu/u_vpu_stream8/GEN_ACCUM8[5].u_accum/product_scale_lh_r_reg__0 multiplier stage SoC_i/VPU_Top_0/inst/u_my_ip/u_axi4_mapping/u_spu/u_vpu_stream8/GEN_ACCUM8[5].u_accum/product_scale_lh_r_reg__0/P[47:0] is not pipelined (MREG=0). Pipelining the multiplier function will improve performance and will save significant power so it is suggested whenever possible to fully pipeline this function.  If this multiplier was inferred, it is suggested to describe an additional register stage after this function.  If there is no registered adder/accumulator following the multiply function, two pipeline stages are suggested to allow both the MREG and PREG registers to be used.  If the DSP48 was instantiated in the design, it is suggested to set both the MREG and PREG attributes to 1 when performing multiply functions.
Related violations: <none>

DPOP-4#175 Warning
MREG Output pipelining  
DSP SoC_i/VPU_Top_0/inst/u_my_ip/u_axi4_mapping/u_spu/u_vpu_stream8/GEN_ACCUM8[5].u_accum/product_scale_lh_w multiplier stage SoC_i/VPU_Top_0/inst/u_my_ip/u_axi4_mapping/u_spu/u_vpu_stream8/GEN_ACCUM8[5].u_accum/product_scale_lh_w/P[47:0] is not pipelined (MREG=0). Pipelining the multiplier function will improve performance and will save significant power so it is suggested whenever possible to fully pipeline this function.  If this multiplier was inferred, it is suggested to describe an additional register stage after this function.  If there is no registered adder/accumulator following the multiply function, two pipeline stages are suggested to allow both the MREG and PREG registers to be used.  If the DSP48 was instantiated in the design, it is suggested to set both the MREG and PREG attributes to 1 when performing multiply functions.
Related violations: <none>

DPOP-4#176 Warning
MREG Output pipelining  
DSP SoC_i/VPU_Top_0/inst/u_my_ip/u_axi4_mapping/u_spu/u_vpu_stream8/GEN_ACCUM8[5].u_accum/product_scale_lh_w__0 multiplier stage SoC_i/VPU_Top_0/inst/u_my_ip/u_axi4_mapping/u_spu/u_vpu_stream8/GEN_ACCUM8[5].u_accum/product_scale_lh_w__0/P[47:0] is not pipelined (MREG=0). Pipelining the multiplier function will improve performance and will save significant power so it is suggested whenever possible to fully pipeline this function.  If this multiplier was inferred, it is suggested to describe an additional register stage after this function.  If there is no registered adder/accumulator following the multiply function, two pipeline stages are suggested to allow both the MREG and PREG registers to be used.  If the DSP48 was instantiated in the design, it is suggested to set both the MREG and PREG attributes to 1 when performing multiply functions.
Related violations: <none>

DPOP-4#177 Warning
MREG Output pipelining  
DSP SoC_i/VPU_Top_0/inst/u_my_ip/u_axi4_mapping/u_spu/u_vpu_stream8/GEN_ACCUM8[5].u_accum/product_scale_ll_r_reg multiplier stage SoC_i/VPU_Top_0/inst/u_my_ip/u_axi4_mapping/u_spu/u_vpu_stream8/GEN_ACCUM8[5].u_accum/product_scale_ll_r_reg/P[47:0] is not pipelined (MREG=0). Pipelining the multiplier function will improve performance and will save significant power so it is suggested whenever possible to fully pipeline this function.  If this multiplier was inferred, it is suggested to describe an additional register stage after this function.  If there is no registered adder/accumulator following the multiply function, two pipeline stages are suggested to allow both the MREG and PREG registers to be used.  If the DSP48 was instantiated in the design, it is suggested to set both the MREG and PREG attributes to 1 when performing multiply functions.
Related violations: <none>

DPOP-4#178 Warning
MREG Output pipelining  
DSP SoC_i/VPU_Top_0/inst/u_my_ip/u_axi4_mapping/u_spu/u_vpu_stream8/GEN_ACCUM8[5].u_accum/product_scale_ll_r_reg__0 multiplier stage SoC_i/VPU_Top_0/inst/u_my_ip/u_axi4_mapping/u_spu/u_vpu_stream8/GEN_ACCUM8[5].u_accum/product_scale_ll_r_reg__0/P[47:0] is not pipelined (MREG=0). Pipelining the multiplier function will improve performance and will save significant power so it is suggested whenever possible to fully pipeline this function.  If this multiplier was inferred, it is suggested to describe an additional register stage after this function.  If there is no registered adder/accumulator following the multiply function, two pipeline stages are suggested to allow both the MREG and PREG registers to be used.  If the DSP48 was instantiated in the design, it is suggested to set both the MREG and PREG attributes to 1 when performing multiply functions.
Related violations: <none>

DPOP-4#179 Warning
MREG Output pipelining  
DSP SoC_i/VPU_Top_0/inst/u_my_ip/u_axi4_mapping/u_spu/u_vpu_stream8/GEN_ACCUM8[5].u_accum/product_scale_ll_w multiplier stage SoC_i/VPU_Top_0/inst/u_my_ip/u_axi4_mapping/u_spu/u_vpu_stream8/GEN_ACCUM8[5].u_accum/product_scale_ll_w/P[47:0] is not pipelined (MREG=0). Pipelining the multiplier function will improve performance and will save significant power so it is suggested whenever possible to fully pipeline this function.  If this multiplier was inferred, it is suggested to describe an additional register stage after this function.  If there is no registered adder/accumulator following the multiply function, two pipeline stages are suggested to allow both the MREG and PREG registers to be used.  If the DSP48 was instantiated in the design, it is suggested to set both the MREG and PREG attributes to 1 when performing multiply functions.
Related violations: <none>

DPOP-4#180 Warning
MREG Output pipelining  
DSP SoC_i/VPU_Top_0/inst/u_my_ip/u_axi4_mapping/u_spu/u_vpu_stream8/GEN_ACCUM8[5].u_accum/product_scale_ll_w__0 multiplier stage SoC_i/VPU_Top_0/inst/u_my_ip/u_axi4_mapping/u_spu/u_vpu_stream8/GEN_ACCUM8[5].u_accum/product_scale_ll_w__0/P[47:0] is not pipelined (MREG=0). Pipelining the multiplier function will improve performance and will save significant power so it is suggested whenever possible to fully pipeline this function.  If this multiplier was inferred, it is suggested to describe an additional register stage after this function.  If there is no registered adder/accumulator following the multiply function, two pipeline stages are suggested to allow both the MREG and PREG registers to be used.  If the DSP48 was instantiated in the design, it is suggested to set both the MREG and PREG attributes to 1 when performing multiply functions.
Related violations: <none>

DPOP-4#181 Warning
MREG Output pipelining  
DSP SoC_i/VPU_Top_0/inst/u_my_ip/u_axi4_mapping/u_spu/u_vpu_stream8/GEN_ACCUM8[6].u_accum/contribution_full_r_reg multiplier stage SoC_i/VPU_Top_0/inst/u_my_ip/u_axi4_mapping/u_spu/u_vpu_stream8/GEN_ACCUM8[6].u_accum/contribution_full_r_reg/P[47:0] is not pipelined (MREG=0). Pipelining the multiplier function will improve performance and will save significant power so it is suggested whenever possible to fully pipeline this function.  If this multiplier was inferred, it is suggested to describe an additional register stage after this function.  If there is no registered adder/accumulator following the multiply function, two pipeline stages are suggested to allow both the MREG and PREG registers to be used.  If the DSP48 was instantiated in the design, it is suggested to set both the MREG and PREG attributes to 1 when performing multiply functions.
Related violations: <none>

DPOP-4#182 Warning
MREG Output pipelining  
DSP SoC_i/VPU_Top_0/inst/u_my_ip/u_axi4_mapping/u_spu/u_vpu_stream8/GEN_ACCUM8[6].u_accum/contribution_full_r_reg__0 multiplier stage SoC_i/VPU_Top_0/inst/u_my_ip/u_axi4_mapping/u_spu/u_vpu_stream8/GEN_ACCUM8[6].u_accum/contribution_full_r_reg__0/P[47:0] is not pipelined (MREG=0). Pipelining the multiplier function will improve performance and will save significant power so it is suggested whenever possible to fully pipeline this function.  If this multiplier was inferred, it is suggested to describe an additional register stage after this function.  If there is no registered adder/accumulator following the multiply function, two pipeline stages are suggested to allow both the MREG and PREG registers to be used.  If the DSP48 was instantiated in the design, it is suggested to set both the MREG and PREG attributes to 1 when performing multiply functions.
Related violations: <none>

DPOP-4#183 Warning
MREG Output pipelining  
DSP SoC_i/VPU_Top_0/inst/u_my_ip/u_axi4_mapping/u_spu/u_vpu_stream8/GEN_ACCUM8[6].u_accum/contribution_full_r_reg__1 multiplier stage SoC_i/VPU_Top_0/inst/u_my_ip/u_axi4_mapping/u_spu/u_vpu_stream8/GEN_ACCUM8[6].u_accum/contribution_full_r_reg__1/P[47:0] is not pipelined (MREG=0). Pipelining the multiplier function will improve performance and will save significant power so it is suggested whenever possible to fully pipeline this function.  If this multiplier was inferred, it is suggested to describe an additional register stage after this function.  If there is no registered adder/accumulator following the multiply function, two pipeline stages are suggested to allow both the MREG and PREG registers to be used.  If the DSP48 was instantiated in the design, it is suggested to set both the MREG and PREG attributes to 1 when performing multiply functions.
Related violations: <none>

DPOP-4#184 Warning
MREG Output pipelining  
DSP SoC_i/VPU_Top_0/inst/u_my_ip/u_axi4_mapping/u_spu/u_vpu_stream8/GEN_ACCUM8[6].u_accum/contribution_mul_w multiplier stage SoC_i/VPU_Top_0/inst/u_my_ip/u_axi4_mapping/u_spu/u_vpu_stream8/GEN_ACCUM8[6].u_accum/contribution_mul_w/P[47:0] is not pipelined (MREG=0). Pipelining the multiplier function will improve performance and will save significant power so it is suggested whenever possible to fully pipeline this function.  If this multiplier was inferred, it is suggested to describe an additional register stage after this function.  If there is no registered adder/accumulator following the multiply function, two pipeline stages are suggested to allow both the MREG and PREG registers to be used.  If the DSP48 was instantiated in the design, it is suggested to set both the MREG and PREG attributes to 1 when performing multiply functions.
Related violations: <none>

DPOP-4#185 Warning
MREG Output pipelining  
DSP SoC_i/VPU_Top_0/inst/u_my_ip/u_axi4_mapping/u_spu/u_vpu_stream8/GEN_ACCUM8[6].u_accum/contribution_mul_w__1 multiplier stage SoC_i/VPU_Top_0/inst/u_my_ip/u_axi4_mapping/u_spu/u_vpu_stream8/GEN_ACCUM8[6].u_accum/contribution_mul_w__1/P[47:0] is not pipelined (MREG=0). Pipelining the multiplier function will improve performance and will save significant power so it is suggested whenever possible to fully pipeline this function.  If this multiplier was inferred, it is suggested to describe an additional register stage after this function.  If there is no registered adder/accumulator following the multiply function, two pipeline stages are suggested to allow both the MREG and PREG registers to be used.  If the DSP48 was instantiated in the design, it is suggested to set both the MREG and PREG attributes to 1 when performing multiply functions.
Related violations: <none>

DPOP-4#186 Warning
MREG Output pipelining  
DSP SoC_i/VPU_Top_0/inst/u_my_ip/u_axi4_mapping/u_spu/u_vpu_stream8/GEN_ACCUM8[6].u_accum/contribution_mul_w__2 multiplier stage SoC_i/VPU_Top_0/inst/u_my_ip/u_axi4_mapping/u_spu/u_vpu_stream8/GEN_ACCUM8[6].u_accum/contribution_mul_w__2/P[47:0] is not pipelined (MREG=0). Pipelining the multiplier function will improve performance and will save significant power so it is suggested whenever possible to fully pipeline this function.  If this multiplier was inferred, it is suggested to describe an additional register stage after this function.  If there is no registered adder/accumulator following the multiply function, two pipeline stages are suggested to allow both the MREG and PREG registers to be used.  If the DSP48 was instantiated in the design, it is suggested to set both the MREG and PREG attributes to 1 when performing multiply functions.
Related violations: <none>

DPOP-4#187 Warning
MREG Output pipelining  
DSP SoC_i/VPU_Top_0/inst/u_my_ip/u_axi4_mapping/u_spu/u_vpu_stream8/GEN_ACCUM8[6].u_accum/product_scale_hh_r_reg multiplier stage SoC_i/VPU_Top_0/inst/u_my_ip/u_axi4_mapping/u_spu/u_vpu_stream8/GEN_ACCUM8[6].u_accum/product_scale_hh_r_reg/P[47:0] is not pipelined (MREG=0). Pipelining the multiplier function will improve performance and will save significant power so it is suggested whenever possible to fully pipeline this function.  If this multiplier was inferred, it is suggested to describe an additional register stage after this function.  If there is no registered adder/accumulator following the multiply function, two pipeline stages are suggested to allow both the MREG and PREG registers to be used.  If the DSP48 was instantiated in the design, it is suggested to set both the MREG and PREG attributes to 1 when performing multiply functions.
Related violations: <none>

DPOP-4#188 Warning
MREG Output pipelining  
DSP SoC_i/VPU_Top_0/inst/u_my_ip/u_axi4_mapping/u_spu/u_vpu_stream8/GEN_ACCUM8[6].u_accum/product_scale_hh_r_reg__0 multiplier stage SoC_i/VPU_Top_0/inst/u_my_ip/u_axi4_mapping/u_spu/u_vpu_stream8/GEN_ACCUM8[6].u_accum/product_scale_hh_r_reg__0/P[47:0] is not pipelined (MREG=0). Pipelining the multiplier function will improve performance and will save significant power so it is suggested whenever possible to fully pipeline this function.  If this multiplier was inferred, it is suggested to describe an additional register stage after this function.  If there is no registered adder/accumulator following the multiply function, two pipeline stages are suggested to allow both the MREG and PREG registers to be used.  If the DSP48 was instantiated in the design, it is suggested to set both the MREG and PREG attributes to 1 when performing multiply functions.
Related violations: <none>

DPOP-4#189 Warning
MREG Output pipelining  
DSP SoC_i/VPU_Top_0/inst/u_my_ip/u_axi4_mapping/u_spu/u_vpu_stream8/GEN_ACCUM8[6].u_accum/product_scale_hh_w multiplier stage SoC_i/VPU_Top_0/inst/u_my_ip/u_axi4_mapping/u_spu/u_vpu_stream8/GEN_ACCUM8[6].u_accum/product_scale_hh_w/P[47:0] is not pipelined (MREG=0). Pipelining the multiplier function will improve performance and will save significant power so it is suggested whenever possible to fully pipeline this function.  If this multiplier was inferred, it is suggested to describe an additional register stage after this function.  If there is no registered adder/accumulator following the multiply function, two pipeline stages are suggested to allow both the MREG and PREG registers to be used.  If the DSP48 was instantiated in the design, it is suggested to set both the MREG and PREG attributes to 1 when performing multiply functions.
Related violations: <none>

DPOP-4#190 Warning
MREG Output pipelining  
DSP SoC_i/VPU_Top_0/inst/u_my_ip/u_axi4_mapping/u_spu/u_vpu_stream8/GEN_ACCUM8[6].u_accum/product_scale_hh_w__0 multiplier stage SoC_i/VPU_Top_0/inst/u_my_ip/u_axi4_mapping/u_spu/u_vpu_stream8/GEN_ACCUM8[6].u_accum/product_scale_hh_w__0/P[47:0] is not pipelined (MREG=0). Pipelining the multiplier function will improve performance and will save significant power so it is suggested whenever possible to fully pipeline this function.  If this multiplier was inferred, it is suggested to describe an additional register stage after this function.  If there is no registered adder/accumulator following the multiply function, two pipeline stages are suggested to allow both the MREG and PREG registers to be used.  If the DSP48 was instantiated in the design, it is suggested to set both the MREG and PREG attributes to 1 when performing multiply functions.
Related violations: <none>

DPOP-4#191 Warning
MREG Output pipelining  
DSP SoC_i/VPU_Top_0/inst/u_my_ip/u_axi4_mapping/u_spu/u_vpu_stream8/GEN_ACCUM8[6].u_accum/product_scale_hl_r_reg multiplier stage SoC_i/VPU_Top_0/inst/u_my_ip/u_axi4_mapping/u_spu/u_vpu_stream8/GEN_ACCUM8[6].u_accum/product_scale_hl_r_reg/P[47:0] is not pipelined (MREG=0). Pipelining the multiplier function will improve performance and will save significant power so it is suggested whenever possible to fully pipeline this function.  If this multiplier was inferred, it is suggested to describe an additional register stage after this function.  If there is no registered adder/accumulator following the multiply function, two pipeline stages are suggested to allow both the MREG and PREG registers to be used.  If the DSP48 was instantiated in the design, it is suggested to set both the MREG and PREG attributes to 1 when performing multiply functions.
Related violations: <none>

DPOP-4#192 Warning
MREG Output pipelining  
DSP SoC_i/VPU_Top_0/inst/u_my_ip/u_axi4_mapping/u_spu/u_vpu_stream8/GEN_ACCUM8[6].u_accum/product_scale_hl_r_reg__0 multiplier stage SoC_i/VPU_Top_0/inst/u_my_ip/u_axi4_mapping/u_spu/u_vpu_stream8/GEN_ACCUM8[6].u_accum/product_scale_hl_r_reg__0/P[47:0] is not pipelined (MREG=0). Pipelining the multiplier function will improve performance and will save significant power so it is suggested whenever possible to fully pipeline this function.  If this multiplier was inferred, it is suggested to describe an additional register stage after this function.  If there is no registered adder/accumulator following the multiply function, two pipeline stages are suggested to allow both the MREG and PREG registers to be used.  If the DSP48 was instantiated in the design, it is suggested to set both the MREG and PREG attributes to 1 when performing multiply functions.
Related violations: <none>

DPOP-4#193 Warning
MREG Output pipelining  
DSP SoC_i/VPU_Top_0/inst/u_my_ip/u_axi4_mapping/u_spu/u_vpu_stream8/GEN_ACCUM8[6].u_accum/product_scale_hl_w multiplier stage SoC_i/VPU_Top_0/inst/u_my_ip/u_axi4_mapping/u_spu/u_vpu_stream8/GEN_ACCUM8[6].u_accum/product_scale_hl_w/P[47:0] is not pipelined (MREG=0). Pipelining the multiplier function will improve performance and will save significant power so it is suggested whenever possible to fully pipeline this function.  If this multiplier was inferred, it is suggested to describe an additional register stage after this function.  If there is no registered adder/accumulator following the multiply function, two pipeline stages are suggested to allow both the MREG and PREG registers to be used.  If the DSP48 was instantiated in the design, it is suggested to set both the MREG and PREG attributes to 1 when performing multiply functions.
Related violations: <none>

DPOP-4#194 Warning
MREG Output pipelining  
DSP SoC_i/VPU_Top_0/inst/u_my_ip/u_axi4_mapping/u_spu/u_vpu_stream8/GEN_ACCUM8[6].u_accum/product_scale_hl_w__0 multiplier stage SoC_i/VPU_Top_0/inst/u_my_ip/u_axi4_mapping/u_spu/u_vpu_stream8/GEN_ACCUM8[6].u_accum/product_scale_hl_w__0/P[47:0] is not pipelined (MREG=0). Pipelining the multiplier function will improve performance and will save significant power so it is suggested whenever possible to fully pipeline this function.  If this multiplier was inferred, it is suggested to describe an additional register stage after this function.  If there is no registered adder/accumulator following the multiply function, two pipeline stages are suggested to allow both the MREG and PREG registers to be used.  If the DSP48 was instantiated in the design, it is suggested to set both the MREG and PREG attributes to 1 when performing multiply functions.
Related violations: <none>

DPOP-4#195 Warning
MREG Output pipelining  
DSP SoC_i/VPU_Top_0/inst/u_my_ip/u_axi4_mapping/u_spu/u_vpu_stream8/GEN_ACCUM8[6].u_accum/product_scale_lh_r_reg multiplier stage SoC_i/VPU_Top_0/inst/u_my_ip/u_axi4_mapping/u_spu/u_vpu_stream8/GEN_ACCUM8[6].u_accum/product_scale_lh_r_reg/P[47:0] is not pipelined (MREG=0). Pipelining the multiplier function will improve performance and will save significant power so it is suggested whenever possible to fully pipeline this function.  If this multiplier was inferred, it is suggested to describe an additional register stage after this function.  If there is no registered adder/accumulator following the multiply function, two pipeline stages are suggested to allow both the MREG and PREG registers to be used.  If the DSP48 was instantiated in the design, it is suggested to set both the MREG and PREG attributes to 1 when performing multiply functions.
Related violations: <none>

DPOP-4#196 Warning
MREG Output pipelining  
DSP SoC_i/VPU_Top_0/inst/u_my_ip/u_axi4_mapping/u_spu/u_vpu_stream8/GEN_ACCUM8[6].u_accum/product_scale_lh_r_reg__0 multiplier stage SoC_i/VPU_Top_0/inst/u_my_ip/u_axi4_mapping/u_spu/u_vpu_stream8/GEN_ACCUM8[6].u_accum/product_scale_lh_r_reg__0/P[47:0] is not pipelined (MREG=0). Pipelining the multiplier function will improve performance and will save significant power so it is suggested whenever possible to fully pipeline this function.  If this multiplier was inferred, it is suggested to describe an additional register stage after this function.  If there is no registered adder/accumulator following the multiply function, two pipeline stages are suggested to allow both the MREG and PREG registers to be used.  If the DSP48 was instantiated in the design, it is suggested to set both the MREG and PREG attributes to 1 when performing multiply functions.
Related violations: <none>

DPOP-4#197 Warning
MREG Output pipelining  
DSP SoC_i/VPU_Top_0/inst/u_my_ip/u_axi4_mapping/u_spu/u_vpu_stream8/GEN_ACCUM8[6].u_accum/product_scale_lh_w multiplier stage SoC_i/VPU_Top_0/inst/u_my_ip/u_axi4_mapping/u_spu/u_vpu_stream8/GEN_ACCUM8[6].u_accum/product_scale_lh_w/P[47:0] is not pipelined (MREG=0). Pipelining the multiplier function will improve performance and will save significant power so it is suggested whenever possible to fully pipeline this function.  If this multiplier was inferred, it is suggested to describe an additional register stage after this function.  If there is no registered adder/accumulator following the multiply function, two pipeline stages are suggested to allow both the MREG and PREG registers to be used.  If the DSP48 was instantiated in the design, it is suggested to set both the MREG and PREG attributes to 1 when performing multiply functions.
Related violations: <none>

DPOP-4#198 Warning
MREG Output pipelining  
DSP SoC_i/VPU_Top_0/inst/u_my_ip/u_axi4_mapping/u_spu/u_vpu_stream8/GEN_ACCUM8[6].u_accum/product_scale_lh_w__0 multiplier stage SoC_i/VPU_Top_0/inst/u_my_ip/u_axi4_mapping/u_spu/u_vpu_stream8/GEN_ACCUM8[6].u_accum/product_scale_lh_w__0/P[47:0] is not pipelined (MREG=0). Pipelining the multiplier function will improve performance and will save significant power so it is suggested whenever possible to fully pipeline this function.  If this multiplier was inferred, it is suggested to describe an additional register stage after this function.  If there is no registered adder/accumulator following the multiply function, two pipeline stages are suggested to allow both the MREG and PREG registers to be used.  If the DSP48 was instantiated in the design, it is suggested to set both the MREG and PREG attributes to 1 when performing multiply functions.
Related violations: <none>

DPOP-4#199 Warning
MREG Output pipelining  
DSP SoC_i/VPU_Top_0/inst/u_my_ip/u_axi4_mapping/u_spu/u_vpu_stream8/GEN_ACCUM8[6].u_accum/product_scale_ll_r_reg multiplier stage SoC_i/VPU_Top_0/inst/u_my_ip/u_axi4_mapping/u_spu/u_vpu_stream8/GEN_ACCUM8[6].u_accum/product_scale_ll_r_reg/P[47:0] is not pipelined (MREG=0). Pipelining the multiplier function will improve performance and will save significant power so it is suggested whenever possible to fully pipeline this function.  If this multiplier was inferred, it is suggested to describe an additional register stage after this function.  If there is no registered adder/accumulator following the multiply function, two pipeline stages are suggested to allow both the MREG and PREG registers to be used.  If the DSP48 was instantiated in the design, it is suggested to set both the MREG and PREG attributes to 1 when performing multiply functions.
Related violations: <none>

DPOP-4#200 Warning
MREG Output pipelining  
DSP SoC_i/VPU_Top_0/inst/u_my_ip/u_axi4_mapping/u_spu/u_vpu_stream8/GEN_ACCUM8[6].u_accum/product_scale_ll_r_reg__0 multiplier stage SoC_i/VPU_Top_0/inst/u_my_ip/u_axi4_mapping/u_spu/u_vpu_stream8/GEN_ACCUM8[6].u_accum/product_scale_ll_r_reg__0/P[47:0] is not pipelined (MREG=0). Pipelining the multiplier function will improve performance and will save significant power so it is suggested whenever possible to fully pipeline this function.  If this multiplier was inferred, it is suggested to describe an additional register stage after this function.  If there is no registered adder/accumulator following the multiply function, two pipeline stages are suggested to allow both the MREG and PREG registers to be used.  If the DSP48 was instantiated in the design, it is suggested to set both the MREG and PREG attributes to 1 when performing multiply functions.
Related violations: <none>

DPOP-4#201 Warning
MREG Output pipelining  
DSP SoC_i/VPU_Top_0/inst/u_my_ip/u_axi4_mapping/u_spu/u_vpu_stream8/GEN_ACCUM8[6].u_accum/product_scale_ll_w multiplier stage SoC_i/VPU_Top_0/inst/u_my_ip/u_axi4_mapping/u_spu/u_vpu_stream8/GEN_ACCUM8[6].u_accum/product_scale_ll_w/P[47:0] is not pipelined (MREG=0). Pipelining the multiplier function will improve performance and will save significant power so it is suggested whenever possible to fully pipeline this function.  If this multiplier was inferred, it is suggested to describe an additional register stage after this function.  If there is no registered adder/accumulator following the multiply function, two pipeline stages are suggested to allow both the MREG and PREG registers to be used.  If the DSP48 was instantiated in the design, it is suggested to set both the MREG and PREG attributes to 1 when performing multiply functions.
Related violations: <none>

DPOP-4#202 Warning
MREG Output pipelining  
DSP SoC_i/VPU_Top_0/inst/u_my_ip/u_axi4_mapping/u_spu/u_vpu_stream8/GEN_ACCUM8[6].u_accum/product_scale_ll_w__0 multiplier stage SoC_i/VPU_Top_0/inst/u_my_ip/u_axi4_mapping/u_spu/u_vpu_stream8/GEN_ACCUM8[6].u_accum/product_scale_ll_w__0/P[47:0] is not pipelined (MREG=0). Pipelining the multiplier function will improve performance and will save significant power so it is suggested whenever possible to fully pipeline this function.  If this multiplier was inferred, it is suggested to describe an additional register stage after this function.  If there is no registered adder/accumulator following the multiply function, two pipeline stages are suggested to allow both the MREG and PREG registers to be used.  If the DSP48 was instantiated in the design, it is suggested to set both the MREG and PREG attributes to 1 when performing multiply functions.
Related violations: <none>

DPOP-4#203 Warning
MREG Output pipelining  
DSP SoC_i/VPU_Top_0/inst/u_my_ip/u_axi4_mapping/u_spu/u_vpu_stream8/GEN_ACCUM8[7].u_accum/contribution_full_r_reg multiplier stage SoC_i/VPU_Top_0/inst/u_my_ip/u_axi4_mapping/u_spu/u_vpu_stream8/GEN_ACCUM8[7].u_accum/contribution_full_r_reg/P[47:0] is not pipelined (MREG=0). Pipelining the multiplier function will improve performance and will save significant power so it is suggested whenever possible to fully pipeline this function.  If this multiplier was inferred, it is suggested to describe an additional register stage after this function.  If there is no registered adder/accumulator following the multiply function, two pipeline stages are suggested to allow both the MREG and PREG registers to be used.  If the DSP48 was instantiated in the design, it is suggested to set both the MREG and PREG attributes to 1 when performing multiply functions.
Related violations: <none>

DPOP-4#204 Warning
MREG Output pipelining  
DSP SoC_i/VPU_Top_0/inst/u_my_ip/u_axi4_mapping/u_spu/u_vpu_stream8/GEN_ACCUM8[7].u_accum/contribution_full_r_reg__0 multiplier stage SoC_i/VPU_Top_0/inst/u_my_ip/u_axi4_mapping/u_spu/u_vpu_stream8/GEN_ACCUM8[7].u_accum/contribution_full_r_reg__0/P[47:0] is not pipelined (MREG=0). Pipelining the multiplier function will improve performance and will save significant power so it is suggested whenever possible to fully pipeline this function.  If this multiplier was inferred, it is suggested to describe an additional register stage after this function.  If there is no registered adder/accumulator following the multiply function, two pipeline stages are suggested to allow both the MREG and PREG registers to be used.  If the DSP48 was instantiated in the design, it is suggested to set both the MREG and PREG attributes to 1 when performing multiply functions.
Related violations: <none>

DPOP-4#205 Warning
MREG Output pipelining  
DSP SoC_i/VPU_Top_0/inst/u_my_ip/u_axi4_mapping/u_spu/u_vpu_stream8/GEN_ACCUM8[7].u_accum/contribution_full_r_reg__1 multiplier stage SoC_i/VPU_Top_0/inst/u_my_ip/u_axi4_mapping/u_spu/u_vpu_stream8/GEN_ACCUM8[7].u_accum/contribution_full_r_reg__1/P[47:0] is not pipelined (MREG=0). Pipelining the multiplier function will improve performance and will save significant power so it is suggested whenever possible to fully pipeline this function.  If this multiplier was inferred, it is suggested to describe an additional register stage after this function.  If there is no registered adder/accumulator following the multiply function, two pipeline stages are suggested to allow both the MREG and PREG registers to be used.  If the DSP48 was instantiated in the design, it is suggested to set both the MREG and PREG attributes to 1 when performing multiply functions.
Related violations: <none>

DPOP-4#206 Warning
MREG Output pipelining  
DSP SoC_i/VPU_Top_0/inst/u_my_ip/u_axi4_mapping/u_spu/u_vpu_stream8/GEN_ACCUM8[7].u_accum/contribution_mul_w multiplier stage SoC_i/VPU_Top_0/inst/u_my_ip/u_axi4_mapping/u_spu/u_vpu_stream8/GEN_ACCUM8[7].u_accum/contribution_mul_w/P[47:0] is not pipelined (MREG=0). Pipelining the multiplier function will improve performance and will save significant power so it is suggested whenever possible to fully pipeline this function.  If this multiplier was inferred, it is suggested to describe an additional register stage after this function.  If there is no registered adder/accumulator following the multiply function, two pipeline stages are suggested to allow both the MREG and PREG registers to be used.  If the DSP48 was instantiated in the design, it is suggested to set both the MREG and PREG attributes to 1 when performing multiply functions.
Related violations: <none>

DPOP-4#207 Warning
MREG Output pipelining  
DSP SoC_i/VPU_Top_0/inst/u_my_ip/u_axi4_mapping/u_spu/u_vpu_stream8/GEN_ACCUM8[7].u_accum/contribution_mul_w__1 multiplier stage SoC_i/VPU_Top_0/inst/u_my_ip/u_axi4_mapping/u_spu/u_vpu_stream8/GEN_ACCUM8[7].u_accum/contribution_mul_w__1/P[47:0] is not pipelined (MREG=0). Pipelining the multiplier function will improve performance and will save significant power so it is suggested whenever possible to fully pipeline this function.  If this multiplier was inferred, it is suggested to describe an additional register stage after this function.  If there is no registered adder/accumulator following the multiply function, two pipeline stages are suggested to allow both the MREG and PREG registers to be used.  If the DSP48 was instantiated in the design, it is suggested to set both the MREG and PREG attributes to 1 when performing multiply functions.
Related violations: <none>

DPOP-4#208 Warning
MREG Output pipelining  
DSP SoC_i/VPU_Top_0/inst/u_my_ip/u_axi4_mapping/u_spu/u_vpu_stream8/GEN_ACCUM8[7].u_accum/contribution_mul_w__2 multiplier stage SoC_i/VPU_Top_0/inst/u_my_ip/u_axi4_mapping/u_spu/u_vpu_stream8/GEN_ACCUM8[7].u_accum/contribution_mul_w__2/P[47:0] is not pipelined (MREG=0). Pipelining the multiplier function will improve performance and will save significant power so it is suggested whenever possible to fully pipeline this function.  If this multiplier was inferred, it is suggested to describe an additional register stage after this function.  If there is no registered adder/accumulator following the multiply function, two pipeline stages are suggested to allow both the MREG and PREG registers to be used.  If the DSP48 was instantiated in the design, it is suggested to set both the MREG and PREG attributes to 1 when performing multiply functions.
Related violations: <none>

DPOP-4#209 Warning
MREG Output pipelining  
DSP SoC_i/VPU_Top_0/inst/u_my_ip/u_axi4_mapping/u_spu/u_vpu_stream8/GEN_ACCUM8[7].u_accum/product_scale_hh_r_reg multiplier stage SoC_i/VPU_Top_0/inst/u_my_ip/u_axi4_mapping/u_spu/u_vpu_stream8/GEN_ACCUM8[7].u_accum/product_scale_hh_r_reg/P[47:0] is not pipelined (MREG=0). Pipelining the multiplier function will improve performance and will save significant power so it is suggested whenever possible to fully pipeline this function.  If this multiplier was inferred, it is suggested to describe an additional register stage after this function.  If there is no registered adder/accumulator following the multiply function, two pipeline stages are suggested to allow both the MREG and PREG registers to be used.  If the DSP48 was instantiated in the design, it is suggested to set both the MREG and PREG attributes to 1 when performing multiply functions.
Related violations: <none>

DPOP-4#210 Warning
MREG Output pipelining  
DSP SoC_i/VPU_Top_0/inst/u_my_ip/u_axi4_mapping/u_spu/u_vpu_stream8/GEN_ACCUM8[7].u_accum/product_scale_hh_r_reg__0 multiplier stage SoC_i/VPU_Top_0/inst/u_my_ip/u_axi4_mapping/u_spu/u_vpu_stream8/GEN_ACCUM8[7].u_accum/product_scale_hh_r_reg__0/P[47:0] is not pipelined (MREG=0). Pipelining the multiplier function will improve performance and will save significant power so it is suggested whenever possible to fully pipeline this function.  If this multiplier was inferred, it is suggested to describe an additional register stage after this function.  If there is no registered adder/accumulator following the multiply function, two pipeline stages are suggested to allow both the MREG and PREG registers to be used.  If the DSP48 was instantiated in the design, it is suggested to set both the MREG and PREG attributes to 1 when performing multiply functions.
Related violations: <none>

DPOP-4#211 Warning
MREG Output pipelining  
DSP SoC_i/VPU_Top_0/inst/u_my_ip/u_axi4_mapping/u_spu/u_vpu_stream8/GEN_ACCUM8[7].u_accum/product_scale_hh_w multiplier stage SoC_i/VPU_Top_0/inst/u_my_ip/u_axi4_mapping/u_spu/u_vpu_stream8/GEN_ACCUM8[7].u_accum/product_scale_hh_w/P[47:0] is not pipelined (MREG=0). Pipelining the multiplier function will improve performance and will save significant power so it is suggested whenever possible to fully pipeline this function.  If this multiplier was inferred, it is suggested to describe an additional register stage after this function.  If there is no registered adder/accumulator following the multiply function, two pipeline stages are suggested to allow both the MREG and PREG registers to be used.  If the DSP48 was instantiated in the design, it is suggested to set both the MREG and PREG attributes to 1 when performing multiply functions.
Related violations: <none>

DPOP-4#212 Warning
MREG Output pipelining  
DSP SoC_i/VPU_Top_0/inst/u_my_ip/u_axi4_mapping/u_spu/u_vpu_stream8/GEN_ACCUM8[7].u_accum/product_scale_hh_w__0 multiplier stage SoC_i/VPU_Top_0/inst/u_my_ip/u_axi4_mapping/u_spu/u_vpu_stream8/GEN_ACCUM8[7].u_accum/product_scale_hh_w__0/P[47:0] is not pipelined (MREG=0). Pipelining the multiplier function will improve performance and will save significant power so it is suggested whenever possible to fully pipeline this function.  If this multiplier was inferred, it is suggested to describe an additional register stage after this function.  If there is no registered adder/accumulator following the multiply function, two pipeline stages are suggested to allow both the MREG and PREG registers to be used.  If the DSP48 was instantiated in the design, it is suggested to set both the MREG and PREG attributes to 1 when performing multiply functions.
Related violations: <none>

DPOP-4#213 Warning
MREG Output pipelining  
DSP SoC_i/VPU_Top_0/inst/u_my_ip/u_axi4_mapping/u_spu/u_vpu_stream8/GEN_ACCUM8[7].u_accum/product_scale_hl_r_reg multiplier stage SoC_i/VPU_Top_0/inst/u_my_ip/u_axi4_mapping/u_spu/u_vpu_stream8/GEN_ACCUM8[7].u_accum/product_scale_hl_r_reg/P[47:0] is not pipelined (MREG=0). Pipelining the multiplier function will improve performance and will save significant power so it is suggested whenever possible to fully pipeline this function.  If this multiplier was inferred, it is suggested to describe an additional register stage after this function.  If there is no registered adder/accumulator following the multiply function, two pipeline stages are suggested to allow both the MREG and PREG registers to be used.  If the DSP48 was instantiated in the design, it is suggested to set both the MREG and PREG attributes to 1 when performing multiply functions.
Related violations: <none>

DPOP-4#214 Warning
MREG Output pipelining  
DSP SoC_i/VPU_Top_0/inst/u_my_ip/u_axi4_mapping/u_spu/u_vpu_stream8/GEN_ACCUM8[7].u_accum/product_scale_hl_r_reg__0 multiplier stage SoC_i/VPU_Top_0/inst/u_my_ip/u_axi4_mapping/u_spu/u_vpu_stream8/GEN_ACCUM8[7].u_accum/product_scale_hl_r_reg__0/P[47:0] is not pipelined (MREG=0). Pipelining the multiplier function will improve performance and will save significant power so it is suggested whenever possible to fully pipeline this function.  If this multiplier was inferred, it is suggested to describe an additional register stage after this function.  If there is no registered adder/accumulator following the multiply function, two pipeline stages are suggested to allow both the MREG and PREG registers to be used.  If the DSP48 was instantiated in the design, it is suggested to set both the MREG and PREG attributes to 1 when performing multiply functions.
Related violations: <none>

DPOP-4#215 Warning
MREG Output pipelining  
DSP SoC_i/VPU_Top_0/inst/u_my_ip/u_axi4_mapping/u_spu/u_vpu_stream8/GEN_ACCUM8[7].u_accum/product_scale_hl_w multiplier stage SoC_i/VPU_Top_0/inst/u_my_ip/u_axi4_mapping/u_spu/u_vpu_stream8/GEN_ACCUM8[7].u_accum/product_scale_hl_w/P[47:0] is not pipelined (MREG=0). Pipelining the multiplier function will improve performance and will save significant power so it is suggested whenever possible to fully pipeline this function.  If this multiplier was inferred, it is suggested to describe an additional register stage after this function.  If there is no registered adder/accumulator following the multiply function, two pipeline stages are suggested to allow both the MREG and PREG registers to be used.  If the DSP48 was instantiated in the design, it is suggested to set both the MREG and PREG attributes to 1 when performing multiply functions.
Related violations: <none>

DPOP-4#216 Warning
MREG Output pipelining  
DSP SoC_i/VPU_Top_0/inst/u_my_ip/u_axi4_mapping/u_spu/u_vpu_stream8/GEN_ACCUM8[7].u_accum/product_scale_hl_w__0 multiplier stage SoC_i/VPU_Top_0/inst/u_my_ip/u_axi4_mapping/u_spu/u_vpu_stream8/GEN_ACCUM8[7].u_accum/product_scale_hl_w__0/P[47:0] is not pipelined (MREG=0). Pipelining the multiplier function will improve performance and will save significant power so it is suggested whenever possible to fully pipeline this function.  If this multiplier was inferred, it is suggested to describe an additional register stage after this function.  If there is no registered adder/accumulator following the multiply function, two pipeline stages are suggested to allow both the MREG and PREG registers to be used.  If the DSP48 was instantiated in the design, it is suggested to set both the MREG and PREG attributes to 1 when performing multiply functions.
Related violations: <none>

DPOP-4#217 Warning
MREG Output pipelining  
DSP SoC_i/VPU_Top_0/inst/u_my_ip/u_axi4_mapping/u_spu/u_vpu_stream8/GEN_ACCUM8[7].u_accum/product_scale_lh_r_reg multiplier stage SoC_i/VPU_Top_0/inst/u_my_ip/u_axi4_mapping/u_spu/u_vpu_stream8/GEN_ACCUM8[7].u_accum/product_scale_lh_r_reg/P[47:0] is not pipelined (MREG=0). Pipelining the multiplier function will improve performance and will save significant power so it is suggested whenever possible to fully pipeline this function.  If this multiplier was inferred, it is suggested to describe an additional register stage after this function.  If there is no registered adder/accumulator following the multiply function, two pipeline stages are suggested to allow both the MREG and PREG registers to be used.  If the DSP48 was instantiated in the design, it is suggested to set both the MREG and PREG attributes to 1 when performing multiply functions.
Related violations: <none>

DPOP-4#218 Warning
MREG Output pipelining  
DSP SoC_i/VPU_Top_0/inst/u_my_ip/u_axi4_mapping/u_spu/u_vpu_stream8/GEN_ACCUM8[7].u_accum/product_scale_lh_r_reg__0 multiplier stage SoC_i/VPU_Top_0/inst/u_my_ip/u_axi4_mapping/u_spu/u_vpu_stream8/GEN_ACCUM8[7].u_accum/product_scale_lh_r_reg__0/P[47:0] is not pipelined (MREG=0). Pipelining the multiplier function will improve performance and will save significant power so it is suggested whenever possible to fully pipeline this function.  If this multiplier was inferred, it is suggested to describe an additional register stage after this function.  If there is no registered adder/accumulator following the multiply function, two pipeline stages are suggested to allow both the MREG and PREG registers to be used.  If the DSP48 was instantiated in the design, it is suggested to set both the MREG and PREG attributes to 1 when performing multiply functions.
Related violations: <none>

DPOP-4#219 Warning
MREG Output pipelining  
DSP SoC_i/VPU_Top_0/inst/u_my_ip/u_axi4_mapping/u_spu/u_vpu_stream8/GEN_ACCUM8[7].u_accum/product_scale_lh_w multiplier stage SoC_i/VPU_Top_0/inst/u_my_ip/u_axi4_mapping/u_spu/u_vpu_stream8/GEN_ACCUM8[7].u_accum/product_scale_lh_w/P[47:0] is not pipelined (MREG=0). Pipelining the multiplier function will improve performance and will save significant power so it is suggested whenever possible to fully pipeline this function.  If this multiplier was inferred, it is suggested to describe an additional register stage after this function.  If there is no registered adder/accumulator following the multiply function, two pipeline stages are suggested to allow both the MREG and PREG registers to be used.  If the DSP48 was instantiated in the design, it is suggested to set both the MREG and PREG attributes to 1 when performing multiply functions.
Related violations: <none>

DPOP-4#220 Warning
MREG Output pipelining  
DSP SoC_i/VPU_Top_0/inst/u_my_ip/u_axi4_mapping/u_spu/u_vpu_stream8/GEN_ACCUM8[7].u_accum/product_scale_lh_w__0 multiplier stage SoC_i/VPU_Top_0/inst/u_my_ip/u_axi4_mapping/u_spu/u_vpu_stream8/GEN_ACCUM8[7].u_accum/product_scale_lh_w__0/P[47:0] is not pipelined (MREG=0). Pipelining the multiplier function will improve performance and will save significant power so it is suggested whenever possible to fully pipeline this function.  If this multiplier was inferred, it is suggested to describe an additional register stage after this function.  If there is no registered adder/accumulator following the multiply function, two pipeline stages are suggested to allow both the MREG and PREG registers to be used.  If the DSP48 was instantiated in the design, it is suggested to set both the MREG and PREG attributes to 1 when performing multiply functions.
Related violations: <none>

DPOP-4#221 Warning
MREG Output pipelining  
DSP SoC_i/VPU_Top_0/inst/u_my_ip/u_axi4_mapping/u_spu/u_vpu_stream8/GEN_ACCUM8[7].u_accum/product_scale_ll_r_reg multiplier stage SoC_i/VPU_Top_0/inst/u_my_ip/u_axi4_mapping/u_spu/u_vpu_stream8/GEN_ACCUM8[7].u_accum/product_scale_ll_r_reg/P[47:0] is not pipelined (MREG=0). Pipelining the multiplier function will improve performance and will save significant power so it is suggested whenever possible to fully pipeline this function.  If this multiplier was inferred, it is suggested to describe an additional register stage after this function.  If there is no registered adder/accumulator following the multiply function, two pipeline stages are suggested to allow both the MREG and PREG registers to be used.  If the DSP48 was instantiated in the design, it is suggested to set both the MREG and PREG attributes to 1 when performing multiply functions.
Related violations: <none>

DPOP-4#222 Warning
MREG Output pipelining  
DSP SoC_i/VPU_Top_0/inst/u_my_ip/u_axi4_mapping/u_spu/u_vpu_stream8/GEN_ACCUM8[7].u_accum/product_scale_ll_r_reg__0 multiplier stage SoC_i/VPU_Top_0/inst/u_my_ip/u_axi4_mapping/u_spu/u_vpu_stream8/GEN_ACCUM8[7].u_accum/product_scale_ll_r_reg__0/P[47:0] is not pipelined (MREG=0). Pipelining the multiplier function will improve performance and will save significant power so it is suggested whenever possible to fully pipeline this function.  If this multiplier was inferred, it is suggested to describe an additional register stage after this function.  If there is no registered adder/accumulator following the multiply function, two pipeline stages are suggested to allow both the MREG and PREG registers to be used.  If the DSP48 was instantiated in the design, it is suggested to set both the MREG and PREG attributes to 1 when performing multiply functions.
Related violations: <none>

DPOP-4#223 Warning
MREG Output pipelining  
DSP SoC_i/VPU_Top_0/inst/u_my_ip/u_axi4_mapping/u_spu/u_vpu_stream8/GEN_ACCUM8[7].u_accum/product_scale_ll_w multiplier stage SoC_i/VPU_Top_0/inst/u_my_ip/u_axi4_mapping/u_spu/u_vpu_stream8/GEN_ACCUM8[7].u_accum/product_scale_ll_w/P[47:0] is not pipelined (MREG=0). Pipelining the multiplier function will improve performance and will save significant power so it is suggested whenever possible to fully pipeline this function.  If this multiplier was inferred, it is suggested to describe an additional register stage after this function.  If there is no registered adder/accumulator following the multiply function, two pipeline stages are suggested to allow both the MREG and PREG registers to be used.  If the DSP48 was instantiated in the design, it is suggested to set both the MREG and PREG attributes to 1 when performing multiply functions.
Related violations: <none>

DPOP-4#224 Warning
MREG Output pipelining  
DSP SoC_i/VPU_Top_0/inst/u_my_ip/u_axi4_mapping/u_spu/u_vpu_stream8/GEN_ACCUM8[7].u_accum/product_scale_ll_w__0 multiplier stage SoC_i/VPU_Top_0/inst/u_my_ip/u_axi4_mapping/u_spu/u_vpu_stream8/GEN_ACCUM8[7].u_accum/product_scale_ll_w__0/P[47:0] is not pipelined (MREG=0). Pipelining the multiplier function will improve performance and will save significant power so it is suggested whenever possible to fully pipeline this function.  If this multiplier was inferred, it is suggested to describe an additional register stage after this function.  If there is no registered adder/accumulator following the multiply function, two pipeline stages are suggested to allow both the MREG and PREG registers to be used.  If the DSP48 was instantiated in the design, it is suggested to set both the MREG and PREG attributes to 1 when performing multiply functions.
Related violations: <none>

DPOP-4#225 Warning
MREG Output pipelining  
DSP SoC_i/VPU_Top_0/inst/u_my_ip/u_axi4_mapping/u_spu/u_vpu_stream_pair_scale_accum/product_scale_hh_w multiplier stage SoC_i/VPU_Top_0/inst/u_my_ip/u_axi4_mapping/u_spu/u_vpu_stream_pair_scale_accum/product_scale_hh_w/P[47:0] is not pipelined (MREG=0). Pipelining the multiplier function will improve performance and will save significant power so it is suggested whenever possible to fully pipeline this function.  If this multiplier was inferred, it is suggested to describe an additional register stage after this function.  If there is no registered adder/accumulator following the multiply function, two pipeline stages are suggested to allow both the MREG and PREG registers to be used.  If the DSP48 was instantiated in the design, it is suggested to set both the MREG and PREG attributes to 1 when performing multiply functions.
Related violations: <none>

DPOP-4#226 Warning
MREG Output pipelining  
DSP SoC_i/VPU_Top_0/inst/u_my_ip/u_axi4_mapping/u_spu/u_vpu_stream_pair_scale_accum/product_scale_hh_w__0 multiplier stage SoC_i/VPU_Top_0/inst/u_my_ip/u_axi4_mapping/u_spu/u_vpu_stream_pair_scale_accum/product_scale_hh_w__0/P[47:0] is not pipelined (MREG=0). Pipelining the multiplier function will improve performance and will save significant power so it is suggested whenever possible to fully pipeline this function.  If this multiplier was inferred, it is suggested to describe an additional register stage after this function.  If there is no registered adder/accumulator following the multiply function, two pipeline stages are suggested to allow both the MREG and PREG registers to be used.  If the DSP48 was instantiated in the design, it is suggested to set both the MREG and PREG attributes to 1 when performing multiply functions.
Related violations: <none>

DPOP-4#227 Warning
MREG Output pipelining  
DSP SoC_i/VPU_Top_0/inst/u_my_ip/u_axi4_mapping/u_spu/u_vpu_stream_pair_scale_accum/product_scale_hl_w multiplier stage SoC_i/VPU_Top_0/inst/u_my_ip/u_axi4_mapping/u_spu/u_vpu_stream_pair_scale_accum/product_scale_hl_w/P[47:0] is not pipelined (MREG=0). Pipelining the multiplier function will improve performance and will save significant power so it is suggested whenever possible to fully pipeline this function.  If this multiplier was inferred, it is suggested to describe an additional register stage after this function.  If there is no registered adder/accumulator following the multiply function, two pipeline stages are suggested to allow both the MREG and PREG registers to be used.  If the DSP48 was instantiated in the design, it is suggested to set both the MREG and PREG attributes to 1 when performing multiply functions.
Related violations: <none>

DPOP-4#228 Warning
MREG Output pipelining  
DSP SoC_i/VPU_Top_0/inst/u_my_ip/u_axi4_mapping/u_spu/u_vpu_stream_pair_scale_accum/product_scale_hl_w__0 multiplier stage SoC_i/VPU_Top_0/inst/u_my_ip/u_axi4_mapping/u_spu/u_vpu_stream_pair_scale_accum/product_scale_hl_w__0/P[47:0] is not pipelined (MREG=0). Pipelining the multiplier function will improve performance and will save significant power so it is suggested whenever possible to fully pipeline this function.  If this multiplier was inferred, it is suggested to describe an additional register stage after this function.  If there is no registered adder/accumulator following the multiply function, two pipeline stages are suggested to allow both the MREG and PREG registers to be used.  If the DSP48 was instantiated in the design, it is suggested to set both the MREG and PREG attributes to 1 when performing multiply functions.
Related violations: <none>

DPOP-4#229 Warning
MREG Output pipelining  
DSP SoC_i/VPU_Top_0/inst/u_my_ip/u_axi4_mapping/u_spu/u_vpu_stream_pair_scale_accum/product_scale_lh_w multiplier stage SoC_i/VPU_Top_0/inst/u_my_ip/u_axi4_mapping/u_spu/u_vpu_stream_pair_scale_accum/product_scale_lh_w/P[47:0] is not pipelined (MREG=0). Pipelining the multiplier function will improve performance and will save significant power so it is suggested whenever possible to fully pipeline this function.  If this multiplier was inferred, it is suggested to describe an additional register stage after this function.  If there is no registered adder/accumulator following the multiply function, two pipeline stages are suggested to allow both the MREG and PREG registers to be used.  If the DSP48 was instantiated in the design, it is suggested to set both the MREG and PREG attributes to 1 when performing multiply functions.
Related violations: <none>

DPOP-4#230 Warning
MREG Output pipelining  
DSP SoC_i/VPU_Top_0/inst/u_my_ip/u_axi4_mapping/u_spu/u_vpu_stream_pair_scale_accum/product_scale_lh_w__0 multiplier stage SoC_i/VPU_Top_0/inst/u_my_ip/u_axi4_mapping/u_spu/u_vpu_stream_pair_scale_accum/product_scale_lh_w__0/P[47:0] is not pipelined (MREG=0). Pipelining the multiplier function will improve performance and will save significant power so it is suggested whenever possible to fully pipeline this function.  If this multiplier was inferred, it is suggested to describe an additional register stage after this function.  If there is no registered adder/accumulator following the multiply function, two pipeline stages are suggested to allow both the MREG and PREG registers to be used.  If the DSP48 was instantiated in the design, it is suggested to set both the MREG and PREG attributes to 1 when performing multiply functions.
Related violations: <none>

DPOP-4#231 Warning
MREG Output pipelining  
DSP SoC_i/VPU_Top_0/inst/u_my_ip/u_axi4_mapping/u_spu/u_vpu_stream_pair_scale_accum/product_scale_ll_w multiplier stage SoC_i/VPU_Top_0/inst/u_my_ip/u_axi4_mapping/u_spu/u_vpu_stream_pair_scale_accum/product_scale_ll_w/P[47:0] is not pipelined (MREG=0). Pipelining the multiplier function will improve performance and will save significant power so it is suggested whenever possible to fully pipeline this function.  If this multiplier was inferred, it is suggested to describe an additional register stage after this function.  If there is no registered adder/accumulator following the multiply function, two pipeline stages are suggested to allow both the MREG and PREG registers to be used.  If the DSP48 was instantiated in the design, it is suggested to set both the MREG and PREG attributes to 1 when performing multiply functions.
Related violations: <none>

DPOP-4#232 Warning
MREG Output pipelining  
DSP SoC_i/VPU_Top_0/inst/u_my_ip/u_axi4_mapping/u_spu/u_vpu_stream_pair_scale_accum/product_scale_ll_w__0 multiplier stage SoC_i/VPU_Top_0/inst/u_my_ip/u_axi4_mapping/u_spu/u_vpu_stream_pair_scale_accum/product_scale_ll_w__0/P[47:0] is not pipelined (MREG=0). Pipelining the multiplier function will improve performance and will save significant power so it is suggested whenever possible to fully pipeline this function.  If this multiplier was inferred, it is suggested to describe an additional register stage after this function.  If there is no registered adder/accumulator following the multiply function, two pipeline stages are suggested to allow both the MREG and PREG registers to be used.  If the DSP48 was instantiated in the design, it is suggested to set both the MREG and PREG attributes to 1 when performing multiply functions.
Related violations: <none>

DPOP-4#233 Warning
MREG Output pipelining  
DSP SoC_i/VPU_Top_0/inst/u_my_ip/u_axi4_mapping/u_spu/u_vpu_stream_scale_accum/product_scale_hh_r_reg__0 multiplier stage SoC_i/VPU_Top_0/inst/u_my_ip/u_axi4_mapping/u_spu/u_vpu_stream_scale_accum/product_scale_hh_r_reg__0/P[47:0] is not pipelined (MREG=0). Pipelining the multiplier function will improve performance and will save significant power so it is suggested whenever possible to fully pipeline this function.  If this multiplier was inferred, it is suggested to describe an additional register stage after this function.  If there is no registered adder/accumulator following the multiply function, two pipeline stages are suggested to allow both the MREG and PREG registers to be used.  If the DSP48 was instantiated in the design, it is suggested to set both the MREG and PREG attributes to 1 when performing multiply functions.
Related violations: <none>

DPOP-4#234 Warning
MREG Output pipelining  
DSP SoC_i/VPU_Top_0/inst/u_my_ip/u_axi4_mapping/u_spu/u_vpu_stream_scale_accum/product_scale_hh_w multiplier stage SoC_i/VPU_Top_0/inst/u_my_ip/u_axi4_mapping/u_spu/u_vpu_stream_scale_accum/product_scale_hh_w/P[47:0] is not pipelined (MREG=0). Pipelining the multiplier function will improve performance and will save significant power so it is suggested whenever possible to fully pipeline this function.  If this multiplier was inferred, it is suggested to describe an additional register stage after this function.  If there is no registered adder/accumulator following the multiply function, two pipeline stages are suggested to allow both the MREG and PREG registers to be used.  If the DSP48 was instantiated in the design, it is suggested to set both the MREG and PREG attributes to 1 when performing multiply functions.
Related violations: <none>

DPOP-4#235 Warning
MREG Output pipelining  
DSP SoC_i/VPU_Top_0/inst/u_my_ip/u_axi4_mapping/u_spu/u_vpu_stream_scale_accum/product_scale_hh_w__0 multiplier stage SoC_i/VPU_Top_0/inst/u_my_ip/u_axi4_mapping/u_spu/u_vpu_stream_scale_accum/product_scale_hh_w__0/P[47:0] is not pipelined (MREG=0). Pipelining the multiplier function will improve performance and will save significant power so it is suggested whenever possible to fully pipeline this function.  If this multiplier was inferred, it is suggested to describe an additional register stage after this function.  If there is no registered adder/accumulator following the multiply function, two pipeline stages are suggested to allow both the MREG and PREG registers to be used.  If the DSP48 was instantiated in the design, it is suggested to set both the MREG and PREG attributes to 1 when performing multiply functions.
Related violations: <none>

DPOP-4#236 Warning
MREG Output pipelining  
DSP SoC_i/VPU_Top_0/inst/u_my_ip/u_axi4_mapping/u_spu/u_vpu_stream_scale_accum/product_scale_hl_r_reg multiplier stage SoC_i/VPU_Top_0/inst/u_my_ip/u_axi4_mapping/u_spu/u_vpu_stream_scale_accum/product_scale_hl_r_reg/P[47:0] is not pipelined (MREG=0). Pipelining the multiplier function will improve performance and will save significant power so it is suggested whenever possible to fully pipeline this function.  If this multiplier was inferred, it is suggested to describe an additional register stage after this function.  If there is no registered adder/accumulator following the multiply function, two pipeline stages are suggested to allow both the MREG and PREG registers to be used.  If the DSP48 was instantiated in the design, it is suggested to set both the MREG and PREG attributes to 1 when performing multiply functions.
Related violations: <none>

DPOP-4#237 Warning
MREG Output pipelining  
DSP SoC_i/VPU_Top_0/inst/u_my_ip/u_axi4_mapping/u_spu/u_vpu_stream_scale_accum/product_scale_hl_r_reg__0 multiplier stage SoC_i/VPU_Top_0/inst/u_my_ip/u_axi4_mapping/u_spu/u_vpu_stream_scale_accum/product_scale_hl_r_reg__0/P[47:0] is not pipelined (MREG=0). Pipelining the multiplier function will improve performance and will save significant power so it is suggested whenever possible to fully pipeline this function.  If this multiplier was inferred, it is suggested to describe an additional register stage after this function.  If there is no registered adder/accumulator following the multiply function, two pipeline stages are suggested to allow both the MREG and PREG registers to be used.  If the DSP48 was instantiated in the design, it is suggested to set both the MREG and PREG attributes to 1 when performing multiply functions.
Related violations: <none>

DPOP-4#238 Warning
MREG Output pipelining  
DSP SoC_i/VPU_Top_0/inst/u_my_ip/u_axi4_mapping/u_spu/u_vpu_stream_scale_accum/product_scale_hl_w multiplier stage SoC_i/VPU_Top_0/inst/u_my_ip/u_axi4_mapping/u_spu/u_vpu_stream_scale_accum/product_scale_hl_w/P[47:0] is not pipelined (MREG=0). Pipelining the multiplier function will improve performance and will save significant power so it is suggested whenever possible to fully pipeline this function.  If this multiplier was inferred, it is suggested to describe an additional register stage after this function.  If there is no registered adder/accumulator following the multiply function, two pipeline stages are suggested to allow both the MREG and PREG registers to be used.  If the DSP48 was instantiated in the design, it is suggested to set both the MREG and PREG attributes to 1 when performing multiply functions.
Related violations: <none>

DPOP-4#239 Warning
MREG Output pipelining  
DSP SoC_i/VPU_Top_0/inst/u_my_ip/u_axi4_mapping/u_spu/u_vpu_stream_scale_accum/product_scale_hl_w__0 multiplier stage SoC_i/VPU_Top_0/inst/u_my_ip/u_axi4_mapping/u_spu/u_vpu_stream_scale_accum/product_scale_hl_w__0/P[47:0] is not pipelined (MREG=0). Pipelining the multiplier function will improve performance and will save significant power so it is suggested whenever possible to fully pipeline this function.  If this multiplier was inferred, it is suggested to describe an additional register stage after this function.  If there is no registered adder/accumulator following the multiply function, two pipeline stages are suggested to allow both the MREG and PREG registers to be used.  If the DSP48 was instantiated in the design, it is suggested to set both the MREG and PREG attributes to 1 when performing multiply functions.
Related violations: <none>

DPOP-4#240 Warning
MREG Output pipelining  
DSP SoC_i/VPU_Top_0/inst/u_my_ip/u_axi4_mapping/u_spu/u_vpu_stream_scale_accum/product_scale_lh_r_reg multiplier stage SoC_i/VPU_Top_0/inst/u_my_ip/u_axi4_mapping/u_spu/u_vpu_stream_scale_accum/product_scale_lh_r_reg/P[47:0] is not pipelined (MREG=0). Pipelining the multiplier function will improve performance and will save significant power so it is suggested whenever possible to fully pipeline this function.  If this multiplier was inferred, it is suggested to describe an additional register stage after this function.  If there is no registered adder/accumulator following the multiply function, two pipeline stages are suggested to allow both the MREG and PREG registers to be used.  If the DSP48 was instantiated in the design, it is suggested to set both the MREG and PREG attributes to 1 when performing multiply functions.
Related violations: <none>

DPOP-4#241 Warning
MREG Output pipelining  
DSP SoC_i/VPU_Top_0/inst/u_my_ip/u_axi4_mapping/u_spu/u_vpu_stream_scale_accum/product_scale_lh_r_reg__0 multiplier stage SoC_i/VPU_Top_0/inst/u_my_ip/u_axi4_mapping/u_spu/u_vpu_stream_scale_accum/product_scale_lh_r_reg__0/P[47:0] is not pipelined (MREG=0). Pipelining the multiplier function will improve performance and will save significant power so it is suggested whenever possible to fully pipeline this function.  If this multiplier was inferred, it is suggested to describe an additional register stage after this function.  If there is no registered adder/accumulator following the multiply function, two pipeline stages are suggested to allow both the MREG and PREG registers to be used.  If the DSP48 was instantiated in the design, it is suggested to set both the MREG and PREG attributes to 1 when performing multiply functions.
Related violations: <none>

DPOP-4#242 Warning
MREG Output pipelining  
DSP SoC_i/VPU_Top_0/inst/u_my_ip/u_axi4_mapping/u_spu/u_vpu_stream_scale_accum/product_scale_lh_w multiplier stage SoC_i/VPU_Top_0/inst/u_my_ip/u_axi4_mapping/u_spu/u_vpu_stream_scale_accum/product_scale_lh_w/P[47:0] is not pipelined (MREG=0). Pipelining the multiplier function will improve performance and will save significant power so it is suggested whenever possible to fully pipeline this function.  If this multiplier was inferred, it is suggested to describe an additional register stage after this function.  If there is no registered adder/accumulator following the multiply function, two pipeline stages are suggested to allow both the MREG and PREG registers to be used.  If the DSP48 was instantiated in the design, it is suggested to set both the MREG and PREG attributes to 1 when performing multiply functions.
Related violations: <none>

DPOP-4#243 Warning
MREG Output pipelining  
DSP SoC_i/VPU_Top_0/inst/u_my_ip/u_axi4_mapping/u_spu/u_vpu_stream_scale_accum/product_scale_lh_w__0 multiplier stage SoC_i/VPU_Top_0/inst/u_my_ip/u_axi4_mapping/u_spu/u_vpu_stream_scale_accum/product_scale_lh_w__0/P[47:0] is not pipelined (MREG=0). Pipelining the multiplier function will improve performance and will save significant power so it is suggested whenever possible to fully pipeline this function.  If this multiplier was inferred, it is suggested to describe an additional register stage after this function.  If there is no registered adder/accumulator following the multiply function, two pipeline stages are suggested to allow both the MREG and PREG registers to be used.  If the DSP48 was instantiated in the design, it is suggested to set both the MREG and PREG attributes to 1 when performing multiply functions.
Related violations: <none>

DPOP-4#244 Warning
MREG Output pipelining  
DSP SoC_i/VPU_Top_0/inst/u_my_ip/u_axi4_mapping/u_spu/u_vpu_stream_scale_accum/product_scale_ll_r_reg multiplier stage SoC_i/VPU_Top_0/inst/u_my_ip/u_axi4_mapping/u_spu/u_vpu_stream_scale_accum/product_scale_ll_r_reg/P[47:0] is not pipelined (MREG=0). Pipelining the multiplier function will improve performance and will save significant power so it is suggested whenever possible to fully pipeline this function.  If this multiplier was inferred, it is suggested to describe an additional register stage after this function.  If there is no registered adder/accumulator following the multiply function, two pipeline stages are suggested to allow both the MREG and PREG registers to be used.  If the DSP48 was instantiated in the design, it is suggested to set both the MREG and PREG attributes to 1 when performing multiply functions.
Related violations: <none>

DPOP-4#245 Warning
MREG Output pipelining  
DSP SoC_i/VPU_Top_0/inst/u_my_ip/u_axi4_mapping/u_spu/u_vpu_stream_scale_accum/product_scale_ll_r_reg__0 multiplier stage SoC_i/VPU_Top_0/inst/u_my_ip/u_axi4_mapping/u_spu/u_vpu_stream_scale_accum/product_scale_ll_r_reg__0/P[47:0] is not pipelined (MREG=0). Pipelining the multiplier function will improve performance and will save significant power so it is suggested whenever possible to fully pipeline this function.  If this multiplier was inferred, it is suggested to describe an additional register stage after this function.  If there is no registered adder/accumulator following the multiply function, two pipeline stages are suggested to allow both the MREG and PREG registers to be used.  If the DSP48 was instantiated in the design, it is suggested to set both the MREG and PREG attributes to 1 when performing multiply functions.
Related violations: <none>

DPOP-4#246 Warning
MREG Output pipelining  
DSP SoC_i/VPU_Top_0/inst/u_my_ip/u_axi4_mapping/u_spu/u_vpu_stream_scale_accum/product_scale_ll_w multiplier stage SoC_i/VPU_Top_0/inst/u_my_ip/u_axi4_mapping/u_spu/u_vpu_stream_scale_accum/product_scale_ll_w/P[47:0] is not pipelined (MREG=0). Pipelining the multiplier function will improve performance and will save significant power so it is suggested whenever possible to fully pipeline this function.  If this multiplier was inferred, it is suggested to describe an additional register stage after this function.  If there is no registered adder/accumulator following the multiply function, two pipeline stages are suggested to allow both the MREG and PREG registers to be used.  If the DSP48 was instantiated in the design, it is suggested to set both the MREG and PREG attributes to 1 when performing multiply functions.
Related violations: <none>

DPOP-4#247 Warning
MREG Output pipelining  
DSP SoC_i/VPU_Top_0/inst/u_my_ip/u_axi4_mapping/u_spu/u_vpu_stream_scale_accum/product_scale_ll_w__0 multiplier stage SoC_i/VPU_Top_0/inst/u_my_ip/u_axi4_mapping/u_spu/u_vpu_stream_scale_accum/product_scale_ll_w__0/P[47:0] is not pipelined (MREG=0). Pipelining the multiplier function will improve performance and will save significant power so it is suggested whenever possible to fully pipeline this function.  If this multiplier was inferred, it is suggested to describe an additional register stage after this function.  If there is no registered adder/accumulator following the multiply function, two pipeline stages are suggested to allow both the MREG and PREG registers to be used.  If the DSP48 was instantiated in the design, it is suggested to set both the MREG and PREG attributes to 1 when performing multiply functions.
Related violations: <none>


